datetime,trend_label,pred_label,prob_down,prob_range,prob_up
2025-01-02 09:00:00,-1.0,,,,
2025-01-02 10:00:00,-1.0,,,,
2025-01-02 11:00:00,-1.0,,,,
2025-01-02 13:00:00,-1.0,,,,
2025-01-02 14:00:00,-1.0,,,,
2025-01-02 15:00:00,-1.0,,,,
2025-01-02 21:00:00,-1.0,,,,
2025-01-02 22:00:00,-1.0,,,,
2025-01-02 23:00:00,-1.0,,,,
2025-01-03 09:00:00,-1.0,,,,
2025-01-03 10:00:00,-1.0,,,,
2025-01-03 11:00:00,-1.0,,,,
2025-01-03 13:00:00,-1.0,,,,
2025-01-03 14:00:00,-1.0,,,,
2025-01-03 15:00:00,-1.0,,,,
2025-01-03 21:00:00,-1.0,,,,
2025-01-03 22:00:00,-1.0,,,,
2025-01-03 23:00:00,-1.0,,,,
2025-01-06 09:00:00,-1.0,,,,
2025-01-06 10:00:00,-1.0,,,,
2025-01-06 11:00:00,-1.0,,,,
2025-01-06 13:00:00,-1.0,,,,
2025-01-06 14:00:00,-1.0,,,,
2025-01-06 15:00:00,-1.0,,,,
2025-01-06 21:00:00,-1.0,,,,
2025-01-06 22:00:00,-1.0,,,,
2025-01-06 23:00:00,-1.0,,,,
2025-01-07 09:00:00,-1.0,,,,
2025-01-07 10:00:00,-1.0,,,,
2025-01-07 11:00:00,-1.0,,,,
2025-01-07 13:00:00,-1.0,,,,
2025-01-07 14:00:00,-1.0,,,,
2025-01-07 15:00:00,-1.0,,,,
2025-01-07 21:00:00,-1.0,,,,
2025-01-07 22:00:00,-1.0,,,,
2025-01-07 23:00:00,-1.0,,,,
2025-01-08 09:00:00,-1.0,,,,
2025-01-08 10:00:00,-1.0,,,,
2025-01-08 11:00:00,0.0,,,,
2025-01-08 13:00:00,-1.0,,,,
2025-01-08 14:00:00,0.0,,,,
2025-01-08 15:00:00,1.0,,,,
2025-01-08 21:00:00,1.0,,,,
2025-01-08 22:00:00,1.0,,,,
2025-01-08 23:00:00,1.0,,,,
2025-01-09 09:00:00,1.0,,,,
2025-01-09 10:00:00,1.0,,,,
2025-01-09 11:00:00,1.0,,,,
2025-01-09 13:00:00,1.0,,,,
2025-01-09 14:00:00,1.0,,,,
2025-01-09 15:00:00,1.0,,,,
2025-01-09 21:00:00,1.0,,,,
2025-01-09 22:00:00,1.0,,,,
2025-01-09 23:00:00,1.0,,,,
2025-01-10 09:00:00,1.0,,,,
2025-01-10 10:00:00,1.0,,,,
2025-01-10 11:00:00,1.0,,,,
2025-01-10 13:00:00,1.0,,,,
2025-01-10 14:00:00,1.0,,,,
2025-01-10 15:00:00,1.0,,,,
2025-01-10 21:00:00,1.0,,,,
2025-01-10 22:00:00,1.0,,,,
2025-01-10 23:00:00,1.0,,,,
2025-01-13 09:00:00,1.0,,,,
2025-01-13 10:00:00,1.0,,,,
2025-01-13 11:00:00,1.0,,,,
2025-01-13 13:00:00,1.0,,,,
2025-01-13 14:00:00,1.0,,,,
2025-01-13 15:00:00,1.0,,,,
2025-01-13 21:00:00,1.0,,,,
2025-01-13 22:00:00,1.0,,,,
2025-01-13 23:00:00,1.0,,,,
2025-01-14 09:00:00,1.0,,,,
2025-01-14 10:00:00,1.0,,,,
2025-01-14 11:00:00,1.0,,,,
2025-01-14 13:00:00,1.0,,,,
2025-01-14 14:00:00,1.0,,,,
2025-01-14 15:00:00,1.0,,,,
2025-01-14 21:00:00,1.0,,,,
2025-01-14 22:00:00,1.0,,,,
2025-01-14 23:00:00,1.0,,,,
2025-01-15 09:00:00,1.0,,,,
2025-01-15 10:00:00,1.0,,,,
2025-01-15 11:00:00,1.0,,,,
2025-01-15 13:00:00,1.0,,,,
2025-01-15 14:00:00,1.0,,,,
2025-01-15 15:00:00,1.0,,,,
2025-01-15 21:00:00,1.0,,,,
2025-01-15 22:00:00,1.0,,,,
2025-01-15 23:00:00,1.0,,,,
2025-01-16 09:00:00,1.0,,,,
2025-01-16 10:00:00,1.0,,,,
2025-01-16 11:00:00,1.0,,,,
2025-01-16 13:00:00,1.0,,,,
2025-01-16 14:00:00,1.0,,,,
2025-01-16 15:00:00,1.0,,,,
2025-01-16 21:00:00,1.0,,,,
2025-01-16 22:00:00,1.0,,,,
2025-01-16 23:00:00,1.0,,,,
2025-01-17 09:00:00,1.0,,,,
2025-01-17 10:00:00,1.0,,,,
2025-01-17 11:00:00,0.0,,,,
2025-01-17 13:00:00,0.0,,,,
2025-01-17 14:00:00,-1.0,,,,
2025-01-17 15:00:00,-1.0,,,,
2025-01-17 21:00:00,-1.0,,,,
2025-01-17 22:00:00,-1.0,,,,
2025-01-17 23:00:00,-1.0,,,,
2025-01-20 09:00:00,-1.0,,,,
2025-01-20 10:00:00,-1.0,,,,
2025-01-20 11:00:00,-1.0,,,,
2025-01-20 13:00:00,-1.0,,,,
2025-01-20 14:00:00,0.0,,,,
2025-01-20 15:00:00,0.0,,,,
2025-01-20 21:00:00,-1.0,,,,
2025-01-20 22:00:00,-1.0,,,,
2025-01-20 23:00:00,-1.0,,,,
2025-01-21 09:00:00,-1.0,,,,
2025-01-21 10:00:00,-1.0,,,,
2025-01-21 11:00:00,-1.0,,,,
2025-01-21 13:00:00,-1.0,,,,
2025-01-21 14:00:00,-1.0,,,,
2025-01-21 15:00:00,-1.0,,,,
2025-01-21 21:00:00,0.0,,,,
2025-01-21 22:00:00,1.0,,,,
2025-01-21 23:00:00,1.0,,,,
2025-01-22 09:00:00,0.0,,,,
2025-01-22 10:00:00,1.0,,,,
2025-01-22 11:00:00,1.0,,,,
2025-01-22 13:00:00,1.0,,,,
2025-01-22 14:00:00,1.0,,,,
2025-01-22 15:00:00,1.0,,,,
2025-01-22 21:00:00,0.0,,,,
2025-01-22 22:00:00,1.0,,,,
2025-01-22 23:00:00,0.0,,,,
2025-01-23 09:00:00,0.0,,,,
2025-01-23 10:00:00,1.0,,,,
2025-01-23 11:00:00,1.0,,,,
2025-01-23 13:00:00,1.0,,,,
2025-01-23 14:00:00,-1.0,,,,
2025-01-23 15:00:00,-1.0,,,,
2025-01-23 21:00:00,-1.0,,,,
2025-01-23 22:00:00,-1.0,,,,
2025-01-23 23:00:00,-1.0,,,,
2025-01-24 09:00:00,-1.0,,,,
2025-01-24 10:00:00,-1.0,,,,
2025-01-24 11:00:00,-1.0,,,,
2025-01-24 13:00:00,-1.0,,,,
2025-01-24 14:00:00,-1.0,,,,
2025-01-24 15:00:00,-1.0,,,,
2025-01-24 21:00:00,-1.0,,,,
2025-01-24 22:00:00,-1.0,,,,
2025-01-24 23:00:00,-1.0,,,,
2025-01-27 09:00:00,-1.0,,,,
2025-01-27 10:00:00,0.0,,,,
2025-01-27 11:00:00,-1.0,,,,
2025-01-27 13:00:00,-1.0,,,,
2025-01-27 14:00:00,-1.0,,,,
2025-01-27 15:00:00,-1.0,,,,
2025-02-05 09:00:00,1.0,,,,
2025-02-05 10:00:00,1.0,,,,
2025-02-05 11:00:00,1.0,,,,
2025-02-05 13:00:00,1.0,,,,
2025-02-05 14:00:00,1.0,,,,
2025-02-05 15:00:00,1.0,,,,
2025-02-05 21:00:00,1.0,,,,
2025-02-05 22:00:00,1.0,,,,
2025-02-05 23:00:00,0.0,,,,
2025-02-06 09:00:00,0.0,,,,
2025-02-06 10:00:00,-1.0,,,,
2025-02-06 11:00:00,0.0,,,,
2025-02-06 13:00:00,0.0,,,,
2025-02-06 14:00:00,-1.0,,,,
2025-02-06 15:00:00,-1.0,,,,
2025-02-06 21:00:00,-1.0,,,,
2025-02-06 22:00:00,-1.0,,,,
2025-02-06 23:00:00,-1.0,,,,
2025-02-07 09:00:00,-1.0,,,,
2025-02-07 10:00:00,-1.0,,,,
2025-02-07 11:00:00,-1.0,,,,
2025-02-07 13:00:00,-1.0,,,,
2025-02-07 14:00:00,-1.0,,,,
2025-02-07 15:00:00,-1.0,,,,
2025-02-07 21:00:00,-1.0,,,,
2025-02-07 22:00:00,-1.0,,,,
2025-02-07 23:00:00,-1.0,,,,
2025-02-10 09:00:00,-1.0,,,,
2025-02-10 10:00:00,0.0,,,,
2025-02-10 11:00:00,0.0,,,,
2025-02-10 13:00:00,0.0,,,,
2025-02-10 14:00:00,-1.0,,,,
2025-02-10 15:00:00,-1.0,,,,
2025-02-10 21:00:00,-1.0,,,,
2025-02-10 22:00:00,-1.0,,,,
2025-02-10 23:00:00,-1.0,,,,
2025-02-11 09:00:00,-1.0,,,,
2025-02-11 10:00:00,0.0,,,,
2025-02-11 11:00:00,-1.0,,,,
2025-02-11 13:00:00,0.0,,,,
2025-02-11 14:00:00,0.0,,,,
2025-02-11 15:00:00,0.0,,,,
2025-02-11 21:00:00,0.0,,,,
2025-02-11 22:00:00,1.0,,,,
2025-02-11 23:00:00,1.0,,,,
2025-02-12 09:00:00,0.0,,,,
2025-02-12 10:00:00,-1.0,,,,
2025-02-12 11:00:00,-1.0,,,,
2025-02-12 13:00:00,-1.0,,,,
2025-02-12 14:00:00,-1.0,,,,
2025-02-12 15:00:00,-1.0,,,,
2025-02-12 21:00:00,-1.0,,,,
2025-02-12 22:00:00,-1.0,,,,
2025-02-12 23:00:00,-1.0,,,,
2025-02-13 09:00:00,0.0,,,,
2025-02-13 10:00:00,0.0,,,,
2025-02-13 11:00:00,1.0,,,,
2025-02-13 13:00:00,1.0,,,,
2025-02-13 14:00:00,1.0,,,,
2025-02-13 15:00:00,1.0,,,,
2025-02-13 21:00:00,1.0,,,,
2025-02-13 22:00:00,1.0,,,,
2025-02-13 23:00:00,1.0,,,,
2025-02-14 09:00:00,1.0,,,,
2025-02-14 10:00:00,1.0,,,,
2025-02-14 11:00:00,1.0,,,,
2025-02-14 13:00:00,1.0,,,,
2025-02-14 14:00:00,1.0,,,,
2025-02-14 15:00:00,1.0,,,,
2025-02-14 21:00:00,1.0,,,,
2025-02-14 22:00:00,1.0,,,,
2025-02-14 23:00:00,1.0,,,,
2025-02-17 09:00:00,1.0,,,,
2025-02-17 10:00:00,1.0,,,,
2025-02-17 11:00:00,1.0,,,,
2025-02-17 13:00:00,1.0,,,,
2025-02-17 14:00:00,1.0,,,,
2025-02-17 15:00:00,1.0,,,,
2025-02-17 21:00:00,1.0,,,,
2025-02-17 22:00:00,1.0,,,,
2025-02-17 23:00:00,1.0,,,,
2025-02-18 09:00:00,1.0,,,,
2025-02-18 10:00:00,1.0,,,,
2025-02-18 11:00:00,1.0,,,,
2025-02-18 13:00:00,1.0,,,,
2025-02-18 14:00:00,1.0,,,,
2025-02-18 15:00:00,1.0,,,,
2025-02-18 21:00:00,1.0,,,,
2025-02-18 22:00:00,1.0,,,,
2025-02-18 23:00:00,1.0,,,,
2025-02-19 09:00:00,1.0,,,,
2025-02-19 10:00:00,1.0,,,,
2025-02-19 11:00:00,1.0,,,,
2025-02-19 13:00:00,1.0,,,,
2025-02-19 14:00:00,0.0,,,,
2025-02-19 15:00:00,0.0,,,,
2025-02-19 21:00:00,-1.0,,,,
2025-02-19 22:00:00,-1.0,,,,
2025-02-19 23:00:00,0.0,,,,
2025-02-20 09:00:00,0.0,,,,
2025-02-20 10:00:00,0.0,,,,
2025-02-20 11:00:00,0.0,,,,
2025-02-20 13:00:00,-1.0,,,,
2025-02-20 14:00:00,-1.0,,,,
2025-02-20 15:00:00,-1.0,,,,
2025-02-20 21:00:00,-1.0,,,,
2025-02-20 22:00:00,-1.0,,,,
2025-02-20 23:00:00,-1.0,,,,
2025-02-21 09:00:00,-1.0,,,,
2025-02-21 10:00:00,-1.0,,,,
2025-02-21 11:00:00,-1.0,,,,
2025-02-21 13:00:00,-1.0,,,,
2025-02-21 14:00:00,-1.0,,,,
2025-02-21 15:00:00,-1.0,,,,
2025-02-21 21:00:00,-1.0,,,,
2025-02-21 22:00:00,-1.0,,,,
2025-02-21 23:00:00,0.0,,,,
2025-02-24 09:00:00,0.0,,,,
2025-02-24 10:00:00,0.0,,,,
2025-02-24 11:00:00,0.0,,,,
2025-02-24 13:00:00,0.0,,,,
2025-02-24 14:00:00,0.0,,,,
2025-02-24 15:00:00,0.0,,,,
2025-02-24 21:00:00,1.0,,,,
2025-02-24 22:00:00,1.0,,,,
2025-02-24 23:00:00,0.0,,,,
2025-02-25 09:00:00,1.0,,,,
2025-02-25 10:00:00,1.0,,,,
2025-02-25 11:00:00,1.0,,,,
2025-02-25 13:00:00,1.0,,,,
2025-02-25 14:00:00,1.0,,,,
2025-02-25 15:00:00,1.0,,,,
2025-02-25 21:00:00,1.0,,,,
2025-02-25 22:00:00,1.0,,,,
2025-02-25 23:00:00,1.0,,,,
2025-02-26 09:00:00,1.0,,,,
2025-02-26 10:00:00,0.0,,,,
2025-02-26 11:00:00,0.0,,,,
2025-02-26 13:00:00,0.0,,,,
2025-02-26 14:00:00,0.0,,,,
2025-02-26 15:00:00,0.0,,,,
2025-02-26 21:00:00,0.0,,,,
2025-02-26 22:00:00,0.0,,,,
2025-02-26 23:00:00,0.0,,,,
2025-02-27 09:00:00,0.0,,,,
2025-02-27 10:00:00,1.0,,,,
2025-02-27 11:00:00,0.0,,,,
2025-02-27 13:00:00,0.0,,,,
2025-02-27 14:00:00,0.0,,,,
2025-02-27 15:00:00,-1.0,,,,
2025-02-27 21:00:00,0.0,,,,
2025-02-27 22:00:00,-1.0,,,,
2025-02-27 23:00:00,-1.0,,,,
2025-02-28 09:00:00,-1.0,,,,
2025-02-28 10:00:00,0.0,,,,
2025-02-28 11:00:00,0.0,,,,
2025-02-28 13:00:00,-1.0,,,,
2025-02-28 14:00:00,-1.0,,,,
2025-02-28 15:00:00,-1.0,,,,
2025-02-28 21:00:00,-1.0,,,,
2025-02-28 22:00:00,-1.0,,,,
2025-02-28 23:00:00,-1.0,,,,
2025-03-03 09:00:00,-1.0,,,,
2025-03-03 10:00:00,-1.0,,,,
2025-03-03 11:00:00,-1.0,,,,
2025-03-03 13:00:00,-1.0,,,,
2025-03-03 14:00:00,-1.0,,,,
2025-03-03 15:00:00,-1.0,,,,
2025-03-03 21:00:00,-1.0,,,,
2025-03-03 22:00:00,0.0,,,,
2025-03-03 23:00:00,0.0,,,,
2025-03-04 09:00:00,1.0,,,,
2025-03-04 10:00:00,0.0,,,,
2025-03-04 11:00:00,0.0,,,,
2025-03-04 13:00:00,0.0,,,,
2025-03-04 14:00:00,-1.0,,,,
2025-03-04 15:00:00,0.0,,,,
2025-03-04 21:00:00,0.0,,,,
2025-03-04 22:00:00,0.0,,,,
2025-03-04 23:00:00,0.0,,,,
2025-03-05 09:00:00,1.0,,,,
2025-03-05 10:00:00,0.0,,,,
2025-03-05 11:00:00,-1.0,,,,
2025-03-05 13:00:00,-1.0,,,,
2025-03-05 14:00:00,-1.0,,,,
2025-03-05 15:00:00,-1.0,,,,
2025-03-05 21:00:00,-1.0,,,,
2025-03-05 22:00:00,0.0,,,,
2025-03-05 23:00:00,-1.0,,,,
2025-03-06 09:00:00,-1.0,,,,
2025-03-06 10:00:00,-1.0,,,,
2025-03-06 11:00:00,-1.0,,,,
2025-03-06 13:00:00,-1.0,,,,
2025-03-06 14:00:00,-1.0,,,,
2025-03-06 15:00:00,-1.0,,,,
2025-03-06 21:00:00,-1.0,,,,
2025-03-06 22:00:00,-1.0,,,,
2025-03-06 23:00:00,-1.0,,,,
2025-03-07 09:00:00,-1.0,,,,
2025-03-07 10:00:00,-1.0,,,,
2025-03-07 11:00:00,-1.0,,,,
2025-03-07 13:00:00,-1.0,,,,
2025-03-07 14:00:00,0.0,,,,
2025-03-07 15:00:00,0.0,,,,
2025-03-07 21:00:00,0.0,,,,
2025-03-07 22:00:00,-1.0,,,,
2025-03-07 23:00:00,-1.0,,,,
2025-03-10 09:00:00,-1.0,,,,
2025-03-10 10:00:00,1.0,,,,
2025-03-10 11:00:00,1.0,,,,
2025-03-10 13:00:00,1.0,,,,
2025-03-10 14:00:00,1.0,,,,
2025-03-10 15:00:00,1.0,,,,
2025-03-10 21:00:00,1.0,,,,
2025-03-10 22:00:00,1.0,,,,
2025-03-10 23:00:00,1.0,,,,
2025-03-11 09:00:00,1.0,,,,
2025-03-11 10:00:00,1.0,,,,
2025-03-11 11:00:00,1.0,,,,
2025-03-11 13:00:00,1.0,,,,
2025-03-11 14:00:00,1.0,,,,
2025-03-11 15:00:00,1.0,,,,
2025-03-11 21:00:00,1.0,,,,
2025-03-11 22:00:00,1.0,,,,
2025-03-11 23:00:00,1.0,,,,
2025-03-12 09:00:00,1.0,,,,
2025-03-12 10:00:00,1.0,,,,
2025-03-12 11:00:00,1.0,,,,
2025-03-12 13:00:00,1.0,,,,
2025-03-12 14:00:00,1.0,,,,
2025-03-12 15:00:00,1.0,,,,
2025-03-12 21:00:00,1.0,,,,
2025-03-12 22:00:00,1.0,,,,
2025-03-12 23:00:00,1.0,,,,
2025-03-13 09:00:00,0.0,,,,
2025-03-13 10:00:00,-1.0,,,,
2025-03-13 11:00:00,0.0,,,,
2025-03-13 13:00:00,0.0,,,,
2025-03-13 14:00:00,-1.0,,,,
2025-03-13 15:00:00,-1.0,,,,
2025-03-13 21:00:00,-1.0,,,,
2025-03-13 22:00:00,-1.0,,,,
2025-03-13 23:00:00,-1.0,,,,
2025-03-14 09:00:00,-1.0,,,,
2025-03-14 10:00:00,-1.0,,,,
2025-03-14 11:00:00,-1.0,,,,
2025-03-14 13:00:00,-1.0,,,,
2025-03-14 14:00:00,-1.0,,,,
2025-03-14 15:00:00,-1.0,,,,
2025-03-14 21:00:00,-1.0,,,,
2025-03-14 22:00:00,-1.0,,,,
2025-03-14 23:00:00,-1.0,,,,
2025-03-17 09:00:00,-1.0,,,,
2025-03-17 10:00:00,-1.0,,,,
2025-03-17 11:00:00,-1.0,,,,
2025-03-17 13:00:00,-1.0,,,,
2025-03-17 14:00:00,-1.0,,,,
2025-03-17 15:00:00,-1.0,,,,
2025-03-17 21:00:00,-1.0,,,,
2025-03-17 22:00:00,-1.0,,,,
2025-03-17 23:00:00,-1.0,,,,
2025-03-18 09:00:00,0.0,,,,
2025-03-18 10:00:00,-1.0,,,,
2025-03-18 11:00:00,-1.0,,,,
2025-03-18 13:00:00,-1.0,,,,
2025-03-18 14:00:00,-1.0,,,,
2025-03-18 15:00:00,-1.0,,,,
2025-03-18 21:00:00,0.0,,,,
2025-03-18 22:00:00,0.0,,,,
2025-03-18 23:00:00,0.0,,,,
2025-03-19 09:00:00,0.0,,,,
2025-03-19 10:00:00,0.0,,,,
2025-03-19 11:00:00,0.0,,,,
2025-03-19 13:00:00,0.0,,,,
2025-03-19 14:00:00,0.0,,,,
2025-03-19 15:00:00,1.0,,,,
2025-03-19 21:00:00,1.0,,,,
2025-03-19 22:00:00,1.0,,,,
2025-03-19 23:00:00,1.0,,,,
2025-03-20 09:00:00,1.0,,,,
2025-03-20 10:00:00,1.0,,,,
2025-03-20 11:00:00,1.0,,,,
2025-03-20 13:00:00,1.0,,,,
2025-03-20 14:00:00,1.0,,,,
2025-03-20 15:00:00,1.0,,,,
2025-03-20 21:00:00,1.0,,,,
2025-03-20 22:00:00,1.0,,,,
2025-03-20 23:00:00,1.0,,,,
2025-03-21 09:00:00,1.0,,,,
2025-03-21 10:00:00,1.0,,,,
2025-03-21 11:00:00,1.0,,,,
2025-03-21 13:00:00,1.0,,,,
2025-03-21 14:00:00,1.0,,,,
2025-03-21 15:00:00,1.0,,,,
2025-03-21 21:00:00,1.0,,,,
2025-03-21 22:00:00,1.0,,,,
2025-03-21 23:00:00,1.0,,,,
2025-03-24 09:00:00,0.0,,,,
2025-03-24 10:00:00,0.0,,,,
2025-03-24 11:00:00,0.0,,,,
2025-03-24 13:00:00,0.0,,,,
2025-03-24 14:00:00,0.0,,,,
2025-03-24 15:00:00,0.0,,,,
2025-03-24 21:00:00,0.0,,,,
2025-03-24 22:00:00,0.0,,,,
2025-03-24 23:00:00,0.0,,,,
2025-03-25 09:00:00,0.0,,,,
2025-03-25 10:00:00,0.0,,,,
2025-03-25 11:00:00,0.0,,,,
2025-03-25 13:00:00,0.0,,,,
2025-03-25 14:00:00,-1.0,,,,
2025-03-25 15:00:00,-1.0,,,,
2025-03-25 21:00:00,-1.0,,,,
2025-03-25 22:00:00,-1.0,,,,
2025-03-25 23:00:00,-1.0,,,,
2025-03-26 09:00:00,-1.0,,,,
2025-03-26 10:00:00,-1.0,,,,
2025-03-26 11:00:00,0.0,,,,
2025-03-26 13:00:00,-1.0,,,,
2025-03-26 14:00:00,-1.0,,,,
2025-03-26 15:00:00,-1.0,,,,
2025-03-26 21:00:00,-1.0,,,,
2025-03-26 22:00:00,-1.0,,,,
2025-03-26 23:00:00,-1.0,,,,
2025-03-27 09:00:00,-1.0,,,,
2025-03-27 10:00:00,-1.0,,,,
2025-03-27 11:00:00,-1.0,,,,
2025-03-27 13:00:00,-1.0,,,,
2025-03-27 14:00:00,-1.0,,,,
2025-03-27 15:00:00,-1.0,,,,
2025-03-27 21:00:00,-1.0,,,,
2025-03-27 22:00:00,-1.0,,,,
2025-03-27 23:00:00,-1.0,,,,
2025-03-28 09:00:00,-1.0,,,,
2025-03-28 10:00:00,-1.0,,,,
2025-03-28 11:00:00,0.0,,,,
2025-03-28 13:00:00,-1.0,,,,
2025-03-28 14:00:00,-1.0,,,,
2025-03-28 15:00:00,0.0,,,,
2025-03-28 21:00:00,0.0,,,,
2025-03-28 22:00:00,0.0,,,,
2025-03-28 23:00:00,0.0,,,,
2025-03-31 09:00:00,1.0,,,,
2025-03-31 10:00:00,1.0,,,,
2025-03-31 11:00:00,1.0,,,,
2025-03-31 13:00:00,0.0,,,,
2025-03-31 14:00:00,0.0,,,,
2025-03-31 15:00:00,0.0,,,,
2025-03-31 21:00:00,1.0,,,,
2025-03-31 22:00:00,1.0,,,,
2025-03-31 23:00:00,0.0,,,,
2025-04-01 09:00:00,0.0,,,,
2025-04-01 10:00:00,-1.0,,,,
2025-04-01 11:00:00,-1.0,,,,
2025-04-01 13:00:00,-1.0,,,,
2025-04-01 14:00:00,-1.0,,,,
2025-04-01 15:00:00,-1.0,,,,
2025-04-01 21:00:00,-1.0,,,,
2025-04-01 22:00:00,-1.0,,,,
2025-04-01 23:00:00,-1.0,,,,
2025-04-02 09:00:00,-1.0,,,,
2025-04-02 10:00:00,-1.0,,,,
2025-04-02 11:00:00,-1.0,,,,
2025-04-02 13:00:00,-1.0,,,,
2025-04-02 14:00:00,-1.0,,,,
2025-04-02 15:00:00,-1.0,,,,
2025-04-02 21:00:00,-1.0,,,,
2025-04-02 22:00:00,-1.0,,,,
2025-04-02 23:00:00,-1.0,,,,
2025-04-03 09:00:00,-1.0,,,,
2025-04-03 10:00:00,-1.0,,,,
2025-04-03 11:00:00,-1.0,,,,
2025-04-03 13:00:00,-1.0,,,,
2025-04-03 14:00:00,-1.0,,,,
2025-04-03 15:00:00,-1.0,,,,
2025-04-07 09:00:00,-1.0,,,,
2025-04-07 10:00:00,-1.0,,,,
2025-04-07 11:00:00,-1.0,,,,
2025-04-07 13:00:00,-1.0,,,,
2025-04-07 14:00:00,-1.0,,,,
2025-04-07 15:00:00,-1.0,,,,
2025-04-07 21:00:00,-1.0,,,,
2025-04-07 22:00:00,-1.0,,,,
2025-04-07 23:00:00,-1.0,,,,
2025-04-08 09:00:00,0.0,,,,
2025-04-08 10:00:00,1.0,,,,
2025-04-08 11:00:00,1.0,,,,
2025-04-08 13:00:00,1.0,,,,
2025-04-08 14:00:00,1.0,,,,
2025-04-08 15:00:00,1.0,,,,
2025-04-08 21:00:00,1.0,,,,
2025-04-08 22:00:00,1.0,,,,
2025-04-08 23:00:00,1.0,,,,
2025-04-09 09:00:00,1.0,,,,
2025-04-09 10:00:00,1.0,,,,
2025-04-09 11:00:00,1.0,,,,
2025-04-09 13:00:00,1.0,,,,
2025-04-09 14:00:00,1.0,,,,
2025-04-09 15:00:00,1.0,,,,
2025-04-09 21:00:00,1.0,,,,
2025-04-09 22:00:00,1.0,,,,
2025-04-09 23:00:00,1.0,,,,
2025-04-10 09:00:00,-1.0,,,,
2025-04-10 10:00:00,-1.0,,,,
2025-04-10 11:00:00,-1.0,,,,
2025-04-10 13:00:00,-1.0,,,,
2025-04-10 14:00:00,0.0,,,,
2025-04-10 15:00:00,0.0,,,,
2025-04-10 21:00:00,0.0,,,,
2025-04-10 22:00:00,-1.0,,,,
2025-04-10 23:00:00,-1.0,,,,
2025-04-11 09:00:00,0.0,,,,
2025-04-11 10:00:00,1.0,,,,
2025-04-11 11:00:00,1.0,,,,
2025-04-11 13:00:00,0.0,,,,
2025-04-11 14:00:00,0.0,,,,
2025-04-11 15:00:00,0.0,,,,
2025-04-11 21:00:00,0.0,,,,
2025-04-11 22:00:00,-1.0,,,,
2025-04-11 23:00:00,-1.0,,,,
2025-04-14 09:00:00,-1.0,,,,
2025-04-14 10:00:00,-1.0,,,,
2025-04-14 11:00:00,-1.0,,,,
2025-04-14 13:00:00,-1.0,,,,
2025-04-14 14:00:00,-1.0,,,,
2025-04-14 15:00:00,-1.0,,,,
2025-04-14 21:00:00,-1.0,,,,
2025-04-14 22:00:00,-1.0,,,,
2025-04-14 23:00:00,-1.0,,,,
2025-04-15 09:00:00,-1.0,,,,
2025-04-15 10:00:00,-1.0,,,,
2025-04-15 11:00:00,-1.0,,,,
2025-04-15 13:00:00,-1.0,,,,
2025-04-15 14:00:00,-1.0,,,,
2025-04-15 15:00:00,-1.0,,,,
2025-04-15 21:00:00,-1.0,,,,
2025-04-15 22:00:00,-1.0,,,,
2025-04-15 23:00:00,-1.0,,,,
2025-04-16 09:00:00,-1.0,,,,
2025-04-16 10:00:00,-1.0,,,,
2025-04-16 11:00:00,-1.0,,,,
2025-04-16 13:00:00,-1.0,,,,
2025-04-16 14:00:00,-1.0,,,,
2025-04-16 15:00:00,-1.0,,,,
2025-04-16 21:00:00,-1.0,,,,
2025-04-16 22:00:00,1.0,,,,
2025-04-16 23:00:00,0.0,,,,
2025-04-17 09:00:00,0.0,,,,
2025-04-17 10:00:00,0.0,,,,
2025-04-17 11:00:00,0.0,,,,
2025-04-17 13:00:00,0.0,,,,
2025-04-17 14:00:00,1.0,,,,
2025-04-17 15:00:00,1.0,,,,
2025-04-17 21:00:00,1.0,,,,
2025-04-17 22:00:00,1.0,,,,
2025-04-17 23:00:00,0.0,,,,
2025-04-18 09:00:00,0.0,,,,
2025-04-18 10:00:00,0.0,,,,
2025-04-18 11:00:00,-1.0,,,,
2025-04-18 13:00:00,-1.0,,,,
2025-04-18 14:00:00,0.0,,,,
2025-04-18 15:00:00,0.0,,,,
2025-04-18 21:00:00,0.0,,,,
2025-04-18 22:00:00,1.0,,,,
2025-04-18 23:00:00,1.0,,,,
2025-04-21 09:00:00,0.0,,,,
2025-04-21 10:00:00,1.0,,,,
2025-04-21 11:00:00,1.0,,,,
2025-04-21 13:00:00,1.0,,,,
2025-04-21 14:00:00,1.0,,,,
2025-04-21 15:00:00,1.0,,,,
2025-04-21 21:00:00,1.0,,,,
2025-04-21 22:00:00,1.0,,,,
2025-04-21 23:00:00,1.0,,,,
2025-04-22 09:00:00,1.0,,,,
2025-04-22 10:00:00,1.0,,,,
2025-04-22 11:00:00,1.0,,,,
2025-04-22 13:00:00,1.0,,,,
2025-04-22 14:00:00,1.0,,,,
2025-04-22 15:00:00,1.0,,,,
2025-04-22 21:00:00,1.0,,,,
2025-04-22 22:00:00,1.0,,,,
2025-04-22 23:00:00,1.0,,,,
2025-04-23 09:00:00,1.0,,,,
2025-04-23 10:00:00,0.0,,,,
2025-04-23 11:00:00,-1.0,,,,
2025-04-23 13:00:00,-1.0,,,,
2025-04-23 14:00:00,1.0,,,,
2025-04-23 15:00:00,1.0,,,,
2025-04-23 21:00:00,1.0,,,,
2025-04-23 22:00:00,1.0,,,,
2025-04-23 23:00:00,0.0,,,,
2025-04-24 09:00:00,1.0,,,,
2025-04-24 10:00:00,1.0,,,,
2025-04-24 11:00:00,1.0,,,,
2025-04-24 13:00:00,1.0,,,,
2025-04-24 14:00:00,1.0,,,,
2025-04-24 15:00:00,1.0,,,,
2025-04-24 21:00:00,1.0,,,,
2025-04-24 22:00:00,0.0,,,,
2025-04-24 23:00:00,0.0,,,,
2025-04-25 09:00:00,0.0,,,,
2025-04-25 10:00:00,0.0,,,,
2025-04-25 11:00:00,-1.0,,,,
2025-04-25 13:00:00,0.0,,,,
2025-04-25 14:00:00,0.0,,,,
2025-04-25 15:00:00,0.0,,,,
2025-04-25 21:00:00,-1.0,,,,
2025-04-25 22:00:00,-1.0,,,,
2025-04-25 23:00:00,-1.0,,,,
2025-04-28 09:00:00,-1.0,,,,
2025-04-28 10:00:00,-1.0,,,,
2025-04-28 11:00:00,-1.0,,,,
2025-04-28 13:00:00,-1.0,,,,
2025-04-28 14:00:00,-1.0,,,,
2025-04-28 15:00:00,-1.0,,,,
2025-04-28 21:00:00,-1.0,,,,
2025-04-28 22:00:00,-1.0,,,,
2025-04-28 23:00:00,-1.0,,,,
2025-04-29 09:00:00,-1.0,,,,
2025-04-29 10:00:00,1.0,,,,
2025-04-29 11:00:00,1.0,,,,
2025-04-29 13:00:00,1.0,,,,
2025-04-29 14:00:00,1.0,,,,
2025-04-29 15:00:00,1.0,,,,
2025-04-29 21:00:00,0.0,,,,
2025-04-29 22:00:00,0.0,,,,
2025-04-29 23:00:00,1.0,,,,
2025-04-30 09:00:00,1.0,,,,
2025-04-30 10:00:00,1.0,,,,
2025-04-30 11:00:00,1.0,,,,
2025-04-30 13:00:00,0.0,,,,
2025-04-30 14:00:00,0.0,,,,
2025-04-30 15:00:00,0.0,,,,
2025-05-06 09:00:00,0.0,,,,
2025-05-06 10:00:00,-1.0,,,,
2025-05-06 11:00:00,-1.0,,,,
2025-05-06 13:00:00,0.0,,,,
2025-05-06 14:00:00,-1.0,,,,
2025-05-06 15:00:00,-1.0,,,,
2025-05-06 21:00:00,-1.0,,,,
2025-05-06 22:00:00,-1.0,,,,
2025-05-06 23:00:00,-1.0,,,,
2025-05-07 09:00:00,-1.0,,,,
2025-05-07 10:00:00,-1.0,,,,
2025-05-07 11:00:00,-1.0,,,,
2025-05-07 13:00:00,-1.0,,,,
2025-05-07 14:00:00,-1.0,,,,
2025-05-07 15:00:00,-1.0,,,,
2025-05-07 21:00:00,-1.0,,,,
2025-05-07 22:00:00,-1.0,,,,
2025-05-07 23:00:00,-1.0,,,,
2025-05-08 09:00:00,-1.0,,,,
2025-05-08 10:00:00,1.0,,,,
2025-05-08 11:00:00,1.0,,,,
2025-05-08 13:00:00,1.0,,,,
2025-05-08 14:00:00,1.0,,,,
2025-05-08 15:00:00,1.0,,,,
2025-05-08 21:00:00,1.0,,,,
2025-05-08 22:00:00,1.0,,,,
2025-05-08 23:00:00,1.0,,,,
2025-05-09 09:00:00,1.0,,,,
2025-05-09 10:00:00,1.0,,,,
2025-05-09 11:00:00,1.0,,,,
2025-05-09 13:00:00,1.0,,,,
2025-05-09 14:00:00,1.0,,,,
2025-05-09 15:00:00,1.0,,,,
2025-05-09 21:00:00,1.0,,,,
2025-05-09 22:00:00,1.0,,,,
2025-05-09 23:00:00,1.0,,,,
2025-05-12 09:00:00,1.0,,,,
2025-05-12 10:00:00,1.0,,,,
2025-05-12 11:00:00,1.0,,,,
2025-05-12 13:00:00,1.0,,,,
2025-05-12 14:00:00,1.0,,,,
2025-05-12 15:00:00,1.0,,,,
2025-05-12 21:00:00,1.0,,,,
2025-05-12 22:00:00,1.0,,,,
2025-05-12 23:00:00,1.0,,,,
2025-05-13 09:00:00,1.0,,,,
2025-05-13 10:00:00,1.0,,,,
2025-05-13 11:00:00,1.0,,,,
2025-05-13 13:00:00,1.0,,,,
2025-05-13 14:00:00,1.0,,,,
2025-05-13 15:00:00,1.0,,,,
2025-05-13 21:00:00,1.0,,,,
2025-05-13 22:00:00,0.0,,,,
2025-05-13 23:00:00,0.0,,,,
2025-05-14 09:00:00,-1.0,,,,
2025-05-14 10:00:00,-1.0,,,,
2025-05-14 11:00:00,-1.0,,,,
2025-05-14 13:00:00,-1.0,,,,
2025-05-14 14:00:00,-1.0,,,,
2025-05-14 15:00:00,-1.0,,,,
2025-05-14 21:00:00,-1.0,,,,
2025-05-14 22:00:00,-1.0,,,,
2025-05-14 23:00:00,-1.0,,,,
2025-05-15 09:00:00,-1.0,,,,
2025-05-15 10:00:00,-1.0,,,,
2025-05-15 11:00:00,-1.0,,,,
2025-05-15 13:00:00,-1.0,,,,
2025-05-15 14:00:00,-1.0,,,,
2025-05-15 15:00:00,-1.0,,,,
2025-05-15 21:00:00,-1.0,,,,
2025-05-15 22:00:00,-1.0,,,,
2025-05-15 23:00:00,-1.0,,,,
2025-05-16 09:00:00,-1.0,,,,
2025-05-16 10:00:00,-1.0,,,,
2025-05-16 11:00:00,-1.0,,,,
2025-05-16 13:00:00,-1.0,,,,
2025-05-16 14:00:00,-1.0,,,,
2025-05-16 15:00:00,-1.0,,,,
2025-05-16 21:00:00,-1.0,,,,
2025-05-16 22:00:00,-1.0,,,,
2025-05-16 23:00:00,-1.0,,,,
2025-05-19 09:00:00,-1.0,,,,
2025-05-19 10:00:00,0.0,,,,
2025-05-19 11:00:00,0.0,,,,
2025-05-19 13:00:00,0.0,,,,
2025-05-19 14:00:00,0.0,,,,
2025-05-19 15:00:00,1.0,,,,
2025-05-19 21:00:00,1.0,,,,
2025-05-19 22:00:00,1.0,,,,
2025-05-19 23:00:00,1.0,,,,
2025-05-20 09:00:00,0.0,,,,
2025-05-20 10:00:00,0.0,,,,
2025-05-20 11:00:00,0.0,,,,
2025-05-20 13:00:00,0.0,,,,
2025-05-20 14:00:00,0.0,,,,
2025-05-20 15:00:00,1.0,,,,
2025-05-20 21:00:00,0.0,,,,
2025-05-20 22:00:00,0.0,,,,
2025-05-20 23:00:00,0.0,,,,
2025-05-21 09:00:00,0.0,,,,
2025-05-21 10:00:00,-1.0,,,,
2025-05-21 11:00:00,-1.0,,,,
2025-05-21 13:00:00,-1.0,,,,
2025-05-21 14:00:00,-1.0,,,,
2025-05-21 15:00:00,-1.0,,,,
2025-05-21 21:00:00,-1.0,,,,
2025-05-21 22:00:00,-1.0,,,,
2025-05-21 23:00:00,-1.0,,,,
2025-05-22 09:00:00,-1.0,,,,
2025-05-22 10:00:00,-1.0,,,,
2025-05-22 11:00:00,-1.0,,,,
2025-05-22 13:00:00,-1.0,,,,
2025-05-22 14:00:00,-1.0,,,,
2025-05-22 15:00:00,-1.0,,,,
2025-05-22 21:00:00,-1.0,,,,
2025-05-22 22:00:00,-1.0,,,,
2025-05-22 23:00:00,-1.0,,,,
2025-05-23 09:00:00,-1.0,,,,
2025-05-23 10:00:00,-1.0,,,,
2025-05-23 11:00:00,-1.0,,,,
2025-05-23 13:00:00,-1.0,,,,
2025-05-23 14:00:00,-1.0,,,,
2025-05-23 15:00:00,-1.0,,,,
2025-05-23 21:00:00,-1.0,,,,
2025-05-23 22:00:00,-1.0,,,,
2025-05-23 23:00:00,-1.0,,,,
2025-05-26 09:00:00,-1.0,,,,
2025-05-26 10:00:00,-1.0,,,,
2025-05-26 11:00:00,-1.0,,,,
2025-05-26 13:00:00,-1.0,,,,
2025-05-26 14:00:00,-1.0,,,,
2025-05-26 15:00:00,-1.0,,,,
2025-05-26 21:00:00,-1.0,,,,
2025-05-26 22:00:00,-1.0,,,,
2025-05-26 23:00:00,-1.0,,,,
2025-05-27 09:00:00,-1.0,,,,
2025-05-27 10:00:00,0.0,,,,
2025-05-27 11:00:00,0.0,,,,
2025-05-27 13:00:00,0.0,,,,
2025-05-27 14:00:00,-1.0,,,,
2025-05-27 15:00:00,-1.0,,,,
2025-05-27 21:00:00,0.0,,,,
2025-05-27 22:00:00,-1.0,,,,
2025-05-27 23:00:00,-1.0,,,,
2025-05-28 09:00:00,-1.0,,,,
2025-05-28 10:00:00,-1.0,,,,
2025-05-28 11:00:00,-1.0,,,,
2025-05-28 13:00:00,-1.0,,,,
2025-05-28 14:00:00,-1.0,,,,
2025-05-28 15:00:00,-1.0,,,,
2025-05-28 21:00:00,-1.0,,,,
2025-05-28 22:00:00,-1.0,,,,
2025-05-28 23:00:00,-1.0,,,,
2025-05-29 09:00:00,-1.0,,,,
2025-05-29 10:00:00,-1.0,,,,
2025-05-29 11:00:00,-1.0,,,,
2025-05-29 13:00:00,-1.0,,,,
2025-05-29 14:00:00,-1.0,,,,
2025-05-29 15:00:00,-1.0,,,,
2025-05-29 21:00:00,-1.0,,,,
2025-05-29 22:00:00,-1.0,,,,
2025-05-29 23:00:00,0.0,,,,
2025-05-30 09:00:00,1.0,,,,
2025-05-30 10:00:00,0.0,,,,
2025-05-30 11:00:00,0.0,,,,
2025-05-30 13:00:00,0.0,,,,
2025-05-30 14:00:00,0.0,,,,
2025-05-30 15:00:00,0.0,,,,
2025-06-03 09:00:00,0.0,,,,
2025-06-03 10:00:00,1.0,,,,
2025-06-03 11:00:00,1.0,,,,
2025-06-03 13:00:00,1.0,,,,
2025-06-03 14:00:00,1.0,,,,
2025-06-03 15:00:00,1.0,,,,
2025-06-03 21:00:00,1.0,,,,
2025-06-03 22:00:00,1.0,,,,
2025-06-03 23:00:00,1.0,,,,
2025-06-04 09:00:00,1.0,,,,
2025-06-04 10:00:00,1.0,,,,
2025-06-04 11:00:00,1.0,,,,
2025-06-04 13:00:00,1.0,,,,
2025-06-04 14:00:00,0.0,,,,
2025-06-04 15:00:00,-1.0,,,,
2025-06-04 21:00:00,-1.0,,,,
2025-06-04 22:00:00,0.0,,,,
2025-06-04 23:00:00,0.0,,,,
2025-06-05 09:00:00,0.0,,,,
2025-06-05 10:00:00,1.0,,,,
2025-06-05 11:00:00,1.0,,,,
2025-06-05 13:00:00,1.0,,,,
2025-06-05 14:00:00,0.0,,,,
2025-06-05 15:00:00,0.0,,,,
2025-06-05 21:00:00,0.0,,,,
2025-06-05 22:00:00,-1.0,,,,
2025-06-05 23:00:00,0.0,,,,
2025-06-06 09:00:00,0.0,,,,
2025-06-06 10:00:00,-1.0,,,,
2025-06-06 11:00:00,0.0,,,,
2025-06-06 13:00:00,0.0,,,,
2025-06-06 14:00:00,0.0,,,,
2025-06-06 15:00:00,1.0,,,,
2025-06-06 21:00:00,1.0,,,,
2025-06-06 22:00:00,1.0,,,,
2025-06-06 23:00:00,1.0,,,,
2025-06-09 09:00:00,1.0,,,,
2025-06-09 10:00:00,1.0,,,,
2025-06-09 11:00:00,1.0,,,,
2025-06-09 13:00:00,0.0,,,,
2025-06-09 14:00:00,0.0,,,,
2025-06-09 15:00:00,0.0,,,,
2025-06-09 21:00:00,1.0,,,,
2025-06-09 22:00:00,1.0,,,,
2025-06-09 23:00:00,1.0,,,,
2025-06-10 09:00:00,0.0,,,,
2025-06-10 10:00:00,-1.0,,,,
2025-06-10 11:00:00,-1.0,,,,
2025-06-10 13:00:00,0.0,,,,
2025-06-10 14:00:00,-1.0,,,,
2025-06-10 15:00:00,-1.0,,,,
2025-06-10 21:00:00,-1.0,,,,
2025-06-10 22:00:00,-1.0,,,,
2025-06-10 23:00:00,-1.0,,,,
2025-06-11 09:00:00,-1.0,,,,
2025-06-11 10:00:00,-1.0,,,,
2025-06-11 11:00:00,-1.0,,,,
2025-06-11 13:00:00,-1.0,,,,
2025-06-11 14:00:00,-1.0,,,,
2025-06-11 15:00:00,-1.0,,,,
2025-06-11 21:00:00,0.0,,,,
2025-06-11 22:00:00,0.0,,,,
2025-06-11 23:00:00,0.0,,,,
2025-06-12 09:00:00,0.0,,,,
2025-06-12 10:00:00,0.0,,,,
2025-06-12 11:00:00,1.0,,,,
2025-06-12 13:00:00,1.0,,,,
2025-06-12 14:00:00,1.0,,,,
2025-06-12 15:00:00,1.0,,,,
2025-06-12 21:00:00,1.0,,,,
2025-06-12 22:00:00,1.0,,,,
2025-06-12 23:00:00,1.0,,,,
2025-06-13 09:00:00,1.0,,,,
2025-06-13 10:00:00,0.0,,,,
2025-06-13 11:00:00,0.0,,,,
2025-06-13 13:00:00,1.0,,,,
2025-06-13 14:00:00,1.0,,,,
2025-06-13 15:00:00,1.0,,,,
2025-06-13 21:00:00,1.0,,,,
2025-06-13 22:00:00,0.0,,,,
2025-06-13 23:00:00,0.0,,,,
2025-06-16 09:00:00,0.0,,,,
2025-06-16 10:00:00,0.0,,,,
2025-06-16 11:00:00,0.0,,,,
2025-06-16 13:00:00,0.0,,,,
2025-06-16 14:00:00,0.0,,,,
2025-06-16 15:00:00,0.0,,,,
2025-06-16 21:00:00,1.0,,,,
2025-06-16 22:00:00,1.0,,,,
2025-06-16 23:00:00,0.0,,,,
2025-06-17 09:00:00,0.0,,,,
2025-06-17 10:00:00,1.0,,,,
2025-06-17 11:00:00,1.0,,,,
2025-06-17 13:00:00,1.0,,,,
2025-06-17 14:00:00,1.0,,,,
2025-06-17 15:00:00,1.0,,,,
2025-06-17 21:00:00,1.0,,,,
2025-06-17 22:00:00,1.0,,,,
2025-06-17 23:00:00,1.0,,,,
2025-06-18 09:00:00,1.0,,,,
2025-06-18 10:00:00,1.0,,,,
2025-06-18 11:00:00,1.0,,,,
2025-06-18 13:00:00,1.0,,,,
2025-06-18 14:00:00,1.0,,,,
2025-06-18 15:00:00,1.0,,,,
2025-06-18 21:00:00,1.0,,,,
2025-06-18 22:00:00,0.0,,,,
2025-06-18 23:00:00,1.0,,,,
2025-06-19 09:00:00,0.0,,,,
2025-06-19 10:00:00,1.0,,,,
2025-06-19 11:00:00,1.0,,,,
2025-06-19 13:00:00,1.0,,,,
2025-06-19 14:00:00,1.0,,,,
2025-06-19 15:00:00,1.0,,,,
2025-06-19 21:00:00,1.0,,,,
2025-06-19 22:00:00,-1.0,,,,
2025-06-19 23:00:00,0.0,,,,
2025-06-20 09:00:00,-1.0,,,,
2025-06-20 10:00:00,-1.0,,,,
2025-06-20 11:00:00,-1.0,,,,
2025-06-20 13:00:00,-1.0,,,,
2025-06-20 14:00:00,-1.0,,,,
2025-06-20 15:00:00,-1.0,,,,
2025-06-20 21:00:00,-1.0,,,,
2025-06-20 22:00:00,-1.0,,,,
2025-06-20 23:00:00,-1.0,,,,
2025-06-23 09:00:00,-1.0,,,,
2025-06-23 10:00:00,-1.0,,,,
2025-06-23 11:00:00,-1.0,,,,
2025-06-23 13:00:00,-1.0,,,,
2025-06-23 14:00:00,-1.0,,,,
2025-06-23 15:00:00,-1.0,,,,
2025-06-23 21:00:00,-1.0,,,,
2025-06-23 22:00:00,-1.0,,,,
2025-06-23 23:00:00,-1.0,,,,
2025-06-24 09:00:00,-1.0,,,,
2025-06-24 10:00:00,-1.0,,,,
2025-06-24 11:00:00,0.0,,,,
2025-06-24 13:00:00,0.0,,,,
2025-06-24 14:00:00,1.0,,,,
2025-06-24 15:00:00,1.0,,,,
2025-06-24 21:00:00,1.0,,,,
2025-06-24 22:00:00,1.0,,,,
2025-06-24 23:00:00,1.0,,,,
2025-06-25 09:00:00,1.0,,,,
2025-06-25 10:00:00,1.0,,,,
2025-06-25 11:00:00,1.0,,,,
2025-06-25 13:00:00,1.0,,,,
2025-06-25 14:00:00,1.0,,,,
2025-06-25 15:00:00,1.0,,,,
2025-06-25 21:00:00,1.0,,,,
2025-06-25 22:00:00,1.0,,,,
2025-06-25 23:00:00,1.0,,,,
2025-06-26 09:00:00,1.0,,,,
2025-06-26 10:00:00,1.0,,,,
2025-06-26 11:00:00,1.0,,,,
2025-06-26 13:00:00,1.0,,,,
2025-06-26 14:00:00,1.0,,,,
2025-06-26 15:00:00,1.0,,,,
2025-06-26 21:00:00,0.0,,,,
2025-06-26 22:00:00,0.0,,,,
2025-06-26 23:00:00,0.0,,,,
2025-06-27 09:00:00,0.0,,,,
2025-06-27 10:00:00,0.0,,,,
2025-06-27 11:00:00,1.0,,,,
2025-06-27 13:00:00,1.0,,,,
2025-06-27 14:00:00,1.0,,,,
2025-06-27 15:00:00,1.0,,,,
2025-06-27 21:00:00,0.0,,,,
2025-06-27 22:00:00,0.0,,,,
2025-06-27 23:00:00,1.0,,,,
2025-06-30 09:00:00,1.0,,,,
2025-06-30 10:00:00,1.0,,,,
2025-06-30 11:00:00,1.0,,,,
2025-06-30 13:00:00,1.0,,,,
2025-06-30 14:00:00,1.0,,,,
2025-06-30 15:00:00,1.0,,,,
2025-06-30 21:00:00,1.0,,,,
2025-06-30 22:00:00,1.0,,,,
2025-06-30 23:00:00,1.0,,,,
2025-07-01 09:00:00,1.0,,,,
2025-07-01 10:00:00,1.0,,,,
2025-07-01 11:00:00,1.0,,,,
2025-07-01 13:00:00,1.0,,,,
2025-07-01 14:00:00,1.0,,,,
2025-07-01 15:00:00,1.0,,,,
2025-07-01 21:00:00,1.0,,,,
2025-07-01 22:00:00,1.0,,,,
2025-07-01 23:00:00,1.0,,,,
2025-07-02 09:00:00,1.0,,,,
2025-07-02 10:00:00,1.0,,,,
2025-07-02 11:00:00,1.0,,,,
2025-07-02 13:00:00,1.0,,,,
2025-07-02 14:00:00,0.0,,,,
2025-07-02 15:00:00,1.0,,,,
2025-07-02 21:00:00,1.0,,,,
2025-07-02 22:00:00,0.0,,,,
2025-07-02 23:00:00,0.0,,,,
2025-07-03 09:00:00,0.0,,,,
2025-07-03 10:00:00,0.0,,,,
2025-07-03 11:00:00,0.0,,,,
2025-07-03 13:00:00,0.0,,,,
2025-07-03 14:00:00,-1.0,,,,
2025-07-03 15:00:00,-1.0,,,,
2025-07-03 21:00:00,-1.0,,,,
2025-07-03 22:00:00,-1.0,,,,
2025-07-03 23:00:00,-1.0,,,,
2025-07-04 09:00:00,-1.0,,,,
2025-07-04 10:00:00,-1.0,,,,
2025-07-04 11:00:00,-1.0,,,,
2025-07-04 13:00:00,-1.0,,,,
2025-07-04 14:00:00,0.0,,,,
2025-07-04 15:00:00,0.0,,,,
2025-07-04 21:00:00,0.0,,,,
2025-07-04 22:00:00,-1.0,,,,
2025-07-04 23:00:00,-1.0,,,,
2025-07-07 09:00:00,0.0,,,,
2025-07-07 10:00:00,0.0,,,,
2025-07-07 11:00:00,0.0,,,,
2025-07-07 13:00:00,0.0,,,,
2025-07-07 14:00:00,1.0,,,,
2025-07-07 15:00:00,1.0,,,,
2025-07-07 21:00:00,1.0,,,,
2025-07-07 22:00:00,1.0,,,,
2025-07-07 23:00:00,1.0,,,,
2025-07-08 09:00:00,1.0,,,,
2025-07-08 10:00:00,1.0,,,,
2025-07-08 11:00:00,1.0,,,,
2025-07-08 13:00:00,1.0,,,,
2025-07-08 14:00:00,1.0,,,,
2025-07-08 15:00:00,1.0,,,,
2025-07-08 21:00:00,1.0,,,,
2025-07-08 22:00:00,1.0,,,,
2025-07-08 23:00:00,1.0,,,,
2025-07-09 09:00:00,1.0,,,,
2025-07-09 10:00:00,1.0,,,,
2025-07-09 11:00:00,1.0,,,,
2025-07-09 13:00:00,1.0,,,,
2025-07-09 14:00:00,1.0,,,,
2025-07-09 15:00:00,1.0,,,,
2025-07-09 21:00:00,1.0,,,,
2025-07-09 22:00:00,1.0,,,,
2025-07-09 23:00:00,1.0,,,,
2025-07-10 09:00:00,1.0,,,,
2025-07-10 10:00:00,1.0,,,,
2025-07-10 11:00:00,1.0,,,,
2025-07-10 13:00:00,1.0,,,,
2025-07-10 14:00:00,1.0,,,,
2025-07-10 15:00:00,0.0,,,,
2025-07-10 21:00:00,0.0,,,,
2025-07-10 22:00:00,0.0,,,,
2025-07-10 23:00:00,-1.0,,,,
2025-07-11 09:00:00,-1.0,,,,
2025-07-11 10:00:00,-1.0,,,,
2025-07-11 11:00:00,-1.0,,,,
2025-07-11 13:00:00,-1.0,,,,
2025-07-11 14:00:00,-1.0,,,,
2025-07-11 15:00:00,-1.0,,,,
2025-07-11 21:00:00,0.0,,,,
2025-07-11 22:00:00,0.0,,,,
2025-07-11 23:00:00,-1.0,,,,
2025-07-14 09:00:00,0.0,,,,
2025-07-14 10:00:00,-1.0,,,,
2025-07-14 11:00:00,-1.0,,,,
2025-07-14 13:00:00,-1.0,,,,
2025-07-14 14:00:00,1.0,,,,
2025-07-14 15:00:00,0.0,,,,
2025-07-14 21:00:00,1.0,,,,
2025-07-14 22:00:00,1.0,,,,
2025-07-14 23:00:00,1.0,,,,
2025-07-15 09:00:00,0.0,,,,
2025-07-15 10:00:00,1.0,,,,
2025-07-15 11:00:00,1.0,,,,
2025-07-15 13:00:00,1.0,,,,
2025-07-15 14:00:00,1.0,,,,
2025-07-15 15:00:00,1.0,,,,
2025-07-15 21:00:00,1.0,,,,
2025-07-15 22:00:00,1.0,,,,
2025-07-15 23:00:00,1.0,,,,
2025-07-16 09:00:00,1.0,,,,
2025-07-16 10:00:00,1.0,,,,
2025-07-16 11:00:00,1.0,,,,
2025-07-16 13:00:00,1.0,,,,
2025-07-16 14:00:00,1.0,,,,
2025-07-16 15:00:00,1.0,,,,
2025-07-16 21:00:00,1.0,,,,
2025-07-16 22:00:00,1.0,,,,
2025-07-16 23:00:00,1.0,,,,
2025-07-17 09:00:00,1.0,,,,
2025-07-17 10:00:00,1.0,,,,
2025-07-17 11:00:00,1.0,,,,
2025-07-17 13:00:00,1.0,,,,
2025-07-17 14:00:00,1.0,,,,
2025-07-17 15:00:00,1.0,,,,
2025-07-17 21:00:00,1.0,,,,
2025-07-17 22:00:00,1.0,,,,
2025-07-17 23:00:00,1.0,,,,
2025-07-18 09:00:00,1.0,,,,
2025-07-18 10:00:00,1.0,,,,
2025-07-18 11:00:00,1.0,,,,
2025-07-18 13:00:00,1.0,,,,
2025-07-18 14:00:00,1.0,,,,
2025-07-18 15:00:00,1.0,,,,
2025-07-18 21:00:00,1.0,,,,
2025-07-18 22:00:00,1.0,,,,
2025-07-18 23:00:00,1.0,,,,
2025-07-21 09:00:00,1.0,,,,
2025-07-21 10:00:00,1.0,,,,
2025-07-21 11:00:00,1.0,,,,
2025-07-21 13:00:00,1.0,,,,
2025-07-21 14:00:00,1.0,,,,
2025-07-21 15:00:00,1.0,,,,
2025-07-21 21:00:00,1.0,,,,
2025-07-21 22:00:00,1.0,,,,
2025-07-21 23:00:00,1.0,,,,
2025-07-22 09:00:00,1.0,,,,
2025-07-22 10:00:00,1.0,,,,
2025-07-22 11:00:00,1.0,,,,
2025-07-22 13:00:00,1.0,,,,
2025-07-22 14:00:00,0.0,,,,
2025-07-22 15:00:00,0.0,,,,
2025-07-22 21:00:00,1.0,,,,
2025-07-22 22:00:00,0.0,,,,
2025-07-22 23:00:00,1.0,,,,
2025-07-23 09:00:00,1.0,,,,
2025-07-23 10:00:00,1.0,,,,
2025-07-23 11:00:00,1.0,,,,
2025-07-23 13:00:00,1.0,,,,
2025-07-23 14:00:00,1.0,,,,
2025-07-23 15:00:00,-1.0,,,,
2025-07-23 21:00:00,-1.0,,,,
2025-07-23 22:00:00,0.0,,,,
2025-07-23 23:00:00,0.0,,,,
2025-07-24 09:00:00,-1.0,,,,
2025-07-24 10:00:00,-1.0,,,,
2025-07-24 11:00:00,-1.0,,,,
2025-07-24 13:00:00,-1.0,,,,
2025-07-24 14:00:00,-1.0,,,,
2025-07-24 15:00:00,-1.0,,,,
2025-07-24 21:00:00,-1.0,,,,
2025-07-24 22:00:00,-1.0,,,,
2025-07-24 23:00:00,-1.0,,,,
2025-07-25 09:00:00,0.0,,,,
2025-07-25 10:00:00,1.0,,,,
2025-07-25 11:00:00,1.0,,,,
2025-07-25 13:00:00,1.0,,,,
2025-07-25 14:00:00,1.0,,,,
2025-07-25 15:00:00,1.0,,,,
2025-07-25 21:00:00,1.0,,,,
2025-07-25 22:00:00,1.0,,,,
2025-07-25 23:00:00,1.0,,,,
2025-07-28 09:00:00,1.0,,,,
2025-07-28 10:00:00,1.0,,,,
2025-07-28 11:00:00,1.0,,,,
2025-07-28 13:00:00,1.0,,,,
2025-07-28 14:00:00,1.0,,,,
2025-07-28 15:00:00,1.0,,,,
2025-07-28 21:00:00,1.0,,,,
2025-07-28 22:00:00,1.0,,,,
2025-07-28 23:00:00,1.0,,,,
2025-07-29 09:00:00,0.0,,,,
2025-07-29 10:00:00,-1.0,,,,
2025-07-29 11:00:00,-1.0,,,,
2025-07-29 13:00:00,-1.0,,,,
2025-07-29 14:00:00,-1.0,,,,
2025-07-29 15:00:00,-1.0,,,,
2025-07-29 21:00:00,-1.0,,,,
2025-07-29 22:00:00,-1.0,,,,
2025-07-29 23:00:00,-1.0,,,,
2025-07-30 09:00:00,-1.0,,,,
2025-07-30 10:00:00,-1.0,,,,
2025-07-30 11:00:00,-1.0,,,,
2025-07-30 13:00:00,-1.0,,,,
2025-07-30 14:00:00,-1.0,,,,
2025-07-30 15:00:00,-1.0,,,,
2025-07-30 21:00:00,-1.0,,,,
2025-07-30 22:00:00,-1.0,,,,
2025-07-30 23:00:00,-1.0,,,,
2025-07-31 09:00:00,-1.0,,,,
2025-07-31 10:00:00,-1.0,,,,
2025-07-31 11:00:00,0.0,,,,
2025-07-31 13:00:00,0.0,,,,
2025-07-31 14:00:00,1.0,,,,
2025-07-31 15:00:00,1.0,,,,
2025-07-31 21:00:00,0.0,,,,
2025-07-31 22:00:00,0.0,,,,
2025-07-31 23:00:00,0.0,,,,
2025-08-01 09:00:00,0.0,,,,
2025-08-01 10:00:00,1.0,,,,
2025-08-01 11:00:00,1.0,,,,
2025-08-01 13:00:00,1.0,,,,
2025-08-01 14:00:00,1.0,,,,
2025-08-01 15:00:00,1.0,,,,
2025-08-01 21:00:00,1.0,,,,
2025-08-01 22:00:00,1.0,,,,
2025-08-01 23:00:00,1.0,,,,
2025-08-04 09:00:00,1.0,,,,
2025-08-04 10:00:00,1.0,,,,
2025-08-04 11:00:00,1.0,,,,
2025-08-04 13:00:00,1.0,,,,
2025-08-04 14:00:00,1.0,,,,
2025-08-04 15:00:00,1.0,,,,
2025-08-04 21:00:00,1.0,,,,
2025-08-04 22:00:00,1.0,,,,
2025-08-04 23:00:00,1.0,,,,
2025-08-05 09:00:00,1.0,,,,
2025-08-05 10:00:00,1.0,,,,
2025-08-05 11:00:00,0.0,,,,
2025-08-05 13:00:00,0.0,,,,
2025-08-05 14:00:00,-1.0,,,,
2025-08-05 15:00:00,-1.0,,,,
2025-08-05 21:00:00,-1.0,,,,
2025-08-05 22:00:00,-1.0,,,,
2025-08-05 23:00:00,-1.0,,,,
2025-08-06 09:00:00,-1.0,,,,
2025-08-06 10:00:00,-1.0,,,,
2025-08-06 11:00:00,-1.0,,,,
2025-08-06 13:00:00,-1.0,,,,
2025-08-06 14:00:00,-1.0,,,,
2025-08-06 15:00:00,-1.0,,,,
2025-08-06 21:00:00,-1.0,,,,
2025-08-06 22:00:00,0.0,,,,
2025-08-06 23:00:00,0.0,,,,
2025-08-07 09:00:00,0.0,,,,
2025-08-07 10:00:00,0.0,,,,
2025-08-07 11:00:00,0.0,,,,
2025-08-07 13:00:00,1.0,,,,
2025-08-07 14:00:00,1.0,,,,
2025-08-07 15:00:00,1.0,,,,
2025-08-07 21:00:00,1.0,,,,
2025-08-07 22:00:00,1.0,,,,
2025-08-07 23:00:00,1.0,,,,
2025-08-08 09:00:00,1.0,,,,
2025-08-08 10:00:00,1.0,,,,
2025-08-08 11:00:00,1.0,,,,
2025-08-08 13:00:00,1.0,,,,
2025-08-08 14:00:00,1.0,,,,
2025-08-08 15:00:00,1.0,,,,
2025-08-08 21:00:00,1.0,,,,
2025-08-08 22:00:00,1.0,,,,
2025-08-08 23:00:00,1.0,,,,
2025-08-11 09:00:00,1.0,,,,
2025-08-11 10:00:00,1.0,,,,
2025-08-11 11:00:00,0.0,,,,
2025-08-11 13:00:00,0.0,,,,
2025-08-11 14:00:00,-1.0,,,,
2025-08-11 15:00:00,-1.0,,,,
2025-08-11 21:00:00,-1.0,,,,
2025-08-11 22:00:00,-1.0,,,,
2025-08-11 23:00:00,-1.0,,,,
2025-08-12 09:00:00,-1.0,,,,
2025-08-12 10:00:00,-1.0,,,,
2025-08-12 11:00:00,-1.0,,,,
2025-08-12 13:00:00,-1.0,,,,
2025-08-12 14:00:00,-1.0,,,,
2025-08-12 15:00:00,-1.0,,,,
2025-08-12 21:00:00,-1.0,,,,
2025-08-12 22:00:00,-1.0,,,,
2025-08-12 23:00:00,-1.0,,,,
2025-08-13 09:00:00,-1.0,,,,
2025-08-13 10:00:00,-1.0,,,,
2025-08-13 11:00:00,-1.0,,,,
2025-08-13 13:00:00,-1.0,,,,
2025-08-13 14:00:00,0.0,,,,
2025-08-13 15:00:00,0.0,,,,
2025-08-13 21:00:00,0.0,,,,
2025-08-13 22:00:00,0.0,,,,
2025-08-13 23:00:00,-1.0,,,,
2025-08-14 09:00:00,-1.0,,,,
2025-08-14 10:00:00,-1.0,,,,
2025-08-14 11:00:00,0.0,,,,
2025-08-14 13:00:00,0.0,,,,
2025-08-14 14:00:00,0.0,,,,
2025-08-14 15:00:00,0.0,,,,
2025-08-14 21:00:00,0.0,,,,
2025-08-14 22:00:00,0.0,,,,
2025-08-14 23:00:00,-1.0,,,,
2025-08-15 09:00:00,0.0,,,,
2025-08-15 10:00:00,0.0,,,,
2025-08-15 11:00:00,0.0,,,,
2025-08-15 13:00:00,-1.0,,,,
2025-08-15 14:00:00,-1.0,,,,
2025-08-15 15:00:00,-1.0,,,,
2025-08-15 21:00:00,-1.0,,,,
2025-08-15 22:00:00,-1.0,,,,
2025-08-15 23:00:00,-1.0,,,,
2025-08-18 09:00:00,-1.0,,,,
2025-08-18 10:00:00,-1.0,,,,
2025-08-18 11:00:00,-1.0,,,,
2025-08-18 13:00:00,-1.0,,,,
2025-08-18 14:00:00,-1.0,,,,
2025-08-18 15:00:00,-1.0,,,,
2025-08-18 21:00:00,-1.0,,,,
2025-08-18 22:00:00,-1.0,,,,
2025-08-18 23:00:00,-1.0,,,,
2025-08-19 09:00:00,-1.0,,,,
2025-08-19 10:00:00,-1.0,,,,
2025-08-19 11:00:00,-1.0,,,,
2025-08-19 13:00:00,-1.0,,,,
2025-08-19 14:00:00,-1.0,,,,
2025-08-19 15:00:00,-1.0,,,,
2025-08-19 21:00:00,-1.0,,,,
2025-08-19 22:00:00,-1.0,,,,
2025-08-19 23:00:00,-1.0,,,,
2025-08-20 09:00:00,-1.0,,,,
2025-08-20 10:00:00,-1.0,,,,
2025-08-20 11:00:00,-1.0,,,,
2025-08-20 13:00:00,-1.0,,,,
2025-08-20 14:00:00,-1.0,,,,
2025-08-20 15:00:00,0.0,,,,
2025-08-20 21:00:00,-1.0,,,,
2025-08-20 22:00:00,-1.0,,,,
2025-08-20 23:00:00,0.0,,,,
2025-08-21 09:00:00,0.0,,,,
2025-08-21 10:00:00,0.0,,,,
2025-08-21 11:00:00,0.0,,,,
2025-08-21 13:00:00,0.0,,,,
2025-08-21 14:00:00,1.0,,,,
2025-08-21 15:00:00,1.0,,,,
2025-08-21 21:00:00,1.0,,,,
2025-08-21 22:00:00,1.0,,,,
2025-08-21 23:00:00,1.0,,,,
2025-08-22 09:00:00,1.0,,,,
2025-08-22 10:00:00,1.0,,,,
2025-08-22 11:00:00,1.0,,,,
2025-08-22 13:00:00,0.0,,,,
2025-08-22 14:00:00,0.0,,,,
2025-08-22 15:00:00,0.0,,,,
2025-08-22 21:00:00,-1.0,,,,
2025-08-22 22:00:00,-1.0,,,,
2025-08-22 23:00:00,-1.0,,,,
2025-08-25 09:00:00,-1.0,,,,
2025-08-25 10:00:00,-1.0,,,,
2025-08-25 11:00:00,-1.0,,,,
2025-08-25 13:00:00,-1.0,,,,
2025-08-25 14:00:00,-1.0,,,,
2025-08-25 15:00:00,-1.0,,,,
2025-08-25 21:00:00,-1.0,,,,
2025-08-25 22:00:00,-1.0,,,,
2025-08-25 23:00:00,-1.0,,,,
2025-08-26 09:00:00,-1.0,,,,
2025-08-26 10:00:00,0.0,,,,
2025-08-26 11:00:00,0.0,,,,
2025-08-26 13:00:00,1.0,,,,
2025-08-26 14:00:00,0.0,,,,
2025-08-26 15:00:00,0.0,,,,
2025-08-26 21:00:00,1.0,,,,
2025-08-26 22:00:00,0.0,,,,
2025-08-26 23:00:00,0.0,,,,
2025-08-27 09:00:00,1.0,,,,
2025-08-27 10:00:00,1.0,,,,
2025-08-27 11:00:00,0.0,,,,
2025-08-27 13:00:00,0.0,,,,
2025-08-27 14:00:00,-1.0,,,,
2025-08-27 15:00:00,-1.0,,,,
2025-08-27 21:00:00,-1.0,,,,
2025-08-27 22:00:00,-1.0,,,,
2025-08-27 23:00:00,-1.0,,,,
2025-08-28 09:00:00,-1.0,,,,
2025-08-28 10:00:00,-1.0,,,,
2025-08-28 11:00:00,-1.0,,,,
2025-08-28 13:00:00,-1.0,,,,
2025-08-28 14:00:00,-1.0,,,,
2025-08-28 15:00:00,-1.0,,,,
2025-08-28 21:00:00,-1.0,,,,
2025-08-28 22:00:00,-1.0,,,,
2025-08-28 23:00:00,-1.0,,,,
2025-08-29 09:00:00,-1.0,,,,
2025-08-29 10:00:00,-1.0,,,,
2025-08-29 11:00:00,-1.0,,,,
2025-08-29 13:00:00,-1.0,,,,
2025-08-29 14:00:00,-1.0,,,,
2025-08-29 15:00:00,-1.0,,,,
2025-08-29 21:00:00,0.0,,,,
2025-08-29 22:00:00,-1.0,,,,
2025-08-29 23:00:00,-1.0,,,,
2025-09-01 09:00:00,-1.0,,,,
2025-09-01 10:00:00,0.0,,,,
2025-09-01 11:00:00,0.0,,,,
2025-09-01 13:00:00,0.0,,,,
2025-09-01 14:00:00,-1.0,,,,
2025-09-01 15:00:00,-1.0,,,,
2025-09-01 21:00:00,-1.0,,,,
2025-09-01 22:00:00,0.0,,,,
2025-09-01 23:00:00,1.0,,,,
2025-09-02 09:00:00,1.0,,,,
2025-09-02 10:00:00,1.0,,,,
2025-09-02 11:00:00,0.0,,,,
2025-09-02 13:00:00,0.0,,,,
2025-09-02 14:00:00,1.0,,,,
2025-09-02 15:00:00,1.0,,,,
2025-09-02 21:00:00,0.0,,,,
2025-09-02 22:00:00,-1.0,,,,
2025-09-02 23:00:00,0.0,,,,
2025-09-03 09:00:00,1.0,,,,
2025-09-03 10:00:00,1.0,,,,
2025-09-03 11:00:00,1.0,,,,
2025-09-03 13:00:00,1.0,,,,
2025-09-03 14:00:00,1.0,,,,
2025-09-03 15:00:00,1.0,,,,
2025-09-03 21:00:00,1.0,,,,
2025-09-03 22:00:00,1.0,,,,
2025-09-03 23:00:00,1.0,,,,
2025-09-04 09:00:00,1.0,,,,
2025-09-04 10:00:00,1.0,,,,
2025-09-04 11:00:00,1.0,,,,
2025-09-04 13:00:00,1.0,,,,
2025-09-04 14:00:00,1.0,,,,
2025-09-04 15:00:00,1.0,,,,
2025-09-04 21:00:00,1.0,,,,
2025-09-04 22:00:00,1.0,,,,
2025-09-04 23:00:00,1.0,,,,
2025-09-05 09:00:00,1.0,,,,
2025-09-05 10:00:00,1.0,,,,
2025-09-05 11:00:00,1.0,,,,
2025-09-05 13:00:00,1.0,,,,
2025-09-05 14:00:00,-1.0,,,,
2025-09-05 15:00:00,0.0,,,,
2025-09-05 21:00:00,0.0,,,,
2025-09-05 22:00:00,1.0,,,,
2025-09-05 23:00:00,1.0,,,,
2025-09-08 09:00:00,1.0,,,,
2025-09-08 10:00:00,0.0,,,,
2025-09-08 11:00:00,0.0,,,,
2025-09-08 13:00:00,0.0,,,,
2025-09-08 14:00:00,-1.0,,,,
2025-09-08 15:00:00,0.0,,,,
2025-09-08 21:00:00,0.0,,,,
2025-09-08 22:00:00,0.0,,,,
2025-09-08 23:00:00,0.0,,,,
2025-09-09 09:00:00,-1.0,,,,
2025-09-09 10:00:00,-1.0,,,,
2025-09-09 11:00:00,-1.0,,,,
2025-09-09 13:00:00,-1.0,,,,
2025-09-09 14:00:00,-1.0,,,,
2025-09-09 15:00:00,-1.0,,,,
2025-09-09 21:00:00,0.0,,,,
2025-09-09 22:00:00,0.0,,,,
2025-09-09 23:00:00,1.0,,,,
2025-09-10 09:00:00,1.0,,,,
2025-09-10 10:00:00,0.0,,,,
2025-09-10 11:00:00,1.0,,,,
2025-09-10 13:00:00,1.0,,,,
2025-09-10 14:00:00,1.0,,,,
2025-09-10 15:00:00,0.0,,,,
2025-09-10 21:00:00,0.0,,,,
2025-09-10 22:00:00,0.0,,,,
2025-09-10 23:00:00,0.0,,,,
2025-09-11 09:00:00,1.0,,,,
2025-09-11 10:00:00,1.0,,,,
2025-09-11 11:00:00,1.0,,,,
2025-09-11 13:00:00,1.0,,,,
2025-09-11 14:00:00,1.0,,,,
2025-09-11 15:00:00,1.0,,,,
2025-09-11 21:00:00,1.0,,,,
2025-09-11 22:00:00,1.0,,,,
2025-09-11 23:00:00,1.0,,,,
2025-09-12 09:00:00,1.0,,,,
2025-09-12 10:00:00,1.0,,,,
2025-09-12 11:00:00,1.0,,,,
2025-09-12 13:00:00,1.0,,,,
2025-09-12 14:00:00,1.0,,,,
2025-09-12 15:00:00,1.0,,,,
2025-09-12 21:00:00,1.0,,,,
2025-09-12 22:00:00,1.0,,,,
2025-09-12 23:00:00,1.0,,,,
2025-09-15 09:00:00,1.0,,,,
2025-09-15 10:00:00,1.0,,,,
2025-09-15 11:00:00,1.0,,,,
2025-09-15 13:00:00,1.0,,,,
2025-09-15 14:00:00,1.0,,,,
2025-09-15 15:00:00,1.0,,,,
2025-09-15 21:00:00,-1.0,,,,
2025-09-15 22:00:00,-1.0,,,,
2025-09-15 23:00:00,-1.0,,,,
2025-09-16 09:00:00,-1.0,,,,
2025-09-16 10:00:00,-1.0,,,,
2025-09-16 11:00:00,-1.0,,,,
2025-09-16 13:00:00,-1.0,,,,
2025-09-16 14:00:00,-1.0,,,,
2025-09-16 15:00:00,-1.0,,,,
2025-09-16 21:00:00,-1.0,,,,
2025-09-16 22:00:00,-1.0,,,,
2025-09-16 23:00:00,-1.0,,,,
2025-09-17 09:00:00,-1.0,,,,
2025-09-17 10:00:00,-1.0,,,,
2025-09-17 11:00:00,-1.0,,,,
2025-09-17 13:00:00,0.0,,,,
2025-09-17 14:00:00,0.0,,,,
2025-09-17 15:00:00,0.0,,,,
2025-09-17 21:00:00,0.0,,,,
2025-09-17 22:00:00,0.0,,,,
2025-09-17 23:00:00,0.0,,,,
2025-09-18 09:00:00,0.0,,,,
2025-09-18 10:00:00,1.0,,,,
2025-09-18 11:00:00,1.0,,,,
2025-09-18 13:00:00,1.0,,,,
2025-09-18 14:00:00,0.0,,,,
2025-09-18 15:00:00,0.0,,,,
2025-09-18 21:00:00,0.0,,,,
2025-09-18 22:00:00,1.0,,,,
2025-09-18 23:00:00,0.0,,,,
2025-09-19 09:00:00,-1.0,,,,
2025-09-19 10:00:00,-1.0,,,,
2025-09-19 11:00:00,-1.0,,,,
2025-09-19 13:00:00,-1.0,,,,
2025-09-19 14:00:00,-1.0,,,,
2025-09-19 15:00:00,-1.0,,,,
2025-09-19 21:00:00,-1.0,,,,
2025-09-19 22:00:00,-1.0,,,,
2025-09-19 23:00:00,-1.0,,,,
2025-09-22 09:00:00,-1.0,,,,
2025-09-22 10:00:00,-1.0,,,,
2025-09-22 11:00:00,-1.0,,,,
2025-09-22 13:00:00,-1.0,,,,
2025-09-22 14:00:00,-1.0,,,,
2025-09-22 15:00:00,-1.0,,,,
2025-09-22 21:00:00,0.0,,,,
2025-09-22 22:00:00,-1.0,,,,
2025-09-22 23:00:00,0.0,,,,
2025-09-23 09:00:00,0.0,,,,
2025-09-23 10:00:00,1.0,,,,
2025-09-23 11:00:00,1.0,,,,
2025-09-23 13:00:00,1.0,,,,
2025-09-23 14:00:00,0.0,,,,
2025-09-23 15:00:00,0.0,,,,
2025-09-23 21:00:00,0.0,,,,
2025-09-23 22:00:00,-1.0,,,,
2025-09-23 23:00:00,0.0,,,,
2025-09-24 09:00:00,-1.0,,,,
2025-09-24 10:00:00,-1.0,,,,
2025-09-24 11:00:00,-1.0,,,,
2025-09-24 13:00:00,-1.0,,,,
2025-09-24 14:00:00,-1.0,,,,
2025-09-24 15:00:00,-1.0,,,,
2025-09-24 21:00:00,-1.0,,,,
2025-09-24 22:00:00,-1.0,,,,
2025-09-24 23:00:00,-1.0,,,,
2025-09-25 09:00:00,-1.0,,,,
2025-09-25 10:00:00,-1.0,,,,
2025-09-25 11:00:00,-1.0,,,,
2025-09-25 13:00:00,-1.0,,,,
2025-09-25 14:00:00,-1.0,,,,
2025-09-25 15:00:00,-1.0,,,,
2025-09-25 21:00:00,-1.0,,,,
2025-09-25 22:00:00,-1.0,,,,
2025-09-25 23:00:00,-1.0,,,,
2025-09-26 09:00:00,-1.0,,,,
2025-09-26 10:00:00,-1.0,,,,
2025-09-26 11:00:00,-1.0,,,,
2025-09-26 13:00:00,-1.0,,,,
2025-09-26 14:00:00,-1.0,,,,
2025-09-26 15:00:00,-1.0,,,,
2025-09-26 21:00:00,-1.0,,,,
2025-09-26 22:00:00,-1.0,,,,
2025-09-26 23:00:00,-1.0,,,,
2025-09-29 09:00:00,-1.0,,,,
2025-09-29 10:00:00,0.0,,,,
2025-09-29 11:00:00,0.0,,,,
2025-09-29 13:00:00,-1.0,,,,
2025-09-29 14:00:00,0.0,,,,
2025-09-29 15:00:00,-1.0,,,,
2025-09-29 21:00:00,-1.0,,,,
2025-09-29 22:00:00,0.0,,,,
2025-09-29 23:00:00,0.0,,,,
2025-09-30 09:00:00,0.0,,,,
2025-09-30 10:00:00,1.0,,,,
2025-09-30 11:00:00,1.0,,,,
2025-09-30 13:00:00,1.0,,,,
2025-09-30 14:00:00,0.0,,,,
2025-09-30 15:00:00,0.0,,,,
2025-10-09 09:00:00,-1.0,,,,
2025-10-09 10:00:00,-1.0,,,,
2025-10-09 11:00:00,0.0,,,,
2025-10-09 13:00:00,-1.0,,,,
2025-10-09 14:00:00,-1.0,,,,
2025-10-09 15:00:00,-1.0,,,,
2025-10-09 21:00:00,-1.0,,,,
2025-10-09 22:00:00,-1.0,,,,
2025-10-09 23:00:00,-1.0,,,,
2025-10-10 09:00:00,-1.0,,,,
2025-10-10 10:00:00,-1.0,,,,
2025-10-10 11:00:00,-1.0,,,,
2025-10-10 13:00:00,-1.0,,,,
2025-10-10 14:00:00,-1.0,,,,
2025-10-10 15:00:00,-1.0,,,,
2025-10-10 21:00:00,-1.0,,,,
2025-10-10 22:00:00,-1.0,,,,
2025-10-10 23:00:00,-1.0,,,,
2025-10-13 09:00:00,-1.0,,,,
2025-10-13 10:00:00,-1.0,,,,
2025-10-13 11:00:00,-1.0,,,,
2025-10-13 13:00:00,-1.0,,,,
2025-10-13 14:00:00,-1.0,,,,
2025-10-13 15:00:00,-1.0,,,,
2025-10-13 21:00:00,-1.0,,,,
2025-10-13 22:00:00,-1.0,,,,
2025-10-13 23:00:00,-1.0,,,,
2025-10-14 09:00:00,-1.0,,,,
2025-10-14 10:00:00,-1.0,,,,
2025-10-14 11:00:00,-1.0,,,,
2025-10-14 13:00:00,-1.0,,,,
2025-10-14 14:00:00,-1.0,,,,
2025-10-14 15:00:00,-1.0,,,,
2025-10-14 21:00:00,-1.0,,,,
2025-10-14 22:00:00,0.0,,,,
2025-10-14 23:00:00,-1.0,,,,
2025-10-15 09:00:00,-1.0,,,,
2025-10-15 10:00:00,-1.0,,,,
2025-10-15 11:00:00,0.0,,,,
2025-10-15 13:00:00,-1.0,,,,
2025-10-15 14:00:00,1.0,,,,
2025-10-15 15:00:00,1.0,,,,
2025-10-15 21:00:00,1.0,,,,
2025-10-15 22:00:00,1.0,,,,
2025-10-15 23:00:00,1.0,,,,
2025-10-16 09:00:00,1.0,,,,
2025-10-16 10:00:00,0.0,,,,
2025-10-16 11:00:00,1.0,,,,
2025-10-16 13:00:00,0.0,,,,
2025-10-16 14:00:00,0.0,,,,
2025-10-16 15:00:00,0.0,,,,
2025-10-16 21:00:00,0.0,,,,
2025-10-16 22:00:00,0.0,,,,
2025-10-16 23:00:00,0.0,,,,
2025-10-17 09:00:00,0.0,,,,
2025-10-17 10:00:00,1.0,,,,
2025-10-17 11:00:00,0.0,,,,
2025-10-17 13:00:00,0.0,,,,
2025-10-17 14:00:00,1.0,,,,
2025-10-17 15:00:00,1.0,,,,
2025-10-17 21:00:00,0.0,,,,
2025-10-17 22:00:00,0.0,,,,
2025-10-17 23:00:00,1.0,,,,
2025-10-20 09:00:00,0.0,,,,
2025-10-20 10:00:00,1.0,,,,
2025-10-20 11:00:00,1.0,,,,
2025-10-20 13:00:00,1.0,,,,
2025-10-20 14:00:00,1.0,,,,
2025-10-20 15:00:00,1.0,,,,
2025-10-20 21:00:00,1.0,,,,
2025-10-20 22:00:00,1.0,,,,
2025-10-20 23:00:00,1.0,,,,
2025-10-21 09:00:00,1.0,,,,
2025-10-21 10:00:00,1.0,,,,
2025-10-21 11:00:00,1.0,,,,
2025-10-21 13:00:00,1.0,,,,
2025-10-21 14:00:00,1.0,,,,
2025-10-21 15:00:00,1.0,,,,
2025-10-21 21:00:00,1.0,,,,
2025-10-21 22:00:00,1.0,,,,
2025-10-21 23:00:00,1.0,,,,
2025-10-22 09:00:00,1.0,,,,
2025-10-22 10:00:00,1.0,,,,
2025-10-22 11:00:00,1.0,,,,
2025-10-22 13:00:00,0.0,,,,
2025-10-22 14:00:00,1.0,,,,
2025-10-22 15:00:00,1.0,,,,
2025-10-22 21:00:00,1.0,,,,
2025-10-22 22:00:00,1.0,,,,
2025-10-22 23:00:00,1.0,,,,
2025-10-23 09:00:00,1.0,,,,
2025-10-23 10:00:00,1.0,,,,
2025-10-23 11:00:00,1.0,,,,
2025-10-23 13:00:00,1.0,,,,
2025-10-23 14:00:00,1.0,,,,
2025-10-23 15:00:00,1.0,,,,
2025-10-23 21:00:00,1.0,,,,
2025-10-23 22:00:00,1.0,,,,
2025-10-23 23:00:00,1.0,,,,
2025-10-24 09:00:00,1.0,,,,
2025-10-24 10:00:00,1.0,,,,
2025-10-24 11:00:00,1.0,,,,
2025-10-24 13:00:00,1.0,,,,
2025-10-24 14:00:00,1.0,,,,
2025-10-24 15:00:00,1.0,,,,
2025-10-24 21:00:00,1.0,,,,
2025-10-24 22:00:00,1.0,,,,
2025-10-24 23:00:00,1.0,,,,
2025-10-27 09:00:00,1.0,,,,
2025-10-27 10:00:00,1.0,,,,
2025-10-27 11:00:00,1.0,,,,
2025-10-27 13:00:00,1.0,,,,
2025-10-27 14:00:00,1.0,,,,
2025-10-27 15:00:00,1.0,,,,
2025-10-27 21:00:00,1.0,,,,
2025-10-27 22:00:00,1.0,,,,
2025-10-27 23:00:00,1.0,,,,
2025-10-28 09:00:00,1.0,,,,
2025-10-28 10:00:00,1.0,,,,
2025-10-28 11:00:00,1.0,,,,
2025-10-28 13:00:00,1.0,,,,
2025-10-28 14:00:00,0.0,,,,
2025-10-28 15:00:00,1.0,,,,
2025-10-28 21:00:00,0.0,,,,
2025-10-28 22:00:00,0.0,,,,
2025-10-28 23:00:00,0.0,,,,
2025-10-29 09:00:00,-1.0,,,,
2025-10-29 10:00:00,-1.0,,,,
2025-10-29 11:00:00,-1.0,,,,
2025-10-29 13:00:00,-1.0,,,,
2025-10-29 14:00:00,-1.0,,,,
2025-10-29 15:00:00,-1.0,,,,
2025-10-29 21:00:00,-1.0,,,,
2025-10-29 22:00:00,-1.0,,,,
2025-10-29 23:00:00,-1.0,,,,
2025-10-30 09:00:00,-1.0,,,,
2025-10-30 10:00:00,-1.0,,,,
2025-10-30 11:00:00,-1.0,,,,
2025-10-30 13:00:00,-1.0,,,,
2025-10-30 14:00:00,-1.0,,,,
2025-10-30 15:00:00,-1.0,,,,
2025-10-30 21:00:00,-1.0,,,,
2025-10-30 22:00:00,-1.0,,,,
2025-10-30 23:00:00,-1.0,,,,
2025-10-31 09:00:00,-1.0,,,,
2025-10-31 10:00:00,-1.0,,,,
2025-10-31 11:00:00,-1.0,,,,
2025-10-31 13:00:00,-1.0,,,,
2025-10-31 14:00:00,-1.0,,,,
2025-10-31 15:00:00,-1.0,,,,
2025-10-31 21:00:00,-1.0,,,,
2025-10-31 22:00:00,-1.0,,,,
2025-10-31 23:00:00,-1.0,,,,
2025-11-03 09:00:00,-1.0,,,,
2025-11-03 10:00:00,-1.0,,,,
2025-11-03 11:00:00,-1.0,,,,
2025-11-03 13:00:00,-1.0,,,,
2025-11-03 14:00:00,-1.0,,,,
2025-11-03 15:00:00,-1.0,,,,
2025-11-03 21:00:00,-1.0,,,,
2025-11-03 22:00:00,-1.0,,,,
2025-11-03 23:00:00,-1.0,,,,
2025-11-04 09:00:00,-1.0,,,,
2025-11-04 10:00:00,-1.0,,,,
2025-11-04 11:00:00,-1.0,,,,
2025-11-04 13:00:00,-1.0,,,,
2025-11-04 14:00:00,0.0,,,,
2025-11-04 15:00:00,-1.0,,,,
2025-11-04 21:00:00,0.0,,,,
2025-11-04 22:00:00,0.0,,,,
2025-11-04 23:00:00,0.0,,,,
2025-11-05 09:00:00,0.0,,,,
2025-11-05 10:00:00,0.0,,,,
2025-11-05 11:00:00,0.0,,,,
2025-11-05 13:00:00,-1.0,,,,
2025-11-05 14:00:00,-1.0,,,,
2025-11-05 15:00:00,-1.0,,,,
2025-11-05 21:00:00,-1.0,,,,
2025-11-05 22:00:00,-1.0,,,,
2025-11-05 23:00:00,-1.0,,,,
2025-11-06 09:00:00,-1.0,,,,
2025-11-06 10:00:00,-1.0,,,,
2025-11-06 11:00:00,-1.0,,,,
2025-11-06 13:00:00,0.0,,,,
2025-11-06 14:00:00,0.0,,,,
2025-11-06 15:00:00,0.0,,,,
2025-11-06 21:00:00,0.0,,,,
2025-11-06 22:00:00,0.0,,,,
2025-11-06 23:00:00,0.0,,,,
2025-11-07 09:00:00,0.0,,,,
2025-11-07 10:00:00,0.0,,,,
2025-11-07 11:00:00,0.0,,,,
2025-11-07 13:00:00,0.0,,,,
2025-11-07 14:00:00,1.0,,,,
2025-11-07 15:00:00,1.0,,,,
2025-11-07 21:00:00,1.0,,,,
2025-11-07 22:00:00,1.0,,,,
2025-11-07 23:00:00,1.0,,,,
2025-11-10 09:00:00,1.0,,,,
2025-11-10 10:00:00,1.0,,,,
2025-11-10 11:00:00,1.0,,,,
2025-11-10 13:00:00,0.0,,,,
2025-11-10 14:00:00,0.0,,,,
2025-11-10 15:00:00,0.0,,,,
2025-11-10 21:00:00,0.0,,,,
2025-11-10 22:00:00,0.0,,,,
2025-11-10 23:00:00,1.0,,,,
2025-11-11 09:00:00,1.0,,,,
2025-11-11 10:00:00,1.0,,,,
2025-11-11 11:00:00,0.0,,,,
2025-11-11 13:00:00,0.0,,,,
2025-11-11 14:00:00,1.0,,,,
2025-11-11 15:00:00,0.0,,,,
2025-11-11 21:00:00,-1.0,,,,
2025-11-11 22:00:00,0.0,,,,
2025-11-11 23:00:00,-1.0,,,,
2025-11-12 09:00:00,-1.0,,,,
2025-11-12 10:00:00,0.0,,,,
2025-11-12 11:00:00,0.0,,,,
2025-11-12 13:00:00,0.0,,,,
2025-11-12 14:00:00,0.0,,,,
2025-11-12 15:00:00,0.0,,,,
2025-11-12 21:00:00,0.0,,,,
2025-11-12 22:00:00,1.0,,,,
2025-11-12 23:00:00,1.0,,,,
2025-11-13 09:00:00,1.0,,,,
2025-11-13 10:00:00,1.0,,,,
2025-11-13 11:00:00,1.0,,,,
2025-11-13 13:00:00,1.0,,,,
2025-11-13 14:00:00,1.0,,,,
2025-11-13 15:00:00,1.0,,,,
2025-11-13 21:00:00,1.0,,,,
2025-11-13 22:00:00,1.0,,,,
2025-11-13 23:00:00,1.0,,,,
2025-11-14 09:00:00,1.0,,,,
2025-11-14 10:00:00,1.0,,,,
2025-11-14 11:00:00,1.0,,,,
2025-11-14 13:00:00,1.0,,,,
2025-11-14 14:00:00,1.0,,,,
2025-11-14 15:00:00,1.0,,,,
2025-11-14 21:00:00,1.0,,,,
2025-11-14 22:00:00,1.0,,,,
2025-11-14 23:00:00,1.0,,,,
2025-11-17 09:00:00,1.0,,,,
2025-11-17 10:00:00,0.0,,,,
2025-11-17 11:00:00,0.0,,,,
2025-11-17 13:00:00,-1.0,,,,
2025-11-17 14:00:00,-1.0,,,,
2025-11-17 15:00:00,-1.0,,,,
2025-11-17 21:00:00,-1.0,,,,
2025-11-17 22:00:00,-1.0,,,,
2025-11-17 23:00:00,-1.0,,,,
2025-11-18 09:00:00,0.0,,,,
2025-11-18 10:00:00,-1.0,,,,
2025-11-18 11:00:00,-1.0,,,,
2025-11-18 13:00:00,-1.0,,,,
2025-11-18 14:00:00,0.0,,,,
2025-11-18 15:00:00,0.0,,,,
2025-11-18 21:00:00,0.0,,,,
2025-11-18 22:00:00,-1.0,,,,
2025-11-18 23:00:00,-1.0,,,,
2025-11-19 09:00:00,0.0,,,,
2025-11-19 10:00:00,-1.0,,,,
2025-11-19 11:00:00,-1.0,,,,
2025-11-19 13:00:00,-1.0,,,,
2025-11-19 14:00:00,-1.0,,,,
2025-11-19 15:00:00,0.0,,,,
2025-11-19 21:00:00,0.0,,,,
2025-11-19 22:00:00,0.0,,,,
2025-11-19 23:00:00,1.0,,,,
2025-11-20 09:00:00,1.0,,,,
2025-11-20 10:00:00,1.0,,,,
2025-11-20 11:00:00,0.0,,,,
2025-11-20 13:00:00,1.0,,,,
2025-11-20 14:00:00,1.0,,,,
2025-11-20 15:00:00,1.0,,,,
2025-11-20 21:00:00,1.0,,,,
2025-11-20 22:00:00,1.0,,,,
2025-11-20 23:00:00,1.0,,,,
2025-11-21 09:00:00,1.0,,,,
2025-11-21 10:00:00,1.0,,,,
2025-11-21 11:00:00,1.0,,,,
2025-11-21 13:00:00,1.0,,,,
2025-11-21 14:00:00,1.0,,,,
2025-11-21 15:00:00,1.0,,,,
2025-11-21 21:00:00,1.0,,,,
2025-11-21 22:00:00,1.0,,,,
2025-11-21 23:00:00,1.0,,,,
2025-11-24 09:00:00,1.0,,,,
2025-11-24 10:00:00,1.0,,,,
2025-11-24 11:00:00,1.0,,,,
2025-11-24 13:00:00,0.0,,,,
2025-11-24 14:00:00,0.0,,,,
2025-11-24 15:00:00,0.0,,,,
2025-11-24 21:00:00,0.0,,,,
2025-11-24 22:00:00,0.0,,,,
2025-11-24 23:00:00,0.0,,,,
2025-11-25 09:00:00,-1.0,,,,
2025-11-25 10:00:00,-1.0,,,,
2025-11-25 11:00:00,-1.0,,,,
2025-11-25 13:00:00,-1.0,,,,
2025-11-25 14:00:00,-1.0,,,,
2025-11-25 15:00:00,-1.0,,,,
2025-11-25 21:00:00,-1.0,,,,
2025-11-25 22:00:00,-1.0,,,,
2025-11-25 23:00:00,0.0,,,,
2025-11-26 09:00:00,0.0,,,,
2025-11-26 10:00:00,0.0,,,,
2025-11-26 11:00:00,0.0,,,,
2025-11-26 13:00:00,0.0,,,,
2025-11-26 14:00:00,0.0,,,,
2025-11-26 15:00:00,1.0,,,,
2025-11-26 21:00:00,1.0,,,,
2025-11-26 22:00:00,1.0,,,,
2025-11-26 23:00:00,1.0,,,,
2025-11-27 09:00:00,1.0,,,,
2025-11-27 10:00:00,1.0,,,,
2025-11-27 11:00:00,1.0,,,,
2025-11-27 13:00:00,1.0,,,,
2025-11-27 14:00:00,1.0,,,,
2025-11-27 15:00:00,1.0,,,,
2025-11-27 21:00:00,1.0,,,,
2025-11-27 22:00:00,1.0,,,,
2025-11-27 23:00:00,1.0,,,,
2025-11-28 09:00:00,1.0,,,,
2025-11-28 10:00:00,1.0,,,,
2025-11-28 11:00:00,1.0,,,,
2025-11-28 13:00:00,1.0,,,,
2025-11-28 14:00:00,1.0,,,,
2025-11-28 15:00:00,1.0,,,,
2025-11-28 21:00:00,1.0,,,,
2025-11-28 22:00:00,0.0,,,,
2025-11-28 23:00:00,0.0,,,,
2025-12-01 09:00:00,0.0,,,,
2025-12-01 10:00:00,0.0,,,,
2025-12-01 11:00:00,0.0,,,,
2025-12-01 13:00:00,0.0,,,,
2025-12-01 14:00:00,-1.0,,,,
2025-12-01 15:00:00,-1.0,,,,
2025-12-01 21:00:00,-1.0,,,,
2025-12-01 22:00:00,0.0,,,,
2025-12-01 23:00:00,0.0,,,,
2025-12-02 09:00:00,0.0,,,,
2025-12-02 10:00:00,-1.0,,,,
2025-12-02 11:00:00,0.0,,,,
2025-12-02 13:00:00,0.0,,,,
2025-12-02 14:00:00,0.0,,,,
2025-12-02 15:00:00,0.0,,,,
2025-12-02 21:00:00,1.0,,,,
2025-12-02 22:00:00,0.0,,,,
2025-12-02 23:00:00,0.0,,,,
2025-12-03 09:00:00,0.0,,,,
2025-12-03 10:00:00,0.0,,,,
2025-12-03 11:00:00,0.0,,,,
2025-12-03 13:00:00,0.0,,,,
2025-12-03 14:00:00,-1.0,,,,
2025-12-03 15:00:00,-1.0,,,,
2025-12-03 21:00:00,0.0,,,,
2025-12-03 22:00:00,-1.0,,,,
2025-12-03 23:00:00,-1.0,,,,
2025-12-04 09:00:00,-1.0,,,,
2025-12-04 10:00:00,-1.0,,,,
2025-12-04 11:00:00,-1.0,,,,
2025-12-04 13:00:00,-1.0,,,,
2025-12-04 14:00:00,-1.0,,,,
2025-12-04 15:00:00,-1.0,,,,
2025-12-04 21:00:00,-1.0,,,,
2025-12-04 22:00:00,-1.0,,,,
2025-12-04 23:00:00,-1.0,,,,
2025-12-05 09:00:00,-1.0,,,,
2025-12-05 10:00:00,-1.0,,,,
2025-12-05 11:00:00,-1.0,,,,
2025-12-05 13:00:00,-1.0,,,,
2025-12-05 14:00:00,-1.0,,,,
2025-12-05 15:00:00,-1.0,,,,
2025-12-05 21:00:00,-1.0,,,,
2025-12-05 22:00:00,-1.0,,,,
2025-12-05 23:00:00,-1.0,,,,
2025-12-08 09:00:00,0.0,,,,
2025-12-08 10:00:00,0.0,,,,
2025-12-08 11:00:00,0.0,,,,
2025-12-08 13:00:00,0.0,,,,
2025-12-08 14:00:00,-1.0,,,,
2025-12-08 15:00:00,-1.0,,,,
2025-12-08 21:00:00,-1.0,,,,
2025-12-08 22:00:00,-1.0,,,,
2025-12-08 23:00:00,0.0,,,,
2025-12-09 09:00:00,0.0,,,,
2025-12-09 10:00:00,-1.0,,,,
2025-12-09 11:00:00,0.0,,,,
2025-12-09 13:00:00,-1.0,,,,
2025-12-09 14:00:00,-1.0,,,,
2025-12-09 15:00:00,-1.0,,,,
2025-12-09 21:00:00,-1.0,,,,
2025-12-09 22:00:00,-1.0,,,,
2025-12-09 23:00:00,-1.0,,,,
2025-12-10 09:00:00,-1.0,,,,
2025-12-10 10:00:00,-1.0,,,,
2025-12-10 11:00:00,-1.0,,,,
2025-12-10 13:00:00,-1.0,,,,
2025-12-10 14:00:00,-1.0,,,,
2025-12-10 15:00:00,-1.0,,,,
2025-12-10 21:00:00,-1.0,,,,
2025-12-10 22:00:00,-1.0,,,,
2025-12-10 23:00:00,-1.0,,,,
2025-12-11 09:00:00,-1.0,,,,
2025-12-11 10:00:00,-1.0,,,,
2025-12-11 11:00:00,-1.0,,,,
2025-12-11 13:00:00,-1.0,,,,
2025-12-11 14:00:00,-1.0,,,,
2025-12-11 15:00:00,-1.0,,,,
2025-12-11 21:00:00,-1.0,,,,
2025-12-11 22:00:00,0.0,,,,
2025-12-11 23:00:00,1.0,,,,
2025-12-12 09:00:00,1.0,,,,
2025-12-12 10:00:00,0.0,,,,
2025-12-12 11:00:00,0.0,,,,
2025-12-12 13:00:00,1.0,,,,
2025-12-12 14:00:00,1.0,,,,
2025-12-12 15:00:00,0.0,,,,
2025-12-12 21:00:00,1.0,,,,
2025-12-12 22:00:00,1.0,,,,
2025-12-12 23:00:00,1.0,,,,
2025-12-15 09:00:00,0.0,,,,
2025-12-15 10:00:00,1.0,,,,
2025-12-15 11:00:00,0.0,,,,
2025-12-15 13:00:00,0.0,,,,
2025-12-15 14:00:00,1.0,,,,
2025-12-15 15:00:00,1.0,,,,
2025-12-15 21:00:00,1.0,,,,
2025-12-15 22:00:00,1.0,,,,
2025-12-15 23:00:00,1.0,,,,
2025-12-16 09:00:00,1.0,,,,
2025-12-16 10:00:00,1.0,,,,
2025-12-16 11:00:00,1.0,,,,
2025-12-16 13:00:00,1.0,,,,
2025-12-16 14:00:00,1.0,,,,
2025-12-16 15:00:00,1.0,,,,
2025-12-16 21:00:00,1.0,,,,
2025-12-16 22:00:00,1.0,,,,
2025-12-16 23:00:00,1.0,,,,
2025-12-17 09:00:00,1.0,,,,
2025-12-17 10:00:00,1.0,,,,
2025-12-17 11:00:00,1.0,,,,
2025-12-17 13:00:00,1.0,,,,
2025-12-17 14:00:00,1.0,,,,
2025-12-17 15:00:00,1.0,,,,
2025-12-17 21:00:00,-1.0,,,,
2025-12-17 22:00:00,0.0,,,,
2025-12-17 23:00:00,0.0,,,,
2025-12-18 09:00:00,0.0,,,,
2025-12-18 10:00:00,0.0,,,,
2025-12-18 11:00:00,0.0,,,,
2025-12-18 13:00:00,0.0,,,,
2025-12-18 14:00:00,1.0,,,,
2025-12-18 15:00:00,0.0,,,,
2025-12-18 21:00:00,1.0,,,,
2025-12-18 22:00:00,0.0,,,,
2025-12-18 23:00:00,0.0,,,,
2025-12-19 09:00:00,0.0,,,,
2025-12-19 10:00:00,0.0,,,,
2025-12-19 11:00:00,1.0,,,,
2025-12-19 13:00:00,1.0,,,,
2025-12-19 14:00:00,0.0,,,,
2025-12-19 15:00:00,0.0,,,,
2025-12-19 21:00:00,0.0,,,,
2025-12-19 22:00:00,1.0,,,,
2025-12-19 23:00:00,1.0,,,,
2025-12-22 09:00:00,1.0,,,,
2025-12-22 10:00:00,1.0,,,,
2025-12-22 11:00:00,0.0,,,,
2025-12-22 13:00:00,0.0,,,,
2025-12-22 14:00:00,0.0,,,,
2025-12-22 15:00:00,0.0,,,,
2025-12-22 21:00:00,0.0,,,,
2025-12-22 22:00:00,0.0,,,,
2025-12-22 23:00:00,0.0,,,,
2025-12-23 09:00:00,0.0,,,,
2025-12-23 10:00:00,0.0,,,,
2025-12-23 11:00:00,0.0,,,,
2025-12-23 13:00:00,0.0,,,,
2025-12-23 14:00:00,0.0,,,,
2025-12-23 15:00:00,-1.0,,,,
2025-12-23 21:00:00,0.0,,,,
2025-12-23 22:00:00,-1.0,,,,
2025-12-23 23:00:00,0.0,,,,
2025-12-24 09:00:00,-1.0,,,,
2025-12-24 10:00:00,-1.0,,,,
2025-12-24 11:00:00,0.0,,,,
2025-12-24 13:00:00,0.0,,,,
2025-12-24 14:00:00,0.0,,,,
2025-12-24 15:00:00,0.0,,,,
2025-12-24 21:00:00,1.0,,,,
2025-12-24 22:00:00,0.0,,,,
2025-12-24 23:00:00,1.0,,,,
2025-12-25 09:00:00,1.0,,,,
2025-12-25 10:00:00,1.0,,,,
2025-12-25 11:00:00,0.0,,,,
2025-12-25 13:00:00,0.0,,,,
2025-12-25 14:00:00,0.0,,,,
2025-12-25 15:00:00,0.0,,,,
2025-12-25 21:00:00,1.0,,,,
2025-12-25 22:00:00,1.0,,,,
2025-12-25 23:00:00,1.0,,,,
2025-12-26 09:00:00,1.0,,,,
2025-12-26 10:00:00,1.0,,,,
2025-12-26 11:00:00,1.0,,,,
2025-12-26 13:00:00,1.0,,,,
2025-12-26 14:00:00,0.0,,,,
2025-12-26 15:00:00,0.0,,,,
2025-12-26 21:00:00,-1.0,,,,
,,,0.02682916,0.021010911,0.95215994
,,,0.050049867,0.020591265,0.9293589
,,,0.0625141,0.070256084,0.8672298
,,,0.059564725,0.073972754,0.86646247
,,,0.065896325,0.022037651,0.91206604
,,,0.06631594,0.022124939,0.9115591
,,,0.060049146,0.019728428,0.92022246
,,,0.048055634,0.014065209,0.9378792
,,,0.046602175,0.013910344,0.9394875
,,,0.042936064,0.0140743675,0.9429896
,,,0.037425492,0.016282521,0.946292
,,,0.085457645,0.029386919,0.8851554
,,,0.08104093,0.036725573,0.8822335
,,,0.091824345,0.03630109,0.8718746
,,,0.040957022,0.063341916,0.8957011
,,,0.023132341,0.035672512,0.9411952
,,,0.026584616,0.029613659,0.94380176
,,,0.026975287,0.028576905,0.9444478
,,,0.022998339,0.026053822,0.9509479
,,,0.017270487,0.024640933,0.9580886
,,,0.025049696,0.026241794,0.94870853
,,,0.02493359,0.019305242,0.9557612
,,,0.024032645,0.018838616,0.9571287
,,,0.024601968,0.019277243,0.9561208
,,,0.02390682,0.023635712,0.9524574
,,,0.020628404,0.023992337,0.95537925
,,,0.040679645,0.030730335,0.92859
,,,0.043230448,0.03147617,0.9252934
,,,0.05012794,0.047160313,0.90271175
,,,0.04383686,0.07294458,0.8832185
,,,0.0421231,0.06326209,0.8946148
,,,0.036681566,0.05515227,0.9081661
,,,0.035850808,0.03925255,0.9248966
,,,0.03732054,0.057862375,0.9048171
,,,0.036168527,0.050790705,0.9130408
,,,0.043144606,0.037289362,0.91956604
,,,0.07386297,0.069070816,0.85706615
,,,0.062675506,0.13456123,0.8027633
,,,0.057430748,0.09186751,0.8507017
,,,0.034253802,0.051811304,0.9139349
,,,0.045176722,0.066426955,0.8883964
,,,0.039252684,0.051246576,0.9095007
,,,0.034950476,0.049642377,0.9154071
,,,0.050442107,0.05751512,0.89204276
,,,0.058023516,0.041125286,0.9008512
,,,0.047550507,0.024105538,0.92834395
,,,0.05802251,0.03767521,0.90430224
,,,0.044308167,0.030613197,0.9250786
,,,0.050388057,0.033767223,0.9158447
,,,0.04363294,0.032465473,0.9239016
,,,0.03413194,0.0380675,0.9278006
,,,0.038172353,0.041579966,0.9202477
,,,0.030135171,0.03178276,0.93808204
,,,0.031097962,0.031671118,0.93723094
,,,0.032923207,0.031351797,0.935725
,,,0.032671303,0.03446168,0.93286705
,,,0.032622285,0.044765323,0.9226124
,,,0.058379214,0.022160087,0.9194607
,,,0.10148582,0.033147696,0.86536646
,,,0.08845551,0.021455318,0.89008915
,,,0.020976745,0.012892739,0.96613055
,,,0.027041152,0.020792626,0.9521662
,,,0.07493348,0.047983486,0.877083
,,,0.05925846,0.057854284,0.8828873
,,,0.05197809,0.04290431,0.9051176
,,,0.04878407,0.019559683,0.9316563
,,,0.055860728,0.03242246,0.9117168
,,,0.04306118,0.050250255,0.9066885
,,,0.042548463,0.0581775,0.89927405
,,,0.035188384,0.045359403,0.9194522
,,,0.04406643,0.041801535,0.91413206
,,,0.0618144,0.04777379,0.8904118
,,,0.036378488,0.04654402,0.91707754
,,,0.014438529,0.07218252,0.9133789
,,,0.013065868,0.077862896,0.90907127
,,,0.012626331,0.07792407,0.90944964
,,,0.013202529,0.068388574,0.9184089
,,,0.013125318,0.069899194,0.91697544
,,,0.014354139,0.018394029,0.9672519
,,,0.016864827,0.046993837,0.9361413
,,,0.016403703,0.038532544,0.94506377
,,,0.018017652,0.050129067,0.93185323
,,,0.013187732,0.07358215,0.9132302
,,,0.017156916,0.10745559,0.8753875
,,,0.017406477,0.10014424,0.88244927
,,,0.023229068,0.13746686,0.83930415
,,,0.012633803,0.084898435,0.9024677
,,,0.037530106,0.04794288,0.914527
,,,0.014427987,0.09331091,0.8922611
,,,0.014619176,0.1095192,0.87586164
,,,0.015858127,0.12776747,0.85637444
,,,0.026372321,0.1040298,0.86959785
,,,0.016771238,0.03692791,0.94630086
,,,0.009214809,0.11689273,0.8738924
,,,0.02417098,0.065575376,0.91025364
,,,0.03871927,0.048825167,0.91245556
,,,0.06437487,0.061407026,0.8742181
,,,0.018688397,0.082890324,0.8984213
,,,0.008929266,0.093876176,0.8971946
,,,0.0072706975,0.060748637,0.93198067
,,,0.0149641475,0.06368132,0.92135453
,,,0.023447508,0.07318514,0.9033674
,,,0.024432536,0.087510794,0.88805664
,,,0.02824532,0.09732984,0.8744249
,,,0.03542235,0.06633249,0.89824516
,,,0.034393474,0.049968973,0.91563755
,,,0.022282427,0.091160126,0.8865574
,,,0.026153315,0.09073882,0.88310784
,,,0.025400825,0.10682004,0.8677791
,,,0.01600544,0.09348503,0.89050955
,,,0.015031903,0.027136998,0.9578311
,,,0.012228863,0.021843916,0.9659272
,,,0.014471577,0.025712222,0.95981616
,,,0.014050104,0.03439247,0.95155746
,,,0.009287083,0.03212395,0.95858896
,,,0.019801442,0.06368211,0.9165164
,,,0.020070115,0.045907367,0.9340225
,,,0.019892458,0.029076006,0.95103157
,,,0.016377717,0.036437634,0.9471846
,,,0.020147111,0.025574995,0.9542778
,,,0.024293479,0.018062854,0.9576437
,,,0.058271207,0.036088742,0.90564007
,,,0.07205148,0.043934084,0.8840144
,,,0.24041809,0.1105412,0.6490407
,,,0.030358138,0.02947594,0.94016594
,,,0.043734845,0.039156925,0.9171082
,,,0.25093886,0.038098127,0.71096295
,,,0.053495172,0.0265372,0.91996765
,,,0.0343812,0.028080873,0.9375379
,,,0.025950555,0.026979798,0.94706964
,,,0.026228072,0.02325932,0.9505126
,,,0.034941554,0.035688598,0.9293698
,,,0.033931825,0.03863307,0.9274351
,,,0.043776233,0.04478813,0.9114356
,,,0.04552391,0.030606654,0.92386943
,,,0.04277476,0.034046955,0.92317826
,,,0.04496444,0.035986114,0.91904944
,,,0.035268757,0.024738468,0.9399927
,,,0.037778493,0.029241191,0.9329803
,,,0.031758912,0.019488312,0.94875276
,,,0.045558203,0.024221832,0.93021995
,,,0.0570759,0.025648106,0.91727597
,,,0.05574471,0.021265237,0.92299
,,,0.04262419,0.017024357,0.9403514
,,,0.036859594,0.015597868,0.9475425
,,,0.050410356,0.029303929,0.92028576
,,,0.06877477,0.036750987,0.8944742
,,,0.055293683,0.011404859,0.9333015
,,,0.009329,0.02124708,0.9694239
,,,0.019520171,0.06296516,0.9175146
,,,0.06352097,0.058735646,0.8777434
,,,0.057048675,0.05331907,0.8896323
,,,0.06581937,0.028908541,0.9052721
,,,0.06851495,0.026252983,0.9052321
,,,0.042819414,0.03133254,0.925848
,,,0.06838472,0.031647723,0.8999675
,,,0.06901967,0.033539288,0.8974411
,,,0.07376017,0.03267657,0.89356333
,,,0.09031852,0.05817801,0.85150343
,,,0.039827827,0.043345723,0.9168264
,,,0.077065304,0.036408756,0.8865259
,,,0.09777575,0.030302733,0.87192154
,,,0.17694221,0.04155747,0.78150034
,,,0.12733567,0.025135737,0.8475286
,,,0.08922046,0.024529157,0.8862504
,,,0.07535399,0.033302,0.891344
,,,0.07310741,0.022256708,0.9046359
,,,0.08268557,0.013787445,0.90352696
,,,0.07874212,0.013976987,0.9072809
,,,0.053630136,0.014237762,0.93213207
,,,0.061993167,0.022593487,0.9154133
,,,0.055314094,0.018419366,0.92626655
,,,0.05229544,0.01808518,0.9296194
,,,0.05155226,0.017534852,0.9309129
,,,0.048458103,0.0165029,0.935039
,,,0.049017675,0.015893506,0.9350888
,,,0.044587728,0.015098978,0.9403133
,,,0.04558519,0.012437135,0.9419777
,,,0.04422883,0.012226414,0.94354475
,,,0.07220598,0.022790318,0.9050037
,,,0.029842582,0.017565604,0.9525918
,,,0.04739543,0.061035696,0.89156884
,,,0.05693928,0.033544462,0.9095162
,,,0.053273913,0.030136818,0.9165892
,,,0.056251228,0.11222693,0.8315218
,,,0.047120336,0.07836677,0.87451285
,,,0.043599155,0.076603465,0.8797974
,,,0.038430713,0.05781457,0.9037547
,,,0.04395377,0.0307544,0.92529184
,,,0.048996177,0.030640919,0.9203629
,,,0.123592876,0.024284089,0.85212296
,,,0.040340684,0.024170294,0.93548906
,,,0.039329335,0.02530726,0.93536335
,,,0.033824444,0.031442687,0.9347329
,,,0.03638086,0.03359668,0.9300224
,,,0.048421368,0.028212046,0.92336655
,,,0.036354944,0.025255749,0.9383893
,,,0.07397892,0.007847123,0.91817397
,,,0.025483513,0.020295313,0.9542212
,,,0.02691317,0.043874398,0.9292124
,,,0.035308488,0.024390314,0.94030124
,,,0.09065387,0.033617463,0.8757287
,,,0.040699724,0.04117524,0.91812503
,,,0.022668198,0.030834312,0.94649744
,,,0.025611062,0.028123721,0.9462652
,,,0.040640563,0.023254227,0.9361052
,,,0.06933744,0.023456156,0.90720636
,,,0.041254263,0.030033149,0.9287126
,,,0.055326063,0.04356452,0.90110946
,,,0.04072828,0.026292562,0.93297917
,,,0.043593653,0.023703843,0.93270254
,,,0.037382003,0.01829921,0.94431883
,,,0.037254002,0.020516705,0.9422293
,,,0.031066963,0.01925604,0.949677
,,,0.05388723,0.04173442,0.9043783
,,,0.04656616,0.02687591,0.92655796
,,,0.022366697,0.027658353,0.9499749
,,,0.016625198,0.018449696,0.96492505
,,,0.21393524,0.028526556,0.75753814
,,,0.07455798,0.027348554,0.89809346
,,,0.034150563,0.015494977,0.9503545
,,,0.028667545,0.014153913,0.9571785
,,,0.02346294,0.013995411,0.96254164
,,,0.04135921,0.028188126,0.9304527
,,,0.040193003,0.045569196,0.9142378
,,,0.042825192,0.039727494,0.9174473
,,,0.039717633,0.018228767,0.9420536
,,,0.042790644,0.019535359,0.937674
,,,0.042921472,0.020377807,0.9367007
,,,0.11858388,0.007941773,0.8734743
,,,0.042484187,0.019747486,0.93776834
,,,0.044139273,0.016062668,0.939798
,,,0.07004285,0.018103665,0.9118535
,,,0.022511827,0.019802088,0.95768607
,,,0.020054717,0.018561095,0.96138424
,,,0.022505537,0.021907857,0.95558655
,,,0.024251727,0.028988158,0.9467601
,,,0.08679401,0.036439184,0.87676674
,,,0.052711647,0.049962386,0.897326
,,,0.0545302,0.030539053,0.9149307
,,,0.051135443,0.020364022,0.9285006
,,,0.05429962,0.029330619,0.91636974
,,,0.065389276,0.03892734,0.8956834
,,,0.050646707,0.03929909,0.91005415
,,,0.05784844,0.046144206,0.89600736
,,,0.0469209,0.046630822,0.9064483
,,,0.050664604,0.048788317,0.9005471
,,,0.043418847,0.10051272,0.85606843
,,,0.019369286,0.05060033,0.93003035
,,,0.036841888,0.060704987,0.9024531
,,,0.017879494,0.0690546,0.91306597
,,,0.02788643,0.08750309,0.8846105
,,,0.018230459,0.10090951,0.88086003
,,,0.016875194,0.075109094,0.9080157
,,,0.011139411,0.079787165,0.9090735
,,,0.011426093,0.042588595,0.9459853
,,,0.008210873,0.047803804,0.9439853
,,,0.008601117,0.06457277,0.9268261
,,,0.009336805,0.056757312,0.9339059
,,,0.011585294,0.037943095,0.95047164
,,,0.013854219,0.027077105,0.95906866
,,,0.0036761537,0.0221898,0.974134
,,,0.002583745,0.018549452,0.9788669
,,,0.013379637,0.07296013,0.9136602
,,,0.01663702,0.071232066,0.9121309
,,,0.014293147,0.0583106,0.92739624
,,,0.024902327,0.07197037,0.9031273
,,,0.019338224,0.05150016,0.92916167
,,,0.017662672,0.05935023,0.9229871
,,,0.020065023,0.071016975,0.908918
,,,0.022401186,0.07627276,0.901326
,,,0.01947365,0.05720163,0.9233247
,,,0.017706556,0.039537173,0.9427563
,,,0.008556192,0.022498144,0.9689456
,,,0.014298924,0.01700478,0.96869636
,,,0.034832276,0.03020288,0.9349648
,,,0.05212507,0.030224284,0.91765064
,,,0.018528024,0.022570128,0.9589019
,,,0.019270925,0.019391749,0.96133727
,,,0.048588872,0.009728185,0.941683
,,,0.035730984,0.016333459,0.9479356
,,,0.02936337,0.024281323,0.9463553
,,,0.026566567,0.019112665,0.9543207
,,,0.02904409,0.038532753,0.9324231
,,,0.028118297,0.03324236,0.9386394
,,,0.026309872,0.024252063,0.94943804
,,,0.018266615,0.020221956,0.9615114
,,,0.019407662,0.015746418,0.96484596
,,,0.025195006,0.020781005,0.954024
,,,0.025578057,0.023722528,0.9506994
,,,0.028216278,0.026018068,0.9457656
,,,0.03629091,0.028771853,0.9349372
,,,0.03371806,0.024278289,0.9420037
,,,0.05668786,0.014549327,0.9287628
,,,0.05546526,0.013311065,0.93122363
,,,0.10190198,0.041999947,0.85609806
,,,0.03328513,0.055203956,0.91151094
,,,0.021577118,0.06774215,0.9106807
,,,0.023600245,0.058693334,0.9177064
,,,0.023957727,0.072902694,0.9031396
,,,0.02644318,0.048486598,0.9250702
,,,0.026256884,0.05536188,0.9183812
,,,0.047132585,0.058449555,0.8944178
,,,0.034937248,0.03906772,0.9259951
,,,0.040082514,0.029803468,0.93011403
,,,0.039358445,0.030164015,0.93047756
,,,0.03372409,0.020250272,0.9460256
,,,0.036444064,0.023541719,0.94001424
,,,0.03589023,0.02175724,0.9423525
,,,0.036258586,0.03139381,0.9323476
,,,0.038040895,0.02740712,0.934552
,,,0.039839335,0.031493515,0.9286672
,,,0.052716337,0.022053743,0.9252299
,,,0.039858,0.030986737,0.9291553
,,,0.03370533,0.025618674,0.940676
,,,0.038170706,0.027427785,0.9344015
,,,0.04068957,0.02743159,0.9318788
,,,0.04287838,0.026143584,0.930978
,,,0.0523281,0.02757768,0.92009425
,,,0.062468097,0.04581031,0.8917216
,,,0.091663755,0.024947742,0.8833885
,,,0.082998425,0.019048883,0.8979526
,,,0.061004587,0.026012776,0.91298264
,,,0.026450751,0.022498788,0.9510504
,,,0.027524067,0.025326015,0.9471499
,,,0.07268142,0.062025275,0.8652933
,,,0.029422762,0.015552833,0.9550244
,,,0.014995636,0.015107737,0.9698967
,,,0.026444849,0.014679894,0.95887524
,,,0.019303994,0.01793775,0.96275824
,,,0.09447761,0.028055107,0.8774673
,,,0.06674463,0.026731592,0.9065238
,,,0.15484673,0.06889763,0.7762556
,,,0.059232853,0.037204552,0.90356255
,,,0.05901092,0.041055724,0.89993334
,,,0.0594949,0.042149413,0.89835566
,,,0.054776423,0.03652351,0.90870005
,,,0.06023397,0.048446387,0.8913196
,,,0.036261022,0.021636479,0.9421025
,,,0.036228657,0.019406801,0.94436455
,,,0.03359357,0.018535111,0.9478713
,,,0.03428895,0.023983514,0.9417276
,,,0.034063198,0.024094803,0.941842
,,,0.034251582,0.02436622,0.9413822
,,,0.035142608,0.024775166,0.9400822
,,,0.037428103,0.018350825,0.944221
,,,0.050514035,0.024713121,0.92477286
,,,0.04757946,0.045871157,0.9065494
,,,0.057859268,0.03456352,0.9075772
,,,0.06851119,0.022330051,0.90915877
,,,0.021849072,0.048880205,0.92927074
,,,0.07561001,0.041115016,0.883275
,,,0.059600387,0.02441766,0.915982
,,,0.06347627,0.018900545,0.91762316
,,,0.062897675,0.01870089,0.9184014
,,,0.063362226,0.021186916,0.91545093
,,,0.019009609,0.015232423,0.965758
,,,0.024754537,0.011575262,0.96367013
,,,0.06423069,0.021001568,0.9147678
,,,0.06543097,0.020929452,0.91363955
,,,0.024840148,0.014249072,0.9609108
,,,0.035231166,0.019154979,0.9456139
,,,0.058377974,0.020383121,0.9212389
,,,0.03417737,0.021058617,0.944764
,,,0.035034575,0.016799614,0.94816583
,,,0.041918613,0.014446516,0.94363487
,,,0.04100689,0.023777472,0.9352156
,,,0.043812815,0.02473016,0.93145704
,,,0.035964094,0.017005045,0.94703084
,,,0.03419895,0.021373754,0.94442725
,,,0.036680646,0.020727882,0.9425915
,,,0.03661363,0.022517089,0.9408693
,,,0.025202464,0.016511014,0.95828646
,,,0.031967666,0.009568043,0.9584643
,,,0.039331842,0.022014739,0.93865347
,,,0.018358445,0.021234354,0.96040726
,,,0.020908251,0.021051913,0.9580398
,,,0.033395674,0.029150723,0.9374536
,,,0.04908623,0.03462824,0.9162856
,,,0.046481542,0.038958948,0.91455954
,,,0.057611875,0.02248236,0.9199058
,,,0.07089685,0.04927348,0.8798297
,,,0.11162316,0.041209277,0.84716755
,,,0.046329033,0.016326036,0.9373449
,,,0.043932695,0.014953567,0.94111377
,,,0.015940826,0.015004841,0.96905434
,,,0.010289294,0.026133327,0.9635774
,,,0.009931969,0.027964452,0.96210355
,,,0.013844569,0.022433802,0.96372163
,,,0.017584939,0.029418921,0.9529961
,,,0.015287054,0.023919784,0.96079314
,,,0.04718817,0.044779547,0.90803224
,,,0.056031045,0.05410546,0.8898635
,,,0.04247815,0.02104839,0.9364734
,,,0.039528187,0.042628612,0.9178432
,,,0.045788534,0.05175865,0.90245277
,,,0.041337032,0.04972049,0.90894246
,,,0.046091735,0.041103985,0.91280425
,,,0.058638286,0.08860809,0.8527536
,,,0.02264611,0.09786994,0.879484
,,,0.021992553,0.110689335,0.8673181
,,,0.016867822,0.10490255,0.8782296
,,,0.048033744,0.08959217,0.8623741
,,,0.019418878,0.11956031,0.8610208
,,,0.020559376,0.11791157,0.861529
,,,0.018825557,0.113063,0.8681115
,,,0.017879624,0.0991511,0.88296926
,,,0.016978135,0.092330135,0.89069176
,,,0.015232397,0.116053455,0.86871415
,,,0.01164724,0.11326803,0.87508476
,,,0.010431133,0.03707987,0.952489
,,,0.007877949,0.02578748,0.9663345
,,,0.008953891,0.018407647,0.9726385
,,,0.04560422,0.030437024,0.9239588
,,,0.05113673,0.03374744,0.91511583
,,,0.05287086,0.011625182,0.93550396
,,,0.014129022,0.025023723,0.96084726
,,,0.013666563,0.01870427,0.9676292
,,,0.018775327,0.021746013,0.9594787
,,,0.016366554,0.018138282,0.96549517
,,,0.019080862,0.0144783445,0.96644074
,,,0.022605222,0.01666205,0.9607327
,,,0.029813964,0.015330154,0.9548558
,,,0.03783726,0.015278548,0.9468842
,,,0.030558541,0.015951222,0.95349026
,,,0.03409547,0.015151179,0.95075333
,,,0.052912693,0.01600412,0.9310832
,,,0.023466116,0.016594414,0.9599395
,,,0.024799189,0.016745623,0.9584552
,,,0.042499114,0.014764654,0.9427362
,,,0.041733045,0.021929901,0.93633705
,,,0.047619108,0.01735048,0.93503046
,,,0.07689081,0.018490154,0.904619
,,,0.026936868,0.0185144,0.9545488
,,,0.036716204,0.017596293,0.9456875
,,,0.024887906,0.031771824,0.94334024
,,,0.030973671,0.03092693,0.93809944
,,,0.051645044,0.055310085,0.8930449
,,,0.021348106,0.03532596,0.94332594
,,,0.026077455,0.058771703,0.91515076
,,,0.017405778,0.044142645,0.9384515
,,,0.032702893,0.02972003,0.93757707
,,,0.048701,0.028032754,0.9232663
,,,0.054364115,0.031096086,0.9145398
,,,0.017169962,0.01505386,0.9677761
,,,0.015832527,0.013714055,0.9704534
,,,0.014458458,0.012943246,0.9725983
,,,0.015426809,0.012172227,0.972401
,,,0.013247247,0.013574769,0.97317797
,,,0.01901264,0.05041501,0.93057233
,,,0.023274612,0.038868356,0.93785703
,,,0.012833666,0.045923013,0.9412433
,,,0.01485598,0.055894844,0.92924917
,,,0.036490213,0.10983733,0.85367244
,,,0.03556581,0.13309608,0.8313381
,,,0.07501654,0.15172972,0.7732538
,,,0.2710176,0.26304418,0.4659382
,,,0.2170457,0.24753504,0.5354192
,,,0.20668943,0.1812028,0.61210775
,,,0.08215259,0.07277661,0.8450708
,,,0.07800998,0.093014665,0.8289754
,,,0.05605616,0.068984896,0.874959
,,,0.047112968,0.078818545,0.87406844
,,,0.0629285,0.06274177,0.87432975
,,,0.017225087,0.07221366,0.9105612
,,,0.0103990855,0.028070578,0.9615303
,,,0.009067103,0.046695523,0.9442374
,,,0.0092877345,0.028385086,0.9623272
,,,0.018332079,0.024108943,0.95755893
,,,0.010283654,0.047476772,0.9422396
,,,0.021290002,0.049303323,0.92940664
,,,0.012621439,0.031709824,0.95566875
,,,0.02112431,0.056836177,0.92203957
,,,0.038197726,0.021757286,0.940045
,,,0.016010303,0.028924782,0.9550649
,,,0.019121263,0.01666317,0.9642156
,,,0.009032301,0.0141208405,0.9768469
,,,0.008589598,0.029242,0.96216834
,,,0.0072954665,0.028233195,0.96447134
,,,0.008652603,0.036190655,0.95515674
,,,0.010282792,0.03301343,0.9567037
,,,0.0106243165,0.058174465,0.9312012
,,,0.016817393,0.06050641,0.92267615
,,,0.019484244,0.040003825,0.9405119
,,,0.013689717,0.059640788,0.9266695
,,,0.010786613,0.040311247,0.94890213
,,,0.0064458377,0.04811006,0.9454441
,,,0.022421055,0.009748143,0.96783084
,,,0.0064604445,0.021003198,0.9725363
,,,0.007818423,0.017340304,0.9748413
,,,0.005514201,0.01280391,0.9816819
,,,0.0056469617,0.011147149,0.98320585
,,,0.004599141,0.010125633,0.98527527
,,,0.006824068,0.013433497,0.97974247
,,,0.00740503,0.015862463,0.97673255
,,,0.0072623943,0.0154513195,0.9772863
,,,0.0071495078,0.02002351,0.97282696
,,,0.006438652,0.021387737,0.97217363
,,,0.009106116,0.034711238,0.9561827
,,,0.009678347,0.03599578,0.95432585
,,,0.009342829,0.04355917,0.947098
,,,0.008714216,0.034262903,0.9570229
,,,0.0054639787,0.012686007,0.98184997
,,,0.033843383,0.01412451,0.9520321
,,,0.045312885,0.007985547,0.9467016
,,,0.014725473,0.013283426,0.9719911
,,,0.0149353435,0.016286585,0.96877813
,,,0.014117309,0.017725741,0.9681569
,,,0.023419987,0.014297019,0.962283
,,,0.021342443,0.017942507,0.960715
,,,0.022103028,0.022874165,0.9550228
,,,0.042384364,0.02259202,0.9350236
,,,0.05203112,0.022134138,0.9258347
,,,0.05177247,0.01840341,0.9298241
,,,0.059314046,0.025072284,0.91561365
,,,0.04624659,0.02847309,0.92528033
,,,0.050998107,0.02286141,0.9261405
,,,0.052830245,0.027900402,0.9192694
,,,0.07394253,0.030289566,0.89576787
,,,0.024460405,0.018824019,0.95671564
,,,0.020810071,0.017123694,0.9620663
,,,0.08990062,0.0626729,0.8474265
,,,0.036511123,0.08842322,0.8750657
,,,0.03673827,0.08120132,0.8820604
,,,0.03695575,0.062230952,0.90081334
,,,0.00920796,0.037420914,0.95337117
,,,0.014597011,0.07118235,0.91422063
,,,0.008933487,0.026104402,0.9649621
,,,0.009080979,0.016441654,0.97447735
,,,0.040882584,0.030356864,0.9287605
,,,0.020168517,0.016643811,0.9631877
,,,0.06234945,0.015452339,0.9221982
,,,0.03562922,0.013020062,0.9513507
,,,0.031777594,0.01128093,0.9569414
,,,0.031214984,0.014149611,0.9546353
,,,0.046759926,0.037267495,0.9159726
,,,0.09162346,0.05635797,0.85201854
,,,0.06883305,0.07104909,0.86011785
,,,0.041668016,0.03431056,0.92402136
,,,0.017319612,0.023483468,0.9591969
,,,0.01591203,0.023873338,0.9602147
,,,0.020730605,0.023476457,0.95579296
,,,0.027111934,0.027202036,0.94568604
,,,0.019229691,0.023739245,0.9570311
,,,0.023049243,0.013195553,0.9637552
,,,0.01877271,0.010839992,0.9703873
,,,0.022072924,0.012163519,0.96576357
,,,0.022571195,0.012321527,0.96510726
,,,0.026542194,0.019399775,0.95405805
,,,0.042375524,0.0073797083,0.9502448
,,,0.017839236,0.0151277,0.9670331
,,,0.018416312,0.015771903,0.96581185
,,,0.014882683,0.012050474,0.97306687
,,,0.010496899,0.010351791,0.97915137
,,,0.016149148,0.01782496,0.96602595
,,,0.027394764,0.010025381,0.96257985
,,,0.02693604,0.033787187,0.9392768
,,,0.027140334,0.031067494,0.9417922
,,,0.032318134,0.012659503,0.9550224
,,,0.046102297,0.023235396,0.9306623
,,,0.029899465,0.02505055,0.94505
,,,0.048993688,0.017949656,0.9330567
,,,0.06958436,0.03196536,0.89845026
,,,0.0883054,0.08484749,0.82684714
,,,0.0926352,0.062008586,0.84535617
,,,0.07161164,0.032775734,0.89561266
,,,0.0608548,0.027282575,0.9118626
,,,0.054657754,0.017097771,0.92824453
,,,0.031706426,0.016566291,0.9517273
,,,0.033147395,0.016932135,0.9499205
,,,0.031618357,0.011259132,0.95712245
,,,0.03724836,0.01660904,0.94614255
,,,0.037994284,0.021601759,0.94040394
,,,0.031941485,0.04890048,0.919158
,,,0.03750367,0.040666457,0.92182994
,,,0.037215095,0.038106628,0.92467827
,,,0.03365466,0.03162208,0.9347233
,,,0.037146408,0.030611133,0.9322425
,,,0.042883802,0.026042148,0.931074
,,,0.045134377,0.028422723,0.9264429
,,,0.05109976,0.028131671,0.9207686
,,,0.03562291,0.021177523,0.94319963
,,,0.03682126,0.021724561,0.9414542
,,,0.066376515,0.03998291,0.89364064
,,,0.055977207,0.029132804,0.91489
,,,0.049668502,0.021097468,0.929234
,,,0.07654111,0.024057815,0.8994011
,,,0.040245153,0.04804546,0.91170937
,,,0.037184726,0.07524134,0.88757396
,,,0.07565532,0.05615429,0.86819035
,,,0.077384405,0.02927641,0.8933392
,,,0.031545695,0.030977067,0.93747723
,,,0.009394476,0.017997101,0.97260845
,,,0.0070757987,0.013795138,0.9791291
,,,0.0072473437,0.013288077,0.9794646
,,,0.0071378695,0.010424427,0.9824377
,,,0.0068051335,0.010510361,0.98268455
,,,0.010635915,0.01558243,0.97378165
,,,0.013024465,0.017564474,0.9694111
,,,0.07020902,0.021106057,0.90868485
,,,0.08472555,0.014412911,0.9008615
,,,0.053552907,0.02348653,0.9229606
,,,0.032159522,0.020842869,0.9469976
,,,0.03290101,0.025073096,0.9420259
,,,0.026646899,0.025202852,0.9481503
,,,0.017480876,0.074507274,0.9080119
,,,0.023026649,0.04272045,0.93425286
,,,0.060464825,0.02518773,0.9143474
,,,0.024161268,0.015818244,0.9600205
,,,0.029260164,0.03620008,0.93453974
,,,0.03473209,0.040343516,0.9249244
,,,0.031339347,0.01857622,0.95008445
,,,0.024392152,0.018329259,0.95727855
,,,0.020312132,0.019886242,0.9598017
,,,0.0261375,0.04147667,0.9323858
,,,0.0700107,0.023009008,0.9069803
,,,0.04024743,0.07719141,0.88256115
,,,0.047673408,0.03596732,0.91635925
,,,0.060967065,0.068222724,0.8708102
,,,0.03393665,0.06408435,0.901979
,,,0.056516282,0.09442321,0.8490605
,,,0.047421973,0.04637023,0.9062078
,,,0.079539634,0.046078227,0.87438214
,,,0.07701181,0.04552363,0.8774646
,,,0.06946603,0.056766603,0.8737674
,,,0.18126291,0.14205943,0.67667764
,,,0.08407217,0.06931835,0.8466095
,,,0.08219294,0.06971576,0.84809124
,,,0.102977365,0.079016216,0.8180064
,,,0.068849534,0.039025173,0.8921253
,,,0.023695594,0.024354354,0.9519501
,,,0.0203501,0.026859848,0.9527901
,,,0.020428276,0.03531021,0.94426155
,,,0.025105856,0.03002129,0.9448729
,,,0.050744906,0.049657397,0.8995977
,,,0.041258622,0.02769041,0.93105096
,,,0.050654355,0.027342763,0.92200285
,,,0.052977376,0.03990178,0.9071208
,,,0.14294235,0.013301019,0.8437566
,,,0.09459667,0.037391737,0.8680116
,,,0.035905447,0.011559551,0.952535
,,,0.02675064,0.015555915,0.9576934
,,,0.026953047,0.018954113,0.9540929
,,,0.046456367,0.051706076,0.9018376
,,,0.054639485,0.045653284,0.89970726
,,,0.050425712,0.060259726,0.88931453
,,,0.05040843,0.051103752,0.89848775
,,,0.049764324,0.03265637,0.9175793
,,,0.038131453,0.03021242,0.9316562
,,,0.046539832,0.039376203,0.91408396
,,,0.038010035,0.05284612,0.9091438
,,,0.03749154,0.036837976,0.92567044
,,,0.039350454,0.028634993,0.9320145
,,,0.0223231,0.024816174,0.95286065
,,,0.036512896,0.021952145,0.941535
,,,0.03927525,0.01859388,0.94213086
,,,0.023104945,0.021915289,0.9549798
,,,0.03176795,0.022372736,0.9458593
,,,0.036434647,0.02169942,0.94186586
,,,0.034830958,0.020185126,0.9449839
,,,0.031500652,0.03503311,0.9334662
,,,0.03724003,0.03180445,0.93095547
,,,0.047581054,0.031604923,0.920814
,,,0.047876246,0.05162737,0.90049636
,,,0.042077225,0.027140152,0.9307827
,,,0.028943682,0.01829426,0.95276207
,,,0.033111043,0.022906383,0.9439826
,,,0.030700693,0.041878656,0.9274207
,,,0.037319303,0.06505092,0.8976298
,,,0.020748533,0.053173933,0.9260776
,,,0.04639008,0.029232476,0.92437744
,,,0.0206667,0.0270299,0.95230335
,,,0.019192016,0.019361047,0.96144694
,,,0.01675987,0.015361817,0.9678783
,,,0.014569656,0.013186629,0.97224367
,,,0.01742972,0.016865527,0.9657048
,,,0.0149779245,0.01808519,0.9669369
,,,0.013254537,0.033817843,0.9529276
,,,0.011692983,0.02711896,0.961188
,,,0.015640354,0.020852478,0.96350724
,,,0.016743978,0.023446677,0.95980936
,,,0.027740242,0.029173391,0.9430864
,,,0.03067406,0.024496706,0.9448293
,,,0.026889702,0.02137088,0.9517394
,,,0.040443406,0.025715157,0.93384147
,,,0.028436298,0.013473662,0.95809
,,,0.031602647,0.015194273,0.953203
,,,0.024760036,0.012927252,0.9623127
,,,0.0652796,0.007591692,0.92712873
,,,0.03144768,0.0141562335,0.95439607
,,,0.026878884,0.014359064,0.95876205
,,,0.02772938,0.011481806,0.96078885
,,,0.012134478,0.017113142,0.97075236
,,,0.014115969,0.019418586,0.9664655
,,,0.024775583,0.061003312,0.91422117
,,,0.05128331,0.029187333,0.9195294
,,,0.044257756,0.038184967,0.9175573
,,,0.051072396,0.035086744,0.9138409
,,,0.05128675,0.041885123,0.9068281
,,,0.07045309,0.041866012,0.8876808
,,,0.061996732,0.04105169,0.8969516
,,,0.055508394,0.04777338,0.8967182
,,,0.051902324,0.06163085,0.8864668
,,,0.056109667,0.08668111,0.8572092
,,,0.04632202,0.032500453,0.9211775
,,,0.045185693,0.019273143,0.9355412
,,,0.08546079,0.015183625,0.8993556
,,,0.039405547,0.02679295,0.93380153
,,,0.038377233,0.025759459,0.9358633
,,,0.041220892,0.021141607,0.93763757
,,,0.044223674,0.026816202,0.9289601
,,,0.04495286,0.027767671,0.9272795
,,,0.035757486,0.022361929,0.9418806
,,,0.024331026,0.016798317,0.95887065
,,,0.039407466,0.017109124,0.9434834
,,,0.04537551,0.015579353,0.9390452
,,,0.04677527,0.01780061,0.9354241
,,,0.044917807,0.016384609,0.9386976
,,,0.08519513,0.008716928,0.9060879
,,,0.08934815,0.016150156,0.8945017
,,,0.06776004,0.051600717,0.8806392
,,,0.035749383,0.017204974,0.9470456
,,,0.035681065,0.014468973,0.94985
,,,0.02755022,0.013638429,0.95881134
,,,0.02673905,0.015297535,0.9579634
,,,0.020924505,0.025689533,0.953386
,,,0.023408033,0.020805057,0.9557869
,,,0.028464042,0.025903784,0.9456321
,,,0.028593723,0.021465914,0.9499404
,,,0.030915765,0.021394465,0.9476898
,,,0.042717114,0.022704229,0.93457866
,,,0.046831593,0.04087125,0.9122972
,,,0.06138739,0.01604572,0.92256683
,,,0.049846034,0.01767299,0.93248093
,,,0.053944103,0.0148796,0.9311763
,,,0.049865693,0.019013911,0.9311204
,,,0.03703614,0.02025292,0.942711
,,,0.03627439,0.034200646,0.929525
,,,0.020435411,0.039405975,0.94015855
,,,0.017834837,0.057578117,0.924587
,,,0.014209152,0.046465106,0.93932575
,,,0.016482156,0.027564721,0.9559531
,,,0.031528365,0.035391085,0.93308055
,,,0.012145496,0.035385918,0.9524686
,,,0.0104533695,0.034785464,0.95476115
,,,0.011833327,0.048776552,0.9393901
,,,0.01244131,0.068299636,0.919259
,,,0.008674182,0.049577117,0.94174874
,,,0.008740197,0.09445104,0.89680874
,,,0.0127662355,0.091103666,0.89613
,,,0.022294698,0.06044169,0.9172636
,,,0.021553334,0.05509021,0.92335653
,,,0.024441121,0.044201393,0.93135744
,,,0.027822845,0.015403255,0.9567739
,,,0.023517726,0.041292258,0.93519
,,,0.021669624,0.038595367,0.93973505
,,,0.017314456,0.051709905,0.9309756
,,,0.017070435,0.07359795,0.9093316
,,,0.013845867,0.039245453,0.94690865
,,,0.0060583604,0.03526139,0.9586802
,,,0.010818827,0.024098078,0.96508306
,,,0.010370292,0.036556784,0.95307297
,,,0.0065133297,0.05167855,0.94180816
,,,0.015267796,0.022110894,0.9626213
,,,0.0072138184,0.028647743,0.96413845
,,,0.00779284,0.08735934,0.9048478
,,,0.0054391804,0.013516175,0.9810447
,,,0.009135022,0.023182532,0.9676825
,,,0.0072825407,0.017553182,0.9751643
,,,0.021687433,0.022744248,0.95556825
,,,0.05028817,0.009389414,0.94032246
,,,0.038431793,0.016660668,0.9449076
,,,0.030868398,0.014456186,0.95467544
,,,0.05045771,0.022111172,0.9274311
,,,0.039224043,0.011241168,0.9495348
,,,0.040242735,0.018934174,0.9408231
,,,0.031427525,0.014030542,0.9545419
,,,0.016585758,0.027012132,0.9564021
,,,0.018883705,0.03195382,0.9491625
,,,0.023843314,0.027563915,0.9485928
,,,0.040313154,0.021314729,0.9383722
,,,0.035211362,0.017056024,0.9477326
,,,0.10081608,0.016492734,0.8826912
,,,0.077379175,0.015309988,0.90731084
,,,0.018215394,0.018991798,0.9627928
,,,0.020546395,0.043133855,0.9363198
,,,0.031683397,0.03825612,0.9300605
,,,0.01918823,0.03623123,0.9445805
,,,0.026747685,0.029721683,0.9435306
,,,0.02799503,0.038905606,0.9330993
,,,0.030976582,0.037023846,0.9319996
,,,0.0124248145,0.042116195,0.945459
,,,0.012630104,0.041682087,0.9456878
,,,0.019847862,0.033225674,0.94692653
,,,0.0119532375,0.037814077,0.95023274
,,,0.012248408,0.03787247,0.94987917
,,,0.011552421,0.040671475,0.9477761
,,,0.01059426,0.063631706,0.92577404
,,,0.025337344,0.15278207,0.8218806
,,,0.036343437,0.15857463,0.8050819
,,,0.030632969,0.14298293,0.8263841
,,,0.033607874,0.075222544,0.8911696
,,,0.020357443,0.10961807,0.87002444
,,,0.022031678,0.08794849,0.89001983
,,,0.0091777155,0.039018407,0.95180386
,,,0.023832602,0.13444613,0.8417213
,,,0.035610206,0.10331692,0.86107284
,,,0.039024815,0.10537337,0.85560185
,,,0.021276874,0.06131492,0.91740817
,,,0.020628713,0.07854668,0.90082455
,,,0.036722492,0.096028835,0.8672486
,,,0.034418404,0.09570356,0.86987805
,,,0.02446995,0.14081554,0.83471453
,,,0.009976377,0.04107036,0.9489532
,,,0.015635522,0.04316124,0.9412033
,,,0.00920563,0.016893568,0.9739008
,,,0.005920704,0.014500477,0.97957885
,,,0.0143981865,0.014217114,0.97138464
,,,0.015342997,0.01595074,0.9687063
,,,0.051288404,0.026059631,0.922652
,,,0.08285647,0.018587828,0.8985557
,,,0.14186329,0.03171666,0.82642
,,,0.03249164,0.029165538,0.93834275
,,,0.02723301,0.041236438,0.9315306
,,,0.025850307,0.04089276,0.9332569
,,,0.0744387,0.05112858,0.87443274
,,,0.07066877,0.022299761,0.9070315
,,,0.077028446,0.024126917,0.89884466
,,,0.07550061,0.056026015,0.8684734
,,,0.042742796,0.024147157,0.93311006
,,,0.09743036,0.021100983,0.8814686
,,,0.051551536,0.0286354,0.9198131
,,,0.054087084,0.033406973,0.912506
,,,0.09979713,0.06212057,0.8380823
,,,0.09531723,0.026279004,0.8784037
,,,0.089469075,0.02738601,0.883145
,,,0.06838408,0.06450613,0.8671098
,,,0.071332835,0.07083914,0.8578281
,,,0.077792235,0.06668448,0.8555233
,,,0.15657797,0.054779053,0.78864294
,,,0.15511642,0.035001025,0.8098826
,,,0.061248112,0.054370515,0.8843813
,,,0.062108807,0.040136132,0.8977551
,,,0.057236757,0.042395376,0.9003679
,,,0.09773591,0.055354707,0.8469094
,,,0.07122793,0.03842036,0.8903517
,,,0.089972235,0.05244033,0.8575874
,,,0.07997603,0.10126729,0.8187567
,,,0.088395074,0.08228861,0.8293164
,,,0.07455609,0.0776084,0.8478355
,,,0.07614577,0.07938882,0.84446543
,,,0.0759113,0.025797615,0.8982911
,,,0.06995036,0.019509504,0.91054016
,,,0.062311146,0.021262446,0.9164264
,,,0.091057815,0.031686746,0.87725544
,,,0.074347205,0.027974011,0.8976788
,,,0.16420597,0.08742867,0.74836534
,,,0.06722826,0.033160504,0.8996112
,,,0.06520831,0.030475102,0.9043166
,,,0.06553677,0.034246556,0.9002167
,,,0.1557327,0.082945615,0.76132166
,,,0.06272758,0.036453083,0.90081936
,,,0.043943096,0.039046552,0.91701037
,,,0.042410605,0.03789326,0.9196961
,,,0.040382896,0.02917213,0.93044496
,,,0.040537108,0.04767053,0.91179234
,,,0.043230865,0.02547498,0.93129414
,,,0.043195978,0.02084035,0.93596363
,,,0.056789868,0.037179716,0.9060305
,,,0.056213323,0.037881028,0.9059056
,,,0.0530017,0.032173313,0.91482496
,,,0.05814155,0.028193165,0.9136653
,,,0.056991573,0.027796403,0.915212
,,,0.05690879,0.03286962,0.91022164
,,,0.056652512,0.022315066,0.9210325
,,,0.06675342,0.03535653,0.8978901
,,,0.045129605,0.030335775,0.9245347
,,,0.055871885,0.02601181,0.9181163
,,,0.0616951,0.026905704,0.9113991
,,,0.05000195,0.027870225,0.92212784
,,,0.054269526,0.027301466,0.91842896
,,,0.040987823,0.024613336,0.9343989
,,,0.11617581,0.024743365,0.8590808
,,,0.035947964,0.028473333,0.9355787
,,,0.041657258,0.020827329,0.93751544
,,,0.03948165,0.0215983,0.93892
,,,0.038968235,0.021161672,0.93987006
,,,0.04624632,0.052230842,0.9015229
,,,0.053792186,0.06345369,0.88275415
,,,0.052786592,0.04145296,0.90576047
,,,0.06309826,0.028641319,0.90826046
,,,0.060965292,0.031783167,0.9072515
,,,0.04406717,0.026346736,0.92958605
,,,0.06772505,0.028052567,0.9042224
,,,0.066940546,0.031247357,0.9018121
,,,0.2175354,0.07200463,0.71045995
,,,0.15728481,0.081620775,0.76109445
,,,0.14938757,0.083381355,0.76723105
,,,0.1451228,0.078159735,0.7767175
,,,0.071728386,0.038189366,0.8900823
,,,0.087148674,0.04665482,0.8661965
,,,0.06733752,0.043438293,0.8892242
,,,0.24571007,0.10903704,0.64525294
,,,0.07398401,0.04953841,0.87647754
,,,0.074156485,0.036553893,0.8892897
,,,0.08116529,0.04186279,0.8769719
,,,0.06725768,0.039372582,0.89336973
,,,0.024245942,0.023221489,0.9525326
,,,0.020888256,0.021331701,0.95778
,,,0.020044444,0.021080814,0.9588747
,,,0.029550636,0.024855562,0.9455938
,,,0.032178774,0.022399915,0.94542134
,,,0.064816795,0.055105288,0.88007796
,,,0.07742406,0.04549026,0.8770857
,,,0.046807252,0.07105922,0.8821335
,,,0.06489958,0.08526939,0.849831
,,,0.18040857,0.12943697,0.69015443
,,,0.08554926,0.05915432,0.85529643
,,,0.18864782,0.12185492,0.68949723
,,,0.17207092,0.11330742,0.71462166
,,,0.17037393,0.13775934,0.69186676
,,,0.10851698,0.038003344,0.8534797
,,,0.09963629,0.07118175,0.8291819
,,,0.06663956,0.035360437,0.898
,,,0.22246218,0.032070395,0.7454674
,,,0.077042855,0.019191502,0.9037656
,,,0.02084026,0.020481342,0.9586784
,,,0.014167662,0.0123255,0.9735068
,,,0.0100849485,0.01132019,0.97859484
,,,0.049146526,0.024254132,0.9265994
,,,0.0752304,0.021158066,0.90361154
,,,0.05066626,0.026598647,0.9227351
,,,0.032095138,0.020764077,0.94714075
,,,0.034598358,0.016732395,0.94866925
,,,0.02661464,0.020503102,0.95288223
,,,0.0320131,0.023763811,0.94422305
,,,0.033858992,0.02692578,0.9392152
,,,0.041365456,0.028632848,0.93000174
,,,0.039685767,0.023919182,0.93639505
,,,0.043379836,0.012064449,0.94455576
,,,0.037257254,0.012776086,0.9499666
,,,0.04248932,0.022097515,0.93541324
,,,0.051113114,0.018761499,0.93012536
,,,0.047572304,0.033097368,0.91933036
,,,0.047297765,0.03867736,0.9140249
,,,0.052864764,0.025904188,0.92123103
,,,0.05081367,0.015196591,0.9339897
,,,0.066030666,0.026914496,0.90705484
,,,0.07039685,0.034117922,0.8954852
,,,0.043891486,0.025435286,0.9306732
,,,0.06131574,0.04114157,0.89754266
,,,0.034218382,0.06343042,0.9023512
,,,0.034709945,0.08053543,0.8847546
,,,0.11732149,0.032484096,0.8501944
,,,0.013379153,0.01900262,0.96761817
,,,0.011590762,0.016572027,0.97183716
,,,0.01105788,0.025620395,0.9633217
,,,0.009869527,0.033133343,0.9569971
,,,0.01551674,0.0828152,0.901668
,,,0.016224597,0.0424751,0.9413003
,,,0.028494019,0.08118416,0.89032185
,,,0.046854727,0.06565165,0.88749367
,,,0.031629737,0.07677008,0.8916002
,,,0.07212106,0.07511833,0.8527606
,,,0.07260969,0.09867758,0.8287127
,,,0.047253925,0.093938045,0.858808
,,,0.028587997,0.09521134,0.8762006
,,,0.033088576,0.07031014,0.8966013
,,,0.03278636,0.051924575,0.9152891
,,,0.025120595,0.033230916,0.94164854
,,,0.025355652,0.030877395,0.9437669
,,,0.01227627,0.03837922,0.94934446
,,,0.009108456,0.031286985,0.95960456
,,,0.00919038,0.033051934,0.9577577
,,,0.008881971,0.03199268,0.95912534
,,,0.009399519,0.03506569,0.95553476
,,,0.0074373274,0.08286997,0.90969276
,,,0.0076166047,0.06692959,0.9254537
,,,0.007101056,0.05632879,0.93657017
,,,0.0045407694,0.060109995,0.9353493
,,,0.0048887455,0.08172064,0.91339064
,,,0.0146152,0.039050594,0.9463342
,,,0.014077903,0.024906877,0.9610153
,,,0.012369636,0.015629953,0.97200036
,,,0.011549528,0.015235931,0.9732145
,,,0.020934913,0.027795201,0.95126987
,,,0.011456329,0.025912067,0.96263164
,,,0.013971733,0.040441073,0.94558716
,,,0.01430684,0.02593917,0.959754
,,,0.017401038,0.027569955,0.955029
,,,0.01668816,0.030332992,0.95297885
,,,0.007823903,0.03416538,0.9580107
,,,0.012075035,0.034562584,0.9533624
,,,0.015350396,0.041189365,0.9434603
,,,0.012681796,0.027516523,0.9598017
,,,0.014566569,0.0507302,0.93470323
,,,0.024991492,0.10638046,0.8686281
,,,0.01864525,0.01666713,0.9646876
,,,0.019593328,0.017693603,0.96271306
,,,0.013989455,0.013169742,0.97284085
,,,0.012023269,0.011852285,0.9761244
,,,0.010995854,0.0119094215,0.9770947
,,,0.010636703,0.010575595,0.9787877
,,,0.010987294,0.00992571,0.979087
,,,0.03045992,0.014389088,0.955151
,,,0.033201262,0.012907222,0.9538915
,,,0.09066271,0.019060984,0.8902763
,,,0.03552207,0.01700564,0.9474723
,,,0.010927195,0.019345116,0.9697277
,,,0.009953785,0.015315347,0.97473085
,,,0.017378617,0.03392171,0.94869965
,,,0.020902826,0.02589546,0.9532017
,,,0.029548895,0.032672454,0.93777865
,,,0.014993234,0.027692927,0.95731384
,,,0.016135845,0.028467083,0.95539707
,,,0.006354038,0.023963766,0.96968216
,,,0.00916544,0.028653946,0.9621806
,,,0.012966863,0.035251588,0.9517816
,,,0.020019932,0.034556985,0.9454231
,,,0.018603075,0.02078236,0.96061456
,,,0.0058689546,0.02584488,0.9682862
,,,0.011092519,0.021636384,0.9672711
,,,0.0137054715,0.019763684,0.9665308
,,,0.034962557,0.037455782,0.92758167
,,,0.038099848,0.04797265,0.9139275
,,,0.03875683,0.018076522,0.9431666
,,,0.05551105,0.0318198,0.9126692
,,,0.056843676,0.028726699,0.9144296
,,,0.049460977,0.0407172,0.9098218
,,,0.019094229,0.026906777,0.95399904
,,,0.044175055,0.066828,0.88899696
,,,0.030694216,0.07235776,0.89694804
,,,0.024356008,0.09527652,0.88036746
,,,0.018661061,0.087759756,0.8935792
,,,0.009043698,0.027565662,0.9633906
,,,0.010996716,0.036653064,0.9523502
,,,0.0090793725,0.021506127,0.9694145
,,,0.018894533,0.021006731,0.9600987
,,,0.01351151,0.019317966,0.9671706
,,,0.015072842,0.019161621,0.9657656
,,,0.01175913,0.023303287,0.9649376
,,,0.005374016,0.013139465,0.9814865
,,,0.00818839,0.018284116,0.9735275
,,,0.019621776,0.021555068,0.9588232
,,,0.012147001,0.020284688,0.9675683
,,,0.024795296,0.034474008,0.94073075
,,,0.034476805,0.0471023,0.918421
,,,0.02606586,0.03305632,0.94087785
,,,0.024030795,0.08073633,0.8952329
,,,0.042142417,0.041827623,0.91602993
,,,0.039517485,0.025016218,0.9354663
,,,0.037209067,0.038766734,0.9240242
,,,0.022183178,0.0700953,0.9077216
,,,0.017689582,0.060892887,0.92141753
,,,0.026591681,0.09147061,0.88193774
,,,0.022590721,0.06800936,0.9093999
,,,0.015570372,0.068895996,0.9155336
,,,0.016166521,0.0820573,0.9017762
,,,0.01631502,0.07362535,0.9100596
,,,0.017256912,0.05342296,0.92932016
,,,0.010522292,0.048951723,0.940526
,,,0.024814993,0.037830774,0.9373542
,,,0.011918149,0.035404228,0.95267755
,,,0.015515562,0.15072905,0.8337554
,,,0.021592442,0.14150634,0.8369012
,,,0.020612473,0.114512615,0.86487496
,,,0.017231584,0.16614218,0.8166262
,,,0.021523284,0.049310144,0.9291666
,,,0.016819695,0.10191064,0.8812697
,,,0.0175585,0.123007275,0.8594342
,,,0.014202788,0.11239038,0.8734068
,,,0.011165143,0.05201822,0.9368166
,,,0.0074289064,0.05204819,0.94052285
,,,0.023345787,0.036051054,0.94060314
,,,0.013740728,0.04161611,0.9446432
,,,0.047012005,0.071056634,0.8819313
,,,0.006886227,0.043619692,0.94949406
,,,0.010723921,0.027398596,0.9618775
,,,0.02081479,0.015380088,0.96380514
,,,0.014204791,0.01926777,0.96652746
,,,0.0060922215,0.019914193,0.97399354
,,,0.009077778,0.018357115,0.97256505
,,,0.0070656775,0.016917568,0.9760167
,,,0.0071004177,0.018466868,0.97443277
,,,0.008582513,0.022401884,0.9690156
,,,0.009069626,0.015922988,0.9750074
,,,0.012108702,0.011749785,0.9761415
,,,0.01589434,0.021664849,0.9624408
,,,0.013740022,0.020954866,0.96530515
,,,0.0112101035,0.023405056,0.9653848
,,,0.006008846,0.028745178,0.96524596
,,,0.007049062,0.020782333,0.9721686
,,,0.009869585,0.02670945,0.96342105
,,,0.009399796,0.0653988,0.9252014
,,,0.00916821,0.044094037,0.94673777
,,,0.009471212,0.031708933,0.9588199
,,,0.009407438,0.029712973,0.9608796
,,,0.008477418,0.035558745,0.9559638
,,,0.008030267,0.02708553,0.9648842
,,,0.008064748,0.0465189,0.94541633
,,,0.008026515,0.049547836,0.94242567
,,,0.008220945,0.03013835,0.96164066
,,,0.010806362,0.035882827,0.9533108
,,,0.025937108,0.05329597,0.9207669
,,,0.031445965,0.054088067,0.9144659
,,,0.033467356,0.108818986,0.8577137
,,,0.053897414,0.10222612,0.8438765
,,,0.041528236,0.05181746,0.90665436
,,,0.013132381,0.09898417,0.8878834
,,,0.016983867,0.08502941,0.89798677
,,,0.016366089,0.08328006,0.9003539
,,,0.0151722785,0.09329556,0.8915322
,,,0.015203605,0.21971735,0.765079
,,,0.016255772,0.19303675,0.7907075
,,,0.016118102,0.18670769,0.79717416
,,,0.025386864,0.087717354,0.8868958
,,,0.043658346,0.047539216,0.9088024
,,,0.05117663,0.048485912,0.90033746
,,,0.026423182,0.06170461,0.9118722
,,,0.026942285,0.060976047,0.9120816
,,,0.023752501,0.05076338,0.92548406
,,,0.014280315,0.028244644,0.957475
,,,0.0106291715,0.029977918,0.9593929
,,,0.006776638,0.031373214,0.96185017
,,,0.0063278535,0.020581838,0.97309035
,,,0.005127524,0.022778954,0.9720935
,,,0.01163906,0.023771374,0.96458954
,,,0.0056767357,0.035854466,0.9584688
,,,0.004024829,0.03761012,0.9583651
,,,0.0046764123,0.018559547,0.9767641
,,,0.0036484913,0.017678684,0.9786728
,,,0.0042872564,0.027865795,0.96784693
,,,0.0027457727,0.028259505,0.96899474
,,,0.003419824,0.032049436,0.96453077
,,,0.0037837697,0.010192015,0.9860242
,,,0.0030887527,0.009893524,0.9870177
,,,0.0030929404,0.010515843,0.9863912
,,,0.004218261,0.012639195,0.98314255
,,,0.008896981,0.025388941,0.9657141
,,,0.0065725367,0.016848864,0.9765786
,,,0.0061968914,0.015951836,0.97785133
,,,0.012739535,0.012658098,0.97460234
,,,0.014302995,0.013996772,0.9717002
,,,0.014127838,0.026994757,0.95887744
,,,0.02253633,0.025794137,0.9516695
,,,0.014022581,0.017505791,0.96847165
,,,0.016532315,0.020938784,0.96252894
,,,0.03432404,0.047842797,0.9178332
,,,0.042781673,0.048384458,0.9088338
,,,0.03604082,0.04083278,0.92312634
,,,0.03858431,0.046014432,0.9154013
,,,0.046913587,0.057865597,0.8952209
,,,0.04514123,0.05181651,0.90304226
,,,0.04123446,0.047451757,0.9113138
,,,0.04127235,0.06462047,0.89410716
,,,0.032912355,0.06447772,0.90261
,,,0.015863203,0.07776521,0.9063716
,,,0.016860986,0.058030564,0.9251085
,,,0.019091107,0.015556405,0.9653525
,,,0.013598118,0.06913704,0.9172648
,,,0.012937513,0.0460514,0.941011
,,,0.012061785,0.033265896,0.9546723
,,,0.009519901,0.034980822,0.9554993
,,,0.018546138,0.023231275,0.95822257
,,,0.009513986,0.030191464,0.96029454
,,,0.008583579,0.063530914,0.9278855
,,,0.01865546,0.103825726,0.87751883
,,,0.03648172,0.03090735,0.9326109
,,,0.024736157,0.027708678,0.9475551
,,,0.05673091,0.2350724,0.7081967
,,,0.060946252,0.18756671,0.7514871
,,,0.06305055,0.19191465,0.7450348
,,,0.08043213,0.10488525,0.81468266
,,,0.021825196,0.03964279,0.93853205
,,,0.006234305,0.027982738,0.96578294
,,,0.008581874,0.05127424,0.94014394
,,,0.0072141467,0.040187337,0.9525985
,,,0.01028791,0.039843347,0.94986874
,,,0.01159892,0.07026793,0.91813314
,,,0.009983446,0.042951714,0.9470649
,,,0.018241614,0.07332924,0.90842915
,,,0.036689375,0.10683909,0.8564716
,,,0.15450865,0.19915721,0.6463342
,,,0.08100076,0.45951146,0.45948777
,,,0.17454742,0.2874886,0.537964
,,,0.04532882,0.10115365,0.8535176
,,,0.15311524,0.25819382,0.58869094
,,,0.1704182,0.17986226,0.64971954
,,,0.16516598,0.15045036,0.68438363
,,,0.23855564,0.11078156,0.6506628
,,,0.19478473,0.11004923,0.695166
,,,0.20102917,0.095918,0.7030528
,,,0.21785963,0.078935385,0.703205
,,,0.1837567,0.061296176,0.7549471
,,,0.16296603,0.05908282,0.7779512
,,,0.022808356,0.012996387,0.9641953
,,,0.07367037,0.08726085,0.83906883
,,,0.018349573,0.015628356,0.9660221
,,,0.020866744,0.017619077,0.9615141
,,,0.028754415,0.017872423,0.95337313
,,,0.0230908,0.017470282,0.959439
,,,0.03745918,0.024775969,0.9377649
,,,0.03737533,0.024085827,0.9385389
,,,0.036753774,0.0146664055,0.9485798
,,,0.034538276,0.022774022,0.9426877
,,,0.04409388,0.02861625,0.92728984
,,,0.02274334,0.041214477,0.9360422
,,,0.015558896,0.030704904,0.95373625
,,,0.018444322,0.045813512,0.93574214
,,,0.01858688,0.04055309,0.94086
,,,0.02070233,0.04321676,0.93608093
,,,0.2418254,0.08371351,0.67446107
,,,0.1945498,0.073007636,0.7324426
,,,0.20269564,0.058726907,0.7385774
,,,0.17625986,0.095311105,0.728429
,,,0.1735251,0.062555574,0.7639193
,,,0.2719864,0.05772557,0.670288
,,,0.32913595,0.060783554,0.6100804
,,,0.27372706,0.058808245,0.6674647
,,,0.27071995,0.06965535,0.6596247
,,,0.23896965,0.058538668,0.7024917
,,,0.14321776,0.08121367,0.7755686
,,,0.03825765,0.024347108,0.9373953
,,,0.21330464,0.19908005,0.5876153
,,,0.19417045,0.28613555,0.519694
,,,0.1480198,0.11932446,0.73265576
,,,0.13151036,0.07221477,0.79627484
,,,0.114825256,0.05105321,0.8341216
,,,0.100250676,0.16474855,0.7350008
,,,0.0513962,0.17589638,0.7727074
,,,0.08861091,0.13972418,0.7716649
,,,0.044374876,0.14223233,0.8133928
,,,0.014182965,0.07344239,0.9123747
,,,0.010660561,0.068711676,0.9206277
,,,0.008087709,0.035944838,0.9559675
,,,0.075783476,0.1601844,0.7640321
,,,0.06260474,0.13196734,0.80542797
,,,0.07139719,0.100258686,0.82834417
,,,0.016780077,0.018898634,0.9643213
,,,0.01429829,0.016355654,0.96934605
,,,0.024089292,0.023753328,0.9521573
,,,0.03332194,0.037359655,0.9293184
,,,0.061547022,0.01177059,0.9266824
,,,0.056463387,0.016659118,0.92687744
,,,0.23538104,0.0823592,0.6822598
,,,0.05898552,0.019792315,0.9212222
,,,0.025759615,0.0385259,0.9357144
,,,0.024040407,0.0188865,0.9570731
,,,0.027077891,0.0151977865,0.95772433
,,,0.028147794,0.02555874,0.9462935
,,,0.036084004,0.0349586,0.9289574
,,,0.034619864,0.011103823,0.9542763
,,,0.037185527,0.015727347,0.9470871
,,,0.047061384,0.018960724,0.93397784
,,,0.04164801,0.02624448,0.9321075
,,,0.04418988,0.02905316,0.9267569
,,,0.040081844,0.026897803,0.93302035
,,,0.044073425,0.03126677,0.9246598
,,,0.041864138,0.037695568,0.9204404
,,,0.059120927,0.046244565,0.8946345
,,,0.061849475,0.04237609,0.8957745
,,,0.061989896,0.04224967,0.8957604
,,,0.0780298,0.06368804,0.8582822
,,,0.06074657,0.05600506,0.8832483
,,,0.05108771,0.046269603,0.9026427
,,,0.050949924,0.04822256,0.9008275
,,,0.06358677,0.034627423,0.9017858
,,,0.08492578,0.03672322,0.87835103
,,,0.0824663,0.034458198,0.88307554
,,,0.05535501,0.045927584,0.89871734
,,,0.046478454,0.0411694,0.91235214
,,,0.038652588,0.031664286,0.92968315
,,,0.032032944,0.032189585,0.9357775
,,,0.024241066,0.07776403,0.89799494
,,,0.02791791,0.026770744,0.94531137
,,,0.025495937,0.030589122,0.94391495
,,,0.020511987,0.03875967,0.9407283
,,,0.013975434,0.080866255,0.9051583
,,,0.012097459,0.0808776,0.9070249
,,,0.008196699,0.07861674,0.9131866
,,,0.009117491,0.0543086,0.9365739
,,,0.009435929,0.032413792,0.9581503
,,,0.008971758,0.066124305,0.924904
,,,0.01147049,0.03462595,0.95390356
,,,0.026452055,0.026338855,0.9472091
,,,0.027317373,0.015966307,0.9567163
,,,0.03126204,0.015626363,0.95311165
,,,0.017535387,0.022845455,0.95961916
,,,0.021878865,0.016273713,0.9618474
,,,0.0153336,0.0091586085,0.9755078
,,,0.035810165,0.014131626,0.95005816
,,,0.036002543,0.016778208,0.94721925
,,,0.035808127,0.015581249,0.9486106
,,,0.035459712,0.022224301,0.942316
,,,0.03566834,0.024507344,0.93982434
,,,0.031198854,0.02036693,0.9484343
,,,0.035008527,0.021855136,0.94313633
,,,0.036312573,0.022263037,0.94142437
,,,0.036852255,0.025296241,0.9378515
,,,0.03652437,0.026415363,0.9370603
,,,0.047866486,0.025538616,0.92659485
,,,0.04562122,0.023133043,0.9312458
,,,0.04764474,0.032562766,0.91979253
,,,0.053764176,0.03784718,0.9083887
,,,0.054431155,0.038520925,0.9070479
,,,0.05612781,0.037284102,0.9065881
,,,0.047268465,0.04156956,0.91116196
,,,0.05177365,0.05421457,0.89401174
,,,0.04308756,0.05588439,0.90102804
,,,0.03783028,0.05564565,0.906524
,,,0.04228867,0.05676414,0.9009472
,,,0.047382183,0.057251815,0.895366
,,,0.044405486,0.06680164,0.88879293
,,,0.033201586,0.052418746,0.9143797
,,,0.017561808,0.04221275,0.9402255
,,,0.019322474,0.018906847,0.96177065
,,,0.018552216,0.08612037,0.8953274
,,,0.016433237,0.073543355,0.91002345
,,,0.022140268,0.066416904,0.9114428
,,,0.020309042,0.029274765,0.9504162
,,,0.020931639,0.027155586,0.9519128
,,,0.02090267,0.027045408,0.952052
,,,0.02340147,0.018075023,0.9585236
,,,0.027792456,0.032149047,0.94005847
,,,0.012264672,0.01701729,0.97071797
,,,0.031671807,0.023136392,0.94519174
,,,0.018682033,0.016277803,0.9650402
,,,0.015344246,0.01534653,0.96930915
,,,0.0259716,0.017487409,0.956541
,,,0.12112928,0.022509215,0.8563615
,,,0.049389213,0.015562153,0.9350486
,,,0.08773549,0.018493883,0.8937706
,,,0.044205915,0.024061201,0.93173283
,,,0.031735595,0.020261142,0.9480033
,,,0.032388754,0.021182742,0.9464285
,,,0.030210292,0.015959578,0.9538301
,,,0.01922737,0.015813425,0.96495914
,,,0.041168872,0.017494489,0.9413367
,,,0.05527403,0.024469445,0.92025656
,,,0.040326085,0.015293413,0.9443805
,,,0.024360174,0.013692647,0.96194714
,,,0.019059531,0.012622889,0.9683176
,,,0.01927666,0.016174123,0.9645492
,,,0.02628448,0.017767694,0.9559479
,,,0.07010502,0.022776179,0.90711874
,,,0.0759364,0.034456573,0.889607
,,,0.08319451,0.060988687,0.8558168
,,,0.08910634,0.027292594,0.88360107
,,,0.08167852,0.022409642,0.8959118
,,,0.062702686,0.02016232,0.91713494
,,,0.03713567,0.017648095,0.94521624
,,,0.033590175,0.018962095,0.94744766
,,,0.034682155,0.017122641,0.9481952
,,,0.032412168,0.016014466,0.9515733
,,,0.04198155,0.022604646,0.93541384
,,,0.041855622,0.020787466,0.93735695
,,,0.037856344,0.017616928,0.94452673
,,,0.044112653,0.019908408,0.9359789
,,,0.05546058,0.0392078,0.9053316
,,,0.049258143,0.027886525,0.9228553
,,,0.048460882,0.022041988,0.92949706
,,,0.043808084,0.024974277,0.9312177
,,,0.018638484,0.023073116,0.95828843
,,,0.0308849,0.022862857,0.9462523
,,,0.0314269,0.03889806,0.9296751
,,,0.039938334,0.040805984,0.9192557
,,,0.04384088,0.044089526,0.9120696
,,,0.04721723,0.038839053,0.91394377
,,,0.035256457,0.034028973,0.9307146
,,,0.034487374,0.037139133,0.92837346
,,,0.04105382,0.046815712,0.91213053
,,,0.039839383,0.02925254,0.9309081
,,,0.04662923,0.024724182,0.9286466
,,,0.05120035,0.044315238,0.9044844
,,,0.049090486,0.02238337,0.92852616
,,,0.04115458,0.027293615,0.9315518
,,,0.041742276,0.02800163,0.9302561
,,,0.044055637,0.030065352,0.925879
,,,0.041321866,0.032897014,0.9257811
,,,0.044198964,0.03290826,0.92289275
,,,0.037243724,0.035030793,0.9277255
,,,0.03587345,0.03953869,0.92458785
,,,0.03702496,0.03524742,0.92772764
,,,0.03529182,0.035751436,0.9289568
,,,0.033911083,0.03331134,0.9327776
,,,0.03836857,0.040730312,0.9209011
,,,0.028558088,0.036234014,0.9352079
,,,0.027134132,0.031473625,0.94139224
,,,0.03583751,0.025016954,0.93914557
,,,0.03406624,0.020335354,0.9455984
,,,0.059156552,0.037137154,0.90370625
,,,0.06046685,0.0663682,0.8731649
,,,0.063938946,0.04715439,0.8889067
,,,0.061661217,0.05781281,0.88052595
,,,0.07804421,0.052397154,0.86955863
,,,0.077168986,0.04646668,0.87636435
,,,0.0721689,0.03376893,0.89406216
,,,0.048130512,0.03351356,0.9183559
,,,0.05076479,0.023254164,0.9259811
,,,0.0739468,0.03920226,0.88685095
,,,0.11605385,0.022516094,0.86143
,,,0.06427729,0.03309015,0.9026326
,,,0.068546884,0.034853496,0.8965996
,,,0.112257525,0.02859143,0.859151
,,,0.023422452,0.03183272,0.9447449
,,,0.025605686,0.045422044,0.9289723
,,,0.019180603,0.02915387,0.9516655
,,,0.013262362,0.020053739,0.96668386
,,,0.07202206,0.03423094,0.893747
,,,0.033708103,0.039078485,0.9272134
,,,0.0306153,0.03718139,0.93220335
,,,0.025664993,0.022803592,0.95153147
,,,0.021955373,0.02167211,0.9563725
,,,0.02893875,0.020074418,0.9509868
,,,0.0405416,0.02431886,0.9351396
,,,0.03949635,0.017060317,0.9434433
,,,0.03774025,0.014790546,0.9474692
,,,0.03669133,0.015989631,0.9473191
,,,0.038138755,0.022524135,0.9393371
,,,0.08088723,0.018115746,0.900997
,,,0.044907734,0.0302841,0.92480814
,,,0.057646655,0.022430142,0.91992325
,,,0.046865266,0.028974243,0.9241604
,,,0.064823404,0.0656705,0.8695061
,,,0.0644129,0.04478773,0.8907994
,,,0.07074403,0.058182474,0.87107354
,,,0.05756507,0.036267187,0.90616775
,,,0.06271961,0.020708732,0.9165717
,,,0.05088204,0.020935941,0.928182
,,,0.04156001,0.017338526,0.9411015
,,,0.04078238,0.017963085,0.9412545
,,,0.03773113,0.016807733,0.94546115
,,,0.029814193,0.016000345,0.9541855
,,,0.03103068,0.013416854,0.95555246
,,,0.040542923,0.019110508,0.9403466
,,,0.030944785,0.01761205,0.9514432
,,,0.029587433,0.021355076,0.94905746
,,,0.02237716,0.017809318,0.95981354
,,,0.063977845,0.010553929,0.92546827
,,,0.09816365,0.014800706,0.8870356
,,,0.1193389,0.012596801,0.8680643
,,,0.03547363,0.03940633,0.92512
,,,0.025566049,0.020798335,0.95363563
,,,0.023500748,0.018999623,0.9574996
,,,0.02776385,0.03019972,0.9420364
,,,0.032578554,0.019225169,0.9481963
,,,0.04201492,0.04601077,0.9119743
,,,0.049234316,0.042301826,0.90846384
,,,0.052640274,0.04855658,0.8988032
,,,0.025386302,0.07381434,0.90079933
,,,0.06607803,0.06154263,0.87237936
,,,0.054258782,0.048072863,0.8976683
,,,0.087235935,0.03854709,0.87421703
,,,0.028945174,0.03066503,0.9403898
,,,0.042088892,0.028775156,0.9291359
,,,0.010034113,0.013162538,0.9768033
,,,0.017893331,0.02734196,0.9547648
,,,0.01695663,0.018585857,0.96445745
,,,0.01954253,0.01753394,0.96292347
,,,0.014206284,0.015964711,0.969829
,,,0.015326333,0.0107526565,0.97392106
,,,0.013245701,0.011457756,0.9752965
,,,0.014006633,0.0102770375,0.97571635
,,,0.016336175,0.016170941,0.9674928
,,,0.014598248,0.014607404,0.9707944
,,,0.02416705,0.045634534,0.9301984
,,,0.101465024,0.07037372,0.8281613
,,,0.083810106,0.11842079,0.79776907
,,,0.08709011,0.091559365,0.8213505
,,,0.2118675,0.11586539,0.6722671
,,,0.08963998,0.03533616,0.8750239
,,,0.09482071,0.04219424,0.862985
,,,0.0559927,0.019090317,0.92491704
,,,0.052350312,0.01966334,0.9279864
,,,0.05754257,0.025627034,0.9168304
,,,0.060643647,0.027644383,0.911712
,,,0.050636705,0.038421817,0.9109415
,,,0.042903822,0.041677352,0.9154188
,,,0.049220998,0.055056408,0.8957226
,,,0.044719383,0.045253977,0.9100266
,,,0.053798024,0.05369921,0.8925027
,,,0.05847349,0.034907993,0.9066185
,,,0.051354144,0.033647105,0.91499877
,,,0.041046936,0.030240629,0.9287124
,,,0.046253163,0.07646732,0.8772795
,,,0.030732077,0.072284244,0.8969836
,,,0.030410038,0.08905989,0.88053006
,,,0.017867805,0.05669182,0.9254404
,,,0.01614791,0.03920867,0.9446434
,,,0.01852694,0.081293166,0.90017986
,,,0.009020597,0.08089262,0.91008675
,,,0.0105105145,0.05510746,0.934382
,,,0.023536373,0.07267655,0.9037871
,,,0.022862002,0.07264368,0.90449435
,,,0.019092182,0.053137723,0.92777014
,,,0.022900928,0.029975543,0.9471236
,,,0.02138984,0.0172227,0.9613874
,,,0.030103976,0.041679345,0.9282167
,,,0.017831367,0.016951878,0.96521676
,,,0.01823327,0.021112727,0.9606541
,,,0.015948063,0.013270338,0.97078156
,,,0.017664488,0.014200565,0.968135
,,,0.03273112,0.02916443,0.93810445
,,,0.061837483,0.036367726,0.9017948
,,,0.09151087,0.037671003,0.8708182
,,,0.084395126,0.033362634,0.88224226
,,,0.06325402,0.028196786,0.90854913
,,,0.04550951,0.019566728,0.93492377
,,,0.04940145,0.021584058,0.9290145
,,,0.021928169,0.027316619,0.9507552
,,,0.053139724,0.04932197,0.89753824
,,,0.019104585,0.05075478,0.9301406
,,,0.015481153,0.027191343,0.9573275
,,,0.015922341,0.02718288,0.9568947
,,,0.013478905,0.016206464,0.9703147
,,,0.01852169,0.0145216705,0.9669566
,,,0.016580522,0.012567111,0.9708524
,,,0.017488478,0.020936338,0.9615752
,,,0.012989317,0.010161783,0.9768489
,,,0.011642867,0.01331466,0.97504246
,,,0.023353796,0.047674626,0.9289716
,,,0.023459898,0.028949639,0.9475905
,,,0.025057033,0.07958581,0.89535713
,,,0.046648026,0.05429755,0.89905447
,,,0.05165736,0.056336325,0.8920063
,,,0.042972535,0.025496984,0.9315305
,,,0.052352298,0.025188167,0.92245954
,,,0.047551505,0.015934162,0.9365143
,,,0.04617577,0.019515734,0.93430847
,,,0.04600119,0.018641932,0.9353569
,,,0.054535873,0.077140786,0.8683234
,,,0.058852416,0.06917697,0.8719706
,,,0.09386817,0.087534375,0.8185975
,,,0.07223978,0.068651065,0.85910916
,,,0.018609522,0.04090205,0.9404884
,,,0.014579849,0.038542382,0.9468778
,,,0.016934052,0.038217574,0.9448484
,,,0.015731458,0.043129366,0.9411392
,,,0.014336415,0.035063975,0.9505996
,,,0.017716747,0.025417829,0.9568655
,,,0.022683864,0.026922114,0.950394
,,,0.014771274,0.048346434,0.9368823
,,,0.014663024,0.04548927,0.9398477
,,,0.016231706,0.051789016,0.93197924
,,,0.005162033,0.017422576,0.9774154
,,,0.005919732,0.01744313,0.9766371
,,,0.011776274,0.019361474,0.96886224
,,,0.015002942,0.020565638,0.9644314
,,,0.008300284,0.036263157,0.9554366
,,,0.008415099,0.05059147,0.9409934
,,,0.015364418,0.0196034,0.9650322
,,,0.0139415935,0.016332299,0.9697261
,,,0.020387726,0.015465369,0.96414685
,,,0.012472102,0.031630103,0.95589775
,,,0.014615112,0.028092736,0.9572922
,,,0.004239355,0.022855926,0.9729047
,,,0.049582027,0.017931731,0.93248624
,,,0.09279827,0.020185858,0.8870158
,,,0.1346584,0.019754792,0.8455868
,,,0.036253083,0.026652897,0.93709403
,,,0.03781278,0.032341413,0.92984587
,,,0.030529834,0.02395201,0.9455182
,,,0.028867891,0.024614224,0.9465178
,,,0.03784773,0.01848347,0.9436688
,,,0.04673557,0.021373393,0.931891
,,,0.028576523,0.013246506,0.9581769
,,,0.03773704,0.017592432,0.9446705
,,,0.012907598,0.0140766585,0.9730157
,,,0.026753547,0.030613396,0.9426331
,,,0.023205625,0.016339844,0.9604545
,,,0.047961414,0.030558346,0.92148024
,,,0.05392828,0.08158621,0.86448556
,,,0.026062967,0.03421048,0.93972653
,,,0.04942577,0.06923156,0.88134265
,,,0.052405998,0.053647287,0.8939467
,,,0.05277694,0.027255803,0.91996723
,,,0.062853605,0.057406876,0.87973946
,,,0.055345252,0.062458914,0.88219583
,,,0.0617299,0.031912077,0.906358
,,,0.09640619,0.018109214,0.8854846
,,,0.063787945,0.0143955955,0.92181647
,,,0.042979166,0.016420312,0.94060045
,,,0.043443233,0.020454064,0.9361027
,,,0.031975172,0.012230929,0.95579386
,,,0.0408919,0.013586935,0.9455212
,,,0.024269143,0.014375673,0.96135515
,,,0.022512687,0.012990615,0.96449673
,,,0.019841941,0.018515747,0.9616423
,,,0.020433718,0.025516707,0.9540496
,,,0.033167433,0.027754297,0.9390783
,,,0.040220372,0.028151402,0.9316282
,,,0.04592956,0.022251818,0.93181866
,,,0.0511746,0.017142337,0.93168306
,,,0.015954724,0.019345375,0.9646999
,,,0.018052293,0.02337502,0.95857275
,,,0.03344624,0.025216032,0.94133776
,,,0.01934293,0.013218587,0.9674385
,,,0.018995179,0.01884836,0.9621564
,,,0.0065979566,0.0131553905,0.98024666
,,,0.0062813535,0.019343091,0.9743756
,,,0.013758332,0.037349015,0.9488927
,,,0.013387858,0.06664219,0.91997
,,,0.009420843,0.05710499,0.9334742
,,,0.006707718,0.056754105,0.93653816
,,,0.0071009453,0.059861746,0.9330373
,,,0.011269032,0.037509903,0.95122105
,,,0.0085845385,0.016794212,0.97462124
,,,0.0074247825,0.014890434,0.9776848
,,,0.008819907,0.017688366,0.97349167
,,,0.013634587,0.012040143,0.97432524
,,,0.011587775,0.010057898,0.9783544
,,,0.0550117,0.015775621,0.9292127
,,,0.040198408,0.017169928,0.9426316
,,,0.046617042,0.016115448,0.93726754
,,,0.023018783,0.023832485,0.9531488
,,,0.02054744,0.016290968,0.96316165
,,,0.0267569,0.022269046,0.9509741
,,,0.027774807,0.0320011,0.9402241
,,,0.06587165,0.051346008,0.8827823
,,,0.03267573,0.027962895,0.9393614
,,,0.05578092,0.030334381,0.9138847
,,,0.05976245,0.05618891,0.8840486
,,,0.03027599,0.030015007,0.93970895
,,,0.0330593,0.022832995,0.94410765
,,,0.03574998,0.034325756,0.9299243
,,,0.04143712,0.026302341,0.9322605
,,,0.0792926,0.026142778,0.8945646
,,,0.036172204,0.03077382,0.93305403
,,,0.03000447,0.028062599,0.9419329
,,,0.03348628,0.032955676,0.93355805
,,,0.06509351,0.032425053,0.90248144
,,,0.05810068,0.03329069,0.9086086
,,,0.08218504,0.05617208,0.8616429
,,,0.05721997,0.038822956,0.9039571
,,,0.061422784,0.04153757,0.89703965
,,,0.06904081,0.033695295,0.8972639
,,,0.05838055,0.040448196,0.9011712
,,,0.06184521,0.047588736,0.8905661
,,,0.069084615,0.04620879,0.88470656
,,,0.079963826,0.049832936,0.87020326
,,,0.06913825,0.031498384,0.8993633
,,,0.07748434,0.029075854,0.89343977
,,,0.07746908,0.029001497,0.8935294
,,,0.04778079,0.019598173,0.932621
,,,0.054032054,0.02298471,0.9229832
,,,0.02518635,0.028127834,0.94668585
,,,0.030895336,0.043259215,0.92584544
,,,0.028870886,0.03963014,0.93149894
,,,0.055065308,0.03249017,0.91244453
,,,0.023405906,0.040529806,0.93606436
,,,0.031882692,0.041244395,0.92687297
,,,0.03923253,0.018748904,0.9420185
,,,0.031899836,0.014183205,0.9539169
,,,0.045005217,0.03290201,0.9220928
,,,0.043307174,0.016871193,0.9398216
,,,0.03731642,0.014914147,0.94776946
,,,0.03740341,0.020192651,0.942404
,,,0.03148109,0.015681403,0.9528375
,,,0.043584183,0.023072457,0.93334335
,,,0.028384553,0.022744197,0.9488712
,,,0.026000062,0.04551439,0.9284856
,,,0.09514246,0.020318754,0.8845388
,,,0.061764434,0.040252015,0.8979836
,,,0.020096429,0.074417256,0.9054863
,,,0.024664074,0.03044403,0.9448919
,,,0.024816079,0.02801316,0.94717073
,,,0.030361693,0.029740693,0.93989766
,,,0.054749418,0.039915934,0.90533465
,,,0.039264053,0.03821877,0.9225171
,,,0.02644264,0.03872401,0.9348333
,,,0.047761723,0.103721045,0.84851724
,,,0.04410523,0.045824006,0.9100707
,,,0.031127892,0.027781809,0.9410903
,,,0.036212802,0.030070646,0.9337165
,,,0.036748987,0.037127737,0.92612326
,,,0.035660047,0.028160311,0.9361797
,,,0.04231605,0.023572743,0.9341112
,,,0.041619644,0.02169102,0.9366894
,,,0.039929803,0.037623044,0.92244714
,,,0.044072147,0.051812865,0.90411496
,,,0.045366872,0.035286035,0.91934705
,,,0.05481118,0.05325423,0.8919346
,,,0.052164968,0.041497238,0.90633786
,,,0.050224915,0.040189695,0.9095854
,,,0.050863877,0.03554463,0.9135915
,,,0.04990392,0.022431014,0.92766505
,,,0.05896889,0.015245254,0.9257859
,,,0.05734809,0.019520206,0.92313176
,,,0.051195897,0.013373898,0.9354302
,,,0.05179859,0.01874782,0.9294536
,,,0.07533028,0.029246578,0.8954232
,,,0.07387428,0.027155733,0.89897
,,,0.046171147,0.023917245,0.9299116
,,,0.046066575,0.028944757,0.92498875
,,,0.048172582,0.022120535,0.92970693
,,,0.045963097,0.023000158,0.9310367
,,,0.07003256,0.051890444,0.87807703
,,,0.06530354,0.013682594,0.92101383
,,,0.079487614,0.01808548,0.90242696
,,,0.057856303,0.018450843,0.9236928
,,,0.05868587,0.020667275,0.92064685
,,,0.05176252,0.019200524,0.9290369
,,,0.12564102,0.016798528,0.8575604
,,,0.024103496,0.01967136,0.9562251
,,,0.010412089,0.035662714,0.95392513
,,,0.02941005,0.04280541,0.9277845
,,,0.0123403305,0.052770473,0.93488914
,,,0.011101459,0.051040076,0.9378584
,,,0.010570994,0.06437281,0.9250562
,,,0.0151981795,0.027355472,0.9574464
,,,0.014797831,0.015760759,0.9694415
,,,0.013298404,0.018171908,0.9685297
,,,0.01397137,0.014831349,0.9711973
,,,0.01590751,0.013694258,0.9703982
,,,0.013909455,0.02150555,0.964585
,,,0.01851041,0.036198292,0.94529134
,,,0.0103570735,0.017960435,0.9716825
,,,0.013706095,0.017442403,0.9688515
,,,0.037681513,0.035999395,0.9263191
,,,0.01821165,0.048678182,0.9331102
,,,0.015303038,0.015072842,0.9696241
,,,0.021820834,0.026439456,0.95173967
,,,0.027907759,0.028788153,0.94330406
,,,0.023840966,0.09792577,0.87823325
,,,0.016313277,0.096683644,0.88700306
,,,0.013197815,0.08300484,0.9037974
,,,0.015974736,0.08007341,0.9039518
,,,0.01635393,0.08936195,0.8942841
,,,0.019541327,0.105276264,0.87518245
,,,0.044473793,0.09001511,0.8655111
,,,0.015992567,0.10130737,0.8827001
,,,0.01953393,0.073168166,0.9072979
,,,0.009755678,0.045713205,0.94453114
,,,0.006351222,0.05057092,0.94307786
,,,0.0039616176,0.03931106,0.9567273
,,,0.0038026916,0.038424004,0.9577733
,,,0.003487582,0.026066758,0.97044563
,,,0.004674066,0.032073468,0.9632524
,,,0.0049178195,0.038342457,0.9567397
,,,0.013495915,0.052589845,0.93391424
,,,0.015539866,0.037619904,0.9468403
,,,0.016892018,0.038587175,0.94452083
,,,0.022108007,0.018539675,0.95935225
,,,0.03050311,0.02101067,0.94848627
,,,0.02519019,0.019619476,0.95519036
,,,0.02451556,0.045911342,0.9295731
,,,0.03609788,0.05091128,0.9129908
,,,0.02575743,0.026224053,0.9480185
,,,0.022309504,0.06712453,0.910566
,,,0.023368638,0.120552495,0.85607886
,,,0.011144446,0.10686197,0.88199353
,,,0.008840402,0.051474888,0.93968475
,,,0.008847007,0.044914283,0.94623876
,,,0.014237375,0.07617205,0.90959054
,,,0.009376319,0.086077265,0.90454644
,,,0.008880035,0.04699922,0.9441207
,,,0.01175676,0.19219655,0.7960467
,,,0.015730094,0.1817439,0.80252594
,,,0.018286923,0.20404193,0.77767116
,,,0.014371735,0.21476333,0.7708649
,,,0.019367505,0.08834455,0.89228797
,,,0.037534118,0.12107961,0.8413863
,,,0.016325727,0.13290916,0.8507651
,,,0.013334145,0.12193976,0.8647261
,,,0.01286696,0.11500478,0.8721283
,,,0.012227278,0.09993588,0.8878368
,,,0.01059783,0.2023012,0.787101
,,,0.014387344,0.13869753,0.8469151
,,,0.008798582,0.11865308,0.87254834
,,,0.007527133,0.080287464,0.9121854
,,,0.005376188,0.07643382,0.91819
,,,0.0136045795,0.013512864,0.97288257
,,,0.018090164,0.017999653,0.9639102
,,,0.005968074,0.0151544,0.9788775
,,,0.013749319,0.012622892,0.9736278
,,,0.013333104,0.017518232,0.9691487
,,,0.008876695,0.034709875,0.9564135
,,,0.014411341,0.021932766,0.9636559
,,,0.014397438,0.017057251,0.9685453
,,,0.017102145,0.0145778395,0.9683201
,,,0.01944906,0.012847525,0.96770346
,,,0.027474374,0.015135526,0.95739007
,,,0.0085765915,0.009602185,0.98182124
,,,0.023799635,0.016698506,0.95950186
,,,0.014240831,0.017521182,0.968238
,,,0.016380647,0.01922215,0.96439725
,,,0.022927508,0.022924397,0.9541481
,,,0.015230501,0.016049484,0.96872
,,,0.017547721,0.019820394,0.9626319
,,,0.027750118,0.025144417,0.94710547
,,,0.041614175,0.019849855,0.9385359
,,,0.041806642,0.017499411,0.9406939
,,,0.04277766,0.025663793,0.9315585
,,,0.019720905,0.03776398,0.94251513
,,,0.022747235,0.034216736,0.943036
,,,0.01401319,0.021896575,0.9640902
,,,0.013450818,0.03361482,0.9529344
,,,0.03902829,0.017145861,0.94382584
,,,0.040793587,0.021363046,0.93784344
,,,0.09929569,0.0073557477,0.8933485
,,,0.088962615,0.055418156,0.8556192
,,,0.098597646,0.01648467,0.8849177
,,,0.10148108,0.012916529,0.88560236
,,,0.09598542,0.03720771,0.8668069
,,,0.057596996,0.016095625,0.9263074
,,,0.18628566,0.05109513,0.76261926
,,,0.050925665,0.029360244,0.91971403
,,,0.030900752,0.034939818,0.93415946
,,,0.030631846,0.02859476,0.94077337
,,,0.061567117,0.02781945,0.9106134
,,,0.08360888,0.037949048,0.8784421
,,,0.05255942,0.069373176,0.8780674
,,,0.036582988,0.034999784,0.9284172
,,,0.040869337,0.027876,0.9312547
,,,0.031240964,0.025988445,0.9427706
,,,0.028325958,0.03327289,0.93840116
,,,0.017602459,0.03071758,0.95168
,,,0.014900442,0.029046737,0.9560528
,,,0.016870424,0.03627483,0.9468547
,,,0.022952765,0.052175585,0.9248716
,,,0.02190509,0.03359186,0.94450307
,,,0.0202894,0.027854024,0.95185655
,,,0.018381968,0.020694757,0.96092325
,,,0.017794086,0.022200244,0.96000564
,,,0.02682629,0.03526515,0.93790853
,,,0.037565295,0.015237729,0.947197
,,,0.008014525,0.019603312,0.9723822
,,,0.009952821,0.019565009,0.9704822
,,,0.018850861,0.01655833,0.9645908
,,,0.007722302,0.016239427,0.9760383
,,,0.012150046,0.01941869,0.9684313
,,,0.07275206,0.019631715,0.9076162
,,,0.060447488,0.023859346,0.9156931
,,,0.03164546,0.040096905,0.9282577
,,,0.022841537,0.03671474,0.9404437
,,,0.007027358,0.017671326,0.9753014
,,,0.007376549,0.014868297,0.9777551
,,,0.010317504,0.015808892,0.97387356
,,,0.0095405085,0.014905702,0.9755539
,,,0.010350725,0.014449648,0.97519964
,,,0.008786848,0.021940948,0.9692722
,,,0.009559288,0.054246154,0.9361945
,,,0.012404181,0.046891127,0.9407047
,,,0.011026684,0.04201791,0.9469554
,,,0.011211206,0.04169633,0.9470924
,,,0.009999364,0.038347743,0.9516529
,,,0.016151253,0.041110996,0.94273776
,,,0.012762735,0.030279828,0.9569574
,,,0.012795464,0.021940196,0.9652644
,,,0.01032145,0.015744217,0.9739343
,,,0.011680492,0.011753992,0.97656554
,,,0.0073542953,0.0110320635,0.98161364
,,,0.012061851,0.012701512,0.9752366
,,,0.014933178,0.015575271,0.96949154
,,,0.010742456,0.029360414,0.9598971
,,,0.030446507,0.047893267,0.92166024
,,,0.009070768,0.033369396,0.9575598
,,,0.008318259,0.030629562,0.9610521
,,,0.008798469,0.062126078,0.9290754
,,,0.0076984335,0.088570215,0.90373135
,,,0.009294293,0.06364493,0.9270608
,,,0.013606152,0.069344334,0.9170495
,,,0.008985257,0.06250634,0.9285084
,,,0.009074599,0.035786763,0.9551386
,,,0.011114751,0.05611277,0.9327725
,,,0.012659161,0.06581417,0.92152673
,,,0.01264946,0.03605662,0.95129395
,,,0.015337685,0.046225592,0.93843675
,,,0.012352132,0.025054783,0.9625931
,,,0.011093725,0.03734258,0.9515637
,,,0.011315405,0.038900632,0.949784
,,,0.015388305,0.07956131,0.9050504
,,,0.036595296,0.1859196,0.77748513
,,,0.025904369,0.09911667,0.87497896
,,,0.02697247,0.09910697,0.87392056
,,,0.011190145,0.035747934,0.95306194
,,,0.011741299,0.029382532,0.95887613
,,,0.044020694,0.09284622,0.8631331
,,,0.010883928,0.05351742,0.9355986
,,,0.04203014,0.040934104,0.9170357
,,,0.045147978,0.050087072,0.90476495
,,,0.02257607,0.054578252,0.92284566
,,,0.019044101,0.08510757,0.89584833
,,,0.019278582,0.022878518,0.9578429
,,,0.019189626,0.021667276,0.9591431
,,,0.016369203,0.018960994,0.96466976
,,,0.019697981,0.023925427,0.9563766
,,,0.01324808,0.031313326,0.9554387
,,,0.015720906,0.036434345,0.94784474
,,,0.01609976,0.026248332,0.95765185
,,,0.0079422165,0.022952767,0.969105
,,,0.008413745,0.019823862,0.9717624
,,,0.014865454,0.023907706,0.9612268
,,,0.015010017,0.04783216,0.9371578
,,,0.016480906,0.05883886,0.9246802
,,,0.0050981124,0.04651053,0.9483914
,,,0.004550311,0.029137323,0.96631235
,,,0.0045977766,0.03247942,0.9629228
,,,0.006103784,0.015526155,0.97837013
,,,0.00414895,0.010545516,0.9853056
,,,0.004985165,0.011690584,0.9833242
,,,0.016744437,0.011771665,0.9714839
,,,0.033730358,0.0148800155,0.9513897
,,,0.025724092,0.008676388,0.9655995
,,,0.047235843,0.007242945,0.9455212
,,,0.013213839,0.01349786,0.97328824
,,,0.012377906,0.01337373,0.9742484
,,,0.010603915,0.010995051,0.97840106
,,,0.03557908,0.013719035,0.95070183
,,,0.014748727,0.021892369,0.96335894
,,,0.011604242,0.011138924,0.9772568
,,,0.011083413,0.0127527155,0.9761639
,,,0.012584842,0.010435609,0.9769795
,,,0.04477774,0.014711653,0.94051063
,,,0.06526446,0.02533595,0.90939957
,,,0.006051295,0.014704079,0.97924465
,,,0.0072647897,0.015609854,0.9771253
,,,0.008699319,0.013353905,0.97794676
,,,0.0077393427,0.01377554,0.97848517
,,,0.008680456,0.013670824,0.9776487
,,,0.013489304,0.039212648,0.947298
,,,0.011578034,0.0865835,0.9018384
,,,0.006756826,0.031883348,0.96135986
,,,0.00805279,0.03282662,0.95912063
,,,0.0070368345,0.040528003,0.9524352
,,,0.072499186,0.03012566,0.8973751
,,,0.05192583,0.037607484,0.91046673
,,,0.05454412,0.023951117,0.92150474
,,,0.029697407,0.020600922,0.9497016
,,,0.032400217,0.022607204,0.94499254
,,,0.03464827,0.060103778,0.905248
,,,0.014856291,0.067638986,0.9175047
,,,0.009411407,0.10682696,0.88376164
,,,0.008491789,0.088613,0.9028952
,,,0.020625452,0.0957807,0.8835938
,,,0.017514907,0.06676822,0.9157168
,,,0.008486672,0.07975153,0.9117618
,,,0.01216916,0.020998538,0.9668323
,,,0.011126329,0.017979646,0.97089404
,,,0.019224953,0.02273041,0.9580446
,,,0.0065575945,0.015122551,0.9783198
,,,0.008980478,0.040893167,0.9501264
,,,0.005768397,0.0494686,0.94476295
,,,0.005884482,0.043952934,0.95016253
,,,0.012246344,0.026585674,0.961168
,,,0.006428926,0.023869444,0.9697017
,,,0.006523127,0.022023939,0.97145295
,,,0.0066531836,0.012270751,0.9810761
,,,0.0061204294,0.011771879,0.9821077
,,,0.006228538,0.012000488,0.98177105
,,,0.005891736,0.012210242,0.981898
,,,0.004988799,0.008356786,0.98665446
,,,0.006538818,0.011760571,0.9817006
,,,0.009406894,0.025427822,0.9651653
,,,0.0071912794,0.025528122,0.96728057
,,,0.009453046,0.02725766,0.96328926
,,,0.012142196,0.033591688,0.95426613
,,,0.0083107995,0.034544364,0.95714486
,,,0.009619512,0.034468636,0.9559118
,,,0.011483662,0.03191586,0.95660055
,,,0.009576258,0.111397885,0.8790259
,,,0.013510667,0.083044104,0.9034452
,,,0.009487785,0.023199987,0.9673122
,,,0.011207387,0.027071547,0.96172106
,,,0.0044763284,0.029577252,0.96594644
,,,0.014430558,0.092875965,0.8926934
,,,0.025443371,0.048824385,0.92573225
,,,0.02714184,0.039389376,0.9334688
,,,0.056785084,0.04826191,0.8949531
,,,0.05903409,0.057182115,0.8837838
,,,0.023841511,0.0491425,0.92701596
,,,0.02039205,0.043615174,0.9359928
,,,0.019215008,0.051617146,0.9291678
,,,0.023749435,0.058678024,0.91757256
,,,0.0093673505,0.070820004,0.9198127
,,,0.00806497,0.067355216,0.9245798
,,,0.0060864133,0.053325098,0.9405885
,,,0.0062525915,0.057723902,0.9360235
,,,0.011837333,0.08760437,0.9005583
,,,0.007095138,0.054637183,0.93826765
,,,0.0088365935,0.039730556,0.9514328
,,,0.012152394,0.08031668,0.90753096
,,,0.0025513326,0.01361957,0.9838291
,,,0.0049802065,0.012159967,0.9828598
,,,0.0038390863,0.02106636,0.97509456
,,,0.0044794353,0.02130142,0.9742191
,,,0.022532722,0.09358197,0.8838853
,,,0.018109398,0.102605216,0.8792854
,,,0.03892169,0.12583868,0.8352396
,,,0.04267696,0.086861126,0.87046194
,,,0.015660366,0.050743226,0.9335964
,,,0.018730333,0.061859544,0.9194101
,,,0.007366092,0.021105926,0.971528
,,,0.010824471,0.024392193,0.9647834
,,,0.011375491,0.026202375,0.96242213
,,,0.0102256285,0.029308243,0.9604661
,,,0.011344039,0.05340559,0.93525034
,,,0.015070604,0.022555783,0.9623737
,,,0.00894721,0.018661033,0.9723918
,,,0.021012546,0.015784457,0.963203
,,,0.0125774285,0.023699155,0.9637234
,,,0.011104731,0.0188647,0.97003055
,,,0.0071205935,0.020332405,0.972547
,,,0.010861584,0.028233228,0.9609052
,,,0.00999693,0.03792068,0.95208246
,,,0.015685948,0.029874163,0.9544398
,,,0.017565338,0.04086548,0.94156915
,,,0.018967094,0.03595393,0.94507897
,,,0.010886719,0.016496139,0.97261715
,,,0.0065193404,0.013558412,0.9799223
,,,0.006031437,0.012821718,0.9811468
,,,0.120296836,0.015203217,0.8645
,,,0.103107065,0.010692307,0.88620067
,,,0.0695777,0.009905659,0.9205166
,,,0.026029851,0.015948784,0.9580214
,,,0.023764156,0.015871087,0.9603648
,,,0.025257202,0.02347405,0.95126873
,,,0.021101272,0.020169975,0.95872873
,,,0.022052957,0.030201655,0.9477454
,,,0.017970337,0.016191954,0.9658378
,,,0.014641908,0.03459058,0.9507676
,,,0.078968935,0.020424386,0.9006067
,,,0.10820818,0.019686949,0.87210494
,,,0.093152106,0.0365215,0.8703264
,,,0.036340885,0.03441376,0.92924535
,,,0.07674382,0.026327508,0.89692867
,,,0.06748108,0.038358543,0.89416033
,,,0.06801025,0.02593508,0.90605474
,,,0.122281805,0.018121632,0.8595966
,,,0.07237388,0.035227813,0.8923983
,,,0.037874877,0.04945434,0.9126708
,,,0.031046607,0.035096932,0.9338564
,,,0.038080614,0.036421478,0.92549795
,,,0.03106588,0.045573045,0.92336106
,,,0.031945284,0.036359612,0.9316951
,,,0.025625367,0.032751393,0.9416233
,,,0.044683065,0.025944928,0.92937195
,,,0.051895976,0.027948802,0.9201552
,,,0.05084549,0.022763979,0.9263905
,,,0.04986881,0.022048427,0.92808276
,,,0.041332975,0.024541084,0.93412596
,,,0.03359186,0.025250409,0.94115776
,,,0.03252802,0.027787825,0.9396841
,,,0.029581465,0.021138689,0.9492799
,,,0.030681362,0.0173198,0.95199883
,,,0.023115814,0.017412249,0.9594719
,,,0.016351314,0.042555973,0.9410927
,,,0.024035273,0.042911895,0.93305284
,,,0.03328499,0.025149902,0.9415651
,,,0.029300239,0.023462998,0.9472367
,,,0.032831863,0.01907638,0.9480918
,,,0.034789857,0.018249037,0.94696116
,,,0.044460896,0.018048845,0.9374903
,,,0.026633654,0.02602166,0.94734466
,,,0.03937155,0.027336793,0.9332916
,,,0.042873938,0.02961983,0.92750627
,,,0.05359682,0.034738366,0.9116648
,,,0.064518355,0.026956659,0.90852493
,,,0.060358718,0.027243933,0.9123974
,,,0.025500147,0.024491878,0.9500079
,,,0.022665288,0.019410035,0.9579247
,,,0.020552577,0.01911522,0.96033216
,,,0.023740485,0.020474587,0.9557849
,,,0.024652222,0.039975457,0.93537235
,,,0.009125194,0.038987014,0.9518878
,,,0.008963831,0.030059211,0.96097696
,,,0.022538962,0.0625251,0.9149359
,,,0.023331724,0.06049762,0.91617066
,,,0.021480108,0.032138377,0.94638145
,,,0.023731686,0.018042894,0.9582254
,,,0.07326388,0.019736497,0.9069996
,,,0.061337117,0.020184776,0.9184781
,,,0.05745458,0.020543596,0.92200184
,,,0.0112577155,0.011737294,0.977005
,,,0.010650868,0.010523329,0.97882587
,,,0.015103584,0.016845481,0.96805096
,,,0.009442126,0.031843603,0.95871425
,,,0.010990509,0.05763224,0.9313773
,,,0.011214739,0.039237972,0.94954723
,,,0.017610664,0.039334916,0.94305444
,,,0.06738274,0.09776748,0.8348498
,,,0.0615636,0.10430092,0.83413553
,,,0.05878484,0.088210985,0.8530042
,,,0.07664931,0.08381043,0.83954024
,,,0.06988865,0.050026577,0.88008475
,,,0.039293658,0.032080315,0.92862606
,,,0.04830954,0.023110265,0.9285802
,,,0.037598196,0.045247376,0.91715443
,,,0.042782914,0.032332905,0.9248842
,,,0.029656408,0.033529237,0.93681437
,,,0.013883753,0.02717835,0.9589378
,,,0.014070704,0.025286905,0.9606424
,,,0.010003361,0.02508887,0.96490777
,,,0.01744554,0.025367882,0.9571866
,,,0.023641583,0.043730665,0.93262774
,,,0.010507321,0.026316006,0.96317667
,,,0.01952591,0.028343897,0.9521302
,,,0.027179897,0.033442736,0.93937737
,,,0.012611084,0.030395232,0.95699376
,,,0.012840351,0.03697762,0.950182
,,,0.014597402,0.03656309,0.9488394
,,,0.01929061,0.060223877,0.9204855
,,,0.016801108,0.04267789,0.94052094
,,,0.016876023,0.028563239,0.9545607
,,,0.016887305,0.025994258,0.95711845
,,,0.014885146,0.032170225,0.9529447
,,,0.014860853,0.043220885,0.94191825
,,,0.017018402,0.034100864,0.9488808
,,,0.015059871,0.028051576,0.9568885
,,,0.0059716627,0.024579711,0.9694486
,,,0.017300291,0.03865001,0.94404966
,,,0.00884772,0.029906042,0.9612462
,,,0.008255177,0.030482134,0.9612627
,,,0.00812385,0.030579874,0.9612963
,,,0.011491997,0.05396978,0.93453825
,,,0.010086924,0.030473862,0.95943916
,,,0.01207843,0.034433924,0.95348763
,,,0.0064450307,0.022989225,0.9705658
,,,0.006319749,0.02543949,0.9682407
,,,0.008762981,0.033776406,0.9574606
,,,0.0086338185,0.062173724,0.9291924
,,,0.0060747513,0.035966996,0.9579583
,,,0.006285321,0.032506615,0.96120805
,,,0.0064353454,0.024952663,0.968612
,,,0.010586899,0.020052666,0.9693605
,,,0.009596753,0.01773565,0.9726676
,,,0.010248384,0.01987448,0.9698771
,,,0.014816012,0.043492727,0.9416912
,,,0.026479403,0.12710544,0.84641516
,,,0.026467392,0.12382008,0.84971255
,,,0.01198617,0.061376855,0.92663693
,,,0.011058158,0.0483657,0.94057614
,,,0.013258522,0.05202888,0.9347126
,,,0.008550145,0.05202526,0.93942463
,,,0.036866244,0.05162319,0.9115106
,,,0.01563094,0.015874002,0.968495
,,,0.012893301,0.011010885,0.97609574
,,,0.021657702,0.008083443,0.9702589
,,,0.007363038,0.010720071,0.98191684
,,,0.020087538,0.016947972,0.9629645
,,,0.027942378,0.022440322,0.9496173
,,,0.016681278,0.060677715,0.92264104
,,,0.024849331,0.07415287,0.9009978
