datetime,trend_label,pred_label,prob_down,prob_range,prob_up
2025-01-02 09:00:00,-1.0,,,,
2025-01-02 10:00:00,-1.0,,,,
2025-01-02 11:00:00,-1.0,,,,
2025-01-02 13:00:00,-1.0,,,,
2025-01-02 14:00:00,-1.0,,,,
2025-01-02 15:00:00,-1.0,,,,
2025-01-02 21:00:00,-1.0,,,,
2025-01-02 22:00:00,-1.0,,,,
2025-01-02 23:00:00,-1.0,,,,
2025-01-03 09:00:00,-1.0,,,,
2025-01-03 10:00:00,-1.0,,,,
2025-01-03 11:00:00,-1.0,,,,
2025-01-03 13:00:00,-1.0,,,,
2025-01-03 14:00:00,-1.0,,,,
2025-01-03 15:00:00,-1.0,,,,
2025-01-03 21:00:00,-1.0,,,,
2025-01-03 22:00:00,-1.0,,,,
2025-01-03 23:00:00,-1.0,,,,
2025-01-06 09:00:00,-1.0,,,,
2025-01-06 10:00:00,-1.0,,,,
2025-01-06 11:00:00,-1.0,,,,
2025-01-06 13:00:00,-1.0,,,,
2025-01-06 14:00:00,-1.0,,,,
2025-01-06 15:00:00,-1.0,,,,
2025-01-06 21:00:00,-1.0,,,,
2025-01-06 22:00:00,-1.0,,,,
2025-01-06 23:00:00,-1.0,,,,
2025-01-07 09:00:00,-1.0,,,,
2025-01-07 10:00:00,-1.0,,,,
2025-01-07 11:00:00,-1.0,,,,
2025-01-07 13:00:00,-1.0,,,,
2025-01-07 14:00:00,-1.0,,,,
2025-01-07 15:00:00,-1.0,,,,
2025-01-07 21:00:00,-1.0,,,,
2025-01-07 22:00:00,-1.0,,,,
2025-01-07 23:00:00,-1.0,,,,
2025-01-08 09:00:00,-1.0,,,,
2025-01-08 10:00:00,-1.0,,,,
2025-01-08 11:00:00,0.0,,,,
2025-01-08 13:00:00,-1.0,,,,
2025-01-08 14:00:00,0.0,,,,
2025-01-08 15:00:00,1.0,,,,
2025-01-08 21:00:00,1.0,,,,
2025-01-08 22:00:00,1.0,,,,
2025-01-08 23:00:00,1.0,,,,
2025-01-09 09:00:00,1.0,,,,
2025-01-09 10:00:00,1.0,,,,
2025-01-09 11:00:00,1.0,,,,
2025-01-09 13:00:00,1.0,,,,
2025-01-09 14:00:00,1.0,,,,
2025-01-09 15:00:00,1.0,,,,
2025-01-09 21:00:00,1.0,,,,
2025-01-09 22:00:00,1.0,,,,
2025-01-09 23:00:00,1.0,,,,
2025-01-10 09:00:00,1.0,,,,
2025-01-10 10:00:00,1.0,,,,
2025-01-10 11:00:00,1.0,,,,
2025-01-10 13:00:00,1.0,,,,
2025-01-10 14:00:00,1.0,,,,
2025-01-10 15:00:00,1.0,,,,
2025-01-10 21:00:00,1.0,,,,
2025-01-10 22:00:00,1.0,,,,
2025-01-10 23:00:00,1.0,,,,
2025-01-13 09:00:00,1.0,,,,
2025-01-13 10:00:00,1.0,,,,
2025-01-13 11:00:00,1.0,,,,
2025-01-13 13:00:00,1.0,,,,
2025-01-13 14:00:00,1.0,,,,
2025-01-13 15:00:00,1.0,,,,
2025-01-13 21:00:00,1.0,,,,
2025-01-13 22:00:00,1.0,,,,
2025-01-13 23:00:00,1.0,,,,
2025-01-14 09:00:00,1.0,,,,
2025-01-14 10:00:00,1.0,,,,
2025-01-14 11:00:00,1.0,,,,
2025-01-14 13:00:00,1.0,,,,
2025-01-14 14:00:00,1.0,,,,
2025-01-14 15:00:00,1.0,,,,
2025-01-14 21:00:00,1.0,,,,
2025-01-14 22:00:00,1.0,,,,
2025-01-14 23:00:00,1.0,,,,
2025-01-15 09:00:00,1.0,,,,
2025-01-15 10:00:00,1.0,,,,
2025-01-15 11:00:00,1.0,,,,
2025-01-15 13:00:00,1.0,,,,
2025-01-15 14:00:00,1.0,,,,
2025-01-15 15:00:00,1.0,,,,
2025-01-15 21:00:00,1.0,,,,
2025-01-15 22:00:00,1.0,,,,
2025-01-15 23:00:00,1.0,,,,
2025-01-16 09:00:00,1.0,,,,
2025-01-16 10:00:00,1.0,,,,
2025-01-16 11:00:00,1.0,,,,
2025-01-16 13:00:00,1.0,,,,
2025-01-16 14:00:00,1.0,,,,
2025-01-16 15:00:00,1.0,,,,
2025-01-16 21:00:00,1.0,,,,
2025-01-16 22:00:00,1.0,,,,
2025-01-16 23:00:00,1.0,,,,
2025-01-17 09:00:00,1.0,,,,
2025-01-17 10:00:00,1.0,,,,
2025-01-17 11:00:00,0.0,,,,
2025-01-17 13:00:00,0.0,,,,
2025-01-17 14:00:00,-1.0,,,,
2025-01-17 15:00:00,-1.0,,,,
2025-01-17 21:00:00,-1.0,,,,
2025-01-17 22:00:00,-1.0,,,,
2025-01-17 23:00:00,-1.0,,,,
2025-01-20 09:00:00,-1.0,,,,
2025-01-20 10:00:00,-1.0,,,,
2025-01-20 11:00:00,-1.0,,,,
2025-01-20 13:00:00,-1.0,,,,
2025-01-20 14:00:00,0.0,,,,
2025-01-20 15:00:00,0.0,,,,
2025-01-20 21:00:00,-1.0,,,,
2025-01-20 22:00:00,-1.0,,,,
2025-01-20 23:00:00,-1.0,,,,
2025-01-21 09:00:00,-1.0,,,,
2025-01-21 10:00:00,-1.0,,,,
2025-01-21 11:00:00,-1.0,,,,
2025-01-21 13:00:00,-1.0,,,,
2025-01-21 14:00:00,-1.0,,,,
2025-01-21 15:00:00,-1.0,,,,
2025-01-21 21:00:00,0.0,,,,
2025-01-21 22:00:00,1.0,,,,
2025-01-21 23:00:00,1.0,,,,
2025-01-22 09:00:00,0.0,,,,
2025-01-22 10:00:00,1.0,,,,
2025-01-22 11:00:00,1.0,,,,
2025-01-22 13:00:00,1.0,,,,
2025-01-22 14:00:00,1.0,,,,
2025-01-22 15:00:00,1.0,,,,
2025-01-22 21:00:00,0.0,,,,
2025-01-22 22:00:00,1.0,,,,
2025-01-22 23:00:00,0.0,,,,
2025-01-23 09:00:00,0.0,,,,
2025-01-23 10:00:00,1.0,,,,
2025-01-23 11:00:00,1.0,,,,
2025-01-23 13:00:00,1.0,,,,
2025-01-23 14:00:00,-1.0,,,,
2025-01-23 15:00:00,-1.0,,,,
2025-01-23 21:00:00,-1.0,,,,
2025-01-23 22:00:00,-1.0,,,,
2025-01-23 23:00:00,-1.0,,,,
2025-01-24 09:00:00,-1.0,,,,
2025-01-24 10:00:00,-1.0,,,,
2025-01-24 11:00:00,-1.0,,,,
2025-01-24 13:00:00,-1.0,,,,
2025-01-24 14:00:00,-1.0,,,,
2025-01-24 15:00:00,-1.0,,,,
2025-01-24 21:00:00,-1.0,,,,
2025-01-24 22:00:00,-1.0,,,,
2025-01-24 23:00:00,-1.0,,,,
2025-01-27 09:00:00,-1.0,,,,
2025-01-27 10:00:00,0.0,,,,
2025-01-27 11:00:00,-1.0,,,,
2025-01-27 13:00:00,-1.0,,,,
2025-01-27 14:00:00,-1.0,,,,
2025-01-27 15:00:00,-1.0,,,,
2025-02-05 09:00:00,1.0,,,,
2025-02-05 10:00:00,1.0,,,,
2025-02-05 11:00:00,1.0,,,,
2025-02-05 13:00:00,1.0,,,,
2025-02-05 14:00:00,1.0,,,,
2025-02-05 15:00:00,1.0,,,,
2025-02-05 21:00:00,1.0,,,,
2025-02-05 22:00:00,1.0,,,,
2025-02-05 23:00:00,0.0,,,,
2025-02-06 09:00:00,0.0,,,,
2025-02-06 10:00:00,-1.0,,,,
2025-02-06 11:00:00,0.0,,,,
2025-02-06 13:00:00,0.0,,,,
2025-02-06 14:00:00,-1.0,,,,
2025-02-06 15:00:00,-1.0,,,,
2025-02-06 21:00:00,-1.0,,,,
2025-02-06 22:00:00,-1.0,,,,
2025-02-06 23:00:00,-1.0,,,,
2025-02-07 09:00:00,-1.0,,,,
2025-02-07 10:00:00,-1.0,,,,
2025-02-07 11:00:00,-1.0,,,,
2025-02-07 13:00:00,-1.0,,,,
2025-02-07 14:00:00,-1.0,,,,
2025-02-07 15:00:00,-1.0,,,,
2025-02-07 21:00:00,-1.0,,,,
2025-02-07 22:00:00,-1.0,,,,
2025-02-07 23:00:00,-1.0,,,,
2025-02-10 09:00:00,-1.0,,,,
2025-02-10 10:00:00,0.0,,,,
2025-02-10 11:00:00,0.0,,,,
2025-02-10 13:00:00,0.0,,,,
2025-02-10 14:00:00,-1.0,,,,
2025-02-10 15:00:00,-1.0,,,,
2025-02-10 21:00:00,-1.0,,,,
2025-02-10 22:00:00,-1.0,,,,
2025-02-10 23:00:00,-1.0,,,,
2025-02-11 09:00:00,-1.0,,,,
2025-02-11 10:00:00,0.0,,,,
2025-02-11 11:00:00,-1.0,,,,
2025-02-11 13:00:00,0.0,,,,
2025-02-11 14:00:00,0.0,,,,
2025-02-11 15:00:00,0.0,,,,
2025-02-11 21:00:00,0.0,,,,
2025-02-11 22:00:00,1.0,,,,
2025-02-11 23:00:00,1.0,,,,
2025-02-12 09:00:00,0.0,,,,
2025-02-12 10:00:00,-1.0,,,,
2025-02-12 11:00:00,-1.0,,,,
2025-02-12 13:00:00,-1.0,,,,
2025-02-12 14:00:00,-1.0,,,,
2025-02-12 15:00:00,-1.0,,,,
2025-02-12 21:00:00,-1.0,,,,
2025-02-12 22:00:00,-1.0,,,,
2025-02-12 23:00:00,-1.0,,,,
2025-02-13 09:00:00,0.0,,,,
2025-02-13 10:00:00,0.0,,,,
2025-02-13 11:00:00,1.0,,,,
2025-02-13 13:00:00,1.0,,,,
2025-02-13 14:00:00,1.0,,,,
2025-02-13 15:00:00,1.0,,,,
2025-02-13 21:00:00,1.0,,,,
2025-02-13 22:00:00,1.0,,,,
2025-02-13 23:00:00,1.0,,,,
2025-02-14 09:00:00,1.0,,,,
2025-02-14 10:00:00,1.0,,,,
2025-02-14 11:00:00,1.0,,,,
2025-02-14 13:00:00,1.0,,,,
2025-02-14 14:00:00,1.0,,,,
2025-02-14 15:00:00,1.0,,,,
2025-02-14 21:00:00,1.0,,,,
2025-02-14 22:00:00,1.0,,,,
2025-02-14 23:00:00,1.0,,,,
2025-02-17 09:00:00,1.0,,,,
2025-02-17 10:00:00,1.0,,,,
2025-02-17 11:00:00,1.0,,,,
2025-02-17 13:00:00,1.0,,,,
2025-02-17 14:00:00,1.0,,,,
2025-02-17 15:00:00,1.0,,,,
2025-02-17 21:00:00,1.0,,,,
2025-02-17 22:00:00,1.0,,,,
2025-02-17 23:00:00,1.0,,,,
2025-02-18 09:00:00,1.0,,,,
2025-02-18 10:00:00,1.0,,,,
2025-02-18 11:00:00,1.0,,,,
2025-02-18 13:00:00,1.0,,,,
2025-02-18 14:00:00,1.0,,,,
2025-02-18 15:00:00,1.0,,,,
2025-02-18 21:00:00,1.0,,,,
2025-02-18 22:00:00,1.0,,,,
2025-02-18 23:00:00,1.0,,,,
2025-02-19 09:00:00,1.0,,,,
2025-02-19 10:00:00,1.0,,,,
2025-02-19 11:00:00,1.0,,,,
2025-02-19 13:00:00,1.0,,,,
2025-02-19 14:00:00,0.0,,,,
2025-02-19 15:00:00,0.0,,,,
2025-02-19 21:00:00,-1.0,,,,
2025-02-19 22:00:00,-1.0,,,,
2025-02-19 23:00:00,0.0,,,,
2025-02-20 09:00:00,0.0,,,,
2025-02-20 10:00:00,0.0,,,,
2025-02-20 11:00:00,0.0,,,,
2025-02-20 13:00:00,-1.0,,,,
2025-02-20 14:00:00,-1.0,,,,
2025-02-20 15:00:00,-1.0,,,,
2025-02-20 21:00:00,-1.0,,,,
2025-02-20 22:00:00,-1.0,,,,
2025-02-20 23:00:00,-1.0,,,,
2025-02-21 09:00:00,-1.0,,,,
2025-02-21 10:00:00,-1.0,,,,
2025-02-21 11:00:00,-1.0,,,,
2025-02-21 13:00:00,-1.0,,,,
2025-02-21 14:00:00,-1.0,,,,
2025-02-21 15:00:00,-1.0,,,,
2025-02-21 21:00:00,-1.0,,,,
2025-02-21 22:00:00,-1.0,,,,
2025-02-21 23:00:00,0.0,,,,
2025-02-24 09:00:00,0.0,,,,
2025-02-24 10:00:00,0.0,,,,
2025-02-24 11:00:00,0.0,,,,
2025-02-24 13:00:00,0.0,,,,
2025-02-24 14:00:00,0.0,,,,
2025-02-24 15:00:00,0.0,,,,
2025-02-24 21:00:00,1.0,,,,
2025-02-24 22:00:00,1.0,,,,
2025-02-24 23:00:00,0.0,,,,
2025-02-25 09:00:00,1.0,,,,
2025-02-25 10:00:00,1.0,,,,
2025-02-25 11:00:00,1.0,,,,
2025-02-25 13:00:00,1.0,,,,
2025-02-25 14:00:00,1.0,,,,
2025-02-25 15:00:00,1.0,,,,
2025-02-25 21:00:00,1.0,,,,
2025-02-25 22:00:00,1.0,,,,
2025-02-25 23:00:00,1.0,,,,
2025-02-26 09:00:00,1.0,,,,
2025-02-26 10:00:00,0.0,,,,
2025-02-26 11:00:00,0.0,,,,
2025-02-26 13:00:00,0.0,,,,
2025-02-26 14:00:00,0.0,,,,
2025-02-26 15:00:00,0.0,,,,
2025-02-26 21:00:00,0.0,,,,
2025-02-26 22:00:00,0.0,,,,
2025-02-26 23:00:00,0.0,,,,
2025-02-27 09:00:00,0.0,,,,
2025-02-27 10:00:00,1.0,,,,
2025-02-27 11:00:00,0.0,,,,
2025-02-27 13:00:00,0.0,,,,
2025-02-27 14:00:00,0.0,,,,
2025-02-27 15:00:00,-1.0,,,,
2025-02-27 21:00:00,0.0,,,,
2025-02-27 22:00:00,-1.0,,,,
2025-02-27 23:00:00,-1.0,,,,
2025-02-28 09:00:00,-1.0,,,,
2025-02-28 10:00:00,0.0,,,,
2025-02-28 11:00:00,0.0,,,,
2025-02-28 13:00:00,-1.0,,,,
2025-02-28 14:00:00,-1.0,,,,
2025-02-28 15:00:00,-1.0,,,,
2025-02-28 21:00:00,-1.0,,,,
2025-02-28 22:00:00,-1.0,,,,
2025-02-28 23:00:00,-1.0,,,,
2025-03-03 09:00:00,-1.0,,,,
2025-03-03 10:00:00,-1.0,,,,
2025-03-03 11:00:00,-1.0,,,,
2025-03-03 13:00:00,-1.0,,,,
2025-03-03 14:00:00,-1.0,,,,
2025-03-03 15:00:00,-1.0,,,,
2025-03-03 21:00:00,-1.0,,,,
2025-03-03 22:00:00,0.0,,,,
2025-03-03 23:00:00,0.0,,,,
2025-03-04 09:00:00,1.0,,,,
2025-03-04 10:00:00,0.0,,,,
2025-03-04 11:00:00,0.0,,,,
2025-03-04 13:00:00,0.0,,,,
2025-03-04 14:00:00,-1.0,,,,
2025-03-04 15:00:00,0.0,,,,
2025-03-04 21:00:00,0.0,,,,
2025-03-04 22:00:00,0.0,,,,
2025-03-04 23:00:00,0.0,,,,
2025-03-05 09:00:00,1.0,,,,
2025-03-05 10:00:00,0.0,,,,
2025-03-05 11:00:00,-1.0,,,,
2025-03-05 13:00:00,-1.0,,,,
2025-03-05 14:00:00,-1.0,,,,
2025-03-05 15:00:00,-1.0,,,,
2025-03-05 21:00:00,-1.0,,,,
2025-03-05 22:00:00,0.0,,,,
2025-03-05 23:00:00,-1.0,,,,
2025-03-06 09:00:00,-1.0,,,,
2025-03-06 10:00:00,-1.0,,,,
2025-03-06 11:00:00,-1.0,,,,
2025-03-06 13:00:00,-1.0,,,,
2025-03-06 14:00:00,-1.0,,,,
2025-03-06 15:00:00,-1.0,,,,
2025-03-06 21:00:00,-1.0,,,,
2025-03-06 22:00:00,-1.0,,,,
2025-03-06 23:00:00,-1.0,,,,
2025-03-07 09:00:00,-1.0,,,,
2025-03-07 10:00:00,-1.0,,,,
2025-03-07 11:00:00,-1.0,,,,
2025-03-07 13:00:00,-1.0,,,,
2025-03-07 14:00:00,0.0,,,,
2025-03-07 15:00:00,0.0,,,,
2025-03-07 21:00:00,0.0,,,,
2025-03-07 22:00:00,-1.0,,,,
2025-03-07 23:00:00,-1.0,,,,
2025-03-10 09:00:00,-1.0,,,,
2025-03-10 10:00:00,1.0,,,,
2025-03-10 11:00:00,1.0,,,,
2025-03-10 13:00:00,1.0,,,,
2025-03-10 14:00:00,1.0,,,,
2025-03-10 15:00:00,1.0,,,,
2025-03-10 21:00:00,1.0,,,,
2025-03-10 22:00:00,1.0,,,,
2025-03-10 23:00:00,1.0,,,,
2025-03-11 09:00:00,1.0,,,,
2025-03-11 10:00:00,1.0,,,,
2025-03-11 11:00:00,1.0,,,,
2025-03-11 13:00:00,1.0,,,,
2025-03-11 14:00:00,1.0,,,,
2025-03-11 15:00:00,1.0,,,,
2025-03-11 21:00:00,1.0,,,,
2025-03-11 22:00:00,1.0,,,,
2025-03-11 23:00:00,1.0,,,,
2025-03-12 09:00:00,1.0,,,,
2025-03-12 10:00:00,1.0,,,,
2025-03-12 11:00:00,1.0,,,,
2025-03-12 13:00:00,1.0,,,,
2025-03-12 14:00:00,1.0,,,,
2025-03-12 15:00:00,1.0,,,,
2025-03-12 21:00:00,1.0,,,,
2025-03-12 22:00:00,1.0,,,,
2025-03-12 23:00:00,1.0,,,,
2025-03-13 09:00:00,0.0,,,,
2025-03-13 10:00:00,-1.0,,,,
2025-03-13 11:00:00,0.0,,,,
2025-03-13 13:00:00,0.0,,,,
2025-03-13 14:00:00,-1.0,,,,
2025-03-13 15:00:00,-1.0,,,,
2025-03-13 21:00:00,-1.0,,,,
2025-03-13 22:00:00,-1.0,,,,
2025-03-13 23:00:00,-1.0,,,,
2025-03-14 09:00:00,-1.0,,,,
2025-03-14 10:00:00,-1.0,,,,
2025-03-14 11:00:00,-1.0,,,,
2025-03-14 13:00:00,-1.0,,,,
2025-03-14 14:00:00,-1.0,,,,
2025-03-14 15:00:00,-1.0,,,,
2025-03-14 21:00:00,-1.0,,,,
2025-03-14 22:00:00,-1.0,,,,
2025-03-14 23:00:00,-1.0,,,,
2025-03-17 09:00:00,-1.0,,,,
2025-03-17 10:00:00,-1.0,,,,
2025-03-17 11:00:00,-1.0,,,,
2025-03-17 13:00:00,-1.0,,,,
2025-03-17 14:00:00,-1.0,,,,
2025-03-17 15:00:00,-1.0,,,,
2025-03-17 21:00:00,-1.0,,,,
2025-03-17 22:00:00,-1.0,,,,
2025-03-17 23:00:00,-1.0,,,,
2025-03-18 09:00:00,0.0,,,,
2025-03-18 10:00:00,-1.0,,,,
2025-03-18 11:00:00,-1.0,,,,
2025-03-18 13:00:00,-1.0,,,,
2025-03-18 14:00:00,-1.0,,,,
2025-03-18 15:00:00,-1.0,,,,
2025-03-18 21:00:00,0.0,,,,
2025-03-18 22:00:00,0.0,,,,
2025-03-18 23:00:00,0.0,,,,
2025-03-19 09:00:00,0.0,,,,
2025-03-19 10:00:00,0.0,,,,
2025-03-19 11:00:00,0.0,,,,
2025-03-19 13:00:00,0.0,,,,
2025-03-19 14:00:00,0.0,,,,
2025-03-19 15:00:00,1.0,,,,
2025-03-19 21:00:00,1.0,,,,
2025-03-19 22:00:00,1.0,,,,
2025-03-19 23:00:00,1.0,,,,
2025-03-20 09:00:00,1.0,,,,
2025-03-20 10:00:00,1.0,,,,
2025-03-20 11:00:00,1.0,,,,
2025-03-20 13:00:00,1.0,,,,
2025-03-20 14:00:00,1.0,,,,
2025-03-20 15:00:00,1.0,,,,
2025-03-20 21:00:00,1.0,,,,
2025-03-20 22:00:00,1.0,,,,
2025-03-20 23:00:00,1.0,,,,
2025-03-21 09:00:00,1.0,,,,
2025-03-21 10:00:00,1.0,,,,
2025-03-21 11:00:00,1.0,,,,
2025-03-21 13:00:00,1.0,,,,
2025-03-21 14:00:00,1.0,,,,
2025-03-21 15:00:00,1.0,,,,
2025-03-21 21:00:00,1.0,,,,
2025-03-21 22:00:00,1.0,,,,
2025-03-21 23:00:00,1.0,,,,
2025-03-24 09:00:00,0.0,,,,
2025-03-24 10:00:00,0.0,,,,
2025-03-24 11:00:00,0.0,,,,
2025-03-24 13:00:00,0.0,,,,
2025-03-24 14:00:00,0.0,,,,
2025-03-24 15:00:00,0.0,,,,
2025-03-24 21:00:00,0.0,,,,
2025-03-24 22:00:00,0.0,,,,
2025-03-24 23:00:00,0.0,,,,
2025-03-25 09:00:00,0.0,,,,
2025-03-25 10:00:00,0.0,,,,
2025-03-25 11:00:00,0.0,,,,
2025-03-25 13:00:00,0.0,,,,
2025-03-25 14:00:00,-1.0,,,,
2025-03-25 15:00:00,-1.0,,,,
2025-03-25 21:00:00,-1.0,,,,
2025-03-25 22:00:00,-1.0,,,,
2025-03-25 23:00:00,-1.0,,,,
2025-03-26 09:00:00,-1.0,,,,
2025-03-26 10:00:00,-1.0,,,,
2025-03-26 11:00:00,0.0,,,,
2025-03-26 13:00:00,-1.0,,,,
2025-03-26 14:00:00,-1.0,,,,
2025-03-26 15:00:00,-1.0,,,,
2025-03-26 21:00:00,-1.0,,,,
2025-03-26 22:00:00,-1.0,,,,
2025-03-26 23:00:00,-1.0,,,,
2025-03-27 09:00:00,-1.0,,,,
2025-03-27 10:00:00,-1.0,,,,
2025-03-27 11:00:00,-1.0,,,,
2025-03-27 13:00:00,-1.0,,,,
2025-03-27 14:00:00,-1.0,,,,
2025-03-27 15:00:00,-1.0,,,,
2025-03-27 21:00:00,-1.0,,,,
2025-03-27 22:00:00,-1.0,,,,
2025-03-27 23:00:00,-1.0,,,,
2025-03-28 09:00:00,-1.0,,,,
2025-03-28 10:00:00,-1.0,,,,
2025-03-28 11:00:00,0.0,,,,
2025-03-28 13:00:00,-1.0,,,,
2025-03-28 14:00:00,-1.0,,,,
2025-03-28 15:00:00,0.0,,,,
2025-03-28 21:00:00,0.0,,,,
2025-03-28 22:00:00,0.0,,,,
2025-03-28 23:00:00,0.0,,,,
2025-03-31 09:00:00,1.0,,,,
2025-03-31 10:00:00,1.0,,,,
2025-03-31 11:00:00,1.0,,,,
2025-03-31 13:00:00,0.0,,,,
2025-03-31 14:00:00,0.0,,,,
2025-03-31 15:00:00,0.0,,,,
2025-03-31 21:00:00,1.0,,,,
2025-03-31 22:00:00,1.0,,,,
2025-03-31 23:00:00,0.0,,,,
2025-04-01 09:00:00,0.0,,,,
2025-04-01 10:00:00,-1.0,,,,
2025-04-01 11:00:00,-1.0,,,,
2025-04-01 13:00:00,-1.0,,,,
2025-04-01 14:00:00,-1.0,,,,
2025-04-01 15:00:00,-1.0,,,,
2025-04-01 21:00:00,-1.0,,,,
2025-04-01 22:00:00,-1.0,,,,
2025-04-01 23:00:00,-1.0,,,,
2025-04-02 09:00:00,-1.0,,,,
2025-04-02 10:00:00,-1.0,,,,
2025-04-02 11:00:00,-1.0,,,,
2025-04-02 13:00:00,-1.0,,,,
2025-04-02 14:00:00,-1.0,,,,
2025-04-02 15:00:00,-1.0,,,,
2025-04-02 21:00:00,-1.0,,,,
2025-04-02 22:00:00,-1.0,,,,
2025-04-02 23:00:00,-1.0,,,,
2025-04-03 09:00:00,-1.0,,,,
2025-04-03 10:00:00,-1.0,,,,
2025-04-03 11:00:00,-1.0,,,,
2025-04-03 13:00:00,-1.0,,,,
2025-04-03 14:00:00,-1.0,,,,
2025-04-03 15:00:00,-1.0,,,,
2025-04-07 09:00:00,-1.0,,,,
2025-04-07 10:00:00,-1.0,,,,
2025-04-07 11:00:00,-1.0,,,,
2025-04-07 13:00:00,-1.0,,,,
2025-04-07 14:00:00,-1.0,,,,
2025-04-07 15:00:00,-1.0,,,,
2025-04-07 21:00:00,-1.0,,,,
2025-04-07 22:00:00,-1.0,,,,
2025-04-07 23:00:00,-1.0,,,,
2025-04-08 09:00:00,0.0,,,,
2025-04-08 10:00:00,1.0,,,,
2025-04-08 11:00:00,1.0,,,,
2025-04-08 13:00:00,1.0,,,,
2025-04-08 14:00:00,1.0,,,,
2025-04-08 15:00:00,1.0,,,,
2025-04-08 21:00:00,1.0,,,,
2025-04-08 22:00:00,1.0,,,,
2025-04-08 23:00:00,1.0,,,,
2025-04-09 09:00:00,1.0,,,,
2025-04-09 10:00:00,1.0,,,,
2025-04-09 11:00:00,1.0,,,,
2025-04-09 13:00:00,1.0,,,,
2025-04-09 14:00:00,1.0,,,,
2025-04-09 15:00:00,1.0,,,,
2025-04-09 21:00:00,1.0,,,,
2025-04-09 22:00:00,1.0,,,,
2025-04-09 23:00:00,1.0,,,,
2025-04-10 09:00:00,-1.0,,,,
2025-04-10 10:00:00,-1.0,,,,
2025-04-10 11:00:00,-1.0,,,,
2025-04-10 13:00:00,-1.0,,,,
2025-04-10 14:00:00,0.0,,,,
2025-04-10 15:00:00,0.0,,,,
2025-04-10 21:00:00,0.0,,,,
2025-04-10 22:00:00,-1.0,,,,
2025-04-10 23:00:00,-1.0,,,,
2025-04-11 09:00:00,0.0,,,,
2025-04-11 10:00:00,1.0,,,,
2025-04-11 11:00:00,1.0,,,,
2025-04-11 13:00:00,0.0,,,,
2025-04-11 14:00:00,0.0,,,,
2025-04-11 15:00:00,0.0,,,,
2025-04-11 21:00:00,0.0,,,,
2025-04-11 22:00:00,-1.0,,,,
2025-04-11 23:00:00,-1.0,,,,
2025-04-14 09:00:00,-1.0,,,,
2025-04-14 10:00:00,-1.0,,,,
2025-04-14 11:00:00,-1.0,,,,
2025-04-14 13:00:00,-1.0,,,,
2025-04-14 14:00:00,-1.0,,,,
2025-04-14 15:00:00,-1.0,,,,
2025-04-14 21:00:00,-1.0,,,,
2025-04-14 22:00:00,-1.0,,,,
2025-04-14 23:00:00,-1.0,,,,
2025-04-15 09:00:00,-1.0,,,,
2025-04-15 10:00:00,-1.0,,,,
2025-04-15 11:00:00,-1.0,,,,
2025-04-15 13:00:00,-1.0,,,,
2025-04-15 14:00:00,-1.0,,,,
2025-04-15 15:00:00,-1.0,,,,
2025-04-15 21:00:00,-1.0,,,,
2025-04-15 22:00:00,-1.0,,,,
2025-04-15 23:00:00,-1.0,,,,
2025-04-16 09:00:00,-1.0,,,,
2025-04-16 10:00:00,-1.0,,,,
2025-04-16 11:00:00,-1.0,,,,
2025-04-16 13:00:00,-1.0,,,,
2025-04-16 14:00:00,-1.0,,,,
2025-04-16 15:00:00,-1.0,,,,
2025-04-16 21:00:00,-1.0,,,,
2025-04-16 22:00:00,1.0,,,,
2025-04-16 23:00:00,0.0,,,,
2025-04-17 09:00:00,0.0,,,,
2025-04-17 10:00:00,0.0,,,,
2025-04-17 11:00:00,0.0,,,,
2025-04-17 13:00:00,0.0,,,,
2025-04-17 14:00:00,1.0,,,,
2025-04-17 15:00:00,1.0,,,,
2025-04-17 21:00:00,1.0,,,,
2025-04-17 22:00:00,1.0,,,,
2025-04-17 23:00:00,0.0,,,,
2025-04-18 09:00:00,0.0,,,,
2025-04-18 10:00:00,0.0,,,,
2025-04-18 11:00:00,-1.0,,,,
2025-04-18 13:00:00,-1.0,,,,
2025-04-18 14:00:00,0.0,,,,
2025-04-18 15:00:00,0.0,,,,
2025-04-18 21:00:00,0.0,,,,
2025-04-18 22:00:00,1.0,,,,
2025-04-18 23:00:00,1.0,,,,
2025-04-21 09:00:00,0.0,,,,
2025-04-21 10:00:00,1.0,,,,
2025-04-21 11:00:00,1.0,,,,
2025-04-21 13:00:00,1.0,,,,
2025-04-21 14:00:00,1.0,,,,
2025-04-21 15:00:00,1.0,,,,
2025-04-21 21:00:00,1.0,,,,
2025-04-21 22:00:00,1.0,,,,
2025-04-21 23:00:00,1.0,,,,
2025-04-22 09:00:00,1.0,,,,
2025-04-22 10:00:00,1.0,,,,
2025-04-22 11:00:00,1.0,,,,
2025-04-22 13:00:00,1.0,,,,
2025-04-22 14:00:00,1.0,,,,
2025-04-22 15:00:00,1.0,,,,
2025-04-22 21:00:00,1.0,,,,
2025-04-22 22:00:00,1.0,,,,
2025-04-22 23:00:00,1.0,,,,
2025-04-23 09:00:00,1.0,,,,
2025-04-23 10:00:00,0.0,,,,
2025-04-23 11:00:00,-1.0,,,,
2025-04-23 13:00:00,-1.0,,,,
2025-04-23 14:00:00,1.0,,,,
2025-04-23 15:00:00,1.0,,,,
2025-04-23 21:00:00,1.0,,,,
2025-04-23 22:00:00,1.0,,,,
2025-04-23 23:00:00,0.0,,,,
2025-04-24 09:00:00,1.0,,,,
2025-04-24 10:00:00,1.0,,,,
2025-04-24 11:00:00,1.0,,,,
2025-04-24 13:00:00,1.0,,,,
2025-04-24 14:00:00,1.0,,,,
2025-04-24 15:00:00,1.0,,,,
2025-04-24 21:00:00,1.0,,,,
2025-04-24 22:00:00,0.0,,,,
2025-04-24 23:00:00,0.0,,,,
2025-04-25 09:00:00,0.0,,,,
2025-04-25 10:00:00,0.0,,,,
2025-04-25 11:00:00,-1.0,,,,
2025-04-25 13:00:00,0.0,,,,
2025-04-25 14:00:00,0.0,,,,
2025-04-25 15:00:00,0.0,,,,
2025-04-25 21:00:00,-1.0,,,,
2025-04-25 22:00:00,-1.0,,,,
2025-04-25 23:00:00,-1.0,,,,
2025-04-28 09:00:00,-1.0,,,,
2025-04-28 10:00:00,-1.0,,,,
2025-04-28 11:00:00,-1.0,,,,
2025-04-28 13:00:00,-1.0,,,,
2025-04-28 14:00:00,-1.0,,,,
2025-04-28 15:00:00,-1.0,,,,
2025-04-28 21:00:00,-1.0,,,,
2025-04-28 22:00:00,-1.0,,,,
2025-04-28 23:00:00,-1.0,,,,
2025-04-29 09:00:00,-1.0,,,,
2025-04-29 10:00:00,1.0,,,,
2025-04-29 11:00:00,1.0,,,,
2025-04-29 13:00:00,1.0,,,,
2025-04-29 14:00:00,1.0,,,,
2025-04-29 15:00:00,1.0,,,,
2025-04-29 21:00:00,0.0,,,,
2025-04-29 22:00:00,0.0,,,,
2025-04-29 23:00:00,1.0,,,,
2025-04-30 09:00:00,1.0,,,,
2025-04-30 10:00:00,1.0,,,,
2025-04-30 11:00:00,1.0,,,,
2025-04-30 13:00:00,0.0,,,,
2025-04-30 14:00:00,0.0,,,,
2025-04-30 15:00:00,0.0,,,,
2025-05-06 09:00:00,0.0,,,,
2025-05-06 10:00:00,-1.0,,,,
2025-05-06 11:00:00,-1.0,,,,
2025-05-06 13:00:00,0.0,,,,
2025-05-06 14:00:00,-1.0,,,,
2025-05-06 15:00:00,-1.0,,,,
2025-05-06 21:00:00,-1.0,,,,
2025-05-06 22:00:00,-1.0,,,,
2025-05-06 23:00:00,-1.0,,,,
2025-05-07 09:00:00,-1.0,,,,
2025-05-07 10:00:00,-1.0,,,,
2025-05-07 11:00:00,-1.0,,,,
2025-05-07 13:00:00,-1.0,,,,
2025-05-07 14:00:00,-1.0,,,,
2025-05-07 15:00:00,-1.0,,,,
2025-05-07 21:00:00,-1.0,,,,
2025-05-07 22:00:00,-1.0,,,,
2025-05-07 23:00:00,-1.0,,,,
2025-05-08 09:00:00,-1.0,,,,
2025-05-08 10:00:00,1.0,,,,
2025-05-08 11:00:00,1.0,,,,
2025-05-08 13:00:00,1.0,,,,
2025-05-08 14:00:00,1.0,,,,
2025-05-08 15:00:00,1.0,,,,
2025-05-08 21:00:00,1.0,,,,
2025-05-08 22:00:00,1.0,,,,
2025-05-08 23:00:00,1.0,,,,
2025-05-09 09:00:00,1.0,,,,
2025-05-09 10:00:00,1.0,,,,
2025-05-09 11:00:00,1.0,,,,
2025-05-09 13:00:00,1.0,,,,
2025-05-09 14:00:00,1.0,,,,
2025-05-09 15:00:00,1.0,,,,
2025-05-09 21:00:00,1.0,,,,
2025-05-09 22:00:00,1.0,,,,
2025-05-09 23:00:00,1.0,,,,
2025-05-12 09:00:00,1.0,,,,
2025-05-12 10:00:00,1.0,,,,
2025-05-12 11:00:00,1.0,,,,
2025-05-12 13:00:00,1.0,,,,
2025-05-12 14:00:00,1.0,,,,
2025-05-12 15:00:00,1.0,,,,
2025-05-12 21:00:00,1.0,,,,
2025-05-12 22:00:00,1.0,,,,
2025-05-12 23:00:00,1.0,,,,
2025-05-13 09:00:00,1.0,,,,
2025-05-13 10:00:00,1.0,,,,
2025-05-13 11:00:00,1.0,,,,
2025-05-13 13:00:00,1.0,,,,
2025-05-13 14:00:00,1.0,,,,
2025-05-13 15:00:00,1.0,,,,
2025-05-13 21:00:00,1.0,,,,
2025-05-13 22:00:00,0.0,,,,
2025-05-13 23:00:00,0.0,,,,
2025-05-14 09:00:00,-1.0,,,,
2025-05-14 10:00:00,-1.0,,,,
2025-05-14 11:00:00,-1.0,,,,
2025-05-14 13:00:00,-1.0,,,,
2025-05-14 14:00:00,-1.0,,,,
2025-05-14 15:00:00,-1.0,,,,
2025-05-14 21:00:00,-1.0,,,,
2025-05-14 22:00:00,-1.0,,,,
2025-05-14 23:00:00,-1.0,,,,
2025-05-15 09:00:00,-1.0,,,,
2025-05-15 10:00:00,-1.0,,,,
2025-05-15 11:00:00,-1.0,,,,
2025-05-15 13:00:00,-1.0,,,,
2025-05-15 14:00:00,-1.0,,,,
2025-05-15 15:00:00,-1.0,,,,
2025-05-15 21:00:00,-1.0,,,,
2025-05-15 22:00:00,-1.0,,,,
2025-05-15 23:00:00,-1.0,,,,
2025-05-16 09:00:00,-1.0,,,,
2025-05-16 10:00:00,-1.0,,,,
2025-05-16 11:00:00,-1.0,,,,
2025-05-16 13:00:00,-1.0,,,,
2025-05-16 14:00:00,-1.0,,,,
2025-05-16 15:00:00,-1.0,,,,
2025-05-16 21:00:00,-1.0,,,,
2025-05-16 22:00:00,-1.0,,,,
2025-05-16 23:00:00,-1.0,,,,
2025-05-19 09:00:00,-1.0,,,,
2025-05-19 10:00:00,0.0,,,,
2025-05-19 11:00:00,0.0,,,,
2025-05-19 13:00:00,0.0,,,,
2025-05-19 14:00:00,0.0,,,,
2025-05-19 15:00:00,1.0,,,,
2025-05-19 21:00:00,1.0,,,,
2025-05-19 22:00:00,1.0,,,,
2025-05-19 23:00:00,1.0,,,,
2025-05-20 09:00:00,0.0,,,,
2025-05-20 10:00:00,0.0,,,,
2025-05-20 11:00:00,0.0,,,,
2025-05-20 13:00:00,0.0,,,,
2025-05-20 14:00:00,0.0,,,,
2025-05-20 15:00:00,1.0,,,,
2025-05-20 21:00:00,0.0,,,,
2025-05-20 22:00:00,0.0,,,,
2025-05-20 23:00:00,0.0,,,,
2025-05-21 09:00:00,0.0,,,,
2025-05-21 10:00:00,-1.0,,,,
2025-05-21 11:00:00,-1.0,,,,
2025-05-21 13:00:00,-1.0,,,,
2025-05-21 14:00:00,-1.0,,,,
2025-05-21 15:00:00,-1.0,,,,
2025-05-21 21:00:00,-1.0,,,,
2025-05-21 22:00:00,-1.0,,,,
2025-05-21 23:00:00,-1.0,,,,
2025-05-22 09:00:00,-1.0,,,,
2025-05-22 10:00:00,-1.0,,,,
2025-05-22 11:00:00,-1.0,,,,
2025-05-22 13:00:00,-1.0,,,,
2025-05-22 14:00:00,-1.0,,,,
2025-05-22 15:00:00,-1.0,,,,
2025-05-22 21:00:00,-1.0,,,,
2025-05-22 22:00:00,-1.0,,,,
2025-05-22 23:00:00,-1.0,,,,
2025-05-23 09:00:00,-1.0,,,,
2025-05-23 10:00:00,-1.0,,,,
2025-05-23 11:00:00,-1.0,,,,
2025-05-23 13:00:00,-1.0,,,,
2025-05-23 14:00:00,-1.0,,,,
2025-05-23 15:00:00,-1.0,,,,
2025-05-23 21:00:00,-1.0,,,,
2025-05-23 22:00:00,-1.0,,,,
2025-05-23 23:00:00,-1.0,,,,
2025-05-26 09:00:00,-1.0,,,,
2025-05-26 10:00:00,-1.0,,,,
2025-05-26 11:00:00,-1.0,,,,
2025-05-26 13:00:00,-1.0,,,,
2025-05-26 14:00:00,-1.0,,,,
2025-05-26 15:00:00,-1.0,,,,
2025-05-26 21:00:00,-1.0,,,,
2025-05-26 22:00:00,-1.0,,,,
2025-05-26 23:00:00,-1.0,,,,
2025-05-27 09:00:00,-1.0,,,,
2025-05-27 10:00:00,0.0,,,,
2025-05-27 11:00:00,0.0,,,,
2025-05-27 13:00:00,0.0,,,,
2025-05-27 14:00:00,-1.0,,,,
2025-05-27 15:00:00,-1.0,,,,
2025-05-27 21:00:00,0.0,,,,
2025-05-27 22:00:00,-1.0,,,,
2025-05-27 23:00:00,-1.0,,,,
2025-05-28 09:00:00,-1.0,,,,
2025-05-28 10:00:00,-1.0,,,,
2025-05-28 11:00:00,-1.0,,,,
2025-05-28 13:00:00,-1.0,,,,
2025-05-28 14:00:00,-1.0,,,,
2025-05-28 15:00:00,-1.0,,,,
2025-05-28 21:00:00,-1.0,,,,
2025-05-28 22:00:00,-1.0,,,,
2025-05-28 23:00:00,-1.0,,,,
2025-05-29 09:00:00,-1.0,,,,
2025-05-29 10:00:00,-1.0,,,,
2025-05-29 11:00:00,-1.0,,,,
2025-05-29 13:00:00,-1.0,,,,
2025-05-29 14:00:00,-1.0,,,,
2025-05-29 15:00:00,-1.0,,,,
2025-05-29 21:00:00,-1.0,,,,
2025-05-29 22:00:00,-1.0,,,,
2025-05-29 23:00:00,0.0,,,,
2025-05-30 09:00:00,1.0,,,,
2025-05-30 10:00:00,0.0,,,,
2025-05-30 11:00:00,0.0,,,,
2025-05-30 13:00:00,0.0,,,,
2025-05-30 14:00:00,0.0,,,,
2025-05-30 15:00:00,0.0,,,,
2025-06-03 09:00:00,0.0,,,,
2025-06-03 10:00:00,1.0,,,,
2025-06-03 11:00:00,1.0,,,,
2025-06-03 13:00:00,1.0,,,,
2025-06-03 14:00:00,1.0,,,,
2025-06-03 15:00:00,1.0,,,,
2025-06-03 21:00:00,1.0,,,,
2025-06-03 22:00:00,1.0,,,,
2025-06-03 23:00:00,1.0,,,,
2025-06-04 09:00:00,1.0,,,,
2025-06-04 10:00:00,1.0,,,,
2025-06-04 11:00:00,1.0,,,,
2025-06-04 13:00:00,1.0,,,,
2025-06-04 14:00:00,0.0,,,,
2025-06-04 15:00:00,-1.0,,,,
2025-06-04 21:00:00,-1.0,,,,
2025-06-04 22:00:00,0.0,,,,
2025-06-04 23:00:00,0.0,,,,
2025-06-05 09:00:00,0.0,,,,
2025-06-05 10:00:00,1.0,,,,
2025-06-05 11:00:00,1.0,,,,
2025-06-05 13:00:00,1.0,,,,
2025-06-05 14:00:00,0.0,,,,
2025-06-05 15:00:00,0.0,,,,
2025-06-05 21:00:00,0.0,,,,
2025-06-05 22:00:00,-1.0,,,,
2025-06-05 23:00:00,0.0,,,,
2025-06-06 09:00:00,0.0,,,,
2025-06-06 10:00:00,-1.0,,,,
2025-06-06 11:00:00,0.0,,,,
2025-06-06 13:00:00,0.0,,,,
2025-06-06 14:00:00,0.0,,,,
2025-06-06 15:00:00,1.0,,,,
2025-06-06 21:00:00,1.0,,,,
2025-06-06 22:00:00,1.0,,,,
2025-06-06 23:00:00,1.0,,,,
2025-06-09 09:00:00,1.0,,,,
2025-06-09 10:00:00,1.0,,,,
2025-06-09 11:00:00,1.0,,,,
2025-06-09 13:00:00,0.0,,,,
2025-06-09 14:00:00,0.0,,,,
2025-06-09 15:00:00,0.0,,,,
2025-06-09 21:00:00,1.0,,,,
2025-06-09 22:00:00,1.0,,,,
2025-06-09 23:00:00,1.0,,,,
2025-06-10 09:00:00,0.0,,,,
2025-06-10 10:00:00,-1.0,,,,
2025-06-10 11:00:00,-1.0,,,,
2025-06-10 13:00:00,0.0,,,,
2025-06-10 14:00:00,-1.0,,,,
2025-06-10 15:00:00,-1.0,,,,
2025-06-10 21:00:00,-1.0,,,,
2025-06-10 22:00:00,-1.0,,,,
2025-06-10 23:00:00,-1.0,,,,
2025-06-11 09:00:00,-1.0,,,,
2025-06-11 10:00:00,-1.0,,,,
2025-06-11 11:00:00,-1.0,,,,
2025-06-11 13:00:00,-1.0,,,,
2025-06-11 14:00:00,-1.0,,,,
2025-06-11 15:00:00,-1.0,,,,
2025-06-11 21:00:00,0.0,,,,
2025-06-11 22:00:00,0.0,,,,
2025-06-11 23:00:00,0.0,,,,
2025-06-12 09:00:00,0.0,,,,
2025-06-12 10:00:00,0.0,,,,
2025-06-12 11:00:00,1.0,,,,
2025-06-12 13:00:00,1.0,,,,
2025-06-12 14:00:00,1.0,,,,
2025-06-12 15:00:00,1.0,,,,
2025-06-12 21:00:00,1.0,,,,
2025-06-12 22:00:00,1.0,,,,
2025-06-12 23:00:00,1.0,,,,
2025-06-13 09:00:00,1.0,,,,
2025-06-13 10:00:00,0.0,,,,
2025-06-13 11:00:00,0.0,,,,
2025-06-13 13:00:00,1.0,,,,
2025-06-13 14:00:00,1.0,,,,
2025-06-13 15:00:00,1.0,,,,
2025-06-13 21:00:00,1.0,,,,
2025-06-13 22:00:00,0.0,,,,
2025-06-13 23:00:00,0.0,,,,
2025-06-16 09:00:00,0.0,,,,
2025-06-16 10:00:00,0.0,,,,
2025-06-16 11:00:00,0.0,,,,
2025-06-16 13:00:00,0.0,,,,
2025-06-16 14:00:00,0.0,,,,
2025-06-16 15:00:00,0.0,,,,
2025-06-16 21:00:00,1.0,,,,
2025-06-16 22:00:00,1.0,,,,
2025-06-16 23:00:00,0.0,,,,
2025-06-17 09:00:00,0.0,,,,
2025-06-17 10:00:00,1.0,,,,
2025-06-17 11:00:00,1.0,,,,
2025-06-17 13:00:00,1.0,,,,
2025-06-17 14:00:00,1.0,,,,
2025-06-17 15:00:00,1.0,,,,
2025-06-17 21:00:00,1.0,,,,
2025-06-17 22:00:00,1.0,,,,
2025-06-17 23:00:00,1.0,,,,
2025-06-18 09:00:00,1.0,,,,
2025-06-18 10:00:00,1.0,,,,
2025-06-18 11:00:00,1.0,,,,
2025-06-18 13:00:00,1.0,,,,
2025-06-18 14:00:00,1.0,,,,
2025-06-18 15:00:00,1.0,,,,
2025-06-18 21:00:00,1.0,,,,
2025-06-18 22:00:00,0.0,,,,
2025-06-18 23:00:00,1.0,,,,
2025-06-19 09:00:00,0.0,,,,
2025-06-19 10:00:00,1.0,,,,
2025-06-19 11:00:00,1.0,,,,
2025-06-19 13:00:00,1.0,,,,
2025-06-19 14:00:00,1.0,,,,
2025-06-19 15:00:00,1.0,,,,
2025-06-19 21:00:00,1.0,,,,
2025-06-19 22:00:00,-1.0,,,,
2025-06-19 23:00:00,0.0,,,,
2025-06-20 09:00:00,-1.0,,,,
2025-06-20 10:00:00,-1.0,,,,
2025-06-20 11:00:00,-1.0,,,,
2025-06-20 13:00:00,-1.0,,,,
2025-06-20 14:00:00,-1.0,,,,
2025-06-20 15:00:00,-1.0,,,,
2025-06-20 21:00:00,-1.0,,,,
2025-06-20 22:00:00,-1.0,,,,
2025-06-20 23:00:00,-1.0,,,,
2025-06-23 09:00:00,-1.0,,,,
2025-06-23 10:00:00,-1.0,,,,
2025-06-23 11:00:00,-1.0,,,,
2025-06-23 13:00:00,-1.0,,,,
2025-06-23 14:00:00,-1.0,,,,
2025-06-23 15:00:00,-1.0,,,,
2025-06-23 21:00:00,-1.0,,,,
2025-06-23 22:00:00,-1.0,,,,
2025-06-23 23:00:00,-1.0,,,,
2025-06-24 09:00:00,-1.0,,,,
2025-06-24 10:00:00,-1.0,,,,
2025-06-24 11:00:00,0.0,,,,
2025-06-24 13:00:00,0.0,,,,
2025-06-24 14:00:00,1.0,,,,
2025-06-24 15:00:00,1.0,,,,
2025-06-24 21:00:00,1.0,,,,
2025-06-24 22:00:00,1.0,,,,
2025-06-24 23:00:00,1.0,,,,
2025-06-25 09:00:00,1.0,,,,
2025-06-25 10:00:00,1.0,,,,
2025-06-25 11:00:00,1.0,,,,
2025-06-25 13:00:00,1.0,,,,
2025-06-25 14:00:00,1.0,,,,
2025-06-25 15:00:00,1.0,,,,
2025-06-25 21:00:00,1.0,,,,
2025-06-25 22:00:00,1.0,,,,
2025-06-25 23:00:00,1.0,,,,
2025-06-26 09:00:00,1.0,,,,
2025-06-26 10:00:00,1.0,,,,
2025-06-26 11:00:00,1.0,,,,
2025-06-26 13:00:00,1.0,,,,
2025-06-26 14:00:00,1.0,,,,
2025-06-26 15:00:00,1.0,,,,
2025-06-26 21:00:00,0.0,,,,
2025-06-26 22:00:00,0.0,,,,
2025-06-26 23:00:00,0.0,,,,
2025-06-27 09:00:00,0.0,,,,
2025-06-27 10:00:00,0.0,,,,
2025-06-27 11:00:00,1.0,,,,
2025-06-27 13:00:00,1.0,,,,
2025-06-27 14:00:00,1.0,,,,
2025-06-27 15:00:00,1.0,,,,
2025-06-27 21:00:00,0.0,,,,
2025-06-27 22:00:00,0.0,,,,
2025-06-27 23:00:00,1.0,,,,
2025-06-30 09:00:00,1.0,,,,
2025-06-30 10:00:00,1.0,,,,
2025-06-30 11:00:00,1.0,,,,
2025-06-30 13:00:00,1.0,,,,
2025-06-30 14:00:00,1.0,,,,
2025-06-30 15:00:00,1.0,,,,
2025-06-30 21:00:00,1.0,,,,
2025-06-30 22:00:00,1.0,,,,
2025-06-30 23:00:00,1.0,,,,
2025-07-01 09:00:00,1.0,,,,
2025-07-01 10:00:00,1.0,,,,
2025-07-01 11:00:00,1.0,,,,
2025-07-01 13:00:00,1.0,,,,
2025-07-01 14:00:00,1.0,,,,
2025-07-01 15:00:00,1.0,,,,
2025-07-01 21:00:00,1.0,,,,
2025-07-01 22:00:00,1.0,,,,
2025-07-01 23:00:00,1.0,,,,
2025-07-02 09:00:00,1.0,,,,
2025-07-02 10:00:00,1.0,,,,
2025-07-02 11:00:00,1.0,,,,
2025-07-02 13:00:00,1.0,,,,
2025-07-02 14:00:00,0.0,,,,
2025-07-02 15:00:00,1.0,,,,
2025-07-02 21:00:00,1.0,,,,
2025-07-02 22:00:00,0.0,,,,
2025-07-02 23:00:00,0.0,,,,
2025-07-03 09:00:00,0.0,,,,
2025-07-03 10:00:00,0.0,,,,
2025-07-03 11:00:00,0.0,,,,
2025-07-03 13:00:00,0.0,,,,
2025-07-03 14:00:00,-1.0,,,,
2025-07-03 15:00:00,-1.0,,,,
2025-07-03 21:00:00,-1.0,,,,
2025-07-03 22:00:00,-1.0,,,,
2025-07-03 23:00:00,-1.0,,,,
2025-07-04 09:00:00,-1.0,,,,
2025-07-04 10:00:00,-1.0,,,,
2025-07-04 11:00:00,-1.0,,,,
2025-07-04 13:00:00,-1.0,,,,
2025-07-04 14:00:00,0.0,,,,
2025-07-04 15:00:00,0.0,,,,
2025-07-04 21:00:00,0.0,,,,
2025-07-04 22:00:00,-1.0,,,,
2025-07-04 23:00:00,-1.0,,,,
2025-07-07 09:00:00,0.0,,,,
2025-07-07 10:00:00,0.0,,,,
2025-07-07 11:00:00,0.0,,,,
2025-07-07 13:00:00,0.0,,,,
2025-07-07 14:00:00,1.0,,,,
2025-07-07 15:00:00,1.0,,,,
2025-07-07 21:00:00,1.0,,,,
2025-07-07 22:00:00,1.0,,,,
2025-07-07 23:00:00,1.0,,,,
2025-07-08 09:00:00,1.0,,,,
2025-07-08 10:00:00,1.0,,,,
2025-07-08 11:00:00,1.0,,,,
2025-07-08 13:00:00,1.0,,,,
2025-07-08 14:00:00,1.0,,,,
2025-07-08 15:00:00,1.0,,,,
2025-07-08 21:00:00,1.0,,,,
2025-07-08 22:00:00,1.0,,,,
2025-07-08 23:00:00,1.0,,,,
2025-07-09 09:00:00,1.0,,,,
2025-07-09 10:00:00,1.0,,,,
2025-07-09 11:00:00,1.0,,,,
2025-07-09 13:00:00,1.0,,,,
2025-07-09 14:00:00,1.0,,,,
2025-07-09 15:00:00,1.0,,,,
2025-07-09 21:00:00,1.0,,,,
2025-07-09 22:00:00,1.0,,,,
2025-07-09 23:00:00,1.0,,,,
2025-07-10 09:00:00,1.0,,,,
2025-07-10 10:00:00,1.0,,,,
2025-07-10 11:00:00,1.0,,,,
2025-07-10 13:00:00,1.0,,,,
2025-07-10 14:00:00,1.0,,,,
2025-07-10 15:00:00,0.0,,,,
2025-07-10 21:00:00,0.0,,,,
2025-07-10 22:00:00,0.0,,,,
2025-07-10 23:00:00,-1.0,,,,
2025-07-11 09:00:00,-1.0,,,,
2025-07-11 10:00:00,-1.0,,,,
2025-07-11 11:00:00,-1.0,,,,
2025-07-11 13:00:00,-1.0,,,,
2025-07-11 14:00:00,-1.0,,,,
2025-07-11 15:00:00,-1.0,,,,
2025-07-11 21:00:00,0.0,,,,
2025-07-11 22:00:00,0.0,,,,
2025-07-11 23:00:00,-1.0,,,,
2025-07-14 09:00:00,0.0,,,,
2025-07-14 10:00:00,-1.0,,,,
2025-07-14 11:00:00,-1.0,,,,
2025-07-14 13:00:00,-1.0,,,,
2025-07-14 14:00:00,1.0,,,,
2025-07-14 15:00:00,0.0,,,,
2025-07-14 21:00:00,1.0,,,,
2025-07-14 22:00:00,1.0,,,,
2025-07-14 23:00:00,1.0,,,,
2025-07-15 09:00:00,0.0,,,,
2025-07-15 10:00:00,1.0,,,,
2025-07-15 11:00:00,1.0,,,,
2025-07-15 13:00:00,1.0,,,,
2025-07-15 14:00:00,1.0,,,,
2025-07-15 15:00:00,1.0,,,,
2025-07-15 21:00:00,1.0,,,,
2025-07-15 22:00:00,1.0,,,,
2025-07-15 23:00:00,1.0,,,,
2025-07-16 09:00:00,1.0,,,,
2025-07-16 10:00:00,1.0,,,,
2025-07-16 11:00:00,1.0,,,,
2025-07-16 13:00:00,1.0,,,,
2025-07-16 14:00:00,1.0,,,,
2025-07-16 15:00:00,1.0,,,,
2025-07-16 21:00:00,1.0,,,,
2025-07-16 22:00:00,1.0,,,,
2025-07-16 23:00:00,1.0,,,,
2025-07-17 09:00:00,1.0,,,,
2025-07-17 10:00:00,1.0,,,,
2025-07-17 11:00:00,1.0,,,,
2025-07-17 13:00:00,1.0,,,,
2025-07-17 14:00:00,1.0,,,,
2025-07-17 15:00:00,1.0,,,,
2025-07-17 21:00:00,1.0,,,,
2025-07-17 22:00:00,1.0,,,,
2025-07-17 23:00:00,1.0,,,,
2025-07-18 09:00:00,1.0,,,,
2025-07-18 10:00:00,1.0,,,,
2025-07-18 11:00:00,1.0,,,,
2025-07-18 13:00:00,1.0,,,,
2025-07-18 14:00:00,1.0,,,,
2025-07-18 15:00:00,1.0,,,,
2025-07-18 21:00:00,1.0,,,,
2025-07-18 22:00:00,1.0,,,,
2025-07-18 23:00:00,1.0,,,,
2025-07-21 09:00:00,1.0,,,,
2025-07-21 10:00:00,1.0,,,,
2025-07-21 11:00:00,1.0,,,,
2025-07-21 13:00:00,1.0,,,,
2025-07-21 14:00:00,1.0,,,,
2025-07-21 15:00:00,1.0,,,,
2025-07-21 21:00:00,1.0,,,,
2025-07-21 22:00:00,1.0,,,,
2025-07-21 23:00:00,1.0,,,,
2025-07-22 09:00:00,1.0,,,,
2025-07-22 10:00:00,1.0,,,,
2025-07-22 11:00:00,1.0,,,,
2025-07-22 13:00:00,1.0,,,,
2025-07-22 14:00:00,0.0,,,,
2025-07-22 15:00:00,0.0,,,,
2025-07-22 21:00:00,1.0,,,,
2025-07-22 22:00:00,0.0,,,,
2025-07-22 23:00:00,1.0,,,,
2025-07-23 09:00:00,1.0,,,,
2025-07-23 10:00:00,1.0,,,,
2025-07-23 11:00:00,1.0,,,,
2025-07-23 13:00:00,1.0,,,,
2025-07-23 14:00:00,1.0,,,,
2025-07-23 15:00:00,-1.0,,,,
2025-07-23 21:00:00,-1.0,,,,
2025-07-23 22:00:00,0.0,,,,
2025-07-23 23:00:00,0.0,,,,
2025-07-24 09:00:00,-1.0,,,,
2025-07-24 10:00:00,-1.0,,,,
2025-07-24 11:00:00,-1.0,,,,
2025-07-24 13:00:00,-1.0,,,,
2025-07-24 14:00:00,-1.0,,,,
2025-07-24 15:00:00,-1.0,,,,
2025-07-24 21:00:00,-1.0,,,,
2025-07-24 22:00:00,-1.0,,,,
2025-07-24 23:00:00,-1.0,,,,
2025-07-25 09:00:00,0.0,,,,
2025-07-25 10:00:00,1.0,,,,
2025-07-25 11:00:00,1.0,,,,
2025-07-25 13:00:00,1.0,,,,
2025-07-25 14:00:00,1.0,,,,
2025-07-25 15:00:00,1.0,,,,
2025-07-25 21:00:00,1.0,,,,
2025-07-25 22:00:00,1.0,,,,
2025-07-25 23:00:00,1.0,,,,
2025-07-28 09:00:00,1.0,,,,
2025-07-28 10:00:00,1.0,,,,
2025-07-28 11:00:00,1.0,,,,
2025-07-28 13:00:00,1.0,,,,
2025-07-28 14:00:00,1.0,,,,
2025-07-28 15:00:00,1.0,,,,
2025-07-28 21:00:00,1.0,,,,
2025-07-28 22:00:00,1.0,,,,
2025-07-28 23:00:00,1.0,,,,
2025-07-29 09:00:00,0.0,,,,
2025-07-29 10:00:00,-1.0,,,,
2025-07-29 11:00:00,-1.0,,,,
2025-07-29 13:00:00,-1.0,,,,
2025-07-29 14:00:00,-1.0,,,,
2025-07-29 15:00:00,-1.0,,,,
2025-07-29 21:00:00,-1.0,,,,
2025-07-29 22:00:00,-1.0,,,,
2025-07-29 23:00:00,-1.0,,,,
2025-07-30 09:00:00,-1.0,,,,
2025-07-30 10:00:00,-1.0,,,,
2025-07-30 11:00:00,-1.0,,,,
2025-07-30 13:00:00,-1.0,,,,
2025-07-30 14:00:00,-1.0,,,,
2025-07-30 15:00:00,-1.0,,,,
2025-07-30 21:00:00,-1.0,,,,
2025-07-30 22:00:00,-1.0,,,,
2025-07-30 23:00:00,-1.0,,,,
2025-07-31 09:00:00,-1.0,,,,
2025-07-31 10:00:00,-1.0,,,,
2025-07-31 11:00:00,0.0,,,,
2025-07-31 13:00:00,0.0,,,,
2025-07-31 14:00:00,1.0,,,,
2025-07-31 15:00:00,1.0,,,,
2025-07-31 21:00:00,0.0,,,,
2025-07-31 22:00:00,0.0,,,,
2025-07-31 23:00:00,0.0,,,,
2025-08-01 09:00:00,0.0,,,,
2025-08-01 10:00:00,1.0,,,,
2025-08-01 11:00:00,1.0,,,,
2025-08-01 13:00:00,1.0,,,,
2025-08-01 14:00:00,1.0,,,,
2025-08-01 15:00:00,1.0,,,,
2025-08-01 21:00:00,1.0,,,,
2025-08-01 22:00:00,1.0,,,,
2025-08-01 23:00:00,1.0,,,,
2025-08-04 09:00:00,1.0,,,,
2025-08-04 10:00:00,1.0,,,,
2025-08-04 11:00:00,1.0,,,,
2025-08-04 13:00:00,1.0,,,,
2025-08-04 14:00:00,1.0,,,,
2025-08-04 15:00:00,1.0,,,,
2025-08-04 21:00:00,1.0,,,,
2025-08-04 22:00:00,1.0,,,,
2025-08-04 23:00:00,1.0,,,,
2025-08-05 09:00:00,1.0,,,,
2025-08-05 10:00:00,1.0,,,,
2025-08-05 11:00:00,0.0,,,,
2025-08-05 13:00:00,0.0,,,,
2025-08-05 14:00:00,-1.0,,,,
2025-08-05 15:00:00,-1.0,,,,
2025-08-05 21:00:00,-1.0,,,,
2025-08-05 22:00:00,-1.0,,,,
2025-08-05 23:00:00,-1.0,,,,
2025-08-06 09:00:00,-1.0,,,,
2025-08-06 10:00:00,-1.0,,,,
2025-08-06 11:00:00,-1.0,,,,
2025-08-06 13:00:00,-1.0,,,,
2025-08-06 14:00:00,-1.0,,,,
2025-08-06 15:00:00,-1.0,,,,
2025-08-06 21:00:00,-1.0,,,,
2025-08-06 22:00:00,0.0,,,,
2025-08-06 23:00:00,0.0,,,,
2025-08-07 09:00:00,0.0,,,,
2025-08-07 10:00:00,0.0,,,,
2025-08-07 11:00:00,0.0,,,,
2025-08-07 13:00:00,1.0,,,,
2025-08-07 14:00:00,1.0,,,,
2025-08-07 15:00:00,1.0,,,,
2025-08-07 21:00:00,1.0,,,,
2025-08-07 22:00:00,1.0,,,,
2025-08-07 23:00:00,1.0,,,,
2025-08-08 09:00:00,1.0,,,,
2025-08-08 10:00:00,1.0,,,,
2025-08-08 11:00:00,1.0,,,,
2025-08-08 13:00:00,1.0,,,,
2025-08-08 14:00:00,1.0,,,,
2025-08-08 15:00:00,1.0,,,,
2025-08-08 21:00:00,1.0,,,,
2025-08-08 22:00:00,1.0,,,,
2025-08-08 23:00:00,1.0,,,,
2025-08-11 09:00:00,1.0,,,,
2025-08-11 10:00:00,1.0,,,,
2025-08-11 11:00:00,0.0,,,,
2025-08-11 13:00:00,0.0,,,,
2025-08-11 14:00:00,-1.0,,,,
2025-08-11 15:00:00,-1.0,,,,
2025-08-11 21:00:00,-1.0,,,,
2025-08-11 22:00:00,-1.0,,,,
2025-08-11 23:00:00,-1.0,,,,
2025-08-12 09:00:00,-1.0,,,,
2025-08-12 10:00:00,-1.0,,,,
2025-08-12 11:00:00,-1.0,,,,
2025-08-12 13:00:00,-1.0,,,,
2025-08-12 14:00:00,-1.0,,,,
2025-08-12 15:00:00,-1.0,,,,
2025-08-12 21:00:00,-1.0,,,,
2025-08-12 22:00:00,-1.0,,,,
2025-08-12 23:00:00,-1.0,,,,
2025-08-13 09:00:00,-1.0,,,,
2025-08-13 10:00:00,-1.0,,,,
2025-08-13 11:00:00,-1.0,,,,
2025-08-13 13:00:00,-1.0,,,,
2025-08-13 14:00:00,0.0,,,,
2025-08-13 15:00:00,0.0,,,,
2025-08-13 21:00:00,0.0,,,,
2025-08-13 22:00:00,0.0,,,,
2025-08-13 23:00:00,-1.0,,,,
2025-08-14 09:00:00,-1.0,,,,
2025-08-14 10:00:00,-1.0,,,,
2025-08-14 11:00:00,0.0,,,,
2025-08-14 13:00:00,0.0,,,,
2025-08-14 14:00:00,0.0,,,,
2025-08-14 15:00:00,0.0,,,,
2025-08-14 21:00:00,0.0,,,,
2025-08-14 22:00:00,0.0,,,,
2025-08-14 23:00:00,-1.0,,,,
2025-08-15 09:00:00,0.0,,,,
2025-08-15 10:00:00,0.0,,,,
2025-08-15 11:00:00,0.0,,,,
2025-08-15 13:00:00,-1.0,,,,
2025-08-15 14:00:00,-1.0,,,,
2025-08-15 15:00:00,-1.0,,,,
2025-08-15 21:00:00,-1.0,,,,
2025-08-15 22:00:00,-1.0,,,,
2025-08-15 23:00:00,-1.0,,,,
2025-08-18 09:00:00,-1.0,,,,
2025-08-18 10:00:00,-1.0,,,,
2025-08-18 11:00:00,-1.0,,,,
2025-08-18 13:00:00,-1.0,,,,
2025-08-18 14:00:00,-1.0,,,,
2025-08-18 15:00:00,-1.0,,,,
2025-08-18 21:00:00,-1.0,,,,
2025-08-18 22:00:00,-1.0,,,,
2025-08-18 23:00:00,-1.0,,,,
2025-08-19 09:00:00,-1.0,,,,
2025-08-19 10:00:00,-1.0,,,,
2025-08-19 11:00:00,-1.0,,,,
2025-08-19 13:00:00,-1.0,,,,
2025-08-19 14:00:00,-1.0,,,,
2025-08-19 15:00:00,-1.0,,,,
2025-08-19 21:00:00,-1.0,,,,
2025-08-19 22:00:00,-1.0,,,,
2025-08-19 23:00:00,-1.0,,,,
2025-08-20 09:00:00,-1.0,,,,
2025-08-20 10:00:00,-1.0,,,,
2025-08-20 11:00:00,-1.0,,,,
2025-08-20 13:00:00,-1.0,,,,
2025-08-20 14:00:00,-1.0,,,,
2025-08-20 15:00:00,0.0,,,,
2025-08-20 21:00:00,-1.0,,,,
2025-08-20 22:00:00,-1.0,,,,
2025-08-20 23:00:00,0.0,,,,
2025-08-21 09:00:00,0.0,,,,
2025-08-21 10:00:00,0.0,,,,
2025-08-21 11:00:00,0.0,,,,
2025-08-21 13:00:00,0.0,,,,
2025-08-21 14:00:00,1.0,,,,
2025-08-21 15:00:00,1.0,,,,
2025-08-21 21:00:00,1.0,,,,
2025-08-21 22:00:00,1.0,,,,
2025-08-21 23:00:00,1.0,,,,
2025-08-22 09:00:00,1.0,,,,
2025-08-22 10:00:00,1.0,,,,
2025-08-22 11:00:00,1.0,,,,
2025-08-22 13:00:00,0.0,,,,
2025-08-22 14:00:00,0.0,,,,
2025-08-22 15:00:00,0.0,,,,
2025-08-22 21:00:00,-1.0,,,,
2025-08-22 22:00:00,-1.0,,,,
2025-08-22 23:00:00,-1.0,,,,
2025-08-25 09:00:00,-1.0,,,,
2025-08-25 10:00:00,-1.0,,,,
2025-08-25 11:00:00,-1.0,,,,
2025-08-25 13:00:00,-1.0,,,,
2025-08-25 14:00:00,-1.0,,,,
2025-08-25 15:00:00,-1.0,,,,
2025-08-25 21:00:00,-1.0,,,,
2025-08-25 22:00:00,-1.0,,,,
2025-08-25 23:00:00,-1.0,,,,
2025-08-26 09:00:00,-1.0,,,,
2025-08-26 10:00:00,0.0,,,,
2025-08-26 11:00:00,0.0,,,,
2025-08-26 13:00:00,1.0,,,,
2025-08-26 14:00:00,0.0,,,,
2025-08-26 15:00:00,0.0,,,,
2025-08-26 21:00:00,1.0,,,,
2025-08-26 22:00:00,0.0,,,,
2025-08-26 23:00:00,0.0,,,,
2025-08-27 09:00:00,1.0,,,,
2025-08-27 10:00:00,1.0,,,,
2025-08-27 11:00:00,0.0,,,,
2025-08-27 13:00:00,0.0,,,,
2025-08-27 14:00:00,-1.0,,,,
2025-08-27 15:00:00,-1.0,,,,
2025-08-27 21:00:00,-1.0,,,,
2025-08-27 22:00:00,-1.0,,,,
2025-08-27 23:00:00,-1.0,,,,
2025-08-28 09:00:00,-1.0,,,,
2025-08-28 10:00:00,-1.0,,,,
2025-08-28 11:00:00,-1.0,,,,
2025-08-28 13:00:00,-1.0,,,,
2025-08-28 14:00:00,-1.0,,,,
2025-08-28 15:00:00,-1.0,,,,
2025-08-28 21:00:00,-1.0,,,,
2025-08-28 22:00:00,-1.0,,,,
2025-08-28 23:00:00,-1.0,,,,
2025-08-29 09:00:00,-1.0,,,,
2025-08-29 10:00:00,-1.0,,,,
2025-08-29 11:00:00,-1.0,,,,
2025-08-29 13:00:00,-1.0,,,,
2025-08-29 14:00:00,-1.0,,,,
2025-08-29 15:00:00,-1.0,,,,
2025-08-29 21:00:00,0.0,,,,
2025-08-29 22:00:00,-1.0,,,,
2025-08-29 23:00:00,-1.0,,,,
2025-09-01 09:00:00,-1.0,,,,
2025-09-01 10:00:00,0.0,,,,
2025-09-01 11:00:00,0.0,,,,
2025-09-01 13:00:00,0.0,,,,
2025-09-01 14:00:00,-1.0,,,,
2025-09-01 15:00:00,-1.0,,,,
2025-09-01 21:00:00,-1.0,,,,
2025-09-01 22:00:00,0.0,,,,
2025-09-01 23:00:00,1.0,,,,
2025-09-02 09:00:00,1.0,,,,
2025-09-02 10:00:00,1.0,,,,
2025-09-02 11:00:00,0.0,,,,
2025-09-02 13:00:00,0.0,,,,
2025-09-02 14:00:00,1.0,,,,
2025-09-02 15:00:00,1.0,,,,
2025-09-02 21:00:00,0.0,,,,
2025-09-02 22:00:00,-1.0,,,,
2025-09-02 23:00:00,0.0,,,,
2025-09-03 09:00:00,1.0,,,,
2025-09-03 10:00:00,1.0,,,,
2025-09-03 11:00:00,1.0,,,,
2025-09-03 13:00:00,1.0,,,,
2025-09-03 14:00:00,1.0,,,,
2025-09-03 15:00:00,1.0,,,,
2025-09-03 21:00:00,1.0,,,,
2025-09-03 22:00:00,1.0,,,,
2025-09-03 23:00:00,1.0,,,,
2025-09-04 09:00:00,1.0,,,,
2025-09-04 10:00:00,1.0,,,,
2025-09-04 11:00:00,1.0,,,,
2025-09-04 13:00:00,1.0,,,,
2025-09-04 14:00:00,1.0,,,,
2025-09-04 15:00:00,1.0,,,,
2025-09-04 21:00:00,1.0,,,,
2025-09-04 22:00:00,1.0,,,,
2025-09-04 23:00:00,1.0,,,,
2025-09-05 09:00:00,1.0,,,,
2025-09-05 10:00:00,1.0,,,,
2025-09-05 11:00:00,1.0,,,,
2025-09-05 13:00:00,1.0,,,,
2025-09-05 14:00:00,-1.0,,,,
2025-09-05 15:00:00,0.0,,,,
2025-09-05 21:00:00,0.0,,,,
2025-09-05 22:00:00,1.0,,,,
2025-09-05 23:00:00,1.0,,,,
2025-09-08 09:00:00,1.0,,,,
2025-09-08 10:00:00,0.0,,,,
2025-09-08 11:00:00,0.0,,,,
2025-09-08 13:00:00,0.0,,,,
2025-09-08 14:00:00,-1.0,,,,
2025-09-08 15:00:00,0.0,,,,
2025-09-08 21:00:00,0.0,,,,
2025-09-08 22:00:00,0.0,,,,
2025-09-08 23:00:00,0.0,,,,
2025-09-09 09:00:00,-1.0,,,,
2025-09-09 10:00:00,-1.0,,,,
2025-09-09 11:00:00,-1.0,,,,
2025-09-09 13:00:00,-1.0,,,,
2025-09-09 14:00:00,-1.0,,,,
2025-09-09 15:00:00,-1.0,,,,
2025-09-09 21:00:00,0.0,,,,
2025-09-09 22:00:00,0.0,,,,
2025-09-09 23:00:00,1.0,,,,
2025-09-10 09:00:00,1.0,,,,
2025-09-10 10:00:00,0.0,,,,
2025-09-10 11:00:00,1.0,,,,
2025-09-10 13:00:00,1.0,,,,
2025-09-10 14:00:00,1.0,,,,
2025-09-10 15:00:00,0.0,,,,
2025-09-10 21:00:00,0.0,,,,
2025-09-10 22:00:00,0.0,,,,
2025-09-10 23:00:00,0.0,,,,
2025-09-11 09:00:00,1.0,,,,
2025-09-11 10:00:00,1.0,,,,
2025-09-11 11:00:00,1.0,,,,
2025-09-11 13:00:00,1.0,,,,
2025-09-11 14:00:00,1.0,,,,
2025-09-11 15:00:00,1.0,,,,
2025-09-11 21:00:00,1.0,,,,
2025-09-11 22:00:00,1.0,,,,
2025-09-11 23:00:00,1.0,,,,
2025-09-12 09:00:00,1.0,,,,
2025-09-12 10:00:00,1.0,,,,
2025-09-12 11:00:00,1.0,,,,
2025-09-12 13:00:00,1.0,,,,
2025-09-12 14:00:00,1.0,,,,
2025-09-12 15:00:00,1.0,,,,
2025-09-12 21:00:00,1.0,,,,
2025-09-12 22:00:00,1.0,,,,
2025-09-12 23:00:00,1.0,,,,
2025-09-15 09:00:00,1.0,,,,
2025-09-15 10:00:00,1.0,,,,
2025-09-15 11:00:00,1.0,,,,
2025-09-15 13:00:00,1.0,,,,
2025-09-15 14:00:00,1.0,,,,
2025-09-15 15:00:00,1.0,,,,
2025-09-15 21:00:00,-1.0,,,,
2025-09-15 22:00:00,-1.0,,,,
2025-09-15 23:00:00,-1.0,,,,
2025-09-16 09:00:00,-1.0,,,,
2025-09-16 10:00:00,-1.0,,,,
2025-09-16 11:00:00,-1.0,,,,
2025-09-16 13:00:00,-1.0,,,,
2025-09-16 14:00:00,-1.0,,,,
2025-09-16 15:00:00,-1.0,,,,
2025-09-16 21:00:00,-1.0,,,,
2025-09-16 22:00:00,-1.0,,,,
2025-09-16 23:00:00,-1.0,,,,
2025-09-17 09:00:00,-1.0,,,,
2025-09-17 10:00:00,-1.0,,,,
2025-09-17 11:00:00,-1.0,,,,
2025-09-17 13:00:00,0.0,,,,
2025-09-17 14:00:00,0.0,,,,
2025-09-17 15:00:00,0.0,,,,
2025-09-17 21:00:00,0.0,,,,
2025-09-17 22:00:00,0.0,,,,
2025-09-17 23:00:00,0.0,,,,
2025-09-18 09:00:00,0.0,,,,
2025-09-18 10:00:00,1.0,,,,
2025-09-18 11:00:00,1.0,,,,
2025-09-18 13:00:00,1.0,,,,
2025-09-18 14:00:00,0.0,,,,
2025-09-18 15:00:00,0.0,,,,
2025-09-18 21:00:00,0.0,,,,
2025-09-18 22:00:00,1.0,,,,
2025-09-18 23:00:00,0.0,,,,
2025-09-19 09:00:00,-1.0,,,,
2025-09-19 10:00:00,-1.0,,,,
2025-09-19 11:00:00,-1.0,,,,
2025-09-19 13:00:00,-1.0,,,,
2025-09-19 14:00:00,-1.0,,,,
2025-09-19 15:00:00,-1.0,,,,
2025-09-19 21:00:00,-1.0,,,,
2025-09-19 22:00:00,-1.0,,,,
2025-09-19 23:00:00,-1.0,,,,
2025-09-22 09:00:00,-1.0,,,,
2025-09-22 10:00:00,-1.0,,,,
2025-09-22 11:00:00,-1.0,,,,
2025-09-22 13:00:00,-1.0,,,,
2025-09-22 14:00:00,-1.0,,,,
2025-09-22 15:00:00,-1.0,,,,
2025-09-22 21:00:00,0.0,,,,
2025-09-22 22:00:00,-1.0,,,,
2025-09-22 23:00:00,0.0,,,,
2025-09-23 09:00:00,0.0,,,,
2025-09-23 10:00:00,1.0,,,,
2025-09-23 11:00:00,1.0,,,,
2025-09-23 13:00:00,1.0,,,,
2025-09-23 14:00:00,0.0,,,,
2025-09-23 15:00:00,0.0,,,,
2025-09-23 21:00:00,0.0,,,,
2025-09-23 22:00:00,-1.0,,,,
2025-09-23 23:00:00,0.0,,,,
2025-09-24 09:00:00,-1.0,,,,
2025-09-24 10:00:00,-1.0,,,,
2025-09-24 11:00:00,-1.0,,,,
2025-09-24 13:00:00,-1.0,,,,
2025-09-24 14:00:00,-1.0,,,,
2025-09-24 15:00:00,-1.0,,,,
2025-09-24 21:00:00,-1.0,,,,
2025-09-24 22:00:00,-1.0,,,,
2025-09-24 23:00:00,-1.0,,,,
2025-09-25 09:00:00,-1.0,,,,
2025-09-25 10:00:00,-1.0,,,,
2025-09-25 11:00:00,-1.0,,,,
2025-09-25 13:00:00,-1.0,,,,
2025-09-25 14:00:00,-1.0,,,,
2025-09-25 15:00:00,-1.0,,,,
2025-09-25 21:00:00,-1.0,,,,
2025-09-25 22:00:00,-1.0,,,,
2025-09-25 23:00:00,-1.0,,,,
2025-09-26 09:00:00,-1.0,,,,
2025-09-26 10:00:00,-1.0,,,,
2025-09-26 11:00:00,-1.0,,,,
2025-09-26 13:00:00,-1.0,,,,
2025-09-26 14:00:00,-1.0,,,,
2025-09-26 15:00:00,-1.0,,,,
2025-09-26 21:00:00,-1.0,,,,
2025-09-26 22:00:00,-1.0,,,,
2025-09-26 23:00:00,-1.0,,,,
2025-09-29 09:00:00,-1.0,,,,
2025-09-29 10:00:00,0.0,,,,
2025-09-29 11:00:00,0.0,,,,
2025-09-29 13:00:00,-1.0,,,,
2025-09-29 14:00:00,0.0,,,,
2025-09-29 15:00:00,-1.0,,,,
2025-09-29 21:00:00,-1.0,,,,
2025-09-29 22:00:00,0.0,,,,
2025-09-29 23:00:00,0.0,,,,
2025-09-30 09:00:00,0.0,,,,
2025-09-30 10:00:00,1.0,,,,
2025-09-30 11:00:00,1.0,,,,
2025-09-30 13:00:00,1.0,,,,
2025-09-30 14:00:00,0.0,,,,
2025-09-30 15:00:00,0.0,,,,
2025-10-09 09:00:00,-1.0,,,,
2025-10-09 10:00:00,-1.0,,,,
2025-10-09 11:00:00,0.0,,,,
2025-10-09 13:00:00,-1.0,,,,
2025-10-09 14:00:00,-1.0,,,,
2025-10-09 15:00:00,-1.0,,,,
2025-10-09 21:00:00,-1.0,,,,
2025-10-09 22:00:00,-1.0,,,,
2025-10-09 23:00:00,-1.0,,,,
2025-10-10 09:00:00,-1.0,,,,
2025-10-10 10:00:00,-1.0,,,,
2025-10-10 11:00:00,-1.0,,,,
2025-10-10 13:00:00,-1.0,,,,
2025-10-10 14:00:00,-1.0,,,,
2025-10-10 15:00:00,-1.0,,,,
2025-10-10 21:00:00,-1.0,,,,
2025-10-10 22:00:00,-1.0,,,,
2025-10-10 23:00:00,-1.0,,,,
2025-10-13 09:00:00,-1.0,,,,
2025-10-13 10:00:00,-1.0,,,,
2025-10-13 11:00:00,-1.0,,,,
2025-10-13 13:00:00,-1.0,,,,
2025-10-13 14:00:00,-1.0,,,,
2025-10-13 15:00:00,-1.0,,,,
2025-10-13 21:00:00,-1.0,,,,
2025-10-13 22:00:00,-1.0,,,,
2025-10-13 23:00:00,-1.0,,,,
2025-10-14 09:00:00,-1.0,,,,
2025-10-14 10:00:00,-1.0,,,,
2025-10-14 11:00:00,-1.0,,,,
2025-10-14 13:00:00,-1.0,,,,
2025-10-14 14:00:00,-1.0,,,,
2025-10-14 15:00:00,-1.0,,,,
2025-10-14 21:00:00,-1.0,,,,
2025-10-14 22:00:00,0.0,,,,
2025-10-14 23:00:00,-1.0,,,,
2025-10-15 09:00:00,-1.0,,,,
2025-10-15 10:00:00,-1.0,,,,
2025-10-15 11:00:00,0.0,,,,
2025-10-15 13:00:00,-1.0,,,,
2025-10-15 14:00:00,1.0,,,,
2025-10-15 15:00:00,1.0,,,,
2025-10-15 21:00:00,1.0,,,,
2025-10-15 22:00:00,1.0,,,,
2025-10-15 23:00:00,1.0,,,,
2025-10-16 09:00:00,1.0,,,,
2025-10-16 10:00:00,0.0,,,,
2025-10-16 11:00:00,1.0,,,,
2025-10-16 13:00:00,0.0,,,,
2025-10-16 14:00:00,0.0,,,,
2025-10-16 15:00:00,0.0,,,,
2025-10-16 21:00:00,0.0,,,,
2025-10-16 22:00:00,0.0,,,,
2025-10-16 23:00:00,0.0,,,,
2025-10-17 09:00:00,0.0,,,,
2025-10-17 10:00:00,1.0,,,,
2025-10-17 11:00:00,0.0,,,,
2025-10-17 13:00:00,0.0,,,,
2025-10-17 14:00:00,1.0,,,,
2025-10-17 15:00:00,1.0,,,,
2025-10-17 21:00:00,0.0,,,,
2025-10-17 22:00:00,0.0,,,,
2025-10-17 23:00:00,1.0,,,,
2025-10-20 09:00:00,0.0,,,,
2025-10-20 10:00:00,1.0,,,,
2025-10-20 11:00:00,1.0,,,,
2025-10-20 13:00:00,1.0,,,,
2025-10-20 14:00:00,1.0,,,,
2025-10-20 15:00:00,1.0,,,,
2025-10-20 21:00:00,1.0,,,,
2025-10-20 22:00:00,1.0,,,,
2025-10-20 23:00:00,1.0,,,,
2025-10-21 09:00:00,1.0,,,,
2025-10-21 10:00:00,1.0,,,,
2025-10-21 11:00:00,1.0,,,,
2025-10-21 13:00:00,1.0,,,,
2025-10-21 14:00:00,1.0,,,,
2025-10-21 15:00:00,1.0,,,,
2025-10-21 21:00:00,1.0,,,,
2025-10-21 22:00:00,1.0,,,,
2025-10-21 23:00:00,1.0,,,,
2025-10-22 09:00:00,1.0,,,,
2025-10-22 10:00:00,1.0,,,,
2025-10-22 11:00:00,1.0,,,,
2025-10-22 13:00:00,0.0,,,,
2025-10-22 14:00:00,1.0,,,,
2025-10-22 15:00:00,1.0,,,,
2025-10-22 21:00:00,1.0,,,,
2025-10-22 22:00:00,1.0,,,,
2025-10-22 23:00:00,1.0,,,,
2025-10-23 09:00:00,1.0,,,,
2025-10-23 10:00:00,1.0,,,,
2025-10-23 11:00:00,1.0,,,,
2025-10-23 13:00:00,1.0,,,,
2025-10-23 14:00:00,1.0,,,,
2025-10-23 15:00:00,1.0,,,,
2025-10-23 21:00:00,1.0,,,,
2025-10-23 22:00:00,1.0,,,,
2025-10-23 23:00:00,1.0,,,,
2025-10-24 09:00:00,1.0,,,,
2025-10-24 10:00:00,1.0,,,,
2025-10-24 11:00:00,1.0,,,,
2025-10-24 13:00:00,1.0,,,,
2025-10-24 14:00:00,1.0,,,,
2025-10-24 15:00:00,1.0,,,,
2025-10-24 21:00:00,1.0,,,,
2025-10-24 22:00:00,1.0,,,,
2025-10-24 23:00:00,1.0,,,,
2025-10-27 09:00:00,1.0,,,,
2025-10-27 10:00:00,1.0,,,,
2025-10-27 11:00:00,1.0,,,,
2025-10-27 13:00:00,1.0,,,,
2025-10-27 14:00:00,1.0,,,,
2025-10-27 15:00:00,1.0,,,,
2025-10-27 21:00:00,1.0,,,,
2025-10-27 22:00:00,1.0,,,,
2025-10-27 23:00:00,1.0,,,,
2025-10-28 09:00:00,1.0,,,,
2025-10-28 10:00:00,1.0,,,,
2025-10-28 11:00:00,1.0,,,,
2025-10-28 13:00:00,1.0,,,,
2025-10-28 14:00:00,0.0,,,,
2025-10-28 15:00:00,1.0,,,,
2025-10-28 21:00:00,0.0,,,,
2025-10-28 22:00:00,0.0,,,,
2025-10-28 23:00:00,0.0,,,,
2025-10-29 09:00:00,-1.0,,,,
2025-10-29 10:00:00,-1.0,,,,
2025-10-29 11:00:00,-1.0,,,,
2025-10-29 13:00:00,-1.0,,,,
2025-10-29 14:00:00,-1.0,,,,
2025-10-29 15:00:00,-1.0,,,,
2025-10-29 21:00:00,-1.0,,,,
2025-10-29 22:00:00,-1.0,,,,
2025-10-29 23:00:00,-1.0,,,,
2025-10-30 09:00:00,-1.0,,,,
2025-10-30 10:00:00,-1.0,,,,
2025-10-30 11:00:00,-1.0,,,,
2025-10-30 13:00:00,-1.0,,,,
2025-10-30 14:00:00,-1.0,,,,
2025-10-30 15:00:00,-1.0,,,,
2025-10-30 21:00:00,-1.0,,,,
2025-10-30 22:00:00,-1.0,,,,
2025-10-30 23:00:00,-1.0,,,,
2025-10-31 09:00:00,-1.0,,,,
2025-10-31 10:00:00,-1.0,,,,
2025-10-31 11:00:00,-1.0,,,,
2025-10-31 13:00:00,-1.0,,,,
2025-10-31 14:00:00,-1.0,,,,
2025-10-31 15:00:00,-1.0,,,,
2025-10-31 21:00:00,-1.0,,,,
2025-10-31 22:00:00,-1.0,,,,
2025-10-31 23:00:00,-1.0,,,,
2025-11-03 09:00:00,-1.0,,,,
2025-11-03 10:00:00,-1.0,,,,
2025-11-03 11:00:00,-1.0,,,,
2025-11-03 13:00:00,-1.0,,,,
2025-11-03 14:00:00,-1.0,,,,
2025-11-03 15:00:00,-1.0,,,,
2025-11-03 21:00:00,-1.0,,,,
2025-11-03 22:00:00,-1.0,,,,
2025-11-03 23:00:00,-1.0,,,,
2025-11-04 09:00:00,-1.0,,,,
2025-11-04 10:00:00,-1.0,,,,
2025-11-04 11:00:00,-1.0,,,,
2025-11-04 13:00:00,-1.0,,,,
2025-11-04 14:00:00,0.0,,,,
2025-11-04 15:00:00,-1.0,,,,
2025-11-04 21:00:00,0.0,,,,
2025-11-04 22:00:00,0.0,,,,
2025-11-04 23:00:00,0.0,,,,
2025-11-05 09:00:00,0.0,,,,
2025-11-05 10:00:00,0.0,,,,
2025-11-05 11:00:00,0.0,,,,
2025-11-05 13:00:00,-1.0,,,,
2025-11-05 14:00:00,-1.0,,,,
2025-11-05 15:00:00,-1.0,,,,
2025-11-05 21:00:00,-1.0,,,,
2025-11-05 22:00:00,-1.0,,,,
2025-11-05 23:00:00,-1.0,,,,
2025-11-06 09:00:00,-1.0,,,,
2025-11-06 10:00:00,-1.0,,,,
2025-11-06 11:00:00,-1.0,,,,
2025-11-06 13:00:00,0.0,,,,
2025-11-06 14:00:00,0.0,,,,
2025-11-06 15:00:00,0.0,,,,
2025-11-06 21:00:00,0.0,,,,
2025-11-06 22:00:00,0.0,,,,
2025-11-06 23:00:00,0.0,,,,
2025-11-07 09:00:00,0.0,,,,
2025-11-07 10:00:00,0.0,,,,
2025-11-07 11:00:00,0.0,,,,
2025-11-07 13:00:00,0.0,,,,
2025-11-07 14:00:00,1.0,,,,
2025-11-07 15:00:00,1.0,,,,
2025-11-07 21:00:00,1.0,,,,
2025-11-07 22:00:00,1.0,,,,
2025-11-07 23:00:00,1.0,,,,
2025-11-10 09:00:00,1.0,,,,
2025-11-10 10:00:00,1.0,,,,
2025-11-10 11:00:00,1.0,,,,
2025-11-10 13:00:00,0.0,,,,
2025-11-10 14:00:00,0.0,,,,
2025-11-10 15:00:00,0.0,,,,
2025-11-10 21:00:00,0.0,,,,
2025-11-10 22:00:00,0.0,,,,
2025-11-10 23:00:00,1.0,,,,
2025-11-11 09:00:00,1.0,,,,
2025-11-11 10:00:00,1.0,,,,
2025-11-11 11:00:00,0.0,,,,
2025-11-11 13:00:00,0.0,,,,
2025-11-11 14:00:00,1.0,,,,
2025-11-11 15:00:00,0.0,,,,
2025-11-11 21:00:00,-1.0,,,,
2025-11-11 22:00:00,0.0,,,,
2025-11-11 23:00:00,-1.0,,,,
2025-11-12 09:00:00,-1.0,,,,
2025-11-12 10:00:00,0.0,,,,
2025-11-12 11:00:00,0.0,,,,
2025-11-12 13:00:00,0.0,,,,
2025-11-12 14:00:00,0.0,,,,
2025-11-12 15:00:00,0.0,,,,
2025-11-12 21:00:00,0.0,,,,
2025-11-12 22:00:00,1.0,,,,
2025-11-12 23:00:00,1.0,,,,
2025-11-13 09:00:00,1.0,,,,
2025-11-13 10:00:00,1.0,,,,
2025-11-13 11:00:00,1.0,,,,
2025-11-13 13:00:00,1.0,,,,
2025-11-13 14:00:00,1.0,,,,
2025-11-13 15:00:00,1.0,,,,
2025-11-13 21:00:00,1.0,,,,
2025-11-13 22:00:00,1.0,,,,
2025-11-13 23:00:00,1.0,,,,
2025-11-14 09:00:00,1.0,,,,
2025-11-14 10:00:00,1.0,,,,
2025-11-14 11:00:00,1.0,,,,
2025-11-14 13:00:00,1.0,,,,
2025-11-14 14:00:00,1.0,,,,
2025-11-14 15:00:00,1.0,,,,
2025-11-14 21:00:00,1.0,,,,
2025-11-14 22:00:00,1.0,,,,
2025-11-14 23:00:00,1.0,,,,
2025-11-17 09:00:00,1.0,,,,
2025-11-17 10:00:00,0.0,,,,
2025-11-17 11:00:00,0.0,,,,
2025-11-17 13:00:00,-1.0,,,,
2025-11-17 14:00:00,-1.0,,,,
2025-11-17 15:00:00,-1.0,,,,
2025-11-17 21:00:00,-1.0,,,,
2025-11-17 22:00:00,-1.0,,,,
2025-11-17 23:00:00,-1.0,,,,
2025-11-18 09:00:00,0.0,,,,
2025-11-18 10:00:00,-1.0,,,,
2025-11-18 11:00:00,-1.0,,,,
2025-11-18 13:00:00,-1.0,,,,
2025-11-18 14:00:00,0.0,,,,
2025-11-18 15:00:00,0.0,,,,
2025-11-18 21:00:00,0.0,,,,
2025-11-18 22:00:00,-1.0,,,,
2025-11-18 23:00:00,-1.0,,,,
2025-11-19 09:00:00,0.0,,,,
2025-11-19 10:00:00,-1.0,,,,
2025-11-19 11:00:00,-1.0,,,,
2025-11-19 13:00:00,-1.0,,,,
2025-11-19 14:00:00,-1.0,,,,
2025-11-19 15:00:00,0.0,,,,
2025-11-19 21:00:00,0.0,,,,
2025-11-19 22:00:00,0.0,,,,
2025-11-19 23:00:00,1.0,,,,
2025-11-20 09:00:00,1.0,,,,
2025-11-20 10:00:00,1.0,,,,
2025-11-20 11:00:00,0.0,,,,
2025-11-20 13:00:00,1.0,,,,
2025-11-20 14:00:00,1.0,,,,
2025-11-20 15:00:00,1.0,,,,
2025-11-20 21:00:00,1.0,,,,
2025-11-20 22:00:00,1.0,,,,
2025-11-20 23:00:00,1.0,,,,
2025-11-21 09:00:00,1.0,,,,
2025-11-21 10:00:00,1.0,,,,
2025-11-21 11:00:00,1.0,,,,
2025-11-21 13:00:00,1.0,,,,
2025-11-21 14:00:00,1.0,,,,
2025-11-21 15:00:00,1.0,,,,
2025-11-21 21:00:00,1.0,,,,
2025-11-21 22:00:00,1.0,,,,
2025-11-21 23:00:00,1.0,,,,
2025-11-24 09:00:00,1.0,,,,
2025-11-24 10:00:00,1.0,,,,
2025-11-24 11:00:00,1.0,,,,
2025-11-24 13:00:00,0.0,,,,
2025-11-24 14:00:00,0.0,,,,
2025-11-24 15:00:00,0.0,,,,
2025-11-24 21:00:00,0.0,,,,
2025-11-24 22:00:00,0.0,,,,
2025-11-24 23:00:00,0.0,,,,
2025-11-25 09:00:00,-1.0,,,,
2025-11-25 10:00:00,-1.0,,,,
2025-11-25 11:00:00,-1.0,,,,
2025-11-25 13:00:00,-1.0,,,,
2025-11-25 14:00:00,-1.0,,,,
2025-11-25 15:00:00,-1.0,,,,
2025-11-25 21:00:00,-1.0,,,,
2025-11-25 22:00:00,-1.0,,,,
2025-11-25 23:00:00,0.0,,,,
2025-11-26 09:00:00,0.0,,,,
2025-11-26 10:00:00,0.0,,,,
2025-11-26 11:00:00,0.0,,,,
2025-11-26 13:00:00,0.0,,,,
2025-11-26 14:00:00,0.0,,,,
2025-11-26 15:00:00,1.0,,,,
2025-11-26 21:00:00,1.0,,,,
2025-11-26 22:00:00,1.0,,,,
2025-11-26 23:00:00,1.0,,,,
2025-11-27 09:00:00,1.0,,,,
2025-11-27 10:00:00,1.0,,,,
2025-11-27 11:00:00,1.0,,,,
2025-11-27 13:00:00,1.0,,,,
2025-11-27 14:00:00,1.0,,,,
2025-11-27 15:00:00,1.0,,,,
2025-11-27 21:00:00,1.0,,,,
2025-11-27 22:00:00,1.0,,,,
2025-11-27 23:00:00,1.0,,,,
2025-11-28 09:00:00,1.0,,,,
2025-11-28 10:00:00,1.0,,,,
2025-11-28 11:00:00,1.0,,,,
2025-11-28 13:00:00,1.0,,,,
2025-11-28 14:00:00,1.0,,,,
2025-11-28 15:00:00,1.0,,,,
2025-11-28 21:00:00,1.0,,,,
2025-11-28 22:00:00,0.0,,,,
2025-11-28 23:00:00,0.0,,,,
2025-12-01 09:00:00,0.0,,,,
2025-12-01 10:00:00,0.0,,,,
2025-12-01 11:00:00,0.0,,,,
2025-12-01 13:00:00,0.0,,,,
2025-12-01 14:00:00,-1.0,,,,
2025-12-01 15:00:00,-1.0,,,,
2025-12-01 21:00:00,-1.0,,,,
2025-12-01 22:00:00,0.0,,,,
2025-12-01 23:00:00,0.0,,,,
2025-12-02 09:00:00,0.0,,,,
2025-12-02 10:00:00,-1.0,,,,
2025-12-02 11:00:00,0.0,,,,
2025-12-02 13:00:00,0.0,,,,
2025-12-02 14:00:00,0.0,,,,
2025-12-02 15:00:00,0.0,,,,
2025-12-02 21:00:00,1.0,,,,
2025-12-02 22:00:00,0.0,,,,
2025-12-02 23:00:00,0.0,,,,
2025-12-03 09:00:00,0.0,,,,
2025-12-03 10:00:00,0.0,,,,
2025-12-03 11:00:00,0.0,,,,
2025-12-03 13:00:00,0.0,,,,
2025-12-03 14:00:00,-1.0,,,,
2025-12-03 15:00:00,-1.0,,,,
2025-12-03 21:00:00,0.0,,,,
2025-12-03 22:00:00,-1.0,,,,
2025-12-03 23:00:00,-1.0,,,,
2025-12-04 09:00:00,-1.0,,,,
2025-12-04 10:00:00,-1.0,,,,
2025-12-04 11:00:00,-1.0,,,,
2025-12-04 13:00:00,-1.0,,,,
2025-12-04 14:00:00,-1.0,,,,
2025-12-04 15:00:00,-1.0,,,,
2025-12-04 21:00:00,-1.0,,,,
2025-12-04 22:00:00,-1.0,,,,
2025-12-04 23:00:00,-1.0,,,,
2025-12-05 09:00:00,-1.0,,,,
2025-12-05 10:00:00,-1.0,,,,
2025-12-05 11:00:00,-1.0,,,,
2025-12-05 13:00:00,-1.0,,,,
2025-12-05 14:00:00,-1.0,,,,
2025-12-05 15:00:00,-1.0,,,,
2025-12-05 21:00:00,-1.0,,,,
2025-12-05 22:00:00,-1.0,,,,
2025-12-05 23:00:00,-1.0,,,,
2025-12-08 09:00:00,0.0,,,,
2025-12-08 10:00:00,0.0,,,,
2025-12-08 11:00:00,0.0,,,,
2025-12-08 13:00:00,0.0,,,,
2025-12-08 14:00:00,-1.0,,,,
2025-12-08 15:00:00,-1.0,,,,
2025-12-08 21:00:00,-1.0,,,,
2025-12-08 22:00:00,-1.0,,,,
2025-12-08 23:00:00,0.0,,,,
2025-12-09 09:00:00,0.0,,,,
2025-12-09 10:00:00,-1.0,,,,
2025-12-09 11:00:00,0.0,,,,
2025-12-09 13:00:00,-1.0,,,,
2025-12-09 14:00:00,-1.0,,,,
2025-12-09 15:00:00,-1.0,,,,
2025-12-09 21:00:00,-1.0,,,,
2025-12-09 22:00:00,-1.0,,,,
2025-12-09 23:00:00,-1.0,,,,
2025-12-10 09:00:00,-1.0,,,,
2025-12-10 10:00:00,-1.0,,,,
2025-12-10 11:00:00,-1.0,,,,
2025-12-10 13:00:00,-1.0,,,,
2025-12-10 14:00:00,-1.0,,,,
2025-12-10 15:00:00,-1.0,,,,
2025-12-10 21:00:00,-1.0,,,,
2025-12-10 22:00:00,-1.0,,,,
2025-12-10 23:00:00,-1.0,,,,
2025-12-11 09:00:00,-1.0,,,,
2025-12-11 10:00:00,-1.0,,,,
2025-12-11 11:00:00,-1.0,,,,
2025-12-11 13:00:00,-1.0,,,,
2025-12-11 14:00:00,-1.0,,,,
2025-12-11 15:00:00,-1.0,,,,
2025-12-11 21:00:00,-1.0,,,,
2025-12-11 22:00:00,0.0,,,,
2025-12-11 23:00:00,1.0,,,,
2025-12-12 09:00:00,1.0,,,,
2025-12-12 10:00:00,0.0,,,,
2025-12-12 11:00:00,0.0,,,,
2025-12-12 13:00:00,1.0,,,,
2025-12-12 14:00:00,1.0,,,,
2025-12-12 15:00:00,0.0,,,,
2025-12-12 21:00:00,1.0,,,,
2025-12-12 22:00:00,1.0,,,,
2025-12-12 23:00:00,1.0,,,,
2025-12-15 09:00:00,0.0,,,,
2025-12-15 10:00:00,1.0,,,,
2025-12-15 11:00:00,0.0,,,,
2025-12-15 13:00:00,0.0,,,,
2025-12-15 14:00:00,1.0,,,,
2025-12-15 15:00:00,1.0,,,,
2025-12-15 21:00:00,1.0,,,,
2025-12-15 22:00:00,1.0,,,,
2025-12-15 23:00:00,1.0,,,,
2025-12-16 09:00:00,1.0,,,,
2025-12-16 10:00:00,1.0,,,,
2025-12-16 11:00:00,1.0,,,,
2025-12-16 13:00:00,1.0,,,,
2025-12-16 14:00:00,1.0,,,,
2025-12-16 15:00:00,1.0,,,,
2025-12-16 21:00:00,1.0,,,,
2025-12-16 22:00:00,1.0,,,,
2025-12-16 23:00:00,1.0,,,,
2025-12-17 09:00:00,1.0,,,,
2025-12-17 10:00:00,1.0,,,,
2025-12-17 11:00:00,1.0,,,,
2025-12-17 13:00:00,1.0,,,,
2025-12-17 14:00:00,1.0,,,,
2025-12-17 15:00:00,1.0,,,,
2025-12-17 21:00:00,-1.0,,,,
2025-12-17 22:00:00,0.0,,,,
2025-12-17 23:00:00,0.0,,,,
2025-12-18 09:00:00,0.0,,,,
2025-12-18 10:00:00,0.0,,,,
2025-12-18 11:00:00,0.0,,,,
2025-12-18 13:00:00,0.0,,,,
2025-12-18 14:00:00,1.0,,,,
2025-12-18 15:00:00,0.0,,,,
2025-12-18 21:00:00,1.0,,,,
2025-12-18 22:00:00,0.0,,,,
2025-12-18 23:00:00,0.0,,,,
2025-12-19 09:00:00,0.0,,,,
2025-12-19 10:00:00,0.0,,,,
2025-12-19 11:00:00,1.0,,,,
2025-12-19 13:00:00,1.0,,,,
2025-12-19 14:00:00,0.0,,,,
2025-12-19 15:00:00,0.0,,,,
2025-12-19 21:00:00,0.0,,,,
2025-12-19 22:00:00,1.0,,,,
2025-12-19 23:00:00,1.0,,,,
2025-12-22 09:00:00,1.0,,,,
2025-12-22 10:00:00,1.0,,,,
2025-12-22 11:00:00,0.0,,,,
2025-12-22 13:00:00,0.0,,,,
2025-12-22 14:00:00,0.0,,,,
2025-12-22 15:00:00,0.0,,,,
2025-12-22 21:00:00,0.0,,,,
2025-12-22 22:00:00,0.0,,,,
2025-12-22 23:00:00,0.0,,,,
2025-12-23 09:00:00,0.0,,,,
2025-12-23 10:00:00,0.0,,,,
2025-12-23 11:00:00,0.0,,,,
2025-12-23 13:00:00,0.0,,,,
2025-12-23 14:00:00,0.0,,,,
2025-12-23 15:00:00,-1.0,,,,
2025-12-23 21:00:00,0.0,,,,
2025-12-23 22:00:00,-1.0,,,,
2025-12-23 23:00:00,0.0,,,,
2025-12-24 09:00:00,-1.0,,,,
2025-12-24 10:00:00,-1.0,,,,
2025-12-24 11:00:00,0.0,,,,
2025-12-24 13:00:00,0.0,,,,
2025-12-24 14:00:00,0.0,,,,
2025-12-24 15:00:00,0.0,,,,
2025-12-24 21:00:00,1.0,,,,
2025-12-24 22:00:00,0.0,,,,
2025-12-24 23:00:00,1.0,,,,
2025-12-25 09:00:00,1.0,,,,
2025-12-25 10:00:00,1.0,,,,
2025-12-25 11:00:00,0.0,,,,
2025-12-25 13:00:00,0.0,,,,
2025-12-25 14:00:00,0.0,,,,
2025-12-25 15:00:00,0.0,,,,
2025-12-25 21:00:00,1.0,,,,
2025-12-25 22:00:00,1.0,,,,
2025-12-25 23:00:00,1.0,,,,
2025-12-26 09:00:00,1.0,,,,
2025-12-26 10:00:00,1.0,,,,
2025-12-26 11:00:00,1.0,,,,
2025-12-26 13:00:00,1.0,,,,
2025-12-26 14:00:00,0.0,,,,
2025-12-26 15:00:00,0.0,,,,
2025-12-26 21:00:00,-1.0,,,,
,,,0.19140941907003822,0.243601371183406,0.5649892097465556
,,,0.20493677471659047,0.22115474764663,0.5739084776367793
,,,0.1986590102707128,0.26802008813329015,0.5333209015959973
,,,0.18546022018927555,0.24261809932840092,0.5719216804823237
,,,0.182764623615533,0.18431704687320732,0.6329183295112597
,,,0.18977431455108248,0.1680174489373149,0.6422082365116024
,,,0.1757643617118651,0.16256095835503637,0.6616746799330988
,,,0.17723724256641205,0.17315431747272594,0.6496084399608619
,,,0.17631301638132751,0.17346342437504905,0.6502235592436236
,,,0.18719238378566552,0.19886927128138063,0.6139383449329539
,,,0.21178183292002456,0.2027663576559403,0.5854518094240349
,,,0.22144035910122617,0.19523926618602885,0.5833203747127448
,,,0.2159542486570434,0.19290866719759625,0.59113708414536
,,,0.21660615073380332,0.2044325490778139,0.5789613001883825
,,,0.2160145996298256,0.19645458854727552,0.5875308118228986
,,,0.20880001562316952,0.2123221865645824,0.5788777978122477
,,,0.19515943612206427,0.2097349741828113,0.595105589695124
,,,0.18293638776052767,0.2080096681854392,0.6090539440540328
,,,0.18163714321933766,0.20614285393607967,0.6122200028445823
,,,0.17672199013815176,0.2006813283263212,0.6225966815355267
,,,0.1709001693556631,0.18841614942673618,0.6406836812176003
,,,0.1883123429914231,0.1956809184766242,0.6160067385319523
,,,0.19382059777298624,0.1955274050337964,0.6106519971932172
,,,0.19922719292109506,0.2005050015799812,0.6002678054989236
,,,0.2051406916118688,0.2171249222543603,0.5777343861337708
,,,0.18709449033241404,0.2261069102117749,0.5867985994558108
,,,0.19239677575071362,0.24060518289205693,0.5669980413572291
,,,0.18595792334765818,0.24776613849402793,0.5662759381583136
,,,0.1893242512756685,0.2151577943108389,0.5955179544134923
,,,0.21345818920189352,0.21692668334737117,0.5696151274507351
,,,0.2128255536244264,0.2303071909560911,0.5568672554194822
,,,0.22084476067495376,0.22849096269217525,0.5506642766328708
,,,0.21670912028153866,0.22758599776702032,0.5557048819514409
,,,0.21251748182159497,0.24454862951456643,0.5429338886638385
,,,0.20868001758431376,0.25784563881812406,0.5334743435975621
,,,0.18683320296416703,0.26088417892084276,0.55228261811499
,,,0.1705380775948014,0.26717555786732605,0.5622863645378724
,,,0.18330904419126068,0.2526020005373912,0.5640889552713478
,,,0.19591482574871993,0.26718494874718307,0.5369002255040969
,,,0.20743922524245886,0.27816091710465946,0.5143998576528815
,,,0.21758448078900805,0.25469356531746845,0.5277219538935234
,,,0.21608142740214822,0.2312283930482042,0.5526901795496475
,,,0.20631785519577292,0.2365618167385628,0.557120328065664
,,,0.20506724167684637,0.24077937220805365,0.5541533861150997
,,,0.20866468970167362,0.24814508977851155,0.5431902205198146
,,,0.21129190367918185,0.23644243008459614,0.5522656662362218
,,,0.21628897441484263,0.25203006038582915,0.5316809651993281
,,,0.2160191368190001,0.2360977511522318,0.5478831120287679
,,,0.2081134620867544,0.23715959904597586,0.5547269388672693
,,,0.19656586897217054,0.24084584860288602,0.5625882824249433
,,,0.19048209477795744,0.23338563444657268,0.5761322707754697
,,,0.18658007537288854,0.23495000951638972,0.5784699151107217
,,,0.1870082859597542,0.2288048911217288,0.5841868229185168
,,,0.19239907693395275,0.2222163006280001,0.5853846224380469
,,,0.1955683059768744,0.22778112594922523,0.5766505680739001
,,,0.1906970091522289,0.21553922657424326,0.5937637642735276
,,,0.183239550064966,0.2123612997289157,0.6043991502061181
,,,0.18509234779264452,0.21226676112312706,0.6026408910842282
,,,0.1996228639112011,0.21299792192848635,0.5873792141603125
,,,0.20521475419539587,0.23096070044653708,0.563824545358067
,,,0.172584264672194,0.2037410878851037,0.6236746474427024
,,,0.1841746396657525,0.2118734570411813,0.6039519032930664
,,,0.19679340957194882,0.2694917633985987,0.5337148270294526
,,,0.18853525667287424,0.3065551794871645,0.5049095638399613
,,,0.20086391942423593,0.3221117126095453,0.47702436796621894
,,,0.18187256144160302,0.30604733287983643,0.5120801056785607
,,,0.19523329577272316,0.27728959532852654,0.5274771088987503
,,,0.19223262190064117,0.2872208419439973,0.5205465361553615
,,,0.1916533373563803,0.28832623117314526,0.5200204314704743
,,,0.1888386919207118,0.3382769566685473,0.47288435141074087
,,,0.18257354208378784,0.3735707207822985,0.4438557371339138
,,,0.16329446854581117,0.31022577856350364,0.5264797528906853
,,,0.163990622836675,0.2944383239664559,0.5415710531968692
,,,0.13625807738402973,0.3448194954086585,0.5189224272073119
,,,0.14220573399220643,0.4085396754737028,0.44925459053409084
,,,0.1382452262917288,0.4315222237186638,0.43023254998960736
,,,0.15344325701886452,0.3706388790280024,0.475917863953133
,,,0.1545356246537128,0.36285094315531935,0.4826134321909678
,,,0.15011450838750798,0.3657944788428523,0.4840910127696396
,,,0.1457573943994986,0.3541997429622121,0.5000428626382891
,,,0.1599836853352596,0.34080783385518204,0.49920848080955815
,,,0.15079554962289296,0.396720290823215,0.452484159553892
,,,0.14266017693215693,0.42666842854295317,0.4306713945248899
,,,0.1312657708779589,0.43257098494758567,0.43616324417445534
,,,0.12504149937595474,0.4484256138482879,0.4265328867757573
,,,0.12611818535313968,0.43707884821169024,0.43680296643517
,,,0.13328023778936277,0.3958243211445299,0.4708954410661075
,,,0.1385218721329782,0.3988296165060238,0.462648511360998
,,,0.13376666736623802,0.3987197386190386,0.46751359401472337
,,,0.13230392405361066,0.43118063232181214,0.436515443624577
,,,0.13257570781752276,0.44075840525074306,0.4266658869317339
,,,0.14481474340543546,0.4131779121074927,0.4420073444870718
,,,0.15557209933808303,0.34642317137309925,0.4980047292888179
,,,0.15213767930719566,0.3847925230959912,0.4630697975968133
,,,0.16428708211065682,0.35877683164302787,0.4769360862463153
,,,0.18370707863421754,0.34794777567661245,0.46834514568917
,,,0.1662692537223348,0.381334948688838,0.45239579758882725
,,,0.16134826791250287,0.38590658091061464,0.4527451511768826
,,,0.16362061464813063,0.3689325553298636,0.4674468300220058
,,,0.1631411339836544,0.3944291011423858,0.4424297648739599
,,,0.18047823997621848,0.39066637359506523,0.42885538642871646
,,,0.16205640109683825,0.41755261866732246,0.4203909802358394
,,,0.16279573241267425,0.40374644660833575,0.4334578209789901
,,,0.1513508049084131,0.41551171303681755,0.43313748205476943
,,,0.15776323276837495,0.41677086514393946,0.4254659020876855
,,,0.1599837190605891,0.42224254937721506,0.4177737315621958
,,,0.1545475043244584,0.40651325589586806,0.4389392397796737
,,,0.15602541728111297,0.44425294206087756,0.3997216406580096
,,,0.146337146838764,0.4587694255761478,0.39489342758508816
,,,0.13637256334232586,0.4537213229389085,0.40990611371876573
,,,0.1841330674247928,0.29986775513166214,0.515999177443545
,,,0.1893505972597278,0.2842432955788764,0.5264061071613956
,,,0.18657027332321197,0.21701485126075504,0.5964148754160327
,,,0.19079301441619123,0.2399018718404956,0.5693051137433128
,,,0.1771701849608965,0.2925663127928294,0.5302635022462738
,,,0.19857027374974462,0.27835234295850975,0.5230773832917456
,,,0.19091501637830866,0.27160425192294857,0.5374807316987426
,,,0.18531003737345558,0.24093264807073034,0.573757314555814
,,,0.17794485822222392,0.2595053806721334,0.5625497611056428
,,,0.19908866822969248,0.2211177544091346,0.5797935773611728
,,,0.19977466386304507,0.17612513735502866,0.624100198781926
,,,0.17327938630602702,0.1696253568827596,0.6570952568112134
,,,0.19058963748623456,0.1704071618688929,0.6390032006448725
,,,0.18937062125582624,0.18880255863654744,0.6218268201076262
,,,0.2188297747755209,0.20303050199978379,0.5781397232246951
,,,0.22382813267038126,0.18983828534615543,0.586333581983463
,,,0.22864705987327022,0.18061375393102316,0.5907391861957063
,,,0.21586086737115256,0.1927360302854019,0.5914031023434451
,,,0.20371099103684415,0.19664331693306128,0.5996456920300942
,,,0.19140920404769443,0.2167491463885841,0.5918416495637212
,,,0.18785514097426453,0.22018234576080542,0.5919625132649298
,,,0.19453647079004757,0.21416532349272846,0.5912982057172236
,,,0.1961398140323977,0.20786482248336985,0.5959953634842321
,,,0.1911378711412056,0.22092571778089265,0.5879364110779016
,,,0.1861469340383619,0.22946741755751696,0.5843856484041209
,,,0.1823949824279494,0.21253438924108511,0.6050706283309653
,,,0.1861775764345775,0.2653539425521006,0.5484684810133218
,,,0.20024977287048626,0.19573815979212678,0.6040120673373868
,,,0.19759358798968638,0.19131427284696895,0.6110921391633446
,,,0.19440053006209346,0.17652717436083207,0.6290722955770743
,,,0.1971796466850028,0.18186406365845237,0.6209562896565448
,,,0.1786094155461992,0.19554189690127913,0.6258486875525217
,,,0.18731626214417008,0.18809100171029908,0.6245927361455308
,,,0.17696715702440027,0.1813124612417515,0.6417203817338482
,,,0.18255559990176148,0.1712612786161669,0.6461831214820716
,,,0.17396370104889491,0.16906332157324816,0.6569729773778568
,,,0.18422706079861328,0.17408847628934218,0.6416844629120442
,,,0.18502857721469695,0.18279437801073828,0.6321770447745646
,,,0.14085770860333413,0.1668231994917235,0.6923190919049423
,,,0.18299265619229657,0.2564035667210529,0.5606037770866505
,,,0.19071932133174874,0.27075621210632134,0.5385244665619299
,,,0.1970470225292636,0.2639429149143453,0.5390100625563911
,,,0.20695018133229165,0.2292341630891385,0.5638156555785696
,,,0.21475299342925078,0.1981115914321969,0.5871354151385519
,,,0.20580112114746318,0.2682480847064524,0.5259507941460844
,,,0.20656471136161464,0.27901414418264486,0.5144211444557404
,,,0.21209016942552666,0.2500663353556581,0.5378434952188149
,,,0.20815773490620937,0.1997280426758953,0.592114222417895
,,,0.20450535283396715,0.24904131919724612,0.5464533279687867
,,,0.19012371782624832,0.30805529136302956,0.5018209908107223
,,,0.24872836982093144,0.22241004586225033,0.5288615843168184
,,,0.2694129038512806,0.19236697342820716,0.538220122720512
,,,0.26715766329025614,0.21327221640317304,0.5195701203065706
,,,0.2572815136828847,0.2283991022258078,0.5143193840913072
,,,0.24089614630408915,0.21930578962231284,0.5397980640735978
,,,0.23495421919749365,0.20446969761946365,0.5605760831830424
,,,0.23109135984422519,0.20526244498565802,0.5636461951701165
,,,0.22394351820302372,0.17274001767379463,0.6033164641231813
,,,0.21463232206820124,0.1514898598420416,0.6338778180897569
,,,0.16989176015747565,0.16556420839551142,0.6645440314470126
,,,0.1998107955451883,0.16778154070663376,0.6324076637481778
,,,0.19729504129071704,0.1715912596513319,0.6311136990579509
,,,0.1955456090027234,0.17065707919526038,0.6337973118020162
,,,0.19374339838038335,0.17619476820623287,0.6300618334133836
,,,0.18826419823226792,0.1820368434871329,0.629698958280599
,,,0.18160989731264712,0.2000849527278471,0.6183051499595056
,,,0.18798221446462368,0.1986555571250458,0.6133622284103304
,,,0.19590348504953586,0.1952456975831115,0.6088508173673524
,,,0.2020679709412689,0.17766116174471652,0.6202708673140145
,,,0.19088426833438774,0.1782658502443217,0.6308498814212905
,,,0.18416501525306025,0.21488290823419107,0.6009520765127484
,,,0.20540611497308298,0.25269908926076845,0.5418947957661485
,,,0.1998936038583787,0.19702744320199625,0.6030789529396248
,,,0.2036917420593377,0.17975801653213075,0.6165502414085313
,,,0.19952558978261947,0.2662275698124287,0.5342468404049517
,,,0.18362187301329125,0.28967886187616787,0.5266992651105408
,,,0.19750215955670666,0.2911391713733736,0.5113586690699199
,,,0.2058313207411873,0.22973695462755447,0.5644317246312581
,,,0.2266479292040814,0.18066738397555057,0.5926846868203677
,,,0.2153146668947545,0.17822911108505812,0.6064562220201869
,,,0.21424092329694092,0.1863696216348801,0.5993894550681786
,,,0.2065256421033013,0.1947693440841946,0.5987050138125039
,,,0.19827410881089202,0.20134072296249794,0.6003851682266096
,,,0.19977265350220755,0.20747784405640035,0.5927495024413916
,,,0.19983807182385852,0.20295263585852577,0.5972092923176153
,,,0.19688348743898407,0.21661479955104643,0.5865017130099693
,,,0.20232255140880606,0.2278585688267294,0.5698188797644645
,,,0.22032253595519422,0.20820088545421356,0.5714765785905921
,,,0.21564607193148855,0.18754241144671138,0.5968115166217998
,,,0.2077879925864209,0.19668849334336444,0.5955235140702143
,,,0.21025880791774765,0.19336673007084093,0.596374462011411
,,,0.20502861793896318,0.19252883716978517,0.6024425448912513
,,,0.21036664599168492,0.2026995030039327,0.5869338510043821
,,,0.20324703468606536,0.23074322075725628,0.5660097445566782
,,,0.19564209901018678,0.2311367771404142,0.5732211238493988
,,,0.2028414942564367,0.19084545697811145,0.6063130487654516
,,,0.18368597368544853,0.20528247398011423,0.611031552334437
,,,0.1898116233774026,0.20792012457276854,0.6022682520498287
,,,0.19774550306449662,0.20866579406975336,0.5935887028657498
,,,0.2030503453325593,0.1995841987437531,0.5973654559236874
,,,0.19792199776373548,0.2205387104592888,0.5815392917769757
,,,0.2047328034095953,0.2222242485072451,0.5730429480831595
,,,0.20141791580359902,0.22014849659037158,0.5784335876060294
,,,0.18842269196826078,0.21395824386652396,0.5976190641652152
,,,0.17795413543637525,0.20458234541225742,0.6174635191513671
,,,0.1759247267270339,0.19460400006583825,0.6294712732071275
,,,0.16262469744550676,0.16827694763695594,0.6690983549175374
,,,0.196198141420282,0.19671243614127096,0.6070894224384468
,,,0.21230889097134198,0.21169084872881647,0.5760002602998412
,,,0.21144625231570624,0.2098347475826478,0.5787190001016456
,,,0.2078863898152189,0.21985820660421002,0.5722554035805708
,,,0.21039547280258283,0.20900187173529655,0.5806026554621202
,,,0.2005187757188494,0.23060093181162547,0.5688802924695249
,,,0.1960102581442474,0.2313633707253752,0.5726263711303772
,,,0.19959302301167337,0.25209660899992226,0.5483103679884042
,,,0.20156262706155903,0.23630843881256486,0.5621289341258761
,,,0.19866372687287812,0.20464248577400454,0.5966937873531172
,,,0.2073650125415169,0.20503234063168077,0.5876026468268021
,,,0.19773773207777537,0.20751003606043322,0.594752231861791
,,,0.2155970634257972,0.21062203414714936,0.5737809024270533
,,,0.21314410670201242,0.1987583780070034,0.5880975152909839
,,,0.2080398946530494,0.21646157955502784,0.5754985257919225
,,,0.2063309753335013,0.2093757336166195,0.5842932910498789
,,,0.17965045226329054,0.18256652412613295,0.6377830236105764
,,,0.17363095613323132,0.1755694554906274,0.650799588376141
,,,0.16598437430207313,0.17901181553448597,0.6550038101634409
,,,0.18642338094463967,0.246847488684436,0.5667291303709245
,,,0.2145716319049172,0.2663631084025623,0.5190652596925206
,,,0.21782024944966782,0.2754406803629724,0.5067390701873599
,,,0.21771491555283698,0.2850849291467345,0.4972001553004285
,,,0.2186392692382324,0.27076849085933274,0.5105922399024349
,,,0.22111287485405295,0.2587786651808612,0.5201084599650859
,,,0.22222498271923094,0.2605179394365189,0.5172570778442502
,,,0.21435940968971623,0.2935623461696671,0.49207824414061674
,,,0.18503232048104043,0.3799694157277211,0.4349982637912387
,,,0.171155558718016,0.38481546145780043,0.4440289798241836
,,,0.16394715339439145,0.3819610101397628,0.45409183646584567
,,,0.17252950728466665,0.3717310811297709,0.4557394115855626
,,,0.18496495238154964,0.33408676158239886,0.48094828603605144
,,,0.17366873991908577,0.320229974465474,0.5061012856154402
,,,0.17646251120415976,0.3313811019509187,0.4921563868449216
,,,0.1507312420208496,0.4217712971150322,0.42749746086411805
,,,0.14897020916693862,0.4182468468545627,0.4327829439784988
,,,0.1593872734101046,0.37299189293999985,0.4676208336498956
,,,0.1728212200821433,0.2741156376126635,0.5530631423051932
,,,0.18773634893469848,0.21341118570865572,0.5988524653566456
,,,0.18033194354030754,0.26667027093261075,0.5529977855270816
,,,0.1832920055138433,0.29122798888235546,0.5254800056038011
,,,0.1832957060137231,0.29713682195281366,0.5195674720334632
,,,0.18869303384209446,0.2258230678312266,0.5854838983266789
,,,0.18131075484627915,0.16458012999780108,0.6541091151559195
,,,0.1477788615516082,0.14884660590446638,0.7033745325439251
,,,0.14486394989111442,0.18899298759158603,0.6661430625172993
,,,0.18874209950884693,0.27808531196931147,0.5331725885218418
,,,0.17440078197816303,0.35565181940768087,0.4699473986141562
,,,0.17053749697106416,0.35111376344028394,0.47834873958865193
,,,0.16427945704661354,0.37080696634522975,0.4649135766081568
,,,0.1709458627195099,0.3613118381896419,0.4677422990908482
,,,0.15953320093939916,0.4027675229767451,0.4376992760838558
,,,0.15816537570061193,0.391752526186912,0.4500820981124761
,,,0.1562186803073148,0.4150150104386566,0.42876630925402864
,,,0.1655491867098542,0.3938442446004673,0.4406065686896786
,,,0.1455088321816892,0.32080837315506927,0.5336827946632415
,,,0.1623723854283066,0.2511702517091843,0.586457362862509
,,,0.20172471090331925,0.20261193054963186,0.5956633585470485
,,,0.21279594734190568,0.19150269745044174,0.5957013552076523
,,,0.20564017487955738,0.1818811993652415,0.6124786257552006
,,,0.2094395958602349,0.17945037421506185,0.6111100299247029
,,,0.2011679676604298,0.17702815340939235,0.6218038789301774
,,,0.20072946163419597,0.20410147854021854,0.5951690598255851
,,,0.2037545443060692,0.19789348021992134,0.5983519754740089
,,,0.1885979417384427,0.2078067037254432,0.6035953545361137
,,,0.1902096036323595,0.23490981428799132,0.5748805820796489
,,,0.17177311719377378,0.21977000752526077,0.6084568752809654
,,,0.17816837958867476,0.21387372386516648,0.6079578965461585
,,,0.17913849593463194,0.2213229492335042,0.5995385548318636
,,,0.2046231097431052,0.18791664432536578,0.6074602459315289
,,,0.19983888064043875,0.1931882474068156,0.6069728719527455
,,,0.20855123205375023,0.18495588170659463,0.6064928862396549
,,,0.220831411564098,0.18406330074541294,0.5951052876904889
,,,0.22216596099080455,0.17592436809826595,0.6019096709109293
,,,0.21910583872016037,0.19282898492038408,0.5880651763594554
,,,0.22345249220657068,0.22135554804200044,0.5551919597514287
,,,0.21920615414591166,0.22334867667789418,0.5574451691761939
,,,0.2194618375272454,0.21799910417974475,0.5625390582930097
,,,0.18707161069780912,0.23954041675718968,0.573387972545001
,,,0.2156827938512502,0.20183214893680354,0.5824850572119459
,,,0.1745872957187439,0.29069271703084804,0.5347199872504081
,,,0.16347421031761,0.3047675899064916,0.531758199775898
,,,0.16115935415949895,0.35968247922976704,0.4791581666107341
,,,0.17263001252586424,0.3222842864194546,0.5050857010546811
,,,0.17412865950417225,0.3331664375150861,0.4927049029807416
,,,0.16613032505323694,0.31242076519316414,0.521448909753599
,,,0.16894933445091706,0.3364683421877549,0.4945823233613282
,,,0.17852702894796368,0.2907668625544031,0.5307061084976332
,,,0.19689027238842116,0.18907188344883075,0.6140378441627479
,,,0.19830114295905577,0.1878050243331912,0.6138938327077529
,,,0.19970699910728346,0.19129074520937123,0.6090022556833451
,,,0.19429089737457136,0.21705042350928302,0.5886586791161456
,,,0.18060651669000033,0.23866492207227746,0.5807285612377221
,,,0.19743465306972025,0.24601273612313915,0.5565526108071407
,,,0.19551003821285445,0.22877574214695695,0.5757142196401884
,,,0.19631145855434048,0.21803211706034312,0.5856564243853163
,,,0.17955183713309783,0.2073274703209105,0.6131206925459916
,,,0.17932111488277674,0.20882460266728128,0.611854282449942
,,,0.19005321971631217,0.21283555154981681,0.597111228733871
,,,0.19250610212117722,0.2122977524982737,0.5951961453805491
,,,0.20755070394817593,0.20722313229974174,0.5852261637520823
,,,0.21898352924368525,0.2026865439547535,0.5783299268015611
,,,0.20757919034199435,0.24862302170693984,0.5437977879510658
,,,0.19704410567742664,0.24371063341977275,0.5592452609028007
,,,0.21039477529253656,0.20096099015455343,0.5886442345529097
,,,0.1955961253012025,0.25835285106810973,0.5460510236306878
,,,0.1750060329940992,0.25586062158030676,0.5691333454255942
,,,0.17318908187221196,0.21781906914093557,0.6089918489868524
,,,0.16743219672339343,0.22351874369620997,0.6090490595803967
,,,0.19401456868592168,0.17223865421894063,0.6337467770951377
,,,0.19173024927272994,0.1664764053984868,0.6417933453287833
,,,0.1943004936967394,0.17771598865157734,0.6279835176516831
,,,0.20806842026959985,0.19373054803121675,0.5982010316991834
,,,0.20781151057833427,0.2046000291191991,0.5875884603024664
,,,0.2217326602187727,0.2002910387147995,0.5779763010664276
,,,0.2246178445803464,0.19581822502424195,0.5795639303954114
,,,0.22384503874543427,0.19612302975745696,0.5800319314971085
,,,0.21565839280403,0.20219498156459653,0.5821466256313732
,,,0.2044231144310065,0.2212519237163403,0.574324961852653
,,,0.20039959450485345,0.22283705048551508,0.5767633550096314
,,,0.2022499717176132,0.22358302712688455,0.5741670011555021
,,,0.21326421634630893,0.20456848406801645,0.5821672995856744
,,,0.20741693173223374,0.20222629090393293,0.590356777363833
,,,0.20868690142236637,0.21011914753455474,0.5811939510430787
,,,0.20562878151320332,0.2016222704332252,0.5927489480535713
,,,0.19902435576353505,0.20942009731287933,0.5915555469235855
,,,0.19798704264793116,0.21191847738384367,0.5900944799682251
,,,0.19792663577268818,0.20180398558882837,0.6002693786384833
,,,0.2023935478840514,0.19796045022066494,0.5996460018952833
,,,0.17557124651854347,0.20829234896404233,0.6161364045174141
,,,0.16489089655412456,0.2245085252194448,0.6106005782264305
,,,0.1568617826746586,0.22946937596298342,0.6136688413623579
,,,0.19136503634130642,0.22577845200060118,0.5828565116580924
,,,0.1733304971506552,0.2517521057555108,0.5749173970938342
,,,0.20877621020103854,0.2608086794937892,0.5304151103051722
,,,0.20352003522163106,0.25232313845745585,0.5441568263209131
,,,0.21821489209817282,0.20677266916259204,0.575012438739235
,,,0.21122996344890452,0.20396121847290302,0.5848088180781924
,,,0.20842648351916526,0.2045247279217219,0.5870487885591128
,,,0.19908030560990908,0.20973153691698002,0.5911881574731109
,,,0.1897830415206353,0.20843355839035907,0.6017834000890054
,,,0.2062960528828328,0.19837075949811545,0.5953331876190515
,,,0.20487767415712718,0.1992563661571334,0.5958659596857392
,,,0.1868039911265864,0.1772236510157815,0.635972357857632
,,,0.1772008148337736,0.17712539069886762,0.6456737944673588
,,,0.20882522986819174,0.1954664510385259,0.5957083190932823
,,,0.2122405747734335,0.19838068731236289,0.5893787379142034
,,,0.21636224707075832,0.20333074479181712,0.5803070081374243
,,,0.21215935430242325,0.19543824787022462,0.5924023978273518
,,,0.21005214577968637,0.2022689242912347,0.5876789299290786
,,,0.1923096843791716,0.21890609194047247,0.5887842236803557
,,,0.20508689410352088,0.19999947962003428,0.5949136262764445
,,,0.20741631934644622,0.19844864268061918,0.5941350379729342
,,,0.20232172920685979,0.2088602315135345,0.5888180392796055
,,,0.19455017079477815,0.20195944730389376,0.6034903819013276
,,,0.18973813184641947,0.21814556795348355,0.5921163002000965
,,,0.1975505509954033,0.23829472101339963,0.5641547279911969
,,,0.20162998702879253,0.21486976540890645,0.583500247562301
,,,0.19884039527050879,0.23347848145457573,0.5676811232749155
,,,0.20427058891420546,0.20686962273244766,0.5888597883533467
,,,0.17814288026194952,0.2128916709294297,0.6089654488086205
,,,0.17730346158949012,0.2056911692733948,0.6170053691371148
,,,0.181546126295599,0.2006365162103274,0.6178173574940733
,,,0.1930993097582791,0.18795865868333134,0.6189420315583893
,,,0.17804029669704044,0.19501674439226244,0.6269429589106968
,,,0.1775617266674234,0.19195403450632612,0.6304842388262503
,,,0.1857285867743237,0.20090623010572997,0.613365183119946
,,,0.18364954138644182,0.19341822736613165,0.6229322312474264
,,,0.14396717880997428,0.1882694409003505,0.6677633802896752
,,,0.148468590117863,0.16479776293010429,0.6867336469520324
,,,0.13485411445772633,0.17786199638586328,0.6872838891564104
,,,0.1623112532231196,0.21171741537535446,0.6259713314015263
,,,0.17247780890201006,0.22456271941788586,0.6029594716801046
,,,0.17077465240423287,0.2126549932980218,0.6165703542977456
,,,0.21757580815846161,0.2660016335691078,0.5164225582724307
,,,0.2164501611773242,0.2676144984733532,0.5159353403493224
,,,0.20525066040298448,0.2693053318354661,0.5254440077615492
,,,0.19799297892023837,0.33164812966140383,0.47035889141835796
,,,0.18309834758011634,0.3745744915209302,0.44232716089895363
,,,0.18632124494700505,0.381109276895165,0.4325694781578301
,,,0.18223773189723882,0.3641151931530073,0.453647074949754
,,,0.17064474315363515,0.3957870843639509,0.4335681724824139
,,,0.14801795084256303,0.42113144262404456,0.4308506065333924
,,,0.14187937495317393,0.43040931217412265,0.4277113128727035
,,,0.13520542574112102,0.44275791880302634,0.4220366554558528
,,,0.152177222529528,0.3999335397174668,0.44788923775300526
,,,0.1342095108141245,0.4356820732179046,0.43010841596797095
,,,0.13259410587103607,0.4337835127632708,0.4336223813656931
,,,0.1342647266856759,0.43130675855438744,0.4344285147599365
,,,0.13548930040957596,0.43142985454343263,0.4330808450469913
,,,0.13215298982838344,0.4179695501968703,0.4498774599747462
,,,0.12670184614091112,0.4680899538775766,0.40520819998151225
,,,0.1497971051300295,0.38249675704866976,0.46770613782130055
,,,0.16837409827885225,0.2934683257344212,0.5381575759867264
,,,0.16872098861968457,0.22371278917566303,0.6075662222046523
,,,0.1987226141052682,0.1746306756439815,0.62664671025075
,,,0.1929837308805807,0.15926840811304172,0.6477478610063776
,,,0.1825399819553134,0.17269870779646432,0.6447613102482219
,,,0.19076419659090324,0.1895457323381964,0.6196900710709
,,,0.18117427450345464,0.19542988352264484,0.6233958419739002
,,,0.1871007142967704,0.22207752653348906,0.5908217591697401
,,,0.19125298741386454,0.22100106254788465,0.5877459500382506
,,,0.19514338217132704,0.21039104648436027,0.5944655713443125
,,,0.19808641694419646,0.21206723683551323,0.5898463462202901
,,,0.18328336483565225,0.1913974872483568,0.6253191479159907
,,,0.1727430032107655,0.1821486050832813,0.6451083917059529
,,,0.17829967079504805,0.18419973588515906,0.6375005933197927
,,,0.18806736846315078,0.1799730249703121,0.6319596065665369
,,,0.19098023129365324,0.17894326222527035,0.6300765064810762
,,,0.19186717466304246,0.1905383513428923,0.6175944739940652
,,,0.19915748295315347,0.18859389322829273,0.6122486238185537
,,,0.2088602061684653,0.20487169860462678,0.5862680952269077
,,,0.20103835046672683,0.21047099800333657,0.5884906515299363
,,,0.20646838199420486,0.2007923521499969,0.5927392658557978
,,,0.18772271206393973,0.20372499563090607,0.608552292305154
,,,0.18444766464732473,0.22619127468503933,0.5893610606676358
,,,0.19019887446363437,0.20818503915209097,0.6016160863842746
,,,0.18990051780143186,0.200401667982156,0.6096978142164119
,,,0.18116098534759942,0.2094106785629381,0.6094283360894622
,,,0.1898715250456103,0.19894327003734943,0.6111852049170401
,,,0.18218926722506212,0.1963943976725237,0.621416335102414
,,,0.18215677178221445,0.21547597945021585,0.6023672487675694
,,,0.1833678944517018,0.22650064511964743,0.5901314604286504
,,,0.17765002103061675,0.1980505932328363,0.6242993857365466
,,,0.1823397973181071,0.2147428111759617,0.6029173915059312
,,,0.17692749760038395,0.21590411572296195,0.607168386676654
,,,0.1809457763880185,0.20908686484309025,0.6099673587688911
,,,0.1668935250496504,0.18301096013104992,0.6500955148192996
,,,0.18110510322020615,0.16627052702545256,0.6526243697543411
,,,0.16803545447014293,0.1860509649259546,0.6459135806039024
,,,0.1679733915162258,0.18572103804711723,0.646305570436657
,,,0.16780353664602093,0.2166020363929964,0.6155944269609829
,,,0.14843216508905946,0.18486709355224307,0.6667007413586975
,,,0.1414755315618585,0.18143047864502548,0.677093989793116
,,,0.14478921878240494,0.1978532024036182,0.657357578813977
,,,0.1434413205186891,0.1927912701970671,0.6637674092842439
,,,0.1533888288679218,0.16408101088235838,0.6825301602497198
,,,0.1506611436600306,0.18751500825842524,0.6618238480815442
,,,0.17668106090720417,0.2331356629196564,0.5901832761731396
,,,0.2151598469167224,0.27727156215591864,0.5075685909273591
,,,0.20236129720521184,0.3081573668334166,0.48948133596137167
,,,0.19158726318324046,0.35402269110033713,0.45439004571642244
,,,0.1797330823561888,0.36626021055517877,0.4540067070886325
,,,0.17868115742295124,0.3690914187612491,0.4522274238157996
,,,0.19643528071558694,0.34869346053882355,0.45487125874558954
,,,0.18008764070356634,0.381607309555266,0.43830504974116763
,,,0.17629959654932845,0.3714402620921764,0.45226014135849524
,,,0.17849261540004574,0.365684671541509,0.45582271305844524
,,,0.16415191711615967,0.2488478565810641,0.5870002263027762
,,,0.18603663614287871,0.2287772746609802,0.5851860891961412
,,,0.20988398890338725,0.20576144422399115,0.5843545668726214
,,,0.20651609193509704,0.18708601273968634,0.6063978953252164
,,,0.19276907396552848,0.2706051101577879,0.5366258158766835
,,,0.19734168943225205,0.2740211720142742,0.5286371385534736
,,,0.1897702574010008,0.2405152084162507,0.5697145341827483
,,,0.19942890831436536,0.2600266482826532,0.5405444434029814
,,,0.1937262405109267,0.2175622767194298,0.5887114827696434
,,,0.15539352083312152,0.20556093271621834,0.6390455464506604
,,,0.1598867985275401,0.21240709947285252,0.6277061019996075
,,,0.14495185491053447,0.1786030048561714,0.6764451402332942
,,,0.14359222319235304,0.15849358683602519,0.6979141899716217
,,,0.14959711719930727,0.1675856633922975,0.6828172194083951
,,,0.14719510393130142,0.17666202343680062,0.6761428726318978
,,,0.14287251571745332,0.16348806971015642,0.6936394145723902
,,,0.14219611659250186,0.19230079875933115,0.665503084648167
,,,0.1466504258946816,0.1833577704383768,0.6699918036669414
,,,0.13775773893253598,0.1697663352940718,0.692475925773392
,,,0.15094847336233005,0.1805168305364279,0.6685346961012419
,,,0.14814440528453454,0.1690945005059364,0.6827610942095289
,,,0.15129354854486177,0.17276166813656213,0.6759447833185759
,,,0.15424326252030046,0.1613834359130449,0.6843733015666547
,,,0.1515770696924225,0.1809744155027821,0.6674485148047954
,,,0.1390044796791206,0.16776435092378267,0.6932311693970967
,,,0.15249678641666461,0.17209050733794817,0.6754127062453873
,,,0.15062955092620445,0.16031488457849907,0.6890555644952964
,,,0.15708724023350523,0.17106790722210052,0.6718448525443942
,,,0.15092278945626084,0.17350718751899494,0.6755700230247444
,,,0.1465551832805263,0.16293197092244407,0.6905128457970295
,,,0.13942456974542117,0.17484063551068904,0.6857347947438899
,,,0.13597275004337236,0.17484561985334526,0.6891816301032823
,,,0.13799734965953822,0.18696071473048573,0.6750419356099759
,,,0.1341565055564195,0.17428715417385665,0.6915563402697238
,,,0.14037551554955988,0.16985087666780085,0.6897736077826393
,,,0.14369328902062706,0.16352583374983967,0.6927808772295332
,,,0.14559413047884515,0.17744801395687543,0.6769578555642793
,,,0.16561029221757398,0.19403261363807164,0.6403570941443542
,,,0.2035353623122895,0.20766496994707884,0.5887996677406313
,,,0.20889091750347252,0.2055898607900032,0.5855192217065239
,,,0.2053297765719029,0.21029578071960334,0.5843744427084934
,,,0.20513475888740543,0.21571444982411075,0.5791507912884836
,,,0.19447838356225533,0.24861873500586296,0.5569028814318815
,,,0.20492959920056664,0.2364568987122137,0.5586135020872194
,,,0.18896465574661764,0.21157464195228878,0.5994607023010933
,,,0.1705832420930459,0.21385416788468706,0.6155625900222668
,,,0.17293334731566395,0.20584878328035836,0.6212178694039772
,,,0.18972361477982375,0.20214253402269328,0.6081338511974829
,,,0.1890760110258399,0.20863167352438566,0.6022923154497744
,,,0.1883013708691854,0.19629560400946125,0.6154030251213531
,,,0.19621057685351243,0.24541177496605723,0.55837764818043
,,,0.2091773352132244,0.21198881561851238,0.578833849168263
,,,0.21324264240226262,0.24974354717446037,0.5370138104232769
,,,0.1972202264191088,0.24618253964104891,0.5565972339398422
,,,0.186890032103731,0.24499881669621318,0.5681111512000558
,,,0.2000670047909421,0.24630354872879745,0.5536294464802605
,,,0.18386588313922225,0.21073667988884315,0.6053974369719346
,,,0.18846160183387375,0.21849078318233683,0.5930476149837896
,,,0.18420971525621488,0.21851792092824085,0.5972723638155444
,,,0.1834525789574878,0.20751209984990335,0.6090353211926087
,,,0.17917500484532312,0.1843149672847341,0.6365100278699426
,,,0.17250686339882892,0.20028939878530977,0.6272037378158611
,,,0.16015804805076223,0.17942371370125418,0.6604182382479835
,,,0.15463324443658963,0.17880143868003576,0.6665653168833746
,,,0.1613210769693102,0.22185244503512647,0.6168264779955636
,,,0.19288757879367707,0.19959640516956295,0.6075160160367601
,,,0.21959187424385576,0.19645741434153988,0.5839507114146041
,,,0.2215188088138951,0.19982685161779837,0.5786543395683064
,,,0.21492681560940782,0.20233191657007382,0.5827412678205183
,,,0.1957661864083486,0.2237533975129717,0.5804804160786795
,,,0.2238211733589427,0.25431331713275784,0.5218655095082994
,,,0.2420518379597392,0.2637354994655637,0.49421266257469687
,,,0.2131209233142339,0.26162401084085124,0.5252550658449145
,,,0.17644019162794597,0.20917945343500705,0.6143803549370466
,,,0.13850849845431246,0.1961577712913822,0.6653337302543051
,,,0.13910521473677753,0.17934593686283837,0.6815488484003837
,,,0.14464491300105606,0.18888120999507488,0.6664738770038686
,,,0.1706266121436233,0.23087930171622115,0.5984940861401551
,,,0.15865460878799553,0.22008468685125243,0.6212607043607515
,,,0.17512961615507494,0.1851696143774769,0.6397007694674481
,,,0.1466098225125626,0.14790805540503987,0.7054821220823975
,,,0.12465397626907078,0.11637719004421827,0.758968833686711
,,,0.10788171811794253,0.10832525802919882,0.7837930238528587
,,,0.11452558108330672,0.12837468792295442,0.757099730993739
,,,0.13960431167868614,0.16644190724856953,0.693953781072744
,,,0.1531395767894063,0.16059627097178275,0.6862641522388107
,,,0.1511698351919893,0.1651354466515802,0.6836947181564301
,,,0.1406306744979558,0.15151938151552996,0.7078499439865138
,,,0.10043834259586629,0.1049216928662787,0.794639964537855
,,,0.12396246294067997,0.1066810331942767,0.7693565038650434
,,,0.12865751395433583,0.12559264952359142,0.7457498365220726
,,,0.1584275265640497,0.16205233823675802,0.6795201351991917
,,,0.15247233092637547,0.1809799589480368,0.6665477101255874
,,,0.15929850793071176,0.14938716623264606,0.6913143258366417
,,,0.14723796486409765,0.150665427248901,0.7020966078870012
,,,0.15472713756538745,0.18906192295597812,0.6562109394786343
,,,0.17762036042723753,0.18372229952282923,0.6386573400499328
,,,0.18257675187009287,0.23729776377073616,0.5801254843591708
,,,0.20721714295480548,0.27291077028208927,0.5198720867631051
,,,0.214565020535089,0.2886030882455235,0.49683189121938753
,,,0.2134700469914241,0.262397902333536,0.5241320506750398
,,,0.23037298478623125,0.24005401645159824,0.5295729987621702
,,,0.20092574395886018,0.1871359994081764,0.6119382566329633
,,,0.20583841648588452,0.172506188157249,0.6216553953568663
,,,0.20540458526250063,0.1842820184235078,0.6103133963139914
,,,0.2015354354279812,0.19390012772608556,0.604564436845933
,,,0.1977862500052955,0.17474964375259275,0.6274641062421114
,,,0.19309516747050387,0.16222701989754007,0.6446778126319558
,,,0.1981644621535914,0.20555947315479553,0.5962760646916128
,,,0.198806043838571,0.2043690962566049,0.5968248599048239
,,,0.18973539249116758,0.2267588553190949,0.5835057521897373
,,,0.18299324245755547,0.22203198814830574,0.5949747693941386
,,,0.19765631470427103,0.2144411429381163,0.5879025423576124
,,,0.20612121343147294,0.2021269491343474,0.5917518374341794
,,,0.1909768080124499,0.24276817651396204,0.5662550154735877
,,,0.20548306408560882,0.23562182412262445,0.5588951117917668
,,,0.19899663469666087,0.2134453601919071,0.587558005111432
,,,0.19332859306572212,0.2144099802244911,0.5922614267097868
,,,0.17431351638521217,0.19829426200793285,0.627392221606855
,,,0.1968229468747866,0.19208057059593725,0.6110964825292762
,,,0.1808496839678859,0.19431754381723032,0.6248327722148838
,,,0.1797127045263295,0.2100568902094594,0.6102304052642114
,,,0.1715233208280152,0.2341362603727969,0.594340418799188
,,,0.18720223900467392,0.23438545701562916,0.578412303979697
,,,0.1864525804865205,0.22291752310493979,0.5906298964085398
,,,0.18557798121391675,0.20207331652135824,0.6123487022647252
,,,0.1879898025129078,0.19274449525287374,0.6192657022342183
,,,0.15698371265100305,0.1742798243713624,0.6687364629776346
,,,0.16345323207375642,0.18794330350079932,0.6486034644254441
,,,0.15210811336265595,0.20583370724199887,0.6420581793953452
,,,0.16071388274561113,0.21219240976304554,0.6270937074913432
,,,0.15960106077114525,0.21579075960685518,0.6246081796219994
,,,0.14664010778864553,0.20538845050958787,0.6479714417017665
,,,0.17158918930612935,0.2249709918503964,0.6034398188434742
,,,0.21193748322731754,0.2310978231293578,0.5569646936433245
,,,0.21177565855506025,0.2285785559136711,0.5596457855312683
,,,0.21242138259257085,0.2296287878446235,0.5579498295628054
,,,0.21551506128736103,0.22374208992842956,0.5607428487842091
,,,0.20472903296925568,0.2602078316436053,0.5350631353871388
,,,0.20251332097395428,0.25795494613979825,0.5395317328862472
,,,0.2005728023822259,0.24859305911640703,0.5508341385013668
,,,0.19896972132020324,0.24235572537481884,0.5586745533049776
,,,0.17527490388062328,0.22412287014204174,0.6006022259773347
,,,0.17787941120444675,0.20565197971707852,0.6164686090784744
,,,0.17086964501755805,0.21073259807953246,0.6183977569029092
,,,0.17774705447292447,0.1986164695173263,0.623636476009749
,,,0.20216405929003364,0.20554673105424348,0.5922892096557227
,,,0.19676340737652404,0.20857629040463113,0.5946603022188447
,,,0.19712371946474597,0.22451482623485408,0.5783614543003998
,,,0.20430664627543105,0.22480736287743966,0.5708859908471291
,,,0.2116135051284792,0.2301716908103476,0.5582148040611732
,,,0.21784265422891722,0.21240670937073733,0.5697506364003451
,,,0.20197214136986474,0.2219792625716096,0.5760485960585254
,,,0.20822596058393578,0.22181266438901237,0.5699613750270518
,,,0.2049536952003864,0.21584902701253936,0.5791972777870741
,,,0.19068898712112203,0.204153182382555,0.6051578304963228
,,,0.19634015172152547,0.22679843133898964,0.5768614169394847
,,,0.18572902313847373,0.21655072884202806,0.5977202480194981
,,,0.17806876204314817,0.21265722790267202,0.6092740100541796
,,,0.17623021704101852,0.20237952490392694,0.6213902580550543
,,,0.202451607260299,0.254285418813116,0.5432629739265848
,,,0.2081671914679651,0.258919752696641,0.5329130558353938
,,,0.20782677337392536,0.2669469144161841,0.5252263122098906
,,,0.21229906306044796,0.2720667752589637,0.5156341616805883
,,,0.21441154010056274,0.2750707784022252,0.5105176814972121
,,,0.20617290553221232,0.2872150227259852,0.5066120717418026
,,,0.208983904319294,0.2622910148957491,0.5287250807849571
,,,0.21000387846885843,0.2588394504088751,0.5311566711222665
,,,0.19277974302238857,0.21394286290900016,0.5932773940686112
,,,0.1800134964076337,0.2120902134363259,0.6078962901560403
,,,0.18808454158034937,0.2040441504838475,0.607871307935803
,,,0.19014986550629615,0.2152911734730563,0.5945589610206475
,,,0.19596456704568146,0.22431185545951315,0.5797235774948052
,,,0.20902858758450218,0.22513053857046142,0.5658408738450361
,,,0.20462552567790632,0.22505633614239012,0.5703181381797032
,,,0.20525618166889578,0.2103911060046846,0.5843527123264192
,,,0.20416544022962277,0.20769325816276296,0.5881413016076138
,,,0.20045211868081464,0.21528218441049746,0.5842656969086875
,,,0.1990506141041614,0.2773546164989193,0.5235947693969194
,,,0.2039271393804599,0.24591890582759907,0.5501539547919408
,,,0.20490890239761764,0.2711300940834009,0.5239610035189814
,,,0.1994274751793044,0.3255535012085594,0.4750190236121362
,,,0.17518649123557078,0.33439257433338954,0.4904209344310397
,,,0.18013764583298683,0.3345334287866218,0.4853289253803914
,,,0.17395260551420294,0.3317613747635287,0.49428601972226827
,,,0.17458075950600652,0.3178237911488802,0.5075954493451134
,,,0.1910970345465288,0.2833394641664164,0.5255635012870545
,,,0.19305420369286655,0.3076930739064102,0.49925272240072327
,,,0.19573184180918193,0.22033533754597076,0.5839328206448472
,,,0.1991826750425919,0.19665083420652846,0.6041664907508794
,,,0.1844701804528288,0.1865999386488827,0.6289298808982882
,,,0.1842782272994946,0.19014498067755958,0.6255767920229455
,,,0.18277882891458752,0.19488086911120273,0.6223403019742093
,,,0.1951205213531513,0.22007208789384175,0.5848073907530068
,,,0.18769679539331208,0.2435708377390551,0.5687323668676326
,,,0.19313965140690537,0.2469524932737567,0.5599078553193376
,,,0.18151786520212243,0.20615101255676901,0.6123311222411084
,,,0.19911426675677518,0.22868413085301106,0.5722016023902136
,,,0.2087697895685243,0.23916414231277242,0.5520660681187031
,,,0.21874150906690082,0.18937459792656275,0.5918838930065361
,,,0.21547311737341499,0.17578305113057802,0.6087438314960067
,,,0.2018911683495231,0.1868907838096587,0.611218047840818
,,,0.20530667688022886,0.28181799661515095,0.5128753265046203
,,,0.18151089855632654,0.3178889751413474,0.5006001263023261
,,,0.17851187098226098,0.3258517723043149,0.49563635671342415
,,,0.18273315129565273,0.2995466808759095,0.5177201678284378
,,,0.19886016593799893,0.24296252256878428,0.5581773114932166
,,,0.1929953073020587,0.22256405963631276,0.5844406330616282
,,,0.18649927166536714,0.2036696168724896,0.6098311114621429
,,,0.18301004942839388,0.18519465299107576,0.6317952975805301
,,,0.18050357615393356,0.17391012467349298,0.6455862991725729
,,,0.19120194780161534,0.16481651144950576,0.6439815407488786
,,,0.19388012629176715,0.17538543717544205,0.6307344365327906
,,,0.19903665717228286,0.19412582962212363,0.6068375132055932
,,,0.2014528480445368,0.17733674381946632,0.6212104081359967
,,,0.20623922860819724,0.1852590420305642,0.6085017293612384
,,,0.20308992765945832,0.18357615531694868,0.6133339170235927
,,,0.1953737078660469,0.17553046953660764,0.6290958225973451
,,,0.20382575730174768,0.18462364648982116,0.6115505962084309
,,,0.20610799164094828,0.20024462066844445,0.5936473876906069
,,,0.19978505281413736,0.20876019916561744,0.5914547480202448
,,,0.192244645357191,0.20797475790938333,0.5997805967334253
,,,0.19147523275622003,0.22463247227138403,0.5838922949723958
,,,0.1896873231318114,0.21433209136567621,0.5959805855025122
,,,0.20147482318066248,0.2074698585429357,0.5910553182764016
,,,0.19469324119621528,0.21485274096314275,0.5904540178406417
,,,0.19198915822251497,0.2230026542911036,0.5850081874863812
,,,0.18815167948303535,0.20454452503494863,0.6073037954820159
,,,0.18718207548811713,0.22023164180408678,0.592586282707796
,,,0.18744025435817357,0.22485401155685278,0.5877057340849737
,,,0.18878969882760507,0.18121117584935564,0.6299991253230391
,,,0.18772429145274735,0.1751791940602746,0.6370965144869778
,,,0.1657042220620948,0.15710999303910672,0.6771857848987983
,,,0.1691308265200585,0.15946176154974576,0.6714074119301956
,,,0.15526844171025952,0.1635554054129939,0.6811761528767465
,,,0.17358475003203594,0.2515015172834321,0.5749137326845319
,,,0.1938418762786474,0.2755988206295524,0.5305593030918
,,,0.19795088602118288,0.2845017457822768,0.5175473681965402
,,,0.2160011523609712,0.2955159406612214,0.48848290697780733
,,,0.2088089065324214,0.18412801415442837,0.6070630793131501
,,,0.20497108276819292,0.18379363080122665,0.6112352864305801
,,,0.2076483774053464,0.1830237528623725,0.6093278697322808
,,,0.1998774573047985,0.18299694516791593,0.6171255975272851
,,,0.19568420817195623,0.19593911675392167,0.6083766750741217
,,,0.20523971259633392,0.1927956245588784,0.6019646628447872
,,,0.2046384211236439,0.18280483100947972,0.612556747866876
,,,0.18525779188918254,0.17588833195786135,0.6388538761529557
,,,0.16287980261784163,0.18528729471424765,0.6518329026679105
,,,0.17218175399306884,0.1751272374726337,0.6526910085342972
,,,0.17454589017242106,0.1804491140894931,0.6450049957380856
,,,0.2012719172239615,0.1920100479336363,0.6067180348424018
,,,0.20416814103528882,0.19538107329023416,0.6004507856744766
,,,0.2043927950111189,0.1920880663076388,0.603519138681242
,,,0.21716472312636032,0.19731309394901753,0.5855221829246218
,,,0.22123814052159518,0.19063045185554686,0.5881314076228576
,,,0.2087367668489865,0.20240995912579363,0.5888532740252194
,,,0.208991382910011,0.19254356939071463,0.598465047699274
,,,0.21003938450756746,0.202020670575953,0.5879399449164792
,,,0.21298160935899976,0.1989880527006921,0.5880303379403078
,,,0.20994664269220706,0.19883726671296867,0.591216090594824
,,,0.21902720017472468,0.20064088861285612,0.5803319112124189
,,,0.21695533627314276,0.22180571896534812,0.5612389447615088
,,,0.20793161765930285,0.20164703929060654,0.5904213430500903
,,,0.2075959449441476,0.20194074416811272,0.5904633108877393
,,,0.19516192368428434,0.24247769810082576,0.5623603782148896
,,,0.19179891772504676,0.21863578453805915,0.5895652977368937
,,,0.19251471191315922,0.22217978604461613,0.5853055020422243
,,,0.1944684566807587,0.23713042406818283,0.5684011192510583
,,,0.185744402249901,0.29751865406895317,0.5167369436811459
,,,0.18831975045703772,0.32660667613958494,0.4850735734033773
,,,0.17543569743143908,0.3431911227241492,0.4813731798444118
,,,0.1619257936492075,0.35450779930703197,0.48356640704376047
,,,0.15757419637032424,0.29419548036921256,0.5482303232604628
,,,0.15540500992172235,0.2895312868747707,0.5550637032035067
,,,0.15696611376822733,0.2841454909611327,0.5588883952706397
,,,0.15995424206366604,0.25415099595980406,0.5858947619765297
,,,0.1596993908149636,0.2825495036102741,0.5577511055747623
,,,0.1461684427265363,0.18081594867552134,0.6730156085979421
,,,0.14561310689254361,0.1821467409155172,0.6722401521919389
,,,0.1488669433520081,0.19642323932562067,0.6547098173223709
,,,0.1469571791432978,0.21370744100708522,0.6393353798496167
,,,0.1347837240124374,0.32927718502900594,0.5359390909585565
,,,0.14283335428554692,0.31503587544616884,0.5421307702682842
,,,0.14782110835098464,0.3701877539897446,0.4819911376592708
,,,0.15160662985967055,0.37332722385345235,0.47506614628687716
,,,0.1712649245457484,0.353308090432014,0.4754269850222375
,,,0.17389087578246099,0.35463435720400033,0.47147476701353846
,,,0.17250735027382386,0.322993752002698,0.5044988977234781
,,,0.16748005714402983,0.3731892028327777,0.4593307400231925
,,,0.17071432932810546,0.34486435961596873,0.4844213110559258
,,,0.16582439838643842,0.32603911648975964,0.5081364851238019
,,,0.16291269503874337,0.36208890310429065,0.4749984018569662
,,,0.15921406826991746,0.30369241118837775,0.5370935205417048
,,,0.15731529705187983,0.2524777472796869,0.5902069556684332
,,,0.16192272429413102,0.24785033422097036,0.5902269414848985
,,,0.15253159998801005,0.25635997293863666,0.5911084270733532
,,,0.1550481179616812,0.28551811778172853,0.5594337642565903
,,,0.150878760429321,0.32333822981165683,0.5257830097590224
,,,0.18314974986908691,0.23364651726767668,0.5832037328632363
,,,0.1901194075855114,0.1810392998380475,0.6288412925764408
,,,0.16796792887095743,0.1690315581044975,0.6630005130245449
,,,0.16459837845888742,0.1562298541325925,0.6791717674085198
,,,0.17425993051106306,0.1510998190692171,0.6746402504197198
,,,0.17176910679329593,0.1617781557500555,0.6664527374566486
,,,0.212651556037812,0.19821707528894683,0.5891313686732407
,,,0.2145334773336098,0.18976186005763165,0.5957046626087582
,,,0.20123056893630736,0.19242484294305995,0.6063445881206324
,,,0.20570283328762945,0.21024193070773867,0.5840552360046316
,,,0.2010217052410459,0.22010611990528475,0.578872174853669
,,,0.1818446659778008,0.21788611797337878,0.60026921604882
,,,0.18726599443912645,0.19421644088281675,0.6185175646780566
,,,0.19924598074781447,0.20581165344094074,0.5949423658112445
,,,0.20179928603932612,0.20550847467540373,0.5926922392852698
,,,0.19106977342565123,0.2059660434840055,0.6029641830903432
,,,0.18878278406971483,0.19803742736206534,0.6131797885682196
,,,0.19284511052884887,0.2345677872016661,0.5725871022694848
,,,0.19284511052884887,0.2345677872016661,0.5725871022694848
,,,0.19074435509772567,0.23656003134147116,0.5726956135608029
,,,0.1878097861951611,0.23436249289364042,0.5778277209111983
,,,0.16694759798462208,0.23095964860456242,0.6020927534108153
,,,0.17243717115288765,0.21585567750872187,0.6117071513383903
,,,0.17102746610141367,0.21252679028887278,0.6164457436097134
,,,0.16985646210708324,0.19797866221348445,0.6321648756794321
,,,0.1852337148533319,0.19100389684601354,0.6237623883006542
,,,0.17825910278925075,0.19563958612084797,0.6261013110899011
,,,0.16925789370031524,0.20881298796992703,0.6219291183297575
,,,0.13105963667731538,0.18233258423004947,0.6866077790926353
,,,0.12721148391816942,0.17843231892735711,0.6943561971544735
,,,0.13149435457641703,0.17365265334561703,0.6948529920779659
,,,0.13880044102176994,0.16848733141773736,0.6927122275604927
,,,0.13523183883043063,0.15897759447170137,0.705790566697868
,,,0.14279002809690916,0.168844355824863,0.6883656160782279
,,,0.14850224369772178,0.18324368001139413,0.6682540762908842
,,,0.14292435624572838,0.19392521312454813,0.6631504306297235
,,,0.15137394391203604,0.21090140307347663,0.6377246530144877
,,,0.15145450327093005,0.19978899103071776,0.6487565056983523
,,,0.1602232800902305,0.20360030583139035,0.6361764140783793
,,,0.1584208133695848,0.20178496801846624,0.6397942186119491
,,,0.16028099733274007,0.19321950893670597,0.646499493730554
,,,0.15558030304295292,0.19018084498363325,0.6542388519734138
,,,0.15207979468937435,0.1816484174068601,0.6662717879037656
,,,0.1515579655234054,0.1650163860796906,0.683425648396904
,,,0.16119433178233109,0.15273791339236248,0.6860677548253064
,,,0.15305775465318147,0.17739395225398277,0.6695482930928359
,,,0.14637593836782176,0.19918336680147106,0.6544406948307073
,,,0.14167466749833657,0.17672199359306692,0.6816033389085965
,,,0.15016202816080074,0.17058398926311064,0.6792539825760887
,,,0.14876858091293543,0.19193754156511605,0.6592938775219486
,,,0.15088665581158867,0.15420652224084758,0.6949068219475637
,,,0.14402634638372502,0.17018000713330841,0.6857936464829665
,,,0.15870170085055926,0.1722065061640834,0.6690917929853575
,,,0.16626078204629277,0.19015097869915587,0.643588239254551
,,,0.20796514834286714,0.21152630218624943,0.5805085494708832
,,,0.20335781553650237,0.2383382415658814,0.558303942897616
,,,0.20342003375688136,0.23946272071614463,0.5571172455269737
,,,0.2139701109514602,0.2165507463160424,0.569479142732497
,,,0.1992570992974136,0.22772675650761545,0.5730161441949707
,,,0.19352221544436646,0.23241745039986297,0.5740603341557702
,,,0.20653995559349736,0.23304898790669396,0.5604110564998084
,,,0.19962753524219448,0.21839482025455773,0.5819776445032475
,,,0.2131874026480099,0.22545604921546122,0.5613565481365286
,,,0.21725034278092303,0.22625248388464939,0.5564971733344273
,,,0.2224950440258727,0.2418864548603153,0.5356185011138117
,,,0.20762446999420217,0.2816962697597589,0.5106792602460386
,,,0.210435977833321,0.23263155829007562,0.5569324638766031
,,,0.21042183740564496,0.22573260121889596,0.5638455613754589
,,,0.21075734464033644,0.2323283684463539,0.5569142869133095
,,,0.21344283045010062,0.23191635745310843,0.5546408120967907
,,,0.21354095439132856,0.247274097406481,0.5391849482021901
,,,0.21117575668862454,0.2505150903040427,0.5383091530073325
,,,0.2217663819371997,0.2667181195488651,0.5115154985139351
,,,0.23321187629994722,0.23650186156775946,0.5302862621322931
,,,0.22049136545009612,0.24281895287386632,0.5366896816760374
,,,0.1957581055766142,0.21693536000872046,0.5873065344146652
,,,0.20205219774484157,0.19675926357426043,0.6011885386808978
,,,0.20410135303796687,0.2082665475539029,0.58763209940813
,,,0.19980913729625546,0.2281056825442819,0.5720851801594625
,,,0.18980499956521438,0.2385641248257719,0.5716308756090135
,,,0.190467038115231,0.24425569955008272,0.5652772623346862
,,,0.2025716724967971,0.23848710639072832,0.5589412211124744
,,,0.2151782428815821,0.238925907789177,0.5458958493292406
,,,0.21243808946335055,0.2506095079126862,0.536952402623963
,,,0.2165484110953084,0.23607566401306432,0.5473759248916273
,,,0.20962441302531318,0.2343232164730049,0.5560523705016818
,,,0.21184164468455388,0.24218295112259597,0.5459754041928502
,,,0.21245959222580535,0.2709159354533252,0.5166244723208697
,,,0.21421945275122498,0.26867236786795395,0.5171081793808213
,,,0.20567978084560806,0.22811652015236653,0.5662036990020255
,,,0.2187313975220472,0.21884100678949886,0.562427595688454
,,,0.22509681509587914,0.20824383850878916,0.5666593463953317
,,,0.21681232461475727,0.20434116945782385,0.5788465059274187
,,,0.22690374436668803,0.23187968206899837,0.5412165735643135
,,,0.227860127246042,0.22387073707099717,0.5482691356829608
,,,0.2275436556704846,0.2215943065202329,0.5508620378092824
,,,0.2275436556704846,0.2215943065202329,0.5508620378092824
,,,0.22508825047715839,0.22265836377898224,0.5522533857438593
,,,0.23134768736312747,0.2256273899401241,0.5430249226967483
,,,0.22803978283812246,0.22301460152541516,0.5489456156364622
,,,0.22702089827137384,0.21222952569676184,0.5607495760318641
,,,0.21693014526777596,0.22225812653249186,0.560811728199732
,,,0.21327623480911573,0.22254908842662907,0.5641746767642549
,,,0.20916695364508453,0.2141819188395069,0.5766511275154084
,,,0.21204755868812394,0.2090493579631361,0.5789030833487395
,,,0.20772202866388548,0.20899711884890762,0.5832808524872064
,,,0.1913011683916312,0.22638642985271545,0.582312401755653
,,,0.18588237876364974,0.23592996652242554,0.5781876547139244
,,,0.1900472027018198,0.21622476756686923,0.5937280297313106
,,,0.19104424791830288,0.2083795127667591,0.6005762393149378
,,,0.19425582021114732,0.2071845729685248,0.5985596068203275
,,,0.1881165420316589,0.21885212587484848,0.5930313320934925
,,,0.19355278805140283,0.2947211662850983,0.511726045663499
,,,0.17954305632525183,0.25041135502170875,0.5700455886530392
,,,0.1876421401854459,0.23670273571195846,0.5756551241025955
,,,0.19056492268690917,0.2168592962002269,0.5925757811128637
,,,0.18993086686533925,0.20399337752118402,0.6060757556134764
,,,0.19054230892177026,0.22365649156836742,0.5858011995098622
,,,0.20101555371829385,0.2290440312810906,0.5699404150006154
,,,0.21044671998049186,0.20458322818689087,0.5849700518326171
,,,0.20922288208725118,0.201289253991809,0.5894878639209394
,,,0.20981480211121692,0.1973963226532738,0.592788875235509
,,,0.19596859461667468,0.2100626038516087,0.5939688015317166
,,,0.19574302399299964,0.22014418900818392,0.5841127869988165
,,,0.19246861215671732,0.2836342765645316,0.5238971112787513
,,,0.202281346483934,0.29272000133135195,0.5049986521847142
,,,0.20572848705824384,0.2920518363007172,0.5022196766410391
,,,0.22281260590894936,0.25697802203248066,0.52020937205857
,,,0.2098154934509223,0.19927006894879667,0.590914437600281
,,,0.2089415417574265,0.19533492237605796,0.5957235358665154
,,,0.20755009883093392,0.20364259932570636,0.5888073018433596
,,,0.2151748225395521,0.20587080531964744,0.5789543721408003
,,,0.205088249707738,0.1965082634348118,0.5984034868574502
,,,0.21836442305808962,0.1966198953292463,0.5850156816126638
,,,0.22622119354128636,0.19582869536314135,0.577950111095572
,,,0.21448497440049852,0.19913789036956556,0.5863771352299358
,,,0.20253132800867457,0.21592790136365714,0.5815407706276683
,,,0.19518939848158312,0.21773969316057343,0.5870709083578436
,,,0.1947975075516417,0.23322245681581377,0.5719800356325446
,,,0.2076162178070107,0.21611780627830754,0.5762659759146819
,,,0.1923976140841396,0.22136754699938602,0.5862348389164743
,,,0.21062934113664522,0.20278634757656136,0.5865843112867932
,,,0.20553913485330597,0.20073890543143835,0.5937219597152554
,,,0.21051894072052807,0.20215915599975492,0.5873219032797168
,,,0.207692751431226,0.20746672361353558,0.5848405249552382
,,,0.1837000559894426,0.20939647841658732,0.60690346559397
,,,0.18081118968156618,0.21347704177911112,0.6057117685393226
,,,0.1755494113813226,0.21951765941847237,0.6049329292002051
,,,0.1846907002640853,0.20355844922029345,0.6117508505156212
,,,0.18012730270092514,0.21607199243900113,0.6038007048600739
,,,0.1794324988911306,0.23393668723191005,0.5866308138769596
,,,0.1742640261571858,0.2499595043696411,0.5757764694731733
,,,0.19788383560588116,0.24711835170873744,0.5549978126853815
,,,0.21916443585482231,0.2705122093396746,0.5103233548055032
,,,0.20896432818838356,0.28359658859387504,0.5074390832177414
,,,0.21747521884844134,0.2742926579836332,0.5082321231679255
,,,0.22497705159540535,0.2646797351378436,0.510343213266751
,,,0.21772155790239595,0.27675880895961,0.5055196331379941
,,,0.19203254257447,0.23066746133271765,0.5772999960928124
,,,0.20717025680379678,0.17883416061528226,0.6139955825809209
,,,0.20048677067682263,0.17656293746669877,0.6229502918564785
,,,0.2010886218159883,0.18557904830564034,0.613332329878371
,,,0.19930938241128948,0.21839161574301655,0.5822990018456938
,,,0.1740757062201688,0.19597881011976936,0.6299454836600618
,,,0.18531701101041634,0.20668279688271685,0.6080001921068667
,,,0.18410033341157642,0.20454337118793922,0.6113562954004841
,,,0.20790493514464714,0.22917902025560685,0.5629160445997459
,,,0.19684968929682406,0.22933885288699807,0.5738114578161776
,,,0.2163485499000445,0.22404311676723362,0.5596083333327215
,,,0.21796593780038986,0.21645242224701572,0.565581639952594
,,,0.21157135364870872,0.21442617995984076,0.5740024663914501
,,,0.2117755323571481,0.20709345111534624,0.5811310165275052
,,,0.20137856529523857,0.21327947696272154,0.5853419577420397
,,,0.19892857371488298,0.2187457717866117,0.5823256544985052
,,,0.19401737995081156,0.2124578963081178,0.5935247237410706
,,,0.19640405120102739,0.2135857806126888,0.5900101681862837
,,,0.20237835498825188,0.21413527115718178,0.5834863738545661
,,,0.20609164491460383,0.19512255079405733,0.5987858042913385
,,,0.20604199776617857,0.23910574661228676,0.5548522556215346
,,,0.20857923489814223,0.2211952195742226,0.570225545527635
,,,0.20588481674221448,0.275187223196666,0.5189279600611196
,,,0.21167832606329204,0.27235192658311347,0.5159697473535946
,,,0.19881230059600516,0.2758742148035078,0.5253134846004869
,,,0.1960705070452628,0.3082975168155272,0.49563197613921
,,,0.19512930122782246,0.30786812568197397,0.4970025730902035
,,,0.18414842372292706,0.32653875748003586,0.4893128187970371
,,,0.20343354089324706,0.2825759383765698,0.5139905207301833
,,,0.17675598084628458,0.22473943672256516,0.5985045824311503
,,,0.18594801476092507,0.19281820317939896,0.6212337820596759
,,,0.18879450488308724,0.22388403524313458,0.5873214598737784
,,,0.19345055772227807,0.22499997369450178,0.5815494685832203
,,,0.16044780423414437,0.18627608585710118,0.6532761099087545
,,,0.16320048596631576,0.18691094716831722,0.6498885668653671
,,,0.1521937525801859,0.19630530022008139,0.6515009471997327
,,,0.14538400730229165,0.1960114895045474,0.658604503193161
,,,0.1513145271558574,0.19849030250209443,0.6501951703420482
,,,0.15831773138355731,0.2048476901698927,0.6368345784465501
,,,0.16620254991721342,0.2103632296719683,0.6234342204108185
,,,0.1634789123048005,0.18600441663167705,0.6505166710635225
,,,0.16643183310338133,0.15043800946857247,0.6831301574280461
,,,0.15579147207446295,0.17265961214705075,0.6715489157784862
,,,0.1553896149051496,0.17917106852663942,0.6654393165682109
,,,0.15344494472888662,0.18881213987004655,0.6577429154010668
,,,0.14797506775727343,0.19748314588661608,0.6545417863561106
,,,0.14558976669402657,0.1996907620937053,0.6547194712122681
,,,0.1397730055515675,0.18941268295154626,0.6708143114968861
,,,0.13523560112225286,0.1640076039072348,0.7007567949705121
,,,0.14571290954927127,0.16408491093727132,0.6902021795134573
,,,0.14504524562584886,0.14862368458700576,0.7063310697871453
,,,0.13979719772872015,0.1485671471393975,0.7116356551318824
,,,0.13927276791290427,0.1474660490229165,0.7132611830641793
,,,0.13700134327192337,0.15543063825457543,0.707568018473501
,,,0.14440554079104342,0.1632212907002078,0.6923731685087487
,,,0.15581263755159883,0.1819145658434019,0.6622727966049992
,,,0.15277089216012546,0.1932629206096178,0.6539661872302567
,,,0.14775970401621422,0.21251002104886518,0.6397302749349207
,,,0.15048760941004452,0.24884280900198066,0.6006695815879748
,,,0.1433150381441474,0.30456906688424806,0.5521158949716045
,,,0.15068332046382307,0.2791511798856703,0.5701654996505067
,,,0.17343964868390777,0.17054228547040517,0.6560180658456869
,,,0.17345120125708882,0.1621680793845389,0.6643807193583722
,,,0.16137344381042482,0.16523623397139015,0.6733903222181848
,,,0.1493085111521945,0.18989346566949122,0.660798023178314
,,,0.14914424053640196,0.21582514712572148,0.6350306123378765
,,,0.16992623093919285,0.23895531051085445,0.5911184585499527
,,,0.16328046585331724,0.19364198513016265,0.64307754901652
,,,0.1657450750971961,0.1528084524603787,0.6814464724424251
,,,0.15620523863336433,0.1475794940770722,0.6962152672895633
,,,0.14957549485252283,0.15267758432005116,0.6977469208274257
,,,0.13612286126830844,0.16450382349469436,0.699373315236997
,,,0.13982755859412957,0.1614216278169662,0.6987508135889041
,,,0.14084567458552966,0.16571900883920065,0.6934353165752696
,,,0.14795973800181744,0.19763815737953624,0.6544021046186462
,,,0.14653489056094224,0.1955355370230738,0.6579295724159838
,,,0.16478079282428756,0.1574480318356097,0.6777711753401028
,,,0.16731728864108233,0.16153759560371334,0.6711451157552044
,,,0.17046332885906826,0.16448626190191107,0.6650504092390207
,,,0.16666423897473429,0.16597333541358655,0.6673624256116791
,,,0.17041267601704707,0.16614147037742366,0.6634458536055292
,,,0.177688686992882,0.1757860923667903,0.6465252206403275
,,,0.1905253697102162,0.17641274580339597,0.6330618844863874
,,,0.20597734032101422,0.2071298883511595,0.586892771327826
,,,0.2029789832121093,0.2163763847927838,0.5806446319951067
,,,0.2008142291907333,0.2295018187145327,0.5696839520947337
,,,0.19716555987959528,0.22401668902804925,0.5788177510923552
,,,0.179554201177692,0.2449950798345309,0.575450718987777
,,,0.17245134363167686,0.23964053210403108,0.5879081242642921
,,,0.17426905486584854,0.19565830755752273,0.6300726375766286
,,,0.17665105835308012,0.19120993136079178,0.632139010286128
,,,0.17602100059843434,0.1794478662287505,0.644531133172815
,,,0.17547859333142568,0.18116251469110345,0.6433588919774706
,,,0.18122764017257775,0.19034028435172304,0.628432075475699
,,,0.1752300401545125,0.20324572460565787,0.6215242352398296
,,,0.14642774472493458,0.16593507413833047,0.6876371811367349
,,,0.15243028621785795,0.17230160706723474,0.6752681067149071
,,,0.15265184247582472,0.1594189065729753,0.6879292509511998
,,,0.15541197950911628,0.19189914055536547,0.6526888799355182
,,,0.1502327706440943,0.20070097856904273,0.6490662507868629
,,,0.16463102280149414,0.2205214825776043,0.6148474946209016
,,,0.19899978194828638,0.27542999747600505,0.5255702205757086
,,,0.1942589567205066,0.3144360747931156,0.4913049684863778
,,,0.1913124828158063,0.3400586694823549,0.46862884770183866
,,,0.19798307765711787,0.3542055778462157,0.4478113444966663
,,,0.18991727739946693,0.3046096531321285,0.5054730694684045
,,,0.18694844125202692,0.27878004992568534,0.5342715088222877
,,,0.18325570409025463,0.2902440614339684,0.526500234475777
,,,0.16617085192701822,0.2677384997610525,0.5660906483119293
,,,0.17754427631634073,0.34907795902008915,0.47337776466357007
,,,0.15692369652804494,0.41665742482353596,0.42641887864841926
,,,0.1374893381434557,0.4386428381845145,0.4238678236720297
,,,0.15708829717805511,0.39717474691472465,0.44573695590722023
,,,0.17773893244419622,0.24839054988266449,0.5738705176731392
,,,0.18515482059501237,0.22163852863507771,0.5932066507699097
,,,0.18583674491506508,0.2270243188837181,0.5871389362012167
,,,0.19143665694443354,0.2323981610413485,0.5761651820142177
,,,0.20747088237384192,0.22911071788935836,0.5634183997367994
,,,0.20917631456857375,0.2021627598699717,0.5886609255614542
,,,0.212266859333383,0.19563429461131757,0.5920988460552992
,,,0.19322153812558182,0.20497021489444317,0.6018082469799748
,,,0.17222356680472106,0.1807814202357152,0.6469950129595635
,,,0.17090209584721727,0.1806409874214213,0.6484569167313612
,,,0.17015245784515756,0.1940819606654588,0.6357655814893836
,,,0.17399623629359812,0.1954015026588787,0.6306022610475229
,,,0.1690129518943867,0.2115793829567532,0.61940766514886
,,,0.1901947286566249,0.24255530306534723,0.5672499682780276
,,,0.18456365615240075,0.30609539225478327,0.509340951592816
,,,0.1923975769964423,0.33149807670221476,0.4761043463013429
,,,0.19043826360996768,0.26186597031318637,0.5476957660768457
,,,0.18602283010080828,0.31306093649002265,0.500916233409169
,,,0.17052389143818858,0.3448497166315392,0.4846263919302721
,,,0.17119462309767802,0.37440283905853294,0.45440253784378903
,,,0.1518919972307153,0.40312309045974665,0.444984912309538
,,,0.15204132378275578,0.3935639689740538,0.4543947072431903
,,,0.14045080954466782,0.4099510634600449,0.4495981269952871
,,,0.1405720588617197,0.4024843110892779,0.45694363004900235
,,,0.14145034374968377,0.3815410708465019,0.4770085854038142
,,,0.1585573213336177,0.35137752065204814,0.4900651580143341
,,,0.16239626655396322,0.33524837002134666,0.5023553634246899
,,,0.15545539708185782,0.29696851227517856,0.5475760906429633
,,,0.1643057019806049,0.3255113339977706,0.5101829640216244
,,,0.13672849789064848,0.3918502805473437,0.4714212215620078
,,,0.12601595957644043,0.4184834821077154,0.4555005583158441
,,,0.13500677544804907,0.42625533048810366,0.4387378940638472
,,,0.13998616195362867,0.4385742532550889,0.4214395847912823
,,,0.1434409663659154,0.4211542890736213,0.43540474456046313
,,,0.14091593831256033,0.446463719787563,0.4126203418998766
,,,0.1481158565598144,0.44014951539193725,0.41173462804824834
,,,0.1509604830749492,0.39978952802469286,0.4492499889003577
,,,0.15633082095431627,0.37978039384197565,0.4638887852037081
,,,0.1512139435135611,0.3670931348866112,0.4816929215998278
,,,0.15978842016165815,0.23490121339165967,0.6053103664466821
,,,0.16389023918978196,0.21780092335290785,0.6183088374573101
,,,0.17448571689990222,0.20524984399858404,0.6202644391015136
,,,0.16973066736940318,0.23835642241248758,0.591912910218109
,,,0.16465370647706887,0.2422931984179765,0.5930530951049547
,,,0.16915738592021612,0.19359602674774198,0.6372465873320414
,,,0.1850444668280233,0.1999788892074952,0.614976643964481
,,,0.19249173409151543,0.20073860861632023,0.6067696572921638
,,,0.20136891528291456,0.20149251293289594,0.5971385717841893
,,,0.1999558671702066,0.1957635892496145,0.6042805435801786
,,,0.19561080291194707,0.22117052377262636,0.5832186733154263
,,,0.20026610746691223,0.2192510760558464,0.5804828164772412
,,,0.1978506832214955,0.21450358987203555,0.5876457269064687
,,,0.18873020888595404,0.19884797812048963,0.612421812993556
,,,0.17138454479736484,0.19495570499077794,0.6336597502118569
,,,0.1653013469201606,0.204553773477594,0.630144879602245
,,,0.1707100039601263,0.20734551943057627,0.6219444766092973
,,,0.1728182213906605,0.19730067589542014,0.6298811027139192
,,,0.15105574587100132,0.16713584993098646,0.681808404198012
,,,0.1519371475176335,0.17274774563165127,0.6753151068507149
,,,0.15380240618454663,0.19442325662447923,0.6517743371909739
,,,0.15198421440430915,0.18287797640814227,0.6651378091875483
,,,0.14457121428278405,0.15442858099059642,0.7010002047266193
,,,0.1454505202858481,0.14687891472907708,0.7076705649850747
,,,0.15273388098513832,0.13363808372472144,0.7136280352901401
,,,0.1443081823734395,0.15041604663877237,0.705275770987788
,,,0.14265098042373783,0.16705268463030318,0.6902963349459587
,,,0.1484678502908629,0.17236297012455742,0.6791691795845796
,,,0.13932060734581733,0.1583731104841422,0.7023062821700402
,,,0.1611878338724094,0.2325872784270256,0.606224887700565
,,,0.18275002905850193,0.29053791851578015,0.5267120524257181
,,,0.16811366416586612,0.3571718145484262,0.47471452128570746
,,,0.17008980085235353,0.3528707816540745,0.4770394174935719
,,,0.17703703661078737,0.35517075824115346,0.4677922051480592
,,,0.15662687625603133,0.3910932546207267,0.45227986912324203
,,,0.14088221144951674,0.41733154303279457,0.4417862455176887
,,,0.14264413262153788,0.4074110661847296,0.44994480119373237
,,,0.13708872996465782,0.425561928521583,0.43734934151375904
,,,0.14019407943060802,0.43039860622420756,0.42940731434518425
,,,0.14486088853047283,0.430829183263956,0.4243099282055712
,,,0.13516292892991108,0.45373409026185235,0.4111029808082364
,,,0.14221935851765768,0.44330102486133477,0.4144796166210075
,,,0.13896400893520153,0.4321165222558879,0.4289194688089106
,,,0.13971698093634866,0.4378407517231318,0.4224422673405195
,,,0.13748927689056134,0.44044004795670283,0.4220706751527358
,,,0.15424300412015096,0.3604814420470461,0.48527555383280296
,,,0.14167441458774313,0.3872959352720937,0.4710296501401631
,,,0.15786247272281886,0.3360540063052748,0.5060835209719063
,,,0.15914535117812645,0.24125737215189402,0.5995972766699794
,,,0.16711984378637715,0.2404157281419657,0.592464428071657
,,,0.17382323476978367,0.23570380224261947,0.5904729629875968
,,,0.16095892488653504,0.23881423886365205,0.6002268362498129
,,,0.17156181438178716,0.2244009630663486,0.6040372225518642
,,,0.16334065928553954,0.2503247053699593,0.5863346353445009
,,,0.1396619636899427,0.23015676833065835,0.630181267979399
,,,0.13702928311746868,0.22371444243772878,0.6392562744448027
,,,0.13138045087242806,0.2069276224026155,0.6616919267249564
,,,0.13942851245448967,0.1696477573962838,0.6909237301492265
,,,0.1381464598242408,0.16182518306186533,0.700028357113894
,,,0.13544544172390602,0.18428516997050712,0.6802693883055868
,,,0.1320642799531195,0.17602729344976123,0.691908426597119
,,,0.15850434717303638,0.15041275375599705,0.6910828990709666
,,,0.17907117473649176,0.1649215549745717,0.6560072702889365
,,,0.18069337224081936,0.16846835328968482,0.6508382744694956
,,,0.1738546890326253,0.16651808823610484,0.6596272227312696
,,,0.1743765198731259,0.17265871428975374,0.6529647658371203
,,,0.17724794223705134,0.18436452038833287,0.6383875373746155
,,,0.20285130862809173,0.20669337777188576,0.5904553136000223
,,,0.19035486566629867,0.2146327392250714,0.5950123951086299
,,,0.1758931061200916,0.1946706382521612,0.6294362556277471
,,,0.16680175038591183,0.18501824249465085,0.6481800071194372
,,,0.16962263871793914,0.1913979701377285,0.6389793911443321
,,,0.1927242010784854,0.16758817758249414,0.6396876213390201
,,,0.16970953507646885,0.17463230347795047,0.6556581614455804
,,,0.20335309422562806,0.26796704007156474,0.5286798657028072
,,,0.1992897281726168,0.2907942419495927,0.5099160298777905
,,,0.17422648353117573,0.363117188459197,0.4626563280096272
,,,0.177398281863257,0.35077566007717403,0.4718260580595689
,,,0.18901885861723577,0.3163250772186353,0.49465606416412905
,,,0.19344711680600432,0.2678144261965553,0.5387384569974403
,,,0.19827162188367073,0.2713309173482654,0.5303974607680638
,,,0.19211271474560135,0.2910762172525127,0.516811068001886
,,,0.17841268742436608,0.30852787459339565,0.5130594379822382
,,,0.16629386760902276,0.3363998424986429,0.4973062898923344
,,,0.16287942492416815,0.3390827349620056,0.49803784011382624
,,,0.15534617875350698,0.3849800768058433,0.4596737444406498
,,,0.1514887164029802,0.3857968746050826,0.46271440899193733
,,,0.15572030387932853,0.3333700134023168,0.5109096827183545
,,,0.16412694926992255,0.2901095776483078,0.5457634730817695
,,,0.16342850038247228,0.2661816580806745,0.570389841536853
,,,0.1623128197086257,0.21412068703241924,0.6235664932589549
,,,0.1644595483246165,0.21880923654863987,0.6167312151267432
,,,0.1476793489416149,0.3491729101981379,0.5031477408602473
,,,0.15035977250411844,0.3917009252710903,0.45793930222479146
,,,0.1562368836363918,0.4390887791894602,0.4046743371741481
,,,0.1731514281481343,0.438255207384818,0.3885933644670476
,,,0.1849688761206456,0.41161775419622415,0.4034133696831303
,,,0.17906916478390925,0.436849392245867,0.38408144297022384
,,,0.17808594374868683,0.43946229265545933,0.3824517635958539
,,,0.17386259427646478,0.4059851105721608,0.42015229515137437
,,,0.16268345920721444,0.37132697667144454,0.46598956412134085
,,,0.15115138563176672,0.3553312464227654,0.4935173679454678
,,,0.14986324500816242,0.36751097181499665,0.48262578317684096
,,,0.13794012375868642,0.3742832428993821,0.48777663334193133
,,,0.15017363864367,0.3704625907823996,0.4793637705739303
,,,0.14856918184238788,0.4203188815158852,0.43111193664172687
,,,0.14333496686737485,0.4088135304938888,0.44785150263873647
,,,0.16661777477473558,0.3862188785183819,0.44716334670688285
,,,0.1918091985443531,0.4005393796706974,0.4076514217849496
,,,0.20214765853642078,0.41328596667648193,0.3845663747870972
,,,0.19675837102798657,0.4341568140757246,0.3690848148962889
,,,0.21450742826333585,0.39264830342182827,0.39284426831483593
,,,0.20862926842754376,0.3880992327692494,0.40327149880320673
,,,0.2076665569896886,0.3505738516171043,0.4417595913932072
,,,0.20414821422468388,0.28452775173532985,0.5113240340399862
,,,0.21369501637844202,0.2462022094357699,0.540102774185788
,,,0.20672752681119444,0.20408005279966043,0.5891924203891449
,,,0.21569171813918392,0.20986894812050663,0.5744393337403091
,,,0.20812753111936322,0.23719825730658947,0.5546742115740471
,,,0.2337058578540182,0.19383113017695858,0.572463011969023
,,,0.23639721395633678,0.1925288481331562,0.5710739379105068
,,,0.24792348177234091,0.181367250792995,0.5707092674346639
,,,0.22106948598657514,0.1703525028340756,0.608578011179349
,,,0.22554064980071728,0.19762265205834473,0.5768366981409379
,,,0.21963141159587554,0.19521718158447068,0.5851514068196536
,,,0.22338277565720752,0.22416302661356888,0.5524541977292237
,,,0.2502178850878101,0.2887934731788793,0.46098864173331067
,,,0.24012854785645976,0.2621483368873943,0.497723115256146
,,,0.22833051121859424,0.3064930783669825,0.4651764104144235
,,,0.24276123022014953,0.2888245482540565,0.46841422152579404
,,,0.2413294929371942,0.2648585305356483,0.49381197652715747
,,,0.22011869723753183,0.2815007235138055,0.4983805792486627
,,,0.21264247457069607,0.3103406916086767,0.47701683382062726
,,,0.2011490838229383,0.2999250880033992,0.4989258281736625
,,,0.1800954855429127,0.3110263654406097,0.5088781490164775
,,,0.1683272990035766,0.3674714252123756,0.464201275784048
,,,0.16422423844883208,0.34955388279361577,0.4862218787575523
,,,0.1930195038050275,0.29991636879714034,0.5070641273978324
,,,0.2629839801407805,0.2234958485182963,0.513520171340923
,,,0.268651912191763,0.23284101649766267,0.4985070713105742
,,,0.27416780561505993,0.22679101525968448,0.49904117912525536
,,,0.25225072926223197,0.23470612472683744,0.5130431460109303
,,,0.2304984465530627,0.25011782754514517,0.5193837259017918
,,,0.23000571132730954,0.22568969177048553,0.5443045969022047
,,,0.22426233285071384,0.22489737594032225,0.5508402912089637
,,,0.21983227992641974,0.228637166893281,0.551530553180299
,,,0.1919581620328565,0.1984762774160362,0.609565560551107
,,,0.18479390249622096,0.20940782536394104,0.6057982721398377
,,,0.17582304457754602,0.20265359064570945,0.6215233647767443
,,,0.17287620375933563,0.20998514479443395,0.6171386514462303
,,,0.17997296126584775,0.21513976512786537,0.6048872736062867
,,,0.20154946117098682,0.26040821812024445,0.5380423207087687
,,,0.19640803334583182,0.3134358653429999,0.4901561013111681
,,,0.2009365688979126,0.3386046650672917,0.4604587660347959
,,,0.19496137167769717,0.3766363701930257,0.4284022581292771
,,,0.17606103638277376,0.4567954953006666,0.36714346831655975
,,,0.18312022014662735,0.44414574333331136,0.37273403652006115
,,,0.18615092320113757,0.454426283462659,0.35942279333620325
,,,0.17935755488198424,0.4213959106342997,0.39924653448371594
,,,0.18586689289352165,0.38143122206189145,0.43270188504458673
,,,0.17083358573857432,0.36385064001320866,0.4653157742482172
,,,0.164440586297107,0.3481158737410226,0.48744353996187056
,,,0.1864027500127271,0.28648112747519405,0.5271161225120788
,,,0.1480301960413075,0.23392162305511513,0.6180481809035773
,,,0.16486242995935957,0.22975621894330817,0.6053813510973319
,,,0.16564400296291873,0.2198614068998831,0.6144945901371978
,,,0.16170745812016943,0.2229254650366195,0.6153670768432108
,,,0.17067985492480361,0.21415320010578273,0.6151669449694134
,,,0.17010272231861287,0.22482015731703786,0.6050771203643489
,,,0.16211539823451607,0.19827281343593273,0.639611788329551
,,,0.16361431143428506,0.18486427732528152,0.6515214112404331
,,,0.17157809411512231,0.1996664601350423,0.628755445749835
,,,0.1636046940568263,0.18599884701308478,0.6503964589300887
,,,0.15933079187706362,0.1556949102833124,0.6849742978396237
,,,0.1403525574431227,0.17413785561116663,0.6855095869457105
,,,0.15403948154375188,0.1779017498574492,0.6680587685987988
,,,0.1495759486523752,0.18152678576592282,0.6688972655817017
,,,0.17377246735443921,0.16684362847581952,0.6593839041697414
,,,0.18259035642484472,0.16600769998752576,0.6514019435876294
,,,0.19142036370855484,0.16341521067299916,0.645164425618446
,,,0.21088901903152468,0.1584243651200759,0.6306866158483991
,,,0.2068191926250178,0.17852009361286192,0.6146607137621202
,,,0.21717958323923076,0.16606201750956295,0.616758399251206
,,,0.21291311484594083,0.18002985072405583,0.6070570344300031
,,,0.20519961780645257,0.1931235147997526,0.6016768673937946
,,,0.19866190097684416,0.20509951176904986,0.5962385872541056
,,,0.20292492677896232,0.20371549163303396,0.5933595815880034
,,,0.20368201032874877,0.21603653803448236,0.5802814516367686
,,,0.19545438700768966,0.21682174510492383,0.5877238678873862
,,,0.19543971569791793,0.23096878597040618,0.5735914983316759
,,,0.1956184902520439,0.23635858583322844,0.5680229239147278
,,,0.2005968568284581,0.29218445070826066,0.5072186924632814
,,,0.1931758739193445,0.27318727885661576,0.5336368472240397
,,,0.19636807527694508,0.2341535172526645,0.5694784074703904
,,,0.21534712134439069,0.2081622450610158,0.5764906335945935
,,,0.21413200628990264,0.20883667384509977,0.5770313198649974
,,,0.20112658252025262,0.26139761780241055,0.5374757996773368
,,,0.18528919452189543,0.30615961624015964,0.5085511892379448
,,,0.16878375787302818,0.33228333391452197,0.49893290821244984
,,,0.17141979885150468,0.29552082218036796,0.5330593789681275
,,,0.16478467379218245,0.31167857887626416,0.5235367473315534
,,,0.1893126068812772,0.2379007314119133,0.5727866617068093
,,,0.163663918502659,0.21209220378236368,0.6242438777149769
,,,0.16174182705045037,0.22760271954719144,0.6106554534023578
,,,0.13932486982881756,0.33731586060698227,0.5233592695642001
,,,0.14625769501425367,0.39430925265788075,0.45943305232786563
,,,0.1437562519734844,0.38927790872220974,0.46696583930430596
,,,0.16486140996660356,0.32882951608094113,0.5063090739524554
,,,0.1710566301808794,0.22998262716177365,0.5989607426573469
,,,0.17479689104290003,0.28199579185578594,0.543207317101314
,,,0.17490236271966864,0.23359574189939875,0.5915018953809325
,,,0.1773277566178639,0.20949416469763094,0.613178078684505
,,,0.1780404878063174,0.2103839433848855,0.6115755688087968
,,,0.1908428907162837,0.19322924535713587,0.6159278639265802
,,,0.2003137664051349,0.23134250938417542,0.5683437242106896
,,,0.1943373763307518,0.2108842468891581,0.5947783767800902
,,,0.1812650405155477,0.16116059018970522,0.6575743692947471
,,,0.18264693409951271,0.1656740311855221,0.6516790347149651
,,,0.22391384941485043,0.1940581893196936,0.5820279612654559
,,,0.21048225332550005,0.19883772925459595,0.5906800174199038
,,,0.20480191356187372,0.19772716322596334,0.5974709232121626
,,,0.20700300730241117,0.19483019143071292,0.5981668012668756
,,,0.1989388849708439,0.20688602500570355,0.5941750900234523
,,,0.2041478129577954,0.20860031386316394,0.5872518731790404
,,,0.20458284603236884,0.21467527471571027,0.5807418792519207
,,,0.19870257040744044,0.22289456897746562,0.5784028606150937
,,,0.19104997257315035,0.22038478426804367,0.5885652431588058
,,,0.17905453313706288,0.18124874690334955,0.6396967199595873
,,,0.1761791029367665,0.17738322956710142,0.6464376674961317
,,,0.17804982084973595,0.1803666585224386,0.641583520627825
,,,0.19327314275595545,0.23864532129056748,0.568081535953477
,,,0.18639312936947405,0.2813571300184057,0.5322497406121203
,,,0.19529211531295484,0.2599635753895429,0.5447443092975022
,,,0.1874577279188321,0.2761912194566065,0.5363510526245613
,,,0.19433651293685517,0.3194368850133794,0.4862266020497654
,,,0.17831768671105483,0.38090296308323807,0.4407793502057073
,,,0.18686855758746923,0.34982102817346034,0.4633104142390706
,,,0.19307935998001768,0.3454841157119637,0.4614365243080188
,,,0.19051151204683076,0.3611743601894156,0.4483141277637537
,,,0.17507421606923848,0.3796505807398372,0.44527520319092434
,,,0.17268018435351848,0.38715117758663437,0.44016863805984713
,,,0.16453345552174434,0.3988243920218929,0.43664215245636284
,,,0.15192953842242865,0.3885692157786319,0.4595012457989395
,,,0.1547641924363919,0.3891987660228567,0.4560370415407513
,,,0.15495964795056547,0.37777201112918685,0.4672683409202477
,,,0.17411220478146583,0.3485727438651167,0.4773150513534178
,,,0.18165082174379474,0.23076634742322688,0.5875828308329781
,,,0.1842772215887452,0.21054778634855714,0.6051749920626973
,,,0.17959462562673068,0.19754200226844873,0.6228633721048203
,,,0.199673223517826,0.18310827409215352,0.6172185023900202
,,,0.17517046537422817,0.18401496870791234,0.6408145659178591
,,,0.19290295339354444,0.17683769506497904,0.6302593515414765
,,,0.22241637208793916,0.19638633639053757,0.581197291521523
,,,0.21238098297609892,0.19610747742262416,0.5915115396012766
,,,0.21561027692563933,0.19616062248017185,0.5882291005941885
,,,0.20644961419209587,0.19526016642323593,0.5982902193846678
,,,0.20610667145769795,0.19272419958274065,0.601169128959561
,,,0.2122085193442717,0.20710200301435502,0.580689477641373
,,,0.20625971315239566,0.21210066229847377,0.5816396245491302
,,,0.21707316161518864,0.19674237989620486,0.5861844584886062
,,,0.20889234870243212,0.18452722299370397,0.6065804283038636
,,,0.20440085265173977,0.19066702151634046,0.6049321258319194
,,,0.185196307716326,0.20529599126165463,0.6095077010220191
,,,0.17116638708882037,0.21022858990785065,0.6186050230033288
,,,0.1803102229258539,0.21185367413691833,0.6078361029372273
,,,0.1852727679139883,0.2362501493015058,0.5784770827845056
,,,0.1829106258616973,0.2294722050119364,0.5876171691263661
,,,0.19462423401533915,0.20447918183887906,0.6008965841457816
,,,0.17833879002904462,0.220899425051564,0.6007617849193911
,,,0.17762268860164399,0.19275839617526366,0.629618915223092
,,,0.17442745324986447,0.22257759053967416,0.6029949562104611
,,,0.16900958798156715,0.21406508240019623,0.6169253296182363
,,,0.19629810586922872,0.20906807999610622,0.5946338141346649
,,,0.20358596924766917,0.2643139208370883,0.5321001099152425
,,,0.22088210212256476,0.2431128223795642,0.5360050754978709
,,,0.21567133108059547,0.22533029126524717,0.5589983776541575
,,,0.20599777761938362,0.19463180564420468,0.5993704167364116
,,,0.21021759613772836,0.19798134096979664,0.5918010628924748
,,,0.21614372568106993,0.2031821623090708,0.5806741120098591
,,,0.21848500051224362,0.197412600596132,0.5841023988916243
,,,0.21365018982131143,0.20563726011685055,0.5807125500618376
,,,0.20826494686859726,0.21805888183582492,0.5736761712955776
,,,0.20926510755473757,0.22956967819028584,0.5611652142549765
,,,0.20429559544830517,0.2295831766780954,0.5661212278735993
,,,0.19613573989413427,0.2217632944923405,0.5821009656135253
,,,0.1832469514738385,0.18165800906429974,0.6350950394618615
,,,0.17509137987053047,0.19446019483340699,0.6304484252960624
,,,0.18562517703628312,0.19061167157499884,0.623763151388718
,,,0.18965842005292544,0.19087088374786987,0.6194706961992045
,,,0.1764634570247457,0.22909234631446182,0.5944441966607923
,,,0.22010277278745197,0.20744482248470103,0.5724524047278469
,,,0.21909662932787394,0.2008093208323652,0.5800940498397607
,,,0.2224401518731501,0.22807183379623933,0.5494880143306103
,,,0.21763661703395962,0.21460344041108675,0.5677599425549533
,,,0.21718586986854085,0.20623086649878186,0.5765832636326771
,,,0.21302387078204416,0.21105027478511065,0.575925854432845
,,,0.19805044055475715,0.21700055421279052,0.584949005232452
,,,0.20069730805243968,0.21636934231380947,0.5829333496337505
,,,0.20008769253094796,0.2120611503430129,0.5878511571260389
,,,0.19730205918582533,0.22156532173639396,0.5811326190777806
,,,0.19803399476164263,0.21934478335862193,0.5826212218797354
,,,0.20982463976399796,0.21788054958869016,0.5722948106473116
,,,0.21232835826575666,0.20187406571789115,0.585797576016352
,,,0.21068596790541658,0.19551854403444635,0.5937954880601368
,,,0.21039239564201018,0.19716561569963895,0.5924419886583506
,,,0.2111362730687207,0.19753675546756774,0.5913269714637113
,,,0.21372503671185775,0.2065021168036534,0.5797728464844887
,,,0.2153288712048042,0.1991039919595184,0.5855671368356772
,,,0.22496689625008753,0.19826063356795826,0.5767724701819541
,,,0.2270736330738222,0.20593752946045515,0.5669888374657224
,,,0.22534849296253182,0.21056325881005133,0.5640882482274167
,,,0.22106604460382506,0.20987904558147905,0.5690549098146958
,,,0.21607773452055362,0.2298380987328982,0.5540841667465479
,,,0.21776658828871448,0.25073186298605554,0.5315015487252299
,,,0.216761808232736,0.24606943586739638,0.5371687558998675
,,,0.1933072827649439,0.24034717599504757,0.5663455412400085
,,,0.1885554914515299,0.2375833423534575,0.5738611661950125
,,,0.1877303686580497,0.21800981032250605,0.594259821019444
,,,0.19442431748035838,0.2235741301717173,0.5820015523479241
,,,0.19517879112004757,0.22118371721629726,0.5836374916636551
,,,0.18522520639374104,0.2550501316942595,0.5597246619119994
,,,0.1976426584012563,0.26563877366465954,0.5367185679340842
,,,0.2017614527580652,0.23912078961488878,0.559117757627046
,,,0.20005155890884183,0.19908230548717273,0.6008661356039853
,,,0.20118925663919357,0.2378757253643871,0.5609350179964194
,,,0.20951448495468203,0.19991431025401554,0.5905712047913023
,,,0.19296659972515656,0.24634986963628702,0.5606835306385566
,,,0.1866173282943519,0.2074416417897406,0.6059410299159077
,,,0.17980086399389808,0.21068524782119138,0.6095138881849107
,,,0.17961616100140973,0.2099980207168286,0.6103858182817617
,,,0.18694915381543648,0.19338923528299584,0.6196616109015676
,,,0.17425213822847263,0.205791662521608,0.6199561992499193
,,,0.17148534347066094,0.19278960499175324,0.635725051537586
,,,0.18273426856547256,0.1923189870187915,0.6249467444157358
,,,0.188184528380131,0.21076360888968615,0.6010518627301827
,,,0.20674075710703968,0.20445818121703124,0.5888010616759288
,,,0.2074921232201591,0.19632422272269234,0.5961836540571482
,,,0.21221386253351274,0.1965134196906832,0.5912727177758036
,,,0.20807740535398556,0.20731481197629864,0.5846077826697155
,,,0.21539952839272267,0.21221441204896851,0.5723860595583083
,,,0.20324034629255752,0.20910475182610772,0.5876549018813343
,,,0.19354946578671522,0.20906590303150643,0.5973846311817779
,,,0.19014194441487536,0.2035912955277962,0.606266760057328
,,,0.184625494113106,0.2053259013427573,0.6100486045441362
,,,0.1901276388810016,0.20702077018329706,0.602851590935701
,,,0.17892457532899642,0.2130357875516757,0.6080396371193275
,,,0.17105698137281533,0.2326958336562505,0.5962471849709338
,,,0.17975591334486507,0.22529059995343131,0.5949534867017032
,,,0.1933951836778304,0.20332923736879904,0.6032755789533704
,,,0.18976712639896676,0.2049715244111111,0.605261349189922
,,,0.20096151037534515,0.2615434498583278,0.5374950397663268
,,,0.20619844162377635,0.2743624117638653,0.5194391466123585
,,,0.20865020615219565,0.27316310140540273,0.5181866924424017
,,,0.22193185281424516,0.2792471689140714,0.4988209782716836
,,,0.2133475283741405,0.18560226546372877,0.6010502061621306
,,,0.21358810614755974,0.19263820088991226,0.5937736929625277
,,,0.21265820614846323,0.19375863988549155,0.593583153966045
,,,0.20590809704622404,0.192762266534657,0.6013296364191187
,,,0.21009993246208025,0.21948101293065922,0.5704190546072604
,,,0.20074080885240753,0.2358652311656481,0.5633939599819443
,,,0.21291671137470938,0.21962740603592973,0.5674558825893607
,,,0.2013020427212626,0.20163245655230347,0.5970655007264337
,,,0.21348862057417248,0.21163489236956057,0.5748764870562667
,,,0.2164306348999951,0.2099737785717621,0.5735955865282426
,,,0.21074953723019912,0.2121119764158379,0.5771384863539627
,,,0.21984979364227664,0.2277486110343616,0.5524015953233615
,,,0.21129037192839903,0.21687650153399876,0.5718331265376019
,,,0.20609516121195257,0.2171217498040897,0.5767830889839575
,,,0.20630731259011148,0.22064519075073757,0.5730474966591506
,,,0.19149073368488703,0.22337468141390945,0.5851345849012033
,,,0.18996867795845507,0.21705450330905912,0.5929768187324855
,,,0.18605006218941064,0.254516242216112,0.5594336955944772
,,,0.20123302157972925,0.22283629804421592,0.5759306803760547
,,,0.20416709180620848,0.23571413471266034,0.5601187734811309
,,,0.1937651480921667,0.22886301202655637,0.5773718398812767
,,,0.18916633326519322,0.22096501170898403,0.5898686550258225
,,,0.19203878260672236,0.22957383372739432,0.578387383665883
,,,0.19376462297190375,0.20916927532845647,0.5970661016996397
,,,0.18343965582253827,0.2035680108449788,0.6129923333324828
,,,0.18626046232610377,0.22121219424662272,0.5925273434272733
,,,0.18196129144080508,0.19999109246031793,0.6180476160988768
,,,0.1831216112395553,0.20249505660614706,0.6143833321542975
,,,0.16084964848391792,0.19200856626387366,0.6471417852522083
,,,0.17787473668226686,0.21572003388427943,0.6064052294334538
,,,0.1848320550441688,0.17481090593228424,0.6403570390235467
,,,0.18604883617127654,0.18720187417834958,0.6267492896503737
,,,0.17744969756494847,0.18474576647771823,0.6378045359573331
,,,0.18227342157143028,0.19444711744763904,0.6232794609809305
,,,0.17644124512151327,0.2050081455222488,0.6185506093562378
,,,0.18887603397931957,0.18828021439860612,0.6228437516220743
,,,0.19177093541830814,0.19031407552985208,0.6179149890518396
,,,0.1941522601267505,0.23754328113513956,0.5683044587381098
,,,0.16429532624489565,0.1949831628152365,0.6407215109398675
,,,0.19154566372141824,0.2576667592574821,0.5507875770210996
,,,0.21121868144797631,0.27254491461554675,0.516236403936477
,,,0.20462672686216452,0.2838078248778883,0.5115654482599473
,,,0.21080036650435396,0.26136400230846457,0.5278356311871816
,,,0.21874959195276222,0.20071609331531004,0.5805343147319276
,,,0.21613562105085593,0.24199761877094378,0.5418667601782005
,,,0.20718324680536596,0.22086042308924297,0.5719563301053909
,,,0.21939799343784191,0.22814148021021413,0.552460526351944
,,,0.19805886329923875,0.20952715619660242,0.5924139805041588
,,,0.1944441317715833,0.1947004244562697,0.6108554437721471
,,,0.19670370969323758,0.2395386162207035,0.5637576740860589
,,,0.19766462605383395,0.29765441568350054,0.5046809582626657
,,,0.19005778546019017,0.35104385301586793,0.45889836152394187
,,,0.18496792292178887,0.3547869326153492,0.4602451444628619
,,,0.20261376109081794,0.3312705752920798,0.4661156636171022
,,,0.21759672003767647,0.2947347502584685,0.4876685297038549
,,,0.19457354704138027,0.3096963135281291,0.4957301394304905
,,,0.2101246869675407,0.2524822799203441,0.5373930331121151
,,,0.18408103780600046,0.2977832448849779,0.5181357173090216
,,,0.1829992669514681,0.27210952795711746,0.5448912050914144
,,,0.17061891691939335,0.27657193692765725,0.5528091461529495
,,,0.17505583939542718,0.3587335364599419,0.4662106241446311
,,,0.171614829548851,0.3755603210716075,0.4528248493795416
,,,0.179193132213345,0.36480528563769804,0.4560015821489573
,,,0.1803411492587125,0.3603646263515137,0.459294224389774
,,,0.1690137193905689,0.3298921626730831,0.5010941179363481
,,,0.17940003225689236,0.3156782219663406,0.504921745776767
,,,0.16389795985562527,0.40602394354628196,0.4300780965980929
,,,0.17869801730002569,0.37757242925843243,0.44372955344154197
,,,0.1953750363973191,0.2886081234843085,0.5160168401183723
,,,0.21622223519603814,0.20501065813150277,0.5787671066724588
,,,0.2137233413294506,0.19405079027222197,0.592225868398327
,,,0.21858599106019394,0.19497147000923412,0.5864425389305716
,,,0.21848323540470574,0.1950333521688993,0.5864834124263948
,,,0.2156691972023306,0.1915480252034762,0.5927827775941928
,,,0.2078415883345685,0.20261748799204654,0.5895409236733847
,,,0.20689621203041272,0.2241415756808904,0.5689622122886967
,,,0.21024956569903927,0.24076855412391057,0.5489818801770501
,,,0.21487138531037261,0.2243478970024121,0.560780717687215
,,,0.2179508296074922,0.21136088466126676,0.5706882857312408
,,,0.22213701261000338,0.20837738632128647,0.56948560106871
,,,0.21628836879912824,0.20676149305285027,0.5769501381480212
,,,0.207115792549689,0.20749087044900258,0.5853933370013084
,,,0.19853910073979467,0.2259648495191103,0.575496049741095
,,,0.17847502338179363,0.19801289831327004,0.6235120783049363
,,,0.18024567775301517,0.168255131292372,0.6514991909546127
,,,0.1843509481040155,0.16047976524517116,0.6551692866508132
,,,0.15764509634466645,0.14324504874040472,0.6991098549149288
,,,0.17274497608628014,0.15674771655233763,0.6705073073613823
,,,0.15774657842974643,0.15489088303698328,0.6873625385332702
,,,0.16313634600464763,0.16245877393785857,0.6744048800574939
,,,0.17853750099433402,0.16761591580958732,0.6538465831960785
,,,0.17586660178784075,0.1726240906524833,0.6515093075596758
,,,0.14806796077870546,0.17397388090657262,0.677958158314722
,,,0.1505404968826115,0.18777670283906356,0.6616828002783249
,,,0.1949733382238693,0.27629816575726834,0.5287284960188624
,,,0.19630440525772194,0.2913794110452578,0.5123161836970204
,,,0.20135158552248503,0.27984632069025744,0.5188020937872577
,,,0.20919674658305154,0.31899491676972874,0.47180833664721983
,,,0.22232199296685395,0.27359107476580424,0.5040869322673419
,,,0.22097918489144738,0.2598888543539274,0.5191319607546252
,,,0.21971410894354218,0.21153125645345508,0.5687546346030027
,,,0.21021269348534097,0.2353922570062933,0.5543950495083656
,,,0.20717503940138762,0.2392031013232647,0.5536218592753476
,,,0.18819915246929755,0.27925529680235534,0.5325455507283472
,,,0.19026149907578713,0.29454921126603373,0.5151892896581792
,,,0.19539905598050236,0.2713433735810901,0.5332575704384076
,,,0.18865649594723244,0.2898551141861749,0.5214883898665928
,,,0.17527578483039197,0.3275305199244791,0.497193695245129
,,,0.1634383900029779,0.3240919439301882,0.512469666066834
,,,0.16255340471695928,0.32626434359816836,0.5111822516848724
,,,0.1660849583620017,0.31988458994575836,0.5140304516922399
,,,0.179794326613877,0.2774020869095035,0.5428035864766193
,,,0.18903344291247914,0.2769151928916514,0.5340513641958693
,,,0.19434528263933168,0.29392859278695865,0.5117261245737096
,,,0.17792776786203948,0.33652445131295766,0.48554778082500294
,,,0.16928185969023846,0.3650618872324361,0.4656562530773254
,,,0.16704866537167315,0.2657524734131169,0.5671988612152099
,,,0.18948765447272933,0.21464118163324095,0.5958711638940296
,,,0.1966516742702704,0.2129647096025587,0.5903836161271707
,,,0.19934500360019441,0.19582258973116917,0.6048324066686361
,,,0.19919601952302377,0.2049971293463469,0.595806851130629
,,,0.19170663872249744,0.2432779917988234,0.5650153694786789
,,,0.1932351965513037,0.23645085558693998,0.5703139478617562
,,,0.19508645810314193,0.21444515147061613,0.5904683904262417
,,,0.17287001078740044,0.2161913604202488,0.6109386287923507
,,,0.17794342295928797,0.18835382522634872,0.6337027518143631
,,,0.17794270597087317,0.18119135209048076,0.6408659419386459
,,,0.1659422752568572,0.17193735935560808,0.6621203653875345
,,,0.158366569086762,0.15848296425917277,0.683150466654065
,,,0.21065865828825137,0.1773329664735,0.6120083752382485
,,,0.2105845565856066,0.19701156930865832,0.5924038741057347
,,,0.20623902200481894,0.19612616450272377,0.5976348134924568
,,,0.21150049455671638,0.19428386345742077,0.5942156419858624
,,,0.20059933998244112,0.19313843623245774,0.6062622237851009
,,,0.19142714323491167,0.21471352982906797,0.5938593269360201
,,,0.19693123688303327,0.20810184626494468,0.5949669168520217
,,,0.20088164912529696,0.2321449731702573,0.5669733777044453
,,,0.19876269742880545,0.23669437480251138,0.5645429277686829
,,,0.1813576310788169,0.2158681788170535,0.6027741901041292
,,,0.1754806601475879,0.23833457458011278,0.5861847652722991
,,,0.1753409098883708,0.2309426752927089,0.5937164148189201
,,,0.18858292701933813,0.21028896199445132,0.6011281109862106
,,,0.18757395493124387,0.2223005250618151,0.590125520006941
,,,0.19544550362616028,0.2712824897209124,0.5332720066529273
,,,0.18676672636195743,0.2778704427870426,0.5353628308509999
,,,0.1868576625783035,0.25555914911636823,0.557583188305328
,,,0.1802706538808493,0.29381097539870077,0.52591837072045
,,,0.19446749627002094,0.28371704978576245,0.5218154539442164
,,,0.2021245311897662,0.1961045725705075,0.6017708962397259
,,,0.1981074569511138,0.22653824034868691,0.575354302700199
,,,0.18570071871358568,0.22171727987236886,0.5925820014140454
,,,0.18233322852121464,0.19988139562737586,0.6177853758514095
,,,0.2069219230517352,0.17614718846020846,0.616930888488056
,,,0.21001721074208926,0.19193579074780254,0.598046998510108
,,,0.20707367142349536,0.20544097155660546,0.5874853570198988
,,,0.20850544116620745,0.19740880182407128,0.5940857570097209
,,,0.2100657026443327,0.1975100264042517,0.5924242709514153
,,,0.21053623671567778,0.19936026380122016,0.5901034994831017
,,,0.21530215434244507,0.20225090234096876,0.5824469433165859
,,,0.2156053904410215,0.1997760320601632,0.584618577498815
,,,0.20476068896544372,0.2160733859339786,0.5791659251005773
,,,0.1924642916277574,0.24934872617158393,0.5581869822006584
,,,0.1904947530793005,0.2563223603895124,0.553182886531187
,,,0.1888945331840576,0.25371825620785965,0.5573872106080825
,,,0.17518522386168522,0.2506270021244769,0.5741877740138377
,,,0.1703537467332518,0.24027483235170005,0.589371420915048
,,,0.17243008069466065,0.24169784298122385,0.5858720763241153
,,,0.17195932520584353,0.22749113074720664,0.6005495440469496
,,,0.1849465915061965,0.19643183940704162,0.6186215690867616
,,,0.18183031028890415,0.21225953200670414,0.6059101577043916
,,,0.17997591540607707,0.21604417917437144,0.6039799054195514
,,,0.16251830822310404,0.1719602398674716,0.6655214519094242
,,,0.15342776446234566,0.16360738908434025,0.6829648464533139
,,,0.14703156811087134,0.16057180153250564,0.692396630356623
,,,0.1420742517582713,0.1883649023031811,0.6695608459385477
,,,0.13862877539268606,0.18959199121525816,0.6717792333920558
,,,0.137708530478168,0.1862636668206669,0.6760278027011651
,,,0.14113067213678046,0.18449767156419292,0.6743716562990265
,,,0.14294149851771787,0.18228326893703367,0.6747752325452485
,,,0.14633243371609694,0.1727164022179549,0.6809511640659481
,,,0.15279138440029003,0.17411065224366518,0.6730979633560448
,,,0.15315198204813762,0.18265338649754626,0.6641946314543162
,,,0.1847130665215286,0.18623574508922744,0.6290511883892437
,,,0.17885304412494546,0.17198622125350854,0.6491607346215459
,,,0.2038648623255537,0.2005249265327278,0.5956102111417182
,,,0.20525463346341818,0.19847900218146808,0.5962663643551133
,,,0.20759126488733576,0.1954270798512971,0.5969816552613668
,,,0.1967463196408996,0.20869562281379572,0.5945580575453043
,,,0.20004071724447264,0.2164028927302002,0.5835563900253269
,,,0.20616511705636217,0.21307649208241167,0.5807583908612259
,,,0.2110352505769744,0.21792689429001075,0.5710378551330145
,,,0.20890309753045042,0.2253103046228826,0.5657865978466667
,,,0.22309083349531458,0.2141136066338214,0.5627955598708639
,,,0.2267172112766516,0.2184675116671733,0.5548152770561748
,,,0.20395372066211104,0.2370443434003865,0.5590019359375022
,,,0.20414912518252323,0.2256866781409374,0.5701641966765392
,,,0.21351683392781828,0.2389961088758957,0.5474870571962858
,,,0.2175726715695415,0.2156128189113068,0.5668145095191517
,,,0.21304672298771518,0.20306963666254144,0.5838836403497433
,,,0.20726611047718688,0.2193120879294174,0.5734218015933955
,,,0.20900672940586287,0.21085666881331766,0.5801366017808194
,,,0.21500037227157928,0.21863382385676566,0.5663658038716548
,,,0.20486212109005614,0.23404728778409556,0.5610905911258481
,,,0.1939618132399471,0.24910694836325628,0.5569312383967964
,,,0.20245668318673427,0.24864640888896478,0.5488969079243008
,,,0.20600974269543287,0.24624099105911568,0.5477492662454513
,,,0.20553335428715921,0.24136871712503655,0.5530979285878039
,,,0.2155019618442106,0.24041233798365616,0.544085700172133
,,,0.2148574132107084,0.23869300098964202,0.5464495857996494
,,,0.2134309829911018,0.23352141877188679,0.5530475982370112
,,,0.20152101484780655,0.22681022553860927,0.5716687596135839
,,,0.20221481963019441,0.22873829196553846,0.569046888404267
,,,0.20524854420761368,0.26542605360553023,0.5293254021868561
,,,0.20592298501354928,0.21479750931741584,0.5792795056690347
,,,0.20712188406740964,0.22337733364326293,0.5695007822893273
,,,0.21329208613159845,0.19955238496424121,0.58715552890416
,,,0.21539564683071755,0.19596376022414932,0.5886405929451327
,,,0.21071422530102196,0.22897151120755788,0.56031426349142
,,,0.18541890773732045,0.20785245182144652,0.606728640441233
,,,0.1762758406645772,0.19508305248158916,0.6286411068538335
,,,0.17255114533925256,0.209865743304529,0.6175831113562182
,,,0.18363082363445435,0.20403900991499552,0.6123301664505498
,,,0.1760617148050313,0.2095715658114473,0.6143667193835212
,,,0.17220716353777685,0.21248092007742492,0.615311916384798
,,,0.21615901566085416,0.22938170438671637,0.5544592799524293
,,,0.21590449788339502,0.22877913327494412,0.5553163688416606
,,,0.21159563008939686,0.23046694630347597,0.557937423607127
,,,0.21534927617361896,0.23457342125003802,0.5500773025763428
,,,0.20409618313922476,0.23369062753320236,0.5622131893275726
,,,0.19752134132712063,0.23030110398309098,0.5721775546897881
,,,0.20322822140840863,0.23197882138695378,0.5647929572046374
,,,0.2128011544122537,0.22025616181832158,0.5669426837694245
,,,0.20455961050130692,0.24663339133917417,0.5488069981595186
,,,0.2071052663064929,0.24389347703976502,0.5490012566537417
,,,0.21461888142293012,0.24467779742501466,0.540703321152055
,,,0.2028907060846145,0.25843348201212313,0.538675811903262
,,,0.19576607031060725,0.25200930893229934,0.5522246207570931
,,,0.1932986221373804,0.24399657578460757,0.5627048020780118
,,,0.19805636773223192,0.23601172588300884,0.5659319063847592
,,,0.19454547471858785,0.23970715296480968,0.5657473723166023
,,,0.19192670404432793,0.23420038124732545,0.5738729147083464
,,,0.18653535227832926,0.24085006332365017,0.5726145843980204
,,,0.18188502276708998,0.23840071352005776,0.5797142637128521
,,,0.19489604248441292,0.22668259458194842,0.5784213629336384
,,,0.2139760917510564,0.23816014047662637,0.547863767772317
,,,0.2147480549179975,0.23374488006907387,0.5515070650129283
,,,0.21393759254943398,0.23929444848133297,0.5467679589692329
,,,0.22110443721530365,0.22716416737273548,0.5517313954119605
,,,0.21577295899431426,0.22806935034182035,0.5561576906638651
,,,0.2132881313802781,0.23886867450332525,0.5478431941163965
,,,0.21909895154991477,0.24294685938918092,0.5379541890609041
,,,0.2174999491824214,0.22960496256016247,0.552895088257416
,,,0.22028173653082564,0.22565407340478935,0.5540641900643848
,,,0.21232081565419547,0.23398472922764943,0.553694455118155
,,,0.2159724174981934,0.23171012587000547,0.5523174566318011
,,,0.208898117882571,0.22706436934713992,0.5640375127702888
,,,0.20198664052874463,0.21237552422405032,0.5856378352472049
,,,0.20790945162275137,0.2229744424347798,0.5691161059424688
,,,0.20544920025628774,0.21985486975404156,0.5746959299896707
,,,0.20230315761201237,0.23078199794547216,0.5669148444425155
,,,0.19160147155592397,0.2266975963120979,0.581700932131978
,,,0.1997480254797861,0.22139086649590312,0.5788611080243107
,,,0.1996415461265073,0.20342781705604235,0.5969306368174501
,,,0.17559353954462786,0.18053372248858854,0.6438727379667835
,,,0.1927701487598048,0.19700354722546806,0.610226304014727
,,,0.1943243601358109,0.21209924317596374,0.5935763966882254
,,,0.2010256039634478,0.2646173230357754,0.534357073000777
,,,0.20378012460211106,0.21769044353760772,0.5785294318602813
,,,0.19498518227736197,0.22014418900818392,0.584870628714454
,,,0.19481895449131265,0.27095787560956763,0.5342231698991198
,,,0.18445581537920397,0.22011483380479444,0.5954293508160017
,,,0.1784791595729516,0.18172353012923573,0.6397973102978126
,,,0.1794914996227958,0.18635980522107773,0.6341486951561263
,,,0.18956711183326036,0.16923245808729434,0.6412004300794453
,,,0.16983583625670717,0.19080697640174546,0.6393571873415475
,,,0.16608372113228018,0.16822470899630862,0.6656915698714113
,,,0.1429275337563666,0.17127328065571265,0.6857991855879207
,,,0.14830941613411966,0.17436657216246604,0.6773240117034143
,,,0.14579455968016483,0.171250314670331,0.6829551256495041
,,,0.14952199183429388,0.17369082350987186,0.6767871846558343
,,,0.15002504258657243,0.2126344185980232,0.6373405388154044
,,,0.16180437821587582,0.23378595345967632,0.6044096683244482
,,,0.16472604062409504,0.20960010004731922,0.6256738593285859
,,,0.1726088312691579,0.16922237940591964,0.6581687893249224
,,,0.16928308075448165,0.21320617924144852,0.61751074000407
,,,0.17334737356095722,0.17867300970488884,0.6479796167341538
,,,0.1513076721996517,0.17280842785099731,0.6758838999493509
,,,0.15430033532254453,0.21071171189428026,0.6349879527831753
,,,0.1596823600045073,0.20923276026806548,0.6310848797274273
,,,0.17573661395602702,0.2321339083510173,0.592129477692956
,,,0.19542593149682516,0.262236140802243,0.5423379277009319
,,,0.21175626135703973,0.27795382158634174,0.5102899170566184
,,,0.2061622828550568,0.3013456480410652,0.492492069103878
,,,0.21002383315217732,0.27601677520942597,0.5139593916383967
,,,0.21398299197744547,0.24319318433317796,0.5428238236893765
,,,0.2022618734638791,0.21728527314722235,0.5804528533888983
,,,0.20071809277890143,0.2022204645334303,0.5970614426876683
,,,0.1942241298827377,0.23589086423025202,0.5698850058870101
,,,0.19209430957102028,0.2871709777065726,0.5207347127224069
,,,0.17625371375118068,0.2979636712140478,0.5257826150347715
,,,0.16670827485619052,0.33698103430645665,0.49631069083735285
,,,0.16743432090457994,0.3162105316681435,0.5163551474272766
,,,0.17641586366833922,0.30458734635829776,0.5189967899733631
,,,0.17519251665672225,0.3150736626664601,0.5097338206768177
,,,0.1693430711185858,0.3258252338364597,0.5048316950449545
,,,0.18300129281303232,0.25042841024907975,0.5665702969378877
,,,0.1618489052007943,0.1822553944483684,0.6558957003508372
,,,0.15581320046471844,0.1676524800164672,0.676534319518814
,,,0.15581320046471844,0.1676524800164672,0.676534319518814
,,,0.14601723892220264,0.162822839049137,0.6911599220286601
,,,0.1450308250538108,0.17351525366026121,0.6814539212859279
,,,0.17396117818222437,0.2416335650474681,0.5844052567703075
,,,0.19099507007930946,0.276252253951017,0.5327526759696736
,,,0.18160656268339306,0.30601008913975436,0.5123833481768525
,,,0.18725616755506355,0.35319889136134874,0.4595449410835877
,,,0.1941151941405037,0.26613849662494415,0.5397463092345518
,,,0.18260143770476092,0.26313578873992016,0.5542627735553186
,,,0.18831056950044217,0.2856630267120135,0.5260264037875441
,,,0.18142236852176338,0.371128720592429,0.44744891088580757
,,,0.16227656707128546,0.38645177600411174,0.45127165692460286
,,,0.16066459001750516,0.3988235679430122,0.4405118420394826
,,,0.15559509272295813,0.410566043727384,0.43383886354965784
,,,0.1369821411563603,0.4290237620970314,0.43399409674660816
,,,0.14148782822597802,0.40193939953878044,0.4565727722352414
,,,0.1613512793389509,0.3167116401899413,0.5219370804711077
,,,0.15320765599651825,0.3133348670333158,0.5334574769701658
,,,0.15291064045708744,0.2944276081245443,0.5526617514183682
,,,0.13467586592810876,0.37544219989335426,0.489881934178537
,,,0.13536309973803984,0.4109051721373045,0.4537317281246558
,,,0.13192943155199044,0.43649065896942413,0.4315799094785855
,,,0.1368771504557098,0.4323115894541186,0.43081126009017157
,,,0.1341279538429483,0.4534243809361129,0.4124476652209388
,,,0.13404113685602684,0.4480753872979004,0.4178834758460729
,,,0.15423533817617302,0.40032449083718696,0.44544017098664007
,,,0.1410861316263623,0.42974974359345597,0.4291641247801819
,,,0.13901935356899045,0.4294033165590517,0.43157732987195807
,,,0.13422516275902596,0.4563822864083268,0.4093925508326473
,,,0.1340964458275321,0.4649510856463439,0.40095246852612404
,,,0.14104393939746665,0.44312979401180286,0.4158262665907306
,,,0.13903306570029142,0.4361713097079069,0.42479562459180187
,,,0.1439994497589132,0.4336794058239918,0.42232114441709506
,,,0.14235337787779564,0.42580628590201014,0.43184033622019435
,,,0.14204090443919537,0.41646290002327485,0.4414961955375299
,,,0.15625986211077605,0.3477228128211076,0.4960173250681164
,,,0.17309335061392342,0.2040491859185155,0.6228574634675608
,,,0.19321807306896535,0.21077432950159125,0.5960075974294429
,,,0.19886355266608327,0.20126594030203854,0.5998705070318777
,,,0.2103220535801948,0.1905045715163266,0.5991733749034782
,,,0.20522481567538783,0.2013018092008448,0.5934733751237669
,,,0.19456688003645034,0.22158267080760585,0.5838504491559436
,,,0.1855543607760421,0.23201346608841728,0.5824321731355405
,,,0.1867623048756659,0.22741172583935165,0.5858259692849824
,,,0.19373774827214818,0.19647803948853787,0.6097842122393137
,,,0.1754636474781894,0.17529283464263085,0.6492435178791796
,,,0.17988988838748976,0.18835206577771335,0.6317580458347967
,,,0.17945686729369506,0.19414575654151617,0.6263973761647885
,,,0.2092659648968276,0.19577651379886277,0.5949575213043093
,,,0.19637743451920994,0.18673509036392333,0.6168874751168665
,,,0.1889889665967417,0.19713277466049312,0.6138782587427649
,,,0.18308487835060355,0.22303663981050062,0.5938784818388956
,,,0.1843021907497406,0.21131172931433326,0.6043860799359259
,,,0.18661046060944095,0.19986287590894683,0.6135266634816119
,,,0.1816094279155944,0.19827184796076713,0.6201187241236381
,,,0.19289173861755252,0.19615373544655174,0.6109545259358956
,,,0.17186892100452614,0.23295789743217377,0.5951731815632999
,,,0.1724509274392657,0.21907478555986087,0.6084742870008731
,,,0.17467768667117586,0.22680743279393295,0.5985148805348911
,,,0.1709372051472886,0.22298174068883003,0.6060810541638812
,,,0.17144765599031955,0.20447928620380026,0.6240730578058798
,,,0.1703437538744036,0.2109716152071924,0.6186846309184038
,,,0.17498462651710892,0.21169725854161206,0.6133181149412789
,,,0.19513301817174775,0.23504598584441033,0.5698209959838416
,,,0.2125071732795056,0.2173390036146699,0.5701538231058243
,,,0.20488757728562063,0.22841883188281747,0.5666935908315616
,,,0.2127992622386024,0.22831409893038512,0.5588866388310121
,,,0.21664364624993288,0.22710926884203184,0.5562470849080349
,,,0.20051229995298278,0.25393151791202495,0.5455561821349919
,,,0.19606410415105852,0.2420517765987578,0.5618841192501833
,,,0.1913637613639199,0.2485603258977741,0.5600759127383056
,,,0.20300071125898725,0.21409460027373,0.5829046884672824
,,,0.19204807654821074,0.2175500813250479,0.5904018421267412
,,,0.1835148196536939,0.2060531371194161,0.6104320432268898
,,,0.19233415686466449,0.21093991024771236,0.5967259328876231
,,,0.19426976573105356,0.19869630211750333,0.6070339321514429
,,,0.19479574258690477,0.21378480917007933,0.5914194482430157
,,,0.19329424000995676,0.21678418021875984,0.5899215797712833
,,,0.18776919698443173,0.22964211015420566,0.5825886928613624
,,,0.1936170327607575,0.17465634768231733,0.631726619556925
,,,0.17775566461285588,0.19356758932715473,0.6286767460599895
,,,0.18927369948239714,0.17512269233271294,0.6356036081848897
,,,0.16418892864960608,0.15456015882423368,0.68125091252616
,,,0.16960061701841703,0.15506689446945954,0.6753324885121234
,,,0.16865183974583464,0.1931774523099383,0.6381707079442269
,,,0.15092613264721627,0.1906700992556157,0.6584037680971678
,,,0.14873291286866924,0.16712520999374356,0.6841418771375872
,,,0.1435362429633034,0.16432945857003947,0.6921342984666571
,,,0.14126007678723526,0.1695050662055602,0.6892348570072047
,,,0.14101298891936476,0.1731624716846698,0.6858245393959653
,,,0.15089632106386974,0.17375811140428332,0.675345567531847
,,,0.16463147734006298,0.17071864572340023,0.6646498769365367
,,,0.15611752363146844,0.1807337097521086,0.6631487666164229
,,,0.15264751661487358,0.17918006324660463,0.6681724201385218
,,,0.1514679605520973,0.17665904811026642,0.6718729913376361
,,,0.1664753697515565,0.19745284279439423,0.636071787454049
,,,0.17872595526854287,0.22043643205133456,0.6008376126801225
,,,0.16445859867323498,0.20759554296908422,0.6279458583576806
,,,0.16976468019307006,0.21405309807938364,0.6161822217275462
,,,0.1455264928559258,0.17332733531108224,0.681146171832992
,,,0.15088679406307795,0.17451043688760273,0.6746027690493193
,,,0.1537985261860551,0.18549330633686145,0.6607081674770836
,,,0.14370484298514832,0.1948342921503512,0.6614608648645006
,,,0.14617594094948652,0.18967522235248416,0.6641488366980294
,,,0.15337302914198558,0.1821048668997992,0.6645221039582152
,,,0.15620589516394104,0.20361007524706587,0.6401840295889933
,,,0.14876319168077845,0.19097614318586142,0.6602606651333603
,,,0.1381410006231716,0.18066152076198583,0.6811974786148426
,,,0.13898118138734306,0.1678636873117666,0.6931551313008905
,,,0.14179426827050473,0.15802266614857216,0.700183065580923
,,,0.14273352215076426,0.17028559852495523,0.6869808793242805
,,,0.15303244496901386,0.2057972641844656,0.6411702908465206
,,,0.15988871127707172,0.22304842633531738,0.6170628623876112
,,,0.15510760068613805,0.21320723917953782,0.6316851601343242
,,,0.17032315698031522,0.21241252467071248,0.6172643183489724
,,,0.16431095133962131,0.20686494816619652,0.6288241004941822
,,,0.16185758079021975,0.19537418038702264,0.6427682388227577
,,,0.16116894152451028,0.19820074829883055,0.6406303101766592
,,,0.15524881074259186,0.20000098496974025,0.6447502042876679
,,,0.1422426091929173,0.18259108652468467,0.6751663042823982
,,,0.14486347649504686,0.19075660301653788,0.6643799204884153
,,,0.14393414798994034,0.16718856618236053,0.6888772858276991
,,,0.14288237542208318,0.16672464006613189,0.690392984511785
,,,0.14084837910664952,0.1840244609182711,0.6751271599750795
,,,0.15003357023150252,0.1831993504170335,0.6667670793514643
,,,0.1521784783221346,0.18725979921762406,0.6605617224602414
,,,0.14773304604017748,0.18372514969243578,0.668541804267387
,,,0.14773706206437864,0.17509247736594769,0.6771704605696737
,,,0.14179195508298292,0.15468888716010032,0.7035191577569166
,,,0.149958728829607,0.18045635558760914,0.6695849155827838
,,,0.1458292669112901,0.18528319283172595,0.668887540256984
,,,0.14763467100815597,0.16341761182397752,0.6889477171678664
,,,0.14061105953204206,0.18161603137193624,0.6777729090960217
,,,0.1467837874524507,0.17182001545484418,0.681396197092705
,,,0.147300772050623,0.1666400486749174,0.6860591792744596
,,,0.13908646028882365,0.18220220201291568,0.6787113376982608
,,,0.1481062244320741,0.18962758230356636,0.6622661932643596
,,,0.13793555925145767,0.19485336983172316,0.6672110709168193
,,,0.14146754041934217,0.17733713243716054,0.6811953271434973
,,,0.14713307623268904,0.17444577650470008,0.6784211472626107
,,,0.1485076437225276,0.1663986630183481,0.6850936932591242
,,,0.16481373815040296,0.22436967099814326,0.6108165908514539
,,,0.18849248671420646,0.29743573108347293,0.5140717822023206
,,,0.18238381616234076,0.3478969375981806,0.4697192462394787
,,,0.17371856973640096,0.3621706744238171,0.4641107558397821
,,,0.17048336905465433,0.36205776190848277,0.46745886903686307
,,,0.14996169350443375,0.40891843837870856,0.4411198681168576
,,,0.17069518042284262,0.34497821762924447,0.4843266019479129
,,,0.19932586821662635,0.2713288692480324,0.529345262535341
,,,0.1929913169414034,0.22463559666786653,0.5823730863907299
,,,0.19968568627026034,0.21391666595135703,0.5863976477783825
,,,0.2004768857399848,0.2343304644909251,0.5651926497690899
,,,0.19642893594627492,0.24442669086308055,0.5591443731906443
,,,0.19642893594627492,0.24442669086308055,0.5591443731906443
,,,0.18613300515387196,0.25524725985043756,0.5586197349956903
,,,0.17628045603229933,0.2369479118582012,0.5867716321094995
,,,0.17307954272388495,0.2150539017324287,0.6118665555436863
,,,0.1709640582876611,0.19704874038372058,0.6319872013286182
,,,0.18284425730694132,0.19878845047239369,0.6183672922206647
,,,0.18031033672723623,0.18763944826378787,0.6320502150089756
,,,0.1409433247051797,0.19146488683619328,0.6675917884586271
,,,0.14956835344670913,0.2121735477153339,0.6382580988379571
,,,0.14390315145919197,0.20518345168278837,0.6509133968580197
,,,0.15622845466222401,0.17269262071970293,0.6710789246180728
,,,0.15529999963326785,0.1508799299654896,0.6938200704012425
,,,0.1588428979048758,0.1461690422157895,0.6949880598793348
,,,0.1668216594057095,0.1672697684922218,0.6659085721020687
,,,0.16432322659227266,0.1850593724194608,0.6506174009882665
,,,0.17131900953813128,0.186828905194339,0.6418520852675296
,,,0.1816487727924287,0.18324534370921547,0.6351058834983556
,,,0.1738359626568017,0.18927186875644886,0.6368921685867492
,,,0.16532283661931488,0.17399006787435511,0.66068709550633
,,,0.16397255140683595,0.18000938194227675,0.6560180666508871
,,,0.1786155524520942,0.19205915120405742,0.6293252963438483
,,,0.1812209734489721,0.21899600044227138,0.5997830261087566
,,,0.19192295503160992,0.1971284860352314,0.6109485589331586
,,,0.19262900035551614,0.21042703270614735,0.5969439669383365
,,,0.19665894485296773,0.19528476633347364,0.6080562888135584
,,,0.20100781871377102,0.18073559779731055,0.6182565834889182
,,,0.17389779738392844,0.18909206747993587,0.6370101351361357
,,,0.1516041732552047,0.15483657716653532,0.6935592495782601
,,,0.14581120561409716,0.16375181123266314,0.6904369831532398
,,,0.13535413057206364,0.1693419690187568,0.6953039004091796
,,,0.1518253832486513,0.16893171048534647,0.6792429062660021
,,,0.15395822893252345,0.1681441656979461,0.6778976053695304
,,,0.1433873846237125,0.16212826662804558,0.6944843487482418
,,,0.14697601657756068,0.1911123939352789,0.6619115894871606
,,,0.1597100419477889,0.22880084045400512,0.6114891175982063
,,,0.1744377562090479,0.2545120871308231,0.5710501566601293
,,,0.1709384281990054,0.27453735521101685,0.554524216589978
,,,0.18718531544122075,0.29798326228231564,0.5148314222764636
,,,0.19701776424280523,0.24431908531332613,0.5586631504438683
,,,0.19951124141214624,0.23229451573543872,0.5681942428524148
,,,0.19835949223514782,0.22917938634170884,0.5724611214231431
,,,0.19160289765530844,0.22838092566694834,0.5800161766777431
,,,0.1785678019953057,0.2729729581669131,0.5484592398377811
,,,0.16316037728696156,0.3374879691817378,0.4993516535313006
,,,0.14411720748054047,0.436653809454967,0.41922898306449236
,,,0.14170675355523582,0.42860804448178574,0.42968520196297844
,,,0.16869360738470202,0.34814772061506327,0.4831586720002347
,,,0.17474453439969817,0.31928413662399674,0.5059713289763049
,,,0.19199073349596207,0.2742701051729607,0.5337391613310775
,,,0.19399023980833732,0.22143276151940744,0.5845769986722551
,,,0.1952057847566869,0.17880734526188788,0.6259868699814253
,,,0.19025134810165611,0.15321415885478668,0.6565344930435573
,,,0.16374451382758765,0.15874363833892244,0.6775118478334899
,,,0.15903540606636782,0.2081527099781683,0.6328118839554638
,,,0.1613263772663494,0.20389131527741505,0.6347823074562355
,,,0.16015574532442098,0.21022864540811914,0.6296156092674599
,,,0.15213727236340946,0.1910774765383187,0.6567852510982717
,,,0.1621820211224447,0.14809467702300477,0.6897233018545507
,,,0.162185096104051,0.13744719618976237,0.7003677077061866
,,,0.15981079998252878,0.1567831316491319,0.6834060683683392
,,,0.16295818829924916,0.17019789007083128,0.6668439216299196
,,,0.15719275151277878,0.1776548095164756,0.6651524389707458
,,,0.1479582921918158,0.17979017550347648,0.6722515323047078
,,,0.1539604804766952,0.17225631657816196,0.6737832029451428
,,,0.14265344057884885,0.1515035711136487,0.7058429883075025
,,,0.14032339922428366,0.14797361671287632,0.7117029840628399
,,,0.13809525227170538,0.14490904740018107,0.7169957003281137
,,,0.14603875206290035,0.1631250224505073,0.6908362254865924
,,,0.14790219214035522,0.16756615183382237,0.6845316560258223
,,,0.14536119882835416,0.17182628030765187,0.6828125208639939
,,,0.14246834548389312,0.16936072716046252,0.6881709273556441
,,,0.1363685746128091,0.1702605686041564,0.6933708567830343
,,,0.14888144597460543,0.17895267944124232,0.6721658745841523
,,,0.1411581345051376,0.180480580907529,0.6783612845873332
,,,0.14021924205110495,0.1799532012080761,0.6798275567408189
,,,0.14029541793938727,0.178252163413314,0.6814524186472986
,,,0.16927294595393644,0.22856795425264262,0.6021590997934211
,,,0.18440680572677803,0.2767192221271888,0.5388739721460332
,,,0.18101645696724117,0.3387003387130834,0.48028320431967536
,,,0.17931632646084736,0.3587442915225661,0.46193938201658646
,,,0.17722784527097202,0.3661512757193929,0.4566208790096352
,,,0.1872368806270298,0.36962774305113916,0.44313537632183114
,,,0.18292463243349918,0.36200150929556324,0.4550738582709377
,,,0.17017124269618086,0.3732569480064844,0.4565718092973349
,,,0.17338399037274332,0.36847251250658025,0.45814349712067653
,,,0.15616572547568944,0.3542465291715673,0.4895877453527433
,,,0.15356869281147392,0.3190404729061921,0.5273908342823339
,,,0.1596849599507716,0.2965894138747519,0.5437256261744765
,,,0.16463339418374667,0.30903171228040593,0.5263348935358474
,,,0.16766832462324868,0.30212141717707386,0.5302102581996776
,,,0.16468792637200858,0.3004591248293183,0.5348529487986732
,,,0.18332153684597322,0.26236781025434824,0.5543106528996785
,,,0.17463295778755467,0.23632810111415115,0.5890389410982942
,,,0.18473681610459786,0.1995299477007427,0.6157332361946594
,,,0.15219380182007602,0.15737817964779743,0.6904280185321263
,,,0.15957839365579524,0.16499886858935756,0.6754227377548472
,,,0.14672150681565235,0.19361120297087847,0.659667290213469
,,,0.14761767651551716,0.19787919940892018,0.6545031240755627
,,,0.14697687042850427,0.1911910688261169,0.6618320607453788
,,,0.14444374986796682,0.19134722380065697,0.6642090263313761
,,,0.1462562650020174,0.1821456830700102,0.6715980519279724
,,,0.1467893819689082,0.1816962152051619,0.6715144028259297
,,,0.15164139809938756,0.16890842249730276,0.6794501794033095
,,,0.159397121924847,0.13169094523966984,0.708911932835483
,,,0.1492011277952254,0.13686939413349822,0.7139294780712763
,,,0.14754066930554233,0.14780889397674882,0.7046504367177087
,,,0.1440787859962546,0.15372216346923764,0.7021990505345077
,,,0.1472240264639895,0.1865582240340699,0.6662177495019406
,,,0.14904785223143432,0.1819782096406442,0.6689739381279215
,,,0.14971592809284956,0.18242150510968436,0.6678625667974661
,,,0.15274268547205858,0.21479116786159685,0.6324661466663448
,,,0.158838424047756,0.20084958836725725,0.6403119875849868
,,,0.15540167586640097,0.213516418253372,0.6310819058802272
,,,0.14929089025918083,0.22295935711382314,0.6277497526269963
,,,0.1536450810881465,0.1857780914130942,0.6605768274987592
,,,0.14499312261255867,0.1566486429626256,0.6983582344248157
,,,0.151548828835735,0.15191310574106248,0.6965380654232024
,,,0.15491161558847508,0.14662481910926134,0.6984635653022636
,,,0.15007588004616712,0.15014895313661958,0.6997751668172133
,,,0.15007588004616712,0.15014895313661958,0.6997751668172133
,,,0.16873513651326266,0.15594159325414764,0.6753232702325899
,,,0.16847694079915837,0.16112592736165157,0.67039713183919
,,,0.17084189561989294,0.18837048986081217,0.6407876145192947
,,,0.21340359179483123,0.2116670056550397,0.5749294025501288
,,,0.2061883005110009,0.21444460873701876,0.5793670907519801
,,,0.20783876167034457,0.2120046433423509,0.5801565949873041
,,,0.20348096054174608,0.2055002312727563,0.5910188081854971
,,,0.19943482684855499,0.22154027436181706,0.5790248987896276
,,,0.19585702019138934,0.25253806880824736,0.5516049110003629
,,,0.1835439214306396,0.2610901280150781,0.555365950554282
,,,0.19380508031019378,0.22324815710893472,0.5829467625808712
,,,0.18180652967051383,0.22636430661211385,0.591829163717372
,,,0.19446693710220622,0.22114629127554256,0.584386771622251
,,,0.20045489350963855,0.21523368906699616,0.5843114174233651
,,,0.205383460608555,0.2274255140851239,0.5671910253063209
,,,0.21871219169258097,0.22442961863755495,0.5568581896698638
,,,0.2113412814126249,0.21180452231831953,0.5768541962690553
,,,0.2084753344144179,0.24808761510127902,0.5434370504843028
,,,0.2093591317950237,0.2596004672858985,0.5310404009190777
,,,0.20160778974094293,0.2485773430642412,0.5498148671948156
,,,0.19218170322461053,0.252937035306522,0.5548812614688674
,,,0.18131517738650108,0.23529682836290441,0.5833879942505943
,,,0.19512215142014278,0.21071560373611528,0.5941622448437417
,,,0.1889302259329414,0.23141873569402396,0.5796510383730346
,,,0.18106504655452718,0.2876561348057468,0.5312788186397259
,,,0.19037949551112004,0.2836728790430092,0.5259476254458706
,,,0.18858946786047742,0.20227826808087443,0.6091322640586481
,,,0.1976359454044733,0.19273117144383253,0.609632883151694
,,,0.2044612250067674,0.19863807765554425,0.5969006973376881
,,,0.20986068048066744,0.19239596177289112,0.5977433577464412
,,,0.20384457796827926,0.20828344018017705,0.5878719818515434
,,,0.1963450549578227,0.2058999545979111,0.5977549904442658
,,,0.20789179922959633,0.1936803386013522,0.5984278621690513
,,,0.2195824966747401,0.2108691890542089,0.5695483142710508
,,,0.21559758837495577,0.2144419541394972,0.5699604574855468
,,,0.21361530651271418,0.2133745806982189,0.5730101127890667
,,,0.20525554072603228,0.20854935801506452,0.5861951012589028
,,,0.2117314509835363,0.2254670649439997,0.5628014840724638
,,,0.2062563170377586,0.2448123746161874,0.5489313083460539
,,,0.21666963154541452,0.22108124198923612,0.5622491264653492
,,,0.2099310666254562,0.19039740086576606,0.5996715325087774
,,,0.1945409474545593,0.20366906180880864,0.6017899907366318
,,,0.17838917853147024,0.2089719869333535,0.612638834535176
,,,0.18227087366101327,0.19326332756741849,0.6244657987715679
,,,0.18461690346864668,0.21611942789665284,0.5992636686347003
,,,0.20927571381787644,0.21258322465249269,0.5781410615296306
,,,0.19920041246327588,0.19619421467737957,0.6046053728593442
,,,0.18767399762074266,0.19777417807010417,0.6145518243091529
,,,0.17073762262814163,0.19560809522326492,0.6336542821485932
,,,0.17661244100408258,0.1971708345527282,0.626216724443189
,,,0.1689466638158583,0.20518786100774433,0.6258654751763971
,,,0.15199662984155832,0.17787772484654063,0.6701256453119009
,,,0.1692637209679404,0.15965865109584323,0.6710776279362163
,,,0.1704500055637081,0.16858626125514,0.6609637331811519
,,,0.17413750128928063,0.17093599485976618,0.6549265038509533
,,,0.16907288053696468,0.16225628978767928,0.6686708296753562
,,,0.15561561005715616,0.1665358812816093,0.6778485086612345
,,,0.15561935413353506,0.18205877487729447,0.6623218709891704
,,,0.17341458878835023,0.23704571106518862,0.5895397001464613
,,,0.18677029566210188,0.2544124962889054,0.5588172080489929
,,,0.20183154025169497,0.25279062589941825,0.5453778338488869
,,,0.20662049158305668,0.20869566148185698,0.5846838469350863
,,,0.20936190608726707,0.19256647566778817,0.5980716182449445
,,,0.212870094438511,0.19649246839409581,0.590637437167393
,,,0.20898242097060174,0.2366494654687804,0.5543681135606178
,,,0.17886084619465412,0.20944022462872935,0.6116989291766167
,,,0.17217077176600293,0.2075451055535376,0.6202841226804595
,,,0.14920617655919682,0.18747596047165394,0.6633178629691493
,,,0.14247327713347877,0.18391557114123153,0.6736111517252898
,,,0.14238164877670456,0.2111959332026146,0.646422418020681
,,,0.14026669336989642,0.19509499781382306,0.6646383088162806
,,,0.15011153552875342,0.1743656515354948,0.6755228129357517
,,,0.20156583503883246,0.28872586513714077,0.5097082998240269
,,,0.19111061883759883,0.34656137398081677,0.4623280071815845
,,,0.18404419786820514,0.34929080008283153,0.46666500204896344
,,,0.1961844984821296,0.3295385934580038,0.47427690805986666
,,,0.22043806697231613,0.24220091623034834,0.5373610167973354
,,,0.21404781168828615,0.26524327586444835,0.5207089124472654
,,,0.1945902657196476,0.23808097702062675,0.5673287572597256
,,,0.17750739336397758,0.32021879810952875,0.5022738085264937
,,,0.18983736334940388,0.26909226870438335,0.5410703679462127
,,,0.17321738805106843,0.2143911176394814,0.6123914943094504
,,,0.1723747301687721,0.19699442774404893,0.630630842087179
,,,0.17281378041773215,0.19973759084287182,0.627448628739396
,,,0.17795947461312991,0.2013938949930247,0.6206466303938454
,,,0.17399186009658815,0.2061421166538333,0.6198660232495785
,,,0.181784910976803,0.18826305185144357,0.6299520371717532
,,,0.18300590117137286,0.17788351721299095,0.6391105816156358
,,,0.177694880182384,0.18040567791450104,0.6418994419031148
,,,0.18368499508598823,0.18128013074953514,0.6350348741644762
,,,0.14815713077311707,0.16394464368745126,0.6878982255394316
,,,0.13641247491141523,0.15457826272877345,0.7090092623598112
,,,0.13783824100992484,0.13823007350617103,0.7239316854839041
,,,0.15145805568070894,0.1947240779855944,0.6538178663336965
,,,0.15640552518804282,0.19761473657076448,0.6459797382411927
,,,0.14202917059533238,0.19511975382157526,0.6628510755830923
,,,0.14473899762273448,0.20766570116663582,0.6475953012106298
,,,0.14309123412135746,0.1930194244424563,0.6638893414361863
,,,0.14197685465758106,0.19453574604670515,0.6634873992957137
,,,0.15684388217827597,0.21386643471718553,0.6292896831045387
,,,0.14994779137811415,0.21734223809245343,0.6327099705294326
,,,0.14060157273607243,0.2074666483911046,0.651931778872823
,,,0.14531213528563053,0.193337044293577,0.6613508204207923
,,,0.14665513162677943,0.1531572437855157,0.7001876245877048
,,,0.14177848128271456,0.1621365930778722,0.6960849256394133
,,,0.1464369821020064,0.15630992618011985,0.6972530917178738
,,,0.1408522768109481,0.17886461043462215,0.6802831127544295
,,,0.13593546767052922,0.17843648368336523,0.6856280486461054
,,,0.1436674112125333,0.16073476076114243,0.6955978280263241
,,,0.14231679560351163,0.1408124700298328,0.7168707343666556
,,,0.14030634674904494,0.14458241741561195,0.715111235835343
,,,0.14565883317829986,0.15164097265459242,0.7027001941671075
,,,0.14894909707178758,0.19121050157555516,0.6598404013526573
,,,0.15337076194990742,0.21581218603571134,0.6308170520143817
,,,0.1540581608110764,0.24015434912838887,0.605787490060535
,,,0.1614303045116897,0.23329266225432627,0.6052770332339844
,,,0.16235704096903752,0.23444547029877352,0.6031974887321891
,,,0.1671366036762968,0.2204200058580706,0.6124433904656328
,,,0.16172533385981663,0.19838883554501777,0.6398858305951657
,,,0.1448353737775411,0.1831163629127804,0.6720482633096785
,,,0.14705055236303338,0.19491436149140426,0.6580350861455622
,,,0.14601730250450035,0.2038916435606911,0.6500910539348085
,,,0.14427890469313362,0.20474853415804553,0.6509725611488208
,,,0.14560670622227903,0.197149697216124,0.657243596561597
,,,0.15377277440377715,0.1825876039232036,0.6636396216730192
,,,0.15207908001080508,0.17906704765509016,0.6688538723341049
,,,0.14706465882859976,0.17386806810133254,0.6790672730700676
,,,0.14940440528933335,0.14681096380372588,0.7037846309069407
,,,0.15005119409836237,0.16002340250414865,0.6899254033974891
,,,0.18521718564467235,0.18607062809944264,0.628712186255885
,,,0.20457192533830373,0.20550483337196573,0.5899232412897303
,,,0.20605473347863934,0.21237960906333725,0.5815656574580234
,,,0.19443398293441297,0.23155391570076625,0.5740121013648206
,,,0.19064942146413663,0.2554755557234236,0.5538750228124395
,,,0.19396932352808974,0.2547694225134379,0.551261253958472
