entry_time,exit_time,direction,entry_price,exit_price,pnl,pnl_pct,holding_bars,position_size,exit_reason
2023-01-06 11:00:00,2023-01-06 14:00:00,long,4095.0,4097.0,0.4328140811920166,0.04403887680016449,2,0.24,signal
2023-01-06 14:00:00,2023-01-06 23:00:00,long,4099.0,4086.0,-10.923839988708497,-0.3331251521318766,4,0.8,signal
2023-01-06 23:00:00,2023-01-09 11:00:00,long,4088.0,4092.0,1.795500010251999,0.08784246625499016,3,0.5,signal
2023-01-09 11:00:00,2023-01-09 14:00:00,long,4094.0,4093.0,-0.3736829960346222,-0.030425256150026232,2,0.3,signal
2023-01-09 14:00:00,2023-01-09 15:00:00,long,4095.0,4089.0,-3.204599991440773,-0.15651282009478745,1,0.5,signal
2023-01-09 15:00:00,2023-01-11 10:00:00,long,4091.0,4140.0,7.331480250656605,1.1947331949248927,14,0.15,signal
2023-01-11 10:00:00,2023-01-11 11:00:00,long,4142.0,4142.0,-0.20709998905658722,-0.009999999471587986,1,0.5,signal
2023-01-11 11:00:00,2023-01-11 15:00:00,long,4144.0,4160.0,4.725264000892639,0.38008880316060484,3,0.3,signal
2023-01-11 15:00:00,2023-01-11 22:00:00,long,4162.0,4140.0,-11.20754998922348,-0.5385655929468275,2,0.5,signal
2023-01-11 22:00:00,2023-01-11 23:00:00,long,4142.0,4107.0,-5.268560249358416,-0.847989739153133,1,0.15,signal
2023-01-11 23:00:00,2023-01-12 13:00:00,short,4107.0,4122.0,-10.903220998644828,-0.37925566101933383,4,0.7,signal
2023-01-13 14:00:00,2023-01-13 15:00:00,long,4179.0,4172.0,-7.835099995136261,-0.1874874370695444,1,1.0,signal
2023-01-13 15:00:00,2023-01-13 23:00:00,long,4174.0,4138.0,-10.874808000326157,-0.8684561571894391,3,0.3,signal
2023-01-13 23:00:00,2023-01-16 09:00:00,long,4140.0,4119.0,-10.706474989652634,-0.5172210139928808,1,0.5,signal
2023-01-16 09:00:00,2023-01-16 10:00:00,long,4121.0,4104.0,-2.568506249785423,-0.4155150448573038,1,0.15,signal
2023-01-16 10:00:00,2023-01-16 14:00:00,short,4104.0,4088.0,10.798592010140418,0.37589083855960803,3,0.7,signal
2023-01-17 21:00:00,2023-01-17 23:00:00,long,4141.0,4164.0,5.472163199615478,0.5506080656459267,2,0.24,signal
2023-01-17 23:00:00,2023-01-18 10:00:00,long,4166.0,4158.0,-6.932735977172851,-0.2080153617730692,2,0.8,signal
2023-01-18 10:00:00,2023-01-18 13:00:00,long,4160.0,4151.0,-2.7747989988327024,-0.222339663368005,2,0.3,signal
2023-01-18 13:00:00,2023-01-18 21:00:00,long,4153.0,4165.0,5.792050004005432,0.2789333014209214,3,0.5,signal
2023-01-18 21:00:00,2023-01-18 22:00:00,long,4167.0,4184.0,5.024841000437736,0.4019551236251289,1,0.3,signal
2023-01-18 22:00:00,2023-01-18 23:00:00,long,4186.0,4172.0,-7.208949998021126,-0.34443143803254306,1,0.5,signal
2023-01-18 23:00:00,2023-01-19 09:00:00,long,4174.0,4159.0,-4.574996999502182,-0.36535673211165803,1,0.3,signal
2023-01-19 09:00:00,2023-01-20 09:00:00,long,4161.0,4172.0,1.6312507501244544,0.2613555635863902,9,0.15,signal
2023-01-20 09:00:00,2023-01-20 11:00:00,short,4172.0,4186.0,-10.209541996121406,-0.3495939595987333,2,0.7,signal
2023-01-30 11:00:00,2023-01-30 13:00:00,long,4248.0,4214.0,-34.84619998931885,-0.8202966099180521,1,1.0,signal
2023-01-30 13:00:00,2023-01-30 21:00:00,long,4216.0,4199.0,-5.175734998583794,-0.4092137095654486,3,0.3,signal
2023-01-30 21:00:00,2023-01-30 22:00:00,long,4201.0,4203.0,0.789900004863739,0.03760533229534582,1,0.5,signal
2023-01-30 22:00:00,2023-01-31 09:00:00,long,4205.0,4208.0,0.4310707511007786,0.06834256854550592,2,0.15,signal
2023-01-31 09:00:00,2023-01-31 10:00:00,long,4210.0,4196.0,-4.275653995871544,-0.33853159112205417,1,0.3,signal
2023-01-31 10:00:00,2023-01-31 11:00:00,long,4198.0,4185.0,-1.968861749768257,-0.3126666269284194,1,0.15,signal
2023-01-31 11:00:00,2023-01-31 13:00:00,long,4187.0,4165.0,-11.208799988031387,-0.535409600574702,1,0.5,signal
2023-01-31 13:00:00,2023-01-31 14:00:00,long,4167.0,4159.0,-1.21873349994421,-0.19498176145015758,1,0.15,signal
2023-02-07 11:00:00,2023-02-07 14:00:00,long,4029.0,4001.0,-8.47226999759674,-0.7009406798706661,2,0.3,signal
2023-02-08 23:00:00,2023-02-09 09:00:00,long,4055.0,4049.0,-6.810400009155273,-0.16795067840086988,1,1.0,signal
2023-02-09 09:00:00,2023-02-09 10:00:00,long,4051.0,4092.0,32.278847999572754,0.9960148111445555,1,0.8,signal
2023-02-09 10:00:00,2023-02-09 15:00:00,long,4094.0,4084.0,-5.204449996352196,-0.25424767935281856,4,0.5,signal
2023-02-09 15:00:00,2023-02-09 23:00:00,long,4086.0,4074.0,-3.673439998626709,-0.29967694555610286,3,0.3,signal
2023-02-09 23:00:00,2023-02-10 11:00:00,long,4076.0,4029.0,-7.068236249238253,-1.156073969453427,3,0.15,signal
2023-02-10 11:00:00,2023-02-10 15:00:00,short,4029.0,4074.0,-31.897046996355055,-1.1309806402281692,3,0.7,signal
2023-02-13 10:00:00,2023-02-13 11:00:00,long,4036.0,4031.0,-4.516287994384766,-0.13987512371112382,1,0.8,signal
2023-02-14 22:00:00,2023-02-15 10:00:00,long,4052.0,4081.0,6.913153922653198,0.7108787761859573,3,0.24,signal
2023-02-15 10:00:00,2023-02-15 11:00:00,long,4083.0,4069.0,-11.721727981567383,-0.35885770210529583,1,0.8,signal
2023-02-15 11:00:00,2023-02-15 13:00:00,long,4071.0,4064.0,-2.1732149988412854,-0.17794276581030752,1,0.3,signal
2023-02-15 13:00:00,2023-02-15 14:00:00,long,4066.0,4063.0,-2.9202560043334964,-0.08977668483563381,1,0.8,signal
2023-02-15 14:00:00,2023-02-15 15:00:00,long,4065.0,4063.0,-1.2031999975442886,-0.0591980318594976,1,0.5,signal
2023-02-15 15:00:00,2023-02-15 22:00:00,long,4065.0,4066.0,0.22682100176811218,0.0185995081400666,2,0.3,signal
2023-02-15 22:00:00,2023-02-16 14:00:00,long,4068.0,4151.0,12.431507251113652,2.037284046396862,6,0.15,signal
2023-02-16 14:00:00,2023-02-16 15:00:00,long,4153.0,4143.0,-5.207399994134903,-0.25077775074090547,1,0.5,signal
2023-02-16 15:00:00,2023-02-16 22:00:00,long,4145.0,4159.0,4.125264000892639,0.3317462003130389,2,0.3,signal
2023-02-16 22:00:00,2023-02-17 11:00:00,long,4161.0,4171.0,4.791700005531311,0.2303148284321707,4,0.5,signal
2023-02-17 11:00:00,2023-02-17 15:00:00,long,4173.0,4165.0,-2.475041996240616,-0.19770285136517418,3,0.3,signal
2023-02-17 15:00:00,2023-02-17 21:00:00,long,4167.0,4149.0,-9.207899987697601,-0.4419438439019727,1,0.5,signal
2023-02-17 21:00:00,2023-02-20 10:00:00,long,4151.0,4166.0,2.2312867507338523,0.35835328848210907,4,0.15,signal
2023-02-20 10:00:00,2023-02-20 11:00:00,short,4166.0,4176.0,-7.408757982850074,-0.2540552082453218,1,0.7,signal
2023-02-20 11:00:00,2023-02-20 13:00:00,long,4176.0,4184.0,1.871846401977539,0.18676628372221613,1,0.24,signal
2023-02-21 10:00:00,2023-02-21 11:00:00,long,4229.0,4229.0,-0.84579998254776,-0.019999999587319933,1,1.0,signal
2023-02-21 11:00:00,2023-02-21 13:00:00,long,4231.0,4232.0,0.22383299946784976,0.017634365356326304,1,0.3,signal
2023-02-21 13:00:00,2023-02-21 14:00:00,long,4234.0,4247.0,9.857215995788575,0.29101369850580344,1,0.8,signal
2023-02-21 14:00:00,2023-02-21 22:00:00,long,4249.0,4235.0,-7.212099999189377,-0.3394728170952872,3,0.5,signal
2023-02-21 22:00:00,2023-02-22 09:00:00,long,4237.0,4241.0,1.1236980038881301,0.08840358774983323,2,0.3,signal
2023-02-22 09:00:00,2023-02-22 13:00:00,long,4243.0,4266.0,3.4308547501266005,0.5390611595768089,3,0.15,signal
2023-02-22 14:00:00,2023-02-22 15:00:00,short,4234.0,4235.0,-1.1149809932708739,-0.03761998087829387,1,0.7,signal
2023-02-22 22:00:00,2023-02-22 23:00:00,short,4263.0,4281.0,-13.01865598976612,-0.4362674169688054,1,0.7,signal
2023-03-01 10:00:00,2023-03-01 13:00:00,long,4212.0,4209.0,-2.938943977355957,-0.0872193725473634,2,0.8,signal
2023-03-01 13:00:00,2023-03-01 15:00:00,long,4211.0,4215.0,0.9114662406921387,0.09018703402716484,2,0.24,signal
2023-03-01 15:00:00,2023-03-01 21:00:00,long,4217.0,4212.0,-4.53945598602295,-0.13455821632745285,1,0.8,signal
2023-03-01 21:00:00,2023-03-01 23:00:00,long,4214.0,4215.0,0.22413900196552275,0.01772971064432232,2,0.3,signal
2023-03-01 23:00:00,2023-03-02 10:00:00,long,4217.0,4226.0,1.33100325062871,0.21041866265571257,2,0.15,signal
2023-03-02 10:00:00,2023-03-02 11:00:00,long,4228.0,4222.0,-3.211249992251396,-0.15190397314339624,1,0.5,signal
2023-03-02 11:00:00,2023-03-02 13:00:00,long,4224.0,4216.0,-2.4759599983692167,-0.19538825744706573,1,0.3,signal
2023-03-02 13:00:00,2023-03-02 14:00:00,long,4218.0,4226.0,1.1810010002553462,0.18666050264822923,1,0.15,signal
2023-03-02 14:00:00,2023-03-02 15:00:00,long,4228.0,4224.0,-2.2113000005483627,-0.10460264903256211,1,0.5,signal
2023-03-02 15:00:00,2023-03-02 21:00:00,long,4226.0,4228.0,0.5239140021800995,0.04132465705790341,1,0.3,signal
2023-03-02 21:00:00,2023-03-03 09:00:00,long,4230.0,4227.0,-0.4690282492339611,-0.07392092186508449,3,0.15,signal
2023-03-03 09:00:00,2023-03-03 21:00:00,long,4229.0,4259.0,14.787799999117851,0.699352092651589,6,0.5,signal
2023-03-03 21:00:00,2023-03-03 22:00:00,long,4261.0,4245.0,-4.876554000377655,-0.3814874442914539,1,0.3,signal
2023-03-03 22:00:00,2023-03-06 10:00:00,long,4247.0,4191.0,-8.41898550018668,-1.3215580409994008,3,0.15,signal
2023-03-06 10:00:00,2023-03-06 21:00:00,short,4191.0,4213.0,-15.81179599046707,-0.5389711282839783,5,0.7,signal
2023-03-07 14:00:00,2023-03-07 15:00:00,long,4264.0,4244.0,-4.849006078720093,-0.47383189480926485,1,0.24,signal
2023-03-07 22:00:00,2023-03-07 23:00:00,long,4257.0,4253.0,-4.85099995136261,-0.11395348722956565,1,1.0,signal
2023-03-07 23:00:00,2023-03-08 09:00:00,long,4255.0,4240.0,-12.543680000305176,-0.3684982373767678,1,0.8,signal
2023-03-08 09:00:00,2023-03-08 13:00:00,long,4242.0,4253.0,3.2235449999570847,0.25330386609752353,3,0.3,signal
2023-03-08 13:00:00,2023-03-08 21:00:00,long,4255.0,4249.0,-0.9191339993476867,-0.14400846053234417,3,0.15,signal
2023-03-08 21:00:00,2023-03-08 22:00:00,short,4249.0,4260.0,-8.116940997242926,-0.272902565216788,1,0.7,signal
2023-03-09 15:00:00,2023-03-10 11:00:00,long,4317.0,4326.0,2.11021632270813,0.2036731065852183,6,0.24,signal
2023-03-10 11:00:00,2023-03-10 13:00:00,long,4328.0,4312.0,-4.877759996652602,-0.3756746762671444,1,0.3,signal
2023-03-10 13:00:00,2023-03-10 14:00:00,long,4314.0,4333.0,2.830544250905514,0.43741991205463054,1,0.15,signal
2023-03-10 14:00:00,2023-03-13 09:00:00,long,4335.0,4345.0,4.783000007271767,0.22066897380723258,5,0.5,signal
2023-03-13 09:00:00,2023-03-13 14:00:00,long,4347.0,4358.0,3.2216550028324122,0.2470404879098545,4,0.3,signal
2023-03-13 14:00:00,2023-03-14 13:00:00,long,4360.0,4365.0,0.7303687499463557,0.11167717889088008,8,0.15,signal
2023-03-14 13:00:00,2023-03-14 15:00:00,short,4365.0,4372.0,-5.328112981915473,-0.1743777771859098,2,0.7,signal
2023-03-15 21:00:00,2023-03-15 22:00:00,long,4296.0,4290.0,-1.8772739964723586,-0.1456606142514245,1,0.3,signal
2023-03-15 22:00:00,2023-03-16 09:00:00,long,4292.0,4289.0,-2.9491839981079107,-0.08589189183678676,2,0.8,signal
2023-03-17 22:00:00,2023-03-20 09:00:00,long,4257.0,4263.0,1.390924800109863,0.13614094433774404,2,0.24,signal
2023-03-20 23:00:00,2023-03-21 09:00:00,long,4195.0,4200.0,3.462720031738282,0.1031799771078153,1,0.8,signal
2023-03-21 23:00:00,2023-03-22 10:00:00,long,4185.0,4154.0,-7.488032638549805,-0.7455229628185787,2,0.24,signal
2023-03-27 10:00:00,2023-03-27 14:00:00,long,4103.0,4104.0,0.19272768058776854,0.019571825553230213,3,0.24,signal
2023-03-27 21:00:00,2023-03-27 22:00:00,long,4111.0,4110.0,-1.8220999836921692,-0.04432254886140037,1,1.0,signal
2023-03-27 22:00:00,2023-03-27 23:00:00,long,4112.0,4104.0,-4.205399990081787,-0.2045428010740169,1,0.5,signal
2023-03-27 23:00:00,2023-03-28 09:00:00,long,4106.0,4110.0,0.5815140008926392,0.09441695094863439,1,0.15,signal
2023-03-28 09:00:00,2023-03-28 10:00:00,long,4112.0,4125.0,3.825867004394531,0.31013837584261766,1,0.3,signal
2023-03-28 10:00:00,2023-03-28 14:00:00,long,4127.0,4124.0,-1.706275001168251,-0.08268839356279384,3,0.5,signal
2023-03-28 14:00:00,2023-03-28 22:00:00,long,4126.0,4161.0,10.425416999459266,0.8422537566213658,3,0.3,signal
2023-03-28 22:00:00,2023-03-29 09:00:00,long,4163.0,4159.0,-2.20804999768734,-0.10607975006905307,2,0.5,signal
2023-03-29 09:00:00,2023-03-30 09:00:00,long,4161.0,4154.0,-1.068708749860525,-0.17122626770175842,9,0.15,signal
2023-03-30 09:00:00,2023-03-30 10:00:00,long,4156.0,4132.0,-12.20719999074936,-0.5874494701996804,1,0.5,signal
2023-03-30 10:00:00,2023-03-30 11:00:00,long,4134.0,4127.0,-1.068587249815464,-0.17232498787541753,1,0.15,signal
2023-03-31 10:00:00,2023-03-31 11:00:00,long,4191.0,4192.0,0.16170001029968262,0.003858267962292594,1,1.0,signal
2023-03-31 11:00:00,2023-03-31 13:00:00,long,4194.0,4179.0,-7.70932500064373,-0.3676359084713271,1,0.5,signal
2023-03-31 13:00:00,2023-03-31 14:00:00,long,4181.0,4180.0,-0.3752489984035492,-0.029917005373798072,1,0.3,signal
2023-03-31 14:00:00,2023-03-31 15:00:00,long,4182.0,4161.0,-3.1687717495858667,-0.5051445479971093,1,0.15,signal
2023-03-31 21:00:00,2023-03-31 22:00:00,long,4138.0,4135.0,-0.7676524772644043,-0.07729705144035004,1,0.24,signal
2023-04-03 10:00:00,2023-04-03 13:00:00,long,4096.0,4062.0,-27.72211196899414,-0.8460117178037763,2,0.8,signal
2023-04-07 10:00:00,2023-04-07 13:00:00,long,3987.0,3991.0,0.9140467197418213,0.09552365184159156,2,0.24,signal
2023-04-07 22:00:00,2023-04-07 23:00:00,long,4006.0,3999.0,-7.800499975681305,-0.1947204187638868,1,1.0,signal
2023-04-07 23:00:00,2023-04-10 10:00:00,long,4001.0,3941.0,-30.19855000078678,-1.5095501125112112,2,0.5,signal
2023-04-10 10:00:00,2023-04-10 13:00:00,long,3943.0,3899.0,-6.617644498944282,-1.1188848590657337,2,0.15,signal
2023-04-10 13:00:00,2023-04-10 22:00:00,short,3899.0,3905.0,-4.58239598929882,-0.16789638329604,4,0.7,signal
2023-04-13 13:00:00,2023-04-13 14:00:00,short,3882.0,3882.0,-0.3804359853267669,-0.013999999460026752,1,0.7,signal
2023-04-14 10:00:00,2023-04-14 11:00:00,long,3940.0,3924.0,-3.8852966377258302,-0.4108816241249821,1,0.24,signal
2023-04-14 22:00:00,2023-04-14 23:00:00,long,3918.0,3901.0,-17.781899988651276,-0.4538514545342337,1,1.0,signal
2023-04-14 23:00:00,2023-04-17 09:00:00,long,3903.0,3889.0,-4.270127996206283,-0.3646876758225539,1,0.3,signal
2023-04-17 09:00:00,2023-04-17 10:00:00,long,3891.0,3907.0,7.805050000548363,0.40118478543039643,1,0.5,signal
2023-04-17 11:00:00,2023-04-17 13:00:00,long,3895.0,3912.0,16.219300031661987,0.41641335126218193,1,1.0,signal
2023-04-18 11:00:00,2023-04-18 13:00:00,long,3945.0,3943.0,-2.788800001144409,-0.07069201523813458,1,1.0,signal
2023-04-18 13:00:00,2023-04-18 14:00:00,long,3945.0,3934.0,-3.370910997390747,-0.2848256018074142,1,0.3,signal
2023-04-18 14:00:00,2023-04-18 22:00:00,long,3936.0,3934.0,-1.1967500001192093,-0.06081046748573218,3,0.5,signal
2023-04-18 22:00:00,2023-04-19 11:00:00,long,3936.0,3936.0,-0.017711999416351317,-0.0029999999011435154,4,0.15,signal
2023-05-05 23:00:00,2023-05-08 09:00:00,long,3655.0,3643.0,-2.9220364791870117,-0.33310949375136933,1,0.24,signal
2023-05-08 11:00:00,2023-05-08 13:00:00,long,3691.0,3694.0,2.2615000009536743,0.06127065838400635,1,1.0,signal
2023-05-08 13:00:00,2023-05-08 15:00:00,long,3696.0,3729.0,25.924799995422365,0.876785714130897,2,0.8,signal
2023-05-08 15:00:00,2023-05-08 23:00:00,long,3731.0,3731.0,-0.18654999136924744,-0.009999999537349098,3,0.5,signal
2023-05-08 23:00:00,2023-05-09 10:00:00,long,3733.0,3716.0,-5.167040998935699,-0.46138414134616473,2,0.3,signal
2023-05-09 10:00:00,2023-05-09 21:00:00,long,3718.0,3689.0,-4.366665750145912,-0.7829775417152435,5,0.15,signal
2023-05-09 21:00:00,2023-05-09 23:00:00,short,3689.0,3711.0,-15.762600004673002,-0.6104093252012937,2,0.7,signal
2023-05-12 14:00:00,2023-05-12 15:00:00,long,3628.0,3582.0,-11.081529597473144,-1.2726857769975588,1,0.24,signal
2023-05-12 15:00:00,2023-05-12 21:00:00,short,3582.0,3588.0,-4.551330003738403,-0.18151591304691725,1,0.7,signal
2023-05-15 09:00:00,2023-05-15 10:00:00,long,3661.0,3637.0,-24.72979998588562,-0.675493034304442,1,1.0,signal
2023-05-15 10:00:00,2023-05-15 13:00:00,long,3639.0,3642.0,0.8344709998369217,0.07643775761078334,2,0.3,signal
2023-05-15 13:00:00,2023-05-15 14:00:00,long,3644.0,3658.0,10.732672004699708,0.3681624589976573,1,0.8,signal
2023-05-15 14:00:00,2023-05-15 21:00:00,long,3660.0,3679.0,9.316524997353554,0.5090997266313417,2,0.5,signal
2023-05-15 21:00:00,2023-05-15 22:00:00,long,3681.0,3667.0,-4.266131998300552,-0.386320021579331,1,0.3,signal
2023-05-15 22:00:00,2023-05-15 23:00:00,long,3669.0,3672.0,1.3164750039577484,0.07176206072269002,1,0.5,signal
2023-05-15 23:00:00,2023-05-16 09:00:00,long,3674.0,3673.0,-0.36612299680709837,-0.03321747385293943,1,0.3,signal
2023-05-16 09:00:00,2023-05-16 10:00:00,long,3675.0,3686.0,1.6334377509355547,0.2963152382649532,1,0.15,signal
2023-05-16 10:00:00,2023-05-16 11:00:00,long,3688.0,3653.0,-17.68352499604225,-0.9589764097636795,1,0.5,signal
2023-05-16 11:00:00,2023-05-16 13:00:00,long,3655.0,3647.0,-2.4657179993391036,-0.22487168256626572,1,0.3,signal
2023-05-16 13:00:00,2023-05-16 15:00:00,long,3649.0,3638.0,-1.6663957495987416,-0.30444793086667427,2,0.15,signal
2023-05-16 15:00:00,2023-05-16 23:00:00,short,3638.0,3651.0,-9.45716097831726,-0.37136421025356403,3,0.7,signal
2023-05-17 09:00:00,2023-05-17 10:00:00,long,3651.0,3677.0,25.267199993133545,0.6920624484561365,1,1.0,signal
2023-05-17 10:00:00,2023-05-17 13:00:00,long,3679.0,3683.0,2.728832015991211,0.09271649959198189,2,0.8,signal
2023-05-17 13:00:00,2023-05-17 14:00:00,long,3685.0,3674.0,-3.366230998635292,-0.30449850733923944,1,0.3,signal
2023-05-17 14:00:00,2023-05-17 21:00:00,long,3676.0,3717.0,6.133365751057863,1.112326033924168,2,0.15,signal
2023-05-17 21:00:00,2023-05-17 22:00:00,long,3719.0,3709.0,-3.0668519997596744,-0.27488141971494795,1,0.3,signal
2023-05-17 22:00:00,2023-05-18 10:00:00,long,3711.0,3698.0,-6.685224995017052,-0.3602923737546242,3,0.5,signal
2023-05-18 10:00:00,2023-05-18 13:00:00,long,3700.0,3677.0,-6.966392998695373,-0.6276029728554391,2,0.3,signal
2023-05-18 13:00:00,2023-05-18 21:00:00,long,3679.0,3683.0,0.583435500562191,0.1057235662883376,3,0.15,signal
2023-05-18 21:00:00,2023-05-18 23:00:00,short,3683.0,3649.0,23.440732022523882,0.9092250891169421,2,0.7,signal
2023-05-26 13:00:00,2023-05-29 09:00:00,long,3477.0,3480.0,0.6799276805877685,0.08147920628268726,6,0.24,signal
2023-05-29 09:00:00,2023-05-29 10:00:00,long,3482.0,3475.0,-3.673924997448921,-0.2110238367288295,1,0.5,signal
2023-05-29 10:00:00,2023-05-29 11:00:00,long,3477.0,3495.0,5.33725199997425,0.5116721311450725,1,0.3,signal
2023-05-29 11:00:00,2023-05-29 14:00:00,long,3497.0,3493.0,-2.1747500002384186,-0.12437803833219438,2,0.5,signal
2023-05-29 14:00:00,2023-05-29 15:00:00,long,3495.0,3505.0,2.9370000010728834,0.28011444931548724,1,0.3,signal
2023-05-29 15:00:00,2023-05-29 21:00:00,long,3507.0,3509.0,0.8246000111103058,0.04702594873739981,1,0.5,signal
2023-05-29 21:00:00,2023-05-29 22:00:00,long,3511.0,3509.0,-0.6631799966096877,-0.06296211873252519,1,0.3,signal
2023-05-29 22:00:00,2023-05-29 23:00:00,long,3511.0,3509.0,-1.1754999905824661,-0.06696097924138229,1,0.5,signal
2023-05-29 23:00:00,2023-05-30 09:00:00,long,3511.0,3505.0,-1.8631439960002898,-0.17688635678347003,1,0.3,signal
2023-05-30 09:00:00,2023-05-30 13:00:00,long,3507.0,3460.0,-7.065675749480724,-1.3431566865280342,3,0.15,signal
2023-05-30 13:00:00,2023-05-30 21:00:00,short,3460.0,3461.0,-1.039128994345665,-0.04290375699197626,3,0.7,signal
2023-05-31 22:00:00,2023-05-31 23:00:00,long,3482.0,3506.0,5.719749121856689,0.6844425045300462,1,0.24,signal
2023-05-31 23:00:00,2023-06-01 10:00:00,long,3508.0,3511.0,1.9507839965820315,0.06951197251218755,2,0.8,signal
2023-06-01 10:00:00,2023-06-01 11:00:00,long,3513.0,3513.0,-0.06323400020599365,-0.006000000019545844,1,0.3,signal
2023-06-01 11:00:00,2023-06-01 14:00:00,long,3515.0,3526.0,8.349376029968262,0.2969194889746893,2,0.8,signal
2023-06-01 14:00:00,2023-06-01 21:00:00,long,3528.0,3538.0,4.8233499974012375,0.27343253953521757,2,0.5,signal
2023-06-01 21:00:00,2023-06-01 22:00:00,long,3540.0,3520.0,-3.0158849993348125,-0.5679632767108874,1,0.15,signal
2023-06-01 22:00:00,2023-06-01 23:00:00,long,3522.0,3514.0,-2.463323999047279,-0.23313685397002454,1,0.3,signal
2023-06-01 23:00:00,2023-06-02 14:00:00,long,3516.0,3596.0,11.983998000025748,2.272278725829683,5,0.15,signal
2023-06-02 14:00:00,2023-06-02 15:00:00,long,3598.0,3598.0,-0.06476399660110473,-0.005999999685112538,1,0.3,signal
2023-06-02 15:00:00,2023-06-05 09:00:00,long,3600.0,3679.0,39.31802500784397,2.184334722657998,4,0.5,signal
2023-06-05 09:00:00,2023-06-05 10:00:00,long,3681.0,3652.0,-8.765996997356416,-0.7938057590651467,1,0.3,signal
2023-06-05 10:00:00,2023-06-05 11:00:00,long,3654.0,3638.0,-8.182300001382828,-0.4478544062059567,1,0.5,signal
2023-06-05 11:00:00,2023-06-05 13:00:00,long,3640.0,3631.0,-2.7654389959573744,-0.2532453293001259,1,0.3,signal
2023-06-05 13:00:00,2023-06-05 14:00:00,long,3633.0,3643.0,4.81810000538826,0.26524084808082904,1,0.5,signal
2023-06-05 14:00:00,2023-06-05 22:00:00,long,3645.0,3650.0,1.434345000386238,0.13117009605726912,3,0.3,signal
2023-06-05 22:00:00,2023-06-05 23:00:00,long,3652.0,3658.0,2.8172499984502792,0.15428532302575462,1,0.5,signal
2023-06-05 23:00:00,2023-06-06 09:00:00,long,3660.0,3656.0,-1.2658439987897872,-0.11528633868759447,1,0.3,signal
2023-06-06 09:00:00,2023-06-06 21:00:00,long,3658.0,3644.0,-2.116429499834776,-0.38571705847180165,6,0.15,signal
2023-06-06 21:00:00,2023-06-06 22:00:00,short,3644.0,3637.0,4.5432309991121285,0.1781100438729861,1,0.7,signal
2023-06-06 22:00:00,2023-06-06 23:00:00,long,3637.0,3625.0,-2.9218291191101073,-0.3347343413882902,1,0.24,signal
2023-06-06 23:00:00,2023-06-07 09:00:00,short,3625.0,3636.0,-8.055788984298704,-0.3174695166226091,1,0.7,signal
2023-06-09 10:00:00,2023-06-09 11:00:00,long,3677.0,3680.0,2.264300048351288,0.06158009378165047,1,1.0,signal
2023-06-09 11:00:00,2023-06-09 15:00:00,long,3682.0,3713.0,9.233445001244544,0.8359084737682912,3,0.3,signal
2023-06-09 15:00:00,2023-06-09 21:00:00,long,3715.0,3710.0,-2.6856250017881393,-0.14458277264000752,1,0.5,signal
2023-06-09 21:00:00,2023-06-09 22:00:00,long,3712.0,3698.0,-4.266689999699592,-0.38314385773164444,1,0.3,signal
2023-06-09 22:00:00,2023-06-09 23:00:00,long,3700.0,3697.0,-0.4666432490944862,-0.08407986470170922,1,0.15,signal
2023-06-09 23:00:00,2023-06-12 10:00:00,long,3699.0,3655.0,-22.18384999036789,-1.19945120250705,2,0.5,signal
2023-06-12 10:00:00,2023-06-12 13:00:00,long,3657.0,3641.0,-2.4164204996824266,-0.44051052769709714,2,0.15,signal
2023-06-12 13:00:00,2023-06-12 21:00:00,short,3641.0,3653.0,-8.75740598976612,-0.34360285595661005,3,0.7,signal
2023-06-13 22:00:00,2023-06-13 23:00:00,long,3744.0,3739.0,-5.748299956321716,-0.15353365267953303,1,1.0,signal
2023-06-13 23:00:00,2023-06-14 09:00:00,long,3741.0,3736.0,-4.478527984619141,-0.14964341033878442,1,0.8,signal
2023-06-14 09:00:00,2023-06-14 10:00:00,long,3738.0,3739.0,0.3130750060081482,0.01675093665105127,1,0.5,signal
2023-06-14 10:00:00,2023-06-14 14:00:00,long,3741.0,3734.0,-2.167275000214577,-0.1931101310001405,3,0.3,signal
2023-06-14 14:00:00,2023-06-14 15:00:00,long,3736.0,3741.0,2.313075006008148,0.12382628511820923,1,0.5,signal
2023-06-14 15:00:00,2023-06-15 14:00:00,long,3743.0,3740.0,-0.4668367490172386,-0.0831484101909767,8,0.15,signal
2023-06-15 23:00:00,2023-06-16 09:00:00,long,3761.0,3759.0,-2.7519999742507935,-0.07317202803112985,1,1.0,signal
2023-06-16 09:00:00,2023-06-16 10:00:00,long,3761.0,3780.0,5.632131003141404,0.499169636013596,1,0.3,signal
2023-06-16 10:00:00,2023-06-16 13:00:00,long,3782.0,3796.0,6.810550004243851,0.3601560023397065,2,0.5,signal
2023-06-16 13:00:00,2023-06-16 14:00:00,long,3798.0,3798.0,-0.06836399853229522,-0.005999999871186171,1,0.3,signal
2023-06-16 14:00:00,2023-06-16 22:00:00,long,3800.0,3784.0,-8.189599990844727,-0.4310315784655119,3,0.5,signal
2023-06-16 22:00:00,2023-06-19 11:00:00,long,3786.0,3750.0,-5.416956000030041,-0.9538573692604404,4,0.15,signal
2023-06-19 11:00:00,2023-06-19 21:00:00,short,3750.0,3761.0,-8.068039001822472,-0.30735386673609416,4,0.7,signal
2023-06-27 15:00:00,2023-06-27 21:00:00,long,3729.0,3719.0,-10.744799971580505,-0.28814159215823293,1,1.0,signal
2023-06-27 21:00:00,2023-06-27 22:00:00,long,3721.0,3717.0,-3.67603199005127,-0.12348938423983034,1,0.8,signal
2023-06-27 22:00:00,2023-06-28 09:00:00,long,3719.0,3729.0,2.9329680025577543,0.2628814199657394,2,0.3,signal
2023-06-28 09:00:00,2023-06-28 10:00:00,long,3731.0,3723.0,-4.186349987983704,-0.22440900498438507,1,0.5,signal
2023-06-28 10:00:00,2023-06-28 11:00:00,long,3725.0,3699.0,-7.866815999150276,-0.7039656375078547,1,0.3,signal
2023-06-28 11:00:00,2023-06-28 22:00:00,long,3701.0,3724.0,3.4332937498390677,0.6184443393387495,5,0.15,signal
2023-06-28 22:00:00,2023-06-29 09:00:00,short,3724.0,3705.0,12.935979022383687,0.49623979677703267,2,0.7,signal
2023-06-29 10:00:00,2023-06-29 11:00:00,short,3744.0,3727.0,11.53392100214958,0.4400916133298832,1,0.7,signal
2023-06-30 09:00:00,2023-06-30 10:00:00,long,3757.0,3773.0,15.24700003862381,0.40582912000595717,1,1.0,signal
2023-06-30 10:00:00,2023-06-30 11:00:00,long,3775.0,3773.0,-2.083071975708008,-0.0689758932353645,1,0.8,signal
2023-06-30 11:00:00,2023-06-30 13:00:00,long,3775.0,3759.0,-4.867805997133255,-0.42982834411772664,1,0.3,signal
2023-06-30 13:00:00,2023-06-30 14:00:00,long,3761.0,3746.0,-7.6876749992370605,-0.40881015683260097,1,0.5,signal
2023-06-30 14:00:00,2023-06-30 15:00:00,long,3748.0,3721.0,-8.167220996618271,-0.7263625930823792,1,0.3,signal
2023-06-30 15:00:00,2023-06-30 21:00:00,long,3723.0,3717.0,-0.9167399990558625,-0.16415793697839778,1,0.15,signal
2023-06-30 21:00:00,2023-06-30 22:00:00,short,3717.0,3739.0,-15.765343992710111,-0.6059165991279493,1,0.7,signal
2023-06-30 22:00:00,2023-07-03 09:00:00,long,3739.0,3728.0,-2.6830099193573,-0.2989892483905344,2,0.24,signal
2023-07-03 09:00:00,2023-07-03 10:00:00,short,3728.0,3715.0,8.735292996168136,0.33473685607633874,1,0.7,signal
2023-07-04 10:00:00,2023-07-04 11:00:00,long,3776.0,3790.0,13.243400037288666,0.35072563658073796,1,1.0,signal
2023-07-04 11:00:00,2023-07-04 13:00:00,long,3792.0,3776.0,-8.1891999989748,-0.43191983116955696,1,0.5,signal
2023-07-04 13:00:00,2023-07-04 21:00:00,long,3778.0,3767.0,-3.367904997467994,-0.2971506085643193,3,0.3,signal
2023-07-04 21:00:00,2023-07-04 22:00:00,long,3769.0,3769.0,-0.18844999372959137,-0.00999999966726407,1,0.5,signal
2023-07-04 22:00:00,2023-07-05 10:00:00,long,3771.0,3741.0,-4.516901999115944,-0.7985330149590637,3,0.15,signal
2023-07-05 10:00:00,2023-07-05 21:00:00,short,3741.0,3743.0,-1.7667159867286681,-0.06746538308048529,5,0.7,signal
2023-07-11 10:00:00,2023-07-11 14:00:00,long,3674.0,3667.0,-1.7222841590881346,-0.1953234620631617,3,0.24,signal
2023-07-12 11:00:00,2023-07-12 13:00:00,long,3691.0,3685.0,-6.737599968910217,-0.18254131587402378,1,1.0,signal
2023-07-12 13:00:00,2023-07-12 14:00:00,long,3687.0,3698.0,2.5974624000549316,0.29353837809137195,1,0.24,signal
2023-07-12 14:00:00,2023-07-13 10:00:00,long,3700.0,3724.0,11.814400002360344,0.6386162163438024,6,0.5,signal
2023-07-13 10:00:00,2023-07-13 13:00:00,long,3726.0,3709.0,-5.166914999485016,-0.46223966715736414,2,0.3,signal
2023-07-13 13:00:00,2023-07-14 09:00:00,long,3711.0,3737.0,3.8832420006394384,0.6976092698534876,6,0.15,signal
2023-07-14 09:00:00,2023-07-14 14:00:00,long,3739.0,3758.0,5.632526999115944,0.5021420165031598,4,0.3,signal
2023-07-14 14:00:00,2023-07-14 15:00:00,long,3760.0,3773.0,1.9330507510900496,0.3427394948741223,1,0.15,signal
2023-07-14 15:00:00,2023-07-14 22:00:00,long,3775.0,3765.0,-5.188500002026558,-0.2748874173259103,2,0.5,signal
2023-07-14 22:00:00,2023-07-14 23:00:00,long,3767.0,3737.0,-9.067536000609397,-0.8023658083894698,1,0.3,signal
2023-07-14 23:00:00,2023-07-17 09:00:00,long,3739.0,3733.0,-0.9168119989335537,-0.16346830684381808,1,0.15,signal
2023-07-17 09:00:00,2023-07-17 10:00:00,long,3735.0,3717.0,-9.186299994587898,-0.49190361416802664,1,0.5,signal
2023-07-17 11:00:00,2023-07-17 13:00:00,short,3712.0,3720.0,-5.964168002009392,-0.2295323276635388,1,0.7,signal
2023-07-18 14:00:00,2023-07-18 15:00:00,long,3740.0,3747.0,1.6368748821258545,0.18236128365929752,1,0.24,signal
2023-07-20 15:00:00,2023-07-20 21:00:00,long,3789.0,3792.0,2.2419000267982483,0.0591686467880245,1,1.0,signal
2023-07-20 21:00:00,2023-07-20 22:00:00,long,3794.0,3771.0,-6.968085000514984,-0.6122021613525729,1,0.3,signal
2023-07-20 22:00:00,2023-07-20 23:00:00,long,3773.0,3759.0,-7.188299998641014,-0.3810389609669236,1,0.5,signal
2023-07-20 23:00:00,2023-07-21 09:00:00,long,3761.0,3760.0,-0.3676889991760254,-0.03258787549198133,1,0.3,signal
2023-07-21 09:00:00,2023-07-21 10:00:00,long,3762.0,3778.0,7.811499997973442,0.4152844230714217,1,0.5,signal
2023-07-21 10:00:00,2023-07-21 11:00:00,long,3780.0,3786.0,0.8829765008389949,0.15572777792574866,1,0.15,signal
2023-07-21 11:00:00,2023-07-21 13:00:00,long,3788.0,3763.0,-12.68877498805523,-0.6699458811011209,1,0.5,signal
2023-07-21 13:00:00,2023-07-21 14:00:00,long,3765.0,3761.0,-0.6169334989786147,-0.1092401060608437,1,0.15,signal
2023-07-21 14:00:00,2023-07-21 23:00:00,short,3761.0,3827.0,-46.57181198537349,-1.7689752719783303,4,0.7,signal
2023-07-24 09:00:00,2023-07-24 10:00:00,long,3824.0,3808.0,-16.763199985027313,-0.43836820044527497,1,1.0,signal
2023-07-25 13:00:00,2023-07-25 14:00:00,long,3858.0,3859.0,0.2283000349998474,0.005917574779674635,1,1.0,signal
2023-07-25 14:00:00,2023-07-25 15:00:00,long,3861.0,3857.0,-1.2694619983434676,-0.10959699545398151,1,0.3,signal
2023-07-25 15:00:00,2023-07-25 21:00:00,long,3859.0,3854.0,-0.767354249060154,-0.13256530172931744,1,0.15,signal
2023-07-25 21:00:00,2023-07-25 22:00:00,long,3856.0,3857.0,0.30717501044273376,0.015932313819643867,1,0.5,signal
2023-07-25 22:00:00,2023-07-26 09:00:00,long,3859.0,3856.0,-0.9694349992275237,-0.0837380149630754,2,0.3,signal
2023-07-26 09:00:00,2023-07-26 10:00:00,long,3858.0,3847.0,-5.692625001072884,-0.29510756874405825,1,0.5,signal
2023-07-26 10:00:00,2023-07-26 11:00:00,long,3849.0,3872.0,6.830511002540589,0.5915398807084601,1,0.3,signal
2023-07-26 11:00:00,2023-07-26 13:00:00,long,3874.0,3847.0,-13.69302499294281,-0.7069192045917817,1,0.5,signal
2023-07-26 13:00:00,2023-07-26 22:00:00,long,3849.0,3848.0,-0.16731824979186058,-0.02898038447940774,4,0.15,signal
2023-07-26 22:00:00,2023-07-26 23:00:00,short,3848.0,3856.0,-5.977495993971824,-0.2219147606909647,1,0.7,signal
2023-07-28 10:00:00,2023-07-28 11:00:00,short,3849.0,3833.0,10.823582009673117,0.4017214864593074,1,0.7,signal
2023-08-04 10:00:00,2023-08-04 11:00:00,long,3766.0,3748.0,-4.363280639648437,-0.48274922991330743,1,0.24,signal
2023-08-10 09:00:00,2023-08-10 10:00:00,long,3702.0,3682.0,-4.842531838989258,-0.5450355482384812,1,0.24,signal
2023-08-10 10:00:00,2023-08-10 11:00:00,short,3682.0,3677.0,3.1394090074300767,0.12180526916388908,1,0.7,signal
2023-08-11 23:00:00,2023-08-14 09:00:00,long,3681.0,3678.0,-3.7358999848365784,-0.10149144213084972,1,1.0,signal
2023-08-15 14:00:00,2023-08-15 21:00:00,long,3690.0,3690.0,-0.04250879859924316,-0.004799999841829625,2,0.24,signal
2023-08-15 21:00:00,2023-08-16 10:00:00,long,3692.0,3696.0,2.7271680068969726,0.09233369470805027,4,0.8,signal
2023-08-16 10:00:00,2023-08-16 13:00:00,long,3698.0,3706.0,3.8149000108242035,0.2063223369834615,2,0.5,signal
2023-08-16 13:00:00,2023-08-16 15:00:00,long,3708.0,3712.0,1.1332200014591216,0.10187162904163266,2,0.3,signal
2023-08-16 15:00:00,2023-08-17 13:00:00,long,3714.0,3712.0,-0.3167084991931915,-0.05684948827736341,7,0.15,signal
2023-08-17 13:00:00,2023-08-17 14:00:00,short,3712.0,3715.0,-2.4639229905605315,-0.09482462248154755,1,0.7,signal
2023-08-22 14:00:00,2023-08-22 22:00:00,long,3689.0,3723.0,8.117306881713867,0.9168368665530255,3,0.24,signal
2023-08-22 22:00:00,2023-08-22 23:00:00,long,3725.0,3720.0,-1.5670049983263015,-0.14022416092405382,1,0.3,signal
2023-08-22 23:00:00,2023-08-23 09:00:00,long,3722.0,3722.0,-0.04287743797302245,-0.004799999773085982,1,0.24,signal
2023-08-23 09:00:00,2023-08-23 10:00:00,long,3724.0,3727.0,1.923136024475098,0.06455209534355189,1,0.8,signal
2023-08-23 10:00:00,2023-08-23 15:00:00,long,3729.0,3726.0,-1.686374992132187,-0.09044649998027282,4,0.5,signal
2023-08-23 15:00:00,2023-08-23 22:00:00,long,3728.0,3727.0,-0.36709499716758726,-0.03282322936047812,2,0.3,signal
2023-08-23 22:00:00,2023-08-24 15:00:00,long,3729.0,3687.0,-6.31668599948287,-1.1292904262953196,7,0.15,signal
2023-08-24 15:00:00,2023-08-25 09:00:00,short,3687.0,3713.0,-18.562600004673,-0.7192297262456121,4,0.7,signal
2023-08-28 10:00:00,2023-08-28 11:00:00,long,3713.0,3704.0,-9.741699993610382,-0.2623673577595039,1,1.0,signal
2023-08-28 11:00:00,2023-08-28 14:00:00,long,3706.0,3656.0,-15.066257997751235,-1.3551230435106345,2,0.3,signal
2023-08-28 14:00:00,2023-08-28 22:00:00,short,3656.0,3671.0,-10.859022995233534,-0.42431318362119164,3,0.7,signal
2023-08-29 21:00:00,2023-08-29 22:00:00,long,3683.0,3681.0,-2.0712960052490237,-0.07029921277657561,1,0.8,signal
2023-08-29 22:00:00,2023-08-29 23:00:00,long,3683.0,3693.0,2.9336160027980807,0.26550963913458964,1,0.3,signal
2023-08-30 10:00:00,2023-08-30 11:00:00,long,3693.0,3687.0,-6.737999975681305,-0.18245328934961563,1,1.0,signal
2023-08-30 11:00:00,2023-08-30 13:00:00,long,3689.0,3695.0,1.7335440015792847,0.15664082421426628,1,0.3,signal
2023-08-30 21:00:00,2023-08-30 22:00:00,long,3717.0,3722.0,4.256099998950958,0.11450363193303628,1,1.0,signal
2023-08-30 22:00:00,2023-08-30 23:00:00,long,3724.0,3720.0,-2.1860999912023544,-0.11740601456511034,1,0.5,signal
2023-08-30 23:00:00,2023-08-31 10:00:00,long,3722.0,3740.0,5.332842003107071,0.4775964537978749,2,0.3,signal
2023-08-31 10:00:00,2023-08-31 11:00:00,long,3742.0,3736.0,-3.186949998140335,-0.17033404586533057,1,0.5,signal
2023-08-31 11:00:00,2023-08-31 22:00:00,long,3738.0,3760.0,6.532518002986907,0.5825323705178266,5,0.3,signal
2023-08-31 22:00:00,2023-09-01 10:00:00,long,3762.0,3793.0,4.63300125092268,0.8210174111151303,3,0.15,signal
2023-09-01 10:00:00,2023-09-01 13:00:00,long,3795.0,3796.0,0.3102250099182129,0.016349144132712143,2,0.5,signal
2023-09-01 13:00:00,2023-09-01 14:00:00,long,3798.0,3804.0,1.731582003235817,0.15197314404386666,1,0.3,signal
2023-09-01 14:00:00,2023-09-01 15:00:00,long,3806.0,3811.0,0.7328617505729198,0.12836954818232965,1,0.15,signal
2023-09-01 15:00:00,2023-09-01 21:00:00,long,3813.0,3814.0,0.3093250095844269,0.016224757911588086,1,0.5,signal
2023-09-01 21:00:00,2023-09-04 15:00:00,long,3816.0,3810.0,-0.9171585001051425,-0.1602303459303184,8,0.15,signal
2023-09-04 21:00:00,2023-09-04 23:00:00,short,3810.0,3827.0,-12.274213004112243,-0.4602254594717752,2,0.7,signal
2023-09-11 14:00:00,2023-09-11 15:00:00,long,3757.0,3758.0,0.19671359939575198,0.02181634275970987,1,0.24,signal
2023-09-12 09:00:00,2023-09-12 10:00:00,long,3782.0,3769.0,-13.755099952220917,-0.36369909974143094,1,1.0,signal
2023-09-12 10:00:00,2023-09-12 13:00:00,long,3771.0,3796.0,19.51571201324463,0.6469010876837917,2,0.8,signal
2023-09-12 13:00:00,2023-09-12 21:00:00,long,3798.0,3792.0,-1.8683100003004072,-0.163973143786239,3,0.3,signal
2023-09-12 21:00:00,2023-09-13 09:00:00,long,3794.0,3785.0,-1.367052749991417,-0.24021309962948814,3,0.15,signal
2023-09-13 09:00:00,2023-09-13 11:00:00,short,3785.0,3773.0,8.029657995700836,0.30306314382716876,2,0.7,signal
2023-09-14 22:00:00,2023-09-15 10:00:00,long,3807.0,3821.0,3.3160627212524414,0.36293480444493054,3,0.24,signal
2023-09-15 10:00:00,2023-09-15 11:00:00,long,3823.0,3819.0,-3.689087982177735,-0.12062150085592907,1,0.8,signal
2023-09-15 11:00:00,2023-09-15 13:00:00,long,3821.0,3816.0,-1.56873300075531,-0.13685187130378695,1,0.3,signal
2023-09-15 13:00:00,2023-09-15 14:00:00,long,3818.0,3811.0,-1.723943039703369,-0.1881376636658994,1,0.24,signal
2023-09-15 14:00:00,2023-09-15 15:00:00,long,3813.0,3828.0,4.43123100399971,0.38737922930323543,1,0.3,signal
2023-09-15 15:00:00,2023-09-15 22:00:00,long,3830.0,3808.0,-11.190949991345406,-0.5843838115585068,2,0.5,signal
2023-09-15 22:00:00,2023-09-18 10:00:00,long,3810.0,3816.0,0.8828414998948574,0.15447795273750786,3,0.15,signal
2023-09-18 10:00:00,2023-09-18 13:00:00,long,3818.0,3829.0,5.308825001120567,0.27809455218022877,2,0.5,signal
2023-09-18 21:00:00,2023-09-18 22:00:00,long,3847.0,3856.0,8.229700028896332,0.213925137221116,1,1.0,signal
2023-09-18 22:00:00,2023-09-19 11:00:00,long,3858.0,3841.0,-8.692474991083145,-0.45062078751079027,4,0.5,signal
2023-09-19 11:00:00,2023-09-19 13:00:00,long,3843.0,3845.0,0.28270200088620184,0.049041894507104146,1,0.15,signal
2023-09-19 13:00:00,2023-09-19 15:00:00,long,3847.0,3832.0,-7.691974997520447,-0.3998947230319962,2,0.5,signal
2023-09-19 15:00:00,2023-09-19 21:00:00,long,3834.0,3833.0,-0.3690029972791672,-0.032081637739451156,1,0.3,signal
2023-09-19 21:00:00,2023-09-19 23:00:00,long,3835.0,3848.0,1.9327132500708102,0.3359779661140044,2,0.15,signal
2023-09-19 23:00:00,2023-09-20 09:00:00,long,3850.0,3850.0,-0.19249999523162842,-0.009999999752292385,1,0.5,signal
2023-09-20 09:00:00,2023-09-20 11:00:00,long,3852.0,3826.0,-3.9172754994034764,-0.6779639147461883,2,0.15,signal
2023-09-20 11:00:00,2023-09-20 14:00:00,short,3826.0,3841.0,-10.875682985186575,-0.40608180812435873,2,0.7,signal
2023-09-20 15:00:00,2023-09-20 21:00:00,short,3843.0,3848.0,-3.8768589758872984,-0.1441157940555109,1,0.7,signal
2023-09-28 09:00:00,2023-09-28 10:00:00,long,3714.0,3704.0,-10.741800010204315,-0.28922455600980923,1,1.0,signal
2023-09-28 10:00:00,2023-09-28 11:00:00,long,3706.0,3689.0,-14.073279991149903,-0.47467889878406316,1,0.8,signal
2023-09-28 11:00:00,2023-09-28 14:00:00,long,3691.0,3699.0,2.333490003347397,0.2107369279641829,2,0.3,signal
2023-09-28 14:00:00,2023-09-28 15:00:00,long,3701.0,3689.0,-6.184749990701675,-0.33422048044861796,1,0.5,signal
2023-09-28 15:00:00,2023-10-09 09:00:00,long,3691.0,3669.0,-6.666240000128746,-0.6020265510817978,1,0.3,signal
2023-10-09 09:00:00,2023-10-09 10:00:00,long,3671.0,3651.0,-3.016474499255419,-0.5478025059939016,1,0.15,signal
2023-10-09 10:00:00,2023-10-09 21:00:00,short,3651.0,3639.0,8.042790013551711,0.3147000826995231,5,0.7,signal
2023-10-11 23:00:00,2023-10-12 10:00:00,long,3629.0,3617.0,-2.9217369575500487,-0.3354616696002169,2,0.24,signal
2023-10-13 22:00:00,2023-10-13 23:00:00,long,3615.0,3605.0,-10.722000002861023,-0.2965975104525871,1,1.0,signal
2023-10-16 11:00:00,2023-10-16 13:00:00,long,3630.0,3644.0,13.272599995136261,0.3656363635023763,1,1.0,signal
2023-10-16 15:00:00,2023-10-16 21:00:00,long,3659.0,3657.0,-2.731599986553192,-0.07465427675739798,1,1.0,signal
2023-10-16 21:00:00,2023-10-16 23:00:00,long,3659.0,3642.0,-5.165708997845649,-0.4705938779125125,2,0.3,signal
2023-10-16 23:00:00,2023-10-17 09:00:00,long,3644.0,3641.0,-0.466391250193119,-0.08532587819120363,1,0.15,signal
2023-10-17 09:00:00,2023-10-17 10:00:00,long,3643.0,3643.0,-0.1821499913930893,-0.009999999527482257,1,0.5,signal
2023-10-17 10:00:00,2023-10-17 13:00:00,long,3645.0,3663.0,2.683557000607252,0.4908197531974855,2,0.15,signal
2023-10-17 13:00:00,2023-10-17 15:00:00,long,3665.0,3646.0,-9.682774990797043,-0.5283915411076149,2,0.5,signal
2023-10-17 15:00:00,2023-10-17 22:00:00,long,3648.0,3643.0,-1.565618999004364,-0.14305729157569116,2,0.3,signal
2023-10-17 22:00:00,2023-10-18 11:00:00,long,3645.0,3636.0,-1.3663822500407696,-0.24990987655066657,4,0.15,signal
2023-10-23 10:00:00,2023-10-23 11:00:00,long,3568.0,3563.0,-4.456383972167969,-0.15612331741059307,1,0.8,signal
2023-10-23 11:00:00,2023-10-23 13:00:00,long,3565.0,3570.0,1.4357850033044814,0.1342482471532942,1,0.3,signal
2023-10-24 15:00:00,2023-10-24 21:00:00,long,3627.0,3644.0,4.03811904258728,0.4638956716509604,1,0.24,signal
2023-10-24 21:00:00,2023-10-25 09:00:00,long,3646.0,3666.0,15.532032012939453,0.5325024689022029,3,0.8,signal
2023-10-25 09:00:00,2023-10-25 10:00:00,long,3668.0,3683.0,4.433841002583503,0.40292993480402617,1,0.3,signal
2023-10-25 10:00:00,2023-10-25 11:00:00,long,3685.0,3676.0,-7.671103973388672,-0.26021383898876094,1,0.8,signal
2023-10-25 11:00:00,2023-10-25 14:00:00,long,3678.0,3665.0,-3.9660869961977,-0.35944235963365057,2,0.3,signal
2023-10-25 14:00:00,2023-10-26 21:00:00,long,3667.0,3675.0,1.1834804999828339,0.21515871284116606,11,0.15,signal
2023-10-27 11:00:00,2023-10-27 13:00:00,short,3688.0,3697.0,-6.6618649995327,-0.25805178956975133,1,0.7,signal
2023-10-27 13:00:00,2023-10-27 21:00:00,long,3697.0,3719.0,17.125376014709474,0.5790294838622354,3,0.8,signal
2023-10-27 21:00:00,2023-10-27 22:00:00,long,3721.0,3722.0,0.23301299929618835,0.020873689805266358,1,0.3,signal
2023-10-27 22:00:00,2023-10-27 23:00:00,long,3724.0,3716.0,-6.8761599731445315,-0.23080558449061933,1,0.8,signal
2023-10-27 23:00:00,2023-10-30 10:00:00,long,3718.0,3728.0,2.9329860001802444,0.2629537385852828,2,0.3,signal
2023-10-30 10:00:00,2023-10-30 13:00:00,long,3730.0,3724.0,-0.9167714989185334,-0.16385549578526065,2,0.15,signal
2023-10-30 13:00:00,2023-10-30 22:00:00,long,3726.0,3733.0,3.313525006175041,0.17785963532877302,4,0.5,signal
2023-10-30 22:00:00,2023-10-30 23:00:00,long,3735.0,3720.0,-4.567094997167587,-0.40759437725725906,1,0.3,signal
2023-10-30 23:00:00,2023-10-31 14:00:00,long,3722.0,3736.0,2.083219500929117,0.37313621725400625,5,0.15,signal
2023-11-01 10:00:00,2023-11-01 11:00:00,long,3753.0,3739.0,-14.749199986457825,-0.3929976015576292,1,1.0,signal
2023-11-01 11:00:00,2023-11-01 13:00:00,long,3741.0,3738.0,-0.46682775020599365,-0.08319125905836117,1,0.15,signal
2023-11-01 13:00:00,2023-11-01 21:00:00,long,3740.0,3755.0,7.312625005841255,0.3910494655530083,3,0.5,signal
2023-11-01 21:00:00,2023-11-01 22:00:00,long,3757.0,3744.0,-3.9675089961290357,-0.35201038027939274,1,0.3,signal
2023-11-01 22:00:00,2023-11-02 09:00:00,long,3746.0,3739.0,-3.6871249973773956,-0.19685664695020796,2,0.5,signal
2023-11-02 09:00:00,2023-11-02 10:00:00,long,3741.0,3749.0,2.3325900042057035,0.20784015006733528,1,0.3,signal
2023-11-02 10:00:00,2023-11-02 11:00:00,long,3751.0,3757.0,2.8123000115156174,0.14994934745484498,1,0.5,signal
2023-11-02 11:00:00,2023-11-02 14:00:00,long,3759.0,3760.0,0.23232900381088256,0.020602022152246394,2,0.3,signal
2023-11-02 14:00:00,2023-11-02 15:00:00,long,3762.0,3757.0,-2.687974989414215,-0.1429013816807132,1,0.5,signal
2023-11-02 15:00:00,2023-11-03 14:00:00,long,3759.0,3790.0,4.633014750480652,0.8216750466401794,8,0.15,signal
2023-11-03 14:00:00,2023-11-03 21:00:00,long,3792.0,3804.0,5.810100004076958,0.30643987363275094,2,0.5,signal
2023-11-03 21:00:00,2023-11-03 22:00:00,long,3806.0,3824.0,2.6828325010836123,0.46993037328492077,1,0.15,signal
2023-11-03 22:00:00,2023-11-03 23:00:00,long,3826.0,3826.0,-0.19129998981952667,-0.009999999467826799,1,0.5,signal
2023-11-03 23:00:00,2023-11-06 09:00:00,long,3828.0,3826.0,-0.31722149983048437,-0.055245820242160286,1,0.15,signal
2023-11-06 09:00:00,2023-11-06 10:00:00,long,3828.0,3804.0,-12.190799996256828,-0.6369278994909524,1,0.5,signal
2023-11-06 10:00:00,2023-11-06 15:00:00,long,3806.0,3802.0,-0.6171180000901223,-0.10809563848136668,4,0.15,signal
2023-11-08 15:00:00,2023-11-08 22:00:00,long,3847.0,3864.0,4.0355846408844,0.43709217581713017,2,0.24,signal
2023-11-08 22:00:00,2023-11-08 23:00:00,long,3866.0,3851.0,-12.493887977600098,-0.4039668901189892,1,0.8,signal
2023-11-08 23:00:00,2023-11-09 09:00:00,long,3853.0,3850.0,-0.9693269973993301,-0.08385907062888918,1,0.3,signal
2023-11-09 09:00:00,2023-11-09 11:00:00,long,3852.0,3849.0,-2.892863998413086,-0.09387538935660326,2,0.8,signal
2023-11-09 11:00:00,2023-11-09 13:00:00,long,3851.0,3840.0,-3.3692189955711367,-0.2916315238960561,1,0.3,signal
2023-11-09 13:00:00,2023-11-09 14:00:00,long,3842.0,3843.0,0.30787500739097595,0.01602680933841624,1,0.5,signal
2023-11-09 14:00:00,2023-11-09 15:00:00,long,3845.0,3852.0,2.0307270008325573,0.1760491548186006,1,0.3,signal
2023-11-09 15:00:00,2023-11-09 21:00:00,long,3854.0,3852.0,-1.1926499903202057,-0.061891540753513524,1,0.5,signal
2023-11-09 21:00:00,2023-11-09 22:00:00,long,3854.0,3862.0,2.330555999279022,0.20157031649187182,1,0.3,signal
2023-11-09 22:00:00,2023-11-09 23:00:00,long,3864.0,3868.0,1.8067000061273575,0.0935144930707742,1,0.5,signal
2023-11-09 23:00:00,2023-11-10 09:00:00,long,3870.0,3866.0,-1.2696239984035491,-0.10935607221391466,1,0.3,signal
2023-11-10 09:00:00,2023-11-10 10:00:00,long,3868.0,3874.0,2.8064500093460083,0.14511116904581223,1,0.5,signal
2023-11-10 10:00:00,2023-11-10 23:00:00,long,3876.0,3901.0,3.732501749843359,0.641985165091737,7,0.15,signal
2023-11-10 23:00:00,2023-11-13 10:00:00,long,3903.0,3874.0,-14.694425001740456,-0.7529810403146532,2,0.5,signal
2023-11-13 10:00:00,2023-11-13 13:00:00,long,3876.0,3869.0,-1.0674262489378452,-0.18359584605054097,2,0.15,signal
2023-11-13 13:00:00,2023-11-13 14:00:00,short,3869.0,3886.0,-12.279994999766348,-0.4534207805548258,1,0.7,signal
2023-11-13 14:00:00,2023-11-13 15:00:00,long,3886.0,3872.0,-3.4046860794067384,-0.36505898089367156,1,0.24,signal
2023-11-13 15:00:00,2023-11-13 21:00:00,short,3872.0,3875.0,-2.4796029931306838,-0.09148476214325132,1,0.7,signal
2023-11-14 09:00:00,2023-11-14 10:00:00,long,3863.0,3861.0,-2.0943359756469726,-0.0677690905917348,1,0.8,signal
2023-11-14 22:00:00,2023-11-14 23:00:00,long,3932.0,3953.0,4.994582402801513,0.529266531324338,1,0.24,signal
2023-11-14 23:00:00,2023-11-15 09:00:00,long,3955.0,3954.0,-1.306175994873047,-0.04128242714516583,1,0.8,signal
2023-11-15 09:00:00,2023-11-15 14:00:00,long,3956.0,3905.0,-12.285279358291625,-1.2939500503761823,4,0.24,signal
2023-11-15 14:00:00,2023-11-15 22:00:00,long,3907.0,3901.0,-0.9175679996609687,-0.1565682108456563,3,0.15,signal
2023-11-17 13:00:00,2023-11-17 14:00:00,long,3954.0,3949.0,-5.790299952030182,-0.14644157693551293,1,1.0,signal
2023-11-17 14:00:00,2023-11-17 15:00:00,long,3951.0,3928.0,-11.696974992752075,-0.5921019991269084,1,0.5,signal
2023-11-17 15:00:00,2023-11-17 21:00:00,long,3930.0,3927.0,-0.9707129967212677,-0.0823335875081652,1,0.3,signal
2023-11-17 21:00:00,2023-11-17 22:00:00,long,3929.0,3937.0,1.1823015001416206,0.20061109699526947,1,0.15,signal
2023-11-17 22:00:00,2023-11-20 10:00:00,short,3937.0,3945.0,-5.986217980980872,-0.21721462973913688,3,0.7,signal
2023-11-20 22:00:00,2023-11-20 23:00:00,long,4022.0,4031.0,8.194700002670288,0.20374689215987787,1,1.0,signal
2023-11-20 23:00:00,2023-11-21 09:00:00,long,4033.0,4032.0,-1.3161599731445315,-0.04079345317209681,1,0.8,signal
2023-11-21 09:00:00,2023-11-21 10:00:00,long,4034.0,4047.0,3.8272710013389584,0.31625111562873565,1,0.3,signal
2023-11-21 10:00:00,2023-11-21 11:00:00,long,4049.0,4030.0,-15.717055969238283,-0.4852141259952545,1,0.8,signal
2023-11-21 11:00:00,2023-11-21 21:00:00,long,4032.0,3985.0,-14.172152999639511,-1.1716396329067058,4,0.3,signal
2023-11-21 21:00:00,2023-11-22 13:00:00,long,3987.0,3972.0,-2.2679077497124673,-0.37921708046358454,6,0.15,signal
2023-11-22 13:00:00,2023-11-22 22:00:00,short,3972.0,3993.0,-15.090284984111785,-0.5427379148364186,4,0.7,signal
2023-11-24 15:00:00,2023-11-24 22:00:00,long,3972.0,3928.0,-10.605503997802733,-1.1125276936265038,2,0.24,signal
2023-11-24 22:00:00,2023-11-24 23:00:00,short,3928.0,3935.0,-5.285287001729011,-0.19222021391216948,1,0.7,signal
2023-12-01 14:00:00,2023-12-01 15:00:00,long,3928.0,3921.0,-7.784900009632111,-0.19818991877882156,1,1.0,signal
2023-12-01 15:00:00,2023-12-01 21:00:00,long,3923.0,3967.0,21.802750006318092,1.1115345402150443,1,0.5,signal
2023-12-01 21:00:00,2023-12-01 22:00:00,long,3969.0,3960.0,-2.7713609969615933,-0.23275056663824584,1,0.3,signal
2023-12-01 22:00:00,2023-12-04 10:00:00,long,3962.0,3930.0,-16.197300001978874,-0.817632508933815,3,0.5,signal
2023-12-04 10:00:00,2023-12-04 15:00:00,long,3932.0,3902.0,-4.517626499980688,-0.7659590539133075,4,0.15,signal
2023-12-04 15:00:00,2023-12-04 21:00:00,short,3902.0,3901.0,0.31765301883220676,0.011629677778143324,1,0.7,signal
2023-12-06 10:00:00,2023-12-06 21:00:00,long,3927.0,3952.0,5.954616961669922,0.6318030050154828,5,0.24,signal
2023-12-06 21:00:00,2023-12-06 22:00:00,long,3954.0,3990.0,10.728504002094269,0.9044430957759457,1,0.3,signal
2023-12-06 22:00:00,2023-12-07 09:00:00,long,3992.0,3984.0,-4.199399992823601,-0.2103907812035872,2,0.5,signal
2023-12-07 09:00:00,2023-12-07 10:00:00,long,3986.0,3995.0,2.6281710004806516,0.2197834922629747,1,0.3,signal
2023-12-07 10:00:00,2023-12-07 11:00:00,long,3997.0,4001.0,1.8000500053167343,0.0900700528054408,1,0.5,signal
2023-12-07 11:00:00,2023-12-07 13:00:00,long,4003.0,4005.0,0.5279280030727387,0.043961029483948595,1,0.3,signal
2023-12-07 13:00:00,2023-12-07 14:00:00,long,4007.0,4006.0,-0.7003249973058701,-0.03495507847795708,1,0.5,signal
2023-12-07 14:00:00,2023-12-07 22:00:00,long,4008.0,4032.0,7.127640003561973,0.5927844314339632,3,0.3,signal
2023-12-07 22:00:00,2023-12-08 09:00:00,long,4034.0,4044.0,4.7980500012636185,0.23788051567990176,2,0.5,signal
2023-12-08 09:00:00,2023-12-08 10:00:00,long,4046.0,4053.0,1.0317772503197193,0.17000778551980877,1,0.15,signal
2023-12-08 10:00:00,2023-12-08 11:00:00,long,4055.0,4040.0,-7.702374994754791,-0.37989519086336826,1,0.5,signal
2023-12-08 11:00:00,2023-12-11 15:00:00,long,4042.0,4023.0,-2.8681462490558625,-0.4730572734711962,12,0.15,signal
2023-12-11 15:00:00,2023-12-11 21:00:00,short,4023.0,4024.0,-1.0943029791116714,-0.038858811090219506,1,0.7,signal
2023-12-12 23:00:00,2023-12-13 09:00:00,long,4023.0,4015.0,-6.91443199157715,-0.21484066590781595,1,0.8,signal
2023-12-13 09:00:00,2023-12-13 10:00:00,short,4015.0,4021.0,-4.5937639772892,-0.16345006145843086,1,0.7,signal
2023-12-13 10:00:00,2023-12-13 13:00:00,long,4021.0,3959.0,-50.110719985961914,-1.5577816459202285,2,0.8,signal
2023-12-15 09:00:00,2023-12-15 14:00:00,long,3947.0,3909.0,-9.165250560379029,-0.9675334178256725,4,0.24,signal
2023-12-15 14:00:00,2023-12-15 15:00:00,short,3909.0,3917.0,-5.983473992943764,-0.2186702478874306,1,0.7,signal
2023-12-15 15:00:00,2023-12-15 21:00:00,long,3917.0,3914.0,-2.9011840057373046,-0.09258309949378685,1,0.8,signal
2023-12-15 22:00:00,2023-12-15 23:00:00,short,3907.0,3915.0,-5.98327798962593,-0.21877501881699257,1,0.7,signal
2023-12-18 09:00:00,2023-12-18 10:00:00,short,3911.0,3912.0,-1.083326997756958,-0.03957069794926244,1,0.7,signal
2023-12-19 11:00:00,2023-12-19 13:00:00,long,3941.0,3912.0,-7.005233277511596,-0.7406361834466291,1,0.24,signal
2023-12-19 23:00:00,2023-12-20 09:00:00,long,3929.0,3930.0,0.21410000324249268,0.005449223803575787,1,1.0,signal
2023-12-20 09:00:00,2023-12-20 10:00:00,long,3932.0,3945.0,3.8291070002317427,0.32461063074192464,1,0.3,signal
2023-12-20 10:00:00,2023-12-20 11:00:00,long,3947.0,3936.0,-5.697074994444847,-0.28867874306789193,1,0.5,signal
2023-12-20 11:00:00,2023-12-20 13:00:00,long,3938.0,3941.0,0.8290890026092529,0.07017851723457363,1,0.3,signal
2023-12-20 13:00:00,2023-12-20 15:00:00,long,3943.0,3938.0,-0.7677322500944137,-0.12980509765735287,2,0.15,signal
2023-12-20 15:00:00,2023-12-20 21:00:00,long,3940.0,3939.0,-0.370910997390747,-0.0313799490178297,1,0.3,signal
2023-12-20 21:00:00,2023-12-20 22:00:00,long,3941.0,3927.0,-7.196699991822243,-0.3652220244517758,1,0.5,signal
2023-12-20 22:00:00,2023-12-20 23:00:00,long,3929.0,3937.0,1.1823015001416206,0.20061109699526947,1,0.15,signal
2023-12-20 23:00:00,2023-12-21 10:00:00,long,3939.0,3938.0,-0.6969249993562698,-0.035385884709635426,2,0.5,signal
2023-12-21 10:00:00,2023-12-21 11:00:00,long,3940.0,3951.0,3.228981000781059,0.27317944169044495,1,0.3,signal
2023-12-21 11:00:00,2023-12-21 21:00:00,long,3953.0,3987.0,16.801500007510185,0.8500632434864753,4,0.5,signal
2023-12-21 21:00:00,2023-12-21 22:00:00,long,3989.0,3993.0,0.582040501087904,0.0972742543808647,1,0.15,signal
2023-12-21 22:00:00,2023-12-22 09:00:00,long,3995.0,3987.0,-4.199549987912178,-0.2102402997703218,2,0.5,signal
2023-12-22 09:00:00,2023-12-22 10:00:00,long,3989.0,4010.0,3.1320022501051423,0.5234398345625708,1,0.15,signal
2023-12-22 10:00:00,2023-12-22 14:00:00,long,4012.0,4002.0,-5.200350001454353,-0.2592397807305261,3,0.5,signal
2023-12-22 14:00:00,2023-12-22 22:00:00,long,4004.0,3999.0,-1.5720270001888275,-0.13087137863709852,3,0.3,signal
2023-12-22 22:00:00,2023-12-26 09:00:00,long,4001.0,4018.0,2.5319572506844996,0.42188740326326746,11,0.15,signal
2023-12-26 09:00:00,2023-12-26 11:00:00,long,4020.0,4018.0,-1.2009499967098236,-0.05974875605521511,2,0.5,signal
2023-12-26 11:00:00,2023-12-26 13:00:00,long,4020.0,4017.0,-0.9723329973220824,-0.0806246266436221,1,0.3,signal
2023-12-26 13:00:00,2023-12-26 15:00:00,long,4019.0,4021.0,0.799000009894371,0.0397611351029794,2,0.5,signal
2023-12-26 15:00:00,2023-12-26 23:00:00,long,4023.0,3996.0,-8.172170997262,-0.6771208051422654,3,0.3,signal
2023-12-26 23:00:00,2023-12-27 15:00:00,long,3998.0,4023.0,3.7319527499377725,0.6223032766279428,6,0.15,signal
2023-12-27 15:00:00,2023-12-27 21:00:00,long,4025.0,4022.0,-1.7011749893426895,-0.0845304342530529,1,0.5,signal
2023-12-27 21:00:00,2023-12-28 09:00:00,long,4024.0,4014.0,-1.5180854997038842,-0.2515052186388145,3,0.15,signal
2023-12-28 09:00:00,2023-12-28 10:00:00,short,4014.0,4018.0,-3.1935680031776426,-0.11365819642599624,1,0.7,signal
2023-12-29 13:00:00,2023-12-29 14:00:00,long,4007.0,4001.0,-1.8720719969272612,-0.15573346617812672,1,0.3,signal
2024-01-02 10:00:00,2024-01-02 14:00:00,long,4038.0,4049.0,2.5934188819885255,0.26760554750583265,3,0.24,signal
2024-01-02 14:00:00,2024-01-02 15:00:00,long,4051.0,4044.0,-6.1180799865722655,-0.1887830161247922,1,0.8,signal
2024-01-02 15:00:00,2024-01-02 21:00:00,long,4046.0,4047.0,0.22716299951076505,0.01871502714703947,1,0.3,signal
2024-01-02 21:00:00,2024-01-02 22:00:00,long,4049.0,4059.0,2.353297922515869,0.24216863448957246,1,0.24,signal
2024-01-02 22:00:00,2024-01-02 23:00:00,long,4061.0,4052.0,-4.702824994921684,-0.23160920930419523,1,0.5,signal
2024-01-02 23:00:00,2024-01-03 09:00:00,long,4054.0,4049.0,-1.5729269993305206,-0.1293312776953232,1,0.3,signal
2024-01-03 09:00:00,2024-01-03 11:00:00,long,4051.0,4053.0,0.7973999977111816,0.03936805715680976,2,0.5,signal
2024-01-03 11:00:00,2024-01-03 15:00:00,long,4055.0,4055.0,-0.07298999905586241,-0.005999999922389019,3,0.3,signal
2024-01-03 15:00:00,2024-01-03 21:00:00,long,4057.0,4053.0,-2.2027499973773956,-0.10859009107110651,1,0.5,signal
2024-01-03 21:00:00,2024-01-03 22:00:00,long,4055.0,4047.0,-2.4729179978370666,-0.2032813808332977,1,0.3,signal
2024-01-03 22:00:00,2024-01-04 13:00:00,long,4049.0,4030.0,-2.868177748918533,-0.4722446281252216,5,0.15,signal
2024-01-04 13:00:00,2024-01-04 14:00:00,short,4030.0,4043.0,-9.495576986074447,-0.3366032253128127,1,0.7,signal
2024-01-11 13:00:00,2024-01-11 14:00:00,long,3925.0,3918.0,-1.7251756782531737,-0.1831396686043709,1,0.24,signal
2024-01-12 11:00:00,2024-01-12 13:00:00,long,3928.0,3920.0,-8.784799993038177,-0.22364562100402693,1,1.0,signal
2024-01-12 13:00:00,2024-01-12 14:00:00,short,3920.0,3910.0,6.616330003738403,0.24111989809542286,1,0.7,signal
2024-01-18 13:00:00,2024-01-18 14:00:00,long,3882.0,3895.0,9.902271995544433,0.31885213792968936,1,0.8,signal
2024-01-18 14:00:00,2024-01-18 15:00:00,short,3895.0,3913.0,-12.982591992616653,-0.47616328599364216,1,0.7,signal
2024-01-18 15:00:00,2024-01-18 21:00:00,long,3913.0,3912.0,-0.37042499721050265,-0.03155507259651611,1,0.3,signal
2024-01-23 23:00:00,2024-01-24 09:00:00,long,3933.0,3932.0,-1.7864999771118164,-0.0454233403791461,1,1.0,signal
2024-01-24 09:00:00,2024-01-24 11:00:00,long,3934.0,3936.0,0.8032499998807907,0.040836298926323886,2,0.5,signal
2024-01-24 11:00:00,2024-01-24 13:00:00,long,3938.0,3940.0,0.5290980041027069,0.0447856783564167,1,0.3,signal
2024-01-24 13:00:00,2024-01-24 14:00:00,long,3942.0,3943.0,0.30287501215934753,0.01536656581224493,1,0.5,signal
2024-01-24 14:00:00,2024-01-24 15:00:00,long,3945.0,3951.0,1.7289360040426254,0.14608669235679134,1,0.3,signal
2024-01-24 15:00:00,2024-01-24 21:00:00,long,3953.0,3970.0,8.301925003528595,0.42003162173177816,1,0.5,signal
2024-01-24 21:00:00,2024-01-24 22:00:00,long,3972.0,3970.0,-0.6714780002832412,-0.05635095672064797,1,0.3,signal
2024-01-24 22:00:00,2024-01-24 23:00:00,long,3972.0,3975.0,0.4321192507445812,0.07252756810080249,1,0.15,signal
2024-01-24 23:00:00,2024-01-25 09:00:00,long,3977.0,3974.0,-1.6987749934196472,-0.0854299720100401,1,0.5,signal
2024-01-25 09:00:00,2024-01-25 10:00:00,long,3976.0,3980.0,1.1283960002660751,0.09460060364403715,1,0.3,signal
2024-01-25 10:00:00,2024-01-25 11:00:00,long,3982.0,3980.0,-1.1990499943494797,-0.060223505492188835,1,0.5,signal
2024-01-25 11:00:00,2024-01-25 14:00:00,long,3982.0,3983.0,0.22831500291824341,0.01911225539245299,2,0.3,signal
2024-01-25 14:00:00,2024-01-25 15:00:00,long,3985.0,3963.0,-11.198699995875359,-0.5620426597678976,1,0.5,signal
2024-01-25 15:00:00,2024-01-26 23:00:00,long,3965.0,3979.0,2.082126000523567,0.3500842371624325,12,0.15,signal
2024-01-29 11:00:00,2024-01-29 13:00:00,long,3973.0,3968.0,-5.794099986553192,-0.14583689873025907,1,1.0,signal
2024-01-29 13:00:00,2024-01-29 22:00:00,long,3970.0,3962.0,-2.4713879960775373,-0.20750528934320214,4,0.3,signal
2024-01-29 22:00:00,2024-01-29 23:00:00,long,3964.0,3967.0,0.4321552500128746,0.07267999495675657,1,0.15,signal
2024-01-30 15:00:00,2024-01-30 22:00:00,long,3918.0,3898.0,-16.50022399902344,-0.5264236855226978,2,0.8,signal
2024-02-07 15:00:00,2024-02-07 21:00:00,long,3841.0,3840.0,-0.2842425579071045,-0.03083426168392612,1,0.24,signal
2024-02-08 13:00:00,2024-02-08 14:00:00,long,3849.0,3841.0,-8.768999993801117,-0.22782540903614232,1,1.0,signal
2024-02-08 14:00:00,2024-02-08 15:00:00,long,3843.0,3854.0,3.2307270008325575,0.280226125495061,1,0.3,signal
2024-02-08 15:00:00,2024-02-19 09:00:00,long,3856.0,3876.0,15.505152015686036,0.5026307059026852,1,0.8,signal
2024-02-19 09:00:00,2024-02-19 10:00:00,long,3878.0,3830.0,-14.469371999502181,-1.2437142856714958,1,0.3,signal
2024-02-19 10:00:00,2024-02-19 11:00:00,long,3832.0,3812.0,-10.191100001335144,-0.5318945720947361,1,0.5,signal
2024-02-19 11:00:00,2024-02-19 13:00:00,long,3814.0,3809.0,-1.5686069959402082,-0.13709202901068068,1,0.3,signal
2024-02-19 13:00:00,2024-02-20 09:00:00,long,3811.0,3809.0,-0.31714499920606615,-0.05547887679630301,6,0.15,signal
2024-02-21 13:00:00,2024-02-21 15:00:00,long,3825.0,3788.0,-8.923850878143309,-0.9720970455493801,2,0.24,signal
2024-02-21 15:00:00,2024-02-21 22:00:00,short,3788.0,3806.0,-12.972106004953385,-0.4892180572089827,2,0.7,signal
2024-02-22 11:00:00,2024-02-22 13:00:00,long,3791.0,3795.0,3.2414000034332275,0.08550250602567205,1,1.0,signal
2024-02-22 13:00:00,2024-02-22 14:00:00,long,3797.0,3773.0,-12.189249992370605,-0.6420463519815963,1,0.5,signal
2024-02-22 14:00:00,2024-02-22 15:00:00,long,3775.0,3793.0,5.331888000369071,0.47080688744980764,1,0.3,signal
2024-02-22 15:00:00,2024-02-22 21:00:00,long,3795.0,3796.0,0.3102250099182129,0.016349144132712143,1,0.5,signal
2024-02-22 21:00:00,2024-02-22 23:00:00,long,3798.0,3804.0,0.8828955008089543,0.1549755135701166,2,0.15,signal
2024-02-22 23:00:00,2024-02-23 10:00:00,short,3804.0,3803.0,0.32725700616836545,0.012289958170661164,2,0.7,signal
2024-02-27 13:00:00,2024-02-27 22:00:00,long,3803.0,3815.0,2.8361203205108643,0.31073278995868003,4,0.24,signal
2024-02-27 22:00:00,2024-02-28 09:00:00,long,3817.0,3811.0,-1.8686519980430603,-0.16318679574212386,2,0.3,signal
2024-02-28 09:00:00,2024-02-28 10:00:00,long,3813.0,3813.0,-0.19065000116825104,-0.010000000061277265,1,0.5,signal
2024-02-28 10:00:00,2024-02-28 13:00:00,long,3815.0,3816.0,0.23132100284099577,0.02021153366893803,2,0.3,signal
2024-02-28 13:00:00,2024-02-28 14:00:00,long,3818.0,3817.0,-0.16717874944210054,-0.02919133044213385,1,0.15,signal
2024-02-28 14:00:00,2024-02-28 15:00:00,long,3819.0,3807.0,-6.190650001168251,-0.3242026709174261,1,0.5,signal
2024-02-28 15:00:00,2024-02-28 21:00:00,long,3809.0,3799.0,-3.068472000360489,-0.26852822266215887,1,0.3,signal
2024-02-28 21:00:00,2024-02-28 22:00:00,long,3801.0,3794.0,-1.0670887492597103,-0.18715930005432085,1,0.15,signal
2024-02-28 22:00:00,2024-02-28 23:00:00,short,3794.0,3791.0,1.7283350098133086,0.06507775471847686,1,0.7,signal
2024-02-29 09:00:00,2024-02-29 10:00:00,short,3789.0,3795.0,-4.571615982055664,-0.17236421151663328,1,0.7,signal
2024-03-07 22:00:00,2024-03-07 23:00:00,long,3708.0,3695.0,-13.740299999713898,-0.37055825241946866,1,1.0,signal
2024-03-07 23:00:00,2024-03-08 09:00:00,long,3697.0,3693.0,-1.266509996652603,-0.11419258828352745,1,0.3,signal
2024-03-08 09:00:00,2024-03-08 10:00:00,long,3695.0,3690.0,-4.472639999389648,-0.1513071718332087,1,0.8,signal
2024-03-08 10:00:00,2024-03-08 11:00:00,long,3692.0,3684.0,-1.9624857582092283,-0.22147952309150734,1,0.24,signal
2024-03-08 11:00:00,2024-03-08 13:00:00,short,3684.0,3689.0,-3.8612769895792005,-0.1497315413982938,1,0.7,signal
2024-03-11 10:00:00,2024-03-11 11:00:00,long,3635.0,3625.0,-8.464640007019042,-0.2910811556746576,1,0.8,signal
2024-03-12 22:00:00,2024-03-13 10:00:00,long,3633.0,3623.0,-2.4417945602416995,-0.2800480044317941,3,0.24,signal
2024-03-13 10:00:00,2024-03-13 11:00:00,long,3625.0,3621.0,-3.6637439727783203,-0.1263359990613214,1,0.8,signal
2024-03-13 11:00:00,2024-03-13 13:00:00,long,3623.0,3616.0,-2.1651509964466094,-0.19920425029410338,1,0.3,signal
2024-03-13 13:00:00,2024-03-13 14:00:00,long,3618.0,3604.0,-11.662207984924317,-0.4029231614470811,1,0.8,signal
2024-03-13 14:00:00,2024-03-13 15:00:00,long,3606.0,3587.0,-5.764736997485161,-0.5328838045373601,1,0.3,signal
2024-03-13 15:00:00,2024-03-13 23:00:00,short,3587.0,3584.0,1.7486210173368453,0.06964120503950158,3,0.7,signal
2024-03-19 13:00:00,2024-03-19 14:00:00,long,3561.0,3560.0,-1.7120999693870544,-0.048079190378743454,1,1.0,signal
2024-03-19 14:00:00,2024-03-19 15:00:00,long,3562.0,3569.0,5.1436160278320315,0.18050308912942278,1,0.8,signal
2024-03-19 15:00:00,2024-03-19 22:00:00,long,3571.0,3567.0,-1.2642419958114623,-0.11801008081876807,2,0.3,signal
2024-03-19 22:00:00,2024-03-19 23:00:00,long,3569.0,3563.0,-3.178299993276596,-0.1781059116434069,1,0.5,signal
2024-03-19 23:00:00,2024-03-20 10:00:00,long,3565.0,3594.0,8.635568999648093,0.807439831664151,2,0.3,signal
2024-03-20 10:00:00,2024-03-21 13:00:00,long,3596.0,3612.0,2.3837820003926753,0.44193214690260946,11,0.15,signal
2024-03-21 14:00:00,2024-03-21 15:00:00,long,3610.0,3615.0,4.277500033378601,0.11849030563375626,1,1.0,signal
2024-03-21 15:00:00,2024-03-21 21:00:00,long,3617.0,3608.0,-4.68062499165535,-0.25881255137712744,1,0.5,signal
2024-03-21 21:00:00,2024-03-21 22:00:00,long,3610.0,3626.0,4.734876002669334,0.43720000024647593,1,0.3,signal
2024-03-21 22:00:00,2024-03-21 23:00:00,long,3628.0,3623.0,-0.7663147495687007,-0.1408149117178796,1,0.15,signal
2024-03-21 23:00:00,2024-03-22 10:00:00,long,3625.0,3607.0,-9.18079999089241,-0.5065268960492364,2,0.5,signal
2024-03-22 10:00:00,2024-03-22 13:00:00,long,3609.0,3606.0,-0.46623374953866004,-0.0861242725664838,2,0.15,signal
2024-03-22 13:00:00,2024-03-22 14:00:00,long,3608.0,3599.0,-4.680174991488457,-0.25943320351931576,1,0.5,signal
2024-03-22 14:00:00,2024-03-22 15:00:00,long,3601.0,3611.0,2.9350920009613035,0.2716923077812926,1,0.3,signal
2024-03-22 15:00:00,2024-03-25 09:00:00,long,3613.0,3607.0,-0.9162450000643729,-0.16906448935591348,4,0.15,signal
2024-04-01 22:00:00,2024-04-02 13:00:00,long,3524.0,3495.0,-7.0004294403076175,-0.8277087401044763,5,0.24,signal
2024-04-02 13:00:00,2024-04-02 14:00:00,long,3497.0,3501.0,2.7521280288696293,0.09837460783777628,1,0.8,signal
2024-04-02 14:00:00,2024-04-02 15:00:00,long,3503.0,3509.0,1.7368919992446898,0.16527661996809306,1,0.3,signal
2024-04-02 15:00:00,2024-04-02 21:00:00,long,3511.0,3499.0,-1.8157724994421003,-0.3447778409649863,1,0.15,signal
2024-04-02 21:00:00,2024-04-02 23:00:00,long,3501.0,3525.0,11.824349999427795,0.6754841473537729,2,0.5,signal
2024-04-02 23:00:00,2024-04-03 13:00:00,long,3527.0,3509.0,-5.463323999047279,-0.5163334277523182,4,0.3,signal
2024-04-03 13:00:00,2024-04-03 14:00:00,long,3511.0,3512.0,0.13419825106859207,0.025481486958813648,1,0.15,signal
2024-04-03 14:00:00,2024-04-08 13:00:00,short,3512.0,3518.0,-4.544470004439353,-0.18485478377966783,5,0.7,signal
2024-04-08 13:00:00,2024-04-08 14:00:00,long,3518.0,3522.0,2.7494400024414065,0.0976918704676452,1,0.8,signal
2024-04-08 14:00:00,2024-04-08 15:00:00,long,3524.0,3555.0,9.236289001107215,0.8736557889810079,1,0.3,signal
2024-04-08 15:00:00,2024-04-08 22:00:00,long,3557.0,3567.0,2.3589657623291016,0.27632904159979166,2,0.24,signal
2024-04-08 22:00:00,2024-04-09 09:00:00,long,3569.0,3559.0,-1.5160379992425441,-0.2831863265606695,2,0.15,signal
2024-04-09 09:00:00,2024-04-09 10:00:00,long,3561.0,3549.0,-6.177749991416931,-0.34696714357859765,1,0.5,signal
2024-04-09 10:00:00,2024-04-09 11:00:00,long,3551.0,3566.0,4.435947003364563,0.416403548612087,1,0.3,signal
2024-04-09 11:00:00,2024-04-09 13:00:00,long,3568.0,3574.0,0.883930500894785,0.16515891272324085,1,0.15,signal
2024-04-09 13:00:00,2024-04-09 21:00:00,long,3576.0,3594.0,8.820749998092651,0.49333053680607664,3,0.5,signal
2024-04-09 21:00:00,2024-04-09 22:00:00,long,3596.0,3586.0,-3.064637997150421,-0.2840784202030424,1,0.3,signal
2024-04-09 22:00:00,2024-04-09 23:00:00,long,3588.0,3583.0,-2.6792749911546707,-0.1493464320599036,1,0.5,signal
2024-04-09 23:00:00,2024-04-10 09:00:00,long,3585.0,3581.0,-1.2644940000772478,-0.11757266388444888,1,0.3,signal
2024-04-10 09:00:00,2024-04-10 10:00:00,long,3583.0,3588.0,2.3207250088453293,0.1295408880181596,1,0.5,signal
2024-04-10 10:00:00,2024-04-11 10:00:00,long,3590.0,3578.0,-1.8161279994249342,-0.3372568244057445,9,0.15,signal
2024-04-11 22:00:00,2024-04-11 23:00:00,long,3613.0,3606.0,-7.72189998626709,-0.21372543554572626,1,1.0,signal
2024-04-11 23:00:00,2024-04-12 09:00:00,long,3608.0,3604.0,-1.2649079990386964,-0.11686141897992391,1,0.3,signal
2024-04-12 09:00:00,2024-04-12 10:00:00,long,3606.0,3615.0,6.737856025695802,0.23356406079089714,1,0.8,signal
2024-04-12 10:00:00,2024-04-12 21:00:00,long,3617.0,3627.0,4.818900004029274,0.26645839115450787,5,0.5,signal
2024-04-12 21:00:00,2024-04-12 23:00:00,long,3629.0,3609.0,-6.065142000317573,-0.5570994764689605,2,0.3,signal
2024-04-12 23:00:00,2024-04-15 13:00:00,long,3611.0,3603.0,-1.2162314991652965,-0.22454195498297727,4,0.15,signal
2024-04-15 13:00:00,2024-04-15 14:00:00,short,3603.0,3612.0,-6.65353498995304,-0.2638093251636747,1,0.7,signal
2024-04-17 15:00:00,2024-04-18 10:00:00,long,3682.0,3680.0,-0.522405118560791,-0.059117001466683756,5,0.24,signal
2024-04-18 10:00:00,2024-04-18 11:00:00,long,3682.0,3696.0,10.727807998657227,0.36419771858559297,1,0.8,signal
2024-04-18 11:00:00,2024-04-18 13:00:00,long,3698.0,3691.0,-2.166501000523567,-0.1952858302256686,1,0.3,signal
2024-04-18 13:00:00,2024-04-18 14:00:00,long,3693.0,3681.0,-6.184349998831749,-0.33492282690667474,1,0.5,signal
2024-04-18 14:00:00,2024-04-19 10:00:00,long,3683.0,3688.0,0.7334152498841285,0.13275685580308236,6,0.15,signal
2024-04-19 10:00:00,2024-04-19 11:00:00,short,3688.0,3688.0,-0.3614239847660064,-0.013999999409901084,1,0.7,signal
2024-04-22 13:00:00,2024-04-22 14:00:00,short,3670.0,3671.0,-1.059708992242813,-0.041249863458264424,1,0.7,signal
2024-04-24 15:00:00,2024-04-24 21:00:00,long,3681.0,3679.0,-2.7360000014305115,-0.07432762840072023,1,1.0,signal
2024-04-24 21:00:00,2024-04-24 23:00:00,long,3681.0,3675.0,-1.866203999519348,-0.16899429498499938,2,0.3,signal
2024-04-24 23:00:00,2024-04-25 10:00:00,long,3677.0,3691.0,2.083422001004219,0.37773946169961364,2,0.15,signal
2024-04-25 10:00:00,2024-04-25 11:00:00,long,3693.0,3689.0,-2.184550002217293,-0.1183076091100619,1,0.5,signal
2024-04-25 11:00:00,2024-04-25 21:00:00,long,3691.0,3670.0,-6.366248996257782,-0.5749344347744768,4,0.3,signal
2024-04-25 21:00:00,2024-04-25 22:00:00,long,3672.0,3668.0,-0.6165149992704392,-0.11193082775425547,1,0.15,signal
2024-04-25 22:00:00,2024-04-26 11:00:00,short,3668.0,3674.0,-4.55975800037384,-0.17758833153037235,4,0.7,signal
2024-05-06 13:00:00,2024-05-06 14:00:00,long,3734.0,3733.0,-1.7466999888420105,-0.04677825358441378,1,1.0,signal
2024-05-06 14:00:00,2024-05-06 15:00:00,long,3735.0,3734.0,-1.2780159759521486,-0.042771619007769365,1,0.8,signal
2024-05-06 15:00:00,2024-05-06 22:00:00,long,3736.0,3738.0,0.4369497608184814,0.048731905872867756,2,0.24,signal
2024-05-06 22:00:00,2024-05-06 23:00:00,long,3740.0,3733.0,-3.68682499229908,-0.19715641670048556,1,0.5,signal
2024-05-07 13:00:00,2024-05-07 14:00:00,long,3723.0,3724.0,0.25530004501342773,0.006857374295284119,1,1.0,signal
2024-05-07 14:00:00,2024-05-07 15:00:00,long,3726.0,3722.0,-2.1861999928951263,-0.1173483624742419,1,0.5,signal
2024-05-07 15:00:00,2024-05-07 22:00:00,long,3724.0,3721.0,-0.9670049983263016,-0.0865561222991677,2,0.3,signal
2024-05-07 22:00:00,2024-05-07 23:00:00,long,3723.0,3714.0,-1.3667332492768764,-0.24473690559170497,1,0.15,signal
2024-05-07 23:00:00,2024-05-08 13:00:00,short,3714.0,3706.0,5.236420007944107,0.2014162630950114,4,0.7,signal
2024-05-13 21:00:00,2024-05-13 23:00:00,long,3687.0,3663.0,-5.802335997390747,-0.6557200973454872,2,0.24,signal
2024-05-16 10:00:00,2024-05-16 13:00:00,long,3638.0,3694.0,13.397767682647704,1.534470368637496,2,0.24,signal
2024-05-16 13:00:00,2024-05-16 15:00:00,long,3696.0,3703.0,5.126464004516603,0.17337878803154091,2,0.8,signal
2024-05-16 15:00:00,2024-05-16 23:00:00,long,3705.0,3717.0,3.533202003836632,0.3178769234220991,3,0.3,signal
2024-05-16 23:00:00,2024-05-17 09:00:00,long,3719.0,3714.0,-2.685824990272522,-0.1444380204502566,1,0.5,signal
2024-05-17 09:00:00,2024-05-20 21:00:00,long,3716.0,3729.0,1.9332487504184244,0.34683328855730616,15,0.15,signal
2024-05-20 21:00:00,2024-05-20 22:00:00,long,3731.0,3742.0,3.232743002772331,0.2888182795293783,1,0.3,signal
2024-05-20 22:00:00,2024-05-20 23:00:00,long,3744.0,3741.0,-0.46684124976396557,-0.08312700316309929,1,0.15,signal
2024-05-20 23:00:00,2024-05-21 09:00:00,long,3743.0,3741.0,-1.1870999932289124,-0.06343040305791676,1,0.5,signal
2024-05-21 09:00:00,2024-05-21 13:00:00,long,3743.0,3728.0,-2.2668097499012947,-0.4037420518125024,3,0.15,signal
2024-05-21 13:00:00,2024-05-21 14:00:00,long,3730.0,3730.0,-0.18649999797344208,-0.009999999891337378,1,0.5,signal
2024-05-21 14:00:00,2024-05-21 21:00:00,long,3732.0,3745.0,1.9331767505407333,0.3453334674063475,2,0.15,signal
2024-05-21 23:00:00,2024-05-22 09:00:00,long,3788.0,3787.0,-1.7574999928474426,-0.04639651512268856,1,1.0,signal
2024-05-22 09:00:00,2024-05-22 11:00:00,long,3789.0,3787.0,-2.084864006042481,-0.06878015327403275,2,0.8,signal
2024-05-22 11:00:00,2024-05-22 13:00:00,long,3789.0,3794.0,1.4317529994249343,0.12595698068311204,1,0.3,signal
2024-05-22 13:00:00,2024-05-22 14:00:00,long,3796.0,3807.0,8.313408012390138,0.27375553254709356,1,0.8,signal
2024-05-22 14:00:00,2024-05-22 21:00:00,long,3809.0,3789.0,-6.068381996154785,-0.5310564449247208,2,0.3,signal
2024-05-22 21:00:00,2024-05-22 22:00:00,long,3791.0,3796.0,2.310325011610985,0.12188472759751964,1,0.5,signal
2024-05-22 22:00:00,2024-05-23 09:00:00,long,3798.0,3785.0,-3.9682470005750656,-0.34827514486353045,2,0.3,signal
2024-05-23 09:00:00,2024-05-23 10:00:00,long,3787.0,3787.0,-0.18934999406337738,-0.009999999686473587,1,0.5,signal
2024-05-23 10:00:00,2024-05-23 14:00:00,long,3789.0,3761.0,-4.216987499892712,-0.7419701768087819,3,0.15,signal
2024-05-23 14:00:00,2024-05-24 09:00:00,short,3761.0,3776.0,-10.869312979578972,-0.41285801570930875,5,0.7,signal
2024-05-27 14:00:00,2024-05-27 15:00:00,long,3748.0,3760.0,9.11948802947998,0.3041451450600314,1,0.8,signal
2024-05-27 15:00:00,2024-05-27 21:00:00,long,3762.0,3767.0,1.4322389996051788,0.12690404036905714,1,0.3,signal
2024-05-29 09:00:00,2024-05-29 10:00:00,long,3738.0,3739.0,0.19693248138427735,0.0219516320430129,1,0.24,signal
2024-05-29 22:00:00,2024-05-30 10:00:00,long,3803.0,3789.0,-11.685887985229492,-0.3841009724306301,3,0.8,signal
2024-05-30 10:00:00,2024-05-30 11:00:00,long,3791.0,3766.0,-6.04352831954956,-0.664240780747116,1,0.24,signal
2024-05-30 11:00:00,2024-05-30 13:00:00,long,3768.0,3739.0,-8.767562999725342,-0.7756159766211379,1,0.3,signal
2024-05-30 13:00:00,2024-05-30 14:00:00,long,3741.0,3729.0,-2.9230271987915035,-0.3255621490233787,1,0.24,signal
2024-05-30 14:00:00,2024-05-30 15:00:00,short,3729.0,3738.0,-6.665882994532585,-0.25536846318555667,1,0.7,signal
2024-06-05 22:00:00,2024-06-05 23:00:00,long,3637.0,3626.0,-2.681834880065918,-0.3072398130402711,1,0.24,signal
2024-06-05 23:00:00,2024-06-06 09:00:00,short,3626.0,3631.0,-3.8555929809808727,-0.15190264679618917,1,0.7,signal
2024-06-06 21:00:00,2024-06-06 22:00:00,long,3666.0,3673.0,6.266099989414215,0.17092471329553233,1,1.0,signal
2024-06-06 22:00:00,2024-06-07 10:00:00,long,3675.0,3659.0,-8.183349996805191,-0.4453523807785138,3,0.5,signal
2024-06-07 10:00:00,2024-06-07 13:00:00,long,3661.0,3664.0,0.834075003862381,0.07594236582558327,2,0.3,signal
2024-06-07 13:00:00,2024-06-11 10:00:00,long,3666.0,3612.0,-8.116375498920679,-1.4759729948937403,4,0.15,signal
2024-06-11 10:00:00,2024-06-11 13:00:00,short,3612.0,3604.0,5.246416001915931,0.2074994463659204,2,0.7,signal
2024-06-12 22:00:00,2024-06-13 09:00:00,long,3618.0,3609.0,-2.2016275199890134,-0.25355024875495363,2,0.24,signal
2024-06-13 09:00:00,2024-06-13 10:00:00,long,3611.0,3606.0,-4.461887969970703,-0.15445472064423646,1,0.8,signal
2024-06-13 10:00:00,2024-06-13 13:00:00,long,3608.0,3615.0,1.6383955204010008,0.1892086474964201,2,0.24,signal
2024-06-13 13:00:00,2024-06-13 14:00:00,long,3617.0,3615.0,-2.0628479766845707,-0.07129001854729645,1,0.8,signal
2024-06-13 14:00:00,2024-06-13 22:00:00,long,3617.0,3637.0,2.983678500652313,0.5499361350386717,3,0.15,signal
2024-06-13 22:00:00,2024-06-13 23:00:00,long,3639.0,3638.0,-0.6819249987602234,-0.037478702872229916,1,0.5,signal
2024-06-13 23:00:00,2024-06-14 10:00:00,long,3640.0,3634.0,-1.8654660004377364,-0.17083021982030555,2,0.3,signal
2024-06-14 10:00:00,2024-06-14 15:00:00,long,3636.0,3636.0,-0.016361999362707137,-0.0029999998831512905,4,0.15,signal
2024-06-17 23:00:00,2024-06-18 09:00:00,long,3639.0,3642.0,0.6780614398956298,0.07763825225515593,1,0.24,signal
2024-06-18 09:00:00,2024-06-18 10:00:00,short,3642.0,3636.0,3.84337802350521,0.15075617884620737,1,0.7,signal
2024-06-18 21:00:00,2024-06-18 22:00:00,long,3619.0,3629.0,9.275200009346008,0.25629179357131826,1,1.0,signal
2024-06-18 22:00:00,2024-06-19 09:00:00,long,3631.0,3646.0,7.318075001239777,0.4030886808724746,2,0.5,signal
2024-06-19 09:00:00,2024-06-19 10:00:00,long,3648.0,3639.0,-2.765582998394966,-0.25270312485334123,1,0.3,signal
2024-06-19 10:00:00,2024-06-19 11:00:00,long,3641.0,3639.0,-1.181999996304512,-0.06492721759431541,1,0.5,signal
2024-06-19 11:00:00,2024-06-19 13:00:00,long,3641.0,3641.0,-0.06553799629211425,-0.0059999996605432804,1,0.3,signal
2024-06-19 13:00:00,2024-06-19 14:00:00,long,3643.0,3625.0,-2.7163529992103577,-0.49709085903748884,1,0.15,signal
2024-06-19 14:00:00,2024-06-19 22:00:00,short,3625.0,3610.0,10.145485022664069,0.39982206985868257,3,0.7,signal
2024-06-20 15:00:00,2024-06-20 22:00:00,long,3601.0,3593.0,-6.860415992736816,-0.23814273787617382,2,0.8,signal
2024-06-20 22:00:00,2024-06-20 23:00:00,long,3595.0,3606.0,3.235191001296043,0.29997134921613755,1,0.3,signal
2024-06-26 21:00:00,2024-06-26 22:00:00,long,3564.0,3557.0,-7.712099969387054,-0.2163888880299398,1,1.0,signal
2024-06-26 22:00:00,2024-06-27 09:00:00,long,3559.0,3552.0,-2.163998998403549,-0.2026785612441275,2,0.3,signal
2024-06-27 09:00:00,2024-06-27 10:00:00,long,3554.0,3563.0,1.3339867508411407,0.2502319922793361,1,0.15,signal
2024-06-27 10:00:00,2024-06-27 11:00:00,long,3565.0,3551.0,-7.17790000140667,-0.4026872371055635,1,0.5,signal
2024-06-27 11:00:00,2024-06-27 13:00:00,long,3553.0,3553.0,-0.06395399630069731,-0.005999999652940925,1,0.3,signal
2024-06-27 13:00:00,2024-06-27 22:00:00,long,3555.0,3528.0,-4.065936749875545,-0.7624822784576738,4,0.15,signal
2024-06-27 22:00:00,2024-06-28 09:00:00,short,3528.0,3530.0,-1.7458419984579083,-0.07069331059515341,2,0.7,signal
2024-07-01 14:00:00,2024-07-01 15:00:00,long,3559.0,3560.0,0.288100004196167,0.00809497061523369,1,1.0,signal
2024-07-01 15:00:00,2024-07-01 21:00:00,long,3562.0,3570.0,5.943552017211914,0.20857495849283808,1,0.8,signal
2024-07-01 21:00:00,2024-07-01 22:00:00,long,3572.0,3574.0,0.5356860029697418,0.04998936197925922,1,0.3,signal
2024-07-01 22:00:00,2024-07-01 23:00:00,long,3576.0,3568.0,-4.178599998354912,-0.23370246075810466,1,0.5,signal
2024-07-01 23:00:00,2024-07-02 10:00:00,long,3570.0,3566.0,-1.2642239981889725,-0.11804145641353618,2,0.3,signal
2024-07-02 10:00:00,2024-07-02 11:00:00,long,3568.0,3559.0,-4.678175002336502,-0.26222954048971425,1,0.5,signal
2024-07-02 11:00:00,2024-07-02 13:00:00,long,3561.0,3567.0,1.7358480030298231,0.1624869421538728,1,0.3,signal
2024-07-02 13:00:00,2024-07-02 14:00:00,long,3569.0,3564.0,-0.7660492497682572,-0.14309316330779065,1,0.15,signal
2024-07-02 14:00:00,2024-07-02 15:00:00,long,3566.0,3559.0,-3.6781249940395355,-0.20628855827479167,1,0.5,signal
2024-07-02 15:00:00,2024-07-03 15:00:00,long,3561.0,3614.0,7.93385625064373,1.485323645164042,9,0.15,signal
2024-07-03 15:00:00,2024-07-03 22:00:00,long,3616.0,3615.0,-0.6807750016450882,-0.03765348460426373,2,0.5,signal
2024-07-03 22:00:00,2024-07-03 23:00:00,long,3617.0,3615.0,-0.6650879967212677,-0.06129278377304099,1,0.3,signal
2024-07-03 23:00:00,2024-07-04 11:00:00,long,3617.0,3624.0,3.3189750015735626,0.18352087373920722,3,0.5,signal
2024-07-04 11:00:00,2024-07-04 15:00:00,long,3626.0,3614.0,-3.665159997940063,-0.3369332596010354,3,0.3,signal
2024-07-04 15:00:00,2024-07-04 21:00:00,long,3616.0,3608.0,-4.180600002408028,-0.23122787623938204,1,0.5,signal
2024-07-04 21:00:00,2024-07-04 22:00:00,long,3610.0,3615.0,1.434975003004074,0.13250000027738448,1,0.3,signal
2024-07-04 22:00:00,2024-07-05 10:00:00,long,3617.0,3599.0,-2.7162359999120236,-0.5006425214103813,3,0.15,signal
2024-07-05 10:00:00,2024-07-05 15:00:00,short,3599.0,3555.0,30.449454009532925,1.2086474024345226,4,0.7,signal
2024-07-11 13:00:00,2024-07-11 15:00:00,long,3531.0,3514.0,-4.12057919769287,-0.4862384590877078,2,0.24,signal
2024-07-11 15:00:00,2024-07-11 21:00:00,short,3514.0,3518.0,-3.144567991495132,-0.12783836049659045,1,0.7,signal
2024-07-12 10:00:00,2024-07-12 11:00:00,long,3521.0,3522.0,0.2957000136375427,0.008398182721884202,1,1.0,signal
2024-07-12 11:00:00,2024-07-12 13:00:00,long,3524.0,3521.0,-2.8508799743652347,-0.10112372213270553,1,0.8,signal
2024-07-12 13:00:00,2024-07-12 15:00:00,long,3523.0,3525.0,0.5365679991245269,0.050768095290427376,2,0.3,signal
2024-07-12 15:00:00,2024-07-12 22:00:00,long,3527.0,3510.0,-8.675925001502037,-0.49197193090456687,2,0.5,signal
2024-07-12 22:00:00,2024-07-15 10:00:00,long,3512.0,3570.0,8.684065500497818,1.6484558656981432,3,0.15,signal
2024-07-15 10:00:00,2024-07-15 13:00:00,long,3572.0,3564.0,-4.178399994969368,-0.23395296724352563,2,0.5,signal
2024-07-15 13:00:00,2024-07-15 22:00:00,long,3566.0,3539.0,-8.163945000171662,-0.763128154811335,4,0.3,signal
2024-07-15 22:00:00,2024-07-16 09:00:00,short,3539.0,3538.0,0.3532270222902298,0.01425854851209905,2,0.7,signal
2024-07-16 22:00:00,2024-07-16 23:00:00,long,3553.0,3550.0,-2.854591979980469,-0.10042893259148847,1,0.8,signal
2024-07-16 23:00:00,2024-07-17 09:00:00,long,3552.0,3552.0,-0.06393599867820739,-0.005999999875957901,1,0.3,signal
2024-07-26 10:00:00,2024-07-26 11:00:00,short,3392.0,3382.0,6.668074003458023,0.2808319576928076,1,0.7,signal
2024-07-29 14:00:00,2024-07-29 21:00:00,long,3368.0,3373.0,3.568576011657715,0.13244418095522992,2,0.8,signal
2024-07-29 21:00:00,2024-07-29 22:00:00,long,3375.0,3358.0,-5.1605969971418375,-0.5096885923103049,1,0.3,signal
2024-08-01 10:00:00,2024-08-01 11:00:00,long,3352.0,3346.0,-6.669799983501434,-0.19897971311161797,1,1.0,signal
2024-08-01 11:00:00,2024-08-01 13:00:00,long,3348.0,3339.0,-2.760182998180389,-0.2748091396037823,1,0.3,signal
2024-08-01 13:00:00,2024-08-01 14:00:00,long,3341.0,3346.0,3.572032012939453,0.13364381969991967,1,0.8,signal
2024-08-01 14:00:00,2024-08-01 15:00:00,long,3348.0,3355.0,2.039672999382019,0.20307377532676413,1,0.3,signal
2024-08-01 15:00:00,2024-08-01 21:00:00,long,3357.0,3353.0,-2.1677500009536743,-0.12914804890995973,1,0.5,signal
2024-08-01 21:00:00,2024-08-01 22:00:00,long,3355.0,3356.0,0.2396010035276413,0.023805365477162572,1,0.3,signal
2024-08-01 22:00:00,2024-08-02 11:00:00,long,3358.0,3346.0,-1.8150839991867542,-0.3603502082959607,4,0.15,signal
2024-08-05 14:00:00,2024-08-05 15:00:00,long,3367.0,3363.0,-4.672999978065491,-0.1387882381367832,1,1.0,signal
2024-08-05 15:00:00,2024-08-05 21:00:00,long,3365.0,3349.0,-4.86042600095272,-0.4814686479398435,1,0.3,signal
2024-08-05 21:00:00,2024-08-05 22:00:00,long,3351.0,3366.0,11.570111999511719,0.431591763634427,1,0.8,signal
2024-08-05 22:00:00,2024-08-06 09:00:00,long,3368.0,3368.0,-0.03879935760498046,-0.004799999703704036,2,0.24,signal
2024-08-06 09:00:00,2024-08-06 10:00:00,long,3370.0,3361.0,-1.365144749879837,-0.2700583085815701,1,0.15,signal
2024-08-09 10:00:00,2024-08-09 14:00:00,long,3281.0,3302.0,5.002081921005249,0.6352334045775233,3,0.24,signal
2024-08-16 09:00:00,2024-08-16 13:00:00,long,3128.0,3093.0,-8.435832959747316,-1.1236989769484382,3,0.24,signal
2024-08-20 11:00:00,2024-08-20 13:00:00,long,3148.0,3152.0,3.3700000047683716,0.10705209672072337,1,1.0,signal
2024-08-20 13:00:00,2024-08-20 14:00:00,long,3154.0,3165.0,5.342024996876717,0.3387460365806415,1,0.5,signal
2024-08-20 14:00:00,2024-08-20 15:00:00,long,3167.0,3172.0,1.4429490011930466,0.15187338187486019,1,0.3,signal
2024-08-20 15:00:00,2024-08-20 21:00:00,long,3174.0,3188.0,6.84094999730587,0.43106175156306675,1,0.5,signal
2024-08-20 21:00:00,2024-08-20 22:00:00,long,3190.0,3182.0,-2.4573479998111725,-0.2567761755288581,1,0.3,signal
2024-08-20 22:00:00,2024-08-21 10:00:00,long,3184.0,3182.0,-1.1591499894857407,-0.07281092898779778,3,0.5,signal
2024-08-21 10:00:00,2024-08-21 21:00:00,long,3184.0,3225.0,6.135579750984907,1.2846691270906423,5,0.15,signal
2024-08-21 21:00:00,2024-08-21 22:00:00,long,3227.0,3222.0,-2.661224991083145,-0.16493492352545058,1,0.5,signal
2024-08-21 22:00:00,2024-08-22 10:00:00,long,3224.0,3205.0,-5.757860999107361,-0.5953123448208604,3,0.3,signal
2024-08-22 10:00:00,2024-08-22 14:00:00,long,3207.0,3190.0,-2.564393249899149,-0.533082475813148,3,0.15,signal
2024-08-23 13:00:00,2024-08-23 14:00:00,long,3186.0,3184.0,-0.6573299968242644,-0.0687727554743947,1,0.3,signal
2024-08-26 09:00:00,2024-08-26 10:00:00,long,3216.0,3224.0,1.8829056003570555,0.2439502488024792,1,0.24,signal
2024-08-26 10:00:00,2024-08-26 11:00:00,long,3226.0,3224.0,-2.012799987792969,-0.07799132004777468,1,0.8,signal
2024-08-26 11:00:00,2024-08-26 13:00:00,long,3226.0,3231.0,1.4418870019912717,0.1489860510427022,1,0.3,signal
2024-08-26 13:00:00,2024-08-26 15:00:00,long,3233.0,3263.0,7.162583041763305,0.9231084443967555,2,0.24,signal
2024-08-26 15:00:00,2024-08-26 21:00:00,long,3265.0,3258.0,-2.158707000017166,-0.22038866768934826,1,0.3,signal
2024-08-26 21:00:00,2024-08-26 22:00:00,long,3260.0,3249.0,-5.662725001573563,-0.347406441814329,1,0.5,signal
2024-08-26 22:00:00,2024-08-27 09:00:00,long,3251.0,3245.0,-1.858463997244835,-0.19055306031424538,2,0.3,signal
2024-08-27 09:00:00,2024-08-27 11:00:00,long,3247.0,3247.0,-0.16234999895095825,-0.00999999993538394,2,0.5,signal
2024-08-27 11:00:00,2024-08-27 13:00:00,long,3249.0,3264.0,4.441382998824119,0.4556666665460264,1,0.3,signal
2024-08-27 13:00:00,2024-08-27 14:00:00,long,3266.0,3287.0,10.336175009608269,0.6329562161425762,1,0.5,signal
2024-08-27 14:00:00,2024-08-27 15:00:00,long,3289.0,3253.0,-10.858877996206283,-1.1005247791837727,1,0.3,signal
2024-08-27 15:00:00,2024-08-28 10:00:00,long,3255.0,3265.0,1.4853299997746945,0.30421505371729535,5,0.15,signal
2024-09-09 22:00:00,2024-09-10 10:00:00,long,3085.0,3078.0,-1.7154988792419432,-0.2316989302055569,3,0.24,signal
2024-09-10 15:00:00,2024-09-10 21:00:00,long,3082.0,3079.0,-3.616100013256073,-0.11732965649760134,1,1.0,signal
2024-09-10 21:00:00,2024-09-10 22:00:00,long,3081.0,3048.0,-26.79225597381592,-1.0869951303885068,1,0.8,signal
2024-09-10 22:00:00,2024-09-11 09:00:00,long,3050.0,3080.0,8.944830002188683,0.9775770494195282,2,0.3,signal
2024-09-11 09:00:00,2024-09-11 10:00:00,long,3082.0,3095.0,6.345575004816055,0.4117829334728135,1,0.5,signal
2024-09-11 10:00:00,2024-09-11 13:00:00,long,3097.0,3111.0,2.086032000929117,0.4490435907715245,2,0.15,signal
2024-09-11 22:00:00,2024-09-11 23:00:00,long,3144.0,3134.0,-10.627799987792969,-0.33803435075677385,1,1.0,signal
2024-09-11 23:00:00,2024-09-12 10:00:00,long,3136.0,3153.0,5.043399000763893,0.536075574060788,2,0.3,signal
2024-09-12 10:00:00,2024-09-12 11:00:00,long,3155.0,3149.0,-3.157600000500679,-0.2001648177813426,1,0.5,signal
2024-09-12 11:00:00,2024-09-12 13:00:00,long,3151.0,3178.0,8.043039000034332,0.8508451285342571,1,0.3,signal
2024-09-12 13:00:00,2024-09-12 15:00:00,long,3180.0,3183.0,1.340925008058548,0.08433490616720428,2,0.5,signal
2024-09-12 15:00:00,2024-09-12 22:00:00,long,3185.0,3186.0,0.2426610016822815,0.025396232515152436,2,0.3,signal
2024-09-12 22:00:00,2024-09-13 09:00:00,long,3188.0,3197.0,4.340375006198883,0.27229454242151085,2,0.5,signal
2024-09-13 09:00:00,2024-09-18 22:00:00,long,3199.0,3161.0,-5.714309999495745,-1.1908533915798154,13,0.15,signal
2024-09-20 09:00:00,2024-09-20 10:00:00,long,3232.0,3191.0,-41.64230000972748,-1.288437500300974,1,1.0,signal
2024-09-20 10:00:00,2024-09-20 11:00:00,short,3191.0,3190.0,0.38733101546764376,0.017340332876735632,1,0.7,signal
2024-09-20 21:00:00,2024-09-20 22:00:00,short,3162.0,3152.0,6.690614005327224,0.30227767259994687,1,0.7,signal
2024-09-24 10:00:00,2024-09-24 14:00:00,long,3132.0,3183.0,12.20362559967041,1.6235134099178385,3,0.24,signal
2024-09-24 14:00:00,2024-09-24 21:00:00,long,3185.0,3219.0,26.790144004821776,1.0514185245220475,2,0.8,signal
2024-09-24 21:00:00,2024-09-24 22:00:00,long,3221.0,3244.0,6.841815000772476,0.7080425334546699,1,0.3,signal
2024-09-24 22:00:00,2024-09-25 11:00:00,long,3246.0,3266.0,9.837200000882149,0.6061121380703727,4,0.5,signal
2024-09-25 11:00:00,2024-09-25 14:00:00,long,3268.0,3228.0,-12.058463997244836,-1.2299534880910685,2,0.3,signal
2024-09-25 14:00:00,2024-09-27 09:00:00,long,3230.0,3316.0,12.88527150079608,2.6594987617742167,14,0.15,signal
2024-09-27 09:00:00,2024-09-27 11:00:00,long,3318.0,3327.0,4.333875000476837,0.26123417724393233,2,0.5,signal
2024-09-27 11:00:00,2024-09-27 13:00:00,long,3329.0,3344.0,4.439943001270294,0.44457224404428697,1,0.3,signal
2024-09-27 13:00:00,2024-09-27 14:00:00,long,3346.0,3314.0,-16.166500002145767,-0.9663179917600578,1,0.5,signal
2024-09-27 14:00:00,2024-09-27 21:00:00,long,3316.0,3340.0,7.140095999836921,0.7177418576434381,2,0.3,signal
2024-09-27 21:00:00,2024-09-30 10:00:00,long,3342.0,3531.0,28.334535750746728,5.652211400508024,4,0.15,signal
2024-09-30 10:00:00,2024-09-30 11:00:00,long,3533.0,3547.0,6.822999998927116,0.38624398522089537,1,0.5,signal
2024-09-30 11:00:00,2024-09-30 14:00:00,long,3549.0,3550.0,0.23610900342464447,0.02217610626699018,2,0.3,signal
2024-09-30 14:00:00,2024-10-08 09:00:00,long,3552.0,3679.0,63.31922499835491,3.5652716778352995,2,0.5,signal
2024-10-08 09:00:00,2024-10-08 10:00:00,long,3681.0,3638.0,-12.965870997905732,-1.1741257808481147,1,0.3,signal
2024-10-08 10:00:00,2024-10-08 11:00:00,long,3640.0,3546.0,-47.179649993777275,-2.5922884611965538,1,0.5,signal
2024-10-08 11:00:00,2024-10-09 13:00:00,long,3548.0,3519.0,-4.365900749266148,-0.8203496334585021,10,0.15,signal
2024-10-15 22:00:00,2024-10-15 23:00:00,long,3490.0,3480.0,-2.4401471981048584,-0.2913260742723088,1,0.24,signal
2024-10-15 23:00:00,2024-10-16 09:00:00,short,3480.0,3479.0,0.3590090179443359,0.014737644414792113,1,0.7,signal
2024-10-16 09:00:00,2024-10-16 10:00:00,long,3479.0,3473.0,-5.2449279785156255,-0.18844955369774452,1,0.8,signal
2024-10-16 10:00:00,2024-10-16 11:00:00,short,3473.0,3475.0,-1.7404519802331921,-0.0715911307734438,1,0.7,signal
2024-10-18 22:00:00,2024-10-21 11:00:00,long,3356.0,3360.0,2.770176010131836,0.10317997653947542,4,0.8,signal
2024-10-21 11:00:00,2024-10-21 14:00:00,long,3362.0,3349.0,-3.9603989964723585,-0.3926629978655918,2,0.3,signal
2024-10-21 14:00:00,2024-10-21 21:00:00,long,3351.0,3357.0,2.8323000073432922,0.16904207743021737,2,0.5,signal
2024-10-21 21:00:00,2024-10-21 22:00:00,long,3359.0,3355.0,-1.2604260009527206,-0.12507948803738422,1,0.3,signal
2024-10-21 22:00:00,2024-10-22 11:00:00,long,3357.0,3306.0,-7.6649917499721045,-1.522190795347454,4,0.15,signal
2024-10-22 11:00:00,2024-10-22 22:00:00,short,3306.0,3339.0,-23.4256049990654,-1.0122549908852043,5,0.7,signal
2024-10-24 22:00:00,2024-10-25 10:00:00,long,3362.0,3350.0,-2.9186611186981204,-0.3617218320813653,3,0.24,signal
2024-10-25 15:00:00,2024-10-25 21:00:00,long,3374.0,3379.0,4.3246999979019165,0.12817723763787542,1,1.0,signal
2024-10-25 21:00:00,2024-10-28 10:00:00,long,3381.0,3435.0,26.829600006341934,1.5870807457167662,4,0.5,signal
2024-10-28 10:00:00,2024-10-28 14:00:00,long,3437.0,3465.0,8.337882002592087,0.8086395114530197,3,0.3,signal
2024-10-28 14:00:00,2024-10-28 15:00:00,long,3467.0,3448.0,-9.672875002026558,-0.5579968273450567,1,0.5,signal
2024-10-28 15:00:00,2024-10-29 14:00:00,long,3450.0,3416.0,-5.115448499321937,-0.9884924636370893,8,0.15,signal
2024-10-29 14:00:00,2024-10-29 22:00:00,short,3416.0,3437.0,-15.035796996355055,-0.6287971309951094,3,0.7,signal
2024-11-01 22:00:00,2024-11-01 23:00:00,long,3402.0,3365.0,-8.918977919769288,-1.0923694297189506,1,0.24,signal
2024-11-01 23:00:00,2024-11-04 10:00:00,short,3365.0,3366.0,-1.0298189973831176,-0.043719762147447154,2,0.7,signal
2024-11-04 21:00:00,2024-11-04 22:00:00,long,3426.0,3418.0,-8.684399962425232,-0.25348511273862323,1,1.0,signal
2024-11-04 22:00:00,2024-11-05 09:00:00,long,3420.0,3419.0,-0.361550999879837,-0.03523888887717709,2,0.3,signal
2024-11-05 09:00:00,2024-11-05 11:00:00,long,3421.0,3441.0,9.828450009226799,0.5745951481570768,2,0.5,signal
2024-11-05 11:00:00,2024-11-05 14:00:00,long,3443.0,3445.0,0.2845020005106926,0.055088004745995275,2,0.15,signal
2024-11-05 14:00:00,2024-11-05 15:00:00,long,3447.0,3434.0,-6.672024995088577,-0.3871206843683538,1,0.5,signal
2024-11-05 15:00:00,2024-11-05 22:00:00,long,3436.0,3425.0,-3.3617490005493162,-0.3261300931848386,2,0.3,signal
2024-11-05 22:00:00,2024-11-05 23:00:00,long,3427.0,3431.0,1.828550010919571,0.10671432803732542,1,0.5,signal
2024-11-05 23:00:00,2024-11-06 09:00:00,long,3433.0,3427.0,-0.9154349997639656,-0.17777162826759213,1,0.15,signal
2024-11-06 09:00:00,2024-11-06 10:00:00,long,3429.0,3416.0,-6.671124994754791,-0.3891003204873019,1,0.5,signal
2024-11-06 10:00:00,2024-11-06 13:00:00,short,3416.0,3370.0,31.867486022710796,1.3326984787015221,2,0.7,signal
2024-11-06 14:00:00,2024-11-06 22:00:00,short,3406.0,3375.0,21.367731004953384,0.8962222550521511,3,0.7,signal
2024-11-07 23:00:00,2024-11-08 09:00:00,long,3440.0,3441.0,0.3119000196456909,0.009066861036211946,1,1.0,signal
2024-11-08 09:00:00,2024-11-08 10:00:00,long,3443.0,3439.0,-1.2619379997253417,-0.12217426660134977,1,0.3,signal
2024-11-08 10:00:00,2024-11-08 11:00:00,long,3441.0,3396.0,-36.437567977905275,-1.323654750723092,1,0.8,signal
2024-11-08 11:00:00,2024-11-08 13:00:00,long,3398.0,3384.0,-3.399064320373535,-0.4167971748545143,1,0.24,signal
2024-11-08 13:00:00,2024-11-08 14:00:00,long,3386.0,3377.0,-4.66907499730587,-0.27578706422361904,1,0.5,signal
2024-11-08 14:00:00,2024-11-08 15:00:00,long,3379.0,3369.0,-1.5151829995214938,-0.29894110674193425,1,0.15,signal
2024-11-13 23:00:00,2024-11-14 09:00:00,long,3343.0,3341.0,-2.66839998960495,-0.07982052017962758,1,1.0,signal
2024-11-14 09:00:00,2024-11-14 10:00:00,long,3343.0,3330.0,-6.666824996471405,-0.3988528265911699,1,0.5,signal
2024-11-14 10:00:00,2024-11-14 11:00:00,short,3330.0,3323.0,4.574002994298934,0.19622492468034897,1,0.7,signal
2024-11-14 14:00:00,2024-11-14 15:00:00,short,3315.0,3313.0,1.0752280223369597,0.04633604922805257,1,0.7,signal
2024-11-18 21:00:00,2024-11-18 22:00:00,long,3286.0,3274.0,-2.9177855976104734,-0.36997687127339135,1,0.24,signal
2024-11-19 15:00:00,2024-11-19 21:00:00,long,3325.0,3314.0,-11.663899958133698,-0.3507939837032691,1,1.0,signal
2024-11-19 21:00:00,2024-11-19 22:00:00,long,3316.0,3313.0,-0.959660997390747,-0.09646773194518968,1,0.3,signal
2024-11-19 22:00:00,2024-11-20 09:00:00,long,3315.0,3311.0,-0.6149084995687008,-0.12366184003392677,2,0.15,signal
2024-11-20 09:00:00,2024-11-20 11:00:00,long,3313.0,3321.0,3.8341500014066696,0.23146091164543736,2,0.5,signal
2024-11-20 11:00:00,2024-11-20 13:00:00,long,3323.0,3323.0,-0.014953498989343643,-0.0029999997972401733,1,0.15,signal
2024-11-20 13:00:00,2024-11-20 14:00:00,long,3325.0,3310.0,-4.559715000987053,-0.4571142858132384,1,0.3,signal
2024-11-20 14:00:00,2024-11-20 15:00:00,long,3312.0,3318.0,0.8850825002789497,0.17815670295470004,1,0.15,signal
2024-11-20 15:00:00,2024-11-20 21:00:00,long,3320.0,3318.0,-0.6597420001029968,-0.06623915663684707,1,0.3,signal
2024-11-20 21:00:00,2024-11-20 23:00:00,long,3320.0,3319.0,-0.6659749895334244,-0.04011897527309786,2,0.5,signal
2024-11-20 23:00:00,2024-11-21 10:00:00,long,3321.0,3319.0,-0.6597599977254867,-0.06622101753743719,2,0.3,signal
2024-11-21 10:00:00,2024-11-21 11:00:00,long,3321.0,3332.0,1.6350307497382162,0.3282205660419986,1,0.15,signal
2024-11-21 11:00:00,2024-11-21 14:00:00,long,3334.0,3334.0,-0.16669999063014984,-0.009999999437921406,2,0.5,signal
2024-11-21 14:00:00,2024-11-21 22:00:00,long,3336.0,3331.0,-0.7650007501244545,-0.15287784774669355,3,0.15,signal
2024-11-21 22:00:00,2024-11-21 23:00:00,long,3333.0,3331.0,-1.166599988937378,-0.07000299963620629,1,0.5,signal
2024-11-21 23:00:00,2024-11-22 11:00:00,long,3333.0,3289.0,-6.61489949941635,-1.3231122111043805,3,0.15,signal
2024-11-26 09:00:00,2024-11-26 10:00:00,long,3307.0,3319.0,11.337400019168854,0.3428303604224026,1,1.0,signal
2024-11-26 10:00:00,2024-11-26 11:00:00,long,3321.0,3316.0,-4.424767990112305,-0.16654501618911113,1,0.8,signal
2024-11-26 11:00:00,2024-11-26 14:00:00,long,3318.0,3303.0,-4.559588996171951,-0.4580660032320626,2,0.3,signal
2024-11-26 14:00:00,2024-11-26 23:00:00,short,3303.0,3295.0,5.276698003411292,0.2282210113494785,4,0.7,signal
2024-11-28 21:00:00,2024-11-28 22:00:00,long,3310.0,3311.0,0.20186304244995115,0.025410755595411776,1,0.24,signal
2024-11-29 15:00:00,2024-11-29 21:00:00,long,3320.0,3317.0,-3.663699984550476,-0.11035240917320711,1,1.0,signal
2024-11-29 21:00:00,2024-11-29 22:00:00,long,3319.0,3301.0,-14.823680000305178,-0.5582886411684685,1,0.8,signal
2024-11-29 22:00:00,2024-12-02 09:00:00,long,3303.0,3307.0,1.1405100041627882,0.11509839581822469,2,0.3,signal
2024-12-02 09:00:00,2024-12-02 11:00:00,long,3309.0,3336.0,4.0350487500429155,0.8129442429823542,2,0.15,signal
2024-12-02 11:00:00,2024-12-02 13:00:00,long,3338.0,3342.0,1.1398800015449524,0.11382864005841345,1,0.3,signal
2024-12-02 13:00:00,2024-12-02 14:00:00,long,3344.0,3340.0,-0.6150389997661114,-0.12261543057538106,1,0.15,signal
2024-12-02 14:00:00,2024-12-02 15:00:00,long,3342.0,3333.0,-4.66687498986721,-0.27928635486937226,1,0.5,signal
2024-12-02 15:00:00,2024-12-02 22:00:00,long,3335.0,3339.0,1.13993399977684,0.11393643176180313,2,0.3,signal
2024-12-02 22:00:00,2024-12-03 11:00:00,long,3341.0,3335.0,-0.9150209994614124,-0.18258425610324502,4,0.15,signal
2024-12-03 11:00:00,2024-12-03 13:00:00,long,3337.0,3338.0,0.23992500364780422,0.02396613761340568,1,0.3,signal
2024-12-03 13:00:00,2024-12-03 21:00:00,long,3340.0,3351.0,5.332725003361702,0.3193248505007007,3,0.5,signal
2024-12-03 21:00:00,2024-12-03 22:00:00,long,3353.0,3341.0,-3.660245997905731,-0.36387772123528495,1,0.3,signal
2024-12-03 22:00:00,2024-12-04 11:00:00,long,3343.0,3310.0,-4.964969250261783,-0.9901224948173862,4,0.15,signal
2024-12-04 11:00:00,2024-12-04 14:00:00,short,3310.0,3323.0,-9.4250169891119,-0.40677673669019854,2,0.7,signal
2024-12-04 15:00:00,2024-12-04 21:00:00,short,3336.0,3334.0,1.0731700021028516,0.04595623510204059,1,0.7,signal
2024-12-04 22:00:00,2024-12-04 23:00:00,short,3335.0,3333.0,1.0732680183649064,0.045974213680227305,1,0.7,signal
2024-12-05 22:00:00,2024-12-06 10:00:00,long,3330.0,3319.0,-2.678298240280151,-0.33512240243745633,3,0.24,signal
2024-12-06 10:00:00,2024-12-06 11:00:00,short,3319.0,3338.0,-13.62619297981262,-0.5865016562567306,1,0.7,signal
2024-12-10 09:00:00,2024-12-10 10:00:00,long,3431.0,3425.0,-6.685599982738495,-0.19485864129229072,1,1.0,signal
2024-12-10 10:00:00,2024-12-10 11:00:00,long,3427.0,3418.0,-7.638079986572265,-0.27859935754932397,1,0.8,signal
2024-12-10 11:00:00,2024-12-10 13:00:00,long,3420.0,3408.0,-3.6614519995450974,-0.3568666666223292,1,0.3,signal
2024-12-10 13:00:00,2024-12-10 15:00:00,long,3410.0,3402.0,-4.170299991965294,-0.24459237489532515,2,0.5,signal
2024-12-10 15:00:00,2024-12-10 22:00:00,long,3404.0,3409.0,1.4386830013990404,0.14088161000773994,2,0.3,signal
2024-12-10 22:00:00,2024-12-11 09:00:00,long,3411.0,3408.0,-0.4653427492082119,-0.09094942816538883,2,0.15,signal
2024-12-11 09:00:00,2024-12-11 10:00:00,long,3410.0,3417.0,3.3293250054121017,0.19526832876317313,1,0.5,signal
2024-12-11 10:00:00,2024-12-11 11:00:00,long,3419.0,3411.0,-1.2153674992918966,-0.2369830358373592,1,0.15,signal
2024-12-11 11:00:00,2024-12-11 13:00:00,long,3413.0,3407.0,-1.8613799983263015,-0.18179314369824218,1,0.3,signal
2024-12-11 13:00:00,2024-12-11 21:00:00,long,3409.0,3412.0,0.4346527500450611,0.08500102670285736,3,0.15,signal
2024-12-11 21:00:00,2024-12-11 23:00:00,short,3412.0,3414.0,-1.7344739812612533,-0.07262074950851002,2,0.7,signal
2024-12-12 14:00:00,2024-12-12 15:00:00,long,3429.0,3428.0,-1.685699999332428,-0.049160104967408226,1,1.0,signal
2024-12-12 15:00:00,2024-12-12 21:00:00,long,3430.0,3405.0,-12.670874997973442,-0.7388265304940782,1,0.5,signal
2024-12-12 21:00:00,2024-12-12 22:00:00,long,3407.0,3400.0,-1.065315750092268,-0.20845626652818083,1,0.15,signal
2024-12-16 15:00:00,2024-12-16 22:00:00,long,3363.0,3364.0,0.20125248069763182,0.02493464177540289,2,0.24,signal
2024-12-16 22:00:00,2024-12-16 23:00:00,long,3366.0,3362.0,-3.6305920028686525,-0.13482590622655422,1,0.8,signal
2024-12-16 23:00:00,2024-12-17 09:00:00,long,3364.0,3360.0,-1.2605159997940063,-0.12490249700693681,1,0.3,signal
2024-12-17 09:00:00,2024-12-17 10:00:00,long,3362.0,3369.0,5.169216003417969,0.19219274254230997,1,0.8,signal
2024-12-17 10:00:00,2024-12-17 11:00:00,long,3371.0,3361.0,-3.060588001012802,-0.30263897963144487,1,0.3,signal
2024-12-17 11:00:00,2024-12-17 13:00:00,long,3363.0,3366.0,1.3317750096321106,0.0792016062820167,1,0.5,signal
2024-12-17 13:00:00,2024-12-17 14:00:00,long,3368.0,3368.0,-0.06062399625778198,-0.005999999629630046,1,0.3,signal
2024-12-17 14:00:00,2024-12-17 22:00:00,long,3370.0,3343.0,-4.065104249864817,-0.8041749257892812,3,0.15,signal
2024-12-17 23:00:00,2024-12-18 13:00:00,short,3347.0,3346.0,0.3720430195331573,0.0158795944996866,4,0.7,signal
2024-12-23 14:00:00,2024-12-23 15:00:00,short,3290.0,3292.0,-1.7225179833173752,-0.07479452815099329,1,0.7,signal
2024-12-24 14:00:00,2024-12-24 15:00:00,long,3301.0,3313.0,11.338600039482117,0.34348985275619864,1,1.0,signal
2024-12-24 15:00:00,2024-12-24 21:00:00,long,3315.0,3307.0,-6.823807983398438,-0.2573079933408159,1,0.8,signal
2024-12-24 21:00:00,2024-12-24 22:00:00,long,3309.0,3304.0,-1.2380908802032469,-0.15589942583399402,1,0.24,signal
2024-12-26 13:00:00,2024-12-26 14:00:00,long,3321.0,3305.0,-16.662599980831146,-0.5017344167669722,1,1.0,signal
2024-12-30 13:00:00,2024-12-30 15:00:00,long,3304.0,3313.0,2.1218860794067385,0.2675905568259103,2,0.24,signal
2024-12-30 22:00:00,2024-12-30 23:00:00,long,3316.0,3315.0,-1.663100004196167,-0.05015379988528851,1,1.0,signal
2024-12-30 23:00:00,2024-12-31 09:00:00,long,3317.0,3317.0,-0.4245759963989258,-0.01599999986429476,1,0.8,signal
2024-12-31 09:00:00,2024-12-31 11:00:00,long,3319.0,3304.0,-7.665574997663498,-0.4619207591240433,2,0.5,signal
2024-12-31 11:00:00,2024-12-31 14:00:00,long,3306.0,3306.0,-0.059507998824119564,-0.005999999881439763,2,0.3,signal
2024-12-31 14:00:00,2025-01-02 10:00:00,long,3308.0,3314.0,0.8851005005836486,0.17837575586127544,3,0.15,signal
2025-01-02 10:00:00,2025-01-02 11:00:00,short,3314.0,3330.0,-11.52555599093437,-0.49683403702622514,1,0.7,signal
2025-01-02 11:00:00,2025-01-02 13:00:00,long,3330.0,3317.0,-3.15828671836853,-0.3951810208168831,1,0.24,signal
2025-01-02 13:00:00,2025-01-02 21:00:00,short,3317.0,3306.0,7.375473004579543,0.31764817625993985,3,0.7,signal
2025-01-02 21:00:00,2025-01-02 23:00:00,long,3306.0,3290.0,-13.2221439743042,-0.4999298235898442,2,0.8,signal
2025-01-10 13:00:00,2025-01-10 14:00:00,long,3205.0,3206.0,0.2030726406097412,0.02640049929923833,1,0.24,signal
2025-01-10 22:00:00,2025-01-10 23:00:00,long,3217.0,3234.0,16.354900002479553,0.5083898042424481,1,1.0,signal
2025-01-10 23:00:00,2025-01-13 09:00:00,long,3236.0,3239.0,1.9856000137329102,0.07669962970229102,1,0.8,signal
2025-01-13 09:00:00,2025-01-13 10:00:00,long,3241.0,3250.0,4.33772499859333,0.26767818565833573,1,0.5,signal
2025-01-13 10:00:00,2025-01-13 13:00:00,long,3252.0,3243.0,-2.7584550011157987,-0.28274446505902,2,0.3,signal
2025-01-13 13:00:00,2025-01-13 15:00:00,long,3245.0,3249.0,1.8376500010490417,0.11326040068098871,2,0.5,signal
2025-01-13 15:00:00,2025-01-13 22:00:00,long,3251.0,3243.0,-2.4584459996223447,-0.25207074742359736,2,0.3,signal
2025-01-13 22:00:00,2025-01-14 14:00:00,long,3245.0,3289.0,6.585298499912023,1.3529118643887053,6,0.15,signal
2025-01-14 14:00:00,2025-01-14 15:00:00,long,3291.0,3282.0,-2.7591569995880123,-0.27946490424268333,1,0.3,signal
2025-01-14 15:00:00,2025-01-14 21:00:00,long,3284.0,3284.0,-0.16419999301433563,-0.00999999957456368,1,0.5,signal
2025-01-14 21:00:00,2025-01-15 13:00:00,long,3286.0,3291.0,0.7352017499506474,0.14915839925961602,6,0.15,signal
2025-01-15 13:00:00,2025-01-15 14:00:00,long,3293.0,3293.0,-0.16464999318122864,-0.009999999585862656,1,0.5,signal
2025-01-15 14:00:00,2025-01-15 21:00:00,long,3295.0,3289.0,-1.8592559999227523,-0.18808861911206398,2,0.3,signal
2025-01-15 21:00:00,2025-01-15 22:00:00,long,3291.0,3306.0,2.2351567505300043,0.4527816774090965,1,0.15,signal
2025-01-15 22:00:00,2025-01-15 23:00:00,long,3308.0,3304.0,-2.1652999967336655,-0.1309129381338371,1,0.5,signal
2025-01-15 23:00:00,2025-01-16 13:00:00,long,3306.0,3297.0,-1.3648567490279675,-0.27522822121959417,4,0.15,signal
2025-01-16 13:00:00,2025-01-16 14:00:00,long,3299.0,3306.0,3.334875002503395,0.20217490163706547,1,0.5,signal
2025-01-16 14:00:00,2025-01-16 15:00:00,long,3308.0,3321.0,1.935084750652313,0.3899808042427072,1,0.15,signal
2025-01-16 15:00:00,2025-01-16 22:00:00,long,3323.0,3324.0,0.3338250070810318,0.02009178495823243,2,0.5,signal
2025-01-16 22:00:00,2025-01-17 09:00:00,long,3326.0,3323.0,-0.9598410004377365,-0.09619573065120629,2,0.3,signal
2025-01-17 09:00:00,2025-01-17 11:00:00,long,3325.0,3340.0,7.333375006914139,0.4411052635737828,2,0.5,signal
2025-01-17 11:00:00,2025-01-17 13:00:00,long,3342.0,3359.0,5.039691002368927,0.5026621785726039,1,0.3,signal
2025-01-17 13:00:00,2025-01-17 21:00:00,long,3361.0,3370.0,4.331725001335144,0.2577640583954266,3,0.5,signal
2025-01-17 21:00:00,2025-01-17 22:00:00,long,3372.0,3364.0,-2.4606239962577816,-0.24324080627301123,1,0.3,signal
2025-01-17 22:00:00,2025-01-20 21:00:00,long,3366.0,3355.0,-1.6651222501695158,-0.32979248369370484,8,0.15,signal
2025-01-22 21:00:00,2025-01-22 22:00:00,long,3347.0,3364.0,13.17049602508545,0.4918769056276311,1,0.8,signal
2025-01-22 22:00:00,2025-01-22 23:00:00,long,3366.0,3360.0,-1.8605339974164963,-0.184247771580164,1,0.3,signal
2025-01-22 23:00:00,2025-01-23 09:00:00,long,3362.0,3360.0,-2.030207977294922,-0.07548363984588496,1,0.8,signal
2025-01-23 09:00:00,2025-01-23 11:00:00,long,3362.0,3343.0,-4.598620798873901,-0.5699262342447329,2,0.24,signal
2025-01-23 14:00:00,2025-01-23 15:00:00,long,3351.0,3349.0,-2.6699999570846558,-0.07967770686614908,1,1.0,signal
2025-01-23 15:00:00,2025-01-23 22:00:00,long,3351.0,3348.0,-0.960291000008583,-0.09552282900712057,2,0.3,signal
2025-01-23 22:00:00,2025-01-23 23:00:00,long,3350.0,3340.0,-1.5150524993240835,-0.3015029849401161,1,0.15,signal
2025-01-23 23:00:00,2025-01-24 09:00:00,long,3342.0,3339.0,-0.9601289999485015,-0.09576391381892095,1,0.3,signal
2025-01-24 09:00:00,2025-01-24 10:00:00,long,3341.0,3342.0,0.13496325060725212,0.026930709489624286,1,0.15,signal
2025-01-24 10:00:00,2025-01-24 11:00:00,short,3342.0,3340.0,1.072582021355629,0.045848594569360905,1,0.7,signal
2025-02-06 21:00:00,2025-02-06 23:00:00,long,3356.0,3357.0,0.20133312034606932,0.02499666273664945,2,0.24,signal
2025-02-06 23:00:00,2025-02-07 10:00:00,long,3359.0,3352.0,-6.029503974914551,-0.22437868319866594,2,0.8,signal
2025-02-07 10:00:00,2025-02-07 11:00:00,long,3354.0,3367.0,3.8395109993219374,0.381585271250441,1,0.3,signal
2025-02-07 11:00:00,2025-02-07 13:00:00,long,3369.0,3369.0,-0.43123199462890627,-0.01599999980071632,1,0.8,signal
2025-02-07 13:00:00,2025-02-07 14:00:00,long,3371.0,3358.0,-3.96056099653244,-0.39163067304780386,1,0.3,signal
2025-02-07 14:00:00,2025-02-10 10:00:00,long,3360.0,3343.0,-2.565081750154495,-0.5089447916973204,6,0.15,signal
2025-02-10 10:00:00,2025-02-10 11:00:00,short,3343.0,3319.0,16.47356200873852,0.7039682923267603,1,0.7,signal
2025-02-10 15:00:00,2025-02-10 22:00:00,short,3331.0,3328.0,1.7737090039253234,0.07606934871232678,2,0.7,signal
2025-02-17 10:00:00,2025-02-17 14:00:00,long,3267.0,3271.0,0.9223411193847656,0.11763354751871818,3,0.24,signal
2025-02-18 09:00:00,2025-02-18 10:00:00,long,3286.0,3282.0,-4.6567999720573425,-0.141716371638994,1,1.0,signal
2025-02-18 10:00:00,2025-02-18 11:00:00,long,3284.0,3288.0,1.8357000052928925,0.11179658984731379,1,0.5,signal
2025-02-18 11:00:00,2025-02-18 13:00:00,long,3290.0,3302.0,1.7851679997146128,0.36173617015493675,1,0.15,signal
2025-02-18 13:00:00,2025-02-18 15:00:00,long,3304.0,3314.0,4.834550008177757,0.2926483055797674,2,0.5,signal
2025-02-18 15:00:00,2025-02-18 22:00:00,long,3316.0,3309.0,-2.159624996781349,-0.21709137482723656,2,0.3,signal
2025-02-18 22:00:00,2025-02-18 23:00:00,long,3311.0,3310.0,-0.6655249893665314,-0.04020084502365034,1,0.5,signal
2025-02-18 23:00:00,2025-02-19 09:00:00,long,3312.0,3313.0,0.2403750032186508,0.024192331241812682,1,0.3,signal
2025-02-19 09:00:00,2025-02-19 13:00:00,long,3315.0,3319.0,0.5850735001266002,0.11766184014612373,3,0.15,signal
2025-02-19 13:00:00,2025-02-19 14:00:00,long,3321.0,3313.0,-4.16584999859333,-0.2508792531522632,1,0.5,signal
2025-02-19 14:00:00,2025-02-19 21:00:00,long,3315.0,3310.0,-0.7649062491953372,-0.15382729998900702,2,0.15,signal
2025-02-19 21:00:00,2025-02-19 23:00:00,long,3312.0,3323.0,5.334124997258186,0.32210899741897264,2,0.5,signal
2025-02-19 23:00:00,2025-02-20 09:00:00,long,3325.0,3323.0,-0.6598319989442825,-0.06614857132273508,1,0.3,signal
2025-02-20 09:00:00,2025-02-20 22:00:00,long,3325.0,3368.0,6.4349407508969305,1.290213684390362,7,0.15,signal
2025-02-20 22:00:00,2025-02-21 11:00:00,long,3370.0,3366.0,-2.16839998960495,-0.12868842668278635,4,0.5,signal
2025-02-21 11:00:00,2025-02-21 15:00:00,long,3368.0,3358.0,-3.060533997416496,-0.3029032063951402,3,0.3,signal
2025-02-21 15:00:00,2025-02-21 21:00:00,long,3360.0,3339.0,-3.1650727500021456,-0.6279906250004258,1,0.15,signal
2025-02-21 21:00:00,2025-02-21 22:00:00,long,3341.0,3347.0,2.8328000009059906,0.16957797072169953,1,0.5,signal
2025-02-21 22:00:00,2025-02-24 10:00:00,long,3349.0,3336.0,-1.9650412501394747,-0.3911697521925898,3,0.15,signal
2025-02-24 10:00:00,2025-02-24 13:00:00,short,3336.0,3336.0,-0.3269279849529266,-0.013999999355640913,2,0.7,signal
2025-02-26 13:00:00,2025-02-26 22:00:00,long,3330.0,3338.0,1.8815923221588133,0.23543447474459628,4,0.24,signal
2025-02-26 22:00:00,2025-02-26 23:00:00,long,3340.0,3343.0,1.9722880172729493,0.07381317429913732,1,0.8,signal
2025-02-26 23:00:00,2025-02-27 09:00:00,long,3345.0,3343.0,-0.6601919996738433,-0.06578893868199735,1,0.3,signal
2025-02-27 09:00:00,2025-02-27 10:00:00,long,3345.0,3332.0,-6.666924998164177,-0.39862032873926323,1,0.5,signal
2025-02-27 10:00:00,2025-02-27 13:00:00,long,3334.0,3310.0,-7.2597959983348845,-0.7258344329468991,2,0.3,signal
2025-02-27 13:00:00,2025-02-27 23:00:00,long,3312.0,3321.0,1.3350757504999635,0.2687350544484629,5,0.15,signal
2025-02-27 23:00:00,2025-02-28 10:00:00,short,3321.0,3312.0,5.974983010888099,0.25702168068516795,2,0.7,signal
2025-02-28 11:00:00,2025-02-28 13:00:00,short,3306.0,3306.0,-0.32398799359798425,-0.013999999723359444,1,0.7,signal
2025-02-28 23:00:00,2025-03-03 09:00:00,long,3317.0,3317.0,-0.03821183967590332,-0.004799999959288428,1,0.24,signal
2025-03-04 14:00:00,2025-03-04 15:00:00,short,3280.0,3283.0,-2.4215870040655134,-0.10546981725024014,1,0.7,signal
2025-03-12 22:00:00,2025-03-12 23:00:00,long,3239.0,3234.0,-5.6473000049591064,-0.17435319558379458,1,1.0,signal
2025-03-12 23:00:00,2025-03-13 09:00:00,long,3236.0,3236.0,-0.414207992553711,-0.015999999712365227,1,0.8,signal
2025-03-13 09:00:00,2025-03-13 11:00:00,long,3238.0,3253.0,4.441580999493598,0.4572350215661518,2,0.3,signal
2025-03-13 11:00:00,2025-03-13 13:00:00,long,3255.0,3239.0,-8.162349998950958,-0.5015268816559728,1,0.5,signal
2025-03-13 13:00:00,2025-03-13 22:00:00,long,3241.0,3249.0,1.1853975002467632,0.2438336933552943,4,0.15,signal
2025-03-13 22:00:00,2025-03-13 23:00:00,long,3251.0,3246.0,-1.5584729987382888,-0.15979421703458307,1,0.3,signal
2025-03-13 23:00:00,2025-03-14 10:00:00,long,3248.0,3261.0,1.9353547498583792,0.39724030169506963,2,0.15,signal
2025-03-14 10:00:00,2025-03-14 11:00:00,long,3263.0,3258.0,-2.663024991750717,-0.16322555879563083,1,0.5,signal
2025-03-14 11:00:00,2025-03-14 13:00:00,long,3260.0,3258.0,-0.6586619979143143,-0.0673478525474759,1,0.3,signal
2025-03-14 13:00:00,2025-03-14 15:00:00,long,3260.0,3266.0,0.8853165002167224,0.18104631906272442,2,0.15,signal
2025-03-14 15:00:00,2025-03-14 22:00:00,long,3268.0,3246.0,-11.162849992513657,-0.6831609542542018,2,0.5,signal
2025-03-14 22:00:00,2025-03-14 23:00:00,long,3248.0,3246.0,-0.31461149990558623,-0.0645754310151039,1,0.15,signal
2025-03-14 23:00:00,2025-03-17 10:00:00,short,3246.0,3227.0,12.982822997570038,0.5713767713040242,2,0.7,signal
2025-03-17 10:00:00,2025-03-17 13:00:00,long,3227.0,3218.0,-7.612479972839356,-0.2948744953842329,2,0.8,signal
2025-03-17 13:00:00,2025-03-17 14:00:00,short,3218.0,3214.0,2.4848320096731182,0.11030950944122873,1,0.7,signal
2025-03-17 14:00:00,2025-03-17 15:00:00,long,3214.0,3217.0,1.9884160232543946,0.07733416394113234,1,0.8,signal
2025-03-17 15:00:00,2025-03-17 21:00:00,long,3219.0,3214.0,-1.5578969997167589,-0.16132308167306192,1,0.3,signal
2025-03-24 14:00:00,2025-03-24 15:00:00,long,3205.0,3203.0,-2.6407999992370605,-0.08239625582642934,1,1.0,signal
2025-03-24 15:00:00,2025-03-24 21:00:00,long,3205.0,3203.0,-2.010111999511719,-0.07839750388111227,1,0.8,signal
2025-03-24 21:00:00,2025-03-24 22:00:00,long,3205.0,3207.0,0.5422919994592666,0.05640062396872249,1,0.3,signal
2025-03-24 22:00:00,2025-03-25 10:00:00,long,3209.0,3202.0,-3.6602749973535538,-0.22812558412923364,3,0.5,signal
2025-03-25 10:00:00,2025-03-25 11:00:00,long,3204.0,3186.0,-5.457509999871254,-0.5677808988630102,1,0.3,signal
2025-03-25 11:00:00,2025-03-25 13:00:00,long,3188.0,3215.0,4.035593250542879,0.8439132686204264,1,0.15,signal
2025-03-25 13:00:00,2025-03-25 14:00:00,long,3217.0,3218.0,0.33912500739097595,0.02108330788877687,1,0.5,signal
2025-03-25 14:00:00,2025-03-25 15:00:00,long,3220.0,3220.0,-0.05795999944210052,-0.005999999942246432,1,0.3,signal
2025-03-25 15:00:00,2025-03-26 11:00:00,long,3222.0,3215.0,-1.064483250081539,-0.22025310367919287,6,0.15,signal
2025-04-07 15:00:00,2025-04-07 21:00:00,long,3148.0,3157.0,6.796480026245118,0.26987293623908504,1,0.8,signal
2025-04-10 10:00:00,2025-04-10 14:00:00,long,3139.0,3140.0,0.20383295974731444,0.027056514780093775,3,0.24,signal
2025-04-10 22:00:00,2025-04-10 23:00:00,long,3131.0,3134.0,2.3734999895095825,0.07580645127785315,1,1.0,signal
2025-04-10 23:00:00,2025-04-11 11:00:00,long,3136.0,3110.0,-7.856213999390602,-0.8350567601393072,3,0.3,signal
2025-04-11 11:00:00,2025-04-11 21:00:00,long,3112.0,3129.0,2.535957750678062,0.5432642996311188,4,0.15,signal
2025-04-14 10:00:00,2025-04-14 13:00:00,short,3137.0,3127.0,6.693064002990723,0.3047982149911527,2,0.7,signal
2025-04-15 09:00:00,2025-04-15 10:00:00,long,3136.0,3120.0,-16.62559998035431,-0.5301530605980328,1,1.0,signal
2025-04-16 13:00:00,2025-04-16 14:00:00,long,3092.0,3091.0,-1.1957119750976564,-0.04833893819120538,1,0.8,signal
2025-04-18 10:00:00,2025-04-18 11:00:00,long,3095.0,3090.0,-5.618499994277954,-0.1815347332561536,1,1.0,signal
2025-04-18 11:00:00,2025-04-18 14:00:00,long,3092.0,3083.0,-2.7555750006437303,-0.29706500653770274,2,0.3,signal
2025-04-18 14:00:00,2025-04-18 23:00:00,long,3085.0,3086.0,0.13611524999141691,0.029414424633477456,4,0.15,signal
2025-04-21 10:00:00,2025-04-21 11:00:00,long,3107.0,3105.0,-2.6211999654769897,-0.08436433747914353,1,1.0,signal
2025-04-21 11:00:00,2025-04-21 14:00:00,long,3107.0,3114.0,2.0440110003948213,0.21929095594837691,2,0.3,signal
2025-04-21 14:00:00,2025-04-21 21:00:00,long,3116.0,3117.0,0.3441750109195709,0.022090822266981447,2,0.5,signal
2025-04-21 21:00:00,2025-04-21 22:00:00,long,3119.0,3108.0,-3.3560429978370663,-0.3586665595636493,1,0.3,signal
2025-04-21 22:00:00,2025-04-22 10:00:00,long,3110.0,3096.0,-7.15514999628067,-0.4601382634264096,3,0.5,signal
2025-04-22 10:00:00,2025-04-22 15:00:00,long,3098.0,3074.0,-3.613886999040842,-0.7776817299420792,4,0.15,signal
2025-04-22 15:00:00,2025-04-23 10:00:00,short,3074.0,3103.0,-20.60267299056053,-0.9574622637122656,5,0.7,signal
2025-04-23 21:00:00,2025-04-23 22:00:00,long,3139.0,3130.0,-9.62689995765686,-0.3066868415946754,1,1.0,signal
2025-04-23 22:00:00,2025-04-24 10:00:00,long,3132.0,3123.0,-2.756294996738434,-0.2933477008023025,3,0.3,signal
2025-04-24 10:00:00,2025-04-24 11:00:00,long,3125.0,3120.0,-2.656124994158745,-0.16999199962615966,1,0.5,signal
2025-04-24 11:00:00,2025-04-24 13:00:00,long,3122.0,3111.0,-3.3560969960689544,-0.3583276741478705,1,0.3,signal
2025-04-24 13:00:00,2025-04-24 21:00:00,long,3113.0,3113.0,-0.014008499085903165,-0.002999999804240961,3,0.15,signal
2025-04-24 21:00:00,2025-04-24 22:00:00,short,3113.0,3107.0,3.895220010280609,0.17875361434907114,1,0.7,signal
2025-04-24 22:00:00,2025-04-24 23:00:00,long,3107.0,3108.0,0.2042016025543213,0.02738461572716464,1,0.24,signal
2025-04-25 13:00:00,2025-04-25 14:00:00,long,3124.0,3106.0,-5.45606999695301,-0.5821670931447942,1,0.3,signal
2025-04-25 22:00:00,2025-04-25 23:00:00,long,3142.0,3161.0,4.523694720840454,0.599895862619411,1,0.24,signal
2025-04-25 23:00:00,2025-04-28 10:00:00,long,3163.0,3136.0,-22.003135986328125,-0.8695516908918797,2,0.8,signal
2025-04-28 10:00:00,2025-04-28 14:00:00,long,3138.0,3135.0,-0.7561324779510498,-0.10039999972793842,3,0.24,signal
2025-04-28 14:00:00,2025-04-28 15:00:00,long,3137.0,3128.0,-1.3640962502360343,-0.2898940070632312,1,0.15,signal
2025-05-06 10:00:00,2025-05-06 21:00:00,long,3088.0,3089.0,0.20442048110961913,0.02758264263676856,5,0.24,signal
2025-05-06 22:00:00,2025-05-06 23:00:00,long,3111.0,3106.0,-5.6216999888420105,-0.18070395335397013,1,1.0,signal
2025-05-06 23:00:00,2025-05-07 09:00:00,long,3108.0,3114.0,1.744001998901367,0.18704440142657305,1,0.3,signal
2025-05-07 09:00:00,2025-05-07 11:00:00,long,3116.0,3097.0,-9.65532499551773,-0.6197256094684037,2,0.5,signal
2025-05-07 11:00:00,2025-05-07 14:00:00,long,3099.0,3089.0,-3.05569199860096,-0.328675056319346,2,0.3,signal
2025-05-07 14:00:00,2025-05-08 13:00:00,long,3091.0,3073.0,-2.7138690000772474,-0.5853270786319955,8,0.15,signal
2025-05-08 13:00:00,2025-05-08 14:00:00,short,3073.0,3058.0,10.199581003785132,0.474156524744788,1,0.7,signal
2025-05-12 10:00:00,2025-05-12 14:00:00,long,3039.0,3073.0,8.12479488143921,1.1139622246132512,3,0.24,signal
2025-05-12 14:00:00,2025-05-12 21:00:00,long,3075.0,3104.0,22.804543991088867,0.9270139833775961,2,0.8,signal
2025-05-12 21:00:00,2025-05-12 22:00:00,long,3106.0,3091.0,-4.555772995948791,-0.4889217638923365,1,0.3,signal
2025-05-12 22:00:00,2025-05-12 23:00:00,long,3093.0,3090.0,-1.654574990272522,-0.10698836018574341,1,0.5,signal
2025-05-12 23:00:00,2025-05-13 10:00:00,long,3092.0,3083.0,-2.7555750006437303,-0.29706500653770274,2,0.3,signal
2025-05-13 10:00:00,2025-05-13 11:00:00,long,3085.0,3085.0,-0.15424999594688416,-0.009999999737237222,1,0.5,signal
2025-05-13 11:00:00,2025-05-13 14:00:00,long,3087.0,3073.0,-4.255439999699592,-0.45950113375441015,2,0.3,signal
2025-05-13 14:00:00,2025-05-14 13:00:00,long,3075.0,3120.0,6.736061250418424,1.4603926830175444,8,0.15,signal
2025-05-14 21:00:00,2025-05-14 22:00:00,long,3127.0,3116.0,-11.624300003051758,-0.3717396866981694,1,1.0,signal
2025-05-14 22:00:00,2025-05-14 23:00:00,long,3118.0,3118.0,-0.056124000549316405,-0.006000000058725296,1,0.3,signal
2025-05-14 23:00:00,2025-05-15 09:00:00,long,3120.0,3116.0,-0.614031000137329,-0.13120320515754894,1,0.15,signal
2025-05-15 09:00:00,2025-05-15 11:00:00,long,3118.0,3115.0,-1.655824989080429,-0.10621071129444702,2,0.5,signal
2025-05-15 11:00:00,2025-05-15 13:00:00,long,3117.0,3120.0,0.8438670033216475,0.09024350372384211,1,0.3,signal
2025-05-15 13:00:00,2025-05-15 14:00:00,long,3122.0,3120.0,-1.1560499966144562,-0.07405829574724256,1,0.5,signal
2025-05-15 14:00:00,2025-05-15 21:00:00,long,3122.0,3118.0,-1.2561600011587144,-0.13411915451192766,2,0.3,signal
2025-05-15 21:00:00,2025-05-15 22:00:00,long,3120.0,3107.0,-1.9640107494592667,-0.41966041655112535,1,0.15,signal
2025-05-15 23:00:00,2025-05-16 13:00:00,short,3107.0,3095.0,8.09610201060772,0.3722516902205949,4,0.7,signal
2025-05-20 13:00:00,2025-05-20 21:00:00,short,3065.0,3063.0,1.0997279989719388,0.05125742246431783,3,0.7,signal
2025-05-29 11:00:00,2025-05-29 13:00:00,long,2976.0,2961.0,-3.6341971195220943,-0.5088201612234116,1,0.24,signal
2025-05-29 22:00:00,2025-05-29 23:00:00,long,2970.0,2971.0,0.4059000015258789,0.01366666671804306,1,1.0,signal
2025-05-29 23:00:00,2025-05-30 10:00:00,long,2973.0,2954.0,-9.64817500114441,-0.6490531450483962,2,0.5,signal
2025-05-30 10:00:00,2025-05-30 11:00:00,long,2956.0,2963.0,1.0366822502017021,0.233802943211931,1,0.15,signal
2025-05-30 11:00:00,2025-05-30 13:00:00,short,2963.0,2965.0,-1.6904719811677933,-0.08150388029351494,1,0.7,signal
2025-06-04 15:00:00,2025-06-04 21:00:00,long,2975.0,2973.0,-0.514260479736328,-0.07202527727399552,1,0.24,signal
2025-06-04 21:00:00,2025-06-04 23:00:00,long,2975.0,2967.0,-6.780287971496583,-0.28488604922254546,2,0.8,signal
2025-06-04 23:00:00,2025-06-05 09:00:00,long,2969.0,2965.0,-1.253406000137329,-0.14072145505078354,1,0.3,signal
2025-06-05 09:00:00,2025-06-05 10:00:00,long,2967.0,2960.0,-5.979328002929687,-0.25190967319386953,1,0.8,signal
2025-06-05 10:00:00,2025-06-05 13:00:00,long,2962.0,2940.0,-6.653118000626564,-0.7487191087808421,2,0.3,signal
2025-06-05 13:00:00,2025-06-05 14:00:00,long,2942.0,2943.0,0.13675875082612038,0.030989972994815405,1,0.15,signal
2025-06-05 14:00:00,2025-06-05 15:00:00,short,2943.0,2959.0,-11.489198003411293,-0.5577009855546475,1,0.7,signal
2025-06-05 15:00:00,2025-06-05 21:00:00,long,2959.0,2968.0,2.1258604797363283,0.29934950993245585,1,0.24,signal
2025-06-05 21:00:00,2025-06-05 22:00:00,short,2968.0,2974.0,-4.49115797817707,-0.21617048412481088,1,0.7,signal
2025-06-06 09:00:00,2025-06-06 10:00:00,long,2991.0,2981.0,-10.597199976444244,-0.354302907938624,1,1.0,signal
2025-06-06 10:00:00,2025-06-06 13:00:00,long,2983.0,2979.0,-1.2536579990386962,-0.14008917186710204,2,0.3,signal
2025-06-06 13:00:00,2025-06-06 14:00:00,long,2981.0,2983.0,0.8509000092744827,0.05708822604994852,1,0.5,signal
2025-06-06 14:00:00,2025-06-06 22:00:00,long,2985.0,2979.0,-0.9134189991652966,-0.2040020098638295,3,0.15,signal
2025-06-06 22:00:00,2025-06-06 23:00:00,long,2981.0,2966.0,-4.553522998094558,-0.5091717542317521,1,0.3,signal
2025-06-06 23:00:00,2025-06-09 10:00:00,long,2968.0,2972.0,1.851500004529953,0.12476415124864912,2,0.5,signal
2025-06-09 10:00:00,2025-06-09 11:00:00,long,2974.0,2982.0,2.3463959991931915,0.2629899124852266,1,0.3,signal
2025-06-09 11:00:00,2025-06-09 13:00:00,long,2984.0,2980.0,-2.1490999907255173,-0.1440415543381714,1,0.5,signal
2025-06-09 13:00:00,2025-06-09 14:00:00,long,2982.0,2989.0,2.046261003613472,0.22873474218795797,1,0.3,signal
2025-06-09 14:00:00,2025-06-09 21:00:00,long,2991.0,2982.0,-1.363439249843359,-0.30389819454883743,2,0.15,signal
2025-06-09 21:00:00,2025-06-10 09:00:00,short,2982.0,2967.0,10.208498994112015,0.4890533196374444,3,0.7,signal
2025-06-11 14:00:00,2025-06-11 22:00:00,long,2993.0,2978.0,-3.634392957687378,-0.5059573668681616,3,0.24,signal
2025-06-12 10:00:00,2025-06-12 11:00:00,long,2975.0,2975.0,-0.5949999690055847,-0.019999998958170916,1,1.0,signal
2025-06-12 11:00:00,2025-06-12 13:00:00,long,2977.0,2965.0,-9.980287971496583,-0.41905811099666535,1,0.8,signal
2025-06-12 13:00:00,2025-06-12 14:00:00,short,2965.0,2974.0,-6.591010982990264,-0.3175625624182252,1,0.7,signal
2025-06-16 15:00:00,2025-06-16 21:00:00,long,2992.0,2985.0,-7.597699999809265,-0.25393382352303695,1,1.0,signal
2025-06-16 21:00:00,2025-06-16 22:00:00,long,2987.0,2983.0,-3.5820800018310552,-0.14990291269798522,1,0.8,signal
2025-06-16 22:00:00,2025-06-17 09:00:00,long,2985.0,2982.0,-0.9537030011415482,-0.10649949761491326,2,0.3,signal
2025-06-17 09:00:00,2025-06-17 11:00:00,long,2984.0,2975.0,-1.363407749980688,-0.30460405495547094,2,0.15,signal
2025-06-17 11:00:00,2025-06-17 13:00:00,short,2975.0,2978.0,-2.391696979999542,-0.11484739399757707,1,0.7,signal
2025-06-18 22:00:00,2025-06-18 23:00:00,long,2992.0,2986.0,-6.5977999567985535,-0.2205147044384543,1,1.0,signal
2025-06-18 23:00:00,2025-06-19 09:00:00,long,2988.0,2987.0,-0.3537749969959259,-0.039466197790710165,1,0.3,signal
2025-06-19 09:00:00,2025-06-19 10:00:00,long,2989.0,2981.0,-4.149250000715256,-0.2776346604694049,1,0.5,signal
2025-06-19 10:00:00,2025-06-19 11:00:00,long,2983.0,2976.0,-2.1536309999227523,-0.24065605094678202,1,0.3,signal
2025-06-19 11:00:00,2025-06-19 13:00:00,long,2978.0,2977.0,-0.16339874982833863,-0.03657907988098022,1,0.15,signal
2025-06-19 13:00:00,2025-06-19 14:00:00,long,2979.0,2979.0,-0.14894999563694,-0.009999999707078886,1,0.5,signal
2025-06-19 14:00:00,2025-06-19 22:00:00,long,2981.0,2986.0,0.7365742497146129,0.16472643401869907,3,0.15,signal
2025-06-19 22:00:00,2025-06-19 23:00:00,long,2988.0,2990.0,0.8505500108003616,0.05693105828650345,1,0.5,signal
2025-06-19 23:00:00,2025-06-20 09:00:00,long,2992.0,2986.0,-1.8538019961118697,-0.20652874288233847,1,0.3,signal
2025-06-20 09:00:00,2025-06-20 10:00:00,long,2988.0,2998.0,1.4865315006673334,0.33166700148758,1,0.15,signal
2025-06-20 10:00:00,2025-06-20 13:00:00,long,3000.0,2991.0,-4.649774998426437,-0.30998499989509587,2,0.5,signal
2025-06-20 13:00:00,2025-06-20 23:00:00,long,2993.0,2993.0,-0.013468499332666396,-0.0029999998513568094,5,0.15,signal
2025-06-24 09:00:00,2025-06-24 10:00:00,long,2997.0,2981.0,-16.597799956798553,-0.5538138123723242,1,1.0,signal
2025-06-27 11:00:00,2025-06-27 13:00:00,long,2996.0,2988.0,-8.598399996757507,-0.2869959945513187,1,1.0,signal
2025-06-27 13:00:00,2025-06-27 15:00:00,long,2990.0,2993.0,2.0170880126953126,0.08432642193542277,2,0.8,signal
2025-06-27 15:00:00,2025-06-27 21:00:00,long,2995.0,2997.0,0.8501999974250793,0.05677462420200864,1,0.5,signal
2025-06-27 21:00:00,2025-06-27 22:00:00,long,2999.0,3017.0,5.345856000781059,0.5941820607737089,1,0.3,signal
2025-06-27 22:00:00,2025-06-30 10:00:00,long,3019.0,3000.0,-9.65047499537468,-0.6393159983686438,3,0.5,signal
2025-06-30 10:00:00,2025-06-30 11:00:00,long,3002.0,2997.0,-1.553991000652313,-0.17255063298382334,1,0.3,signal
2025-06-30 11:00:00,2025-06-30 22:00:00,long,2999.0,2987.0,-1.8134684993326664,-0.4031273756435848,5,0.15,signal
2025-06-30 22:00:00,2025-06-30 23:00:00,short,2987.0,2989.0,-1.6928239917755126,-0.0809614994392612,1,0.7,signal
2025-07-01 22:00:00,2025-07-01 23:00:00,long,3022.0,3012.0,-8.386175994873048,-0.3468802115682101,1,0.8,signal
2025-07-01 23:00:00,2025-07-02 09:00:00,long,3014.0,3014.0,-0.054252001047134395,-0.00600000011580783,1,0.3,signal
2025-07-02 09:00:00,2025-07-02 11:00:00,long,3016.0,3032.0,3.805163520812988,0.5256912467966662,2,0.24,signal
2025-07-02 11:00:00,2025-07-02 14:00:00,long,3034.0,3049.0,11.610688018798829,0.4783572848878885,2,0.8,signal
2025-07-02 14:00:00,2025-07-02 23:00:00,long,3051.0,3062.0,5.3471750020980835,0.3505195019402218,4,0.5,signal
2025-07-02 23:00:00,2025-07-03 09:00:00,long,3064.0,3062.0,-0.6551339972019196,-0.07127219290708438,1,0.3,signal
2025-07-03 09:00:00,2025-07-03 10:00:00,long,3064.0,3054.0,-5.1529499888420105,-0.33635443791396935,1,0.5,signal
2025-07-03 10:00:00,2025-07-04 09:00:00,long,3056.0,3085.0,4.336182750463486,0.9459386453890675,8,0.15,signal
2025-07-04 09:00:00,2025-07-04 10:00:00,long,3087.0,3083.0,-1.255529998540878,-0.13557175235297247,1,0.3,signal
2025-07-04 10:00:00,2025-07-07 10:00:00,long,3085.0,3065.0,-3.0138375002145765,-0.6512884927530149,9,0.15,signal
2025-07-07 10:00:00,2025-07-07 21:00:00,short,3065.0,3060.0,3.1998749941587445,0.14914355600833115,5,0.7,signal
2025-07-08 22:00:00,2025-07-09 10:00:00,long,3076.0,3060.0,-3.875343357467651,-0.5249435627258955,3,0.24,signal
2025-07-09 15:00:00,2025-07-09 21:00:00,long,3062.0,3059.0,-3.6121000051498413,-0.11796538227138607,1,1.0,signal
2025-07-09 21:00:00,2025-07-09 22:00:00,long,3061.0,3088.0,8.044659000635146,0.876038222872171,1,0.3,signal
2025-07-09 22:00:00,2025-07-09 23:00:00,long,3090.0,3087.0,-1.6544249951839447,-0.10708252396012587,1,0.5,signal
2025-07-09 23:00:00,2025-07-10 10:00:00,long,3089.0,3090.0,0.24438899874687195,0.026371964902004094,2,0.3,signal
2025-07-10 10:00:00,2025-07-10 13:00:00,long,3092.0,3103.0,5.345125004649162,0.34573900418170517,2,0.5,signal
2025-07-10 13:00:00,2025-07-10 14:00:00,long,3105.0,3112.0,2.044047001004219,0.21943607096126883,1,0.3,signal
2025-07-10 14:00:00,2025-07-11 09:00:00,long,3114.0,3139.0,12.343675002455711,0.792785806194972,5,0.5,signal
2025-07-11 09:00:00,2025-07-11 11:00:00,long,3141.0,3138.0,-0.9565110003948212,-0.1015081184755196,2,0.3,signal
2025-07-11 11:00:00,2025-07-11 13:00:00,long,3140.0,3135.0,-2.6568749994039536,-0.16922770696840467,1,0.5,signal
2025-07-11 13:00:00,2025-07-14 10:00:00,long,3137.0,3126.0,-1.6640917494893073,-0.353648230685221,7,0.15,signal
2025-07-14 10:00:00,2025-07-14 14:00:00,short,3126.0,3133.0,-5.206690985560416,-0.23794401725438338,3,0.7,signal
2025-07-16 22:00:00,2025-07-17 09:00:00,long,3133.0,3129.0,-0.9960691177368164,-0.13247009226205134,2,0.24,signal
2025-07-17 09:00:00,2025-07-17 10:00:00,long,3131.0,3123.0,-6.800256004333497,-0.2714889813291878,1,0.8,signal
2025-07-17 10:00:00,2025-07-17 11:00:00,long,3125.0,3124.0,-0.35624099850654606,-0.037999039840698245,1,0.3,signal
2025-07-17 11:00:00,2025-07-17 14:00:00,long,3126.0,3125.0,-0.276005757522583,-0.03678899519121655,2,0.24,signal
2025-07-17 14:00:00,2025-07-17 15:00:00,long,3127.0,3129.0,0.5436960017681122,0.0579571476141256,1,0.3,signal
2025-07-17 15:00:00,2025-07-17 21:00:00,long,3131.0,3134.0,1.3433749973773956,0.085811242247039,1,0.5,signal
2025-07-17 21:00:00,2025-07-17 22:00:00,long,3136.0,3160.0,3.585834000259638,0.762294642912338,1,0.15,signal
2025-07-17 22:00:00,2025-07-18 11:00:00,long,3162.0,3160.0,-1.158050000667572,-0.0732479443812506,4,0.5,signal
2025-07-18 11:00:00,2025-07-18 14:00:00,long,3162.0,3144.0,-5.456753997802735,-0.5752428840188419,2,0.3,signal
2025-07-18 14:00:00,2025-07-18 23:00:00,long,3146.0,3194.0,7.185734999924898,1.5227240940718156,4,0.15,signal
2025-07-18 23:00:00,2025-07-21 11:00:00,long,3196.0,3216.0,9.839699998497963,0.6157509385793468,3,0.5,signal
2025-07-21 11:00:00,2025-07-21 14:00:00,long,3218.0,3218.0,-0.05792399883270263,-0.005999999879086662,2,0.3,signal
2025-07-21 14:00:00,2025-07-21 15:00:00,long,3220.0,3221.0,0.3389749974012375,0.021054347664673137,1,0.5,signal
2025-07-21 15:00:00,2025-07-22 09:00:00,long,3223.0,3224.0,0.1354942502081394,0.028026528122482037,4,0.15,signal
2025-07-22 09:00:00,2025-07-22 10:00:00,long,3226.0,3223.0,-1.6612249910831451,-0.10298977006095135,1,0.5,signal
2025-07-22 10:00:00,2025-07-22 11:00:00,long,3225.0,3228.0,0.4354807506501675,0.09002186059951782,1,0.15,signal
2025-07-22 11:00:00,2025-07-22 13:00:00,long,3230.0,3234.0,1.8384000062942505,0.11383281772719817,1,0.5,signal
2025-07-22 13:00:00,2025-07-22 14:00:00,long,3236.0,3271.0,5.235359250605106,1.0785659766388764,1,0.15,signal
2025-07-22 14:00:00,2025-07-22 15:00:00,long,3273.0,3307.0,16.83550000190735,1.0287503820291688,1,0.5,signal
2025-07-22 15:00:00,2025-07-22 21:00:00,long,3309.0,3319.0,2.940348004102707,0.296197038793463,1,0.3,signal
2025-07-22 21:00:00,2025-07-22 22:00:00,long,3321.0,3290.0,-4.664874749332666,-0.9364397770415872,1,0.15,signal
2025-07-22 22:00:00,2025-07-22 23:00:00,long,3292.0,3303.0,5.335124999284744,0.32412667067343526,1,0.5,signal
2025-07-22 23:00:00,2025-07-23 10:00:00,long,3305.0,3284.0,-6.359300996661187,-0.6413818453516074,2,0.3,signal
2025-07-23 10:00:00,2025-07-24 09:00:00,long,3286.0,3254.0,-4.814714999645949,-0.9768137552537935,8,0.15,signal
2025-07-24 10:00:00,2025-07-24 13:00:00,short,3259.0,3279.0,-14.320362005233765,-0.6277281376949005,2,0.7,signal
2025-07-24 14:00:00,2025-07-24 15:00:00,short,3290.0,3298.0,-5.922812002897262,-0.2571781156273236,1,0.7,signal
2025-07-24 15:00:00,2025-07-24 22:00:00,long,3298.0,3306.0,1.8819609615325927,0.23776543378974543,2,0.24,signal
2025-07-24 22:00:00,2025-07-25 10:00:00,long,3308.0,3305.0,-2.823232002258301,-0.10668198315667701,3,0.8,signal
2025-07-25 10:00:00,2025-07-25 11:00:00,long,3307.0,3313.0,1.7404199999570846,0.17542788024968095,1,0.3,signal
2025-07-25 11:00:00,2025-07-25 21:00:00,long,3315.0,3351.0,17.833350002765656,1.0759185522030563,4,0.5,signal
2025-07-25 21:00:00,2025-07-25 22:00:00,long,3353.0,3324.0,-8.760092999339104,-0.870871160089383,1,0.3,signal
2025-07-25 22:00:00,2025-07-28 09:00:00,long,3326.0,3249.0,-11.564793749302625,-2.318058478513254,2,0.15,signal
2025-07-28 09:00:00,2025-07-28 14:00:00,short,3249.0,3248.0,0.38164700686931613,0.01678085594993256,4,0.7,signal
2025-07-29 14:00:00,2025-07-29 21:00:00,long,3341.0,3349.0,1.8814656017303466,0.2346435201200173,2,0.24,signal
2025-07-29 21:00:00,2025-07-30 10:00:00,long,3351.0,3339.0,-10.028159980773927,-0.37407341020493606,4,0.8,signal
2025-07-30 10:00:00,2025-07-30 13:00:00,long,3341.0,3342.0,0.23985300242900848,0.023930260643420978,2,0.3,signal
2025-07-30 13:00:00,2025-07-30 22:00:00,long,3344.0,3279.0,-9.764901749789715,-1.9467507475657324,4,0.15,signal
2025-07-30 22:00:00,2025-07-31 09:00:00,short,3279.0,3271.0,5.279050014019012,0.22999390119021532,2,0.7,signal
2025-08-05 15:00:00,2025-08-05 21:00:00,long,3234.0,3232.0,-2.6466000080108643,-0.08183673494158517,1,1.0,signal
2025-08-05 21:00:00,2025-08-05 22:00:00,long,3234.0,3220.0,-11.613055992126466,-0.44886580056147435,1,0.8,signal
2025-08-05 22:00:00,2025-08-06 10:00:00,long,3222.0,3228.0,1.7419500017166136,0.1802141528777792,3,0.3,signal
2025-08-06 10:00:00,2025-08-06 11:00:00,long,3230.0,3240.0,4.838250011205673,0.299582044037503,1,0.5,signal
2025-08-06 11:00:00,2025-08-06 21:00:00,long,3242.0,3233.0,-1.3645687495172025,-0.2806022515972039,4,0.15,signal
2025-08-06 21:00:00,2025-08-06 23:00:00,long,3235.0,3233.0,-1.1616999953985214,-0.07182071068924398,2,0.5,signal
2025-08-06 23:00:00,2025-08-07 10:00:00,long,3235.0,3221.0,-4.258103996515274,-0.4387536317893121,2,0.3,signal
2025-08-07 10:00:00,2025-08-08 10:00:00,long,3223.0,3206.0,-2.5644652497768403,-0.5304509773041349,9,0.15,signal
2025-08-11 09:00:00,2025-08-11 10:00:00,long,3213.0,3232.0,14.787520027160646,0.5753003434158358,1,0.8,signal
2025-08-11 10:00:00,2025-08-11 13:00:00,short,3232.0,3235.0,-2.4168829828500744,-0.10682827894492905,2,0.7,signal
2025-08-11 13:00:00,2025-08-11 15:00:00,long,3235.0,3248.0,9.985088005065919,0.3858225658835363,2,0.8,signal
2025-08-11 15:00:00,2025-08-11 22:00:00,long,3250.0,3238.0,-2.917370877456665,-0.37402190736623914,2,0.24,signal
2025-08-11 22:00:00,2025-08-11 23:00:00,long,3240.0,3243.0,0.8416530007123947,0.08658981488810644,1,0.3,signal
2025-08-11 23:00:00,2025-08-12 09:00:00,long,3245.0,3247.0,1.1845120239257814,0.04562835223134751,1,0.8,signal
2025-08-12 09:00:00,2025-08-12 11:00:00,long,3249.0,3253.0,1.837449997663498,0.113108648671191,2,0.5,signal
2025-08-12 11:00:00,2025-08-12 13:00:00,long,3255.0,3261.0,0.8853389999270439,0.18132903224312216,1,0.15,signal
2025-08-12 13:00:00,2025-08-12 15:00:00,long,3263.0,3259.0,-2.1630499958992004,-0.1325804471896537,2,0.5,signal
2025-08-12 15:00:00,2025-08-12 22:00:00,long,3261.0,3254.0,-2.1586349987983704,-0.22065164047821426,2,0.3,signal
2025-08-12 22:00:00,2025-08-12 23:00:00,long,3256.0,3252.0,-2.1626999974250793,-0.13284398018581567,1,0.5,signal
2025-08-12 23:00:00,2025-08-13 11:00:00,long,3254.0,3241.0,-1.9646137502789498,-0.4025023049127125,3,0.15,signal
2025-08-13 11:00:00,2025-08-13 13:00:00,short,3241.0,3248.0,-5.217960986495018,-0.22999783957751213,1,0.7,signal
2025-08-13 22:00:00,2025-08-14 09:00:00,long,3217.0,3215.0,-2.011647987365723,-0.07816474927594509,2,0.8,signal
2025-08-15 23:00:00,2025-08-18 10:00:00,long,3199.0,3183.0,-3.8767603191375732,-0.504944294979886,2,0.24,signal
2025-08-18 14:00:00,2025-08-18 15:00:00,long,3155.0,3155.0,-0.40383998870849613,-0.015999999552634554,1,0.8,signal
2025-08-20 22:00:00,2025-08-21 10:00:00,long,3136.0,3121.0,-3.6360403198242186,-0.48310484691542027,3,0.24,signal
2025-08-22 22:00:00,2025-08-22 23:00:00,long,3140.0,3149.0,2.1237753604888914,0.2818173249056385,1,0.24,signal
2025-08-22 23:00:00,2025-08-25 11:00:00,short,3149.0,3158.0,-6.609042996168136,-0.299825023643249,3,0.7,signal
2025-08-28 15:00:00,2025-08-28 21:00:00,long,3130.0,3131.0,0.37389999628067017,0.011945686782130038,1,1.0,signal
2025-08-28 21:00:00,2025-08-28 22:00:00,long,3133.0,3123.0,-8.400383987426759,-0.3351573566640105,1,0.8,signal
2025-08-28 22:00:00,2025-08-28 23:00:00,long,3125.0,3109.0,-4.856105997562408,-0.5179846397399902,1,0.3,signal
2025-08-28 23:00:00,2025-08-29 10:00:00,long,3111.0,3104.0,-1.0639837490022181,-0.22800466066692773,2,0.15,signal
2025-08-29 10:00:00,2025-08-29 13:00:00,short,3104.0,3107.0,-2.4043390041589734,-0.11065625019141079,2,0.7,signal
2025-09-02 22:00:00,2025-09-02 23:00:00,long,3142.0,3136.0,-6.627799987792969,-0.2109420747228825,1,1.0,signal
2025-09-02 23:00:00,2025-09-03 10:00:00,long,3138.0,3107.0,-25.199679985046387,-1.0038113442099421,2,0.8,signal
2025-09-03 10:00:00,2025-09-03 13:00:00,long,3109.0,3101.0,-1.955769599533081,-0.2621112897412192,2,0.24,signal
2025-09-03 13:00:00,2025-09-03 14:00:00,long,3103.0,3108.0,2.3447249978780746,0.15112632922191907,1,0.5,signal
2025-09-03 14:00:00,2025-09-03 15:00:00,long,3110.0,3103.0,-1.0639792495965956,-0.2280770095598276,1,0.15,signal
2025-09-05 15:00:00,2025-09-05 21:00:00,long,3145.0,3145.0,-0.6290000081062317,-0.020000000257749815,1,1.0,signal
2025-09-05 21:00:00,2025-09-05 23:00:00,long,3147.0,3119.0,-8.456393997073173,-0.8957095643547477,2,0.3,signal
2025-09-05 23:00:00,2025-09-08 09:00:00,long,3121.0,3117.0,-3.5992319869995115,-0.14415379633929476,1,0.8,signal
2025-09-08 09:00:00,2025-09-08 11:00:00,short,3117.0,3120.0,-2.4056129819154735,-0.11025312717885669,2,0.7,signal
2025-09-10 09:00:00,2025-09-10 10:00:00,long,3096.0,3111.0,11.602751998901368,0.4684573642967283,1,0.8,signal
2025-09-10 10:00:00,2025-09-10 13:00:00,long,3113.0,3122.0,2.6438850009441377,0.2831015098987191,2,0.3,signal
2025-09-10 13:00:00,2025-09-10 14:00:00,short,3122.0,3118.0,2.494239993691444,0.11413196639935227,1,0.7,signal
2025-09-11 23:00:00,2025-09-12 11:00:00,long,3088.0,3089.0,0.24440700173377988,0.0263824483736809,3,0.3,signal
2025-09-12 13:00:00,2025-09-12 15:00:00,long,3135.0,3128.0,-1.7160748786926268,-0.22808012741794614,2,0.24,signal
2025-09-12 15:00:00,2025-09-12 21:00:00,short,3128.0,3128.0,-0.3065439903736114,-0.013999999560358576,1,0.7,signal
2025-09-15 14:00:00,2025-09-15 15:00:00,long,3138.0,3134.0,-4.62720000743866,-0.1474569792045462,1,1.0,signal
2025-09-15 15:00:00,2025-09-15 21:00:00,long,3136.0,3149.0,3.8434350013732907,0.4085283802480114,1,0.3,signal
2025-09-15 21:00:00,2025-09-15 23:00:00,long,3151.0,3173.0,10.841900005936623,0.6881561412844571,2,0.5,signal
2025-09-15 23:00:00,2025-09-16 09:00:00,long,3175.0,3174.0,-0.3571409976482391,-0.03749511786333219,1,0.3,signal
2025-09-16 09:00:00,2025-09-16 14:00:00,long,3176.0,3167.0,-1.3642717498540877,-0.28637106420110997,4,0.15,signal
2025-09-16 15:00:00,2025-09-16 21:00:00,long,3168.0,3167.0,-1.6334999799728394,-0.05156249936782953,1,1.0,signal
2025-09-16 21:00:00,2025-09-16 22:00:00,long,3169.0,3151.0,-9.157999992370605,-0.5779741238479398,1,0.5,signal
2025-09-16 22:00:00,2025-09-16 23:00:00,long,3153.0,3152.0,-0.35674499630928036,-0.037714874332305776,1,0.3,signal
2025-09-17 22:00:00,2025-09-18 09:00:00,short,3168.0,3166.0,1.0896340179443358,0.04913573313241053,2,0.7,signal
2025-09-18 13:00:00,2025-09-18 15:00:00,long,3136.0,3145.0,2.643471001982689,0.2809811864352348,2,0.3,signal
2025-09-19 22:00:00,2025-09-19 23:00:00,long,3184.0,3185.0,0.36309999227523804,0.011403894229749939,1,1.0,signal
2025-09-19 23:00:00,2025-09-22 09:00:00,long,3187.0,3187.0,-0.4079359817504883,-0.015999999284220592,1,0.8,signal
2025-09-22 09:00:00,2025-09-22 10:00:00,long,3189.0,3190.0,0.2425890004634857,0.02535685172608819,1,0.3,signal
2025-09-22 10:00:00,2025-09-22 11:00:00,long,3192.0,3184.0,-6.808064002990723,-0.2666065164078447,1,0.8,signal
2025-09-22 11:00:00,2025-09-22 14:00:00,long,3186.0,3181.0,-1.5573029977083206,-0.16293188927686972,2,0.3,signal
2025-09-22 14:00:00,2025-09-22 15:00:00,long,3183.0,3185.0,0.8408000022172928,0.052830663035959326,1,0.5,signal
2025-09-22 15:00:00,2025-09-23 11:00:00,long,3187.0,3157.0,-4.514274000227451,-0.9443100094608202,6,0.15,signal
2025-09-23 11:00:00,2025-09-23 13:00:00,short,3157.0,3154.0,1.7907610005140302,0.08103357620317798,1,0.7,signal
2025-09-24 15:00:00,2025-09-24 22:00:00,long,3164.0,3167.0,0.683533441543579,0.09001441233980971,2,0.24,signal
2025-09-25 09:00:00,2025-09-25 10:00:00,long,3163.0,3156.0,-7.6319000124931335,-0.24128675347749395,1,1.0,signal
2025-09-25 10:00:00,2025-09-25 11:00:00,long,3158.0,3165.0,2.043093003630638,0.21565262862894638,1,0.3,signal
2025-09-25 11:00:00,2025-09-25 14:00:00,long,3167.0,3168.0,0.3945600128173828,0.015573098074573051,2,0.8,signal
2025-09-25 14:00:00,2025-09-25 15:00:00,long,3170.0,3167.0,-1.6584250032901764,-0.10463249232114677,1,0.5,signal
2025-09-25 15:00:00,2025-09-25 22:00:00,long,3169.0,3154.0,-4.556906996369362,-0.4793212366013845,2,0.3,signal
2025-09-25 22:00:00,2025-09-26 10:00:00,long,3156.0,3135.0,-3.164154749214649,-0.6683892583892372,3,0.15,signal
2025-09-26 10:00:00,2025-09-26 14:00:00,short,3135.0,3140.0,-3.8074749988317484,-0.17350079739493043,3,0.7,signal
2025-10-10 13:00:00,2025-10-10 14:00:00,long,3105.0,3102.0,-3.6207000017166138,-0.11660869570745938,1,1.0,signal
2025-10-10 14:00:00,2025-10-10 15:00:00,long,3104.0,3101.0,-1.655124992132187,-0.10664465155490895,1,0.5,signal
2025-10-10 15:00:00,2025-10-10 21:00:00,long,3103.0,3106.0,0.8441190022230148,0.09067773146664677,1,0.3,signal
2025-10-10 21:00:00,2025-10-10 22:00:00,long,3108.0,3102.0,-0.9139724998176098,-0.19604729725817455,1,0.15,signal
2025-10-10 22:00:00,2025-10-13 10:00:00,long,3104.0,3075.0,-14.654475003480911,-0.9442316368222237,3,0.5,signal
2025-10-13 10:00:00,2025-10-13 13:00:00,short,3075.0,3071.0,2.498845998644829,0.11609040644110703,2,0.7,signal
2025-10-13 21:00:00,2025-10-13 22:00:00,short,3089.0,3083.0,3.897572020888328,0.18025121495113205,1,0.7,signal
2025-10-17 10:00:00,2025-10-17 11:00:00,long,3055.0,3049.0,-6.610399961471558,-0.21637970413982185,1,1.0,signal
2025-10-17 11:00:00,2025-10-17 13:00:00,long,3051.0,3040.0,-3.3548189985752104,-0.36652671239759754,1,0.3,signal
2025-10-17 13:00:00,2025-10-17 14:00:00,long,3042.0,3039.0,-2.7891839981079105,-0.11461143976446046,1,0.8,signal
2025-10-17 14:00:00,2025-10-17 15:00:00,long,3041.0,3038.0,-0.9547109967470169,-0.1046487993803592,1,0.3,signal
2025-10-17 15:00:00,2025-10-17 21:00:00,long,3040.0,3039.0,-0.16367774918675423,-0.03589424324270926,1,0.15,signal
2025-10-17 23:00:00,2025-10-20 09:00:00,long,3060.0,3059.0,-1.611899971961975,-0.05267646967195998,1,1.0,signal
2025-10-20 09:00:00,2025-10-20 10:00:00,long,3061.0,3062.0,0.24489300191402436,0.026668082534468517,1,0.3,signal
2025-10-20 10:00:00,2025-10-20 11:00:00,long,3064.0,3048.0,-13.19116798400879,-0.5381514353789486,1,0.8,signal
2025-10-20 11:00:00,2025-10-20 14:00:00,long,3050.0,3041.0,-2.7548189985752103,-0.30107311459838365,2,0.3,signal
2025-10-20 14:00:00,2025-10-20 21:00:00,long,3043.0,3044.0,0.13630425050854683,0.02986181411075623,2,0.15,signal
2025-10-21 11:00:00,2025-10-21 13:00:00,long,3056.0,3062.0,5.388200044631958,0.17631544648664785,1,1.0,signal
2025-10-21 13:00:00,2025-10-21 15:00:00,long,3064.0,3047.0,-2.563749749064445,-0.5578219645483997,2,0.15,signal
2025-10-22 10:00:00,2025-10-22 11:00:00,long,3060.0,3060.0,-0.6119999885559082,-0.01999999962601007,1,1.0,signal
2025-10-22 11:00:00,2025-10-22 14:00:00,long,3062.0,3063.0,0.40799999237060547,0.016655780224142942,2,0.8,signal
2025-10-22 14:00:00,2025-10-22 15:00:00,long,3065.0,3066.0,0.24482100069522855,0.026625448688986246,1,0.3,signal
2025-10-22 15:00:00,2025-10-22 21:00:00,long,3068.0,3071.0,1.3465249985456467,0.08777868308641765,1,0.5,signal
2025-10-22 21:00:00,2025-10-22 22:00:00,long,3073.0,3061.0,-3.655205998420715,-0.3964861696952723,1,0.3,signal
2025-10-22 22:00:00,2025-10-22 23:00:00,long,3063.0,3063.0,-0.15314999222755432,-0.009999999492494568,1,0.5,signal
2025-10-22 23:00:00,2025-10-23 10:00:00,long,3065.0,3060.0,-0.7637812502682209,-0.16612969010728024,2,0.15,signal
2025-10-23 10:00:00,2025-10-23 13:00:00,long,3062.0,3077.0,7.346524998545647,0.4798514042159142,2,0.5,signal
2025-10-23 13:00:00,2025-10-23 21:00:00,long,3079.0,3071.0,-2.455350000858307,-0.2658168237369608,3,0.3,signal
2025-10-23 21:00:00,2025-10-23 22:00:00,long,3073.0,3056.0,-2.563790249079466,-0.5561970385246698,1,0.15,signal
2025-10-23 23:00:00,2025-10-24 09:00:00,short,3057.0,3059.0,-1.699683991074562,-0.07942819716223011,1,0.7,signal
2025-10-24 09:00:00,2025-10-24 10:00:00,long,3059.0,3047.0,-2.9151705596923825,-0.3970756455939281,1,0.24,signal
2025-10-24 14:00:00,2025-10-24 15:00:00,long,3051.0,3045.0,-1.8548640006780623,-0.20265093419404157,1,0.3,signal
2025-10-24 15:00:00,2025-10-24 21:00:00,long,3047.0,3049.0,1.2098559951782226,0.04963308152191592,1,0.8,signal
2025-10-27 10:00:00,2025-10-27 13:00:00,long,3068.0,3069.0,0.20465088157653807,0.027793742065479424,2,0.24,signal
2025-10-27 14:00:00,2025-10-27 15:00:00,long,3076.0,3098.0,21.382600009441376,0.6951430432198107,1,1.0,signal
2025-10-27 15:00:00,2025-10-27 22:00:00,long,3100.0,3111.0,8.402495994567872,0.33881032236160774,2,0.8,signal
2025-10-27 22:00:00,2025-10-28 10:00:00,long,3113.0,3095.0,-9.155199989676476,-0.5881914545246691,3,0.5,signal
2025-10-28 10:00:00,2025-10-28 13:00:00,long,3097.0,3093.0,-1.2557099962234497,-0.1351533738266548,2,0.3,signal
2025-10-28 13:00:00,2025-10-29 09:00:00,long,3095.0,3116.0,3.1360252498090264,0.6755035540784118,6,0.15,signal
2025-10-29 09:00:00,2025-10-29 10:00:00,long,3118.0,3114.0,-1.2560879999399184,-0.13428351506734215,1,0.3,signal
2025-10-29 10:00:00,2025-10-29 21:00:00,long,3116.0,3136.0,2.9859330005943776,0.638838896147706,5,0.15,signal
2025-10-29 21:00:00,2025-10-30 10:00:00,long,3138.0,3128.0,-5.1566499918699265,-0.3286583806163114,4,0.5,signal
2025-10-30 10:00:00,2025-10-30 11:00:00,long,3130.0,3139.0,2.643579003810882,0.2815313103099981,1,0.3,signal
2025-10-30 11:00:00,2025-10-30 13:00:00,long,3141.0,3118.0,-11.656474992632866,-0.7422142625044804,1,0.5,signal
2025-10-30 13:00:00,2025-10-30 14:00:00,long,3120.0,3111.0,-1.364019749611616,-0.29145721145547354,1,0.15,signal
2025-10-30 14:00:00,2025-10-31 10:00:00,short,3111.0,3119.0,-5.905269983410835,-0.2711700410254321,6,0.7,signal
2025-11-06 21:00:00,2025-11-06 23:00:00,long,3039.0,3038.0,-0.27500351943969725,-0.03770477122952962,2,0.24,signal
2025-11-06 23:00:00,2025-11-07 13:00:00,long,3040.0,3036.0,-1.2546839976310729,-0.13757499974024923,4,0.3,signal
2025-11-07 13:00:00,2025-11-07 22:00:00,long,3038.0,3030.0,-1.2136529991030691,-0.26632718874326733,4,0.15,signal
2025-11-07 22:00:00,2025-11-07 23:00:00,short,3030.0,3030.0,-0.29694000303745266,-0.014000000143208518,1,0.7,signal
2025-11-11 10:00:00,2025-11-11 11:00:00,long,3039.0,3028.0,-11.606700003147125,-0.38192497542438714,1,1.0,signal
2025-11-11 11:00:00,2025-11-11 13:00:00,long,3030.0,3032.0,0.28636050045490263,0.0630056106611447,1,0.15,signal
2025-11-13 15:00:00,2025-11-13 21:00:00,long,3047.0,3047.0,-0.6093999743461609,-0.019999999158062387,1,1.0,signal
2025-11-13 21:00:00,2025-11-13 22:00:00,long,3049.0,3049.0,-0.39027198791503914,-0.015999999504552276,1,0.8,signal
2025-11-13 22:00:00,2025-11-14 09:00:00,long,3051.0,3045.0,-3.1524000018835068,-0.20664700110675233,2,0.5,signal
2025-11-14 09:00:00,2025-11-14 13:00:00,long,3047.0,3042.0,-1.5548010009527204,-0.17009090919513406,3,0.3,signal
2025-11-14 13:00:00,2025-11-14 14:00:00,long,3044.0,3046.0,0.8477500081062317,0.055699737720514564,1,0.5,signal
2025-11-14 14:00:00,2025-11-14 15:00:00,long,3048.0,3051.0,0.43627725005149837,0.0954237204837048,1,0.15,signal
2025-11-14 15:00:00,2025-11-14 21:00:00,long,3053.0,3046.0,-3.6524749994277954,-0.23927120860974752,1,0.5,signal
2025-11-14 21:00:00,2025-11-17 14:00:00,long,3048.0,3094.0,6.886180500090123,1.506163713930473,7,0.15,signal
2025-11-17 14:00:00,2025-11-17 22:00:00,long,3096.0,3085.0,-5.654524996876717,-0.3652793925630954,3,0.5,signal
2025-11-17 22:00:00,2025-11-18 10:00:00,long,3087.0,3082.0,-1.5555209970474244,-0.1679646903193418,3,0.3,signal
2025-11-18 10:00:00,2025-11-18 22:00:00,long,3084.0,3082.0,-0.3138734994828701,-0.06784987018652618,6,0.15,signal
2025-11-18 22:00:00,2025-11-19 11:00:00,short,3082.0,3093.0,-8.002575003504752,-0.3709360806296817,4,0.7,signal
2025-11-19 15:00:00,2025-11-19 21:00:00,long,3072.0,3064.0,-2.455223996043205,-0.2664088537373269,1,0.3,signal
2025-11-24 11:00:00,2025-11-24 13:00:00,long,3088.0,3090.0,1.382200002670288,0.044760362780773576,1,1.0,signal
2025-11-24 13:00:00,2025-11-24 14:00:00,long,3092.0,3095.0,0.8443170028924942,0.09102166913459403,1,0.3,signal
2025-11-24 14:00:00,2025-11-24 22:00:00,long,3097.0,3088.0,-7.595839996337891,-0.30658056168622416,3,0.8,signal
2025-11-24 22:00:00,2025-11-25 14:00:00,long,3090.0,3106.0,7.845100000500679,0.507773462815578,6,0.5,signal
2025-11-25 14:00:00,2025-11-25 22:00:00,long,3108.0,3098.0,-3.0558539986610413,-0.3277406690970658,3,0.3,signal
2025-11-25 22:00:00,2025-11-26 15:00:00,long,3100.0,3098.0,-0.3139454993605614,-0.06751516115280891,7,0.15,signal
2025-11-27 21:00:00,2025-11-27 22:00:00,long,3094.0,3090.0,-0.9956198387145996,-0.13407937927098143,1,0.24,signal
2025-11-27 22:00:00,2025-11-28 09:00:00,short,3090.0,3094.0,-3.1030159890651703,-0.14345889917083543,2,0.7,signal
2025-11-28 10:00:00,2025-11-28 11:00:00,long,3091.0,3098.0,5.203903999328613,0.2104458103901898,1,0.8,signal
2025-11-28 11:00:00,2025-11-28 14:00:00,long,3100.0,3108.0,2.344128003716469,0.25205677459316866,2,0.3,signal
2025-11-28 14:00:00,2025-11-28 15:00:00,long,3110.0,3106.0,-3.5978239822387694,-0.14460707324110808,1,0.8,signal
2025-11-28 15:00:00,2025-11-28 21:00:00,long,3108.0,3110.0,0.44418431968688965,0.05954851990654356,1,0.24,signal
2025-11-28 21:00:00,2025-11-28 22:00:00,long,3112.0,3104.0,-6.79782398223877,-0.2730488424742436,1,0.8,signal
2025-11-28 22:00:00,2025-11-28 23:00:00,long,3106.0,3122.0,3.804126720428467,0.5103196394650766,1,0.24,signal
2025-11-28 23:00:00,2025-12-01 09:00:00,long,3124.0,3121.0,-2.799679985046387,-0.11202304677682404,1,0.8,signal
2025-12-01 09:00:00,2025-12-01 10:00:00,long,3123.0,3135.0,3.543677998781204,0.378234389879518,1,0.3,signal
2025-12-01 10:00:00,2025-12-01 14:00:00,long,3137.0,3122.0,-7.656474992632866,-0.48813994215064493,3,0.5,signal
2025-12-01 14:00:00,2025-12-01 15:00:00,long,3124.0,3135.0,3.2436690026521684,0.34610211295904486,1,0.3,signal
2025-12-01 15:00:00,2025-12-01 22:00:00,long,3137.0,3133.0,-2.1567499935626984,-0.13750398428834545,2,0.5,signal
2025-12-01 22:00:00,2025-12-02 10:00:00,long,3135.0,3139.0,0.5858835004270077,0.12458979275428127,3,0.15,signal
2025-12-02 10:00:00,2025-12-02 11:00:00,long,3141.0,3141.0,-0.1570499986410141,-0.009999999913467946,1,0.5,signal
2025-12-02 11:00:00,2025-12-02 13:00:00,long,3143.0,3134.0,-1.3641232493519782,-0.28934632502958496,1,0.15,signal
2025-12-02 13:00:00,2025-12-02 14:00:00,long,3136.0,3131.0,-2.6566749960184097,-0.16943080331750063,1,0.5,signal
2025-12-02 14:00:00,2025-12-02 15:00:00,long,3133.0,3133.0,-0.01409849926829338,-0.002999999844301177,1,0.15,signal
2025-12-02 15:00:00,2025-12-02 21:00:00,long,3135.0,3166.0,15.34247499704361,0.9787862837029416,1,0.5,signal
2025-12-02 21:00:00,2025-12-02 22:00:00,long,3168.0,3156.0,-1.814228999465704,-0.38178219685726095,1,0.15,signal
2025-12-02 22:00:00,2025-12-03 11:00:00,long,3158.0,3166.0,3.8419000059366226,0.24331222330187605,4,0.5,signal
2025-12-03 11:00:00,2025-12-03 13:00:00,long,3168.0,3167.0,-0.35701499819755556,-0.037564709406308454,1,0.3,signal
2025-12-03 13:00:00,2025-12-03 15:00:00,long,3169.0,3168.0,-0.6584250032901764,-0.04155411822594991,2,0.5,signal
2025-12-03 15:00:00,2025-12-03 21:00:00,long,3170.0,3170.0,-0.05706000030040741,-0.006000000031588582,1,0.3,signal
2025-12-03 21:00:00,2025-12-04 22:00:00,long,3172.0,3171.0,-0.16427174985408782,-0.03452537827954767,10,0.15,signal
2025-12-05 22:00:00,2025-12-08 09:00:00,long,3136.0,3134.0,-2.001279983520508,-0.0797704075063978,2,0.8,signal
2025-12-10 14:00:00,2025-12-10 21:00:00,long,3132.0,3116.0,-3.8759884780883787,-0.5156434224787647,2,0.24,signal
2025-12-10 21:00:00,2025-12-10 22:00:00,long,3118.0,3108.0,-8.398463973999023,-0.3366927507215772,1,0.8,signal
2025-12-10 22:00:00,2025-12-10 23:00:00,long,3110.0,3108.0,-0.6559620004892349,-0.07030675246401231,1,0.3,signal
2025-12-10 23:00:00,2025-12-11 10:00:00,long,3110.0,3095.0,-12.397119979858399,-0.4982765265216398,2,0.8,signal
2025-12-11 10:00:00,2025-12-11 14:00:00,long,3097.0,3067.0,-4.513869000077247,-0.9716648369556016,3,0.15,signal
2025-12-11 14:00:00,2025-12-11 21:00:00,short,3067.0,3078.0,-8.001104993224144,-0.37268177340463665,2,0.7,signal
2025-12-15 11:00:00,2025-12-15 13:00:00,long,3078.0,3083.0,1.1645126392364502,0.1576392461604465,1,0.24,signal
2025-12-15 13:00:00,2025-12-15 14:00:00,short,3083.0,3081.0,1.0979639983177185,0.050876418994380175,1,0.7,signal
2025-12-16 14:00:00,2025-12-16 15:00:00,long,3085.0,3081.0,-4.616599977016449,-0.14964667672662718,1,1.0,signal
2025-12-16 15:00:00,2025-12-16 23:00:00,long,3083.0,3076.0,-2.1554309982061386,-0.23304476140189626,3,0.3,signal
2025-12-16 23:00:00,2025-12-17 10:00:00,short,3076.0,3077.0,-1.0014969998598098,-0.04651202860207179,2,0.7,signal
2025-12-18 09:00:00,2025-12-18 10:00:00,long,3126.0,3118.0,-8.624399960041046,-0.275892513117116,1,1.0,signal
2025-12-18 10:00:00,2025-12-18 13:00:00,long,3120.0,3120.0,-0.05616000115871429,-0.006000000123794261,2,0.3,signal
2025-12-18 13:00:00,2025-12-18 14:00:00,long,3122.0,3119.0,-2.799423980712891,-0.11208456040650587,1,0.8,signal
2025-12-18 14:00:00,2025-12-18 15:00:00,long,3121.0,3122.0,0.24381299972534176,0.02604005123628557,1,0.3,signal
2025-12-18 15:00:00,2025-12-18 22:00:00,long,3124.0,3111.0,-6.655874997377396,-0.4261123557860048,2,0.5,signal
2025-12-18 22:00:00,2025-12-19 10:00:00,long,3113.0,3118.0,0.7359802503883838,0.1576143592222687,3,0.15,signal
2025-12-19 10:00:00,2025-12-19 11:00:00,long,3120.0,3114.0,-3.1558499932289124,-0.20229807648903284,1,0.5,signal
2025-12-19 11:00:00,2025-12-19 13:00:00,long,3116.0,3115.0,-0.1640197496116161,-0.03509194471793242,1,0.15,signal
2025-12-19 13:00:00,2025-12-19 14:00:00,short,3115.0,3109.0,3.895024006962776,0.1786298558570409,1,0.7,signal
2025-12-19 15:00:00,2025-12-22 09:00:00,short,3117.0,3116.0,0.394583021402359,0.01808437698347124,4,0.7,signal
2025-12-22 13:00:00,2025-12-22 15:00:00,long,3125.0,3124.0,-0.27599423904418946,-0.036799231872558597,2,0.24,signal
2025-12-22 23:00:00,2025-12-23 09:00:00,long,3141.0,3138.0,-3.627900004386902,-0.11550143280442222,1,1.0,signal
2025-12-23 09:00:00,2025-12-23 10:00:00,long,3140.0,3130.0,-5.156749993562698,-0.3284554136027196,1,0.5,signal
2025-12-23 10:00:00,2025-12-23 13:00:00,long,3132.0,3127.0,-1.5563309973478316,-0.16563761146741504,2,0.3,signal
2025-12-23 13:00:00,2025-12-23 14:00:00,long,3129.0,3123.0,-3.1562999933958054,-0.2017449660208249,1,0.5,signal
2025-12-23 14:00:00,2025-12-23 22:00:00,long,3125.0,3114.0,-1.664037749916315,-0.3549947199821472,3,0.15,signal
2025-12-23 22:00:00,2025-12-24 10:00:00,short,3114.0,3125.0,-8.005710998177529,-0.3672681437828025,3,0.7,signal
2025-12-25 14:00:00,2025-12-25 15:00:00,long,3129.0,3128.0,-1.6256999969482422,-0.051955896355009336,1,1.0,signal
2025-12-25 15:00:00,2025-12-25 22:00:00,long,3130.0,3121.0,-2.7562589961290356,-0.2935313094919101,2,0.3,signal
2025-12-26 22:00:00,2025-12-29 09:00:00,long,3135.0,3129.0,-1.4760806396484374,-0.19618296646045155,2,0.24,signal
2025-12-29 14:00:00,2025-12-29 15:00:00,long,3146.0,3129.0,-17.627499997615814,-0.5603146852389006,1,1.0,signal
2025-12-29 15:00:00,2025-12-29 21:00:00,long,3131.0,3129.0,-0.6563399988412857,-0.06987543903345957,1,0.3,signal
2025-12-29 21:00:00,2025-12-29 23:00:00,long,3131.0,3136.0,2.3433250039815903,0.14968540427860685,2,0.5,signal
2025-12-29 23:00:00,2025-12-30 09:00:00,long,3138.0,3134.0,-1.2564480006694794,-0.1334659019194263,1,0.3,signal
2025-12-30 09:00:00,2025-12-30 10:00:00,long,3136.0,3137.0,0.343175008893013,0.021886161281442156,1,0.5,signal
2025-12-30 10:00:00,2025-12-30 13:00:00,long,3139.0,3142.0,0.8434710019826889,0.08956897122041933,2,0.3,signal
2025-12-30 13:00:00,2025-12-31 09:00:00,long,3144.0,3132.0,-1.8141209989786147,-0.3846736639055587,6,0.15,signal
