entry_time,exit_time,direction,entry_price,exit_price,pnl,pnl_pct,holding_bars,position_size
2023-01-03 22:00:00,2023-01-03 23:00:00,long,4074.0,4066.0,-8.814000010490417,-0.21634757021331413,1,1.0
2023-01-03 23:00:00,2023-01-04 10:00:00,long,4068.0,4052.0,-8.203000009059906,-0.4032940024119915,2,0.5
2023-01-04 10:00:00,2023-01-04 11:00:00,long,4054.0,4032.0,-3.3181934988498685,-0.5456657620210276,1,0.15
2023-01-04 11:00:00,2023-01-04 14:00:00,short,4032.0,4023.0,5.905304985046387,0.20922991018446666,2,0.7
2023-01-05 22:00:00,2023-01-06 10:00:00,long,4030.0,4052.0,5.233447679901123,0.541092605448834,3,0.24
2023-01-06 10:00:00,2023-01-06 14:00:00,long,4054.0,4097.0,33.87833602905274,1.0445959555085327,3,0.8
2023-01-06 14:00:00,2023-01-06 15:00:00,long,4099.0,4104.0,1.4261730015277863,0.1159773116636404,1,0.3
2023-01-06 15:00:00,2023-01-06 21:00:00,long,4106.0,4104.0,-0.3184724995493889,-0.051708475328687914,1,0.15
2023-01-06 21:00:00,2023-01-06 22:00:00,long,4106.0,4124.0,8.794250011444092,0.42836093577418866,1,0.5
2023-01-06 22:00:00,2023-01-09 10:00:00,long,4126.0,4099.0,-8.174024999141693,-0.660367183643698,3,0.3
2023-01-09 10:00:00,2023-01-09 11:00:00,long,4101.0,4092.0,-4.704824984073639,-0.2294476949072733,1,0.5
2023-01-09 11:00:00,2023-01-09 23:00:00,long,4094.0,4106.0,1.781550001502037,0.2901074745973029,6,0.15
2023-01-09 23:00:00,2023-01-10 09:00:00,long,4108.0,4102.0,-1.8738899981975554,-0.15205209332988928,1,0.3
2023-01-10 09:00:00,2023-01-10 10:00:00,long,4104.0,4098.0,-3.205049991607666,-0.15619152005885312,1,0.5
2023-01-10 10:00:00,2023-01-10 13:00:00,long,4100.0,4111.0,1.6315252500772475,0.2652886585491459,2,0.15
2023-01-10 13:00:00,2023-01-10 14:00:00,long,4113.0,4106.0,-3.705475002527237,-0.18018356443118097,1,0.5
2023-01-10 14:00:00,2023-01-10 21:00:00,long,4108.0,4119.0,3.2259570032358167,0.26176217163549315,2,0.3
2023-01-10 21:00:00,2023-01-10 22:00:00,long,4121.0,4108.0,-1.9685152485966682,-0.3184526811609914,1,0.15
2023-01-10 22:00:00,2023-01-10 23:00:00,short,4108.0,4116.0,-6.002975987195969,-0.2087555983862835,1,0.7
2023-01-11 11:00:00,2023-01-11 13:00:00,long,4144.0,4155.0,10.170100033283234,0.2454174718456379,1,1.0
2023-01-11 13:00:00,2023-01-11 14:00:00,long,4157.0,4154.0,-2.931903991699219,-0.08816165479008958,1,0.8
2023-01-11 14:00:00,2023-01-11 15:00:00,long,4156.0,4160.0,1.1251560044288635,0.09024350372384211,1,0.3
2023-01-11 15:00:00,2023-01-11 22:00:00,long,4162.0,4140.0,-11.20754998922348,-0.5385655929468275,2,0.5
2023-01-11 22:00:00,2023-01-11 23:00:00,long,4142.0,4107.0,-10.574240997433662,-0.8509770640136539,1,0.3
2023-01-11 23:00:00,2023-01-12 13:00:00,short,4107.0,4122.0,-10.903220998644828,-0.37925566101933383,4,0.7
2023-01-12 14:00:00,2023-01-12 15:00:00,short,4133.0,4141.0,-6.005425984859466,-0.20757754605300427,1,0.7
2023-01-12 21:00:00,2023-01-12 23:00:00,long,4132.0,4129.0,-2.9287039947509768,-0.08859825734362828,2,0.8
2023-01-12 23:00:00,2023-01-13 09:00:00,long,4131.0,4129.0,-0.674339997768402,-0.05441297488650061,1,0.3
2023-01-13 09:00:00,2023-01-13 11:00:00,long,4131.0,4170.0,9.312186240005492,0.9392586782866833,2,0.24
2023-01-13 11:00:00,2023-01-13 14:00:00,long,4172.0,4177.0,1.4248589980602262,0.11384300080378926,2,0.3
2023-01-13 14:00:00,2023-01-13 21:00:00,long,4179.0,4149.0,-4.518737999349832,-0.7208643215043204,2,0.15
2023-01-13 21:00:00,2023-01-13 22:00:00,long,4151.0,4137.0,-7.207199990749359,-0.347251264309774,1,0.5
2023-01-13 22:00:00,2023-01-13 23:00:00,long,4139.0,4138.0,-0.1686232504248619,-0.027160062885537878,1,0.15
2023-01-16 09:00:00,2023-01-16 10:00:00,short,4119.0,4106.0,8.696975004673003,0.30163267799649723,1,0.7
2023-01-17 10:00:00,2023-01-17 13:00:00,long,4118.0,4116.0,-0.5274278411865234,-0.05336610016862185,2,0.24
2023-01-17 14:00:00,2023-01-17 15:00:00,long,4137.0,4115.0,-22.825199961662292,-0.551733139029787,1,1.0
2023-01-17 15:00:00,2023-01-17 22:00:00,long,4117.0,4156.0,30.67052803039551,0.9312159348553408,2,0.8
2023-01-17 22:00:00,2023-01-17 23:00:00,long,4158.0,4164.0,2.7919500172138214,0.13429293012091492,1,0.5
2023-01-17 23:00:00,2023-01-18 09:00:00,long,4166.0,4155.0,-3.3748889976739886,-0.27003432530596805,1,0.3
2023-01-18 09:00:00,2023-01-18 10:00:00,long,4157.0,4158.0,0.29212501645088196,0.014054607478993598,1,0.5
2023-01-18 10:00:00,2023-01-18 21:00:00,long,4160.0,4165.0,0.7312687504291534,0.1171905048764669,5,0.15
2023-01-18 21:00:00,2023-01-18 23:00:00,short,4165.0,4174.0,-6.708610987663269,-0.2301015602011068,2,0.7
2023-01-18 23:00:00,2023-01-19 10:00:00,long,4174.0,4165.0,-7.733695983886719,-0.23160325778290364,2,0.8
2023-01-19 10:00:00,2023-01-19 14:00:00,long,4167.0,4190.0,5.471863681411743,0.5471425967334356,3,0.24
2023-01-19 14:00:00,2023-01-19 15:00:00,long,4192.0,4192.0,-0.20960000157356262,-0.010000000075074553,1,0.5
2023-01-19 15:00:00,2023-01-19 22:00:00,long,4194.0,4177.0,-2.568834749311209,-0.4083348830569399,2,0.15
2023-01-20 10:00:00,2023-01-20 11:00:00,long,4191.0,4184.0,-1.7282399986267087,-0.17182056774702822,1,0.24
2023-01-30 09:00:00,2023-01-30 10:00:00,long,4231.0,4255.0,23.15140002965927,0.5471850633339463,1,1.0
2023-01-30 10:00:00,2023-01-30 11:00:00,long,4257.0,4246.0,-9.344191970825197,-0.27437726012524066,1,0.8
2023-01-30 11:00:00,2023-01-30 13:00:00,long,4248.0,4214.0,-10.276157999038697,-0.806352636459408,1,0.3
2023-01-30 13:00:00,2023-01-30 21:00:00,long,4216.0,4199.0,-4.1284703990936285,-0.40801612894268147,3,0.24
2023-01-30 21:00:00,2023-01-30 22:00:00,long,4201.0,4203.0,0.2810910004377365,0.04460699840319551,1,0.15
2023-01-30 22:00:00,2023-01-30 23:00:00,long,4205.0,4209.0,1.7896500080823898,0.08512009550926944,1,0.5
2023-01-31 11:00:00,2023-01-31 13:00:00,short,4185.0,4167.0,12.19075202345848,0.4161376352093696,1,0.7
2023-02-02 11:00:00,2023-02-02 14:00:00,long,4128.0,4095.0,-7.967364477539062,-0.8041994183562523,2,0.24
2023-02-02 14:00:00,2023-02-02 15:00:00,long,4097.0,4047.0,-15.073295996189117,-1.2263685620526499,1,0.3
2023-02-02 15:00:00,2023-02-02 21:00:00,long,4049.0,4049.0,-0.5182719802856446,-0.015999999391381966,1,0.8
2023-02-02 21:00:00,2023-02-02 22:00:00,short,4049.0,4049.0,-0.3968019849061965,-0.013999999467459215,1,0.7
2023-02-02 22:00:00,2023-02-02 23:00:00,long,4049.0,4034.0,-4.572747001647949,-0.3764507287106239,1,0.3
2023-02-06 09:00:00,2023-02-06 10:00:00,long,4051.0,4022.0,-29.807299971580505,-0.735801036079499,1,1.0
2023-02-06 10:00:00,2023-02-06 11:00:00,long,4024.0,4005.0,-5.772260996103287,-0.47815283267919867,1,0.3
2023-02-06 11:00:00,2023-02-06 14:00:00,long,4007.0,4020.0,9.886272010803223,0.30840628933127096,2,0.8
2023-02-06 14:00:00,2023-02-06 15:00:00,long,4022.0,4049.0,8.027361005544662,0.6652876682864796,1,0.3
2023-02-06 15:00:00,2023-02-06 22:00:00,short,4049.0,4043.0,3.803492005467415,0.1341951100965817,2,0.7
2023-02-08 11:00:00,2023-02-08 13:00:00,long,4040.0,4031.0,-9.80709993839264,-0.24274999847506532,1,1.0
2023-02-08 13:00:00,2023-02-08 14:00:00,long,4033.0,4042.0,2.1134879997253417,0.2183535829123628,1,0.24
2023-02-08 14:00:00,2023-02-08 15:00:00,long,4044.0,4054.0,2.9271180027723314,0.24127250270131317,1,0.3
2023-02-08 15:00:00,2023-02-08 22:00:00,long,4056.0,4061.0,3.4805120086669925,0.10726430006986538,2,0.8
2023-02-08 22:00:00,2023-02-08 23:00:00,long,4063.0,4053.0,-5.202899992465973,-0.2561112474755586,1,0.5
2023-02-08 23:00:00,2023-02-09 11:00:00,long,4055.0,4082.0,4.031691750884056,0.6628346487273418,3,0.15
2023-02-09 11:00:00,2023-02-09 13:00:00,long,4084.0,4084.0,-0.20419999957084656,-0.009999999978983671,1,0.5
2023-02-09 13:00:00,2023-02-09 21:00:00,long,4086.0,4084.0,-0.31838250070810314,-0.05194689194127968,3,0.15
2023-02-09 21:00:00,2023-02-09 23:00:00,long,4086.0,4074.0,-6.203999996185303,-0.3036710717662899,2,0.5
2023-02-09 23:00:00,2023-02-10 11:00:00,short,4074.0,4031.0,29.70285501658916,1.0415476196293274,3,0.7
2023-02-13 09:00:00,2023-02-13 10:00:00,long,4061.0,4034.0,-27.809499979019165,-0.6847943851026635,1,1.0
2023-02-13 11:00:00,2023-02-13 14:00:00,long,4033.0,4005.0,-22.91443199157715,-0.7102167118639087,2,0.8
2023-02-13 14:00:00,2023-02-13 21:00:00,long,4007.0,3991.0,-4.8719819980859755,-0.40528924366408586,2,0.3
2023-02-14 15:00:00,2023-02-14 21:00:00,long,4028.0,4035.0,6.193700015544891,0.15376613742663583,1,1.0
2023-02-14 21:00:00,2023-02-14 23:00:00,long,4037.0,4051.0,10.68236801147461,0.3307644293867541,2,0.8
2023-02-14 23:00:00,2023-02-15 09:00:00,long,4053.0,4064.0,3.2269470012187953,0.26539575633019125,1,0.3
2023-02-15 09:00:00,2023-02-15 11:00:00,long,4066.0,4069.0,0.43169625028967856,0.07078148061808143,2,0.15
2023-02-15 11:00:00,2023-02-15 13:00:00,long,4071.0,4064.0,-2.1732149988412854,-0.17794276581030752,1,0.3
2023-02-15 13:00:00,2023-02-15 23:00:00,long,4066.0,4067.0,0.13170074969530104,0.021593826806902944,5,0.15
2023-02-16 10:00:00,2023-02-16 11:00:00,long,4086.0,4105.0,5.626280997991562,0.4589884971440335,1,0.3
2023-02-16 11:00:00,2023-02-16 13:00:00,long,4107.0,4114.0,1.632647040939331,0.16563662049948574,1,0.24
2023-02-16 13:00:00,2023-02-16 22:00:00,long,4116.0,4159.0,33.870400009155276,1.0286200197143853,4,0.8
2023-02-16 22:00:00,2023-02-16 23:00:00,long,4161.0,4159.0,-1.2080000042915344,-0.05806296583953542,1,0.5
2023-02-16 23:00:00,2023-02-17 09:00:00,long,4161.0,4156.0,-1.5748529970645904,-0.12615981711644558,1,0.3
2023-02-17 09:00:00,2023-02-17 11:00:00,long,4158.0,4171.0,6.291775017976761,0.3026346809993632,2,0.5
2023-02-17 11:00:00,2023-02-17 13:00:00,long,4173.0,4147.0,-7.874880001544952,-0.6290342680361812,1,0.3
2023-02-17 13:00:00,2023-02-17 22:00:00,long,4149.0,4153.0,0.5813205009698867,0.09340732722260574,4,0.15
2023-02-17 22:00:00,2023-02-17 23:00:00,short,4153.0,4171.0,-13.007875982522965,-0.44745196183560815,1,0.7
2023-02-20 11:00:00,2023-02-20 14:00:00,short,4174.0,4189.0,-10.909787007570266,-0.3733926691618272,2,0.7
2023-02-20 15:00:00,2023-02-20 21:00:00,long,4185.0,4194.0,6.663744049072266,0.19903656060550373,1,0.8
2023-02-20 22:00:00,2023-02-20 23:00:00,long,4231.0,4235.0,3.1534000039100647,0.07453084386457255,1,1.0
2023-02-20 23:00:00,2023-02-21 09:00:00,long,4237.0,4240.0,1.8574720001220706,0.054799150345824596,1,0.8
2023-02-21 09:00:00,2023-02-21 11:00:00,long,4242.0,4229.0,-3.9762390017509457,-0.31245002371137404,2,0.3
2023-02-21 11:00:00,2023-02-21 22:00:00,long,4231.0,4235.0,0.5809515000879765,0.09153887971133326,5,0.15
2023-02-21 22:00:00,2023-02-22 09:00:00,short,4235.0,4243.0,-6.015422008037567,-0.20291523049544838,2,0.7
2023-02-22 10:00:00,2023-02-22 11:00:00,short,4238.0,4268.0,-21.416794002056122,-0.7219306277238631,1,0.7
2023-02-22 22:00:00,2023-02-23 10:00:00,long,4265.0,4286.0,4.990746241378784,0.4875680188920266,3,0.24
2023-02-23 11:00:00,2023-02-23 13:00:00,long,4273.0,4283.0,9.144400000572205,0.21400421251046584,1,1.0
2023-02-23 13:00:00,2023-02-23 14:00:00,long,4285.0,4247.0,-30.946047973632815,-0.9027435231514823,1,0.8
2023-02-23 14:00:00,2023-02-23 15:00:00,long,4249.0,4226.0,-6.976274996995926,-0.5472875968459971,1,0.3
2023-02-24 09:00:00,2023-02-24 11:00:00,short,4231.0,4211.0,13.586341992616653,0.45873457786462685,2,0.7
2023-02-27 10:00:00,2023-02-27 13:00:00,long,4239.0,4182.0,-13.728504957962036,-1.3494244867069707,2,0.24
2023-02-27 14:00:00,2023-02-27 15:00:00,long,4188.0,4192.0,2.6636800003051757,0.07950334289354034,1,0.8
2023-02-27 23:00:00,2023-02-28 10:00:00,long,4176.0,4162.0,-11.733631973266602,-0.35122222142201276,2,0.8
2023-02-28 10:00:00,2023-02-28 11:00:00,long,4164.0,4163.0,-0.3749430012702942,-0.030014649477288997,1,0.3
2023-02-28 11:00:00,2023-02-28 14:00:00,short,4163.0,4166.0,-2.5081209939718248,-0.08606846003815329,2,0.7
2023-03-01 10:00:00,2023-03-01 11:00:00,long,4212.0,4214.0,1.1574000120162964,0.027478632763919666,1,1.0
2023-03-01 11:00:00,2023-03-01 14:00:00,long,4216.0,4192.0,-19.738111991882324,-0.5852144210116913,2,0.8
2023-03-01 14:00:00,2023-03-01 23:00:00,long,4194.0,4215.0,3.131079751253128,0.49770779705184043,4,0.15
2023-03-01 23:00:00,2023-03-02 10:00:00,short,4215.0,4228.0,-9.513706986308097,-0.3224438904019013,2,0.7
2023-03-02 11:00:00,2023-03-02 13:00:00,long,4224.0,4216.0,-8.843999981880188,-0.20937499957102718,1,1.0
2023-03-02 14:00:00,2023-03-02 15:00:00,long,4228.0,4224.0,-4.845199942588806,-0.11459791727977309,1,1.0
2023-03-02 15:00:00,2023-03-02 23:00:00,long,4226.0,4227.0,0.2590080261230469,0.007661146063743696,3,0.8
2023-03-02 23:00:00,2023-03-03 11:00:00,long,4229.0,4264.0,5.230890750735997,0.8246064082503347,3,0.15
2023-03-03 11:00:00,2023-03-03 13:00:00,long,4266.0,4262.0,-2.2132000029087067,-0.10375996263050663,1,0.5
2023-03-03 13:00:00,2023-03-03 14:00:00,long,4264.0,4265.0,0.22323900282382966,0.017451454254520767,1,0.3
2023-03-03 14:00:00,2023-03-03 21:00:00,long,4267.0,4259.0,-1.2191834995150566,-0.19048254035076267,2,0.15
2023-03-03 21:00:00,2023-03-03 22:00:00,long,4261.0,4245.0,-8.212650001049042,-0.38547993433696515,1,0.5
2023-03-03 22:00:00,2023-03-03 23:00:00,long,4247.0,4247.0,-0.019111499637365338,-0.00299999994307595,1,0.15
2023-03-03 23:00:00,2023-03-06 10:00:00,short,4247.0,4193.0,37.38644000887871,1.2575747589518218,2,0.7
2023-03-06 23:00:00,2023-03-07 10:00:00,long,4210.0,4245.0,8.351299200439453,0.8265339667893362,2,0.24
2023-03-07 10:00:00,2023-03-07 11:00:00,long,4247.0,4244.0,-2.94342399597168,-0.08663244631421238,1,0.8
2023-03-07 11:00:00,2023-03-07 15:00:00,long,4246.0,4244.0,-0.6764099979400634,-0.053101742655052867,3,0.3
2023-03-07 15:00:00,2023-03-07 22:00:00,long,4246.0,4255.0,1.3308727517724037,0.2089610224167693,2,0.15
2023-03-07 22:00:00,2023-03-07 23:00:00,long,4257.0,4253.0,-2.2127499878406525,-0.10395818594506237,1,0.5
2023-03-07 23:00:00,2023-03-08 10:00:00,long,4255.0,4259.0,0.5808435009419918,0.09100564057062152,2,0.15
2023-03-08 10:00:00,2023-03-08 14:00:00,short,4259.0,4253.0,3.7829120075702662,0.12688800213230023,3,0.7
2023-03-09 15:00:00,2023-03-09 22:00:00,long,4317.0,4337.0,4.750152962493896,0.4584735698492294,2,0.24
2023-03-09 22:00:00,2023-03-10 10:00:00,long,4339.0,4322.0,-14.154303970336915,-0.40776400006732294,3,0.8
2023-03-10 10:00:00,2023-03-10 11:00:00,long,4324.0,4326.0,0.522149999141693,0.040252081339939336,1,0.3
2023-03-10 11:00:00,2023-03-10 13:00:00,long,4328.0,4312.0,-2.419439999163151,-0.3726802216825556,1,0.15
2023-03-10 13:00:00,2023-03-10 15:00:00,short,4312.0,4310.0,0.9775219893455505,0.0323854356395955,2,0.7
2023-03-10 22:00:00,2023-03-10 23:00:00,long,4350.0,4345.0,-5.869499981403351,-0.13493103405524945,1,1.0
2023-03-10 23:00:00,2023-03-13 11:00:00,long,4347.0,4374.0,21.04185600280762,0.6050683230621008,3,0.8
2023-03-13 11:00:00,2023-03-13 13:00:00,long,4376.0,4369.0,-2.178704997897148,-0.16595863786541348,1,0.3
2023-03-13 13:00:00,2023-03-13 14:00:00,long,4371.0,4358.0,-10.958656005859375,-0.31339098621194733,1,0.8
2023-03-13 14:00:00,2023-03-13 22:00:00,long,4360.0,4368.0,1.1803620001673698,0.18048348626412383,3,0.15
2023-03-13 22:00:00,2023-03-14 10:00:00,short,4368.0,4375.0,-5.328407001495361,-0.17426762825403458,3,0.7
2023-03-14 15:00:00,2023-03-14 21:00:00,long,4372.0,4378.0,1.3896,0.13243366880146387,1,0.24
2023-03-14 21:00:00,2023-03-14 22:00:00,short,4378.0,4380.0,-1.8291420066356658,-0.059686158279568816,1,0.7
2023-03-15 09:00:00,2023-03-15 10:00:00,long,4376.0,4371.0,-5.874699950218201,-0.13424817070882542,1,1.0
2023-03-15 10:00:00,2023-03-15 11:00:00,long,4373.0,4361.0,-3.6786059975624084,-0.2804029268665606,1,0.3
2023-03-15 11:00:00,2023-03-15 13:00:00,long,4363.0,4357.0,-1.490227198791504,-0.1423167544112904,1,0.24
2023-03-15 13:00:00,2023-03-15 15:00:00,short,4357.0,4332.0,17.074238999485967,0.5598294698018286,2,0.7
2023-03-17 13:00:00,2023-03-17 14:00:00,long,4280.0,4266.0,-14.854599952697754,-0.34707009235275127,1,1.0
2023-03-17 14:00:00,2023-03-17 21:00:00,long,4268.0,4265.0,-0.9767969977855682,-0.0762884253190853,2,0.3
2023-03-17 21:00:00,2023-03-17 23:00:00,long,4267.0,4255.0,-2.92908671836853,-0.2860212794282215,2,0.24
2023-03-17 23:00:00,2023-03-20 09:00:00,long,4257.0,4263.0,0.8808300000429153,0.1379422128326545,1,0.15
2023-03-20 09:00:00,2023-03-20 10:00:00,short,4263.0,4218.0,31.0844310259819,1.0416685441500586,1,0.7
2023-03-20 14:00:00,2023-03-20 15:00:00,short,4215.0,4201.0,9.38761599957943,0.31817034399523575,1,0.7
2023-03-21 10:00:00,2023-03-21 11:00:00,long,4213.0,4176.0,-8.928320638275148,-0.8830129597154787,1,0.24
2023-03-21 11:00:00,2023-03-21 13:00:00,short,4176.0,4184.0,-6.009639983177185,-0.20558429061224634,1,0.7
2023-03-21 21:00:00,2023-03-21 22:00:00,long,4162.0,4171.0,2.625003000497818,0.21023570402833722,1,0.3
2023-03-21 22:00:00,2023-03-21 23:00:00,short,4171.0,4185.0,-10.209443979859351,-0.34967441791483206,1,0.7
2023-03-22 14:00:00,2023-03-22 21:00:00,long,4131.0,4158.0,21.069504013061525,0.6375424840553595,2,0.8
2023-03-22 23:00:00,2023-03-23 09:00:00,long,4177.0,4169.0,-1.9680729583740235,-0.1963204211928441,1,0.24
2023-03-23 09:00:00,2023-03-23 10:00:00,long,4171.0,4168.0,-2.933695983886719,-0.08791944329557418,1,0.8
2023-03-23 10:00:00,2023-03-23 13:00:00,long,4170.0,4128.0,-12.674682000875473,-1.0131640288469603,2,0.3
2023-03-23 13:00:00,2023-03-23 14:00:00,short,4128.0,4087.0,28.297465027570723,0.9792865804115006,1,0.7
2023-03-23 14:00:00,2023-03-23 15:00:00,long,4087.0,4071.0,-13.322111968994143,-0.40745387720192505,1,0.8
2023-03-23 23:00:00,2023-03-24 09:00:00,short,4083.0,4081.0,0.9999640333652495,0.034987020515910905,1,0.7
2023-03-24 13:00:00,2023-03-24 14:00:00,long,4101.0,4097.0,-1.0072204776763916,-0.10233484492363565,1,0.24
2023-03-24 15:00:00,2023-03-24 21:00:00,long,4107.0,4079.0,-28.818599939346313,-0.7016946661637768,1,1.0
2023-03-24 21:00:00,2023-03-24 22:00:00,long,4081.0,4121.0,11.926182003021239,0.9741225192372164,1,0.3
2023-03-24 22:00:00,2023-03-24 23:00:00,short,4121.0,4091.0,20.597611993551254,0.7140296042413857,1,0.7
2023-03-27 15:00:00,2023-03-27 21:00:00,long,4106.0,4109.0,2.1785000562667847,0.05305650404936154,1,1.0
2023-03-27 21:00:00,2023-03-27 23:00:00,long,4111.0,4104.0,-6.125760002136231,-0.186261250369017,2,0.8
2023-03-27 23:00:00,2023-03-28 11:00:00,long,4106.0,4134.0,6.672537599945068,0.677112518260378,3,0.24
2023-03-28 11:00:00,2023-03-28 13:00:00,long,4136.0,4139.0,1.2931250035762787,0.0625302226100715,1,0.5
2023-03-28 13:00:00,2023-03-28 14:00:00,long,4141.0,4124.0,-5.174384994506835,-0.41651654145591527,1,0.3
2023-03-28 14:00:00,2023-03-28 21:00:00,long,4126.0,4140.0,2.0814015009999274,0.33630659250281586,2,0.15
2023-03-28 21:00:00,2023-03-28 23:00:00,long,4142.0,4155.0,6.292575001716614,0.3038423467753073,2,0.5
2023-03-28 23:00:00,2023-03-29 09:00:00,long,4157.0,4159.0,0.5251560044288635,0.04211017596254218,1,0.3
2023-03-29 09:00:00,2023-03-29 13:00:00,long,4161.0,4128.0,-4.968650249540806,-0.79606669062578,3,0.15
2023-03-29 22:00:00,2023-03-29 23:00:00,long,4158.0,4155.0,-0.9748169964551926,-0.07814790736373198,1,0.3
2023-03-29 23:00:00,2023-03-30 09:00:00,long,4157.0,4154.0,-0.7678713592529297,-0.07696569634080364,1,0.24
2023-03-30 09:00:00,2023-03-30 10:00:00,short,4154.0,4134.0,13.593888018131256,0.4674973525734664,1,0.7
2023-03-30 10:00:00,2023-03-30 11:00:00,long,4134.0,4127.0,-2.174348999261856,-0.17532244793274118,1,0.3
2023-03-30 14:00:00,2023-03-30 15:00:00,long,4165.0,4165.0,-0.8330000042915344,-0.02000000010303804,1,1.0
2023-03-31 09:00:00,2023-03-31 10:00:00,long,4165.0,4189.0,23.164600014686584,0.5561728695002781,1,1.0
2023-03-31 10:00:00,2023-03-31 13:00:00,long,4191.0,4179.0,-10.135680007934571,-0.3023049393919879,2,0.8
2023-03-31 13:00:00,2023-03-31 14:00:00,long,4181.0,4180.0,-0.28815935897827144,-0.02871714890559191,1,0.24
2023-03-31 14:00:00,2023-03-31 15:00:00,long,4182.0,4161.0,-3.1687717495858667,-0.5051445479971093,1,0.15
2023-03-31 23:00:00,2023-04-03 10:00:00,long,4119.0,4094.0,-20.525631980895998,-0.6228948768176741,2,0.8
2023-04-03 10:00:00,2023-04-03 11:00:00,long,4096.0,4058.0,-11.473386000394822,-0.9337065430008806,1,0.3
2023-04-03 11:00:00,2023-04-03 13:00:00,long,4060.0,4062.0,1.0801920318603515,0.03325714383806501,1,0.8
2023-04-06 23:00:00,2023-04-07 10:00:00,long,3980.0,3985.0,1.1541216018676757,0.1208251258236679,2,0.24
2023-04-07 10:00:00,2023-04-07 13:00:00,long,3987.0,3991.0,2.6894080352783205,0.08431803471527215,2,0.8
2023-04-07 13:00:00,2023-04-07 14:00:00,long,3993.0,3996.0,0.828098999261856,0.06912922608413524,1,0.3
2023-04-07 14:00:00,2023-04-07 15:00:00,long,3998.0,3986.0,-10.11097599029541,-0.31612606272809557,1,0.8
2023-04-07 15:00:00,2023-04-07 23:00:00,long,3988.0,3999.0,1.632029250562191,0.27282334512908574,3,0.15
2023-04-07 23:00:00,2023-04-10 09:00:00,long,4001.0,3989.0,-3.671910002231598,-0.30591602118067135,1,0.3
2023-04-10 09:00:00,2023-04-10 10:00:00,long,3991.0,3941.0,-7.517846999019383,-1.2558000499489492,1,0.15
2023-04-10 10:00:00,2023-04-10 11:00:00,short,3941.0,3923.0,12.214664019346237,0.4427688410971196,1,0.7
2023-04-11 13:00:00,2023-04-11 14:00:00,long,3906.0,3897.0,-2.2049452812194823,-0.23520921671994818,1,0.24
2023-04-11 21:00:00,2023-04-11 22:00:00,long,3941.0,3919.0,-22.78600001335144,-0.5781781277176209,1,1.0
2023-04-11 22:00:00,2023-04-11 23:00:00,long,3921.0,3906.0,-4.570442994832993,-0.3885439934398532,1,0.3
2023-04-11 23:00:00,2023-04-12 09:00:00,long,3908.0,3905.0,-2.900031967163086,-0.09275946670813351,1,0.8
2023-04-12 10:00:00,2023-04-12 11:00:00,long,3925.0,3910.0,-15.783499956130981,-0.4021273874173498,1,1.0
2023-04-12 11:00:00,2023-04-12 13:00:00,long,3912.0,3905.0,-2.1703529959917067,-0.18493123687727564,1,0.3
2023-04-12 14:00:00,2023-04-12 15:00:00,short,3906.0,3903.0,1.7173589992523193,0.06281029183133345,1,0.7
2023-04-12 23:00:00,2023-04-13 11:00:00,long,3873.0,3881.0,5.903744010925293,0.1905416992939999,3,0.8
2023-04-13 11:00:00,2023-04-13 14:00:00,short,3881.0,3882.0,-1.0803869771957395,-0.03976835783103544,2,0.7
2023-04-13 22:00:00,2023-04-13 23:00:00,long,3917.0,3920.0,0.6748588806152344,0.07178738837282299,1,0.24
2023-04-13 23:00:00,2023-04-14 09:00:00,long,3922.0,3926.0,2.6977280044555663,0.08598062227357108,1,0.8
2023-04-14 09:00:00,2023-04-14 10:00:00,long,3928.0,3938.0,2.929206000566482,0.24857484729858131,1,0.3
2023-04-14 10:00:00,2023-04-14 13:00:00,long,3940.0,3915.0,-20.50271999359131,-0.6504670048728207,2,0.8
2023-04-14 13:00:00,2023-04-14 15:00:00,long,3917.0,3898.0,-5.770334998369217,-0.49105054875067794,2,0.3
2023-04-14 15:00:00,2023-04-14 22:00:00,short,3898.0,3918.0,-14.382983999252318,-0.5271195484590016,2,0.7
2023-04-17 09:00:00,2023-04-17 11:00:00,long,3891.0,3893.0,1.1018240356445312,0.03539655730032547,2,0.8
2023-04-17 11:00:00,2023-04-17 13:00:00,long,3895.0,3912.0,5.029737002849578,0.43044390268289073,1,0.3
2023-04-17 13:00:00,2023-04-17 14:00:00,short,3912.0,3919.0,-5.283719004392624,-0.192949131039754,1,0.7
2023-04-17 22:00:00,2023-04-17 23:00:00,long,3948.0,3958.0,9.209400057792664,0.23326747866749403,1,1.0
2023-04-17 23:00:00,2023-04-18 11:00:00,long,3960.0,3943.0,-14.10579200744629,-0.44525858609363284,3,0.8
2023-04-18 11:00:00,2023-04-18 13:00:00,long,3945.0,3943.0,-0.525434880065918,-0.0554958681945414,1,0.24
2023-04-18 13:00:00,2023-04-18 15:00:00,long,3945.0,3945.0,-0.017752499431371686,-0.0029999999039073406,2,0.15
2023-04-18 15:00:00,2023-04-18 22:00:00,short,3945.0,3936.0,5.913830997943878,0.2141528516365699,2,0.7
2023-04-24 23:00:00,2023-04-25 10:00:00,long,3724.0,3731.0,1.6370592018127441,0.18316541373665685,2,0.24
2023-04-25 10:00:00,2023-04-25 13:00:00,long,3733.0,3713.0,-16.476543960571288,-0.5517192593279966,2,0.8
2023-04-25 13:00:00,2023-04-25 14:00:00,long,3715.0,3699.0,-4.86672600030899,-0.4366734858958268,1,0.3
2023-04-25 14:00:00,2023-04-25 15:00:00,long,3701.0,3685.0,-3.882543360900879,-0.4371052149082319,1,0.24
2023-04-25 15:00:00,2023-04-25 22:00:00,short,3685.0,3673.0,8.039457986354828,0.31166729933532966,2,0.7
2023-04-26 10:00:00,2023-04-26 11:00:00,short,3724.0,3729.0,-3.8651969683170315,-0.14827362928943655,1,0.7
2023-04-26 11:00:00,2023-04-26 13:00:00,long,3729.0,3719.0,-2.442900478363037,-0.2729619735365868,1,0.24
2023-04-26 15:00:00,2023-04-26 21:00:00,long,3715.0,3743.0,27.254199981689453,0.7336258406915062,1,1.0
2023-04-26 21:00:00,2023-04-26 23:00:00,long,3745.0,3746.0,0.32057601928710944,0.010700134155110461,2,0.8
2023-04-26 23:00:00,2023-04-27 11:00:00,long,3748.0,3708.0,-6.01677599966526,-1.0702198505274385,3,0.15
2023-04-27 11:00:00,2023-04-27 13:00:00,short,3708.0,3736.0,-19.964755982756614,-0.7691769141145252,1,0.7
2023-04-27 15:00:00,2023-04-27 21:00:00,long,3695.0,3690.0,-4.472639999389648,-0.1513071718332087,1,0.8
2023-04-27 21:00:00,2023-04-27 22:00:00,long,3692.0,3677.0,-4.566320997476578,-0.41227166824454475,1,0.3
2023-04-27 22:00:00,2023-04-27 23:00:00,long,3679.0,3688.0,6.728512039184571,0.2286121241908321,1,0.8
2023-04-27 23:00:00,2023-04-28 11:00:00,short,3688.0,3695.0,-5.261766983270644,-0.20381805792030697,3,0.7
2023-05-05 15:00:00,2023-05-05 21:00:00,long,3622.0,3610.0,-2.9216563179016113,-0.3361007175940562,1,0.24
2023-05-05 21:00:00,2023-05-08 10:00:00,long,3612.0,3668.0,44.33408000946045,1.5342635662188695,4,0.8
2023-05-08 10:00:00,2023-05-08 13:00:00,long,3670.0,3694.0,7.133723999261855,0.6479313350828207,2,0.3
2023-05-08 13:00:00,2023-05-08 14:00:00,long,3696.0,3704.0,3.814999997615814,0.20643939381037954,1,0.5
2023-05-08 14:00:00,2023-05-09 10:00:00,long,3706.0,3716.0,1.4833004996180534,0.2668286561644277,6,0.15
2023-05-09 10:00:00,2023-05-09 13:00:00,short,3716.0,3722.0,-4.564461992383003,-0.1754752419030833,2,0.7
2023-05-10 13:00:00,2023-05-10 14:00:00,long,3691.0,3692.0,0.2617000341415405,0.007090220377717164,1,1.0
2023-05-10 14:00:00,2023-05-10 21:00:00,long,3694.0,3691.0,-0.9664649999141693,-0.08721034108592036,2,0.3
2023-05-10 21:00:00,2023-05-10 22:00:00,long,3693.0,3662.0,-25.270719985961918,-0.8553587864189656,1,0.8
2023-05-12 14:00:00,2023-05-12 15:00:00,long,3628.0,3582.0,-46.72099995613098,-1.2877894144468298,1,1.0
2023-05-12 15:00:00,2023-05-12 21:00:00,long,3584.0,3586.0,0.5354699993133545,0.04980189725756646,1,0.3
2023-05-12 22:00:00,2023-05-12 23:00:00,long,3668.0,3671.0,2.26610004901886,0.061780263059401846,1,1.0
2023-05-12 23:00:00,2023-05-15 09:00:00,long,3673.0,3659.0,-11.669247970581054,-0.3971293210788543,1,0.8
2023-05-15 09:00:00,2023-05-15 10:00:00,long,3661.0,3637.0,-12.182449996471405,-0.6655258124267361,1,0.5
2023-05-15 10:00:00,2023-05-15 14:00:00,long,3639.0,3658.0,2.8335817506909367,0.5191136302447443,3,0.15
2023-05-15 14:00:00,2023-05-15 15:00:00,long,3660.0,3671.0,5.316725000739098,0.29053142080541516,1,0.5
2023-05-15 15:00:00,2023-05-15 21:00:00,long,3673.0,3679.0,1.7338320010900496,0.15734930584354748,1,0.3
2023-05-15 21:00:00,2023-05-15 22:00:00,short,3679.0,3669.0,6.6399480092525485,0.2578320199298159,1,0.7
2023-05-15 23:00:00,2023-05-16 09:00:00,long,3674.0,3673.0,-1.7346999645233154,-0.04721556789666074,1,1.0
2023-05-16 09:00:00,2023-05-16 11:00:00,long,3675.0,3653.0,-18.06899200439453,-0.6145915647753242,2,0.8
2023-05-16 11:00:00,2023-05-16 14:00:00,long,3655.0,3641.0,-3.4020249572753904,-0.3878277425074545,2,0.24
2023-05-16 22:00:00,2023-05-17 09:00:00,short,3651.0,3651.0,-0.3577979964017868,-0.01399999985920831,2,0.7
2023-05-17 10:00:00,2023-05-17 11:00:00,long,3679.0,3691.0,11.263000011444092,0.306142973945205,1,1.0
2023-05-17 11:00:00,2023-05-17 14:00:00,long,3693.0,3674.0,-15.67148796081543,-0.5304457067700863,2,0.8
2023-05-17 14:00:00,2023-05-17 21:00:00,long,3676.0,3717.0,12.233462998867035,1.1093093034881243,2,0.3
2023-05-17 21:00:00,2023-05-17 22:00:00,long,3719.0,3709.0,-1.5167129999399185,-0.2718854530680144,1,0.15
2023-05-17 22:00:00,2023-05-17 23:00:00,long,3711.0,3709.0,-1.1854999959468842,-0.06389113424666581,1,0.5
2023-05-17 23:00:00,2023-05-18 13:00:00,long,3711.0,3677.0,-5.116622998416424,-0.9191813524506286,4,0.15
2023-05-18 21:00:00,2023-05-18 23:00:00,short,3683.0,3649.0,23.440732022523882,0.9092250891169421,2,0.7
2023-05-19 23:00:00,2023-05-22 09:00:00,long,3633.0,3629.0,-3.664767990112305,-0.12609303571814975,1,0.8
2023-05-22 09:00:00,2023-05-22 11:00:00,long,3631.0,3602.0,-8.765096998214721,-0.8046540896185369,2,0.3
2023-05-22 11:00:00,2023-05-22 14:00:00,short,3602.0,3569.0,22.74862101733684,0.9022218218980267,2,0.7
2023-05-22 14:00:00,2023-05-22 15:00:00,long,3569.0,3562.0,-6.056383972167969,-0.21211767904763126,1,0.8
2023-05-23 11:00:00,2023-05-23 13:00:00,long,3600.0,3583.0,-17.718299984931946,-0.49217499958144295,1,1.0
2023-05-23 13:00:00,2023-05-23 14:00:00,long,3585.0,3588.0,1.9409280014038086,0.06767531385647868,1,0.8
2023-05-23 14:00:00,2023-05-23 15:00:00,long,3590.0,3587.0,-0.9645930004119873,-0.08956295268449278,1,0.3
2023-05-23 15:00:00,2023-05-23 21:00:00,long,3589.0,3589.0,-0.04134527778625488,-0.0047999997429942045,1,0.24
2023-05-23 21:00:00,2023-05-23 22:00:00,short,3589.0,3535.0,37.450924019813534,1.490702703491364,1,0.7
2023-05-25 23:00:00,2023-05-26 10:00:00,long,3423.0,3420.0,-2.8379519653320315,-0.10363540627125443,2,0.8
2023-05-26 10:00:00,2023-05-26 11:00:00,long,3422.0,3420.0,-0.6615779936313629,-0.06444359961341935,1,0.3
2023-05-26 11:00:00,2023-05-26 13:00:00,short,3420.0,3477.0,-40.23795300364494,-1.6807833334855866,1,0.7
2023-05-26 13:00:00,2023-05-26 15:00:00,long,3477.0,3495.0,4.27984127998352,0.5128752372715368,2,0.24
2023-05-26 15:00:00,2023-05-26 23:00:00,long,3497.0,3482.0,-12.44665599822998,-0.4449047754586067,3,0.8
2023-05-26 23:00:00,2023-05-29 09:00:00,long,3484.0,3480.0,-1.2626759988069536,-0.12080711814073417,1,0.3
2023-05-29 09:00:00,2023-05-29 10:00:00,long,3482.0,3475.0,-3.673924997448921,-0.2110238367288295,1,0.5
2023-05-29 10:00:00,2023-05-29 22:00:00,long,3477.0,3509.0,4.784281500130891,0.9173198159583725,6,0.15
2023-05-29 22:00:00,2023-05-30 09:00:00,long,3511.0,3505.0,-3.175399988889694,-0.18088293870063768,2,0.5
2023-05-30 09:00:00,2023-05-30 10:00:00,long,3507.0,3493.0,-4.262999998927117,-0.4051896206565076,1,0.3
2023-05-30 10:00:00,2023-05-30 11:00:00,long,3495.0,3476.0,-2.8656847496330737,-0.5466256079414543,1,0.15
2023-05-30 11:00:00,2023-05-30 14:00:00,short,3476.0,3450.0,17.860625994205474,0.7340385498193932,2,0.7
2023-05-30 21:00:00,2023-05-30 23:00:00,short,3459.0,3435.0,16.46219402074814,0.6798907207181324,2,0.7
2023-05-31 11:00:00,2023-05-31 13:00:00,long,3438.0,3444.0,1.4003596801757812,0.16971588134765625,1,0.24
2023-05-31 15:00:00,2023-05-31 21:00:00,long,3461.0,3454.0,-7.691500008106232,-0.22223345877221126,1,1.0
2023-05-31 21:00:00,2023-05-31 23:00:00,long,3456.0,3506.0,39.554431991577154,1.4306435182138726,2,0.8
2023-05-31 23:00:00,2023-06-01 09:00:00,long,3508.0,3509.0,0.2368470025062561,0.022505416429708866,1,0.3
2023-06-01 09:00:00,2023-06-01 10:00:00,long,3511.0,3511.0,-0.4494079971313477,-0.015999999897869113,1,0.8
2023-06-01 10:00:00,2023-06-01 22:00:00,long,3513.0,3520.0,1.034175750017166,0.19625690293522463,6,0.15
2023-06-01 22:00:00,2023-06-01 23:00:00,short,3520.0,3516.0,2.4552360051870346,0.09964431839233096,1,0.7
2023-06-02 14:00:00,2023-06-02 15:00:00,long,3598.0,3598.0,-0.7195999622344971,-0.019999998950375127,1,1.0
2023-06-02 15:00:00,2023-06-02 22:00:00,long,3600.0,3623.0,17.93772804260254,0.6228377792570325,2,0.8
2023-06-02 22:00:00,2023-06-05 10:00:00,long,3625.0,3652.0,13.318075001239777,0.7347903448959876,3,0.5
2023-06-05 10:00:00,2023-06-05 11:00:00,long,3654.0,3638.0,-4.865628000497818,-0.44386316370168016,1,0.3
2023-06-05 11:00:00,2023-06-05 13:00:00,long,3640.0,3631.0,-4.681775003671646,-0.2572403848171234,1,0.5
2023-06-05 13:00:00,2023-06-06 10:00:00,long,3633.0,3632.0,-0.1663462494313717,-0.0305250480652118,7,0.15
2023-06-06 10:00:00,2023-06-06 13:00:00,short,3632.0,3681.0,-34.65833699822426,-1.3632133809874236,2,0.7
2023-06-06 13:00:00,2023-06-06 14:00:00,long,3681.0,3661.0,-16.469888000488282,-0.5592871502474968,1,0.8
2023-06-06 14:00:00,2023-06-06 15:00:00,long,3663.0,3641.0,-6.665735996961593,-0.6065825823060872,1,0.3
2023-06-06 15:00:00,2023-06-06 22:00:00,short,3641.0,3637.0,2.4433779942989347,0.09586761856236257,2,0.7
2023-06-07 13:00:00,2023-06-07 14:00:00,long,3648.0,3623.0,-25.72709995508194,-0.7052384856107987,1,1.0
2023-06-07 14:00:00,2023-06-07 15:00:00,long,3625.0,3622.0,-0.9652229976654052,-0.08875613771635911,1,0.3
2023-06-07 15:00:00,2023-06-07 21:00:00,long,3624.0,3629.0,3.5358080291748046,0.12195805840144883,1,0.8
2023-06-07 21:00:00,2023-06-07 22:00:00,short,3629.0,3657.0,-19.957013983130455,-0.7856164225930188,1,0.7
2023-06-07 22:00:00,2023-06-07 23:00:00,long,3657.0,3660.0,0.6778540832519532,0.07723248601448741,1,0.24
2023-06-08 13:00:00,2023-06-08 14:00:00,long,3632.0,3635.0,2.273300051689148,0.06259086045399637,1,1.0
2023-06-08 14:00:00,2023-06-08 15:00:00,long,3637.0,3653.0,4.73439000248909,0.43390981601036477,1,0.3
2023-06-08 15:00:00,2023-06-08 21:00:00,short,3653.0,3660.0,-5.258336998224258,-0.2056367368591083,1,0.7
2023-06-08 21:00:00,2023-06-08 22:00:00,long,3660.0,3681.0,16.330176010131837,0.5577245905099671,1,0.8
2023-06-08 22:00:00,2023-06-08 23:00:00,long,3683.0,3690.0,1.6375315212249755,0.1852578877302217,1,0.24
2023-06-08 23:00:00,2023-06-09 09:00:00,long,3692.0,3693.0,0.2335350000858307,0.02108477790590743,1,0.3
2023-06-09 09:00:00,2023-06-09 10:00:00,long,3695.0,3675.0,-4.842451199340821,-0.5460589985724876,1,0.24
2023-06-09 10:00:00,2023-06-09 14:00:00,long,3677.0,3697.0,15.528064041137696,0.5278781629432179,3,0.8
2023-06-09 14:00:00,2023-06-12 10:00:00,long,3699.0,3655.0,-6.61654649913311,-1.1924928357453564,6,0.15
2023-06-12 10:00:00,2023-06-12 13:00:00,short,3655.0,3643.0,8.042398006916045,0.314340355947471,2,0.7
2023-06-12 23:00:00,2023-06-13 10:00:00,long,3679.0,3693.0,3.317537282180786,0.37572905705590126,2,0.24
2023-06-13 10:00:00,2023-06-13 14:00:00,long,3695.0,3726.0,24.32505599975586,0.8229044654856515,3,0.8
2023-06-13 14:00:00,2023-06-13 21:00:00,long,3728.0,3748.0,5.932716003656387,0.5304645926016083,2,0.3
2023-06-13 21:00:00,2023-06-13 23:00:00,long,3750.0,3739.0,-5.6872249990701675,-0.30331866661707557,2,0.5
2023-06-13 23:00:00,2023-06-14 10:00:00,long,3741.0,3739.0,-0.6673200023174285,-0.05946003762963811,2,0.3
2023-06-14 10:00:00,2023-06-14 13:00:00,long,3741.0,3745.0,0.5831564998626708,0.10392167867106314,2,0.15
2023-06-14 23:00:00,2023-06-15 09:00:00,long,3751.0,3744.0,-7.749499976634979,-0.20659823984630712,1,1.0
2023-06-15 09:00:00,2023-06-15 10:00:00,long,3746.0,3741.0,-4.479168014526367,-0.14946502984938492,1,0.8
2023-06-15 10:00:00,2023-06-15 11:00:00,long,3743.0,3716.0,-6.522963842010498,-0.7261292013993341,1,0.24
2023-06-15 21:00:00,2023-06-15 22:00:00,long,3765.0,3774.0,8.246100068092346,0.21901992212728674,1,1.0
2023-06-15 22:00:00,2023-06-16 09:00:00,long,3776.0,3759.0,-14.082239990234378,-0.46617584713434773,2,0.8
2023-06-16 09:00:00,2023-06-16 11:00:00,long,3761.0,3789.0,13.811250001192093,0.7344456262266468,2,0.5
2023-06-16 11:00:00,2023-06-16 14:00:00,long,3791.0,3798.0,2.0316990011930463,0.17864231084085522,2,0.3
2023-06-16 14:00:00,2023-06-16 15:00:00,long,3800.0,3799.0,-0.6899749934673309,-0.03631447334038584,1,0.5
2023-06-16 15:00:00,2023-06-16 21:00:00,long,3801.0,3799.0,-0.6683999991416931,-0.05861615356850769,1,0.3
2023-06-16 21:00:00,2023-06-16 22:00:00,long,3801.0,3784.0,-8.68962499499321,-0.4572283606941968,1,0.5
2023-06-16 22:00:00,2023-06-16 23:00:00,long,3786.0,3812.0,3.8829045009613035,0.6837303224091044,1,0.15
2023-06-16 23:00:00,2023-06-19 09:00:00,short,3812.0,3808.0,2.4266200172901153,0.09093914020724461,1,0.7
2023-06-20 10:00:00,2023-06-20 11:00:00,long,3750.0,3728.0,-5.323073279571533,-0.5914525866190593,1,0.24
2023-06-20 11:00:00,2023-06-20 14:00:00,short,3728.0,3749.0,-15.066372988224028,-0.5773441519092593,2,0.7
2023-06-20 14:00:00,2023-06-20 15:00:00,long,3749.0,3740.0,-2.7674009943008424,-0.24605681464397994,1,0.3
2023-06-20 15:00:00,2023-06-20 21:00:00,short,3740.0,3737.0,1.7336270117759705,0.06621951916638544,1,0.7
2023-06-20 23:00:00,2023-06-21 09:00:00,long,3699.0,3699.0,-0.47347198486328135,-0.01599999948848612,1,0.8
2023-06-21 09:00:00,2023-06-21 10:00:00,long,3701.0,3736.0,10.433067002892495,0.9396619835082856,1,0.3
2023-06-21 10:00:00,2023-06-21 11:00:00,long,3738.0,3717.0,-5.082940798187256,-0.5665842694608587,1,0.24
2023-06-21 11:00:00,2023-06-21 13:00:00,short,3717.0,3728.0,-8.064804990887641,-0.30995829935384306,1,0.7
2023-06-26 11:00:00,2023-06-26 13:00:00,long,3640.0,3653.0,9.933247985839845,0.3411142852280166,1,0.8
2023-06-26 13:00:00,2023-06-26 14:00:00,long,3655.0,3653.0,-0.6657720029354095,-0.06071792092434196,1,0.3
2023-06-26 14:00:00,2023-06-26 15:00:00,long,3655.0,3660.0,3.5318399810791017,0.12078796104921688,1,0.8
2023-06-26 15:00:00,2023-06-26 22:00:00,short,3660.0,3679.0,-13.659610975980758,-0.5331620209204043,2,0.7
2023-06-26 23:00:00,2023-06-27 15:00:00,long,3672.0,3727.0,43.526464004516605,1.4817015252082175,6,0.8
2023-06-27 15:00:00,2023-06-28 10:00:00,long,3729.0,3723.0,-0.9167669995129109,-0.16389863225402895,5,0.15
2023-06-28 10:00:00,2023-06-28 11:00:00,short,3723.0,3701.0,15.036224004626273,0.576962664695379,1,0.7
2023-06-28 15:00:00,2023-06-28 22:00:00,short,3729.0,3726.0,1.7347050154209138,0.06645615505577573,2,0.7
2023-06-29 10:00:00,2023-06-29 13:00:00,long,3746.0,3727.0,-4.603044478225708,-0.5119955150188765,2,0.24
2023-06-29 13:00:00,2023-06-29 14:00:00,long,3729.0,3707.0,-6.66692400097847,-0.5959528024473468,1,0.3
2023-06-29 14:00:00,2023-06-29 15:00:00,long,3709.0,3718.0,2.117220481109619,0.23784718265363747,1,0.24
2023-06-29 21:00:00,2023-06-29 22:00:00,long,3726.0,3755.0,28.251900017261505,0.7582367154391171,1,1.0
2023-06-29 22:00:00,2023-06-29 23:00:00,long,3757.0,3756.0,-1.280831985473633,-0.04261485179244187,1,0.8
2023-06-29 23:00:00,2023-06-30 09:00:00,long,3758.0,3755.0,-0.9676169979572296,-0.08582730157506029,1,0.3
2023-06-30 09:00:00,2023-06-30 11:00:00,long,3757.0,3773.0,3.7966271987915037,0.42106148509354807,2,0.24
2023-06-30 11:00:00,2023-06-30 14:00:00,long,3775.0,3746.0,-14.688024997711182,-0.7781735098125129,2,0.5
2023-06-30 14:00:00,2023-06-30 15:00:00,long,3748.0,3721.0,-8.167220996618271,-0.7263625930823792,1,0.3
2023-06-30 15:00:00,2023-07-03 09:00:00,short,3721.0,3730.0,-6.66509901046753,-0.25588739626319845,4,0.7
2023-07-03 13:00:00,2023-07-03 15:00:00,long,3734.0,3764.0,23.520128021240236,0.7873636857672814,2,0.8
2023-07-03 15:00:00,2023-07-03 22:00:00,long,3766.0,3770.0,1.132175999879837,0.1002103026978082,2,0.3
2023-07-03 22:00:00,2023-07-03 23:00:00,long,3772.0,3765.0,-1.7234131175994871,-0.19037348860015546,1,0.24
2023-07-03 23:00:00,2023-07-04 09:00:00,long,3767.0,3765.0,-2.0820479583740235,-0.06908839787543215,1,0.8
2023-07-04 09:00:00,2023-07-04 10:00:00,long,3767.0,3774.0,2.032131003141403,0.17981868888960298,1,0.3
2023-07-04 10:00:00,2023-07-04 11:00:00,long,3776.0,3790.0,6.810850009322166,0.3607441742225724,1,0.5
2023-07-04 11:00:00,2023-07-04 15:00:00,long,3792.0,3767.0,-3.7670077492296694,-0.6622728110460039,3,0.15
2023-07-04 15:00:00,2023-07-04 21:00:00,short,3767.0,3769.0,-1.7692640006542204,-0.06709636317851343,1,0.7
2023-07-05 09:00:00,2023-07-05 11:00:00,long,3772.0,3744.0,-22.881023979187013,-0.758252385312401,2,0.8
2023-07-05 11:00:00,2023-07-05 13:00:00,long,3746.0,3730.0,-4.8672839963436125,-0.4331094497547262,1,0.3
2023-07-05 14:00:00,2023-07-05 15:00:00,short,3741.0,3753.0,-8.767206009626387,-0.3347923018912585,1,0.7
2023-07-05 23:00:00,2023-07-06 11:00:00,long,3762.0,3746.0,-13.280512008666992,-0.44127166429648434,3,0.8
2023-07-06 11:00:00,2023-07-06 14:00:00,long,3748.0,3746.0,-0.5231654411315918,-0.0581605123990119,2,0.24
2023-07-07 10:00:00,2023-07-07 11:00:00,long,3756.0,3761.0,1.4323470014333723,0.12711634730505614,1,0.3
2023-07-07 11:00:00,2023-07-07 13:00:00,long,3763.0,3765.0,0.436638720703125,0.048347807678173996,1,0.24
2023-07-07 13:00:00,2023-07-07 14:00:00,short,3765.0,3745.0,13.63201003551483,0.5172456852784986,1,0.7
2023-07-07 15:00:00,2023-07-07 22:00:00,long,3674.0,3678.0,2.7294720077514647,0.09286445317608413,2,0.8
2023-07-10 13:00:00,2023-07-10 15:00:00,long,3665.0,3656.0,-2.202168960571289,-0.25036027291624474,2,0.24
2023-07-11 13:00:00,2023-07-11 14:00:00,long,3692.0,3667.0,-25.73589998483658,-0.697072047259929,1,1.0
2023-07-11 14:00:00,2023-07-11 15:00:00,long,3669.0,3677.0,2.3338860046863554,0.21203652263889847,1,0.3
2023-07-11 15:00:00,2023-07-11 23:00:00,short,3677.0,3691.0,-10.16103197813034,-0.3947718240075505,3,0.7
2023-07-11 23:00:00,2023-07-12 09:00:00,long,3691.0,3691.0,-0.4724480056762696,-0.01600000019223346,1,0.8
2023-07-12 10:00:00,2023-07-12 11:00:00,long,3694.0,3689.0,-5.7382999658584595,-0.15534109274116026,1,1.0
2023-07-12 11:00:00,2023-07-12 14:00:00,long,3691.0,3698.0,5.127103996276856,0.17363532905299564,2,0.8
2023-07-12 14:00:00,2023-07-12 15:00:00,long,3700.0,3711.0,5.314725011587143,0.2872824330587645,1,0.5
2023-07-12 15:00:00,2023-07-12 21:00:00,long,3713.0,3722.0,1.333271250128746,0.23938796124046072,1,0.15
2023-07-12 21:00:00,2023-07-12 23:00:00,long,3724.0,3719.0,-2.6860750019550323,-0.14425751890198885,2,0.5
2023-07-12 23:00:00,2023-07-13 09:00:00,long,3721.0,3719.0,-0.6669599962234497,-0.05974737939832031,1,0.3
2023-07-13 09:00:00,2023-07-13 10:00:00,long,3721.0,3724.0,1.3138750046491623,0.0706194573850665,1,0.5
2023-07-13 10:00:00,2023-07-13 13:00:00,long,3726.0,3709.0,-2.566728749871254,-0.4592465109807218,2,0.15
2023-07-13 14:00:00,2023-07-13 15:00:00,short,3711.0,3726.0,-10.864412984251976,-0.4182320123282895,1,0.7
2023-07-13 22:00:00,2023-07-13 23:00:00,short,3740.0,3735.0,3.133725028038025,0.11969919893193373,1,0.7
2023-07-13 23:00:00,2023-07-14 09:00:00,long,3735.0,3737.0,0.43696127929687495,0.04874623820804049,1,0.24
2023-07-14 09:00:00,2023-07-14 10:00:00,short,3737.0,3746.0,-6.6666669785976405,-0.25485175192467757,1,0.7
2023-07-14 10:00:00,2023-07-14 13:00:00,long,3746.0,3739.0,-6.079039993286133,-0.20285104088648334,2,0.8
2023-07-14 13:00:00,2023-07-14 14:00:00,long,3741.0,3758.0,5.032509001493454,0.44841031822983646,1,0.3
2023-07-14 14:00:00,2023-07-14 15:00:00,long,3760.0,3773.0,9.917888031005859,0.32971702230737565,1,0.8
2023-07-14 15:00:00,2023-07-14 21:00:00,long,3775.0,3777.0,0.5320319974422455,0.04697854282050733,1,0.3
2023-07-14 21:00:00,2023-07-14 22:00:00,long,3779.0,3765.0,-7.18860000371933,-0.38044985465569353,1,0.5
2023-07-14 22:00:00,2023-07-14 23:00:00,long,3767.0,3737.0,-4.516883998811245,-0.7993777539706655,1,0.15
2023-07-14 23:00:00,2023-07-17 09:00:00,short,3737.0,3735.0,1.0338719940185546,0.03952261149197426,1,0.7
2023-07-17 23:00:00,2023-07-18 09:00:00,long,3711.0,3712.0,0.19724352149963378,0.022146268020708005,1,0.24
2023-07-18 13:00:00,2023-07-18 14:00:00,long,3745.0,3738.0,-7.748299956321716,-0.2068971950953729,1,1.0
2023-07-18 14:00:00,2023-07-18 21:00:00,long,3740.0,3747.0,2.0326170033216475,0.18116016072385452,2,0.3
2023-07-18 21:00:00,2023-07-18 22:00:00,long,3749.0,3737.0,-2.923119360351562,-0.3248776740854853,1,0.24
2023-07-18 22:00:00,2023-07-19 09:00:00,short,3737.0,3743.0,-4.566520012617111,-0.17456783564421846,2,0.7
2023-07-19 09:00:00,2023-07-19 10:00:00,long,3743.0,3742.0,-1.279039993286133,-0.0427143999895182,1,0.8
2023-07-19 10:00:00,2023-07-19 11:00:00,long,3744.0,3712.0,-9.667103998661041,-0.8606752135560045,1,0.3
2023-07-19 11:00:00,2023-07-19 13:00:00,long,3714.0,3730.0,12.323583984375,0.41476790469759695,1,0.8
2023-07-19 13:00:00,2023-07-19 15:00:00,long,3732.0,3738.0,1.732770001888275,0.15476688119759513,2,0.3
2023-07-19 15:00:00,2023-07-19 21:00:00,short,3738.0,3748.0,-7.366814002990723,-0.2815414661389101,1,0.7
2023-07-20 09:00:00,2023-07-20 10:00:00,long,3767.0,3769.0,1.246399998664856,0.03308733736832641,1,1.0
2023-07-20 10:00:00,2023-07-20 11:00:00,long,3771.0,3764.0,-6.082239990234375,-0.20161230410482545,1,0.8
2023-07-20 11:00:00,2023-07-20 13:00:00,long,3766.0,3758.0,-2.467715998291969,-0.21842060526570803,1,0.3
2023-07-20 13:00:00,2023-07-20 14:00:00,long,3760.0,3778.0,4.276581121444702,0.47391191505371255,1,0.24
2023-07-20 14:00:00,2023-07-20 23:00:00,long,3780.0,3759.0,-3.1669627498090267,-0.5585472221885409,4,0.15
2023-07-20 23:00:00,2023-07-21 10:00:00,short,3759.0,3780.0,-15.069410995841027,-0.5726983238642886,2,0.7
2023-07-21 10:00:00,2023-07-21 11:00:00,long,3780.0,3786.0,1.7319059979915619,0.15272539664828588,1,0.3
2023-07-21 15:00:00,2023-07-21 21:00:00,long,3820.0,3819.0,-1.7638999819755554,-0.046175392198312966,1,1.0
2023-07-21 21:00:00,2023-07-21 22:00:00,long,3821.0,3817.0,-3.688831977844238,-0.12067626203363772,1,0.8
2023-07-21 22:00:00,2023-07-21 23:00:00,long,3819.0,3825.0,1.731203999519348,0.1511044775699876,1,0.3
2023-07-21 23:00:00,2023-07-24 11:00:00,long,3827.0,3805.0,-5.323960319137574,-0.5796490200263014,3,0.24
2023-07-24 11:00:00,2023-07-24 13:00:00,long,3807.0,3811.0,0.5828595001995563,0.10206803260652418,1,0.15
2023-07-24 22:00:00,2023-07-24 23:00:00,short,3801.0,3843.0,-29.77455600261688,-1.1190497238552592,1,0.7
2023-07-24 23:00:00,2023-07-25 10:00:00,long,3843.0,3857.0,3.3156480010986327,0.35948998190418,2,0.24
2023-07-25 10:00:00,2023-07-25 14:00:00,long,3859.0,3859.0,-0.49395198822021485,-0.01599999961843142,3,0.8
2023-07-25 14:00:00,2023-07-25 21:00:00,long,3861.0,3854.0,-2.1694349992275237,-0.18729474222805176,2,0.3
2023-07-25 21:00:00,2023-07-25 23:00:00,long,3856.0,3855.0,-0.16734974965453145,-0.02893322089462854,2,0.15
2023-07-26 09:00:00,2023-07-26 10:00:00,short,3856.0,3849.0,4.522454997897148,0.16754797710051675,1,0.7
2023-07-26 13:00:00,2023-07-26 14:00:00,short,3847.0,3847.0,-0.3770060002803802,-0.014000000010411833,1,0.7
2023-07-26 15:00:00,2023-07-26 21:00:00,long,3854.0,3849.0,-5.770300030708313,-0.14972236716939058,1,1.0
2023-07-27 09:00:00,2023-07-27 11:00:00,long,3854.0,3860.0,4.306304016113281,0.13966995381789313,2,0.8
2023-07-27 11:00:00,2023-07-27 13:00:00,long,3862.0,3867.0,1.4304390013217925,0.12346271373397139,1,0.3
2023-07-27 13:00:00,2023-07-27 22:00:00,long,3869.0,3826.0,-10.364323197555542,-1.1161716203105392,4,0.24
2023-07-27 22:00:00,2023-07-27 23:00:00,short,3826.0,3832.0,-4.57524199962616,-0.17083272345702935,1,0.7
2023-07-28 10:00:00,2023-07-28 14:00:00,short,3849.0,3844.0,3.1230430078506464,0.11591296469771913,3,0.7
2023-07-28 15:00:00,2023-07-28 21:00:00,long,3853.0,3850.0,-3.770299971103668,-0.09785361980544169,1,1.0
2023-07-28 21:00:00,2023-07-28 23:00:00,long,3852.0,3866.0,10.706048011779785,0.3474184842867272,2,0.8
2023-07-28 23:00:00,2023-07-31 09:00:00,long,3868.0,3862.0,-1.4845248001098632,-0.1599152016664365,1,0.24
2023-07-31 09:00:00,2023-07-31 10:00:00,long,3864.0,3843.0,-17.293247985839844,-0.559434782150616,1,0.8
2023-07-31 10:00:00,2023-07-31 13:00:00,short,3843.0,3841.0,1.02348402261734,0.03804631882150627,2,0.7
2023-07-31 23:00:00,2023-08-01 09:00:00,long,3860.0,3857.0,-2.893887977600098,-0.09371398891192026,1,0.8
2023-08-01 09:00:00,2023-08-01 10:00:00,long,3859.0,3858.0,-0.2844499214172363,-0.03071282731031747,1,0.24
2023-08-01 10:00:00,2023-08-01 11:00:00,long,3860.0,3841.0,-15.692863998413086,-0.5081886009848797,1,0.8
2023-08-01 11:00:00,2023-08-01 15:00:00,long,3843.0,3859.0,3.795636479187012,0.41153140766621255,3,0.24
2023-08-01 15:00:00,2023-08-01 21:00:00,long,3861.0,3852.0,-1.367354249060154,-0.23609673643445633,1,0.15
2023-08-02 10:00:00,2023-08-02 11:00:00,short,3852.0,3844.0,5.222896012663841,0.19369885820589827,1,0.7
2023-08-03 21:00:00,2023-08-03 22:00:00,long,3741.0,3754.0,3.076828801345825,0.34269232840437325,1,0.24
2023-08-03 22:00:00,2023-08-03 23:00:00,long,3756.0,3761.0,3.518912010192871,0.11710969150002899,1,0.8
2023-08-03 23:00:00,2023-08-04 09:00:00,long,3763.0,3763.0,-0.06773399591445922,-0.005999999638095423,1,0.3
2023-08-04 09:00:00,2023-08-04 11:00:00,long,3765.0,3748.0,-14.080831985473635,-0.4674911017753531,2,0.8
2023-08-04 11:00:00,2023-08-04 13:00:00,long,3750.0,3749.0,-0.28319423904418944,-0.031466026560465495,1,0.24
2023-08-04 13:00:00,2023-08-04 15:00:00,long,3751.0,3735.0,-2.4168435001373294,-0.42954652095216017,2,0.15
2023-08-07 15:00:00,2023-08-07 21:00:00,long,3732.0,3734.0,0.4369958381652832,0.048789281681547336,1,0.24
2023-08-07 21:00:00,2023-08-07 23:00:00,long,3736.0,3735.0,-1.278143997192383,-0.042764453867518155,2,0.8
2023-08-07 23:00:00,2023-08-08 09:00:00,long,3737.0,3739.0,0.5327160036563873,0.04751726016023435,1,0.3
2023-08-08 09:00:00,2023-08-08 11:00:00,long,3741.0,3722.0,-4.602986878967285,-0.5126734027184449,2,0.24
2023-08-08 11:00:00,2023-08-08 13:00:00,long,3724.0,3722.0,-0.3167534986138344,-0.05670488696989517,1,0.15
2023-08-09 15:00:00,2023-08-09 21:00:00,long,3698.0,3699.0,0.26030004024505615,0.007038941055842514,1,1.0
2023-08-09 21:00:00,2023-08-09 23:00:00,long,3701.0,3699.0,-2.073600006103516,-0.0700351258478626,2,0.8
2023-08-09 23:00:00,2023-08-10 10:00:00,long,3701.0,3682.0,-4.602526078033447,-0.5181624423616868,2,0.24
2023-08-10 10:00:00,2023-08-10 13:00:00,short,3682.0,3680.0,1.0392620122432707,0.040322108025268526,2,0.7
2023-08-10 23:00:00,2023-08-11 10:00:00,long,3678.0,3672.0,-1.4823360008239745,-0.16792822195305132,2,0.24
2023-08-11 10:00:00,2023-08-11 11:00:00,long,3674.0,3657.0,-14.069183959960938,-0.47867392351527416,1,0.8
2023-08-11 11:00:00,2023-08-11 14:00:00,short,3657.0,3661.0,-3.1585819804668427,-0.1233869284138772,2,0.7
2023-08-11 21:00:00,2023-08-11 22:00:00,long,3686.0,3681.0,-5.736699938774109,-0.15563483284791396,1,1.0
2023-08-11 22:00:00,2023-08-11 23:00:00,short,3681.0,3681.0,-0.36073798775672905,-0.013999999524846863,1,0.7
2023-08-14 21:00:00,2023-08-14 22:00:00,short,3649.0,3646.0,1.742545002102852,0.0682200603728165,1,0.7
2023-08-14 23:00:00,2023-08-15 10:00:00,long,3649.0,3655.0,1.39792896194458,0.1596246645136316,2,0.24
2023-08-15 10:00:00,2023-08-15 11:00:00,long,3657.0,3642.0,-12.467136001586915,-0.4261394586268429,1,0.8
2023-08-15 11:00:00,2023-08-15 13:00:00,long,3644.0,3667.0,6.834201003313064,0.6251555985467494,1,0.3
2023-08-15 13:00:00,2023-08-15 15:00:00,long,3669.0,3692.0,17.92889602661133,0.6108236585790178,2,0.8
2023-08-15 15:00:00,2023-08-15 21:00:00,long,3694.0,3690.0,-1.2664559984207153,-0.11428045464904486,1,0.3
2023-08-15 21:00:00,2023-08-15 23:00:00,long,3692.0,3693.0,0.3153750002384186,0.017084236199264278,2,0.5
2023-08-15 23:00:00,2023-08-16 09:00:00,long,3695.0,3694.0,-0.36650099515914913,-0.03306278711404142,1,0.3
2023-08-16 09:00:00,2023-08-16 11:00:00,long,3696.0,3700.0,1.8150999993085861,0.0982196969322828,2,0.5
2023-08-16 11:00:00,2023-08-16 13:00:00,long,3702.0,3706.0,1.1333280032873154,0.10204646166822579,1,0.3
2023-08-16 13:00:00,2023-08-16 14:00:00,long,3708.0,3702.0,-3.185249984264374,-0.17180420627100182,1,0.5
2023-08-16 14:00:00,2023-08-16 23:00:00,long,3704.0,3699.0,-0.7666567486524581,-0.1379871757833798,4,0.15
2023-08-16 23:00:00,2023-08-17 09:00:00,short,3699.0,3700.0,-1.0625509965419768,-0.041036225873478424,1,0.7
2023-08-17 14:00:00,2023-08-17 15:00:00,short,3713.0,3726.0,-9.464510971307753,-0.3641457031783215,1,0.7
2023-08-17 15:00:00,2023-08-17 23:00:00,long,3726.0,3721.0,-1.2428947174072265,-0.1389889422758126,3,0.24
2023-08-17 23:00:00,2023-08-18 11:00:00,long,3723.0,3713.0,-8.47590400695801,-0.28457910310764195,3,0.8
2023-08-18 11:00:00,2023-08-18 15:00:00,long,3715.0,3699.0,-2.4166815000772472,-0.43367994617806144,3,0.15
2023-08-18 15:00:00,2023-08-18 21:00:00,short,3699.0,3701.0,-1.762600004673004,-0.06807245219453151,1,0.7
2023-08-22 13:00:00,2023-08-22 15:00:00,long,3678.0,3724.0,10.99736448097229,1.2458497010345626,2,0.24
2023-08-22 15:00:00,2023-08-22 23:00:00,long,3726.0,3720.0,-5.276543960571289,-0.17701771204278346,3,0.8
2023-08-22 23:00:00,2023-08-23 09:00:00,long,3722.0,3722.0,-0.04287743797302245,-0.004799999773085982,1,0.24
2023-08-23 09:00:00,2023-08-23 11:00:00,long,3724.0,3741.0,2.533203749656677,0.4534915412919222,2,0.15
2023-08-23 11:00:00,2023-08-23 13:00:00,long,3743.0,3743.0,-0.0673740005493164,-0.006000000048919441,1,0.3
2023-08-23 13:00:00,2023-08-23 23:00:00,long,3745.0,3733.0,-1.81682549983263,-0.32342242987674774,5,0.15
2023-08-24 14:00:00,2023-08-24 15:00:00,long,3763.0,3687.0,-76.74500000476837,-2.039463194386616,1,1.0
2023-08-24 15:00:00,2023-08-24 21:00:00,long,3689.0,3699.0,2.9335080009698866,0.26506804020691127,1,0.3
2023-08-24 21:00:00,2023-08-24 23:00:00,short,3699.0,3713.0,-10.163187985420226,-0.3925071635353272,2,0.7
2023-08-25 13:00:00,2023-08-25 14:00:00,long,3715.0,3730.0,14.25550001859665,0.38372812970650466,1,1.0
2023-08-25 14:00:00,2023-08-25 15:00:00,long,3732.0,3715.0,-14.076607971191407,-0.4714833859589834,1,0.8
2023-08-25 15:00:00,2023-08-25 21:00:00,long,3717.0,3716.0,-0.36689699649810786,-0.032902609317380316,1,0.3
2023-08-25 21:00:00,2023-08-25 22:00:00,long,3718.0,3683.0,-8.442629761505128,-0.9461437333585627,1,0.24
2023-08-25 22:00:00,2023-08-28 10:00:00,short,3683.0,3713.0,-21.362403972148893,-0.8286103708990689,3,0.7
2023-08-28 10:00:00,2023-08-28 11:00:00,long,3713.0,3704.0,-2.7667529940605164,-0.24838432481017292,1,0.3
2023-08-28 11:00:00,2023-08-28 13:00:00,long,3706.0,3685.0,-5.082572158813477,-0.5714350781180829,1,0.24
2023-08-29 13:00:00,2023-08-29 15:00:00,long,3692.0,3675.0,-4.122433916473389,-0.4652439866009151,2,0.24
2023-08-30 09:00:00,2023-08-30 10:00:00,long,3693.0,3691.0,-2.7383999824523926,-0.07415109619421589,1,1.0
2023-08-30 10:00:00,2023-08-30 11:00:00,long,3693.0,3687.0,-1.8664199978113174,-0.16846466267815843,1,0.3
2023-08-30 11:00:00,2023-08-30 13:00:00,long,3689.0,3695.0,1.397468161010742,0.15784180005994647,1,0.24
2023-08-30 13:00:00,2023-08-30 14:00:00,long,3697.0,3692.0,-4.472895965576172,-0.15123397232810967,1,0.8
2023-08-30 14:00:00,2023-08-30 15:00:00,long,3694.0,3711.0,5.033355002403259,0.4541919330809655,1,0.3
2023-08-30 15:00:00,2023-08-30 21:00:00,long,3713.0,3715.0,0.814300000667572,0.04386210614961336,1,0.5
2023-08-30 21:00:00,2023-08-30 22:00:00,long,3717.0,3722.0,0.733262251317501,0.13151506614967287,1,0.15
2023-08-30 22:00:00,2023-08-30 23:00:00,long,3724.0,3720.0,-2.1860999912023544,-0.11740601456511034,1,0.5
2023-08-30 23:00:00,2023-08-31 09:00:00,long,3722.0,3720.0,-0.3167444998025894,-0.056733745262867535,1,0.15
2023-08-31 09:00:00,2023-08-31 11:00:00,long,3722.0,3736.0,6.8135500103235245,0.36612305267724476,2,0.5
2023-08-31 11:00:00,2023-08-31 14:00:00,long,3738.0,3737.0,-0.36727499485015863,-0.03275147091583366,2,0.3
2023-08-31 14:00:00,2023-08-31 23:00:00,long,3739.0,3774.0,5.233095750510693,0.9330651244558603,4,0.15
2023-08-31 23:00:00,2023-09-01 09:00:00,long,3776.0,3773.0,-0.9679409980773925,-0.08544676889807491,1,0.3
2023-09-01 09:00:00,2023-09-01 10:00:00,long,3775.0,3793.0,8.8108000010252,0.4667973510476927,1,0.5
2023-09-01 10:00:00,2023-09-01 11:00:00,long,3795.0,3797.0,0.2829180005192756,0.04970013184352668,1,0.15
2023-09-01 11:00:00,2023-09-01 14:00:00,long,3799.0,3804.0,2.309925004839897,0.12160700209738863,2,0.5
2023-09-01 14:00:00,2023-09-01 21:00:00,long,3806.0,3814.0,2.3314200031757353,0.20418812429284774,2,0.3
2023-09-01 21:00:00,2023-09-04 10:00:00,long,3816.0,3826.0,1.4828055006265641,0.2590505766293788,4,0.15
2023-09-04 10:00:00,2023-09-04 11:00:00,short,3826.0,3836.0,-7.375437973737716,-0.2753878714710521,1,0.7
2023-09-05 13:00:00,2023-09-05 14:00:00,long,3837.0,3823.0,-11.69023998260498,-0.38083919672286226,1,0.8
2023-09-05 14:00:00,2023-09-05 15:00:00,long,3825.0,3798.0,-6.52390848083496,-0.7106654118556601,1,0.24
2023-09-05 15:00:00,2023-09-05 22:00:00,long,3800.0,3810.0,7.512960014343261,0.24713684257708096,2,0.8
2023-09-05 22:00:00,2023-09-06 09:00:00,short,3810.0,3824.0,-10.174065979719161,-0.38147978926581033,2,0.7
2023-09-06 13:00:00,2023-09-06 14:00:00,long,3809.0,3819.0,2.93134800195694,0.2565282228018675,1,0.3
2023-09-06 21:00:00,2023-09-06 22:00:00,long,3815.0,3824.0,6.711104049682618,0.21989200687033478,1,0.8
2023-09-06 22:00:00,2023-09-06 23:00:00,long,3826.0,3792.0,-10.268561993837357,-0.8946299001426519,1,0.3
2023-09-06 23:00:00,2023-09-07 09:00:00,long,3794.0,3788.0,-5.2852479934692385,-0.1741317868169886,1,0.8
2023-09-07 09:00:00,2023-09-07 10:00:00,short,3788.0,3788.0,-0.37122400462627403,-0.014000000174471037,1,0.7
2023-09-08 13:00:00,2023-09-08 14:00:00,long,3736.0,3739.0,1.921600036621094,0.0642933631096458,1,0.8
2023-09-08 14:00:00,2023-09-08 21:00:00,long,3741.0,3717.0,-7.267122001647948,-0.6475204492246234,2,0.3
2023-09-08 21:00:00,2023-09-08 23:00:00,short,3717.0,3733.0,-11.5650500023365,-0.4444847996593452,2,0.7
2023-09-11 10:00:00,2023-09-11 13:00:00,long,3753.0,3752.0,-0.28322879791259764,-0.03144471066620012,2,0.24
2023-09-11 13:00:00,2023-09-11 15:00:00,long,3754.0,3758.0,2.7192320251464843,0.09054448671904916,2,0.8
2023-09-11 15:00:00,2023-09-11 21:00:00,long,3760.0,3761.0,0.2323110008239746,0.020594946881558034,1,0.3
2023-09-11 21:00:00,2023-09-11 22:00:00,long,3763.0,3776.0,3.0765753639221187,0.3406607498363583,1,0.24
2023-09-11 22:00:00,2023-09-12 09:00:00,long,3778.0,3780.0,0.2829944998025894,0.049937268361141596,2,0.15
2023-09-12 09:00:00,2023-09-12 10:00:00,long,3782.0,3769.0,-6.68877500295639,-0.35371628783481707,1,0.5
2023-09-12 10:00:00,2023-09-12 15:00:00,long,3771.0,3789.0,2.6829900003969667,0.4743198091393913,4,0.15
2023-09-12 15:00:00,2023-09-12 21:00:00,short,3789.0,3794.0,-3.871566973924637,-0.14597017584453634,1,0.7
2023-09-14 15:00:00,2023-09-14 21:00:00,long,3791.0,3808.0,13.113664016723632,0.43239461938550616,1,0.8
2023-09-14 22:00:00,2023-09-14 23:00:00,long,3807.0,3816.0,8.23769998550415,0.21638297834263592,1,1.0
2023-09-14 23:00:00,2023-09-15 11:00:00,long,3818.0,3819.0,0.31123199462890627,0.010189627901679748,3,0.8
2023-09-15 11:00:00,2023-09-15 13:00:00,long,3821.0,3816.0,-1.56873300075531,-0.13685187130378695,1,0.3
2023-09-15 13:00:00,2023-09-15 14:00:00,long,3818.0,3811.0,-6.088255996704103,-0.19932739643478598,1,0.8
2023-09-15 14:00:00,2023-09-15 22:00:00,long,3813.0,3808.0,-0.7671472495794297,-0.134128376532814,3,0.15
2023-09-15 22:00:00,2023-09-15 23:00:00,short,3808.0,3804.0,2.427012023925781,0.09104937064547498,1,0.7
2023-09-18 10:00:00,2023-09-18 11:00:00,short,3816.0,3831.0,-10.874702997803688,-0.4071092766473378,1,0.7
2023-09-18 11:00:00,2023-09-18 13:00:00,long,3831.0,3829.0,-0.5241216018676758,-0.057004437686817615,1,0.24
2023-09-18 15:00:00,2023-09-18 21:00:00,long,3845.0,3845.0,-0.7689999938011169,-0.019999999838780674,1,1.0
2023-09-18 21:00:00,2023-09-18 23:00:00,long,3847.0,3858.0,8.306879997253418,0.2699142187826039,2,0.8
2023-09-18 23:00:00,2023-09-19 10:00:00,long,3860.0,3861.0,0.23051100254058837,0.019905958768617303,2,0.3
2023-09-19 10:00:00,2023-09-19 11:00:00,long,3863.0,3841.0,-11.1925999969244,-0.5794770901850582,1,0.5
2023-09-19 11:00:00,2023-09-19 15:00:00,long,3843.0,3832.0,-1.6672687496244907,-0.289230418878392,3,0.15
2023-09-19 23:00:00,2023-09-20 09:00:00,short,3848.0,3852.0,-3.177299990653992,-0.11795738011040956,1,0.7
2023-09-20 09:00:00,2023-09-20 10:00:00,long,3852.0,3846.0,-1.4843404769897461,-0.16055950123201648,1,0.24
2023-09-20 10:00:00,2023-09-20 15:00:00,short,3846.0,3845.0,0.3231410241127014,0.012002861010055028,4,0.7
2023-09-22 13:00:00,2023-09-22 14:00:00,long,3784.0,3779.0,-1.2435628784179686,-0.1369321351323521,1,0.24
2023-09-22 14:00:00,2023-09-22 15:00:00,long,3781.0,3780.0,-1.2839039611816407,-0.04244591249608704,1,0.8
2023-09-22 15:00:00,2023-09-22 21:00:00,long,3782.0,3785.0,0.8318970018625259,0.07332072993676414,1,0.3
2023-09-22 21:00:00,2023-09-25 09:00:00,long,3787.0,3777.0,-2.443568639373779,-0.26885492467364,3,0.24
2023-09-27 11:00:00,2023-09-27 13:00:00,long,3685.0,3689.0,0.917525760269165,0.10374556312405755,1,0.24
2023-09-27 13:00:00,2023-09-27 14:00:00,long,3691.0,3681.0,-8.471808013916016,-0.28690761358425954,1,0.8
2023-09-27 14:00:00,2023-09-27 21:00:00,long,3683.0,3689.0,1.7336519980430602,0.1569057831516934,2,0.3
2023-09-27 21:00:00,2023-09-27 22:00:00,long,3691.0,3706.0,3.5573932823181154,0.40158417799129814,1,0.24
2023-09-27 22:00:00,2023-09-27 23:00:00,long,3708.0,3707.0,-1.2745600128173828,-0.042966559223886966,1,0.8
2023-09-27 23:00:00,2023-09-28 11:00:00,long,3709.0,3689.0,-10.18494999408722,-0.5492019409052153,3,0.5
2023-09-28 11:00:00,2023-10-09 09:00:00,long,3691.0,3669.0,-3.316560000032186,-0.5990354917424702,4,0.15
2023-10-09 23:00:00,2023-10-10 10:00:00,long,3651.0,3624.0,-6.521903997802734,-0.7443056694287792,2,0.24
2023-10-10 11:00:00,2023-10-10 13:00:00,long,3609.0,3609.0,-0.4619519805908204,-0.015999999327750775,1,0.8
2023-10-10 13:00:00,2023-10-10 14:00:00,long,3611.0,3605.0,-1.864943994283676,-0.17215397344075292,1,0.3
2023-10-10 14:00:00,2023-10-10 15:00:00,long,3607.0,3609.0,1.1381760406494141,0.039443306094032925,1,0.8
2023-10-11 09:00:00,2023-10-11 11:00:00,long,3630.0,3624.0,-1.481783038330078,-0.1700852890645177,2,0.24
2023-10-11 11:00:00,2023-10-11 14:00:00,long,3626.0,3614.0,-10.063359985351562,-0.3469167121260191,2,0.8
2023-10-11 14:00:00,2023-10-11 15:00:00,long,3616.0,3615.0,-0.28165055694580077,-0.03245420318789187,1,0.24
2023-10-11 15:00:00,2023-10-11 23:00:00,short,3615.0,3629.0,-10.154955992102622,-0.401302351001882,3,0.7
2023-10-12 09:00:00,2023-10-12 10:00:00,short,3626.0,3619.0,4.54499499976635,0.1790637065545012,1,0.7
2023-10-12 13:00:00,2023-10-12 14:00:00,long,3616.0,3601.0,-3.641569917297363,-0.4196130527859241,1,0.24
2023-10-12 14:00:00,2023-10-12 15:00:00,short,3601.0,3627.0,-18.554172008037565,-0.7360722024849274,1,0.7
2023-10-12 21:00:00,2023-10-12 22:00:00,long,3631.0,3627.0,-3.664511985778809,-0.12615367618351725,1,0.8
2023-10-12 22:00:00,2023-10-12 23:00:00,long,3629.0,3605.0,-7.265105999708175,-0.6673193717009438,1,0.3
2023-10-12 23:00:00,2023-10-13 10:00:00,short,3605.0,3615.0,-7.3537800014019,-0.2914119279335011,2,0.7
2023-10-13 10:00:00,2023-10-13 13:00:00,long,3615.0,3611.0,-3.6624639892578124,-0.12664121677931578,2,0.8
2023-10-13 13:00:00,2023-10-13 15:00:00,long,3613.0,3620.0,2.034903001785278,0.18773899822726067,2,0.3
2023-10-13 15:00:00,2023-10-13 21:00:00,long,3622.0,3623.0,0.13369875133037565,0.02460864187932554,1,0.15
2023-10-13 21:00:00,2023-10-13 22:00:00,long,3625.0,3613.0,-6.1809499859809875,-0.34101793026102,1,0.5
2023-10-13 22:00:00,2023-10-13 23:00:00,long,3615.0,3605.0,-3.064980000257492,-0.28261687415928927,1,0.3
2023-10-16 09:00:00,2023-10-16 11:00:00,short,3610.0,3630.0,-14.354759988784789,-0.5680554012182347,2,0.7
2023-10-16 11:00:00,2023-10-16 13:00:00,long,3630.0,3644.0,10.734463996887207,0.3696440770277964,1,0.8
2023-10-16 15:00:00,2023-10-16 21:00:00,long,3659.0,3657.0,-2.7315999269485474,-0.07465427512841069,1,1.0
2023-10-16 21:00:00,2023-10-16 22:00:00,long,3659.0,3642.0,-14.067263984680176,-0.48057064719459464,1,0.8
2023-10-16 22:00:00,2023-10-16 23:00:00,long,3644.0,3642.0,-0.6655740022659301,-0.060883095706726134,1,0.3
2023-10-16 23:00:00,2023-10-17 13:00:00,long,3644.0,3663.0,2.833559249639511,0.5183972282545757,4,0.15
2023-10-17 13:00:00,2023-10-17 14:00:00,long,3665.0,3663.0,-0.665952000617981,-0.06056862215716061,1,0.3
2023-10-17 14:00:00,2023-10-17 15:00:00,long,3665.0,3646.0,-2.866449749171734,-0.5214096860703472,1,0.15
2023-10-17 15:00:00,2023-10-17 22:00:00,long,3648.0,3643.0,-2.6822749972343445,-0.14705455028697065,2,0.5
2023-10-17 22:00:00,2023-10-18 09:00:00,long,3645.0,3650.0,0.733586251437664,0.13417215389806383,2,0.15
2023-10-19 14:00:00,2023-10-19 15:00:00,long,3637.0,3643.0,1.3980672008514403,0.1601671708426634,1,0.24
2023-10-19 15:00:00,2023-10-20 09:00:00,long,3645.0,3640.0,-4.466240005493164,-0.15316323749976554,4,0.8
2023-10-20 09:00:00,2023-10-20 10:00:00,long,3642.0,3628.0,-4.2654299998283385,-0.3903926413901097,1,0.3
2023-10-20 10:00:00,2023-10-20 11:00:00,long,3630.0,3622.0,-1.2163169999420644,-0.22338236913536538,1,0.15
2023-10-20 11:00:00,2023-10-20 14:00:00,short,3622.0,3623.0,-1.0550049710273741,-0.04161098726147252,2,0.7
2023-10-23 23:00:00,2023-10-24 09:00:00,long,3582.0,3582.0,-0.06447599709033966,-0.005999999729233172,1,0.3
2023-10-24 09:00:00,2023-10-24 11:00:00,long,3584.0,3590.0,4.340864028930664,0.1513973224375929,2,0.8
2023-10-24 11:00:00,2023-10-24 14:00:00,long,3592.0,3578.0,-4.264530000686645,-0.3957433185492433,2,0.3
2023-10-24 14:00:00,2023-10-24 15:00:00,long,3580.0,3625.0,10.758499200439454,1.2521530726768453,1,0.24
2023-10-24 15:00:00,2023-10-24 22:00:00,long,3627.0,3652.0,3.7336222507059573,0.6862645438297873,2,0.15
2023-10-24 22:00:00,2023-10-25 13:00:00,long,3654.0,3677.0,11.316725015640259,0.6194157096683228,5,0.5
2023-10-25 13:00:00,2023-10-25 14:00:00,long,3679.0,3665.0,-4.2660959976911546,-0.38652677337058566,1,0.3
2023-10-25 14:00:00,2023-10-25 22:00:00,long,3667.0,3664.0,-0.46649474993348117,-0.08480951730451436,3,0.15
2023-10-25 22:00:00,2023-10-25 23:00:00,short,3664.0,3667.0,-2.4592189985513686,-0.0958834606422087,1,0.7
2023-10-26 11:00:00,2023-10-26 14:00:00,short,3667.0,3675.0,-5.95975800037384,-0.23217725662759905,2,0.7
2023-10-26 15:00:00,2023-10-26 22:00:00,long,3686.0,3673.0,-10.870975990295412,-0.3686576231109404,2,0.8
2023-10-26 22:00:00,2023-10-26 23:00:00,long,3675.0,3671.0,-1.2661139953136442,-0.11484027168377726,1,0.3
2023-10-26 23:00:00,2023-10-27 09:00:00,short,3671.0,3672.0,-1.0598070085048674,-0.04124244108280607,1,0.7
2023-10-27 14:00:00,2023-10-27 15:00:00,long,3716.0,3719.0,2.256500005722046,0.06072389681706259,1,1.0
2023-10-27 15:00:00,2023-10-27 22:00:00,long,3721.0,3722.0,0.3236479949951172,0.01087234597538018,2,0.8
2023-10-27 22:00:00,2023-10-27 23:00:00,long,3724.0,3716.0,-2.4669599962234496,-0.22081632619257519,1,0.3
2023-10-27 23:00:00,2023-10-30 09:00:00,long,3718.0,3714.0,-2.1858000010252,-0.1175793437883378,1,0.5
2023-10-30 09:00:00,2023-10-30 21:00:00,long,3716.0,3744.0,4.18321500018239,0.7504870829175441,6,0.15
2023-10-30 21:00:00,2023-10-30 22:00:00,long,3746.0,3733.0,-6.686975002288818,-0.35701948757548413,1,0.5
2023-10-30 22:00:00,2023-10-30 23:00:00,long,3735.0,3720.0,-2.2667737492918967,-0.40460040148003507,1,0.15
2023-10-30 23:00:00,2023-10-31 10:00:00,short,3720.0,3727.0,-5.264902977943421,-0.20218521420673657,2,0.7
2023-10-31 13:00:00,2023-10-31 14:00:00,long,3729.0,3736.0,5.1222400283813485,0.17170287035335707,1,0.8
2023-10-31 14:00:00,2023-10-31 21:00:00,long,3738.0,3732.0,-1.8672299981117249,-0.16650882808201575,2,0.3
2023-10-31 21:00:00,2023-10-31 22:00:00,short,3732.0,3744.0,-8.766323980093,-0.3355659156366943,1,0.7
2023-10-31 22:00:00,2023-10-31 23:00:00,long,3744.0,3741.0,-2.879039993286133,-0.09612179464764065,1,0.8
2023-10-31 23:00:00,2023-11-01 10:00:00,long,3743.0,3751.0,2.3325539982318877,0.20772588816741366,2,0.3
2023-11-01 10:00:00,2023-11-01 11:00:00,long,3753.0,3739.0,-11.679487991333009,-0.3890050623279046,1,0.8
2023-11-01 11:00:00,2023-11-01 14:00:00,long,3741.0,3744.0,0.8326350009441376,0.07419005621884858,2,0.3
2023-11-01 14:00:00,2023-11-01 23:00:00,long,3746.0,3738.0,-1.216838999390602,-0.2165579283485677,4,0.15
2023-11-02 09:00:00,2023-11-02 11:00:00,long,3741.0,3757.0,12.320128021240235,0.4116589154383933,2,0.8
2023-11-02 11:00:00,2023-11-02 13:00:00,long,3759.0,3757.0,-0.6676440024375915,-0.05920404384478065,1,0.3
2023-11-02 13:00:00,2023-11-02 14:00:00,long,3759.0,3760.0,0.3187840270996094,0.010600692574474905,1,0.8
2023-11-02 14:00:00,2023-11-02 15:00:00,long,3762.0,3757.0,-1.5676709961891175,-0.13890404006637583,1,0.3
2023-11-02 15:00:00,2023-11-02 21:00:00,long,3759.0,3745.0,-3.403223036956787,-0.37723053969991877,1,0.24
2023-11-02 21:00:00,2023-11-02 22:00:00,long,3747.0,3773.0,12.812000006437302,0.6838537500099974,1,0.5
2023-11-02 22:00:00,2023-11-02 23:00:00,long,3775.0,3775.0,-0.016987499892711637,-0.002999999981052828,1,0.15
2023-11-02 23:00:00,2023-11-03 09:00:00,short,3775.0,3778.0,-2.4700969928503036,-0.09347576131883836,1,0.7
2023-11-03 15:00:00,2023-11-03 21:00:00,long,3810.0,3804.0,-6.761399984359741,-0.17746456651862838,1,1.0
2023-11-03 21:00:00,2023-11-03 22:00:00,long,3806.0,3824.0,5.33133000433445,0.46692327941272116,1,0.3
2023-11-03 22:00:00,2023-11-03 23:00:00,long,3826.0,3826.0,-0.19129998981952667,-0.009999999467826799,1,0.5
2023-11-03 23:00:00,2023-11-06 13:00:00,long,3828.0,3817.0,-1.667201249152422,-0.2903520113466426,4,0.15
2023-11-06 21:00:00,2023-11-06 22:00:00,long,3801.0,3809.0,5.912960014343263,0.19445409150037038,1,0.8
2023-11-06 22:00:00,2023-11-06 23:00:00,long,3811.0,3803.0,-2.4685259985923764,-0.2159123588377833,1,0.3
2023-11-06 23:00:00,2023-11-07 10:00:00,long,3805.0,3799.0,-1.4837990364074707,-0.16248346872617944,2,0.24
2023-11-07 10:00:00,2023-11-07 13:00:00,short,3799.0,3792.0,4.528041019439697,0.17027191439249792,2,0.7
2023-11-07 15:00:00,2023-11-07 23:00:00,long,3795.0,3776.0,-15.684543991088868,-0.5166187085338889,3,0.8
2023-11-07 23:00:00,2023-11-08 09:00:00,long,3778.0,3774.0,-1.2679679971933366,-0.11187294840244719,1,0.3
2023-11-08 10:00:00,2023-11-08 11:00:00,short,3779.0,3782.0,-2.4704889994859696,-0.09339163798003892,1,0.7
2023-11-08 15:00:00,2023-11-08 21:00:00,long,3847.0,3846.0,-1.7692999839782715,-0.04599168141352408,1,1.0
2023-11-08 21:00:00,2023-11-08 23:00:00,long,3848.0,3851.0,1.9072640228271487,0.06195634169786735,2,0.8
2023-11-08 23:00:00,2023-11-09 09:00:00,long,3853.0,3850.0,-0.9693269973993301,-0.08385907062888918,1,0.3
2023-11-09 09:00:00,2023-11-09 11:00:00,long,3852.0,3849.0,-2.892863998413086,-0.09387538935660326,2,0.8
2023-11-09 11:00:00,2023-11-09 13:00:00,long,3851.0,3840.0,-3.3692189955711367,-0.2916315238960561,1,0.3
2023-11-09 13:00:00,2023-11-09 21:00:00,long,3842.0,3852.0,1.4826884999871253,0.25727719937309135,3,0.15
2023-11-09 21:00:00,2023-11-09 23:00:00,long,3854.0,3868.0,6.806950002908707,0.3532407889418115,2,0.5
2023-11-09 23:00:00,2023-11-10 09:00:00,long,3870.0,3866.0,-1.2696239984035491,-0.10935607221391466,1,0.3
2023-11-10 09:00:00,2023-11-10 13:00:00,long,3868.0,3874.0,2.8064500093460083,0.14511116904581223,3,0.5
2023-11-10 13:00:00,2023-11-10 15:00:00,long,3876.0,3877.0,0.23022299766540524,0.019799019407069594,2,0.3
2023-11-10 15:00:00,2023-11-10 23:00:00,long,3879.0,3901.0,3.282495000064373,0.5641479762936106,3,0.15
2023-11-10 23:00:00,2023-11-13 10:00:00,long,3903.0,3874.0,-14.694424986839294,-0.7529810395510783,2,0.5
2023-11-13 10:00:00,2023-11-13 15:00:00,short,3874.0,3874.0,-0.37965200126171106,-0.0140000000465267,4,0.7
2023-11-14 22:00:00,2023-11-15 10:00:00,long,3932.0,3929.0,-2.9031039810180665,-0.09229094547997413,3,0.8
2023-11-15 10:00:00,2023-11-15 14:00:00,long,3931.0,3905.0,-6.285135358428955,-0.6661934366180101,3,0.24
2023-11-15 14:00:00,2023-11-15 15:00:00,long,3907.0,3917.0,1.4823959997296334,0.25294701812637715,1,0.15
2023-11-15 15:00:00,2023-11-15 21:00:00,short,3917.0,3921.0,-3.184062002897263,-0.1161261170318853,1,0.7
2023-11-16 09:00:00,2023-11-16 11:00:00,short,3903.0,3937.0,-24.184159989953038,-0.8851857541800462,2,0.7
2023-11-16 13:00:00,2023-11-16 15:00:00,long,3941.0,3975.0,8.114403840637207,0.8579044913132461,2,0.24
2023-11-16 15:00:00,2023-11-16 23:00:00,long,3977.0,3964.0,-10.908223991394044,-0.3428534068202804,3,0.8
2023-11-16 23:00:00,2023-11-17 09:00:00,long,3966.0,3966.0,-0.04568831748962402,-0.004799999736260718,1,0.24
2023-11-17 09:00:00,2023-11-17 13:00:00,long,3968.0,3952.0,-2.417819998562336,-0.40621975782297315,3,0.15
2023-11-17 23:00:00,2023-11-20 09:00:00,short,3927.0,3937.0,-7.385335980653762,-0.2686651380790048,1,0.7
2023-11-20 13:00:00,2023-11-20 14:00:00,long,3964.0,3955.0,-2.2056134422302245,-0.2318379417076842,1,0.24
2023-11-20 14:00:00,2023-11-20 23:00:00,long,3957.0,4031.0,58.688768005371095,1.8539540057294381,4,0.8
2023-11-20 23:00:00,2023-11-21 09:00:00,long,4033.0,4032.0,-0.3725849962234497,-0.03079469346420776,1,0.3
2023-11-21 09:00:00,2023-11-21 11:00:00,long,4034.0,4030.0,-2.2016000002622604,-0.10915220625990384,2,0.5
2023-11-21 11:00:00,2023-11-21 13:00:00,long,4032.0,4020.0,-3.6724679982662196,-0.3036101189042841,1,0.3
2023-11-21 13:00:00,2023-11-21 15:00:00,long,4022.0,3987.0,-5.268020249605178,-0.8732007706953717,2,0.15
2023-11-21 15:00:00,2023-11-21 22:00:00,short,3987.0,4005.0,-12.991607999205588,-0.46549887130336415,2,0.7
2023-11-22 11:00:00,2023-11-22 13:00:00,long,3978.0,3972.0,-5.30879997253418,-0.16681749536620724,1,0.8
2023-11-22 13:00:00,2023-11-22 14:00:00,short,3972.0,3975.0,-2.4894029837846756,-0.08953398733220672,1,0.7
2023-11-24 10:00:00,2023-11-24 13:00:00,long,3940.0,3933.0,-1.72534847946167,-0.18246071060296848,2,0.24
2023-11-24 13:00:00,2023-11-24 14:00:00,short,3933.0,3936.0,-2.485580992102623,-0.09028298979705145,1,0.7
2023-11-24 14:00:00,2023-11-24 15:00:00,long,3936.0,3970.0,10.128846005201341,0.8577952240177288,1,0.3
2023-11-24 15:00:00,2023-11-24 22:00:00,long,3972.0,3928.0,-35.70559997558594,-1.1236656588490035,2,0.8
2023-11-24 22:00:00,2023-11-24 23:00:00,long,3930.0,3933.0,0.6747091232299804,0.07153404614397588,1,0.24
2023-11-24 23:00:00,2023-11-27 09:00:00,short,3933.0,3939.0,-4.585727987289428,-0.1665659797061287,1,0.7
2023-11-27 15:00:00,2023-11-27 21:00:00,long,3960.0,3958.0,-0.671262001991272,-0.05650353552115084,1,0.3
2023-11-27 21:00:00,2023-11-27 22:00:00,long,3960.0,3937.0,-5.565486721801758,-0.5855941416037203,1,0.24
2023-11-27 22:00:00,2023-11-27 23:00:00,short,3937.0,3935.0,1.0142720127105713,0.0368036580685283,1,0.7
2023-11-29 09:00:00,2023-11-29 10:00:00,long,3908.0,3915.0,1.6349395202636718,0.1743154555040592,1,0.24
2023-11-29 10:00:00,2023-11-29 13:00:00,long,3917.0,3906.0,-9.300671997070314,-0.29680469737906284,2,0.8
2023-11-29 13:00:00,2023-11-29 14:00:00,long,3908.0,3898.0,-3.0702539956569668,-0.2618776864258757,1,0.3
2023-11-29 14:00:00,2023-11-29 15:00:00,long,3900.0,3898.0,-0.5249164764404297,-0.05608082013252454,1,0.24
2023-11-29 15:00:00,2023-11-29 21:00:00,short,3898.0,3907.0,-6.682444968223571,-0.24490379565431253,1,0.7
2023-11-30 13:00:00,2023-11-30 14:00:00,long,3886.0,3907.0,4.995112321472168,0.5355884715937733,1,0.24
2023-11-30 15:00:00,2023-11-30 21:00:00,long,3915.0,3910.0,-5.7825000286102295,-0.14770115015607227,1,1.0
2023-11-30 21:00:00,2023-11-30 23:00:00,long,3912.0,3923.0,8.298560028076173,0.26516360007912104,2,0.8
2023-11-30 23:00:00,2023-12-01 09:00:00,long,3925.0,3923.0,-0.6706319940090179,-0.05695388484153018,1,0.3
2023-12-01 09:00:00,2023-12-01 11:00:00,long,3925.0,3896.0,-7.005048957824706,-0.7436357704697141,2,0.24
2023-12-01 11:00:00,2023-12-01 13:00:00,long,3898.0,3899.0,0.13245675042271612,0.022653796891177722,1,0.15
2023-12-01 23:00:00,2023-12-04 09:00:00,long,3957.0,3949.0,-8.790599942207336,-0.22215314486245483,1,1.0
2023-12-04 09:00:00,2023-12-04 10:00:00,long,3951.0,3930.0,-17.30438400268555,-0.5474684890750932,1,0.8
2023-12-04 10:00:00,2023-12-04 11:00:00,long,3932.0,3931.0,-0.3707669949531555,-0.03143158655079311,1,0.3
2023-12-04 11:00:00,2023-12-04 14:00:00,long,3933.0,3910.0,-3.467646749317646,-0.5877865495919393,2,0.15
2023-12-04 23:00:00,2023-12-05 11:00:00,short,3910.0,3897.0,8.717457015514373,0.31850409263844986,3,0.7
2023-12-05 23:00:00,2023-12-06 09:00:00,long,3908.0,3909.0,0.2296469986438751,0.01958776856396069,1,0.3
2023-12-06 09:00:00,2023-12-06 10:00:00,short,3909.0,3927.0,-12.983963986635207,-0.47450805783851213,1,0.7
2023-12-06 14:00:00,2023-12-06 15:00:00,long,3940.0,3949.0,8.211099982261658,0.20840355284928064,1,1.0
2023-12-06 15:00:00,2023-12-06 21:00:00,long,3951.0,3952.0,0.2942079925537109,0.009308023049661822,1,0.8
2023-12-06 21:00:00,2023-12-06 22:00:00,long,3954.0,3990.0,10.728504002094269,0.9044430957759457,1,0.3
2023-12-06 22:00:00,2023-12-06 23:00:00,long,3992.0,3990.0,-1.1995500028133392,-0.06009769553173042,1,0.5
2023-12-06 23:00:00,2023-12-07 09:00:00,long,3992.0,3984.0,-2.471783997416496,-0.2063947893634349,1,0.3
2023-12-07 09:00:00,2023-12-07 11:00:00,long,3986.0,4001.0,7.300325006246567,0.3662982943425272,2,0.5
2023-12-07 11:00:00,2023-12-07 13:00:00,long,4003.0,4005.0,0.5279280030727387,0.043961029483948595,1,0.3
2023-12-07 13:00:00,2023-12-07 14:00:00,long,4007.0,4006.0,-0.7003249973058701,-0.03495507847795708,1,0.5
2023-12-07 14:00:00,2023-12-07 23:00:00,long,4008.0,4044.0,5.381883000433445,0.8951901198325757,4,0.15
2023-12-07 23:00:00,2023-12-08 09:00:00,long,4046.0,4044.0,-0.672810001373291,-0.05543005448783086,1,0.3
2023-12-08 09:00:00,2023-12-08 10:00:00,long,4046.0,4053.0,3.297525003552437,0.16300173027940865,1,0.5
2023-12-08 10:00:00,2023-12-08 21:00:00,long,4055.0,4041.0,-2.1182159999012944,-0.348247595544808,5,0.15
2023-12-08 21:00:00,2023-12-08 23:00:00,short,4041.0,4048.0,-5.296360999345779,-0.18723657508204403,2,0.7
2023-12-08 23:00:00,2023-12-11 09:00:00,long,4048.0,4043.0,-1.5728190028667448,-0.12951408126373062,1,0.3
2023-12-11 09:00:00,2023-12-11 10:00:00,long,4045.0,4019.0,-21.316095962524415,-0.6587174277665147,1,0.8
2023-12-11 10:00:00,2023-12-11 13:00:00,short,4019.0,4028.0,-6.694303008317947,-0.23795197839967108,2,0.7
2023-12-11 15:00:00,2023-12-11 23:00:00,long,4025.0,4030.0,3.48447998046875,0.10821366398971273,3,0.8
2023-12-11 23:00:00,2023-12-12 10:00:00,short,4030.0,4041.0,-8.095478999018669,-0.2869719602629801,2,0.7
2023-12-12 10:00:00,2023-12-12 11:00:00,long,4041.0,4033.0,-1.9665062393188475,-0.20276604793768535,1,0.24
2023-12-12 11:00:00,2023-12-12 13:00:00,short,4033.0,4048.0,-10.895968992710113,-0.38595759954341374,1,0.7
2023-12-12 15:00:00,2023-12-12 21:00:00,long,4051.0,4049.0,-2.809999942779541,-0.06936558733101804,1,1.0
2023-12-12 21:00:00,2023-12-12 22:00:00,long,4051.0,4030.0,-17.317183990478515,-0.534349049323578,1,0.8
2023-12-12 22:00:00,2023-12-12 23:00:00,long,4032.0,4021.0,-2.6863852798461916,-0.27761091268251814,1,0.24
2023-12-12 23:00:00,2023-12-13 10:00:00,short,4021.0,4021.0,-0.39405799686908716,-0.013999999888765664,2,0.7
2023-12-14 10:00:00,2023-12-14 13:00:00,long,3955.0,3959.0,0.9144153625488282,0.09633537321416226,2,0.24
2023-12-14 13:00:00,2023-12-14 14:00:00,long,3961.0,3931.0,-24.505087966918946,-0.7733239070600525,1,0.8
2023-12-14 14:00:00,2023-12-14 15:00:00,long,3933.0,3922.0,-2.685244799423218,-0.28447800654962474,1,0.24
2023-12-14 15:00:00,2023-12-14 21:00:00,short,3922.0,3930.0,-5.984747999906539,-0.21799184089409704,1,0.7
2023-12-14 22:00:00,2023-12-14 23:00:00,long,3949.0,3941.0,-8.78899997472763,-0.2225626734547387,1,1.0
2023-12-15 11:00:00,2023-12-15 13:00:00,long,3958.0,3944.0,-14.790199995040894,-0.37367862544317565,1,1.0
2023-12-15 13:00:00,2023-12-15 14:00:00,long,3946.0,3909.0,-30.102719993591307,-0.9535833753671853,1,0.8
2023-12-15 14:00:00,2023-12-15 15:00:00,long,3911.0,3915.0,0.9149222408294677,0.09747317830365931,1,0.24
2023-12-15 15:00:00,2023-12-15 22:00:00,short,3915.0,3909.0,3.816623994112015,0.1392674327353408,2,0.7
2023-12-18 15:00:00,2023-12-18 21:00:00,long,3936.0,3932.0,-1.0053196781158447,-0.10642357703631487,1,0.24
2023-12-18 22:00:00,2023-12-18 23:00:00,long,3937.0,3930.0,-7.786700010299683,-0.19778257582676362,1,1.0
2023-12-18 23:00:00,2023-12-19 10:00:00,long,3932.0,3926.0,-5.302911987304688,-0.16858189176324667,2,0.8
2023-12-19 10:00:00,2023-12-19 11:00:00,long,3928.0,3939.0,2.5946860794067383,0.2752340121570285,1,0.24
2023-12-19 11:00:00,2023-12-19 13:00:00,long,3941.0,3912.0,-4.367669249027967,-0.7388428062298854,1,0.15
2023-12-19 13:00:00,2023-12-19 14:00:00,short,3912.0,3915.0,-2.483522971868515,-0.09069248363528028,1,0.7
2023-12-20 09:00:00,2023-12-20 10:00:00,long,3932.0,3945.0,12.212300062179565,0.3105874888651975,1,1.0
2023-12-20 10:00:00,2023-12-20 11:00:00,long,3947.0,3936.0,-9.304511985778808,-0.29467038211866,1,0.8
2023-12-20 11:00:00,2023-12-20 13:00:00,long,3938.0,3941.0,1.3030250072479248,0.06617699376576561,1,0.5
2023-12-20 13:00:00,2023-12-20 14:00:00,long,3943.0,3948.0,1.4289810061454773,0.12080319605591996,1,0.3
2023-12-20 14:00:00,2023-12-20 15:00:00,long,3950.0,3938.0,-6.197200000286102,-0.31378227849549883,1,0.5
2023-12-20 15:00:00,2023-12-20 23:00:00,long,3940.0,3937.0,-0.46772324994206427,-0.07914098983791275,3,0.15
2023-12-20 23:00:00,2023-12-21 10:00:00,short,3937.0,3940.0,-2.485972998738289,-0.09020548636519064,2,0.7
2023-12-21 14:00:00,2023-12-21 15:00:00,long,3976.0,3985.0,8.20389997959137,0.20633551256517532,1,1.0
2023-12-21 15:00:00,2023-12-21 23:00:00,long,3987.0,3985.0,-2.110207977294922,-0.0661590160927678,3,0.8
2023-12-21 23:00:00,2023-12-22 09:00:00,long,3987.0,3987.0,-0.07176599979400634,-0.00599999998277789,1,0.3
2023-12-22 09:00:00,2023-12-22 11:00:00,long,3989.0,4026.0,18.299625009298325,0.9175043875306256,2,0.5
2023-12-22 11:00:00,2023-12-22 14:00:00,long,4028.0,4002.0,-7.8722699975967405,-0.6514622639520639,2,0.3
2023-12-22 14:00:00,2023-12-22 23:00:00,long,4004.0,3994.0,-1.517995499521494,-0.2527465034168322,4,0.15
2023-12-22 23:00:00,2023-12-25 09:00:00,short,3994.0,3993.0,0.3086370122432709,0.011039309401361719,1,0.7
2023-12-25 11:00:00,2023-12-25 13:00:00,long,3994.0,3987.0,-2.171828999519348,-0.18125763641456752,1,0.3
2023-12-25 15:00:00,2023-12-25 21:00:00,long,3998.0,3999.0,0.20029997825622559,0.0050100044586349575,1,1.0
2023-12-25 21:00:00,2023-12-25 23:00:00,long,4001.0,4018.0,13.086784019470215,0.4088597856620287,2,0.8
2023-12-25 23:00:00,2023-12-26 09:00:00,long,4020.0,4018.0,-0.6723419988155365,-0.05574975114556687,1,0.3
2023-12-26 09:00:00,2023-12-26 11:00:00,long,4020.0,4018.0,-1.2009499967098236,-0.05974875605521511,2,0.5
2023-12-26 11:00:00,2023-12-26 14:00:00,long,4020.0,4029.0,2.627559006214142,0.21787388111228373,2,0.3
2023-12-26 14:00:00,2023-12-26 15:00:00,long,4031.0,4021.0,-5.201299995183945,-0.2580649960398881,1,0.5
2023-12-26 15:00:00,2023-12-26 21:00:00,long,4023.0,4022.0,-0.3724049985408783,-0.030856326003884188,1,0.3
2023-12-26 21:00:00,2023-12-26 22:00:00,long,4024.0,4020.0,-2.201099991798401,-0.10939860794226645,1,0.5
2023-12-26 22:00:00,2023-12-26 23:00:00,long,4022.0,3996.0,-3.918040500283241,-0.6494348583264117,1,0.15
2023-12-26 23:00:00,2023-12-27 11:00:00,short,3996.0,4019.0,-16.492734981775286,-0.5896158652143316,3,0.7
2023-12-27 21:00:00,2023-12-27 22:00:00,long,4024.0,4015.0,-9.803900003433228,-0.24363568597001065,1,1.0
2023-12-27 22:00:00,2023-12-27 23:00:00,long,4017.0,4011.0,-1.8722519946098328,-0.15536071650567032,1,0.3
2023-12-27 23:00:00,2023-12-28 10:00:00,long,4013.0,4016.0,0.6737529624938964,0.06995524571121942,2,0.24
2023-12-28 21:00:00,2023-12-28 22:00:00,short,3989.0,4012.0,-16.492048984766004,-0.5906259708758373,1,0.7
2023-12-28 22:00:00,2023-12-28 23:00:00,long,4012.0,4010.0,-0.5262067176818848,-0.0546492520025221,1,0.24
2023-12-29 13:00:00,2023-12-29 14:00:00,long,4007.0,4001.0,-1.8720719969272612,-0.15573346617812672,1,0.3
2024-01-02 10:00:00,2024-01-02 11:00:00,long,4038.0,4048.0,2.9272260046005245,0.2416399211326172,1,0.3
2024-01-02 11:00:00,2024-01-02 13:00:00,long,4050.0,4046.0,-1.0066329597473143,-0.1035630617023986,1,0.24
2024-01-02 13:00:00,2024-01-02 15:00:00,long,4048.0,4044.0,-3.7178879928588873,-0.11480632389015831,2,0.8
2024-01-02 15:00:00,2024-01-02 21:00:00,long,4046.0,4047.0,0.2271630048751831,0.01871502758899185,1,0.3
2024-01-02 21:00:00,2024-01-02 22:00:00,long,4049.0,4059.0,2.353297922515869,0.24216863448957246,1,0.24
2024-01-02 22:00:00,2024-01-03 11:00:00,long,4061.0,4053.0,-1.2182564985752107,-0.19999285866785038,4,0.15
2024-01-03 11:00:00,2024-01-03 13:00:00,long,4055.0,4049.0,-1.8729360008239744,-0.15396103582605628,1,0.3
2024-01-03 13:00:00,2024-01-03 14:00:00,long,4051.0,4048.0,-1.7024749964475632,-0.0840520857293292,1,0.5
2024-01-03 14:00:00,2024-01-03 15:00:00,long,4050.0,4055.0,1.4270549976825713,0.11745308622901822,1,0.3
2024-01-03 15:00:00,2024-01-03 23:00:00,long,4057.0,4048.0,-1.368236250579357,-0.22483546965399015,3,0.15
2024-01-03 23:00:00,2024-01-04 10:00:00,short,4048.0,4055.0,-5.297046996355056,-0.1869370058002208,2,0.7
2024-01-04 10:00:00,2024-01-04 11:00:00,long,4055.0,4033.0,-6.6727919983863835,-0.5485237976478737,1,0.3
2024-01-04 11:00:00,2024-01-04 13:00:00,short,4033.0,4032.0,0.3048150205612183,0.01079717404842968,1,0.7
2024-01-04 13:00:00,2024-01-04 14:00:00,long,4032.0,4041.0,6.683328018188476,0.2071964291353074,1,0.8
2024-01-04 14:00:00,2024-01-04 15:00:00,long,4043.0,4045.0,0.5272080016136169,0.04346673275732681,1,0.3
2024-01-04 15:00:00,2024-01-04 21:00:00,long,4047.0,4046.0,-0.2866156768798828,-0.029509068124524626,1,0.24
2024-01-04 23:00:00,2024-01-05 09:00:00,long,4032.0,4031.0,-1.3160319900512698,-0.04079960286617279,1,0.8
2024-01-05 09:00:00,2024-01-05 10:00:00,long,4033.0,4009.0,-7.272377994060516,-0.6010726501413767,1,0.3
2024-01-05 10:00:00,2024-01-05 11:00:00,long,4011.0,4009.0,-2.11327995300293,-0.06585888659321022,1,0.8
2024-01-09 15:00:00,2024-01-09 23:00:00,long,3945.0,3928.0,-14.103871994018556,-0.44689074759247643,3,0.8
2024-01-09 23:00:00,2024-01-10 10:00:00,long,3930.0,3922.0,-2.4706679999828336,-0.2095562340952361,2,0.3
2024-01-10 23:00:00,2024-01-11 09:00:00,long,3907.0,3907.0,-0.04500863800048828,-0.004799999786759692,1,0.24
2024-01-11 13:00:00,2024-01-11 14:00:00,long,3925.0,3918.0,-7.784299969673157,-0.1983261138770231,1,1.0
2024-01-11 14:00:00,2024-01-11 15:00:00,long,3920.0,3925.0,3.4979199981689457,0.11154081626814238,1,0.8
2024-01-11 15:00:00,2024-01-11 21:00:00,long,3927.0,3925.0,-0.6706679999828339,-0.05692793480883065,1,0.3
2024-01-11 21:00:00,2024-01-11 23:00:00,long,3927.0,3908.0,-2.867628749012947,-0.48682263797860065,2,0.15
2024-01-11 23:00:00,2024-01-12 10:00:00,short,3908.0,3923.0,-10.883719004392622,-0.397854913159549,2,0.7
2024-01-12 22:00:00,2024-01-15 10:00:00,long,3876.0,3900.0,18.702336006164554,0.6031455110347185,3,0.8
2024-01-15 10:00:00,2024-01-15 14:00:00,short,3900.0,3913.0,-9.482836974859238,-0.34735666574575963,3,0.7
2024-01-15 15:00:00,2024-01-15 21:00:00,long,3899.0,3888.0,-11.77869999408722,-0.30209540892760245,1,1.0
2024-01-15 21:00:00,2024-01-15 22:00:00,long,3890.0,3901.0,8.301375999450684,0.2667537274887752,1,0.8
2024-01-15 22:00:00,2024-01-15 23:00:00,long,3903.0,3892.0,-2.6848992004394527,-0.2866277223118384,1,0.24
2024-01-15 23:00:00,2024-01-16 11:00:00,long,3894.0,3885.0,-7.697855987548829,-0.24710631701171126,3,0.8
2024-01-16 13:00:00,2024-01-16 15:00:00,short,3879.0,3895.0,-11.580926008224488,-0.4265063163637347,2,0.7
2024-01-16 23:00:00,2024-01-17 09:00:00,long,3912.0,3910.0,-2.78219997882843,-0.07111963136064493,1,1.0
2024-01-17 09:00:00,2024-01-17 10:00:00,long,3912.0,3903.0,-7.70015998840332,-0.24604294441472777,1,0.8
2024-01-17 10:00:00,2024-01-17 11:00:00,long,3905.0,3884.0,-6.370100997090339,-0.5437559536568792,1,0.3
2024-01-17 11:00:00,2024-01-17 13:00:00,long,3886.0,3888.0,0.4352217590332031,0.046665568604520834,1,0.24
2024-01-17 23:00:00,2024-01-18 09:00:00,short,3883.0,3886.0,-2.480680996775627,-0.09126525870187363,1,0.7
2024-01-18 14:00:00,2024-01-18 15:00:00,long,3897.0,3911.0,3.3150259208679196,0.35444208374689073,1,0.24
2024-01-18 15:00:00,2024-01-18 21:00:00,long,3913.0,3912.0,-1.3007999801635743,-0.04155379440849649,1,0.8
2024-01-18 21:00:00,2024-01-18 22:00:00,long,3914.0,3900.0,-4.270325996875763,-0.3636796113844118,1,0.3
2024-01-18 22:00:00,2024-01-18 23:00:00,short,3900.0,3898.0,1.017898030281067,0.03728564213483762,1,0.7
2024-01-19 10:00:00,2024-01-19 11:00:00,long,3908.0,3918.0,9.217400014400482,0.2358597751893675,1,1.0
2024-01-19 11:00:00,2024-01-19 13:00:00,long,3920.0,3912.0,-2.4704879969358444,-0.2100755099435242,1,0.3
2024-01-19 13:00:00,2024-01-19 14:00:00,short,3912.0,3911.0,0.316673002243042,0.011564161636102908,1,0.7
2024-01-19 21:00:00,2024-01-19 22:00:00,long,3916.0,3911.0,-5.782699942588806,-0.14766853785977543,1,1.0
2024-01-19 22:00:00,2024-01-19 23:00:00,long,3913.0,3908.0,-1.5703889966011046,-0.13377536388117428,1,0.3
2024-01-19 23:00:00,2024-01-22 09:00:00,short,3908.0,3910.0,-1.7830820155143736,-0.06518065563365893,1,0.7
2024-01-22 09:00:00,2024-01-22 10:00:00,long,3910.0,3915.0,3.4991999816894537,0.11186700708725873,1,0.8
2024-01-22 10:00:00,2024-01-22 11:00:00,long,3917.0,3917.0,-0.045123839950561524,-0.004799999994741035,1,0.24
2024-01-22 11:00:00,2024-01-22 13:00:00,long,3919.0,3912.0,-6.101184005737306,-0.19460270495462187,1,0.8
2024-01-22 13:00:00,2024-01-22 14:00:00,short,3912.0,3913.0,-1.0834249848127364,-0.039564160999588684,1,0.7
2024-01-23 13:00:00,2024-01-23 14:00:00,long,3929.0,3930.0,0.21410000324249268,0.005449223803575787,1,1.0
2024-01-23 14:00:00,2024-01-23 21:00:00,long,3932.0,3929.0,-2.9031039810180665,-0.09229094547997413,2,0.8
2024-01-23 21:00:00,2024-01-23 22:00:00,long,3931.0,3941.0,2.354657281494141,0.24958209122934588,1,0.24
2024-01-23 22:00:00,2024-01-24 10:00:00,long,3943.0,3937.0,-0.9177299997210503,-0.15516611712250405,3,0.15
2024-01-24 10:00:00,2024-01-24 11:00:00,long,3939.0,3936.0,-1.6968749910593033,-0.08615765377300347,1,0.5
2024-01-24 11:00:00,2024-01-24 13:00:00,long,3938.0,3940.0,0.5290980041027069,0.0447856783564167,1,0.3
2024-01-24 13:00:00,2024-01-24 14:00:00,long,3942.0,3943.0,0.30287501215934753,0.01536656581224493,1,0.5
2024-01-24 14:00:00,2024-01-24 22:00:00,long,3945.0,3970.0,3.7321912506222725,0.6307040558719514,3,0.15
2024-01-24 22:00:00,2024-01-24 23:00:00,long,3972.0,3975.0,1.3013250082731247,0.06552492488787133,1,0.5
2024-01-24 23:00:00,2024-01-25 09:00:00,long,3977.0,3974.0,-0.971558997631073,-0.08143148081728883,1,0.3
2024-01-25 09:00:00,2024-01-25 10:00:00,long,3976.0,3980.0,1.8011000007390976,0.09059859158647372,1,0.5
2024-01-25 10:00:00,2024-01-25 13:00:00,long,3982.0,3984.0,0.5283060014247895,0.044224510415602665,2,0.3
2024-01-25 13:00:00,2024-01-25 14:00:00,long,3986.0,3983.0,-1.6992249935865402,-0.08525965848402109,1,0.5
2024-01-25 14:00:00,2024-01-25 15:00:00,long,3985.0,3963.0,-6.671531998515129,-0.5580537012559706,1,0.3
2024-01-25 15:00:00,2024-01-25 22:00:00,short,3963.0,3974.0,-8.088912990093231,-0.2915869287370041,2,0.7
2024-01-26 13:00:00,2024-01-26 14:00:00,long,3979.0,3983.0,3.2038000226020813,0.08051771858763712,1,1.0
2024-01-26 14:00:00,2024-01-26 15:00:00,long,3985.0,3974.0,-9.30937599182129,-0.2920130486769539,1,0.8
2024-01-26 15:00:00,2024-01-26 21:00:00,long,3976.0,3972.0,-1.271531998515129,-0.10660060349724422,1,0.3
2024-01-26 21:00:00,2024-01-26 23:00:00,long,3974.0,3979.0,1.1541907196044923,0.12101479613367014,2,0.24
2024-01-26 23:00:00,2024-01-29 09:00:00,long,3981.0,3980.0,-0.37164900183677674,-0.031118563328876893,1,0.3
2024-01-29 09:00:00,2024-01-29 13:00:00,long,3982.0,3968.0,-2.1178874990344045,-0.35457684564446756,3,0.15
2024-01-29 13:00:00,2024-01-29 14:00:00,long,3970.0,3959.0,-5.698224991559982,-0.2870642313128455,1,0.5
2024-01-29 14:00:00,2024-01-29 15:00:00,long,3961.0,3966.0,0.7321642515063286,0.12322885660293337,1,0.15
2024-01-29 15:00:00,2024-01-29 21:00:00,short,3966.0,3969.0,-2.4888149738311767,-0.08964825926918725,1,0.7
2024-01-30 11:00:00,2024-01-30 13:00:00,short,3962.0,3948.0,9.412409995794295,0.3393816252900518,1,0.7
2024-02-05 09:00:00,2024-02-05 10:00:00,long,3851.0,3845.0,-1.4843289585113524,-0.16059994790437035,1,0.24
2024-02-07 13:00:00,2024-02-07 14:00:00,short,3817.0,3818.0,-1.074114987850189,-0.04020041872263891,1,0.7
2024-02-07 15:00:00,2024-02-07 21:00:00,long,3841.0,3840.0,-0.284242561340332,-0.030834262056358155,1,0.24
2024-02-07 21:00:00,2024-02-07 23:00:00,long,3842.0,3846.0,2.70796802520752,0.08810411326156688,2,0.8
2024-02-07 23:00:00,2024-02-08 09:00:00,long,3848.0,3850.0,0.5307180047035217,0.0459734931309357,1,0.3
2024-02-08 09:00:00,2024-02-08 11:00:00,long,3852.0,3849.0,-2.892863998413086,-0.09387538935660326,2,0.8
2024-02-08 11:00:00,2024-02-08 13:00:00,long,3851.0,3847.0,-1.2692819952964782,-0.10986600842175004,1,0.3
2024-02-08 13:00:00,2024-02-19 10:00:00,long,3849.0,3830.0,-2.8672777497768402,-0.49662730575506026,4,0.15
2024-02-19 10:00:00,2024-02-19 11:00:00,long,3832.0,3812.0,-10.191100001335144,-0.5318945720947361,1,0.5
2024-02-19 11:00:00,2024-02-19 14:00:00,long,3814.0,3811.0,-0.46715624973177905,-0.08165639743607395,2,0.15
2024-02-19 21:00:00,2024-02-19 22:00:00,long,3806.0,3797.0,-9.760299980640411,-0.2564450861965426,1,1.0
2024-02-19 22:00:00,2024-02-19 23:00:00,short,3797.0,3812.0,-10.872841010093689,-0.4090763764661458,1,0.7
2024-02-21 11:00:00,2024-02-21 14:00:00,long,3779.0,3821.0,10.036224000549316,1.106578459970596,2,0.24
2024-02-21 14:00:00,2024-02-21 21:00:00,long,3823.0,3781.0,-12.668435994386673,-1.104580695299213,2,0.3
2024-02-21 21:00:00,2024-02-21 23:00:00,long,3783.0,3806.0,5.476287364196777,0.6031684910781541,2,0.24
2024-02-21 23:00:00,2024-02-22 09:00:00,long,3808.0,3806.0,-0.6685259985923767,-0.058519432649892913,1,0.3
2024-02-22 09:00:00,2024-02-22 10:00:00,long,3808.0,3793.0,-2.267102250158787,-0.3969016544395635,1,0.15
2024-02-22 10:00:00,2024-02-22 13:00:00,short,3793.0,3797.0,-3.1719100016355517,-0.11946480364715271,2,0.7
2024-02-22 13:00:00,2024-02-22 14:00:00,long,3797.0,3773.0,-5.803603198242188,-0.6368627862174291,1,0.24
2024-02-22 14:00:00,2024-02-22 15:00:00,short,3773.0,3795.0,-15.770831997990607,-0.5971311952591953,1,0.7
2024-02-22 21:00:00,2024-02-22 22:00:00,long,3798.0,3794.0,-3.685887985229492,-0.12131016275768469,1,0.8
2024-02-22 22:00:00,2024-02-22 23:00:00,long,3796.0,3804.0,2.3316000008583067,0.2047418335843262,1,0.3
2024-02-22 23:00:00,2024-02-23 09:00:00,long,3806.0,3806.0,-0.0438451171875,-0.004799999692098003,1,0.24
2024-02-23 09:00:00,2024-02-23 10:00:00,short,3806.0,3803.0,1.7271590191125867,0.06482842951402248,1,0.7
2024-02-23 11:00:00,2024-02-23 13:00:00,long,3802.0,3793.0,-9.75950002670288,-0.25669384604689327,1,1.0
2024-02-23 14:00:00,2024-02-23 15:00:00,long,3795.0,3789.0,-5.2853759765625,-0.17409011780508893,1,0.8
2024-02-23 15:00:00,2024-02-23 21:00:00,short,3789.0,3790.0,-1.0713709998130796,-0.04039403535848433,1,0.7
2024-02-27 11:00:00,2024-02-27 14:00:00,long,3801.0,3794.0,-6.0860799789428714,-0.2001473289576056,2,0.8
2024-02-27 14:00:00,2024-02-27 15:00:00,long,3796.0,3821.0,7.431447002291679,0.6525682299167264,1,0.3
2024-02-27 15:00:00,2024-02-27 22:00:00,long,3823.0,3815.0,-6.888831977844238,-0.2252430021528982,2,0.8
2024-02-27 22:00:00,2024-02-27 23:00:00,long,3817.0,3810.0,-2.168642996549606,-0.18938459493053936,1,0.3
2024-02-27 23:00:00,2024-02-28 10:00:00,long,3812.0,3813.0,0.1328437502682209,0.023232555136100192,2,0.15
2024-02-28 10:00:00,2024-02-28 11:00:00,short,3813.0,3815.0,-1.7737719893455504,-0.06645580867504217,1,0.7
2024-02-28 21:00:00,2024-02-28 22:00:00,short,3799.0,3796.0,1.7278450161218641,0.06497367788974032,1,0.7
2024-03-01 10:00:00,2024-03-01 11:00:00,long,3794.0,3791.0,-2.8854399871826173,-0.09506589309378681,1,0.8
2024-03-01 11:00:00,2024-03-01 13:00:00,long,3793.0,3787.0,-1.8682200014591217,-0.16418138689332293,1,0.3
2024-03-01 13:00:00,2024-03-01 14:00:00,short,3787.0,3793.0,-4.5714200079441065,-0.17244784820038883,1,0.7
2024-03-01 15:00:00,2024-03-01 23:00:00,long,3766.0,3756.0,-8.481408004760743,-0.281512480242988,3,0.8
2024-03-01 23:00:00,2024-03-04 09:00:00,long,3758.0,3759.0,0.23234700143337247,0.02060910071255743,1,0.3
2024-03-04 09:00:00,2024-03-04 10:00:00,long,3761.0,3741.0,-16.480128021240233,-0.5477309233328979,1,0.8
2024-03-04 15:00:00,2024-03-04 22:00:00,long,3763.0,3746.0,-4.123251838302612,-0.45655636441476355,2,0.24
2024-03-05 13:00:00,2024-03-05 15:00:00,long,3729.0,3723.0,-5.27692798614502,-0.17688817330869602,2,0.8
2024-03-05 21:00:00,2024-03-06 09:00:00,short,3714.0,3713.0,0.3360770094394684,0.012927033211765075,3,0.7
2024-03-06 23:00:00,2024-03-07 09:00:00,long,3718.0,3717.0,-1.743499994277954,-0.04689349097035918,1,1.0
2024-03-07 09:00:00,2024-03-07 13:00:00,long,3719.0,3704.0,-12.475071983337402,-0.4193019623332012,3,0.8
2024-03-07 13:00:00,2024-03-07 14:00:00,long,3706.0,3707.0,0.19730112075805664,0.022182622859108724,1,0.24
2024-03-07 14:00:00,2024-03-07 15:00:00,long,3709.0,3706.0,-0.46668375045061106,-0.08388312221634063,1,0.15
2024-03-07 22:00:00,2024-03-07 23:00:00,long,3708.0,3695.0,-13.740299940109253,-0.3705582508120079,1,1.0
2024-03-08 21:00:00,2024-03-08 22:00:00,long,3688.0,3674.0,-3.402405118560791,-0.3844004336768789,1,0.24
2024-03-08 23:00:00,2024-03-11 13:00:00,long,3657.0,3624.0,-26.865983963012695,-0.9183068075954571,4,0.8
2024-03-12 11:00:00,2024-03-12 13:00:00,long,3614.0,3614.0,-0.04163327751159668,-0.004799999713106055,1,0.24
2024-03-12 15:00:00,2024-03-12 21:00:00,long,3632.0,3634.0,1.273400068283081,0.03506057456726545,1,1.0
2024-03-12 21:00:00,2024-03-12 23:00:00,long,3636.0,3628.0,-6.864896011352539,-0.23600440083032656,2,0.8
2024-03-12 23:00:00,2024-03-13 09:00:00,long,3630.0,3629.0,-0.16633274987339972,-0.03054779611999995,1,0.15
2024-03-13 09:00:00,2024-03-13 11:00:00,long,3631.0,3621.0,-5.18129999935627,-0.285392453834,2,0.5
2024-03-13 11:00:00,2024-03-13 13:00:00,long,3623.0,3616.0,-1.0662877491116525,-0.19620714860827168,1,0.15
2024-03-13 13:00:00,2024-03-13 15:00:00,short,3616.0,3589.0,18.5469550037384,0.7327336837760114,2,0.7
2024-03-15 11:00:00,2024-03-15 14:00:00,long,3506.0,3514.0,1.8795647987365722,0.22337478593085336,2,0.24
2024-03-15 14:00:00,2024-03-15 15:00:00,long,3516.0,3495.0,-6.363098999261856,-0.6032517064146622,1,0.3
2024-03-15 15:00:00,2024-03-15 21:00:00,long,3497.0,3487.0,-8.446976013183594,-0.3019365174858305,1,0.8
2024-03-15 21:00:00,2024-03-15 22:00:00,long,3489.0,3441.0,-11.55991679763794,-1.3805193462355425,1,0.24
2024-03-15 22:00:00,2024-03-15 23:00:00,long,3443.0,3481.0,29.956864013671876,1.0876003490296207,1,0.8
2024-03-18 10:00:00,2024-03-18 14:00:00,short,3506.0,3508.0,-1.743685991168022,-0.0710490583965456,3,0.7
2024-03-18 15:00:00,2024-03-18 22:00:00,long,3518.0,3512.0,-5.249919967651367,-0.18653780442195023,2,0.8
2024-03-18 22:00:00,2024-03-19 09:00:00,long,3514.0,3519.0,1.4367030000686645,0.1362837222603552,2,0.3
2024-03-19 09:00:00,2024-03-19 11:00:00,long,3521.0,3559.0,29.946880035400394,1.063152514747245,2,0.8
2024-03-19 11:00:00,2024-03-19 13:00:00,long,3561.0,3559.0,-1.1780000030994415,-0.06616119085085322,1,0.5
2024-03-19 13:00:00,2024-03-19 14:00:00,long,3561.0,3560.0,-0.3640889972448349,-0.03408115672047504,1,0.3
2024-03-19 14:00:00,2024-03-19 15:00:00,long,3562.0,3569.0,3.321725010871887,0.18650898432745017,1,0.5
2024-03-19 15:00:00,2024-03-20 22:00:00,long,3571.0,3561.0,-1.5160469993948935,-0.2830294034154567,11,0.15
2024-03-21 10:00:00,2024-03-21 11:00:00,long,3587.0,3585.0,-0.6645479983091355,-0.061755227052238224,1,0.3
2024-03-21 11:00:00,2024-03-21 13:00:00,long,3587.0,3612.0,5.958533759307861,0.6921445218041843,1,0.24
2024-03-21 13:00:00,2024-03-21 14:00:00,short,3612.0,3610.0,1.0461219823360444,0.04137486087391411,1,0.7
2024-03-21 14:00:00,2024-03-21 15:00:00,long,3610.0,3615.0,1.434975003004074,0.13250000027738448,1,0.3
2024-03-21 15:00:00,2024-03-21 21:00:00,long,3617.0,3608.0,-7.662399978637696,-0.2648050863504871,1,0.8
2024-03-21 21:00:00,2024-03-21 22:00:00,long,3610.0,3626.0,4.734875997304917,0.4371999997511465,1,0.3
2024-03-21 22:00:00,2024-03-21 23:00:00,long,3628.0,3623.0,-2.6812749952077866,-0.14781008793868725,1,0.5
2024-03-21 23:00:00,2024-03-22 10:00:00,long,3625.0,3607.0,-5.465087996721268,-0.5025368272847143,2,0.3
2024-03-22 10:00:00,2024-03-22 11:00:00,long,3609.0,3609.0,-0.016240499317646026,-0.0029999998739532697,1,0.15
2024-03-22 11:00:00,2024-03-22 13:00:00,short,3609.0,3608.0,0.34636702299118044,0.013710447017028084,1,0.7
2024-03-22 22:00:00,2024-03-22 23:00:00,short,3624.0,3614.0,6.645338027477265,0.2619575066019105,1,0.7
2024-03-22 23:00:00,2024-03-25 10:00:00,long,3614.0,3580.0,-8.201437435913085,-0.9455632535409849,2,0.24
2024-03-25 10:00:00,2024-03-25 11:00:00,long,3582.0,3589.0,5.141056022644044,0.17940591927149788,1,0.8
2024-03-25 11:00:00,2024-03-25 13:00:00,long,3591.0,3594.0,0.8353349983692169,0.07753968238830566,1,0.3
2024-03-25 13:00:00,2024-03-25 15:00:00,short,3594.0,3586.0,5.248180002570152,0.20860879253399128,2,0.7
2024-03-27 21:00:00,2024-03-28 11:00:00,long,3471.0,3466.0,-4.443967971801758,-0.16003918077649662,5,0.8
2024-03-28 23:00:00,2024-03-29 09:00:00,long,3478.0,3476.0,-0.5200550399780274,-0.06230293271732166,1,0.24
2024-03-29 09:00:00,2024-03-29 14:00:00,long,3478.0,3436.0,-34.04249599456787,-1.2234939618519218,4,0.8
2024-03-29 14:00:00,2024-03-29 15:00:00,long,3438.0,3414.0,-7.2616679978370655,-0.7040593366140262,1,0.3
2024-04-01 15:00:00,2024-04-01 22:00:00,long,3448.0,3522.0,17.719852798461915,2.1413201854289823,2,0.24
2024-04-01 22:00:00,2024-04-02 10:00:00,long,3524.0,3509.0,-12.45011199951172,-0.4416186151926688,3,0.8
2024-04-02 10:00:00,2024-04-02 11:00:00,long,3511.0,3493.0,-5.4630359995365145,-0.518659071445601,1,0.3
2024-04-02 11:00:00,2024-04-02 15:00:00,long,3495.0,3509.0,2.0842410001158713,0.39756623750421966,3,0.15
2024-04-02 21:00:00,2024-04-02 22:00:00,short,3499.0,3528.0,-20.644322980046272,-0.8428662466846149,1,0.7
2024-04-02 23:00:00,2024-04-03 09:00:00,long,3527.0,3528.0,0.2944999933242798,0.00834987222354068,1,1.0
2024-04-03 09:00:00,2024-04-03 10:00:00,long,3530.0,3512.0,-14.850687980651855,-0.5258742202780402,1,0.8
2024-04-03 10:00:00,2024-04-03 13:00:00,long,3514.0,3509.0,-1.5632069957256318,-0.14828372184838093,2,0.3
2024-04-03 13:00:00,2024-04-03 14:00:00,long,3511.0,3512.0,0.19954752273559567,0.023681230743329975,1,0.24
2024-04-03 14:00:00,2024-04-03 15:00:00,long,3514.0,3468.0,-6.915709499716758,-1.3120298804243518,1,0.15
2024-04-08 10:00:00,2024-04-08 11:00:00,short,3514.0,3520.0,-4.544666007757186,-0.1847575415788758,1,0.7
2024-04-08 11:00:00,2024-04-08 13:00:00,long,3520.0,3516.0,-1.0005273593902588,-0.11843363629146057,1,0.24
2024-04-08 21:00:00,2024-04-08 22:00:00,long,3559.0,3567.0,7.287400007247925,0.20475976418229627,1,1.0
2024-04-08 22:00:00,2024-04-08 23:00:00,long,3569.0,3559.0,-8.456191978454589,-0.29616811356313355,1,0.8
2024-04-08 23:00:00,2024-04-09 09:00:00,long,3561.0,3559.0,-0.6640800011157989,-0.06216231406119993,1,0.3
2024-04-09 09:00:00,2024-04-09 22:00:00,long,3561.0,3586.0,3.733919250369072,0.6990394552783061,7,0.15
2024-04-09 22:00:00,2024-04-10 10:00:00,long,3588.0,3588.0,-0.1793999969959259,-0.009999999832548824,3,0.5
2024-04-10 10:00:00,2024-04-10 11:00:00,long,3590.0,3577.0,-3.964502996206283,-0.36810612778145624,1,0.3
2024-04-10 11:00:00,2024-04-10 15:00:00,long,3579.0,3583.0,0.5838855001330375,0.10876138588675377,3,0.15
2024-04-10 23:00:00,2024-04-11 09:00:00,long,3584.0,3581.0,-2.8585599899291996,-0.09969866036304406,1,0.8
2024-04-11 09:00:00,2024-04-11 11:00:00,long,3583.0,3595.0,3.5353979980945582,0.3289048281788593,2,0.3
2024-04-11 11:00:00,2024-04-11 14:00:00,long,3597.0,3615.0,4.278458880615234,0.4956050042414088,2,0.24
2024-04-11 14:00:00,2024-04-11 23:00:00,long,3617.0,3606.0,-9.262271995544435,-0.32009510628782256,4,0.8
2024-04-11 23:00:00,2024-04-12 15:00:00,long,3608.0,3627.0,2.8337212496995927,0.5235996396340711,6,0.15
2024-04-12 15:00:00,2024-04-12 21:00:00,long,3629.0,3627.0,-0.665304000377655,-0.06110994767866768,1,0.3
2024-04-12 21:00:00,2024-04-12 23:00:00,long,3629.0,3609.0,-10.180949985980988,-0.561088453346982,2,0.5
2024-04-12 23:00:00,2024-04-15 10:00:00,long,3611.0,3608.0,-0.4662427496910095,-0.08607823311935926,2,0.15
2024-04-15 14:00:00,2024-04-15 15:00:00,short,3610.0,3619.0,-6.654221016168594,-0.26332493138775603,1,0.7
2024-04-15 23:00:00,2024-04-16 09:00:00,long,3618.0,3619.0,0.33683200836181637,0.011637369000891943,1,0.8
2024-04-16 09:00:00,2024-04-16 10:00:00,short,3619.0,3610.0,5.9457789838314055,0.23470489021558466,1,0.7
2024-04-16 10:00:00,2024-04-16 13:00:00,long,3610.0,3619.0,6.737343978881836,0.23328753389480042,2,0.8
2024-04-17 13:00:00,2024-04-17 14:00:00,long,3629.0,3649.0,4.758078719329833,0.5463027830589045,1,0.24
2024-04-17 14:00:00,2024-04-17 23:00:00,long,3651.0,3690.0,30.730176010131835,1.0521150373230563,4,0.8
2024-04-17 23:00:00,2024-04-18 10:00:00,long,3692.0,3680.0,-3.666348001956939,-0.331017334954581,2,0.3
2024-04-18 10:00:00,2024-04-18 14:00:00,long,3682.0,3681.0,-0.1665667498111725,-0.030158745212958988,3,0.15
2024-04-18 14:00:00,2024-04-18 21:00:00,short,3681.0,3681.0,-0.36073798775672905,-0.013999999524846863,2,0.7
2024-04-19 11:00:00,2024-04-19 13:00:00,long,3688.0,3673.0,-3.64239935760498,-0.41151475027171236,1,0.24
2024-04-19 13:00:00,2024-04-19 15:00:00,short,3673.0,3673.0,-0.35995400369167324,-0.014000000143583418,2,0.7
2024-04-22 11:00:00,2024-04-22 13:00:00,long,3683.0,3670.0,-3.162353276824951,-0.35776464802526825,1,0.24
2024-04-22 21:00:00,2024-04-22 22:00:00,long,3671.0,3670.0,-1.7340999841690063,-0.04723780942982855,1,1.0
2024-04-22 22:00:00,2024-04-22 23:00:00,long,3672.0,3672.0,-0.06609599769115448,-0.005999999790409811,1,0.3
2024-04-23 10:00:00,2024-04-23 11:00:00,long,3673.0,3670.0,-3.7343000173568726,-0.10166893594764151,1,1.0
2024-04-23 11:00:00,2024-04-23 13:00:00,long,3672.0,3669.0,-2.8698239898681646,-0.09769281011261452,1,0.8
2024-04-23 13:00:00,2024-04-23 14:00:00,long,3671.0,3665.0,-1.4822553611755371,-0.16823928098333074,1,0.24
2024-04-23 14:00:00,2024-04-23 21:00:00,short,3665.0,3637.0,19.242202003598212,0.7500371079165158,2,0.7
2024-04-23 21:00:00,2024-04-23 22:00:00,long,3637.0,3654.0,13.13337600708008,0.45138080860187235,1,0.8
2024-04-23 22:00:00,2024-04-24 10:00:00,short,3654.0,3676.0,-15.759169990420341,-0.6161220576440825,3,0.7
2024-04-24 10:00:00,2024-04-24 11:00:00,long,3676.0,3684.0,2.3337600052356717,0.2116213280046855,1,0.3
2024-04-24 11:00:00,2024-04-24 14:00:00,long,3686.0,3681.0,-4.47148796081543,-0.15163754614810873,2,0.8
2024-04-24 14:00:00,2024-04-24 21:00:00,long,3683.0,3679.0,-1.2662579977512358,-0.11460385534901221,2,0.3
2024-04-24 21:00:00,2024-04-24 22:00:00,long,3681.0,3677.0,-1.0023820781707764,-0.113463515142033,1,0.24
2024-04-24 22:00:00,2024-04-25 09:00:00,long,3679.0,3676.0,-0.4665487495064735,-0.08454267455041652,2,0.15
2024-04-25 09:00:00,2024-04-25 10:00:00,short,3676.0,3693.0,-12.261080986261367,-0.4764915663866535,1,0.7
2024-04-25 10:00:00,2024-04-25 11:00:00,long,3693.0,3689.0,-1.0025203170776367,-0.11311042479890294,1,0.24
2024-04-25 11:00:00,2024-04-25 13:00:00,long,3691.0,3674.0,-5.166285002231597,-0.4665659714830306,1,0.3
2024-04-25 13:00:00,2024-04-25 14:00:00,long,3676.0,3685.0,2.1176006423950198,0.24002546273066508,1,0.24
2024-04-26 13:00:00,2024-04-26 14:00:00,long,3684.0,3681.0,-0.7624223979949951,-0.08623127013153672,1,0.24
2024-04-26 15:00:00,2024-04-26 21:00:00,long,3685.0,3679.0,-6.736400008201599,-0.18280597037182086,1,1.0
2024-04-26 21:00:00,2024-04-26 23:00:00,long,3681.0,3668.0,-10.870335998535158,-0.3691366476003517,2,0.8
2024-04-26 23:00:00,2024-04-29 09:00:00,long,3670.0,3667.0,-0.7622611186981201,-0.0865419072091417,1,0.24
2024-04-29 09:00:00,2024-04-29 10:00:00,long,3669.0,3658.0,-1.6664857497811318,-0.3028047151414794,1,0.15
2024-04-29 14:00:00,2024-04-29 15:00:00,short,3670.0,3674.0,-3.159855987429619,-0.12299945455156167,1,0.7
2024-04-29 22:00:00,2024-04-30 09:00:00,long,3690.0,3688.0,-2.0721920013427737,-0.07019620600754652,2,0.8
2024-04-30 09:00:00,2024-04-30 10:00:00,long,3690.0,3684.0,-1.8663659942150117,-0.16859674744489717,1,0.3
2024-04-30 10:00:00,2024-04-30 14:00:00,long,3686.0,3646.0,-9.642232317352295,-1.089961149999129,3,0.24
2024-05-06 10:00:00,2024-05-06 11:00:00,short,3700.0,3726.0,-18.563873982429502,-0.7167518912134944,1,0.7
2024-05-06 11:00:00,2024-05-06 13:00:00,long,3726.0,3732.0,1.3970419189453125,0.15622673096096268,1,0.24
2024-05-06 13:00:00,2024-05-06 14:00:00,short,3732.0,3735.0,-2.465882994532585,-0.09439147889039141,1,0.7
2024-05-06 14:00:00,2024-05-06 23:00:00,long,3735.0,3733.0,-2.0779519653320313,-0.06954323846492742,4,0.8
2024-05-06 23:00:00,2024-05-07 10:00:00,long,3735.0,3729.0,-0.9167939999699591,-0.16364016063720827,2,0.15
2024-05-07 10:00:00,2024-05-07 15:00:00,short,3729.0,3724.0,3.134803031682968,0.12009359198877402,4,0.7
2024-05-09 13:00:00,2024-05-09 14:00:00,long,3673.0,3673.0,-0.042312960433959955,-0.0048000000492286,1,0.24
2024-05-10 09:00:00,2024-05-10 13:00:00,long,3669.0,3638.0,-25.267648010253907,-0.8608492780816948,3,0.8
2024-05-10 13:00:00,2024-05-10 14:00:00,long,3640.0,3655.0,4.434345000386238,0.4060755494859193,1,0.3
2024-05-10 14:00:00,2024-05-10 15:00:00,short,3655.0,3662.0,-5.258533001542091,-0.2055318742052801,1,0.7
2024-05-13 09:00:00,2024-05-13 10:00:00,long,3643.0,3635.0,-1.9619212806701658,-0.22439396109778637,1,0.24
2024-05-13 10:00:00,2024-05-13 11:00:00,short,3635.0,3656.0,-15.057258994579316,-0.5917570836934296,1,0.7
2024-05-13 11:00:00,2024-05-13 14:00:00,long,3656.0,3659.0,1.9318400192260743,0.06605032888491774,2,0.8
2024-05-13 14:00:00,2024-05-13 15:00:00,long,3661.0,3684.0,6.83389500617981,0.6222248025293462,1,0.3
2024-05-13 15:00:00,2024-05-13 22:00:00,long,3686.0,3668.0,-4.362359037780762,-0.4931225173834285,2,0.24
2024-05-14 10:00:00,2024-05-14 15:00:00,long,3638.0,3629.0,-7.665087966918946,-0.2633688828655492,4,0.8
2024-05-14 21:00:00,2024-05-14 22:00:00,short,3625.0,3618.0,4.545093016028404,0.1791169661489026,1,0.7
2024-05-15 15:00:00,2024-05-15 22:00:00,long,3625.0,3617.0,-6.863488006591798,-0.23667200022730334,2,0.8
2024-05-15 22:00:00,2024-05-15 23:00:00,long,3619.0,3619.0,-0.06514200031757354,-0.0060000000292505795,1,0.3
2024-05-15 23:00:00,2024-05-16 10:00:00,long,3621.0,3636.0,3.55819967880249,0.4094402649823357,2,0.24
2024-05-16 10:00:00,2024-05-16 11:00:00,long,3638.0,3636.0,-2.0655359649658203,-0.07097086190784153,1,0.8
2024-05-16 11:00:00,2024-05-16 13:00:00,long,3638.0,3694.0,16.73401200413704,1.5332611328694372,1,0.3
2024-05-16 13:00:00,2024-05-16 22:00:00,long,3696.0,3693.0,-1.6847249865531921,-0.0911647719996316,4,0.5
2024-05-16 22:00:00,2024-05-17 13:00:00,long,3695.0,3714.0,2.833329750448465,0.5112006766709003,5,0.15
2024-05-17 13:00:00,2024-05-17 14:00:00,short,3714.0,3718.0,-3.164168002009392,-0.12170813147201291,1,0.7
2024-05-17 15:00:00,2024-05-17 21:00:00,long,3716.0,3709.0,-7.742500007152557,-0.2083557590729967,1,1.0
2024-05-17 21:00:00,2024-05-17 22:00:00,short,3709.0,3712.0,-2.46362900018692,-0.09488999731105496,1,0.7
2024-05-17 22:00:00,2024-05-17 23:00:00,long,3712.0,3727.0,11.523904037475587,0.3880625012619742,1,0.8
2024-05-20 10:00:00,2024-05-20 11:00:00,long,3743.0,3736.0,-7.747900009155273,-0.20699706142546817,1,1.0
2024-05-20 11:00:00,2024-05-20 14:00:00,long,3738.0,3741.0,0.8326889991760253,0.07425441405172332,2,0.3
2024-05-20 14:00:00,2024-05-20 15:00:00,long,3743.0,3735.0,-1.9630732795715329,-0.2185271706709784,1,0.24
2024-05-20 15:00:00,2024-05-20 21:00:00,long,3737.0,3729.0,-4.186649993062019,-0.22406475745582125,1,0.5
2024-05-20 21:00:00,2024-05-21 09:00:00,long,3731.0,3741.0,1.4831879997253417,0.2650206378496099,3,0.15
2024-05-21 13:00:00,2024-05-21 14:00:00,long,3730.0,3730.0,-0.06713999927043915,-0.005999999934802426,1,0.3
2024-05-21 23:00:00,2024-05-22 09:00:00,long,3788.0,3787.0,-1.7574999928474426,-0.04639651512268856,1,1.0
2024-05-22 09:00:00,2024-05-22 13:00:00,long,3789.0,3794.0,3.5146880340576176,0.11595038381029352,3,0.8
2024-05-22 13:00:00,2024-05-22 22:00:00,long,3796.0,3796.0,-0.06832799792289733,-0.005999999817606018,4,0.3
2024-05-22 22:00:00,2024-05-23 10:00:00,long,3798.0,3787.0,-1.6670662495493886,-0.29262177453912386,3,0.15
2024-05-23 10:00:00,2024-05-23 11:00:00,short,3787.0,3786.0,0.32892299056053165,0.01240797429403341,1,0.7
2024-05-23 21:00:00,2024-05-23 22:00:00,short,3779.0,3783.0,-3.170537978410721,-0.11985551651649042,1,0.7
2024-05-24 10:00:00,2024-05-24 11:00:00,long,3787.0,3794.0,1.6363334415435788,0.1800384474896113,1,0.24
2024-05-24 11:00:00,2024-05-24 13:00:00,long,3796.0,3788.0,-6.8853759765625,-0.2267312953293763,1,0.8
2024-05-24 13:00:00,2024-05-24 14:00:00,long,3790.0,3795.0,1.4317350018024444,0.1259221637469168,1,0.3
2024-05-24 14:00:00,2024-05-24 15:00:00,long,3797.0,3788.0,-7.685439987182618,-0.253010270844832,1,0.8
2024-05-24 15:00:00,2024-05-24 22:00:00,long,3790.0,3779.0,-2.6835974372863767,-0.2950305010209297,2,0.24
2024-05-27 23:00:00,2024-05-28 11:00:00,long,3786.0,3780.0,-1.4835801612854003,-0.16327480204320746,3,0.24
2024-05-28 11:00:00,2024-05-28 13:00:00,long,3782.0,3777.0,-4.483776016235352,-0.14819460656515573,1,0.8
2024-05-28 13:00:00,2024-05-28 15:00:00,long,3779.0,3742.0,-11.167688999176026,-0.9850656257542582,2,0.3
2024-05-28 15:00:00,2024-05-28 23:00:00,short,3742.0,3741.0,0.333333021402359,0.012725548652453195,3,0.7
2024-05-29 22:00:00,2024-05-29 23:00:00,long,3803.0,3802.0,-1.7604999542236328,-0.04629239953256989,1,1.0
2024-05-29 23:00:00,2024-05-30 10:00:00,long,3804.0,3789.0,-12.48595199584961,-0.4102902206838069,2,0.8
2024-05-30 10:00:00,2024-05-30 11:00:00,long,3791.0,3766.0,-6.04352831954956,-0.664240780747116,1,0.24
2024-05-30 11:00:00,2024-05-30 14:00:00,long,3768.0,3729.0,-5.86686824887991,-1.038016321457875,2,0.15
2024-05-31 15:00:00,2024-05-31 22:00:00,long,3711.0,3686.0,-6.042606717681885,-0.6784566960479975,2,0.24
2024-05-31 22:00:00,2024-05-31 23:00:00,short,3686.0,3687.0,-1.0612769895792007,-0.04113157854349278,1,0.7
2024-05-31 23:00:00,2024-06-03 09:00:00,long,3687.0,3682.0,-4.471615982055664,-0.15160075881664173,1,0.8
2024-06-03 09:00:00,2024-06-03 10:00:00,long,3684.0,3684.0,-0.06631199598312378,-0.005999999636547573,1,0.3
2024-06-03 10:00:00,2024-06-03 11:00:00,long,3686.0,3670.0,-13.270783996582033,-0.4500401518102968,1,0.8
2024-06-05 15:00:00,2024-06-05 21:00:00,long,3636.0,3636.0,-0.04188671836853027,-0.004799999813042064,1,0.24
2024-06-05 21:00:00,2024-06-05 22:00:00,short,3636.0,3637.0,-1.0563769942522048,-0.04150467524171793,1,0.7
2024-06-06 10:00:00,2024-06-06 11:00:00,long,3629.0,3632.0,2.273900032043457,0.06265913563084753,1,1.0
2024-06-06 11:00:00,2024-06-06 13:00:00,long,3634.0,3627.0,-6.0647039794921875,-0.2086097956622244,1,0.8
2024-06-06 13:00:00,2024-06-06 14:00:00,long,3629.0,3645.0,4.734534004926681,0.4348795816043613,1,0.3
2024-06-06 14:00:00,2024-06-06 23:00:00,long,3647.0,3676.0,14.316925004124641,0.7851343572319518,4,0.5
2024-06-06 23:00:00,2024-06-07 09:00:00,long,3678.0,3684.0,1.733742002248764,0.15712724327068733,1,0.3
2024-06-07 09:00:00,2024-06-07 10:00:00,long,3686.0,3659.0,-13.683624982833862,-0.7424647304847457,1,0.5
2024-06-07 10:00:00,2024-06-07 13:00:00,long,3661.0,3664.0,0.4335187509655952,0.07894359482210603,2,0.15
2024-06-07 13:00:00,2024-06-07 14:00:00,short,3664.0,3647.0,11.541761018037796,0.45000627799585924,1,0.7
2024-06-12 10:00:00,2024-06-12 14:00:00,long,3611.0,3611.0,-0.04159871864318847,-0.004799999843440006,3,0.24
2024-06-12 14:00:00,2024-06-12 22:00:00,long,3613.0,3616.0,1.9373440170288085,0.06702684808430696,3,0.8
2024-06-12 22:00:00,2024-06-12 23:00:00,long,3618.0,3611.0,-3.6807249933481216,-0.20346738492803326,1,0.5
2024-06-12 23:00:00,2024-06-13 13:00:00,long,3613.0,3615.0,0.283736999630928,0.05235482971324441,4,0.15
2024-06-13 23:00:00,2024-06-14 09:00:00,long,3640.0,3637.0,-3.7276999950408936,-0.10240934052310148,1,1.0
2024-06-14 09:00:00,2024-06-14 11:00:00,long,3639.0,3644.0,1.4344530022144317,0.13139626291237813,2,0.3
2024-06-14 11:00:00,2024-06-14 14:00:00,long,3646.0,3654.0,1.8779519989013673,0.21461327469617014,2,0.24
2024-06-14 14:00:00,2024-06-14 15:00:00,long,3656.0,3636.0,-10.182300001382828,-0.5570185996380103,1,0.5
2024-06-14 15:00:00,2024-06-14 23:00:00,short,3636.0,3625.0,7.344211015701294,0.2885514307599125,3,0.7
2024-06-17 22:00:00,2024-06-17 23:00:00,long,3637.0,3637.0,-0.041898240280151364,-0.0048000000320950606,1,0.24
2024-06-17 23:00:00,2024-06-18 11:00:00,long,3639.0,3635.0,-3.6655359649658203,-0.12591151294881217,3,0.8
2024-06-18 11:00:00,2024-06-18 14:00:00,long,3637.0,3639.0,0.43809024124145507,0.050189057057265035,2,0.24
2024-06-18 14:00:00,2024-06-18 15:00:00,long,3641.0,3616.0,-3.7663282491266727,-0.6896142541658286,1,0.15
2024-06-18 15:00:00,2024-06-18 22:00:00,short,3616.0,3631.0,-10.855102987289428,-0.428852045958021,2,0.7
2024-06-19 13:00:00,2024-06-19 14:00:00,long,3643.0,3625.0,-18.726799964904785,-0.5140488598656268,1,1.0
2024-06-19 14:00:00,2024-06-19 15:00:00,short,3625.0,3615.0,6.6452400112152095,0.2618813797523235,1,0.7
2024-06-19 15:00:00,2024-06-19 22:00:00,long,3615.0,3608.0,-6.062271995544434,-0.20962212985976605,2,0.8
2024-06-19 22:00:00,2024-06-19 23:00:00,long,3610.0,3612.0,0.5350019967555999,0.049399999700424746,1,0.3
2024-06-19 23:00:00,2024-06-20 09:00:00,long,3614.0,3614.0,-0.4625919723510743,-0.01599999904368685,1,0.8
2024-06-20 09:00:00,2024-06-20 11:00:00,short,3614.0,3631.0,-12.255004971027372,-0.4844258427949788,2,0.7
2024-06-20 13:00:00,2024-06-20 14:00:00,long,3624.0,3589.0,-8.441546880340576,-0.9705604856903718,1,0.24
2024-06-20 15:00:00,2024-06-20 21:00:00,long,3601.0,3593.0,-6.860415992736816,-0.23814273787617382,1,0.8
2024-06-20 21:00:00,2024-06-20 22:00:00,short,3593.0,3595.0,-1.7522119748592375,-0.06966768616990329,1,0.7
2024-06-20 22:00:00,2024-06-21 09:00:00,long,3595.0,3609.0,10.73894401550293,0.3733986097184607,2,0.8
2024-06-25 14:00:00,2024-06-25 15:00:00,long,3537.0,3530.0,-1.7207059181213378,-0.20270308148635116,1,0.24
2024-06-26 13:00:00,2024-06-26 14:00:00,long,3555.0,3547.0,-8.71019995212555,-0.24501265688116874,1,1.0
2024-06-26 14:00:00,2024-06-26 15:00:00,long,3549.0,3561.0,9.144960021972656,0.3220963659471913,1,0.8
2024-06-26 15:00:00,2024-06-26 21:00:00,long,3563.0,3562.0,-0.6781249940395355,-0.0380648326713183,1,0.5
2024-06-26 21:00:00,2024-06-26 22:00:00,long,3564.0,3557.0,-2.1640889972448347,-0.20240263722828608,1,0.3
2024-06-26 22:00:00,2024-06-27 13:00:00,long,3559.0,3553.0,-0.9160019999742508,-0.1715841528471014,5,0.15
2024-06-27 13:00:00,2024-06-27 23:00:00,short,3553.0,3531.0,15.052883994579314,0.6052383898749273,5,0.7
2024-06-28 11:00:00,2024-06-28 14:00:00,long,3545.0,3542.0,-0.7608211200714111,-0.08942420311135532,2,0.24
2024-06-28 14:00:00,2024-06-28 15:00:00,long,3544.0,3542.0,-2.05350399017334,-0.07242889355859691,1,0.8
2024-06-28 15:00:00,2024-06-28 21:00:00,long,3544.0,3546.0,0.5361900007724761,0.050431715648276546,1,0.3
2024-06-28 21:00:00,2024-06-28 23:00:00,long,3548.0,3535.0,-10.853311996459961,-0.382374295252958,2,0.8
2024-06-28 23:00:00,2024-07-01 09:00:00,long,3537.0,3536.0,-0.16591424882411956,-0.03127212304667224,1,0.15
2024-07-01 09:00:00,2024-07-01 10:00:00,short,3536.0,3550.0,-10.147213992476463,-0.4099553164381247,1,0.7
2024-07-01 13:00:00,2024-07-01 14:00:00,long,3556.0,3557.0,0.2886999845504761,0.008118672231453208,1,1.0
2024-07-01 14:00:00,2024-07-01 15:00:00,long,3559.0,3560.0,0.3443840026855469,0.0120955325472586,1,0.8
2024-07-01 15:00:00,2024-07-01 21:00:00,long,3562.0,3570.0,2.3358120024204254,0.21858618776159697,1,0.3
2024-07-01 21:00:00,2024-07-01 22:00:00,long,3572.0,3574.0,1.1426560211181642,0.03998656288907349,1,0.8
2024-07-01 22:00:00,2024-07-01 23:00:00,long,3576.0,3568.0,-4.178599998354912,-0.23370246075810466,1,0.5
2024-07-01 23:00:00,2024-07-02 09:00:00,long,3570.0,3568.0,-0.6642419958114624,-0.062020727900229916,1,0.3
2024-07-02 09:00:00,2024-07-02 15:00:00,long,3570.0,3559.0,-1.6660402496159077,-0.3111186273792545,5,0.15
2024-07-02 22:00:00,2024-07-03 11:00:00,short,3563.0,3569.0,-4.549467986822128,-0.18240920519715043,4,0.7
2024-07-03 11:00:00,2024-07-03 13:00:00,long,3569.0,3587.0,4.278781442642212,0.4995308492857724,1,0.24
2024-07-03 13:00:00,2024-07-03 22:00:00,long,3589.0,3615.0,20.338944015502932,0.7083778216600352,4,0.8
2024-07-03 22:00:00,2024-07-03 23:00:00,long,3617.0,3615.0,-0.6650879967212677,-0.06129278377304099,1,0.3
2024-07-03 23:00:00,2024-07-04 14:00:00,long,3617.0,3611.0,-0.9162630003690719,-0.16888084054355765,5,0.15
2024-07-04 21:00:00,2024-07-04 22:00:00,long,3610.0,3615.0,4.277500033378601,0.11849030563375626,1,1.0
2024-07-04 22:00:00,2024-07-04 23:00:00,long,3617.0,3607.0,-3.065015995502472,-0.2824639199615217,1,0.3
2024-07-04 23:00:00,2024-07-05 09:00:00,short,3607.0,3607.0,-0.3534859818220138,-0.013999999280051243,1,0.7
2024-07-05 09:00:00,2024-07-05 11:00:00,long,3607.0,3589.0,-14.860543975830078,-0.5149897413304019,2,0.8
2024-07-11 11:00:00,2024-07-11 13:00:00,long,3510.0,3529.0,18.29610002040863,0.5212564108378527,1,1.0
2024-07-11 13:00:00,2024-07-11 15:00:00,long,3531.0,3514.0,-14.050879974365234,-0.49741149725167205,2,0.8
2024-07-11 15:00:00,2024-07-11 21:00:00,long,3516.0,3516.0,-0.04050431900024414,-0.004799999881523054,1,0.24
2024-07-11 21:00:00,2024-07-11 22:00:00,short,3516.0,3515.0,0.35548101663589476,0.014443402268645163,1,0.7
2024-07-11 23:00:00,2024-07-12 09:00:00,long,3513.0,3509.0,-4.702199995517731,-0.1338514089245013,1,1.0
2024-07-12 09:00:00,2024-07-12 10:00:00,long,3511.0,3519.0,2.3367300045490267,0.2218484766494851,1,0.3
2024-07-12 10:00:00,2024-07-12 11:00:00,long,3521.0,3522.0,0.13415325030684472,0.025400596479569198,1,0.15
2024-07-12 13:00:00,2024-07-12 14:00:00,long,3523.0,3523.0,-0.7045999765396118,-0.019999999334079244,1,1.0
2024-07-12 14:00:00,2024-07-12 21:00:00,long,3525.0,3522.0,-0.963422999382019,-0.09110382972879613,2,0.3
2024-07-12 21:00:00,2024-07-12 22:00:00,long,3524.0,3510.0,-2.115826500356197,-0.40026986385853147,1,0.15
2024-07-12 22:00:00,2024-07-15 09:00:00,short,3510.0,3542.0,-22.74554797887802,-0.925744728485064,2,0.7
2024-07-15 10:00:00,2024-07-15 11:00:00,long,3572.0,3570.0,-2.714200019836426,-0.0759854428845584,1,1.0
2024-07-15 11:00:00,2024-07-15 13:00:00,long,3572.0,3564.0,-6.856703987121583,-0.23994624814955146,1,0.8
2024-07-15 13:00:00,2024-07-15 14:00:00,long,3566.0,3551.0,-4.564052996635437,-0.42662675234954545,1,0.3
2024-07-15 14:00:00,2024-07-15 15:00:00,long,3553.0,3552.0,-0.28092480010986326,-0.03294455391099813,1,0.24
2024-07-15 15:00:00,2024-07-15 22:00:00,long,3554.0,3539.0,-2.2659592495858667,-0.4250533201249047,2,0.15
2024-07-15 22:00:00,2024-07-15 23:00:00,short,3539.0,3541.0,-1.7469199728965759,-0.0705170941305686,1,0.7
2024-07-16 11:00:00,2024-07-16 14:00:00,short,3540.0,3554.0,-10.147605999112129,-0.40950790956868965,2,0.7
2024-07-18 15:00:00,2024-07-18 22:00:00,long,3493.0,3480.0,-3.160164477539062,-0.3769639848195274,2,0.24
2024-07-18 22:00:00,2024-07-18 23:00:00,short,3480.0,3484.0,-3.141235993504524,-0.12895057444599853,1,0.7
2024-07-18 23:00:00,2024-07-19 09:00:00,long,3484.0,3479.0,-4.445632019042969,-0.15950172284166791,1,0.8
2024-07-19 11:00:00,2024-07-19 15:00:00,long,3479.0,3476.0,-2.845120010375977,-0.10222477760764503,3,0.8
2024-07-25 23:00:00,2024-07-26 10:00:00,long,3388.0,3392.0,0.920947201538086,0.11326092108644309,2,0.24
2024-07-26 10:00:00,2024-07-26 11:00:00,long,3394.0,3380.0,-4.260965999364853,-0.4184802592187049,1,0.3
2024-07-26 11:00:00,2024-07-26 13:00:00,long,3382.0,3380.0,-0.5189491218566894,-0.063935186509054,1,0.24
2024-07-26 13:00:00,2024-07-26 14:00:00,long,3382.0,3385.0,1.9669120025634765,0.07269781204034138,1,0.8
2024-07-26 14:00:00,2024-07-26 15:00:00,long,3387.0,3371.0,-4.860821996927261,-0.4783802772293339,1,0.3
2024-07-26 15:00:00,2024-07-26 21:00:00,short,3371.0,3372.0,-1.0304069781303404,-0.04366686350512101,1,0.7
2024-07-29 22:00:00,2024-07-30 09:00:00,long,3360.0,3359.0,-0.27870143852233886,-0.03456119029294877,2,0.24
2024-07-30 09:00:00,2024-07-30 10:00:00,long,3361.0,3351.0,-8.429567985534668,-0.313506693898195,1,0.8
2024-07-30 10:00:00,2024-07-30 11:00:00,long,3353.0,3338.0,-4.560218998789787,-0.4533471516840429,1,0.3
2024-07-30 11:00:00,2024-07-30 13:00:00,short,3338.0,3330.0,5.27326798915863,0.2256812457912621,1,0.7
2024-07-31 13:00:00,2024-07-31 14:00:00,long,3341.0,3328.0,-13.666899979114532,-0.4090661472347959,1,1.0
2024-07-31 14:00:00,2024-07-31 15:00:00,long,3330.0,3326.0,-1.2599040001630784,-0.12611651653284067,1,0.3
2024-07-31 15:00:00,2024-07-31 21:00:00,long,3328.0,3345.0,13.172928009033203,0.49477644264698023,1,0.8
2024-07-31 21:00:00,2024-07-31 22:00:00,long,3347.0,3363.0,3.8013503997802736,0.47322856286478854,1,0.24
2024-07-31 22:00:00,2024-07-31 23:00:00,long,3365.0,3367.0,0.8316999971866608,0.04943239210619083,1,0.5
2024-07-31 23:00:00,2024-08-01 09:00:00,long,3369.0,3370.0,0.13483724981546402,0.026681953065294157,1,0.15
2024-08-01 09:00:00,2024-08-01 10:00:00,long,3372.0,3350.0,-6.660497996807098,-0.6584122179524613,1,0.3
2024-08-01 10:00:00,2024-08-01 11:00:00,long,3352.0,3346.0,-0.9150704996287822,-0.18199492832712455,1,0.15
2024-08-01 11:00:00,2024-08-01 13:00:00,long,3348.0,3339.0,-4.667174994945526,-0.2788037631389203,1,0.5
2024-08-01 13:00:00,2024-08-01 14:00:00,long,3341.0,3346.0,1.4398170018196106,0.14365130218693112,1,0.3
2024-08-01 14:00:00,2024-08-01 15:00:00,long,3348.0,3355.0,3.3324249982833862,0.1990695936847901,1,0.5
2024-08-01 15:00:00,2024-08-01 22:00:00,long,3357.0,3356.0,-0.16510424986481667,-0.032788054783996955,2,0.15
2024-08-02 11:00:00,2024-08-02 13:00:00,short,3346.0,3360.0,-10.128593998551368,-0.4324393304820839,1,0.7
2024-08-02 15:00:00,2024-08-02 23:00:00,long,3378.0,3346.0,-7.718730239868163,-0.9520833629203872,3,0.24
2024-08-05 15:00:00,2024-08-05 21:00:00,long,3365.0,3349.0,-16.67139995098114,-0.4954353625848779,1,1.0
2024-08-05 21:00:00,2024-08-05 22:00:00,long,3351.0,3366.0,11.570111999511719,0.431591763634427,1,0.8
2024-08-05 22:00:00,2024-08-05 23:00:00,long,3368.0,3359.0,-2.760542993545532,-0.273212885346945,1,0.3
2024-08-05 23:00:00,2024-08-06 09:00:00,long,3361.0,3368.0,1.641240962219238,0.2034663495759246,1,0.24
2024-08-09 09:00:00,2024-08-09 10:00:00,long,3265.0,3279.0,3.322306560516357,0.4239799081822814,1,0.24
2024-08-09 11:00:00,2024-08-09 13:00:00,long,3304.0,3308.0,3.338800013065338,0.10105326916057318,1,1.0
2024-08-09 13:00:00,2024-08-09 14:00:00,long,3310.0,3302.0,-6.823167991638184,-0.25767250723709156,1,0.8
2024-08-09 14:00:00,2024-08-09 15:00:00,long,3304.0,3275.0,-8.7592109978199,-0.8836976390052362,1,0.3
2024-08-09 15:00:00,2024-08-09 21:00:00,long,3277.0,3276.0,-0.2777452812194824,-0.035314983371412166,1,0.24
2024-08-09 21:00:00,2024-08-09 23:00:00,long,3278.0,3226.0,-7.814633999615907,-1.5893093348822263,2,0.15
2024-08-09 23:00:00,2024-08-12 09:00:00,short,3226.0,3223.0,1.7839990174770353,0.0790009307181399,1,0.7
2024-08-12 14:00:00,2024-08-12 15:00:00,short,3221.0,3225.0,-3.115853987336158,-0.13819372809403285,1,0.7
2024-08-15 13:00:00,2024-08-15 14:00:00,long,3092.0,3092.0,-0.0356198387145996,-0.004799999826784121,1,0.24
2024-08-15 22:00:00,2024-08-15 23:00:00,long,3122.0,3126.0,3.375200033187866,0.10811018684137944,1,1.0
2024-08-15 23:00:00,2024-08-16 09:00:00,long,3128.0,3126.0,-2.0002559661865233,-0.07993350248507526,1,0.8
2024-08-16 09:00:00,2024-08-16 10:00:00,long,3128.0,3135.0,2.04363300204277,0.21777845290310854,1,0.3
2024-08-16 10:00:00,2024-08-16 11:00:00,long,3137.0,3103.0,-17.15599998831749,-1.093783869194612,1,0.5
2024-08-16 11:00:00,2024-08-16 14:00:00,long,3105.0,3091.0,-2.113940999954939,-0.4538789049822735,2,0.15
2024-08-16 14:00:00,2024-08-16 15:00:00,short,3091.0,3082.0,5.9975229835510255,0.2771882878195233,1,0.7
2024-08-16 23:00:00,2024-08-19 10:00:00,short,3113.0,3127.0,-10.105759977102279,-0.4637584313295526,2,0.7
2024-08-19 10:00:00,2024-08-19 11:00:00,long,3127.0,3108.0,-4.595913599395752,-0.6123965461299105,1,0.24
2024-08-19 15:00:00,2024-08-19 21:00:00,long,3157.0,3155.0,-2.6311999559402466,-0.0833449463395707,1,1.0
2024-08-19 21:00:00,2024-08-19 22:00:00,long,3157.0,3153.0,-1.2567899984121322,-0.13269876448232842,1,0.3
2024-08-19 22:00:00,2024-08-19 23:00:00,long,3155.0,3152.0,-1.6576749980449677,-0.10508240875086958,1,0.5
2024-08-19 23:00:00,2024-08-20 13:00:00,long,3154.0,3152.0,-0.31418849945068356,-0.06641058961122037,4,0.15
2024-08-20 13:00:00,2024-08-20 14:00:00,short,3152.0,3167.0,-10.80963097691536,-0.4899216360095794,1,0.7
2024-08-20 22:00:00,2024-08-20 23:00:00,long,3184.0,3189.0,4.36269998550415,0.13701947190653738,1,1.0
2024-08-20 23:00:00,2024-08-21 10:00:00,long,3191.0,3182.0,-7.607872009277344,-0.298020683534838,2,0.8
2024-08-21 10:00:00,2024-08-21 11:00:00,long,3184.0,3186.0,0.5426700031757354,0.056812186262116364,1,0.3
2024-08-21 11:00:00,2024-08-21 14:00:00,long,3188.0,3216.0,4.185591000169516,0.8752804266351977,2,0.15
2024-08-21 14:00:00,2024-08-21 15:00:00,long,3218.0,3235.0,8.338675007224083,0.5182520203371089,1,0.5
2024-08-21 15:00:00,2024-08-21 21:00:00,long,3237.0,3225.0,-3.658157994747162,-0.37670250177604386,1,0.3
2024-08-21 21:00:00,2024-08-21 22:00:00,long,3227.0,3222.0,-2.661224991083145,-0.16493492352545058,1,0.5
2024-08-21 22:00:00,2024-08-22 10:00:00,long,3224.0,3205.0,-2.86446524977684,-0.592321184817378,3,0.15
2024-08-22 22:00:00,2024-08-23 09:00:00,short,3183.0,3184.0,-1.011982987523079,-0.04541910091661411,2,0.7
2024-08-23 13:00:00,2024-08-23 15:00:00,long,3186.0,3156.0,-7.236529918670653,-0.9463969866434732,2,0.24
2024-08-23 15:00:00,2024-08-23 23:00:00,long,3158.0,3199.0,32.393152008056646,1.2821861941124384,3,0.8
2024-08-23 23:00:00,2024-08-26 11:00:00,long,3201.0,3224.0,5.482992000961303,0.7137082163075736,3,0.24
2024-08-26 11:00:00,2024-08-26 13:00:00,long,3226.0,3231.0,1.4418870019912717,0.1489860510427022,1,0.3
2024-08-26 13:00:00,2024-08-26 15:00:00,long,3233.0,3263.0,23.584255981445313,0.9118564793320953,2,0.8
2024-08-26 15:00:00,2024-08-26 21:00:00,long,3265.0,3258.0,-3.6630750000476837,-0.2243843797885258,1,0.5
2024-08-26 21:00:00,2024-08-26 22:00:00,long,3260.0,3249.0,-3.3585810005664825,-0.34341319024197164,1,0.3
2024-08-26 22:00:00,2024-08-27 11:00:00,long,3251.0,3247.0,-0.6146205000579357,-0.1260372193290138,4,0.15
2024-08-27 14:00:00,2024-08-27 15:00:00,long,3289.0,3253.0,-8.677681917572022,-1.0993313466063674,1,0.24
2024-08-27 15:00:00,2024-08-27 21:00:00,short,3253.0,3251.0,1.0813040083646774,0.04748601327849798,1,0.7
2024-08-28 09:00:00,2024-08-28 10:00:00,long,3265.0,3265.0,-0.652999997138977,-0.019999999912372956,1,1.0
2024-08-28 10:00:00,2024-08-28 11:00:00,long,3267.0,3257.0,-5.163100004196167,-0.3160759108782471,1,0.5
2024-08-28 11:00:00,2024-08-28 13:00:00,long,3259.0,3266.0,1.0353187505900858,0.21178659109953685,1,0.15
2024-08-28 13:00:00,2024-08-28 15:00:00,long,3268.0,3264.0,-2.1632999926805496,-0.13239290040884638,2,0.5
2024-08-28 15:00:00,2024-08-28 21:00:00,long,3266.0,3259.0,-2.158724997639656,-0.22032302486626418,1,0.3
2024-08-28 21:00:00,2024-08-28 22:00:00,long,3261.0,3266.0,0.7353142511844635,0.15032490057946712,1,0.15
2024-08-28 22:00:00,2024-08-28 23:00:00,short,3266.0,3269.0,-2.420214980840683,-0.10586190975595675,1,0.7
2024-08-29 13:00:00,2024-08-29 14:00:00,short,3276.0,3267.0,5.9793930125236505,0.26074450604062666,1,0.7
2024-09-02 23:00:00,2024-09-03 10:00:00,long,3231.0,3224.0,-1.7171808002471922,-0.2214459919848334,2,0.24
2024-09-03 10:00:00,2024-09-03 11:00:00,long,3226.0,3209.0,-5.157914997339248,-0.5329525725707014,1,0.3
2024-09-03 11:00:00,2024-09-03 13:00:00,long,3211.0,3179.0,-7.716806399917603,-1.0013503581331884,1,0.24
2024-09-04 23:00:00,2024-09-05 09:00:00,long,3130.0,3124.0,-1.476023036956787,-0.19648868969073308,1,0.24
2024-09-05 11:00:00,2024-09-05 14:00:00,long,3120.0,3094.0,-7.855925999879837,-0.8393083333204954,2,0.3
2024-09-05 14:00:00,2024-09-05 15:00:00,short,3094.0,3085.0,5.997228993177413,0.2769059466791677,1,0.7
2024-09-05 23:00:00,2024-09-06 10:00:00,long,3102.0,3069.0,-7.955544960021972,-1.0686042553221002,2,0.24
2024-09-06 11:00:00,2024-09-06 15:00:00,long,3037.0,3049.0,9.210495986938477,0.3790951591594698,3,0.8
2024-09-09 15:00:00,2024-09-09 22:00:00,long,3073.0,3083.0,2.364541440582275,0.3206070941238577,2,0.24
2024-09-09 22:00:00,2024-09-10 10:00:00,long,3085.0,3078.0,-5.994431991577149,-0.24288622332160245,3,0.8
2024-09-10 10:00:00,2024-09-10 11:00:00,long,3080.0,3080.0,-0.05543999969959259,-0.005999999967488376,1,0.3
2024-09-10 11:00:00,2024-09-10 13:00:00,long,3082.0,3081.0,-0.16386674970388412,-0.035445976574493644,1,0.15
2024-09-10 13:00:00,2024-09-10 14:00:00,short,3081.0,3090.0,-6.60237900018692,-0.3061333982559893,1,0.7
2024-09-11 15:00:00,2024-09-11 21:00:00,long,3135.0,3138.0,2.372700035572052,0.0756842116609905,1,1.0
2024-09-11 21:00:00,2024-09-11 22:00:00,long,3140.0,3142.0,1.1979520416259766,0.047689173631607344,1,0.8
2024-09-11 22:00:00,2024-09-11 23:00:00,long,3144.0,3134.0,-5.156949996948242,-0.328050254258794,1,0.5
2024-09-11 23:00:00,2024-09-12 13:00:00,long,3136.0,3178.0,6.285793500244617,1.336265625052002,4,0.15
2024-09-12 13:00:00,2024-09-12 14:00:00,long,3180.0,3192.0,5.840700000524521,0.36733962267449816,1,0.5
2024-09-12 14:00:00,2024-09-12 15:00:00,long,3194.0,3183.0,-1.6643482491374015,-0.3473905759001047,1,0.15
2024-09-12 15:00:00,2024-09-12 21:00:00,long,3185.0,3186.0,0.2426610016822815,0.025396232515152436,1,0.3
2024-09-12 21:00:00,2024-09-12 23:00:00,long,3188.0,3195.0,3.3404249995946884,0.20956242155550117,2,0.5
2024-09-12 23:00:00,2024-09-13 09:00:00,long,3197.0,3197.0,-0.05754600048065185,-0.006000000050114885,1,0.3
2024-09-13 09:00:00,2024-09-13 10:00:00,long,3199.0,3212.0,6.339725002646446,0.39635667412606723,1,0.5
2024-09-13 10:00:00,2024-09-13 13:00:00,long,3214.0,3192.0,-6.657653996944427,-0.690484753883471,2,0.3
2024-09-13 13:00:00,2024-09-13 15:00:00,long,3194.0,3181.0,-1.964343749731779,-0.41000704440237506,2,0.15
2024-09-13 15:00:00,2024-09-18 13:00:00,short,3181.0,3156.0,17.189486993551252,0.7719713923542127,4,0.7
2024-09-19 13:00:00,2024-09-19 14:00:00,long,3201.0,3194.0,-7.6394999623298645,-0.23865979263760903,1,1.0
2024-09-19 14:00:00,2024-09-19 15:00:00,long,3196.0,3200.0,1.1424360018968582,0.11915269106141615,1,0.3
2024-09-19 23:00:00,2024-09-20 09:00:00,long,3230.0,3230.0,-0.6459999680519104,-0.019999999010895057,1,1.0
2024-09-20 09:00:00,2024-09-20 10:00:00,long,3232.0,3191.0,-33.211072006225585,-1.2844628715279078,1,0.8
2024-09-20 10:00:00,2024-09-20 13:00:00,short,3191.0,3182.0,5.987722992897034,0.2680629893404232,2,0.7
2024-09-23 21:00:00,2024-09-24 09:00:00,long,3091.0,3099.0,1.884345602416992,0.2540097059227046,3,0.24
2024-09-24 09:00:00,2024-09-24 13:00:00,long,3101.0,3182.0,64.39788803100586,2.5958516620044283,3,0.8
2024-09-24 13:00:00,2024-09-24 15:00:00,long,3184.0,3212.0,13.84010000526905,0.8693530154063474,2,0.5
2024-09-24 15:00:00,2024-09-24 21:00:00,long,3214.0,3219.0,1.4421030056476594,0.14956471744945649,1,0.3
2024-09-24 21:00:00,2024-09-24 23:00:00,long,3221.0,3249.0,13.838250011205673,0.8592517858556766,2,0.5
2024-09-24 23:00:00,2024-09-25 09:00:00,long,3251.0,3259.0,2.341409997940063,0.24007074725110872,1,0.3
2024-09-25 09:00:00,2024-09-25 11:00:00,long,3261.0,3266.0,2.3368250131607056,0.14331953469246891,2,0.5
2024-09-25 11:00:00,2024-09-25 13:00:00,long,3268.0,3257.0,-3.3587249976396563,-0.3425872090615725,1,0.3
2024-09-25 13:00:00,2024-09-25 21:00:00,long,3259.0,3222.0,-5.5645822504162785,-1.1383005524018164,3,0.15
2024-09-26 11:00:00,2024-09-26 13:00:00,long,3248.0,3274.0,25.3478000164032,0.7804125620813792,1,1.0
2024-09-26 13:00:00,2024-09-26 14:00:00,long,3276.0,3277.0,0.2410229980945587,0.02452411458023593,1,0.3
2024-09-26 14:00:00,2024-09-26 15:00:00,long,3279.0,3279.0,-0.41971199035644535,-0.0159999996323744,1,0.8
2024-09-26 15:00:00,2024-09-26 22:00:00,long,3281.0,3301.0,4.762087678527831,0.6047556230986274,2,0.24
2024-09-26 22:00:00,2024-09-26 23:00:00,long,3303.0,3317.0,2.085104999989271,0.4208507417477588,1,0.15
2024-09-26 23:00:00,2024-09-27 09:00:00,long,3319.0,3316.0,-0.9597149956226348,-0.09638595918676658,1,0.3
2024-09-27 09:00:00,2024-09-27 11:00:00,long,3318.0,3327.0,4.333875000476837,0.26123417724393233,2,0.5
2024-09-27 11:00:00,2024-09-27 13:00:00,long,3329.0,3344.0,2.2349857503175734,0.44757900276711193,1,0.15
2024-09-27 13:00:00,2024-09-27 14:00:00,long,3346.0,3314.0,-16.166500002145767,-0.9663179917600578,1,0.5
2024-09-27 14:00:00,2024-09-27 23:00:00,long,3316.0,3405.0,13.334877751171588,2.680916315072696,4,0.15
2024-09-27 23:00:00,2024-10-08 09:00:00,long,3407.0,3679.0,135.82285000383854,7.973164074190697,7,0.5
2024-10-08 09:00:00,2024-10-08 10:00:00,long,3681.0,3638.0,-12.965870997905732,-1.1741257808481147,1,0.3
2024-10-08 10:00:00,2024-10-08 11:00:00,long,3640.0,3546.0,-47.179649993777275,-2.5922884611965538,1,0.5
2024-10-08 11:00:00,2024-10-08 21:00:00,long,3548.0,3499.0,-7.365855749845505,-1.3840390360476333,4,0.15
2024-10-09 11:00:00,2024-10-09 13:00:00,long,3497.0,3519.0,5.239587842559814,0.6242955679343978,1,0.24
2024-10-09 13:00:00,2024-10-09 14:00:00,short,3519.0,3523.0,-3.1450579851865768,-0.12767661207269018,1,0.7
2024-10-09 23:00:00,2024-10-10 09:00:00,long,3466.0,3475.0,6.755775985717773,0.24364454651319145,1,0.8
2024-10-10 09:00:00,2024-10-10 10:00:00,long,3477.0,3462.0,-4.56245099902153,-0.4373934425291468,1,0.3
2024-10-10 10:00:00,2024-10-10 11:00:00,short,3462.0,3493.0,-22.040795007944105,-0.9094988449263063,1,0.7
2024-10-10 13:00:00,2024-10-10 14:00:00,long,3501.0,3475.0,-6.280181760406494,-0.7474271351526343,1,0.24
2024-10-11 11:00:00,2024-10-11 13:00:00,long,3456.0,3450.0,-5.241983985900879,-0.1895972217122714,1,0.8
2024-10-11 13:00:00,2024-10-11 14:00:00,long,3452.0,3435.0,-5.161982996463775,-0.49845336002933327,1,0.3
2024-10-11 14:00:00,2024-10-11 15:00:00,short,3435.0,3467.0,-22.738197985887524,-0.9456518189181753,1,0.7
2024-10-14 09:00:00,2024-10-14 10:00:00,long,3502.0,3492.0,-2.4402854370117186,-0.29034426006707104,1,0.24
2024-10-14 22:00:00,2024-10-14 23:00:00,long,3505.0,3489.0,-13.247615966796875,-0.4724542070897601,1,0.8
2024-10-14 23:00:00,2024-10-15 09:00:00,long,3491.0,3482.0,-2.762756996154785,-0.26379805176690396,1,0.3
2024-10-15 09:00:00,2024-10-15 10:00:00,short,3482.0,3481.0,0.35881301462650295,0.014721137877513047,1,0.7
2024-10-15 10:00:00,2024-10-15 11:00:00,long,3481.0,3491.0,7.553792037963868,0.2712507913661257,1,0.8
2024-10-15 15:00:00,2024-10-15 21:00:00,long,3471.0,3469.0,-0.5199744003295897,-0.062418899492172025,1,0.24
2024-10-15 23:00:00,2024-10-16 09:00:00,long,3482.0,3477.0,-5.695899963378906,-0.16358127407751022,1,1.0
2024-10-16 09:00:00,2024-10-16 10:00:00,long,3479.0,3473.0,-1.8625679969787596,-0.17845817734777808,1,0.3
2024-10-16 10:00:00,2024-10-16 13:00:00,short,3473.0,3467.0,3.8599399971961974,0.15877339464424325,2,0.7
2024-10-16 15:00:00,2024-10-16 22:00:00,long,3448.0,3458.0,7.558016014099121,0.27400000051113405,2,0.8
2024-10-16 22:00:00,2024-10-16 23:00:00,long,3460.0,3470.0,2.9376300036907197,0.28300867087579185,1,0.3
2024-10-16 23:00:00,2024-10-17 10:00:00,long,3472.0,3462.0,-2.439939838027954,-0.2928115205006665,2,0.24
2024-10-17 10:00:00,2024-10-17 11:00:00,long,3464.0,3378.0,-25.86157799899578,-2.4886045033675694,1,0.3
2024-10-17 11:00:00,2024-10-17 14:00:00,long,3380.0,3344.0,-29.230335998535157,-1.0810035502416848,2,0.8
2024-10-17 14:00:00,2024-10-17 15:00:00,long,3346.0,3299.0,-14.159804999828339,-1.4106201434377703,1,0.3
2024-10-18 13:00:00,2024-10-18 14:00:00,long,3326.0,3341.0,14.333299994468689,0.43094708341757937,1,1.0
2024-10-18 14:00:00,2024-10-18 15:00:00,long,3343.0,3336.0,-6.027455978393554,-0.2253760087643417,1,0.8
2024-10-18 15:00:00,2024-10-18 21:00:00,long,3338.0,3349.0,3.2398170018196106,0.3235287599180758,1,0.3
2024-10-18 21:00:00,2024-10-18 23:00:00,long,3351.0,3347.0,-3.6286719894409183,-0.13535780324682625,2,0.8
2024-10-18 23:00:00,2024-10-21 09:00:00,long,3349.0,3352.0,0.8396910023689269,0.0835762916660622,1,0.3
2024-10-21 09:00:00,2024-10-21 11:00:00,long,3354.0,3360.0,2.832150012254715,0.16888193275221916,2,0.5
2024-10-21 11:00:00,2024-10-21 14:00:00,long,3362.0,3349.0,-3.9603990018367767,-0.39266299839745955,2,0.3
2024-10-21 14:00:00,2024-10-21 23:00:00,long,3351.0,3327.0,-3.615025498867035,-0.7191933748865086,4,0.15
2024-10-21 23:00:00,2024-10-22 09:00:00,short,3327.0,3327.0,-0.3260459846258163,-0.013999999339852135,1,0.7
2024-10-23 09:00:00,2024-10-23 10:00:00,long,3348.0,3340.0,-8.668799996376038,-0.2589247310745531,1,1.0
2024-10-23 10:00:00,2024-10-23 11:00:00,long,3342.0,3323.0,-5.75998499751091,-0.5745047873041003,1,0.3
2024-10-23 11:00:00,2024-10-23 14:00:00,long,3325.0,3344.0,14.7731840133667,0.5553828576453647,2,0.8
2024-10-23 14:00:00,2024-10-23 15:00:00,short,3344.0,3319.0,17.17351300060749,0.7336599880642298,1,0.7
2024-10-23 21:00:00,2024-10-23 22:00:00,short,3306.0,3318.0,-8.724576003551482,-0.3770018150354975,1,0.7
2024-10-24 23:00:00,2024-10-25 09:00:00,long,3361.0,3363.0,1.3276000022888184,0.039500148833347765,1,1.0
2024-10-25 09:00:00,2024-10-25 10:00:00,long,3365.0,3350.0,-12.429759979248047,-0.4617295683227358,1,0.8
2024-10-25 10:00:00,2024-10-25 11:00:00,long,3352.0,3373.0,6.23947499871254,0.6204728519006106,1,0.3
2024-10-25 11:00:00,2024-10-25 13:00:00,long,3375.0,3375.0,-0.4320000076293946,-0.01600000028257017,1,0.8
2024-10-25 13:00:00,2024-10-25 14:00:00,long,3377.0,3376.0,-0.36077700018882747,-0.03561119338553228,1,0.3
2024-10-25 14:00:00,2024-10-25 15:00:00,long,3378.0,3372.0,-3.168749988079071,-0.18761101172759448,1,0.5
2024-10-25 15:00:00,2024-10-25 23:00:00,long,3374.0,3435.0,9.134679750502109,1.8049159752029462,3,0.15
2024-10-25 23:00:00,2024-10-28 11:00:00,long,3437.0,3465.0,13.827450007200241,0.804623218341591,3,0.5
2024-10-28 11:00:00,2024-10-28 13:00:00,long,3467.0,3467.0,-0.06240599691867828,-0.0059999997037475505,1,0.3
2024-10-28 13:00:00,2024-10-28 14:00:00,long,3469.0,3465.0,-2.173349991440773,-0.12530123905683327,1,0.5
2024-10-28 14:00:00,2024-10-28 15:00:00,long,3467.0,3448.0,-5.762234995365143,-0.5540077872671034,1,0.3
2024-10-28 15:00:00,2024-10-29 09:00:00,long,3450.0,3448.0,-0.31552050054073333,-0.06097014503202577,4,0.15
2024-10-29 09:00:00,2024-10-29 10:00:00,short,3448.0,3438.0,6.662586027383804,0.2760435046148411,1,0.7
2024-10-29 15:00:00,2024-10-29 21:00:00,short,3420.0,3452.0,-22.736727975606914,-0.9497380106769806,1,0.7
2024-10-29 22:00:00,2024-10-30 10:00:00,long,3437.0,3442.0,1.1603769630432128,0.14067221450916653,3,0.24
2024-10-30 10:00:00,2024-10-30 11:00:00,long,3444.0,3434.0,-3.0619019991159435,-0.2963513355706488,1,0.3
2024-10-30 11:00:00,2024-10-30 14:00:00,long,3436.0,3420.0,-3.8794905590057374,-0.4704465656535867,2,0.24
2024-10-31 09:00:00,2024-10-31 11:00:00,short,3437.0,3439.0,-1.736924008131027,-0.07219435588058636,2,0.7
2024-11-01 22:00:00,2024-11-01 23:00:00,long,3402.0,3365.0,-37.67669999599457,-1.107486772369035,1,1.0
2024-11-01 23:00:00,2024-11-04 09:00:00,long,3367.0,3369.0,0.4412006423950195,0.054598634095017765,1,0.24
2024-11-04 09:00:00,2024-11-04 10:00:00,long,3371.0,3364.0,-6.031040000915528,-0.2236369030300922,1,0.8
2024-11-04 13:00:00,2024-11-04 14:00:00,long,3400.0,3398.0,-2.679800033569336,-0.07881764804615694,1,1.0
2024-11-04 14:00:00,2024-11-04 15:00:00,long,3400.0,3419.0,5.638628997802734,0.5528067644904642,1,0.3
2024-11-04 15:00:00,2024-11-04 21:00:00,long,3421.0,3424.0,0.43459875047206875,0.08469234151263154,1,0.15
2024-11-04 21:00:00,2024-11-04 22:00:00,long,3426.0,3418.0,-4.171099990606308,-0.24349678871023397,1,0.5
2024-11-04 22:00:00,2024-11-05 09:00:00,long,3420.0,3419.0,-0.361550999879837,-0.03523888887717709,2,0.3
2024-11-05 09:00:00,2024-11-05 13:00:00,long,3421.0,3453.0,4.784533500373364,0.932384975226223,3,0.15
2024-11-05 23:00:00,2024-11-06 09:00:00,long,3433.0,3427.0,-6.6859999895095825,-0.1947567721966089,1,1.0
2024-11-06 14:00:00,2024-11-06 22:00:00,short,3406.0,3375.0,21.367731004953384,0.8962222550521511,3,0.7
2024-11-07 10:00:00,2024-11-07 15:00:00,long,3405.0,3432.0,6.440618881988525,0.7881325112565498,4,0.24
2024-11-07 15:00:00,2024-11-07 22:00:00,long,3434.0,3434.0,-0.439552001953125,-0.016000000071095113,2,0.8
2024-11-07 22:00:00,2024-11-07 23:00:00,long,3436.0,3438.0,0.8281500041484833,0.0482043075755811,1,0.5
2024-11-07 23:00:00,2024-11-08 11:00:00,long,3440.0,3396.0,-6.615380998849869,-1.2820505811724552,3,0.15
2024-11-08 11:00:00,2024-11-08 14:00:00,short,3396.0,3379.0,11.568024995326995,0.4866239691791602,2,0.7
2024-11-12 15:00:00,2024-11-12 21:00:00,long,3342.0,3343.0,0.3721600341796875,0.013919809776319849,1,0.8
2024-11-12 21:00:00,2024-11-12 22:00:00,long,3345.0,3332.0,-3.9600929939746856,-0.39462810104381524,1,0.3
2024-11-12 22:00:00,2024-11-12 23:00:00,long,3334.0,3335.0,0.20158656120300292,0.02519328149407655,1,0.24
2024-11-12 23:00:00,2024-11-13 09:00:00,short,3335.0,3333.0,1.0732679891586303,0.045974212429155295,1,0.7
2024-11-13 11:00:00,2024-11-13 13:00:00,long,3351.0,3349.0,-2.6699999570846558,-0.07967770686614908,1,1.0
2024-11-13 13:00:00,2024-11-13 15:00:00,long,3351.0,3337.0,-3.3985228797912597,-0.42257570871770367,2,0.24
2024-11-13 21:00:00,2024-11-13 22:00:00,long,3346.0,3340.0,-6.668599963188171,-0.19930065640132014,1,1.0
2024-11-13 22:00:00,2024-11-13 23:00:00,long,3342.0,3341.0,-0.6670749932527542,-0.03992070576018876,1,0.5
2024-11-13 23:00:00,2024-11-14 09:00:00,long,3343.0,3341.0,-0.6601559937000274,-0.06582470771762164,1,0.3
2024-11-14 09:00:00,2024-11-14 10:00:00,long,3343.0,3330.0,-1.9650142496824263,-0.3918664372684069,1,0.15
2024-11-14 10:00:00,2024-11-14 11:00:00,short,3330.0,3323.0,4.574002994298934,0.19622492468034897,1,0.7
2024-11-18 13:00:00,2024-11-18 14:00:00,long,3285.0,3269.0,-16.655400037765503,-0.5070136997797718,1,1.0
2024-11-18 14:00:00,2024-11-18 21:00:00,long,3271.0,3284.0,3.841005005836487,0.39142005562381404,2,0.3
2024-11-18 21:00:00,2024-11-18 22:00:00,long,3286.0,3274.0,-2.9177856010437013,-0.36997687170872656,1,0.24
2024-11-18 22:00:00,2024-11-18 23:00:00,long,3276.0,3280.0,2.780416030883789,0.10609035526876484,1,0.8
2024-11-18 23:00:00,2024-11-19 09:00:00,long,3282.0,3284.0,0.540906000137329,0.05493662402369785,1,0.3
2024-11-19 09:00:00,2024-11-19 10:00:00,long,3286.0,3274.0,-1.8147600004076956,-0.36818015832982265,1,0.15
2024-11-19 10:00:00,2024-11-19 11:00:00,short,3274.0,3270.0,2.479344004392624,0.10818326225641957,1,0.7
2024-11-19 13:00:00,2024-11-19 14:00:00,short,3286.0,3288.0,-1.722126005887985,-0.07486853342700571,1,0.7
2024-11-19 21:00:00,2024-11-19 22:00:00,long,3316.0,3313.0,-3.662899971008301,-0.11046139840193911,1,1.0
2024-11-19 22:00:00,2024-11-19 23:00:00,long,3315.0,3311.0,-1.2596339982748033,-0.12666002999243872,1,0.3
2024-11-19 23:00:00,2024-11-20 10:00:00,long,3313.0,3304.0,-7.6234880065917965,-0.2876353760410427,2,0.8
2024-11-20 10:00:00,2024-11-20 13:00:00,long,3306.0,3323.0,5.040339002609253,0.5082011496883699,2,0.3
2024-11-20 13:00:00,2024-11-20 14:00:00,long,3325.0,3310.0,-2.2649287489056587,-0.45412105241216216,1,0.15
2024-11-20 14:00:00,2024-11-20 15:00:00,short,3310.0,3320.0,-7.324869993925095,-0.316135951399443,1,0.7
2024-11-20 22:00:00,2024-11-20 23:00:00,long,3328.0,3319.0,-9.664700031280518,-0.2904056499783809,1,1.0
2024-11-20 23:00:00,2024-11-21 10:00:00,long,3321.0,3319.0,-0.6597600030899048,-0.0662210180758712,2,0.3
2024-11-21 10:00:00,2024-11-21 11:00:00,long,3321.0,3332.0,2.6016787193298336,0.32641758498065765,1,0.24
2024-11-21 11:00:00,2024-11-21 14:00:00,long,3334.0,3334.0,-0.4267519760131836,-0.015999999100674248,2,0.8
2024-11-21 14:00:00,2024-11-21 15:00:00,long,3336.0,3331.0,-1.560003000497818,-0.1558755995701257,1,0.3
2024-11-21 15:00:00,2024-11-21 22:00:00,short,3331.0,3333.0,-1.7265359783172607,-0.07404623143274267,2,0.7
2024-11-22 10:00:00,2024-11-22 13:00:00,long,3324.0,3273.0,-41.222207984924324,-1.5501732846316305,2,0.8
2024-11-22 13:00:00,2024-11-22 14:00:00,long,3275.0,3277.0,0.5410319995880126,0.05506687018707508,1,0.3
2024-11-22 23:00:00,2024-11-25 11:00:00,long,3323.0,3307.0,-3.8781887992858888,-0.48628107123155395,3,0.24
2024-11-25 11:00:00,2024-11-25 13:00:00,long,3309.0,3289.0,-16.422271957397463,-0.6203638545405508,1,0.8
2024-11-25 13:00:00,2024-11-25 15:00:00,long,3291.0,3294.0,0.6820704025268555,0.08635551536094088,2,0.24
2024-11-25 15:00:00,2024-11-25 21:00:00,long,3296.0,3299.0,0.43516124993562694,0.0880180521714456,1,0.15
2024-11-25 23:00:00,2024-11-26 09:00:00,long,3312.0,3305.0,-1.7181139205932616,-0.21614758461569816,1,0.24
2024-11-26 10:00:00,2024-11-26 11:00:00,long,3321.0,3316.0,-5.663699984550476,-0.17054200495484723,1,1.0
2024-11-26 11:00:00,2024-11-26 13:00:00,long,3318.0,3316.0,-2.0245759582519534,-0.07627245171232494,1,0.8
2024-11-26 13:00:00,2024-11-26 14:00:00,long,3318.0,3303.0,-4.559588996171951,-0.4580660032320626,1,0.3
2024-11-26 14:00:00,2024-11-26 15:00:00,long,3305.0,3305.0,-0.038073597335815425,-0.004799999664121965,1,0.24
2024-11-26 15:00:00,2024-11-26 21:00:00,long,3307.0,3304.0,-0.46487474933266637,-0.09371530074239823,1,0.15
2024-11-27 11:00:00,2024-11-27 13:00:00,short,3308.0,3308.0,-0.32418399691581723,-0.013999999866808483,1,0.7
2024-11-27 15:00:00,2024-11-27 21:00:00,long,3310.0,3310.0,-0.03813120002746582,-0.004800000003457429,1,0.24
2024-11-27 23:00:00,2024-11-28 09:00:00,long,3310.0,3308.0,-2.6618000268936157,-0.08041691924149896,1,1.0
2024-11-28 10:00:00,2024-11-28 11:00:00,long,3288.0,3290.0,1.179008026123047,0.04482238542134454,1,0.8
2024-11-28 11:00:00,2024-11-28 13:00:00,long,3292.0,3287.0,-1.5592109978199005,-0.15787879686309242,1,0.3
2024-11-28 13:00:00,2024-11-28 14:00:00,long,3289.0,3303.0,10.778112030029298,0.40962724346417206,1,0.8
2024-11-28 14:00:00,2024-11-28 21:00:00,short,3303.0,3310.0,-5.224037001729011,-0.22594338487647642,2,0.7
2024-11-28 23:00:00,2024-11-29 09:00:00,long,3312.0,3310.0,-2.6621999740600586,-0.0803804339993979,1,1.0
2024-11-29 09:00:00,2024-11-29 11:00:00,long,3312.0,3334.0,17.174655990600588,0.6481980672781018,2,0.8
2024-11-29 11:00:00,2024-11-29 13:00:00,long,3336.0,3337.0,0.23994300127029417,0.02397512003100461,1,0.3
2024-11-29 13:00:00,2024-11-29 14:00:00,long,3339.0,3336.0,-2.8272000122070313,-0.10584007233479453,1,0.8
2024-11-29 14:00:00,2024-11-29 23:00:00,long,3338.0,3306.0,-4.814948999583721,-0.9616434990181187,4,0.15
2024-12-02 14:00:00,2024-12-02 15:00:00,long,3342.0,3333.0,-9.667500019073486,-0.2892728910554604,1,1.0
2024-12-02 15:00:00,2024-12-02 23:00:00,long,3335.0,3342.0,5.172672004699708,0.19387826104571615,3,0.8
2024-12-02 23:00:00,2024-12-03 13:00:00,long,3344.0,3338.0,-0.915034500360489,-0.18242314600488216,4,0.15
2024-12-03 13:00:00,2024-12-03 14:00:00,long,3340.0,3340.0,-0.16699999570846558,-0.009999999743021891,1,0.5
2024-12-03 14:00:00,2024-12-03 21:00:00,long,3342.0,3351.0,2.639763003587723,0.26329174183001425,2,0.3
2024-12-03 21:00:00,2024-12-03 23:00:00,long,3353.0,3347.0,-0.9150749990344047,-0.18194154469319113,2,0.15
2024-12-04 11:00:00,2024-12-04 14:00:00,long,3312.0,3321.0,6.775487976074219,0.25571739040135183,2,0.8
2024-12-04 14:00:00,2024-12-04 15:00:00,long,3323.0,3336.0,3.8400690007209777,0.3852010232441546,1,0.3
2024-12-04 15:00:00,2024-12-04 22:00:00,short,3336.0,3337.0,-1.0269769930839538,-0.04397811720983016,2,0.7
2024-12-05 09:00:00,2024-12-05 10:00:00,long,3335.0,3316.0,-5.759858998060227,-0.5756980507806323,1,0.3
2024-12-05 10:00:00,2024-12-05 11:00:00,short,3316.0,3294.0,15.076109993457793,0.6494963809003014,1,0.7
2024-12-05 11:00:00,2024-12-05 14:00:00,long,3294.0,3285.0,-7.621055984497071,-0.28920218520404795,2,0.8
2024-12-05 14:00:00,2024-12-05 15:00:00,long,3287.0,3281.0,-1.8591120028495787,-0.18853179219648908,1,0.3
2024-12-05 15:00:00,2024-12-05 21:00:00,long,3283.0,3339.0,44.376192016601564,1.689620469715259,1,0.8
2024-12-05 21:00:00,2024-12-05 22:00:00,short,3339.0,3330.0,5.973218981027603,0.2555606460885468,1,0.7
2024-12-05 23:00:00,2024-12-06 09:00:00,long,3326.0,3329.0,0.6816672008514404,0.08539627190462021,1,0.24
2024-12-06 10:00:00,2024-12-06 11:00:00,long,3321.0,3336.0,14.33430004119873,0.43162601750071455,1,1.0
2024-12-06 11:00:00,2024-12-06 14:00:00,long,3338.0,3330.0,-6.8267520141601565,-0.2556452971150448,2,0.8
2024-12-06 14:00:00,2024-12-06 15:00:00,long,3332.0,3310.0,-6.6597779953479765,-0.6662442972536992,1,0.3
2024-12-06 15:00:00,2024-12-06 23:00:00,short,3310.0,3297.0,8.776257017850876,0.3787767379305514,3,0.7
2024-12-09 10:00:00,2024-12-09 13:00:00,long,3338.0,3316.0,-5.318327038192749,-0.6638614737108984,2,0.24
2024-12-09 15:00:00,2024-12-09 21:00:00,long,3333.0,3389.0,55.327800035476685,1.660000001064407,1,1.0
2024-12-09 21:00:00,2024-12-09 22:00:00,long,3391.0,3412.0,16.364608001708984,0.6032368033658576,1,0.8
2024-12-09 22:00:00,2024-12-09 23:00:00,long,3414.0,3426.0,5.828999996185303,0.34147627394172836,1,0.5
2024-12-09 23:00:00,2024-12-10 09:00:00,long,3428.0,3429.0,0.2382870054244995,0.02317065396971018,1,0.3
2024-12-10 09:00:00,2024-12-10 11:00:00,long,3431.0,3418.0,-6.671224996447563,-0.38887933526362944,2,0.5
2024-12-10 11:00:00,2024-12-10 14:00:00,long,3420.0,3409.0,-3.361460995674133,-0.32762777735615334,2,0.3
2024-12-10 14:00:00,2024-12-10 15:00:00,long,3411.0,3402.0,-1.3653292483091355,-0.2668482846299493,1,0.15
2024-12-10 15:00:00,2024-12-10 22:00:00,short,3402.0,3411.0,-6.633836963176726,-0.2785687815224963,2,0.7
2024-12-10 23:00:00,2024-12-11 09:00:00,long,3410.0,3408.0,-2.0363520050048827,-0.07464633449431388,1,0.8
2024-12-11 09:00:00,2024-12-11 11:00:00,long,3410.0,3411.0,0.23861100554466247,0.023324633973085283,2,0.3
2024-12-11 11:00:00,2024-12-11 13:00:00,long,3413.0,3407.0,-1.4792831989288329,-0.18059419852144168,1,0.24
2024-12-11 13:00:00,2024-12-11 14:00:00,long,3409.0,3404.0,-4.436031990051269,-0.16265884387104976,1,0.8
2024-12-11 14:00:00,2024-12-11 15:00:00,long,3406.0,3410.0,1.1386560022830963,0.11143628912537643,1,0.3
2024-12-11 15:00:00,2024-12-11 22:00:00,long,3412.0,3411.0,-0.27930047836303706,-0.034107619964223956,2,0.24
2024-12-11 22:00:00,2024-12-11 23:00:00,long,3413.0,3412.0,-0.6706250011920929,-0.039298271385414175,1,0.5
2024-12-11 23:00:00,2024-12-12 09:00:00,long,3414.0,3413.0,-0.16536074951291083,-0.03229071460904332,1,0.15
2024-12-12 15:00:00,2024-12-12 21:00:00,long,3430.0,3405.0,-25.68349999189377,-0.7487900872272236,1,1.0
2024-12-12 21:00:00,2024-12-12 22:00:00,short,3405.0,3402.0,1.766457027196884,0.07411189541417597,1,0.7
2024-12-12 22:00:00,2024-12-12 23:00:00,long,3402.0,3389.0,-10.834623985290527,-0.3980975891126737,1,0.8
2024-12-12 23:00:00,2024-12-13 09:00:00,long,3391.0,3388.0,-0.9610109961032868,-0.09446682356269408,1,0.3
2024-12-16 10:00:00,2024-12-16 11:00:00,long,3348.0,3342.0,-1.4785344017028808,-0.184007168670709,1,0.24
2024-12-16 11:00:00,2024-12-16 13:00:00,long,3344.0,3349.0,1.4397630035877227,0.1435170458121733,1,0.3
2024-12-16 13:00:00,2024-12-16 14:00:00,long,3351.0,3349.0,-2.02879997253418,-0.07567890079581392,1,0.8
2024-12-16 14:00:00,2024-12-16 15:00:00,long,3351.0,3361.0,2.9395920020341872,0.29240943022323557,1,0.3
2024-12-16 15:00:00,2024-12-16 22:00:00,long,3363.0,3364.0,0.3694720077514648,0.013732976797184986,2,0.8
2024-12-16 22:00:00,2024-12-16 23:00:00,long,3366.0,3362.0,-2.1682000011205673,-0.12882947124899388,1,0.5
2024-12-16 23:00:00,2024-12-17 15:00:00,long,3364.0,3361.0,-0.4651312503218651,-0.09217821052751984,6,0.15
2024-12-17 15:00:00,2024-12-17 21:00:00,short,3361.0,3361.0,-0.32937798261642454,-0.013999999261122309,1,0.7
2024-12-20 09:00:00,2024-12-20 10:00:00,long,3283.0,3285.0,0.44216831817626956,0.05611842803536775,1,0.24
2024-12-20 11:00:00,2024-12-20 14:00:00,long,3282.0,3285.0,1.9797119903564455,0.07540036526342342,2,0.8
2024-12-20 14:00:00,2024-12-20 15:00:00,long,3287.0,3280.0,-2.159103001356125,-0.21895375736295764,1,0.3
2024-12-20 15:00:00,2024-12-20 21:00:00,short,3280.0,3284.0,-3.1216359829902647,-0.13595975535671886,1,0.7
2024-12-23 15:00:00,2024-12-23 21:00:00,long,3292.0,3289.0,-3.6581000089645386,-0.11112089942176605,1,1.0
2024-12-23 21:00:00,2024-12-23 22:00:00,long,3291.0,3285.0,-5.220863990783691,-0.19830082006926814,1,0.8
2024-12-23 22:00:00,2024-12-23 23:00:00,long,3287.0,3281.0,-1.8591120028495787,-0.18853179219648908,1,0.3
2024-12-23 23:00:00,2024-12-24 09:00:00,short,3281.0,3283.0,-1.7216359829902648,-0.07496129154831997,1,0.7
2024-12-24 11:00:00,2024-12-24 14:00:00,short,3295.0,3301.0,-4.523204009532928,-0.19610682894137996,2,0.7
2024-12-24 15:00:00,2024-12-24 21:00:00,long,3315.0,3307.0,-8.662199974060059,-0.2613031666383125,1,1.0
2024-12-24 21:00:00,2024-12-24 22:00:00,long,3309.0,3304.0,-4.423231964111328,-0.16709096268175158,1,0.8
2024-12-24 22:00:00,2024-12-24 23:00:00,long,3306.0,3306.0,-0.059507998824119564,-0.005999999881439763,1,0.3
2024-12-24 23:00:00,2024-12-25 09:00:00,long,3308.0,3306.0,-2.0232959747314454,-0.07645465442606732,1,0.8
2024-12-25 09:00:00,2024-12-25 11:00:00,long,3308.0,3301.0,-1.7180678398132323,-0.21640314387006654,2,0.24
2024-12-26 10:00:00,2024-12-26 22:00:00,long,3321.0,3301.0,-4.838142718505859,-0.6070137908393379,6,0.24
2024-12-26 22:00:00,2024-12-26 23:00:00,long,3303.0,3305.0,0.5405280017852783,0.054549197879228815,1,0.3
2024-12-30 09:00:00,2024-12-30 11:00:00,long,3285.0,3308.0,5.482024321746826,0.69533540357012,2,0.24
2024-12-30 11:00:00,2024-12-30 14:00:00,long,3310.0,3313.0,1.9761280059814454,0.07462719055821168,2,0.8
2024-12-30 14:00:00,2024-12-30 15:00:00,long,3315.0,3313.0,-0.6596519958972931,-0.0663300146704166,1,0.3
2024-12-30 15:00:00,2024-12-30 21:00:00,long,3315.0,3325.0,7.5750400161743165,0.2856349930684131,1,0.8
2024-12-30 21:00:00,2024-12-30 22:00:00,long,3327.0,3314.0,-3.9597689938545226,-0.3967306876920672,1,0.3
2024-12-30 22:00:00,2024-12-30 23:00:00,long,3316.0,3315.0,-0.6657750010490417,-0.04015530766278901,1,0.5
2024-12-30 23:00:00,2024-12-31 10:00:00,long,3317.0,3310.0,-2.159642999768257,-0.2170277358826507,2,0.3
2024-12-31 10:00:00,2024-12-31 13:00:00,long,3312.0,3304.0,-1.2148859998583794,-0.2445422705028944,2,0.15
2024-12-31 13:00:00,2024-12-31 14:00:00,short,3304.0,3308.0,-3.123987993597984,-0.13507384960212662,1,0.7
2025-01-02 11:00:00,2025-01-02 13:00:00,short,3328.0,3319.0,5.974296984672547,0.2564516219382103,1,0.7
2025-01-06 22:00:00,2025-01-07 09:00:00,long,3266.0,3257.0,-2.197572480010986,-0.2803598285378376,2,0.24
2025-01-07 15:00:00,2025-01-07 21:00:00,long,3242.0,3238.0,-3.6147200012207032,-0.1393707588379358,1,0.8
2025-01-07 21:00:00,2025-01-07 23:00:00,long,3240.0,3243.0,0.8416530007123947,0.08658981488810644,2,0.3
2025-01-07 23:00:00,2025-01-08 09:00:00,long,3245.0,3243.0,-0.5173708808898926,-0.06643180288776228,1,0.24
2025-01-08 09:00:00,2025-01-08 10:00:00,long,3245.0,3229.0,-13.214336013793947,-0.5090268110090118,1,0.8
2025-01-08 10:00:00,2025-01-08 11:00:00,long,3231.0,3222.0,-2.1971692817687987,-0.28334484702476004,1,0.24
2025-01-08 11:00:00,2025-01-08 13:00:00,long,3224.0,3211.0,-10.811839981079103,-0.4191935476535012,1,0.8
2025-01-08 13:00:00,2025-01-08 14:00:00,short,3211.0,3227.0,-11.515462009906766,-0.5123220185036601,1,0.7
2025-01-08 14:00:00,2025-01-08 15:00:00,long,3227.0,3208.0,-5.757914997339248,-0.5947644868649157,1,0.3
2025-01-09 15:00:00,2025-01-09 22:00:00,long,3206.0,3191.0,-3.636846719741821,-0.4726615096358158,2,0.24
2025-01-10 09:00:00,2025-01-10 10:00:00,long,3198.0,3209.0,10.359300017356873,0.3239305821562499,1,1.0
2025-01-10 10:00:00,2025-01-10 11:00:00,long,3211.0,3206.0,-4.410688018798829,-0.17170227416688058,1,0.8
2025-01-10 11:00:00,2025-01-10 13:00:00,long,3208.0,3203.0,-1.5576989990472794,-0.161855673217714,1,0.3
2025-01-10 13:00:00,2025-01-10 14:00:00,long,3205.0,3206.0,0.2030726406097412,0.02640049929923833,1,0.24
2025-01-10 15:00:00,2025-01-10 21:00:00,long,3206.0,3212.0,5.358200013637543,0.1671303809618697,1,1.0
2025-01-10 21:00:00,2025-01-10 23:00:00,long,3214.0,3234.0,9.838800013065338,0.612246422717196,2,0.5
2025-01-10 23:00:00,2025-01-13 09:00:00,long,3236.0,3239.0,0.8417250019311905,0.08670426472303157,1,0.3
2025-01-13 09:00:00,2025-01-13 13:00:00,long,3241.0,3243.0,0.8379000127315521,0.05170626428457588,3,0.5
2025-01-13 13:00:00,2025-01-13 15:00:00,long,3245.0,3249.0,1.141554000377655,0.11726286598640523,2,0.3
2025-01-13 15:00:00,2025-01-13 22:00:00,long,3251.0,3243.0,-1.2146114999055861,-0.2490744386149054,2,0.15
2025-01-14 10:00:00,2025-01-14 11:00:00,long,3266.0,3268.0,0.5411940050125121,0.05523515054220373,1,0.3
2025-01-14 11:00:00,2025-01-14 14:00:00,long,3270.0,3289.0,4.522220159912109,0.5762258103863543,2,0.24
2025-01-14 14:00:00,2025-01-14 22:00:00,long,3291.0,3280.0,-9.22054397583008,-0.35021816985073223,3,0.8
2025-01-14 22:00:00,2025-01-14 23:00:00,long,3282.0,3280.0,-0.6590579938888549,-0.06693662338907728,1,0.3
2025-01-14 23:00:00,2025-01-15 11:00:00,long,3282.0,3298.0,2.3851950001716613,0.4845003047271301,3,0.15
2025-01-15 23:00:00,2025-01-16 09:00:00,long,3306.0,3306.0,-0.6611999869346619,-0.019999999604799208,1,1.0
2025-01-16 09:00:00,2025-01-16 10:00:00,long,3308.0,3300.0,-2.4594719982147213,-0.24783071324211223,1,0.3
2025-01-16 10:00:00,2025-01-16 11:00:00,long,3302.0,3298.0,-3.622399978637695,-0.13712901191087581,1,0.8
2025-01-16 11:00:00,2025-01-16 13:00:00,long,3300.0,3297.0,-0.7579987186431885,-0.0957069089195945,1,0.24
2025-01-16 13:00:00,2025-01-16 14:00:00,long,3299.0,3306.0,5.177280006408692,0.19616853616280283,1,0.8
2025-01-16 14:00:00,2025-01-16 15:00:00,long,3308.0,3321.0,3.8403390026092525,0.3869749095736853,1,0.3
2025-01-16 15:00:00,2025-01-16 21:00:00,long,3323.0,3329.0,2.8337000012397766,0.17055070726691401,1,0.5
2025-01-16 21:00:00,2025-01-16 22:00:00,long,3331.0,3324.0,-2.1598949986696243,-0.21614079842586054,1,0.3
2025-01-16 22:00:00,2025-01-16 23:00:00,long,3326.0,3323.0,-1.6662249863147736,-0.10019392581568091,1,0.5
2025-01-16 23:00:00,2025-01-17 09:00:00,long,3325.0,3323.0,-0.3149579983949661,-0.06314947336239922,1,0.15
2025-01-17 09:00:00,2025-01-17 13:00:00,long,3325.0,3359.0,16.832900017499924,1.0125052642105217,3,0.5
2025-01-17 13:00:00,2025-01-17 14:00:00,long,3361.0,3358.0,-0.9604709976911544,-0.09525647105932306,1,0.3
2025-01-17 14:00:00,2025-01-17 15:00:00,long,3360.0,3371.0,5.331725001335144,0.3173645834128062,1,0.5
2025-01-17 15:00:00,2025-01-17 21:00:00,long,3373.0,3370.0,-0.9606869959831237,-0.09493892637445635,1,0.3
2025-01-17 21:00:00,2025-01-17 22:00:00,long,3372.0,3364.0,-4.16839998960495,-0.24723606106790927,1,0.5
2025-01-17 22:00:00,2025-01-20 10:00:00,long,3366.0,3359.0,-1.065131250321865,-0.21095885330201328,3,0.15
2025-01-20 10:00:00,2025-01-20 14:00:00,short,3359.0,3358.0,0.37086699962615965,0.015772849046321594,3,0.7
2025-01-20 23:00:00,2025-01-21 10:00:00,long,3364.0,3365.0,0.20124096221923826,0.02492580289080934,2,0.24
2025-01-21 10:00:00,2025-01-21 11:00:00,long,3367.0,3354.0,-10.830143966674806,-0.402069496832299,1,0.8
2025-01-21 11:00:00,2025-01-21 13:00:00,long,3356.0,3357.0,0.23958300054073334,0.02379648396312409,1,0.3
2025-01-21 13:00:00,2025-01-21 15:00:00,long,3359.0,3354.0,-1.2386668762207032,-0.1536502525827011,2,0.24
2025-01-21 15:00:00,2025-01-21 22:00:00,short,3354.0,3332.0,15.072386018037795,0.6419791301660192,2,0.7
2025-01-22 15:00:00,2025-01-22 21:00:00,long,3341.0,3345.0,0.9214886421203613,0.1149217602165471,1,0.24
2025-01-22 21:00:00,2025-01-22 23:00:00,long,3347.0,3360.0,9.970752029418946,0.37237645762694,2,0.8
2025-01-22 23:00:00,2025-01-23 10:00:00,long,3362.0,3354.0,-2.4604439985752107,-0.2439464602989501,2,0.3
2025-01-23 10:00:00,2025-01-23 11:00:00,long,3356.0,3343.0,-10.828735961914063,-0.4033349211082413,1,0.8
2025-01-23 11:00:00,2025-01-23 15:00:00,long,3345.0,3349.0,0.5849385005235671,0.1165796712553198,3,0.15
2025-01-23 15:00:00,2025-01-23 22:00:00,short,3349.0,3350.0,-1.028250970840454,-0.043861748532203815,2,0.7
2025-01-24 15:00:00,2025-01-27 09:00:00,long,3376.0,3370.0,-1.4788569602966308,-0.18252085311717897,4,0.24
2025-01-27 10:00:00,2025-01-27 11:00:00,long,3382.0,3372.0,-10.675400018692017,-0.31565346004411643,1,1.0
2025-01-27 11:00:00,2025-01-27 13:00:00,long,3374.0,3371.0,-0.9607049989700317,-0.0949125665846702,1,0.3
2025-01-27 13:00:00,2025-01-27 15:00:00,short,3371.0,3381.0,-7.3308479928970325,-0.31066864401818167,2,0.7
2025-01-27 15:00:00,2025-02-05 09:00:00,long,3381.0,3394.0,3.080975999450683,0.37969239863091336,1,0.24
2025-02-05 09:00:00,2025-02-05 13:00:00,long,3396.0,3325.0,-57.2301439666748,-2.1065276783964517,3,0.8
2025-02-05 13:00:00,2025-02-05 15:00:00,long,3327.0,3321.0,-1.8598319989442826,-0.18633724065166643,2,0.3
2025-02-05 15:00:00,2025-02-05 21:00:00,short,3321.0,3321.0,-0.3254580038785934,-0.014000000166842752,1,0.7
2025-02-06 09:00:00,2025-02-06 10:00:00,long,3332.0,3330.0,-0.5183731189727783,-0.06482256889915695,1,0.24
2025-02-06 11:00:00,2025-02-06 13:00:00,long,3348.0,3342.0,-6.669000029563904,-0.19919354927012853,1,1.0
2025-02-06 13:00:00,2025-02-06 14:00:00,long,3344.0,3347.0,1.971776008605957,0.07370574194848822,1,0.8
2025-02-06 14:00:00,2025-02-06 21:00:00,long,3349.0,3354.0,1.439672999382019,0.1432938189889538,2,0.3
2025-02-06 21:00:00,2025-02-06 22:00:00,long,3356.0,3367.0,2.6012755210876466,0.32296328976555005,1,0.24
2025-02-06 22:00:00,2025-02-06 23:00:00,long,3369.0,3357.0,-10.030464019775392,-0.37216028568475035,1,0.8
2025-02-06 23:00:00,2025-02-07 09:00:00,long,3359.0,3354.0,-2.6678249835968018,-0.15884638187536776,1,0.5
2025-02-07 09:00:00,2025-02-07 10:00:00,long,3356.0,3352.0,-1.2603719973564147,-0.12518593537509085,1,0.3
2025-02-07 10:00:00,2025-02-07 15:00:00,long,3354.0,3352.0,-0.3150884985923767,-0.06262939745425894,4,0.15
2025-02-07 15:00:00,2025-02-07 22:00:00,short,3352.0,3371.0,-13.62942699074745,-0.5808654530662909,2,0.7
2025-02-07 23:00:00,2025-02-10 09:00:00,long,3370.0,3362.0,-8.673200011253357,-0.2573649854971322,1,1.0
2025-02-10 10:00:00,2025-02-10 13:00:00,long,3345.0,3319.0,-21.22649597167969,-0.7932173382540989,2,0.8
2025-02-10 13:00:00,2025-02-10 14:00:00,long,3321.0,3314.0,-2.1597149956226347,-0.21677356174070408,1,0.3
2025-02-11 09:00:00,2025-02-11 10:00:00,long,3325.0,3319.0,-1.4782694389343263,-0.18524679685893813,1,0.24
2025-02-11 10:00:00,2025-02-11 11:00:00,short,3319.0,3285.0,23.476403983831407,1.0104766488973187,1,0.7
2025-02-11 11:00:00,2025-02-11 14:00:00,long,3285.0,3282.0,-2.820288009643555,-0.10731689534412309,2,0.8
2025-02-11 14:00:00,2025-02-11 15:00:00,long,3284.0,3273.0,-3.3590129971504212,-0.3409473200518089,1,0.3
2025-02-11 15:00:00,2025-02-11 21:00:00,long,3275.0,3274.0,-1.219135971069336,-0.04653190729272274,1,0.8
2025-02-11 21:00:00,2025-02-11 22:00:00,short,3274.0,3272.0,1.0792459881305694,0.047091630514467644,1,0.7
2025-02-12 23:00:00,2025-02-13 09:00:00,long,3287.0,3288.0,0.3424999713897705,0.010419834846053256,1,1.0
2025-02-13 09:00:00,2025-02-13 11:00:00,long,3290.0,3281.0,-2.759138996601105,-0.27954802397174316,2,0.3
2025-02-13 11:00:00,2025-02-13 13:00:00,short,3281.0,3279.0,1.078559991121292,0.046961291902350856,1,0.7
2025-02-13 13:00:00,2025-02-13 14:00:00,long,3279.0,3271.0,-6.819199981689454,-0.2599573033580914,1,0.8
2025-02-14 11:00:00,2025-02-14 14:00:00,long,3280.0,3273.0,-1.7177452777862547,-0.2182095119139043,2,0.24
2025-02-14 14:00:00,2025-02-14 21:00:00,long,3275.0,3258.0,-5.158796998858452,-0.5250683968303768,2,0.3
2025-02-17 11:00:00,2025-02-17 14:00:00,short,3269.0,3273.0,-3.1205579793453215,-0.1363701428722336,2,0.7
2025-02-17 14:00:00,2025-02-17 15:00:00,long,3273.0,3291.0,5.340924003124237,0.5439376721788611,1,0.3
2025-02-17 15:00:00,2025-02-17 22:00:00,long,3293.0,3292.0,-1.2214399719238282,-0.046365015636343314,2,0.8
2025-02-17 22:00:00,2025-02-17 23:00:00,long,3294.0,3285.0,-2.7592109978199004,-0.27921584677392236,1,0.3
2025-02-17 23:00:00,2025-02-18 09:00:00,long,3287.0,3284.0,-0.7578489578247071,-0.09606644328981684,1,0.24
2025-02-18 09:00:00,2025-02-18 14:00:00,long,3286.0,3315.0,4.335147750377655,0.8795187158404657,4,0.15
2025-02-18 14:00:00,2025-02-19 09:00:00,long,3317.0,3313.0,-2.1657499969005585,-0.13058486565574667,5,0.5
2025-02-19 09:00:00,2025-02-19 10:00:00,long,3315.0,3325.0,2.9402400022745128,0.2956500756434905,1,0.3
2025-02-19 10:00:00,2025-02-19 11:00:00,long,3327.0,3322.0,-2.6662249863147736,-0.16027802743100533,1,0.5
2025-02-19 11:00:00,2025-02-19 22:00:00,long,3324.0,3323.0,-0.16495574936270713,-0.03308378446905478,5,0.15
2025-02-19 22:00:00,2025-02-19 23:00:00,long,3325.0,3323.0,-1.1661999821662903,-0.07014736734834828,1,0.5
2025-02-19 23:00:00,2025-02-20 10:00:00,long,3325.0,3317.0,-1.2149444988369942,-0.24359789450365799,2,0.15
2025-02-20 14:00:00,2025-02-20 15:00:00,short,3338.0,3358.0,-14.328104004859924,-0.6132031158460979,1,0.7
2025-02-20 15:00:00,2025-02-21 10:00:00,long,3358.0,3368.0,7.569536018371583,0.28177248430507673,5,0.8
2025-02-21 10:00:00,2025-02-21 11:00:00,long,3370.0,3366.0,-2.16839998960495,-0.12868842668278635,1,0.5
2025-02-21 11:00:00,2025-02-21 13:00:00,long,3368.0,3365.0,-0.9605969971418381,-0.09507096171237511,1,0.3
2025-02-21 13:00:00,2025-02-21 21:00:00,long,3367.0,3339.0,-4.215088499933481,-0.8345883575751868,3,0.15
2025-02-21 21:00:00,2025-02-21 22:00:00,short,3339.0,3349.0,-7.327711998224258,-0.31351182981321435,1,0.7
2025-02-26 11:00:00,2025-02-26 14:00:00,long,3314.0,3341.0,21.174080047607422,0.7986602311258081,2,0.8
2025-02-26 14:00:00,2025-02-26 22:00:00,long,3343.0,3338.0,-1.5601289999485017,-0.15556177085935805,3,0.3
2025-02-26 22:00:00,2025-02-26 23:00:00,long,3340.0,3343.0,1.9722880172729493,0.07381317429913732,1,0.8
2025-02-26 23:00:00,2025-02-27 10:00:00,long,3345.0,3332.0,-1.9650232484936714,-0.3916339309404428,2,0.15
2025-02-27 10:00:00,2025-02-27 14:00:00,short,3332.0,3324.0,5.273856028318405,0.22611284635218684,3,0.7
2025-02-27 15:00:00,2025-02-27 22:00:00,short,3328.0,3328.0,-0.3261440008878707,-0.014000000038112585,2,0.7
2025-02-28 13:00:00,2025-02-28 14:00:00,long,3306.0,3322.0,12.375808029174806,0.46792982566450414,1,0.8
2025-02-28 14:00:00,2025-02-28 15:00:00,long,3324.0,3323.0,-0.3598229974508285,-0.03608333307770042,1,0.3
2025-02-28 15:00:00,2025-02-28 21:00:00,long,3325.0,3319.0,-5.22521598815918,-0.19643669128417968,1,0.8
2025-03-03 10:00:00,2025-03-03 11:00:00,long,3333.0,3326.0,-7.665899991989136,-0.22999999975965002,1,1.0
2025-03-03 11:00:00,2025-03-03 13:00:00,long,3328.0,3326.0,-0.6598860025405884,-0.06609435121600445,1,0.3
2025-03-03 13:00:00,2025-03-03 15:00:00,long,3328.0,3295.0,-7.95814847946167,-0.9963627403172163,2,0.24
2025-03-04 10:00:00,2025-03-04 13:00:00,long,3271.0,3271.0,-0.418687973022461,-0.01599999896906378,2,0.8
2025-03-04 14:00:00,2025-03-04 15:00:00,short,3280.0,3283.0,-2.421586974859238,-0.1054698159781898,1,0.7
2025-03-05 21:00:00,2025-03-05 22:00:00,short,3259.0,3262.0,-2.4195289838314054,-0.10605921991107725,1,0.7
2025-03-05 23:00:00,2025-03-06 09:00:00,long,3262.0,3262.0,-0.41753597259521485,-0.01599999894984729,1,0.8
2025-03-06 09:00:00,2025-03-06 10:00:00,long,3264.0,3283.0,5.6410770016908645,0.576090380074639,1,0.3
2025-03-06 10:00:00,2025-03-06 11:00:00,long,3285.0,3275.0,-8.41984001159668,-0.3203896503651704,1,0.8
2025-03-06 11:00:00,2025-03-06 13:00:00,long,3277.0,3286.0,2.6409330046176906,0.2686332015682729,1,0.3
2025-03-06 13:00:00,2025-03-06 14:00:00,long,3288.0,3262.0,-21.219199981689457,-0.8066909968707974,1,0.8
2025-03-06 14:00:00,2025-03-06 15:00:00,long,3264.0,3279.0,3.562312321472168,0.454747794305577,1,0.24
2025-03-06 15:00:00,2025-03-06 23:00:00,long,3281.0,3274.0,-1.0647487498819828,-0.21634638827227123,3,0.15
2025-03-07 13:00:00,2025-03-07 15:00:00,short,3270.0,3255.0,10.18027501285076,0.44474770698343213,2,0.7
2025-03-11 22:00:00,2025-03-11 23:00:00,long,3225.0,3217.0,-1.957105918121338,-0.2528560617727827,1,0.24
2025-03-11 23:00:00,2025-03-12 09:00:00,long,3219.0,3217.0,-2.0119039916992185,-0.07812612580379072,1,0.8
2025-03-12 09:00:00,2025-03-12 11:00:00,long,3219.0,3211.0,-2.4578700006008147,-0.25451693078604276,2,0.3
2025-03-12 11:00:00,2025-03-12 14:00:00,long,3213.0,3221.0,1.8829401626586912,0.24418250890376222,2,0.24
2025-03-12 14:00:00,2025-03-12 15:00:00,long,3223.0,3223.0,-0.014503499418497084,-0.0029999998797180854,1,0.15
2025-03-12 22:00:00,2025-03-12 23:00:00,short,3237.0,3236.0,0.3828229975700379,0.016894964366037244,1,0.7
2025-03-12 23:00:00,2025-03-13 10:00:00,long,3236.0,3239.0,1.9856000137329102,0.07669962970229102,2,0.8
2025-03-13 10:00:00,2025-03-13 11:00:00,long,3241.0,3253.0,3.5415540003776553,0.3642449861542379,1,0.3
2025-03-13 11:00:00,2025-03-13 13:00:00,long,3255.0,3239.0,-3.8774054397583004,-0.49633966202743224,1,0.24
2025-03-13 13:00:00,2025-03-13 14:00:00,long,3241.0,3239.0,-2.014720001220703,-0.07770441226553158,1,0.8
2025-03-13 14:00:00,2025-03-13 15:00:00,long,3241.0,3256.0,4.441527001261711,0.4568062327740112,1,0.3
2025-03-13 15:00:00,2025-03-14 09:00:00,long,3258.0,3249.0,-1.3646407493948935,-0.2792389501524235,4,0.15
2025-03-14 11:00:00,2025-03-14 13:00:00,long,3260.0,3258.0,-2.651800036430359,-0.08134355939970425,1,1.0
2025-03-14 13:00:00,2025-03-14 14:00:00,long,3260.0,3265.0,1.4412749969959258,0.14736963159467545,1,0.3
2025-03-14 14:00:00,2025-03-14 22:00:00,long,3267.0,3246.0,-17.216831970214844,-0.6587401274186886,3,0.8
2025-03-14 22:00:00,2025-03-14 23:00:00,long,3248.0,3246.0,-0.31461149990558623,-0.0645754310151039,1,0.15
2025-03-14 23:00:00,2025-03-17 10:00:00,short,3246.0,3227.0,12.982822997570038,0.5713767713040242,2,0.7
2025-03-21 10:00:00,2025-03-21 11:00:00,long,3167.0,3165.0,-2.005247955322266,-0.07914619337394481,1,0.8
2025-03-21 11:00:00,2025-03-21 13:00:00,long,3167.0,3159.0,-2.456933995485306,-0.2585974103236824,1,0.3
2025-03-21 13:00:00,2025-03-21 14:00:00,long,3161.0,3166.0,3.595072021484375,0.14216513846426665,1,0.8
2025-03-21 14:00:00,2025-03-21 15:00:00,long,3168.0,3156.0,-3.656915997862816,-0.3847765149266431,1,0.3
2025-03-21 21:00:00,2025-03-21 22:00:00,short,3158.0,3149.0,5.990957003831863,0.2710104498250187,1,0.7
2025-03-24 10:00:00,2025-03-24 14:00:00,long,3187.0,3203.0,12.391040039062501,0.4859993739826835,3,0.8
2025-03-24 14:00:00,2025-03-24 15:00:00,long,3205.0,3203.0,-0.6576719999313354,-0.0684006240178196,1,0.3
2025-03-24 15:00:00,2025-03-24 22:00:00,long,3205.0,3207.0,1.189632034301758,0.04639750523797807,2,0.8
2025-03-24 22:00:00,2025-03-24 23:00:00,long,3209.0,3205.0,-2.1603499948978424,-0.134643190707251,1,0.5
2025-03-24 23:00:00,2025-03-25 11:00:00,long,3207.0,3186.0,-3.1643842497467998,-0.6578077642130339,3,0.15
2025-03-25 11:00:00,2025-03-25 14:00:00,short,3186.0,3220.0,-24.1138939833641,-1.0812435648535603,2,0.7
2025-03-26 09:00:00,2025-03-26 10:00:00,long,3221.0,3217.0,-4.6438000202178955,-0.14417261782731747,1,1.0
2025-03-26 10:00:00,2025-03-26 13:00:00,long,3219.0,3206.0,-3.957824998497963,-0.4098400122706807,2,0.3
2025-03-26 13:00:00,2025-03-26 15:00:00,short,3206.0,3209.0,-2.414334998130798,-0.1075810978580696,2,0.7
2025-03-27 13:00:00,2025-03-27 15:00:00,long,3197.0,3207.0,7.590144004821778,0.29676822039497097,2,0.8
2025-03-27 15:00:00,2025-03-27 21:00:00,long,3209.0,3209.0,-0.057761998772621156,-0.005999999872506612,1,0.3
2025-03-27 21:00:00,2025-03-27 22:00:00,short,3209.0,3190.0,12.986449015140533,0.5781262082153111,1,0.7
2025-03-28 15:00:00,2025-03-28 22:00:00,long,3197.0,3187.0,-8.408575973510741,-0.32876821917073595,2,0.8
2025-03-28 22:00:00,2025-03-28 23:00:00,long,3189.0,3178.0,-3.3573029977083206,-0.3509253682145208,1,0.3
2025-03-28 23:00:00,2025-03-31 10:00:00,short,3178.0,3172.0,3.8888500046730035,0.1748112022239056,2,0.7
2025-03-31 10:00:00,2025-03-31 11:00:00,long,3172.0,3164.0,-6.8055039978027345,-0.26818663295250367,1,0.8
2025-04-01 15:00:00,2025-04-01 21:00:00,long,3174.0,3169.0,-5.634299993515015,-0.17751417748944595,1,1.0
2025-04-01 21:00:00,2025-04-01 22:00:00,long,3171.0,3169.0,-2.005759963989258,-0.07906653910396003,1,0.8
2025-04-01 22:00:00,2025-04-01 23:00:00,long,3171.0,3173.0,0.5429039990901947,0.057069694007168575,1,0.3
2025-04-01 23:00:00,2025-04-02 09:00:00,long,3175.0,3173.0,-2.00627197265625,-0.07898708553764763,1,0.8
2025-04-02 09:00:00,2025-04-02 11:00:00,long,3175.0,3176.0,0.20341823959350586,0.026695307033268483,2,0.24
2025-04-02 11:00:00,2025-04-02 13:00:00,long,3178.0,3170.0,-1.2142829990386963,-0.254726872045038,1,0.15
2025-04-02 22:00:00,2025-04-03 09:00:00,short,3171.0,3155.0,10.890026024580001,0.49060801119881076,2,0.7
2025-04-03 10:00:00,2025-04-03 13:00:00,long,3179.0,3159.0,-4.836506881713867,-0.6339135579471882,2,0.24
2025-04-03 13:00:00,2025-04-03 14:00:00,long,3161.0,3160.0,-1.2045439910888671,-0.04763302717054995,1,0.8
2025-04-03 14:00:00,2025-04-07 09:00:00,long,3162.0,3154.0,-2.456844002008438,-0.2589968376563819,2,0.3
2025-04-07 09:00:00,2025-04-07 10:00:00,long,3156.0,3134.0,-5.316230397033691,-0.7018681871875913,1,0.24
2025-04-07 10:00:00,2025-04-07 11:00:00,short,3134.0,3160.0,-18.508406007289885,-0.8436687942059389,1,0.7
2025-04-07 23:00:00,2025-04-08 10:00:00,long,3164.0,3138.0,-6.276299518203735,-0.8265249049467625,2,0.24
2025-04-08 10:00:00,2025-04-08 11:00:00,short,3138.0,3124.0,9.493162019252777,0.4321752717496484,1,0.7
2025-04-08 11:00:00,2025-04-08 13:00:00,long,3124.0,3119.0,-4.399552001953125,-0.1760384123700834,1,0.8
2025-04-08 13:00:00,2025-04-08 14:00:00,long,3121.0,3115.0,-1.8561240005493163,-0.19824030765238881,1,0.3
2025-04-08 14:00:00,2025-04-08 15:00:00,long,3117.0,3101.0,-13.197951965332033,-0.529273017538179,1,0.8
2025-04-09 23:00:00,2025-04-10 10:00:00,long,3095.0,3137.0,10.044103683471679,1.3521948954593,2,0.24
2025-04-10 10:00:00,2025-04-10 13:00:00,long,3139.0,3139.0,-0.40179199218750006,-0.01599999968889376,2,0.8
2025-04-10 13:00:00,2025-04-10 14:00:00,long,3141.0,3140.0,-0.3565289980173111,-0.03783603926746377,1,0.3
2025-04-10 14:00:00,2025-04-10 15:00:00,long,3142.0,3137.0,-1.2361670402526854,-0.16393049016718192,1,0.24
2025-04-10 15:00:00,2025-04-10 22:00:00,long,3139.0,3129.0,-5.156700000166893,-0.3285568652543417,2,0.5
2025-04-10 22:00:00,2025-04-10 23:00:00,long,3131.0,3134.0,0.8436149990558625,0.08981315863471336,1,0.3
2025-04-10 23:00:00,2025-04-11 10:00:00,short,3134.0,3124.0,6.693357993364334,0.30510338195662023,2,0.7
2025-04-11 14:00:00,2025-04-11 15:00:00,short,3132.0,3132.0,-0.3069359970092773,-0.013999999863586814,1,0.7
2025-04-14 09:00:00,2025-04-14 10:00:00,long,3136.0,3137.0,0.3726999759674072,0.01188456556018518,1,1.0
2025-04-14 10:00:00,2025-04-14 11:00:00,long,3139.0,3127.0,-10.001024017333984,-0.39825677036213697,1,0.8
2025-04-14 11:00:00,2025-04-14 13:00:00,long,3129.0,3125.0,-1.2562860006093979,-0.13383253442094364,1,0.3
2025-04-14 13:00:00,2025-04-14 14:00:00,short,3125.0,3133.0,-5.906642006635666,-0.2700179203033447,1,0.7
2025-04-14 22:00:00,2025-04-14 23:00:00,long,3131.0,3136.0,4.373300015926361,0.13967741986350563,1,1.0
2025-04-15 09:00:00,2025-04-15 10:00:00,long,3136.0,3120.0,-16.62559998035431,-0.5301530605980328,1,1.0
2025-04-15 10:00:00,2025-04-15 11:00:00,long,3122.0,3118.0,-0.9959423973083497,-0.1329199227669696,1,0.24
2025-04-15 22:00:00,2025-04-15 23:00:00,short,3125.0,3124.0,0.39379900813102725,0.018002240371704104,1,0.7
2025-04-15 23:00:00,2025-04-16 10:00:00,long,3124.0,3109.0,-3.635902077484131,-0.48494212514459706,2,0.24
2025-04-16 10:00:00,2025-04-16 11:00:00,short,3109.0,3098.0,7.395856999158859,0.3398362817239746,1,0.7
2025-04-16 11:00:00,2025-04-16 14:00:00,long,3098.0,3091.0,-5.996096000671387,-0.24193415109229288,2,0.8
2025-04-16 14:00:00,2025-04-16 15:00:00,long,3093.0,3093.0,-0.05567400097846984,-0.006000000105449924,1,0.3
2025-04-17 09:00:00,2025-04-17 10:00:00,long,3097.0,3104.0,1.6442822422027588,0.22121976135544597,1,0.24
2025-04-17 10:00:00,2025-04-17 15:00:00,long,3106.0,3092.0,-11.596671981811525,-0.4667044422815326,4,0.8
2025-04-17 15:00:00,2025-04-17 21:00:00,long,3094.0,3090.0,-0.9956198387145996,-0.13407937927098143,1,0.24
2025-04-17 21:00:00,2025-04-17 22:00:00,long,3092.0,3094.0,0.28608149975538255,0.06168208274156588,1,0.15
2025-04-18 13:00:00,2025-04-18 14:00:00,long,3084.0,3083.0,-1.616699993610382,-0.0524221787811408,1,1.0
2025-04-18 14:00:00,2025-04-18 21:00:00,long,3085.0,3079.0,-1.8554760003089903,-0.2004836305034025,2,0.3
2025-04-18 21:00:00,2025-04-18 22:00:00,long,3081.0,3081.0,-0.03549311828613281,-0.004799999768220925,1,0.24
2025-04-18 22:00:00,2025-04-18 23:00:00,long,3083.0,3086.0,2.0051840209960936,0.08130003328722403,1,0.8
2025-04-18 23:00:00,2025-04-21 09:00:00,long,3088.0,3089.0,0.24440700173377988,0.0263824483736809,1,0.3
2025-04-21 09:00:00,2025-04-21 15:00:00,long,3091.0,3111.0,9.84494999051094,0.637007440343639,5,0.5
2025-04-21 15:00:00,2025-04-21 22:00:00,long,3113.0,3108.0,-1.5559889996051788,-0.16661194984529165,2,0.3
2025-04-21 22:00:00,2025-04-21 23:00:00,long,3110.0,3104.0,-3.155349999666214,-0.20291639869236103,1,0.5
2025-04-21 23:00:00,2025-04-22 11:00:00,long,3106.0,3094.0,-1.8139500001072881,-0.3893432067197442,3,0.15
2025-04-22 11:00:00,2025-04-22 13:00:00,short,3094.0,3096.0,-1.7033099794387818,-0.07864576504934813,1,0.7
2025-04-23 10:00:00,2025-04-23 13:00:00,long,3103.0,3109.0,1.4042188819885253,0.18855662289028433,2,0.24
2025-04-23 13:00:00,2025-04-23 22:00:00,long,3111.0,3130.0,14.80057601928711,0.5946872396049143,4,0.8
2025-04-23 22:00:00,2025-04-24 11:00:00,long,3132.0,3120.0,-1.814067000746727,-0.38613601548461624,4,0.15
2025-04-24 11:00:00,2025-04-24 13:00:00,short,3120.0,3113.0,4.594583021402359,0.210374680467141,1,0.7
2025-04-24 22:00:00,2025-04-24 23:00:00,short,3105.0,3110.0,-3.8045350074768063,-0.1750418682989099,1,0.7
2025-04-25 10:00:00,2025-04-25 13:00:00,long,3120.0,3122.0,0.4440460807800293,0.05930102574519621,2,0.24
2025-04-25 13:00:00,2025-04-25 14:00:00,long,3124.0,3106.0,-14.798719978332521,-0.5921382833839837,1,0.8
2025-04-25 14:00:00,2025-04-25 15:00:00,long,3108.0,3103.0,-1.555898995399475,-0.16687033412692784,1,0.3
2025-04-25 15:00:00,2025-04-25 21:00:00,short,3103.0,3107.0,-3.1042899960279464,-0.14291653220514464,1,0.7
2025-04-25 22:00:00,2025-04-25 23:00:00,long,3142.0,3161.0,18.369700014591217,0.584649904983807,1,1.0
2025-04-25 23:00:00,2025-04-28 09:00:00,long,3163.0,3160.0,-0.95690700173378,-0.10084381934174097,1,0.3
2025-04-28 09:00:00,2025-04-28 10:00:00,long,3162.0,3136.0,-21.20307197570801,-0.8381986075153386,1,0.8
2025-04-28 10:00:00,2025-04-28 11:00:00,long,3138.0,3122.0,-3.876057595825195,-0.514666666112332,1,0.24
2025-04-29 09:00:00,2025-04-29 11:00:00,short,3126.0,3107.0,12.994583021402358,0.5938480496025207,2,0.7
2025-05-06 10:00:00,2025-05-06 14:00:00,long,3088.0,3075.0,-10.794431991577149,-0.4369507768611216,3,0.8
2025-05-06 14:00:00,2025-05-06 22:00:00,long,3077.0,3109.0,7.644368639373779,1.0351490411891695,3,0.24
2025-05-06 22:00:00,2025-05-06 23:00:00,long,3111.0,3106.0,-2.6554249972105026,-0.17071198953458713,1,0.5
2025-05-06 23:00:00,2025-05-07 09:00:00,long,3108.0,3114.0,1.744001998901367,0.18704440142657305,1,0.3
2025-05-07 09:00:00,2025-05-07 11:00:00,long,3116.0,3097.0,-9.65532499551773,-0.6197256094684037,2,0.5
2025-05-07 11:00:00,2025-05-07 13:00:00,long,3099.0,3087.0,-3.65567400097847,-0.3932100678690406,1,0.3
2025-05-07 13:00:00,2025-05-07 23:00:00,long,3089.0,3092.0,0.4360927502810955,0.09411735195448269,5,0.15
2025-05-08 09:00:00,2025-05-08 10:00:00,short,3091.0,3094.0,-2.4030649971961973,-0.11106276273033218,1,0.7
2025-05-12 09:00:00,2025-05-12 11:00:00,long,3051.0,3057.0,4.409087982177734,0.1806411005480881,2,0.8
2025-05-12 11:00:00,2025-05-12 13:00:00,long,3059.0,3062.0,0.8449109995365142,0.0920683229308613,1,0.3
2025-05-12 13:00:00,2025-05-12 22:00:00,long,3064.0,3091.0,21.206080017089846,0.8651305490000751,4,0.8
2025-05-12 22:00:00,2025-05-12 23:00:00,long,3093.0,3090.0,-1.654574990272522,-0.10698836018574341,1,0.5
2025-05-12 23:00:00,2025-05-13 14:00:00,long,3092.0,3073.0,-2.8638712504506114,-0.6174797866430813,5,0.15
2025-05-13 23:00:00,2025-05-14 10:00:00,short,3099.0,3113.0,-10.104387983083724,-0.46579025414113884,2,0.7
2025-05-14 11:00:00,2025-05-14 13:00:00,long,3117.0,3120.0,2.3762999773025513,0.07623676539308794,1,1.0
2025-05-14 13:00:00,2025-05-14 21:00:00,long,3122.0,3125.0,2.000192031860352,0.08008456245437026,3,0.8
2025-05-14 21:00:00,2025-05-14 22:00:00,long,3127.0,3116.0,-3.3561870002746583,-0.3577643108703399,1,0.3
2025-05-14 22:00:00,2025-05-15 13:00:00,long,3118.0,3120.0,0.2859644991159439,0.061142719503088284,5,0.15
2025-05-15 15:00:00,2025-05-15 21:00:00,long,3119.0,3118.0,-1.6237000226974487,-0.05205835276362451,1,1.0
2025-05-15 21:00:00,2025-05-15 22:00:00,long,3120.0,3107.0,-10.798527984619142,-0.43263333271711296,1,0.8
2025-05-15 22:00:00,2025-05-15 23:00:00,long,3109.0,3107.0,-0.6559440028667449,-0.07032743678211054,1,0.3
2025-05-15 23:00:00,2025-05-16 11:00:00,long,3109.0,3102.0,-5.99750400543213,-0.24113477024091867,3,0.8
2025-05-20 10:00:00,2025-05-20 22:00:00,long,3073.0,3059.0,-3.3953203170776365,-0.4603699312666283,6,0.24
2025-05-21 11:00:00,2025-05-21 14:00:00,short,3066.0,3061.0,3.1997770071029663,0.1490903460582875,2,0.7
2025-05-21 23:00:00,2025-05-22 09:00:00,long,3066.0,3064.0,-2.6130000352859497,-0.08522505007455805,1,1.0
2025-05-22 09:00:00,2025-05-22 11:00:00,long,3066.0,3068.0,0.5447940015792847,0.05922961530542343,2,0.3
2025-05-22 11:00:00,2025-05-22 14:00:00,long,3070.0,3047.0,-5.555233916473388,-0.753967686817778,2,0.24
2025-05-22 14:00:00,2025-05-22 21:00:00,short,3047.0,3061.0,-10.099291984438896,-0.47350049155792096,2,0.7
2025-05-22 23:00:00,2025-05-23 09:00:00,short,3059.0,3062.0,-2.399929002523422,-0.11207813022572372,1,0.7
2025-05-23 11:00:00,2025-05-23 13:00:00,long,3058.0,3047.0,-3.354944998025894,-0.365701438633736,1,0.3
2025-05-23 13:00:00,2025-05-23 14:00:00,short,3047.0,3055.0,-5.898997994065285,-0.2765717096003228,1,0.7
2025-05-23 21:00:00,2025-05-23 22:00:00,long,3041.0,3038.0,-0.9547110021114349,-0.1046487999683695,1,0.3
2025-05-23 22:00:00,2025-05-23 23:00:00,long,3040.0,3036.0,-3.588863983154297,-0.14756842035996287,1,0.8
2025-05-27 09:00:00,2025-05-27 10:00:00,long,3009.0,2985.0,-5.794525439071655,-0.8023880357637718,1,0.24
2025-05-27 10:00:00,2025-05-27 11:00:00,short,2985.0,2980.0,3.2077150100469587,0.15351591337865322,1,0.7
2025-05-27 11:00:00,2025-05-27 13:00:00,long,2980.0,2976.0,-3.5811840057373048,-0.15021744990508828,1,0.8
2025-05-27 13:00:00,2025-05-27 14:00:00,short,2976.0,2975.0,0.4084010070562363,0.019604503026893063,1,0.7
2025-05-27 14:00:00,2025-05-27 21:00:00,long,2975.0,2980.0,3.618880004882813,0.15205378171776524,2,0.8
2025-05-29 10:00:00,2025-05-29 11:00:00,long,2973.0,2974.0,0.4053000211715698,0.013632694960362256,1,1.0
2025-05-29 11:00:00,2025-05-29 13:00:00,long,2976.0,2961.0,-12.379967994689942,-0.5199919352608342,1,0.8
2025-05-29 13:00:00,2025-05-29 14:00:00,long,2963.0,2984.0,6.246477001905441,0.7027198787158782,1,0.3
2025-05-29 14:00:00,2025-05-29 21:00:00,long,2986.0,2977.0,-2.1943468803405763,-0.30619933025515966,2,0.24
2025-05-29 21:00:00,2025-05-29 22:00:00,long,2979.0,2968.0,-5.6486749947071075,-0.37923296372655974,1,0.5
2025-05-29 22:00:00,2025-05-30 09:00:00,long,2970.0,2971.0,0.13663275003433228,0.030669528627235078,2,0.15
2025-05-30 15:00:00,2025-06-03 09:00:00,short,2962.0,2949.0,8.81036101102829,0.42492336312473666,1,0.7
2025-06-03 23:00:00,2025-06-04 14:00:00,long,2946.0,2948.0,0.44605056381225583,0.06308703380462999,5,0.24
2025-06-04 14:00:00,2025-06-04 15:00:00,long,2950.0,2973.0,6.8466930055618285,0.7736376277470993,1,0.3
2025-06-04 15:00:00,2025-06-04 21:00:00,long,2975.0,2973.0,-1.1486999988555908,-0.07722352933482964,1,0.5
2025-06-04 21:00:00,2025-06-04 23:00:00,long,2975.0,2967.0,-2.4534780013561246,-0.2748994959502661,2,0.3
2025-06-04 23:00:00,2025-06-05 10:00:00,long,2969.0,2960.0,-4.648225009441376,-0.3131172118182133,2,0.5
2025-06-05 10:00:00,2025-06-05 13:00:00,long,2962.0,2940.0,-3.3132795001566406,-0.7457302498664508,2,0.15
2025-06-05 21:00:00,2025-06-05 22:00:00,short,2968.0,2974.0,-4.491158007383347,-0.2161704855305808,1,0.7
2025-06-05 22:00:00,2025-06-06 09:00:00,long,2974.0,2989.0,3.5656531196594234,0.49955911225894195,2,0.24
2025-06-06 09:00:00,2025-06-06 11:00:00,long,2991.0,2990.0,-1.1827839660644532,-0.04943095812706675,2,0.8
2025-06-06 11:00:00,2025-06-06 14:00:00,long,2992.0,2983.0,-2.753774996995926,-0.30679311463858355,2,0.3
2025-06-06 14:00:00,2025-06-06 22:00:00,long,2985.0,2979.0,-0.913419000506401,-0.20400201016335032,3,0.15
2025-06-06 22:00:00,2025-06-06 23:00:00,short,2979.0,2968.0,7.408597010374069,0.35527727475059073,1,0.7
2025-06-09 10:00:00,2025-06-09 11:00:00,short,2972.0,2984.0,-8.691844004392623,-0.4177967700630948,1,0.7
2025-06-09 11:00:00,2025-06-09 13:00:00,long,2984.0,2980.0,-0.9943526378631591,-0.13884503991610242,1,0.24
2025-06-09 13:00:00,2025-06-09 14:00:00,short,2980.0,2991.0,-7.992578980326652,-0.38315335476158446,1,0.7
2025-06-09 14:00:00,2025-06-09 22:00:00,long,2991.0,2966.0,-20.381247978210453,-0.8517739877219346,3,0.8
2025-06-09 22:00:00,2025-06-09 23:00:00,long,2968.0,2968.0,-0.03419135856628418,-0.004799999798725878,1,0.24
2025-06-09 23:00:00,2025-06-10 09:00:00,short,2968.0,2967.0,0.4091849911212921,0.019695080435179636,1,0.7
2025-06-10 13:00:00,2025-06-10 15:00:00,short,2971.0,2977.0,-4.491451997756958,-0.2159663411913717,2,0.7
2025-06-11 11:00:00,2025-06-11 13:00:00,long,2984.0,2990.0,5.402600049972534,0.18105228049505812,1,1.0
2025-06-11 13:00:00,2025-06-11 14:00:00,long,2992.0,2991.0,-0.35384699821472165,-0.03942145702035669,1,0.3
2025-06-11 14:00:00,2025-06-11 15:00:00,long,2993.0,2990.0,-2.7829119873046877,-0.11622585981058667,1,0.8
2025-06-11 15:00:00,2025-06-11 21:00:00,long,2992.0,2993.0,0.20552639923095703,0.028621657646913583,1,0.24
2025-06-11 21:00:00,2025-06-11 22:00:00,long,2995.0,2978.0,-13.982271995544435,-0.5835672786120382,1,0.8
2025-06-11 22:00:00,2025-06-11 23:00:00,long,2980.0,2976.0,-0.6134010002017021,-0.1372261745417678,1,0.15
2025-06-11 23:00:00,2025-06-12 09:00:00,short,2976.0,2977.0,-0.9916969799995421,-0.047604501728088625,1,0.7
2025-06-12 13:00:00,2025-06-12 14:00:00,long,2967.0,2972.0,3.619904022216797,0.15250691027202548,1,0.8
2025-06-12 14:00:00,2025-06-12 21:00:00,long,2974.0,2969.0,-1.5534870028495789,-0.1741186956791727,2,0.3
2025-06-12 21:00:00,2025-06-12 22:00:00,short,2969.0,2950.0,13.009969004392623,0.6259909062403225,1,0.7
2025-06-13 15:00:00,2025-06-13 21:00:00,long,2969.0,2960.0,-9.592900037765503,-0.32310205583582025,1,1.0
2025-06-13 21:00:00,2025-06-13 22:00:00,long,2962.0,2959.0,-2.7789440155029297,-0.11727481496889473,1,0.8
2025-06-13 22:00:00,2025-06-13 23:00:00,long,2961.0,2974.0,3.8465849983692166,0.43302769316325757,1,0.3
2025-06-13 23:00:00,2025-06-16 09:00:00,long,2976.0,2979.0,2.0188800048828126,0.08479838730186544,1,0.8
2025-06-16 09:00:00,2025-06-16 10:00:00,long,2981.0,2983.0,0.44564735870361327,0.06228996962758768,1,0.24
2025-06-16 10:00:00,2025-06-16 11:00:00,long,2985.0,2984.0,-0.35372099876403806,-0.0394998323577932,1,0.3
2025-06-16 11:00:00,2025-06-16 15:00:00,long,2986.0,2990.0,0.586554000377655,0.13095646358063295,3,0.15
2025-06-16 15:00:00,2025-06-16 21:00:00,long,2992.0,2985.0,-3.6494249999523163,-0.24394552138718692,1,0.5
2025-06-16 21:00:00,2025-06-16 23:00:00,long,2987.0,2979.0,-2.453693999648094,-0.2738192165660187,2,0.3
2025-06-16 23:00:00,2025-06-17 11:00:00,short,2979.0,2977.0,1.108155995607376,0.053141322380826556,3,0.7
2025-06-17 21:00:00,2025-06-17 22:00:00,long,2980.0,2983.0,0.6856531196594238,0.09586872478459506,1,0.24
2025-06-17 23:00:00,2025-06-18 09:00:00,long,2985.0,2983.0,-1.9819519805908206,-0.08299631409509298,1,0.8
2025-06-18 09:00:00,2025-06-18 10:00:00,short,2983.0,2979.0,2.5078620052337643,0.12010258154464655,1,0.7
2025-06-18 10:00:00,2025-06-18 11:00:00,long,2979.0,2976.0,-2.7811199951171877,-0.11669687794214449,1,0.8
2025-06-18 11:00:00,2025-06-18 13:00:00,short,2976.0,2988.0,-8.692236011028289,-0.4172540327874563,1,0.7
2025-06-18 13:00:00,2025-06-18 14:00:00,long,2988.0,2987.0,-1.1823999786376953,-0.04946452387205887,1,0.8
2025-06-18 14:00:00,2025-06-18 15:00:00,long,2989.0,2986.0,-0.7544159980773926,-0.10516560695848563,1,0.24
2025-06-18 15:00:00,2025-06-18 22:00:00,long,2988.0,2990.0,1.2174079895019532,0.05092904909228385,2,0.8
2025-06-18 22:00:00,2025-06-18 23:00:00,long,2992.0,2986.0,-3.1494500041007996,-0.2105247328944385,1,0.5
2025-06-18 23:00:00,2025-06-19 09:00:00,long,2988.0,2987.0,-0.3537749969959259,-0.039466197790710165,1,0.3
2025-06-19 09:00:00,2025-06-19 10:00:00,long,2989.0,2981.0,-4.149250000715256,-0.2776346604694049,1,0.5
2025-06-19 10:00:00,2025-06-19 14:00:00,long,2983.0,2979.0,-0.6134144997596741,-0.13709118331873374,3,0.15
2025-06-19 23:00:00,2025-06-20 09:00:00,long,2992.0,2986.0,-6.597800016403198,-0.22051470643058815,1,1.0
2025-06-20 09:00:00,2025-06-20 13:00:00,long,2988.0,2991.0,2.0173440170288086,0.08439357500957198,3,0.8
2025-06-20 13:00:00,2025-06-20 14:00:00,long,2993.0,2991.0,-0.5144678398132324,-0.0716209822660141,1,0.24
2025-06-20 14:00:00,2025-06-20 15:00:00,long,2993.0,2991.0,-0.3134639999270439,-0.06982158367903862,1,0.15
2025-06-23 10:00:00,2025-06-23 13:00:00,long,2990.0,2988.0,-0.5144332809448242,-0.0716880268875173,2,0.24
2025-06-23 14:00:00,2025-06-23 15:00:00,long,2998.0,2994.0,-4.599200010299683,-0.1534089396364137,1,1.0
2025-06-23 15:00:00,2025-06-23 21:00:00,long,2996.0,2991.0,-4.383167991638184,-0.1828758340970537,1,0.8
2025-06-23 21:00:00,2025-06-23 23:00:00,long,2993.0,3003.0,2.9460360038280484,0.32810290720882596,2,0.3
2025-06-23 23:00:00,2025-06-24 10:00:00,long,3005.0,2981.0,-3.613468500673771,-0.8016569053075475,2,0.15
2025-06-24 10:00:00,2025-06-24 11:00:00,short,2981.0,2989.0,-5.892530001401901,-0.28238510573642117,1,0.7
2025-06-25 15:00:00,2025-06-25 22:00:00,long,2977.0,2965.0,-2.9142259208679198,-0.40788068537508676,2,0.24
2025-06-25 23:00:00,2025-06-26 10:00:00,long,2966.0,2967.0,0.4202880096435546,0.017712744843373002,2,0.8
2025-06-26 10:00:00,2025-06-26 11:00:00,long,2969.0,2964.0,-1.553396998643875,-0.17440181864195295,1,0.3
2025-06-26 11:00:00,2025-06-26 13:00:00,short,2964.0,2956.0,5.309919996261596,0.25592442627056083,1,0.7
2025-06-26 23:00:00,2025-06-27 09:00:00,long,2989.0,2990.0,0.4021000266075134,0.013452660642606671,1,1.0
2025-06-27 09:00:00,2025-06-27 13:00:00,long,2992.0,2988.0,-3.5827199935913088,-0.14967914411728395,3,0.8
2025-06-27 13:00:00,2025-06-27 14:00:00,long,2990.0,2991.0,0.24617100477218629,0.02744381324104641,1,0.3
2025-06-27 14:00:00,2025-06-27 22:00:00,long,2993.0,3017.0,3.5864775010943415,0.7988590045872238,3,0.15
2025-06-27 22:00:00,2025-06-27 23:00:00,long,3019.0,3019.0,-0.15094999969005585,-0.009999999979467098,1,0.5
2025-06-27 23:00:00,2025-06-30 09:00:00,long,3021.0,3017.0,-1.2543419998884202,-0.13840251571095888,1,0.3
2025-06-30 09:00:00,2025-06-30 10:00:00,long,3019.0,3000.0,-9.65047499537468,-0.6393159983686438,1,0.5
2025-06-30 10:00:00,2025-06-30 14:00:00,long,3002.0,3005.0,0.4364842495322227,0.09693187864362042,3,0.15
2025-07-01 09:00:00,2025-07-01 11:00:00,short,2986.0,2982.0,2.507568014860153,0.11996785067745447,2,0.7
2025-07-01 15:00:00,2025-07-01 22:00:00,long,3003.0,3020.0,4.045307520675659,0.5612869797807275,2,0.24
2025-07-01 22:00:00,2025-07-02 11:00:00,long,3022.0,3032.0,7.612544021606445,0.3148802126739926,4,0.8
2025-07-02 11:00:00,2025-07-02 13:00:00,long,3034.0,3039.0,2.3481750041246414,0.15479070561138045,1,0.5
2025-07-02 13:00:00,2025-07-02 14:00:00,long,3041.0,3049.0,2.345190002918243,0.25706346628502064,1,0.3
2025-07-02 14:00:00,2025-07-02 15:00:00,long,3051.0,3063.0,5.8471499979496,0.38329400183215995,1,0.5
2025-07-02 15:00:00,2025-07-02 21:00:00,long,3065.0,3074.0,2.644749004840851,0.2876290380468571,1,0.3
2025-07-02 21:00:00,2025-07-02 23:00:00,long,3076.0,3062.0,-7.15344999730587,-0.4651137839600696,2,0.5
2025-07-02 23:00:00,2025-07-03 10:00:00,long,3064.0,3054.0,-3.055061995983124,-0.33236096562044426,2,0.3
2025-07-03 10:00:00,2025-07-03 21:00:00,long,3056.0,3072.0,2.3862119999527933,0.5205523560106442,5,0.15
2025-07-03 21:00:00,2025-07-04 11:00:00,long,3074.0,3084.0,4.84604999423027,0.31529277776384323,5,0.5
2025-07-04 11:00:00,2025-07-04 13:00:00,long,3086.0,3087.0,0.24444300234317778,0.02640343512023955,1,0.3
2025-07-04 13:00:00,2025-07-04 21:00:00,long,3089.0,3069.0,-3.0138555005192758,-0.650449012737515,3,0.15
2025-07-04 21:00:00,2025-07-04 22:00:00,short,3069.0,3075.0,-4.501056014299393,-0.20951710721497896,1,0.7
2025-07-08 13:00:00,2025-07-08 15:00:00,long,3069.0,3062.0,-1.7153145595550536,-0.23288185070531303,2,0.24
2025-07-08 15:00:00,2025-07-08 23:00:00,long,3064.0,3066.0,1.2076799774169924,0.04926892858261228,3,0.8
2025-07-08 23:00:00,2025-07-09 09:00:00,long,3068.0,3067.0,-0.3552149999141693,-0.03859354627489888,1,0.3
2025-07-09 09:00:00,2025-07-09 10:00:00,long,3069.0,3060.0,-4.653225004673004,-0.30324046951274053,1,0.5
2025-07-09 10:00:00,2025-07-09 11:00:00,long,3062.0,3057.0,-0.7637677493691445,-0.16628951651842902,1,0.15
2025-07-09 11:00:00,2025-07-09 13:00:00,short,3057.0,3060.0,-2.399732999205589,-0.11214229633186548,1,0.7
2025-07-09 22:00:00,2025-07-09 23:00:00,long,3090.0,3087.0,-3.617699980735779,-0.11707766927947505,1,1.0
2025-07-09 23:00:00,2025-07-10 11:00:00,long,3089.0,3099.0,7.60396800994873,0.3077034643067631,3,0.8
2025-07-10 11:00:00,2025-07-10 14:00:00,long,3101.0,3112.0,3.244083001613617,0.3487136409344961,2,0.3
2025-07-10 14:00:00,2025-07-10 15:00:00,long,3114.0,3122.0,3.844099998474121,0.24689145783391916,1,0.5
2025-07-10 15:00:00,2025-07-10 21:00:00,long,3124.0,3115.0,-2.756150994300842,-0.2940835461268504,1,0.3
2025-07-10 21:00:00,2025-07-10 23:00:00,long,3117.0,3140.0,11.34357500076294,0.7278521014284851,2,0.5
2025-07-10 23:00:00,2025-07-11 10:00:00,long,3142.0,3137.0,-1.5565110003948213,-0.16512953536970307,2,0.3
2025-07-11 10:00:00,2025-07-11 15:00:00,long,3139.0,3132.0,-1.0641097497940062,-0.22599761066029656,4,0.15
2025-07-11 15:00:00,2025-07-11 21:00:00,short,3132.0,3134.0,-1.7070340132713315,-0.07786143100124665,1,0.7
2025-07-14 15:00:00,2025-07-14 22:00:00,long,3139.0,3129.0,-2.436103680038452,-0.32336514814145323,2,0.24
2025-07-15 13:00:00,2025-07-15 15:00:00,long,3110.0,3113.0,2.001728019714356,0.08045530625861558,2,0.8
2025-07-15 21:00:00,2025-07-15 23:00:00,short,3114.0,3106.0,5.295220010280609,0.24292228691992884,2,0.7
2025-07-16 11:00:00,2025-07-16 13:00:00,long,3112.0,3114.0,0.4441382423400879,0.05946581008195264,1,0.24
2025-07-16 21:00:00,2025-07-16 22:00:00,long,3106.0,3131.0,24.376300036907196,0.7848132658373213,1,1.0
2025-07-16 22:00:00,2025-07-16 23:00:00,long,3133.0,3127.0,-5.200639991760254,-0.2074944139706453,1,0.8
2025-07-16 23:00:00,2025-07-17 09:00:00,long,3129.0,3129.0,-0.05632200121879578,-0.006000000129838689,1,0.3
2025-07-17 09:00:00,2025-07-17 10:00:00,long,3131.0,3123.0,-4.156349986791611,-0.2654966455951205,1,0.5
2025-07-17 10:00:00,2025-07-17 14:00:00,long,3125.0,3125.0,-0.014062499999999999,-0.003,3,0.15
2025-07-17 14:00:00,2025-07-17 15:00:00,long,3127.0,3129.0,0.5436960017681122,0.0579571476141256,1,0.3
2025-07-17 22:00:00,2025-07-18 11:00:00,long,3162.0,3160.0,-2.0046080017089842,-0.07924604687337856,4,0.8
2025-07-18 11:00:00,2025-07-18 13:00:00,long,3162.0,3145.0,-5.1567629992961885,-0.5436182794956977,1,0.3
2025-07-18 13:00:00,2025-07-18 14:00:00,long,3147.0,3144.0,-0.756236157989502,-0.10012659649262551,1,0.24
2025-07-18 14:00:00,2025-07-18 15:00:00,long,3146.0,3145.0,-0.16415474921464918,-0.034785918460404575,1,0.15
2025-07-18 15:00:00,2025-07-18 22:00:00,short,3145.0,3187.0,-29.710267994999885,-1.3495465816488705,2,0.7
2025-07-18 22:00:00,2025-07-18 23:00:00,long,3187.0,3194.0,5.191616020202638,0.20362472623951353,1,0.8
2025-07-18 23:00:00,2025-07-21 09:00:00,long,3196.0,3204.0,2.34240000128746,0.24430538186143722,1,0.3
2025-07-21 09:00:00,2025-07-21 11:00:00,long,3206.0,3216.0,7.588992004394531,0.2958902060353451,2,0.8
2025-07-21 11:00:00,2025-07-21 13:00:00,long,3218.0,3225.0,2.0420130014419553,0.2115198882786364,1,0.3
2025-07-21 13:00:00,2025-07-21 14:00:00,long,3227.0,3218.0,-7.612480010986329,-0.29487449686188133,1,0.8
2025-07-21 14:00:00,2025-07-21 15:00:00,long,3220.0,3221.0,0.24203100442886352,0.025054969402573866,1,0.3
2025-07-21 15:00:00,2025-07-21 23:00:00,long,3223.0,3222.0,-0.16450125038623808,-0.03402652815932115,3,0.15
2025-07-22 14:00:00,2025-07-22 15:00:00,long,3273.0,3307.0,26.778880004882815,1.0227192180294382,1,0.8
2025-07-22 15:00:00,2025-07-22 21:00:00,long,3309.0,3319.0,2.940348004102707,0.296197038793463,1,0.3
2025-07-22 21:00:00,2025-07-23 09:00:00,long,3321.0,3304.0,-14.02400001525879,-0.5278530568826705,3,0.8
2025-07-23 09:00:00,2025-07-23 10:00:00,long,3306.0,3284.0,-6.65930999815464,-0.6714367814231338,1,0.3
2025-07-23 10:00:00,2025-07-23 11:00:00,long,3286.0,3254.0,-4.814714999645949,-0.9768137552537935,1,0.15
2025-07-23 11:00:00,2025-07-23 15:00:00,short,3254.0,3276.0,-15.719969998598097,-0.6901382912721967,3,0.7
2025-07-24 11:00:00,2025-07-24 13:00:00,long,3275.0,3277.0,0.4422604797363281,0.05626723660767534,1,0.24
2025-07-24 15:00:00,2025-07-24 21:00:00,long,3298.0,3317.0,18.338500022888184,0.5560491213732015,1,1.0
2025-07-24 21:00:00,2025-07-24 23:00:00,long,3319.0,3307.0,-10.024063987731935,-0.3775257603092774,2,0.8
2025-07-24 23:00:00,2025-07-25 10:00:00,long,3309.0,3305.0,-0.99809663772583,-0.1256795403603594,2,0.24
2025-07-25 10:00:00,2025-07-25 21:00:00,long,3307.0,3351.0,6.585019500553607,1.3274910796398764,5,0.15
2025-07-25 21:00:00,2025-07-25 22:00:00,long,3353.0,3324.0,-14.666924998164177,-0.8748538621034403,1,0.5
2025-07-25 22:00:00,2025-07-28 09:00:00,short,3324.0,3251.0,50.777824985980985,2.1823029476526123,2,0.7
2025-07-28 23:00:00,2025-07-29 09:00:00,long,3266.0,3265.0,-0.2776185607910156,-0.03541775882718611,1,0.24
2025-07-29 11:00:00,2025-07-29 13:00:00,long,3305.0,3321.0,15.337400019168854,0.46406656638937527,1,1.0
2025-07-29 13:00:00,2025-07-29 15:00:00,long,3323.0,3344.0,16.37331199645996,0.6159085162676783,2,0.8
2025-07-29 15:00:00,2025-07-29 21:00:00,long,3346.0,3349.0,0.8397450006008148,0.08365660496122881,1,0.3
2025-07-29 21:00:00,2025-07-29 22:00:00,long,3351.0,3366.0,11.570111999511719,0.431591763634427,1,0.8
2025-07-29 22:00:00,2025-07-30 09:00:00,long,3368.0,3376.0,3.8314000070095062,0.22751781514308234,2,0.5
2025-07-30 09:00:00,2025-07-30 10:00:00,long,3378.0,3339.0,-11.760453000068663,-1.1604946714099726,1,0.3
2025-07-30 10:00:00,2025-07-30 11:00:00,long,3341.0,3350.0,1.3349452516436577,0.2663763846440502,1,0.15
2025-07-30 11:00:00,2025-07-30 13:00:00,short,3350.0,3344.0,3.8719940114021303,0.16511701541160473,1,0.7
2025-08-01 13:00:00,2025-08-01 14:00:00,long,3206.0,3212.0,1.4030323207855224,0.18234460396983815,1,0.24
2025-08-01 14:00:00,2025-08-01 15:00:00,short,3212.0,3206.0,3.8855180066823953,0.1728125781303325,1,0.7
2025-08-01 15:00:00,2025-08-04 09:00:00,long,3206.0,3173.0,-26.8082559967041,-1.0452376792227114,4,0.8
2025-08-04 21:00:00,2025-08-04 22:00:00,long,3210.0,3212.0,0.4430092803955078,0.05750380067439094,1,0.24
2025-08-04 22:00:00,2025-08-05 09:00:00,long,3214.0,3197.0,-14.010303993225097,-0.5448935902778895,2,0.8
2025-08-05 09:00:00,2025-08-05 10:00:00,long,3199.0,3193.0,-1.8575279974937438,-0.19355298504675877,1,0.3
2025-08-05 10:00:00,2025-08-05 13:00:00,long,3195.0,3197.0,0.4431820816040039,0.057796306938446,2,0.24
2025-08-05 13:00:00,2025-08-05 14:00:00,long,3199.0,3208.0,1.3355842503905295,0.27833369811202036,1,0.15
2025-08-05 14:00:00,2025-08-05 22:00:00,long,3210.0,3220.0,4.83924999833107,0.3015109033228081,3,0.5
2025-08-05 22:00:00,2025-08-06 10:00:00,long,3222.0,3228.0,0.8854875004291535,0.1832169460850721,3,0.15
2025-08-06 10:00:00,2025-08-06 13:00:00,long,3230.0,3242.0,5.838200002908707,0.36149845219248955,2,0.5
2025-08-06 13:00:00,2025-08-06 15:00:00,long,3244.0,3233.0,-1.6645732489228249,-0.34208245970464957,2,0.15
2025-08-06 15:00:00,2025-08-06 23:00:00,long,3235.0,3233.0,-1.1616999953985214,-0.07182071068924398,3,0.5
2025-08-06 23:00:00,2025-08-07 09:00:00,long,3235.0,3232.0,-0.9582029968500136,-0.09873292085007869,1,0.3
2025-08-07 09:00:00,2025-08-07 11:00:00,long,3234.0,3230.0,-0.6145439994335175,-0.12668398256720623,2,0.15
2025-08-07 14:00:00,2025-08-07 15:00:00,long,3236.0,3231.0,-5.646700024604797,-0.1744962924785166,1,1.0
2025-08-07 15:00:00,2025-08-07 21:00:00,long,3233.0,3234.0,0.2417969977855682,0.024930095657858357,1,0.3
2025-08-07 21:00:00,2025-08-07 22:00:00,long,3236.0,3211.0,-6.037134719467163,-0.7773401729845442,1,0.24
2025-08-08 10:00:00,2025-08-08 14:00:00,long,3208.0,3212.0,2.789120025634766,0.10867830523826237,3,0.8
2025-08-08 14:00:00,2025-08-08 15:00:00,long,3214.0,3214.0,-0.05785199761390685,-0.005999999752531306,1,0.3
2025-08-08 15:00:00,2025-08-08 21:00:00,short,3214.0,3211.0,1.785175008177757,0.07934816464475763,1,0.7
2025-08-08 21:00:00,2025-08-08 22:00:00,long,3211.0,3214.0,0.6829920009613036,0.08862659620072974,1,0.24
2025-08-08 23:00:00,2025-08-11 09:00:00,long,3208.0,3211.0,0.8422289997339248,0.08751340396237789,1,0.3
2025-08-11 09:00:00,2025-08-11 10:00:00,long,3213.0,3232.0,14.787519989013672,0.5753003419317488,1,0.8
2025-08-11 10:00:00,2025-08-11 11:00:00,long,3234.0,3242.0,1.8826982402801513,0.2425657390589764,1,0.24
2025-08-11 11:00:00,2025-08-11 13:00:00,long,3244.0,3233.0,-9.214527969360352,-0.3550604180548841,1,0.8
2025-08-11 13:00:00,2025-08-11 15:00:00,long,3235.0,3248.0,3.08265792388916,0.3970450700526997,2,0.24
2025-08-11 15:00:00,2025-08-11 22:00:00,long,3250.0,3238.0,-10.015232009887697,-0.38520123114952676,2,0.8
2025-08-11 22:00:00,2025-08-11 23:00:00,long,3240.0,3243.0,0.8416530007123947,0.08658981488810644,1,0.3
2025-08-11 23:00:00,2025-08-12 09:00:00,long,3245.0,3247.0,0.2853930008411407,0.058632357645842986,1,0.15
2025-08-12 09:00:00,2025-08-12 10:00:00,short,3247.0,3252.0,-3.8184509801864626,-0.16799907519848928,1,0.7
2025-08-12 11:00:00,2025-08-12 13:00:00,long,3255.0,3261.0,5.348399996757507,0.16431336395568377,1,1.0
2025-08-12 13:00:00,2025-08-12 14:00:00,short,3261.0,3265.0,-3.1197739952802657,-0.13667034631271152,1,0.7
2025-08-12 14:00:00,2025-08-12 22:00:00,long,3265.0,3254.0,-9.217215995788575,-0.35287963230430985,3,0.8
2025-08-12 22:00:00,2025-08-12 23:00:00,long,3256.0,3252.0,-2.1626999974250793,-0.13284398018581567,1,0.5
2025-08-12 23:00:00,2025-08-13 10:00:00,long,3254.0,3249.0,-0.7646317505836486,-0.15665473275633038,2,0.15
2025-08-13 10:00:00,2025-08-13 13:00:00,short,3249.0,3248.0,0.38164700686931613,0.01678085594993256,2,0.7
2025-08-15 14:00:00,2025-08-15 15:00:00,long,3185.0,3187.0,0.4432972801208496,0.057992841460079755,1,0.24
2025-08-15 15:00:00,2025-08-15 21:00:00,long,3189.0,3189.0,-0.40819198608398444,-0.015999999454530588,1,0.8
2025-08-15 23:00:00,2025-08-18 09:00:00,long,3199.0,3194.0,-5.639299988746643,-0.17628321315244275,1,1.0
2025-08-18 09:00:00,2025-08-18 10:00:00,long,3196.0,3183.0,-10.808255996704103,-0.4227259072553231,1,0.8
2025-08-18 10:00:00,2025-08-18 11:00:00,long,3185.0,3168.0,-4.116593278884888,-0.5385391521304145,1,0.24
2025-08-18 11:00:00,2025-08-18 13:00:00,long,3170.0,3157.0,-10.804927978515625,-0.42606182880582116,1,0.8
2025-08-18 13:00:00,2025-08-18 14:00:00,short,3157.0,3155.0,1.090712021589279,0.04935571843021309,1,0.7
2025-08-20 14:00:00,2025-08-20 15:00:00,long,3140.0,3130.0,-2.4361151985168457,-0.32326369407070676,1,0.24
2025-08-20 21:00:00,2025-08-20 22:00:00,long,3140.0,3134.0,-6.627399981021881,-0.21106369366311722,1,1.0
2025-08-20 22:00:00,2025-08-20 23:00:00,long,3136.0,3137.0,0.39852798461914063,0.015885203468556305,1,0.8
2025-08-20 23:00:00,2025-08-21 09:00:00,long,3139.0,3138.0,-0.3564929974079132,-0.037856323394702476,1,0.3
2025-08-21 09:00:00,2025-08-21 10:00:00,long,3140.0,3121.0,-15.600703964233398,-0.6210471323341321,1,0.8
2025-08-21 10:00:00,2025-08-21 13:00:00,short,3121.0,3139.0,-12.906739993691442,-0.5907785963148918,2,0.7
2025-08-21 21:00:00,2025-08-21 23:00:00,long,3109.0,3121.0,9.201279983520507,0.36994531937602554,2,0.8
2025-08-21 23:00:00,2025-08-22 10:00:00,short,3121.0,3119.0,1.0942400228977203,0.050086511781833674,2,0.7
2025-08-22 22:00:00,2025-08-25 14:00:00,long,3140.0,3143.0,0.6838099227905273,0.09073910865054768,6,0.24
2025-08-25 14:00:00,2025-08-25 15:00:00,long,3145.0,3138.0,-2.156546995639801,-0.22856883896553273,1,0.3
2025-08-25 15:00:00,2025-08-25 22:00:00,short,3138.0,3132.0,3.892770012617111,0.17721797380575033,2,0.7
2025-08-27 13:00:00,2025-08-27 15:00:00,long,3119.0,3109.0,-2.435873279571533,-0.3254078870860764,2,0.24
2025-08-27 23:00:00,2025-08-28 09:00:00,long,3105.0,3101.0,-4.620599985122681,-0.14881159372375782,1,1.0
2025-08-28 09:00:00,2025-08-28 10:00:00,long,3103.0,3105.0,1.20268798828125,0.048448597658767724,1,0.8
2025-08-28 10:00:00,2025-08-28 11:00:00,long,3107.0,3117.0,2.9439840012788774,0.3158442228600877,1,0.3
2025-08-28 11:00:00,2025-08-28 13:00:00,long,3119.0,3111.0,-6.798720016479493,-0.27247194679703,1,0.8
2025-08-28 13:00:00,2025-08-28 14:00:00,long,3113.0,3124.0,2.6040748821258544,0.34854841017853283,1,0.24
2025-08-28 14:00:00,2025-08-28 15:00:00,long,3126.0,3128.0,1.1997440338134766,0.04797440954148579,1,0.8
2025-08-28 15:00:00,2025-08-28 22:00:00,long,3130.0,3123.0,-3.6563249975442886,-0.233630990258421,2,0.5
2025-08-28 22:00:00,2025-08-28 23:00:00,long,3125.0,3109.0,-4.856105997562408,-0.5179846397399902,1,0.3
2025-08-28 23:00:00,2025-08-29 09:00:00,long,3111.0,3107.0,-0.6139905001223087,-0.13157409195806466,1,0.15
2025-08-29 09:00:00,2025-08-29 11:00:00,short,3107.0,3105.0,1.095612016916275,0.05037528239993908,2,0.7
2025-08-29 22:00:00,2025-09-01 14:00:00,long,3139.0,3107.0,-7.715976959609985,-1.0242084739845474,6,0.24
2025-09-01 14:00:00,2025-09-01 15:00:00,long,3109.0,3112.0,0.8440110003948212,0.09049115475445708,1,0.3
2025-09-01 23:00:00,2025-09-02 11:00:00,short,3107.0,3121.0,-10.105171996355056,-0.4646269711874135,3,0.7
2025-09-02 11:00:00,2025-09-02 13:00:00,long,3121.0,3123.0,0.4440345588684082,0.05928048687231767,1,0.24
2025-09-02 13:00:00,2025-09-02 14:00:00,long,3125.0,3119.0,-5.199616012573243,-0.20798464050292967,1,0.8
2025-09-02 14:00:00,2025-09-02 15:00:00,long,3121.0,3117.0,-0.9959308788299561,-0.1329609738905741,1,0.24
2025-09-02 15:00:00,2025-09-02 23:00:00,long,3119.0,3136.0,13.19968002319336,0.5290028864697564,3,0.8
2025-09-02 23:00:00,2025-09-03 09:00:00,long,3138.0,3137.0,-0.6568749845027924,-0.04186583712573565,1,0.5
2025-09-03 09:00:00,2025-09-03 10:00:00,long,3139.0,3107.0,-9.656213999390603,-1.0254023573739623,1,0.3
2025-09-03 10:00:00,2025-09-03 13:00:00,short,3107.0,3103.0,2.4957100039720532,0.11475056342691863,2,0.7
2025-09-04 10:00:00,2025-09-04 14:00:00,long,3110.0,3121.0,2.6041094409942627,0.34888926058336855,3,0.24
2025-09-04 14:00:00,2025-09-04 15:00:00,long,3123.0,3117.0,-1.856159995794296,-0.19811719455590737,1,0.3
2025-09-04 15:00:00,2025-09-04 22:00:00,long,3119.0,3121.0,1.2006400299072266,0.048117987732735915,2,0.8
2025-09-04 22:00:00,2025-09-04 23:00:00,long,3123.0,3114.0,-2.75613300204277,-0.29417579272523964,1,0.3
2025-09-04 23:00:00,2025-09-05 09:00:00,long,3116.0,3115.0,-0.1640197496116161,-0.03509194471793242,1,0.15
2025-09-05 09:00:00,2025-09-05 10:00:00,short,3115.0,3107.0,5.2951219940185545,0.24283980710931233,1,0.7
2025-09-05 13:00:00,2025-09-05 14:00:00,short,3124.0,3141.0,-12.206985005140304,-0.5582122281479928,1,0.7
2025-09-05 14:00:00,2025-09-05 21:00:00,long,3141.0,3145.0,0.9237926399230957,0.12254492198916157,2,0.24
2025-09-05 21:00:00,2025-09-05 22:00:00,long,3147.0,3127.0,-16.401535987854004,-0.6514750551260726,1,0.8
2025-09-05 22:00:00,2025-09-08 09:00:00,long,3129.0,3117.0,-2.915976959609985,-0.38829990407078746,2,0.24
2025-09-08 15:00:00,2025-09-08 21:00:00,short,3130.0,3139.0,-6.6071809792518605,-0.3015600629507924,1,0.7
2025-09-08 21:00:00,2025-09-08 22:00:00,long,3139.0,3126.0,-3.156086400604248,-0.41893469265746097,1,0.24
2025-09-09 09:00:00,2025-09-09 10:00:00,long,3128.0,3147.0,18.37250006198883,0.587356140089157,1,1.0
2025-09-09 10:00:00,2025-09-09 11:00:00,long,3149.0,3148.0,-1.2030079650878909,-0.04775357117687721,1,0.8
2025-09-09 11:00:00,2025-09-09 13:00:00,long,3150.0,3125.0,-7.556474999785422,-0.7996269841042776,1,0.3
2025-09-09 13:00:00,2025-09-09 15:00:00,short,3125.0,3126.0,-1.0062990081310272,-0.046002240371704105,2,0.7
2025-09-10 21:00:00,2025-09-10 22:00:00,long,3111.0,3105.0,-6.621600031852722,-0.21284474547903315,1,1.0
2025-09-10 22:00:00,2025-09-10 23:00:00,long,3107.0,3115.0,6.0017919921875,0.24146250370886305,1,0.8
2025-09-10 23:00:00,2025-09-11 09:00:00,long,3117.0,3115.0,-0.5158963165283202,-0.06896272010056682,1,0.24
2025-09-11 09:00:00,2025-09-11 10:00:00,short,3115.0,3108.0,4.595073015093803,0.2107348321528917,1,0.7
2025-09-11 10:00:00,2025-09-11 11:00:00,long,3108.0,3097.0,-9.197119979858398,-0.3698970390869691,1,0.8
2025-09-11 15:00:00,2025-09-11 21:00:00,short,3091.0,3093.0,-1.7030159890651702,-0.07870850806790082,1,0.7
2025-09-12 11:00:00,2025-09-12 13:00:00,long,3091.0,3133.0,10.044149760818481,1.3539509544940258,1,0.24
2025-09-12 13:00:00,2025-09-12 14:00:00,long,3135.0,3121.0,-11.60038398742676,-0.46253524670760604,1,0.8
2025-09-12 14:00:00,2025-09-12 15:00:00,long,3123.0,3128.0,1.443740998506546,0.15409766234459876,1,0.3
2025-09-12 15:00:00,2025-09-12 23:00:00,long,3130.0,3119.0,-9.199935989379883,-0.36740958424041065,3,0.8
2025-09-12 23:00:00,2025-09-15 10:00:00,long,3121.0,3122.0,0.13595324993133545,0.02904053186614022,2,0.15
2025-09-15 13:00:00,2025-09-15 15:00:00,long,3137.0,3134.0,-0.7561209594726562,-0.10043047490604826,2,0.24
2025-09-15 22:00:00,2025-09-15 23:00:00,long,3173.0,3173.0,-0.6345999836921692,-0.019999999486043783,1,1.0
2025-09-15 23:00:00,2025-09-16 10:00:00,long,3175.0,3159.0,-13.2053759765625,-0.5198966919906496,2,0.8
2025-09-16 10:00:00,2025-09-16 14:00:00,long,3161.0,3167.0,1.403550720977783,0.1850087948141125,3,0.24
2025-09-16 14:00:00,2025-09-16 15:00:00,long,3169.0,3166.0,-1.6583749949932098,-0.10466235373892141,1,0.5
2025-09-16 21:00:00,2025-09-16 22:00:00,short,3167.0,3153.0,9.490320014953612,0.42808967544560483,1,0.7
2025-09-17 10:00:00,2025-09-17 11:00:00,short,3149.0,3155.0,-4.508895971775055,-0.2045500145976072,1,0.7
2025-09-17 21:00:00,2025-09-17 22:00:00,long,3167.0,3168.0,0.20351040115356445,0.02677486595536844,1,0.24
2025-09-17 23:00:00,2025-09-18 09:00:00,long,3170.0,3164.0,-6.633399963378906,-0.2092555193494923,1,1.0
2025-09-18 09:00:00,2025-09-18 10:00:00,long,3166.0,3162.0,-3.6049919891357423,-0.14233228005115847,1,0.8
2025-09-18 10:00:00,2025-09-18 11:00:00,long,3164.0,3139.0,-6.036305279159546,-0.7949201010271209,1,0.24
2025-09-18 11:00:00,2025-09-18 14:00:00,short,3139.0,3142.0,-2.40776898920536,-0.1095785277024239,2,0.7
2025-09-18 22:00:00,2025-09-18 23:00:00,short,3149.0,3147.0,1.0914960348606109,0.04951667354083432,1,0.7
2025-09-19 10:00:00,2025-09-19 14:00:00,long,3154.0,3164.0,7.595648002624512,0.30103233998987444,3,0.8
2025-09-19 14:00:00,2025-09-19 22:00:00,long,3166.0,3182.0,3.803435522460937,0.5005574229391632,3,0.24
2025-09-19 22:00:00,2025-09-19 23:00:00,long,3184.0,3185.0,0.3407750129699707,0.021405465638817255,1,0.5
2025-09-19 23:00:00,2025-09-22 10:00:00,long,3187.0,3190.0,0.8426070034503936,0.08812958931601231,2,0.3
2025-09-22 10:00:00,2025-09-22 11:00:00,long,3192.0,3184.0,-1.2143459987640381,-0.25362280675940646,1,0.15
2025-09-22 11:00:00,2025-09-22 13:00:00,long,3186.0,3182.0,-2.159199997782707,-0.13554300048855664,1,0.5
2025-09-22 13:00:00,2025-09-22 22:00:00,long,3184.0,3172.0,-1.814300999343395,-0.37987876870674103,4,0.15
2025-09-22 22:00:00,2025-09-22 23:00:00,short,3172.0,3171.0,0.3891930031776428,0.017528058150677484,1,0.7
2025-09-23 11:00:00,2025-09-23 14:00:00,short,3157.0,3153.0,2.4908100086450573,0.11271143529775363,2,0.7
2025-09-24 15:00:00,2025-09-24 21:00:00,long,3164.0,3167.0,2.3669000267982483,0.07480720691524173,1,1.0
2025-09-24 21:00:00,2025-09-24 23:00:00,long,3169.0,3162.0,-6.005183982849122,-0.2368721987554876,2,0.8
2025-09-24 23:00:00,2025-09-25 10:00:00,long,3164.0,3156.0,-2.456879997253418,-0.25883691500773476,2,0.3
2025-09-25 10:00:00,2025-09-25 22:00:00,long,3158.0,3154.0,-0.6142019990086556,-0.12966054443923486,6,0.15
2025-09-25 22:00:00,2025-09-25 23:00:00,short,3154.0,3158.0,-3.1092879784107206,-0.14083195843874993,1,0.7
2025-09-29 22:00:00,2025-09-29 23:00:00,long,3107.0,3098.0,-9.620499968528748,-0.3096395226433456,1,1.0
2025-09-29 23:00:00,2025-09-30 09:00:00,long,3100.0,3100.0,-0.05580000042915344,-0.006000000046145531,1,0.3
2025-09-30 09:00:00,2025-09-30 10:00:00,long,3102.0,3096.0,-5.196671981811524,-0.20940812305816908,1,0.8
2025-10-09 21:00:00,2025-10-09 22:00:00,long,3111.0,3112.0,0.37769997119903564,0.012140789816748173,1,1.0
2025-10-09 22:00:00,2025-10-09 23:00:00,long,3114.0,3111.0,-2.798400001525879,-0.11233140661231049,1,0.8
2025-10-09 23:00:00,2025-10-10 10:00:00,long,3113.0,3102.0,-3.355935001373291,-0.35934628989969924,2,0.3
2025-10-10 10:00:00,2025-10-10 15:00:00,long,3104.0,3101.0,-0.46396124929189675,-0.0996480346417304,4,0.15
2025-10-10 23:00:00,2025-10-13 10:00:00,long,3107.0,3075.0,-7.715608320236206,-1.034707692339369,2,0.24
2025-10-13 10:00:00,2025-10-13 14:00:00,long,3077.0,3078.0,0.40608001708984376,0.01649658827956791,3,0.8
2025-10-13 14:00:00,2025-10-13 15:00:00,long,3080.0,3084.0,1.1445239996910095,0.12386623373279325,1,0.3
2025-10-13 15:00:00,2025-10-13 22:00:00,short,3084.0,3083.0,0.3978170031309127,0.018427691455017266,2,0.7
2025-10-15 10:00:00,2025-10-15 11:00:00,long,3057.0,3048.0,-2.195164798736572,-0.2991992147443807,1,0.24
2025-10-15 13:00:00,2025-10-15 15:00:00,long,3033.0,3031.0,-1.9880960083007815,-0.08193603726923761,2,0.8
2025-10-15 15:00:00,2025-10-15 21:00:00,long,3033.0,3035.0,0.5453880035877228,0.05993933438704504,1,0.3
2025-10-15 21:00:00,2025-10-15 23:00:00,short,3035.0,3024.0,7.403109005093574,0.3484635916730325,2,0.7
2025-10-16 10:00:00,2025-10-16 13:00:00,long,3035.0,3026.0,-2.1949113578796386,-0.30133324517842375,2,0.24
2025-10-16 14:00:00,2025-10-16 15:00:00,long,3045.0,3048.0,2.3906999826431274,0.07851231470092372,1,1.0
2025-10-16 15:00:00,2025-10-16 23:00:00,long,3050.0,3054.0,2.8093440246582033,0.11513705019090996,3,0.8
2025-10-16 23:00:00,2025-10-17 09:00:00,long,3056.0,3052.0,-1.254971997141838,-0.13688612534269615,1,0.3
2025-10-17 09:00:00,2025-10-17 10:00:00,long,3054.0,3053.0,-0.27517632064819336,-0.03754315660447955,1,0.24
2025-10-17 10:00:00,2025-10-17 13:00:00,long,3055.0,3040.0,-2.263713749796152,-0.4939909983188548,2,0.15
2025-10-17 13:00:00,2025-10-17 14:00:00,short,3040.0,3041.0,-0.9979689985513687,-0.04689703940560943,1,0.7
2025-10-17 22:00:00,2025-10-20 10:00:00,long,3064.0,3062.0,-0.5152857582092285,-0.07007258461287376,3,0.24
2025-10-20 10:00:00,2025-10-20 11:00:00,long,3064.0,3048.0,-13.19116798400879,-0.5381514353789486,1,0.8
2025-10-20 11:00:00,2025-10-20 13:00:00,long,3050.0,3048.0,-0.6548819983005523,-0.07157180309295653,1,0.3
2025-10-20 13:00:00,2025-10-20 14:00:00,long,3050.0,3041.0,-7.589823989868164,-0.31105836024049854,1,0.8
2025-10-20 14:00:00,2025-10-20 15:00:00,long,3043.0,3043.0,-0.013693499118089675,-0.002999999806789282,1,0.15
2025-10-20 15:00:00,2025-10-20 22:00:00,short,3043.0,3043.0,-0.2982139807939529,-0.01399999909834998,2,0.7
2025-10-21 10:00:00,2025-10-21 11:00:00,short,3042.0,3056.0,-10.09880199074745,-0.47425575235969997,1,0.7
2025-10-21 11:00:00,2025-10-21 14:00:00,long,3056.0,3061.0,1.1647660835266114,0.15880863922428712,2,0.24
2025-10-21 14:00:00,2025-10-21 21:00:00,long,3063.0,3047.0,-4.854989994764328,-0.5283480242424994,2,0.3
2025-10-21 21:00:00,2025-10-21 22:00:00,long,3049.0,3055.0,1.4048409622192384,0.19198110886345773,1,0.24
2025-10-21 22:00:00,2025-10-21 23:00:00,long,3057.0,3049.0,-6.790783996582032,-0.27767353600678896,1,0.8
2025-10-21 23:00:00,2025-10-22 10:00:00,long,3051.0,3058.0,2.045019001364708,0.2234260899557203,2,0.3
2025-10-22 10:00:00,2025-10-22 13:00:00,long,3060.0,3061.0,0.13622774988412856,0.029679248340768752,2,0.15
2025-10-22 13:00:00,2025-10-22 14:00:00,long,3063.0,3063.0,-0.15314999222755432,-0.009999999492494568,1,0.5
2025-10-22 14:00:00,2025-10-22 21:00:00,long,3065.0,3071.0,1.7447759985923768,0.18975269152717528,2,0.3
2025-10-22 21:00:00,2025-10-23 11:00:00,long,3073.0,3074.0,0.13616925090551377,0.029541002474349445,5,0.15
2025-10-23 11:00:00,2025-10-23 13:00:00,long,3076.0,3077.0,0.34617501497268677,0.022508128411748166,1,0.5
2025-10-23 13:00:00,2025-10-23 14:00:00,long,3079.0,3071.0,-2.455350000858307,-0.2658168237369608,1,0.3
2025-10-23 14:00:00,2025-10-23 22:00:00,long,3073.0,3056.0,-2.56379025042057,-0.5561970388156134,3,0.15
2025-10-23 22:00:00,2025-10-23 23:00:00,short,3056.0,3059.0,-2.399634982943535,-0.11217441019743524,1,0.7
2025-10-24 22:00:00,2025-10-27 10:00:00,long,3076.0,3066.0,-2.435377919769287,-0.3298897268868237,3,0.24
2025-10-27 10:00:00,2025-10-27 11:00:00,long,3068.0,3070.0,1.2071680450439455,0.04918383495126896,1,0.8
2025-10-27 11:00:00,2025-10-27 13:00:00,long,3072.0,3069.0,-0.955268998146057,-0.10365332011133432,1,0.3
2025-10-27 13:00:00,2025-10-27 14:00:00,long,3071.0,3074.0,2.0067200088500976,0.08168023481154744,1,0.8
2025-10-27 14:00:00,2025-10-27 21:00:00,long,3076.0,3099.0,6.844425004720688,0.741701886077231,2,0.3
2025-10-27 21:00:00,2025-10-27 23:00:00,long,3101.0,3109.0,3.844750002026558,0.2479683974218999,2,0.5
2025-10-27 23:00:00,2025-10-28 09:00:00,long,3111.0,3110.0,-0.3559889996051788,-0.038143040780582754,1,0.3
2025-10-28 09:00:00,2025-10-28 10:00:00,long,3112.0,3095.0,-8.655175000429153,-0.5562451799761667,1,0.5
2025-10-28 10:00:00,2025-10-28 13:00:00,long,3097.0,3093.0,-0.6139274990558624,-0.1321553113886261,2,0.15
2025-10-28 13:00:00,2025-10-28 14:00:00,short,3093.0,3096.0,-2.4032610005140302,-0.11100000002374165,1,0.7
2025-10-28 22:00:00,2025-10-28 23:00:00,long,3120.0,3114.0,-1.8561059975624083,-0.19830192281649664,1,0.3
2025-10-28 23:00:00,2025-10-29 10:00:00,long,3116.0,3114.0,-1.998720016479492,-0.08017971824773315,2,0.8
2025-10-29 10:00:00,2025-10-29 11:00:00,long,3116.0,3116.0,-0.05608799993991851,-0.0059999999935727985,1,0.3
2025-10-29 11:00:00,2025-10-29 13:00:00,long,3118.0,3116.0,-1.9989759826660156,-0.08013854965787426,1,0.8
2025-10-29 13:00:00,2025-10-29 14:00:00,long,3118.0,3123.0,1.1640518417358396,0.15555535622939917,1,0.24
2025-10-29 14:00:00,2025-10-29 15:00:00,long,3125.0,3129.0,1.843649998307228,0.11799359989166261,1,0.5
2025-10-29 15:00:00,2025-10-29 23:00:00,long,3131.0,3135.0,0.5859015007317065,0.12475279479010043,3,0.15
2025-10-29 23:00:00,2025-10-30 10:00:00,long,3137.0,3128.0,-4.656625002622604,-0.29688396573940734,2,0.5
2025-10-30 10:00:00,2025-10-30 14:00:00,long,3130.0,3111.0,-2.8640422493219373,-0.610019648417878,3,0.15
2025-11-03 11:00:00,2025-11-03 14:00:00,short,3079.0,3082.0,-2.4018889772892,-0.11144105123598569,2,0.7
2025-11-05 23:00:00,2025-11-06 10:00:00,long,3025.0,3021.0,-0.9948249572753904,-0.1370282310296681,2,0.24
2025-11-06 13:00:00,2025-11-06 14:00:00,long,3035.0,3030.0,-5.606500029563904,-0.1847281723085306,1,1.0
2025-11-06 14:00:00,2025-11-06 15:00:00,long,3032.0,3036.0,2.8116480255126954,0.11591556833413157,1,0.8
2025-11-06 15:00:00,2025-11-06 21:00:00,long,3038.0,3037.0,-0.354674996137619,-0.03891540444784057,1,0.3
2025-11-06 21:00:00,2025-11-06 23:00:00,long,3039.0,3038.0,-1.1889279937744142,-0.04890292833886205,2,0.8
2025-11-06 23:00:00,2025-11-07 09:00:00,long,3040.0,3036.0,-2.151899993419647,-0.1415723679881347,1,0.5
2025-11-07 09:00:00,2025-11-07 10:00:00,long,3038.0,3038.0,-0.05468399763107299,-0.00599999974007823,1,0.3
2025-11-07 10:00:00,2025-11-07 13:00:00,long,3040.0,3036.0,-0.6136709994077683,-0.13457697355433515,2,0.15
2025-11-10 11:00:00,2025-11-10 14:00:00,long,3034.0,3038.0,0.9250252819061279,0.12703599235142385,2,0.24
2025-11-10 14:00:00,2025-11-10 22:00:00,long,3040.0,3040.0,-0.38911998748779303,-0.015999999485517804,3,0.8
2025-11-10 22:00:00,2025-11-10 23:00:00,long,3042.0,3041.0,-0.3547469973564148,-0.03887212331321661,1,0.3
2025-11-10 23:00:00,2025-11-11 11:00:00,long,3043.0,3028.0,-2.2636597502231597,-0.49592721003903156,3,0.15
2025-11-11 11:00:00,2025-11-11 13:00:00,short,3028.0,3034.0,-4.49703799009323,-0.21216446452600635,1,0.7
2025-11-11 22:00:00,2025-11-11 23:00:00,short,3043.0,3043.0,-0.2982139807939529,-0.01399999909834998,1,0.7
2025-11-11 23:00:00,2025-11-12 09:00:00,long,3043.0,3041.0,-0.5150438392639161,-0.07052303637637146,1,0.24
2025-11-12 10:00:00,2025-11-12 11:00:00,long,3043.0,3033.0,-10.607599973678589,-0.3485902061675514,1,1.0
2025-11-12 11:00:00,2025-11-12 13:00:00,long,3035.0,3034.0,-0.3546209979057312,-0.03894794046191447,1,0.3
2025-11-12 13:00:00,2025-11-12 15:00:00,long,3036.0,3036.0,-0.3886079788208008,-0.015999999127997398,2,0.8
2025-11-12 21:00:00,2025-11-12 22:00:00,short,3039.0,3037.0,1.1022760128974913,0.0518157294644616,1,0.7
2025-11-13 10:00:00,2025-11-13 14:00:00,long,3036.0,3049.0,3.0849503997802734,0.4233847167023871,3,0.24
2025-11-13 14:00:00,2025-11-13 15:00:00,long,3051.0,3045.0,-1.8548639953136443,-0.20265093360795852,1,0.3
2025-11-13 15:00:00,2025-11-13 22:00:00,long,3047.0,3049.0,1.2098560333251953,0.04963308308685573,2,0.8
2025-11-13 22:00:00,2025-11-13 23:00:00,long,3051.0,3047.0,-2.152449995279312,-0.14109800034607095,1,0.5
2025-11-13 23:00:00,2025-11-14 09:00:00,long,3049.0,3045.0,-1.2548459976911543,-0.1371866183110478,1,0.3
2025-11-14 09:00:00,2025-11-14 11:00:00,long,3047.0,3037.0,-1.513688999712467,-0.3311867409938665,2,0.15
2025-11-17 10:00:00,2025-11-17 11:00:00,long,3077.0,3078.0,0.38450002670288086,0.012495938469381894,1,1.0
2025-11-17 11:00:00,2025-11-17 14:00:00,long,3080.0,3094.0,4.144434000849723,0.44853181827377964,2,0.3
2025-11-17 14:00:00,2025-11-17 21:00:00,long,3096.0,3099.0,2.0035200119018555,0.08089147334875063,2,0.8
2025-11-17 21:00:00,2025-11-17 22:00:00,long,3101.0,3085.0,-8.154650002717972,-0.5259367947576893,1,0.5
2025-11-17 22:00:00,2025-11-17 23:00:00,long,3087.0,3084.0,-0.9555390000343322,-0.1031788143866032,1,0.3
2025-11-17 23:00:00,2025-11-18 10:00:00,long,3086.0,3082.0,-0.6138779988884926,-0.13261568349286942,2,0.15
2025-11-18 15:00:00,2025-11-18 22:00:00,short,3088.0,3084.0,2.4975719916820522,0.1155427457291845,2,0.7
2025-11-19 11:00:00,2025-11-19 13:00:00,long,3093.0,3087.0,-6.618000030517578,-0.21396702329510436,1,1.0
2025-11-19 13:00:00,2025-11-19 14:00:00,long,3089.0,3088.0,-0.3555929982662201,-0.03837196485013706,1,0.3
2025-11-19 14:00:00,2025-11-19 15:00:00,long,3090.0,3070.0,-16.394239959716796,-0.6631974093736568,1,0.8
2025-11-19 15:00:00,2025-11-19 21:00:00,short,3070.0,3066.0,2.499335992336273,0.11630227977367487,1,0.7
2025-11-20 23:00:00,2025-11-21 09:00:00,long,3067.0,3065.0,-2.6131999492645264,-0.08520378054334941,1,1.0
2025-11-21 09:00:00,2025-11-21 10:00:00,long,3067.0,3055.0,-9.991808013916016,-0.4072305189890779,1,0.8
2025-11-21 10:00:00,2025-11-21 11:00:00,long,3057.0,3054.0,-0.7551993576049804,-0.10293307131242237,1,0.24
2025-11-21 11:00:00,2025-11-21 13:00:00,short,3054.0,3060.0,-4.499586004018783,-0.21047740686775113,1,0.7
2025-11-21 15:00:00,2025-11-21 23:00:00,long,3056.0,3056.0,-0.3911679840087891,-0.01599999934590924,3,0.8
2025-11-21 23:00:00,2025-11-24 10:00:00,short,3056.0,3081.0,-17.800712986588476,-0.8321200909960956,2,0.7
2025-11-24 10:00:00,2025-11-24 11:00:00,long,3081.0,3086.0,1.1644780838012694,0.15748107808629092,1,0.24
2025-11-24 11:00:00,2025-11-24 22:00:00,long,3088.0,3088.0,-0.3952639770507813,-0.01599999907103227,5,0.8
2025-11-24 22:00:00,2025-11-24 23:00:00,long,3090.0,3091.0,0.3454750031232834,0.022360841626102485,1,0.5
2025-11-24 23:00:00,2025-11-25 10:00:00,long,3093.0,3103.0,2.9442360001802443,0.3173010022825999,2,0.3
2025-11-25 10:00:00,2025-11-25 13:00:00,long,3105.0,3106.0,0.34472501277923584,0.022204509679821953,2,0.5
2025-11-25 13:00:00,2025-11-25 15:00:00,long,3108.0,3102.0,-1.855889999270439,-0.19904440146615607,2,0.3
2025-11-25 15:00:00,2025-11-25 23:00:00,long,3104.0,3095.0,-1.363947749733925,-0.2929441043242966,3,0.15
2025-11-25 23:00:00,2025-11-26 09:00:00,short,3095.0,3099.0,-3.103505982756615,-0.14324975687775743,1,0.7
2025-11-26 13:00:00,2025-11-26 15:00:00,short,3100.0,3100.0,-0.30380000233650206,-0.014000000107672906,2,0.7
2025-11-27 15:00:00,2025-11-27 22:00:00,long,3094.0,3090.0,-0.9956198387145996,-0.13407937927098143,2,0.24
2025-11-27 23:00:00,2025-11-28 09:00:00,long,3092.0,3092.0,-0.618399977684021,-0.019999999278267174,1,1.0
2025-11-28 15:00:00,2025-11-28 21:00:00,long,3108.0,3110.0,1.3782000541687012,0.044343631086509044,1,1.0
2025-11-28 21:00:00,2025-11-28 22:00:00,long,3112.0,3104.0,-6.79782398223877,-0.2730488424742436,1,0.8
2025-11-28 22:00:00,2025-11-28 23:00:00,long,3106.0,3122.0,4.743948000669479,0.5091165486874307,1,0.3
2025-11-28 23:00:00,2025-12-01 10:00:00,long,3124.0,3135.0,2.603948161697388,0.3473042255785035,2,0.24
2025-12-01 10:00:00,2025-12-01 11:00:00,long,3137.0,3132.0,-2.656724989414215,-0.16937998019854733,1,0.5
2025-12-01 11:00:00,2025-12-01 13:00:00,long,3134.0,3128.0,-1.8563579964637755,-0.19744288411654703,1,0.3
2025-12-01 13:00:00,2025-12-01 14:00:00,long,3130.0,3122.0,-4.156299993395805,-0.2655782743383901,1,0.5
2025-12-01 14:00:00,2025-12-01 23:00:00,long,3124.0,3130.0,0.885928501188755,0.18905857899888073,4,0.15
2025-12-01 23:00:00,2025-12-02 09:00:00,short,3130.0,3132.0,-1.7068379807472227,-0.07790223554300424,1,0.7
2025-12-02 11:00:00,2025-12-02 13:00:00,long,3143.0,3134.0,-9.627699971199036,-0.30632198444794895,1,1.0
2025-12-02 13:00:00,2025-12-02 15:00:00,long,3136.0,3133.0,-0.9564209961891174,-0.10166039500309496,2,0.3
2025-12-02 15:00:00,2025-12-02 21:00:00,long,3135.0,3166.0,7.403706239318847,0.9840119935298841,1,0.24
2025-12-02 21:00:00,2025-12-02 22:00:00,long,3168.0,3156.0,-3.656915997862816,-0.3847765149266431,1,0.3
2025-12-02 22:00:00,2025-12-02 23:00:00,long,3158.0,3158.0,-0.15789999067783356,-0.009999999409615804,1,0.5
2025-12-02 23:00:00,2025-12-03 09:00:00,long,3160.0,3155.0,-1.556835000514984,-0.164223101320146,1,0.3
2025-12-03 09:00:00,2025-12-03 10:00:00,long,3157.0,3169.0,5.841850012540817,0.3700886925904857,1,0.5
2025-12-03 10:00:00,2025-12-03 11:00:00,long,3171.0,3166.0,-0.7642582502961158,-0.1606766005037561,1,0.15
2025-12-03 11:00:00,2025-12-03 13:00:00,long,3168.0,3167.0,-0.35701499819755556,-0.037564709406308454,1,0.3
2025-12-03 13:00:00,2025-12-03 14:00:00,long,3169.0,3171.0,0.8415000140666962,0.05310823692437338,1,0.5
2025-12-03 14:00:00,2025-12-03 15:00:00,long,3173.0,3168.0,-1.5570689964294433,-0.16357484992430332,1,0.3
2025-12-03 15:00:00,2025-12-03 22:00:00,long,3170.0,3152.0,-2.714224500060081,-0.5708148265110581,2,0.15
2025-12-03 22:00:00,2025-12-03 23:00:00,short,3152.0,3155.0,-2.4090429961681363,-0.10918432723749712,1,0.7
2025-12-04 11:00:00,2025-12-04 14:00:00,short,3157.0,3160.0,-2.409532989859581,-0.10903357572105438,2,0.7
2025-12-04 14:00:00,2025-12-04 15:00:00,long,3160.0,3172.0,2.8435276805877687,0.37493772159648847,1,0.24
2025-12-04 15:00:00,2025-12-04 23:00:00,long,3174.0,3169.0,-4.40595199584961,-0.17351732812892287,3,0.8
2025-12-04 23:00:00,2025-12-05 10:00:00,long,3171.0,3159.0,-2.9164608009338377,-0.3832204353166506,2,0.24
2025-12-05 10:00:00,2025-12-05 13:00:00,short,3159.0,3160.0,-1.0096309769153593,-0.04565780205830776,2,0.7
2025-12-09 23:00:00,2025-12-10 10:00:00,long,3085.0,3095.0,2.364403201675415,0.3193413292376303,2,0.24
2025-12-10 10:00:00,2025-12-10 15:00:00,long,3097.0,3116.0,14.802368011474611,0.5974478532238703,4,0.8
2025-12-10 15:00:00,2025-12-10 21:00:00,long,3118.0,3116.0,-0.6561059975624084,-0.07014175727628912,1,0.3
2025-12-10 21:00:00,2025-12-10 22:00:00,long,3118.0,3108.0,-5.1556499898433685,-0.3307023726647446,1,0.5
2025-12-10 22:00:00,2025-12-11 10:00:00,long,3110.0,3095.0,-2.263961249291897,-0.48530787766171424,3,0.15
2025-12-11 10:00:00,2025-12-11 11:00:00,short,3095.0,3099.0,-3.103505982756615,-0.14324975687775743,1,0.7
2025-12-12 11:00:00,2025-12-12 15:00:00,long,3076.0,3060.0,-3.875343360900879,-0.5249435631909513,3,0.24
2025-12-12 15:00:00,2025-12-12 23:00:00,long,3062.0,3065.0,2.0078720092773437,0.08196734198552187,3,0.8
2025-12-12 23:00:00,2025-12-15 11:00:00,short,3065.0,3078.0,-9.401007006168365,-0.43817324661702944,3,0.7
2025-12-15 15:00:00,2025-12-15 21:00:00,long,3074.0,3074.0,-0.614799976348877,-0.01999999923060758,1,1.0
2025-12-15 21:00:00,2025-12-15 22:00:00,long,3076.0,3073.0,-0.9553409993648528,-0.1035263328310417,1,0.3
2025-12-15 22:00:00,2025-12-15 23:00:00,long,3075.0,3070.0,-4.393279991149902,-0.1785886175264188,1,0.8
2025-12-15 23:00:00,2025-12-16 09:00:00,long,3072.0,3072.0,-0.03538943824768066,-0.004799999762326479,1,0.24
2025-12-16 09:00:00,2025-12-16 10:00:00,short,3072.0,3071.0,0.39899299383163445,0.01855436169231931,1,0.7
2025-12-16 11:00:00,2025-12-16 13:00:00,long,3092.0,3090.0,-0.5156083168029785,-0.06948150021601154,1,0.24
2025-12-16 13:00:00,2025-12-16 14:00:00,long,3092.0,3083.0,-7.595199966430664,-0.30705045142426685,1,0.8
2025-12-16 14:00:00,2025-12-16 22:00:00,long,3085.0,3078.0,-1.7154988792419432,-0.2316989302055569,3,0.24
2025-12-17 09:00:00,2025-12-17 11:00:00,long,3081.0,3086.0,3.605312042236328,0.1462719913273421,2,0.8
2025-12-17 11:00:00,2025-12-17 13:00:00,long,3088.0,3086.0,-0.6555659937858581,-0.07076489570227312,1,0.3
2025-12-17 13:00:00,2025-12-17 21:00:00,short,3086.0,3084.0,1.097670007944107,0.05081335098343242,3,0.7
2025-12-17 22:00:00,2025-12-18 09:00:00,long,3129.0,3124.0,-4.4001919937133795,-0.17578267792079655,2,0.8
2025-12-18 09:00:00,2025-12-18 10:00:00,long,3126.0,3118.0,-2.4561960017681117,-0.2619104288513662,1,0.3
2025-12-18 10:00:00,2025-12-18 13:00:00,long,3120.0,3120.0,-0.035942400741577146,-0.00480000009903541,2,0.24
2025-12-18 13:00:00,2025-12-18 14:00:00,long,3122.0,3119.0,-2.799423980712891,-0.11208456040650587,1,0.8
2025-12-18 14:00:00,2025-12-18 15:00:00,long,3121.0,3122.0,0.24381299972534176,0.02604005123628557,1,0.3
2025-12-18 15:00:00,2025-12-18 23:00:00,short,3122.0,3116.0,3.8943380099534983,0.17819795048748507,3,0.7
2025-12-19 10:00:00,2025-12-19 11:00:00,short,3118.0,3116.0,1.0945340132713317,0.050148172513118844,1,0.7
2025-12-22 10:00:00,2025-12-22 14:00:00,long,3127.0,3124.0,-0.7560057609558105,-0.10073629689742705,3,0.24
2025-12-22 14:00:00,2025-12-22 15:00:00,long,3126.0,3124.0,-0.65625,-0.06997760716570697,1,0.3
2025-12-22 15:00:00,2025-12-22 22:00:00,long,3126.0,3138.0,9.19910400390625,0.3678464492924764,2,0.8
2025-12-22 22:00:00,2025-12-22 23:00:00,long,3140.0,3139.0,-0.6569750010967255,-0.04184554147112901,1,0.5
2025-12-22 23:00:00,2025-12-23 09:00:00,long,3141.0,3138.0,-0.9565110003948212,-0.1015081184755196,1,0.3
2025-12-23 09:00:00,2025-12-23 10:00:00,long,3140.0,3130.0,-5.156749993562698,-0.3284554136027196,1,0.5
2025-12-23 10:00:00,2025-12-23 14:00:00,long,3132.0,3123.0,-1.3640737491846082,-0.29035201132069144,3,0.15
2025-12-24 10:00:00,2025-12-24 11:00:00,short,3123.0,3129.0,-4.506348016262054,-0.20613640804455674,1,0.7
2025-12-24 11:00:00,2025-12-24 15:00:00,long,3129.0,3135.0,1.4039193603515625,0.18694995210817653,3,0.24
2025-12-24 15:00:00,2025-12-24 22:00:00,long,3137.0,3128.0,-7.600960006713868,-0.3028753588904155,2,0.8
2025-12-24 22:00:00,2025-12-24 23:00:00,long,3130.0,3128.0,-0.6563220012187958,-0.06989584677516462,1,0.3
2025-12-24 23:00:00,2025-12-25 09:00:00,long,3130.0,3127.0,-0.46407824993133545,-0.09884520765310659,1,0.15
2025-12-25 15:00:00,2025-12-25 21:00:00,short,3128.0,3133.0,-3.806788972616195,-0.17385773532225957,1,0.7
2025-12-26 21:00:00,2025-12-26 22:00:00,long,3119.0,3133.0,3.3239884815216065,0.4440510422039124,1,0.24
2025-12-26 23:00:00,2025-12-29 09:00:00,long,3133.0,3129.0,-4.626199960708618,-0.1476603881490143,1,1.0
2025-12-29 09:00:00,2025-12-29 13:00:00,long,3131.0,3141.0,7.598591995239258,0.3033612262551604,3,0.8
2025-12-29 13:00:00,2025-12-29 15:00:00,long,3143.0,3129.0,-4.256448000669479,-0.4514209354830289,2,0.3
2025-12-29 15:00:00,2025-12-29 22:00:00,long,3131.0,3136.0,0.735899250358343,0.1566909933691777,2,0.15
2025-12-29 23:00:00,2025-12-30 09:00:00,long,3138.0,3134.0,-4.62720000743866,-0.1474569792045462,1,1.0
2025-12-30 13:00:00,2025-12-30 14:00:00,long,3144.0,3132.0,-12.627599954605103,-0.40164121993018775,1,1.0
2025-12-30 14:00:00,2025-12-30 15:00:00,long,3134.0,3132.0,-0.6563940024375916,-0.06981429509015015,1,0.3
2025-12-30 15:00:00,2025-12-30 21:00:00,long,3134.0,3137.0,0.6838790405273437,0.09092201666232501,1,0.24
2025-12-31 10:00:00,2025-12-31 11:00:00,long,3123.0,3121.0,-1.9996160125732425,-0.08003586345554124,1,0.8
2025-12-31 11:00:00,2025-12-31 14:00:00,long,3123.0,3122.0,-0.35620499789714816,-0.03801953227635267,2,0.3
2025-12-31 14:00:00,2025-12-31 15:00:00,short,3122.0,3125.0,-2.406102975606918,-0.11009897389983153,1,0.7
