entry_time,exit_time,direction,entry_price,exit_price,pnl,pnl_pct,holding_bars,position_size
2023-01-06 14:00:00,2023-01-06 21:00:00,long,4099.0,4104.0,1.1527507209777832,0.11717804352461812,2,0.24
2023-01-06 23:00:00,2023-01-09 09:00:00,long,4088.0,4090.0,1.1822000741958618,0.02891878850772656,1,1.0
2023-01-09 09:00:00,2023-01-09 10:00:00,long,4092.0,4099.0,2.02628100335598,0.16506036195470675,1,0.3
2023-01-09 10:00:00,2023-01-09 11:00:00,long,4101.0,4092.0,-4.704824984073639,-0.2294476949072733,1,0.5
2023-01-09 11:00:00,2023-01-09 14:00:00,long,4094.0,4093.0,-0.3736829960346222,-0.030425256150026232,2,0.3
2023-01-09 14:00:00,2023-01-09 15:00:00,long,4095.0,4089.0,-3.204600006341934,-0.15651282082256088,1,0.5
2023-01-09 15:00:00,2023-01-09 21:00:00,long,4091.0,4102.0,3.2262630003690718,0.26287484725568905,1,0.3
2023-01-09 21:00:00,2023-01-09 23:00:00,long,4104.0,4106.0,0.7947500050067902,0.0387305070666077,2,0.5
2023-01-09 23:00:00,2023-01-10 09:00:00,long,4108.0,4102.0,-1.8738899981975554,-0.15205209332988928,1,0.3
2023-01-10 09:00:00,2023-01-10 10:00:00,long,4104.0,4098.0,-3.205049991607666,-0.15619152005885312,1,0.5
2023-01-10 10:00:00,2023-01-10 11:00:00,long,4100.0,4105.0,1.4261549985408783,0.11594756085698199,1,0.3
2023-01-10 11:00:00,2023-01-10 14:00:00,long,4107.0,4106.0,-0.7053249925374985,-0.03434745520026776,2,0.5
2023-01-10 14:00:00,2023-01-12 10:00:00,long,4108.0,4117.0,1.3314937502145767,0.21608142651973009,15,0.15
2023-01-12 10:00:00,2023-01-12 13:00:00,short,4117.0,4122.0,-3.9037109923362725,-0.13545615713023607,2,0.7
2023-01-18 22:00:00,2023-01-18 23:00:00,long,4186.0,4172.0,-14.835799992084503,-0.354414715529969,1,1.0
2023-01-18 23:00:00,2023-01-19 09:00:00,long,4174.0,4159.0,-4.574996999502182,-0.36535673211165803,1,0.3
2023-01-19 09:00:00,2023-01-19 13:00:00,long,4161.0,4177.0,7.791550010442734,0.37450372556802375,3,0.5
2023-01-19 13:00:00,2023-01-19 15:00:00,long,4179.0,4192.0,3.8246609973907466,0.3050698729672766,2,0.3
2023-01-19 15:00:00,2023-01-19 22:00:00,long,4194.0,4177.0,-8.709274992346764,-0.4153206958677522,2,0.5
2023-01-19 22:00:00,2023-01-30 09:00:00,long,4179.0,4229.0,7.481082000285387,1.1934405360589273,8,0.15
2023-01-30 11:00:00,2023-01-30 13:00:00,long,4248.0,4214.0,-34.84619998931885,-0.8202966099180521,1,1.0
2023-01-30 13:00:00,2023-01-30 22:00:00,long,4216.0,4203.0,-3.9757709991931915,-0.3143398955718842,4,0.3
2023-01-30 22:00:00,2023-01-30 23:00:00,long,4205.0,4209.0,1.7896500080823898,0.08512009550926944,1,0.5
2023-01-30 23:00:00,2023-01-31 09:00:00,long,4211.0,4208.0,-0.9757709991931914,-0.07723984795323292,1,0.3
2023-01-31 09:00:00,2023-01-31 10:00:00,long,4210.0,4196.0,-7.2101500034332275,-0.34252494078067586,1,0.5
2023-01-31 10:00:00,2023-01-31 11:00:00,long,4198.0,4185.0,-1.968861749768257,-0.3126666269284194,1,0.15
2023-02-09 14:00:00,2023-02-09 15:00:00,long,4086.0,4084.0,-2.8170000314712524,-0.0689427320477546,1,1.0
2023-02-09 15:00:00,2023-02-09 21:00:00,long,4086.0,4084.0,-0.6735300028324126,-0.054946157842422315,1,0.3
2023-02-09 21:00:00,2023-02-09 23:00:00,long,4086.0,4074.0,-6.203999996185303,-0.3036710717662899,2,0.5
2023-02-09 23:00:00,2023-02-10 09:00:00,long,4076.0,4071.0,-1.5733230006694794,-0.12866560358762508,1,0.3
2023-02-10 09:00:00,2023-02-10 11:00:00,long,4073.0,4029.0,-22.202549993991852,-1.0902307878218438,2,0.5
2023-02-10 11:00:00,2023-02-13 10:00:00,long,4031.0,4034.0,0.4318537509441375,0.07142210385249939,8,0.15
2023-02-14 22:00:00,2023-02-14 23:00:00,long,4052.0,4051.0,-0.28667327957153316,-0.029478578435703888,1,0.24
2023-02-14 23:00:00,2023-02-15 10:00:00,short,4051.0,4083.0,-22.798565985560415,-0.8039837072172802,2,0.7
2023-02-16 09:00:00,2023-02-16 10:00:00,long,4080.0,4084.0,3.1836000084877014,0.07802941197273779,1,1.0
2023-02-16 10:00:00,2023-02-16 15:00:00,long,4086.0,4143.0,28.294275000691414,1.384937591810642,4,0.5
2023-02-16 15:00:00,2023-02-16 21:00:00,long,4145.0,4154.0,2.625308997631073,0.21112255710744454,1,0.3
2023-02-16 21:00:00,2023-02-16 23:00:00,long,4156.0,4159.0,1.2921250015497208,0.062181183905183866,2,0.5
2023-02-16 23:00:00,2023-02-17 09:00:00,long,4161.0,4156.0,-1.5748529970645904,-0.12615981711644558,1,0.3
2023-02-17 09:00:00,2023-02-17 10:00:00,long,4158.0,4169.0,5.291825011372566,0.25453703758405805,1,0.5
2023-02-17 10:00:00,2023-02-17 11:00:00,long,4171.0,4171.0,-0.07507799685001372,-0.0059999997482629045,1,0.3
2023-02-17 11:00:00,2023-02-17 13:00:00,long,4173.0,4147.0,-13.208000004291534,-0.6330218070592636,1,0.5
2023-02-17 13:00:00,2023-02-21 23:00:00,long,4149.0,4244.0,14.231115750521422,2.286674017919406,23,0.15
2023-02-23 09:00:00,2023-02-23 10:00:00,long,4284.0,4286.0,1.1430000066757202,0.0266806724247367,1,1.0
2023-03-01 10:00:00,2023-03-01 14:00:00,long,4212.0,4192.0,-4.848407038879394,-0.47962241204489103,3,0.24
2023-03-01 14:00:00,2023-03-01 15:00:00,short,4192.0,4217.0,-17.91204100191593,-0.6104157920500248,1,0.7
2023-03-02 14:00:00,2023-03-02 15:00:00,long,4228.0,4224.0,-4.845199942588806,-0.11459791727977309,1,1.0
2023-03-02 15:00:00,2023-03-03 13:00:00,long,4226.0,4262.0,17.78779999911785,0.8418267865176456,7,0.5
2023-03-03 13:00:00,2023-03-03 21:00:00,long,4264.0,4259.0,-1.5767069935798645,-0.12325726966696877,3,0.3
2023-03-03 21:00:00,2023-03-03 22:00:00,long,4261.0,4245.0,-8.212650001049042,-0.38547993433696515,1,0.5
2023-03-03 22:00:00,2023-03-06 10:00:00,long,4247.0,4191.0,-8.418985498845577,-1.3215580407888827,3,0.15
2023-03-06 10:00:00,2023-03-06 15:00:00,short,4191.0,4212.0,-15.111746982336044,-0.5151088039791405,4,0.7
2023-03-13 10:00:00,2023-03-13 11:00:00,long,4365.0,4374.0,8.126100063323975,0.18616494990432933,1,1.0
2023-03-13 11:00:00,2023-03-13 13:00:00,long,4376.0,4369.0,-3.718624994158745,-0.16995543848988778,1,0.5
2023-03-13 13:00:00,2023-03-13 14:00:00,long,4371.0,4358.0,-3.9785610008239742,-0.30340585684618127,1,0.3
2023-03-13 14:00:00,2023-03-13 22:00:00,long,4360.0,4368.0,3.781800001859665,0.1734770643054892,3,0.5
2023-03-13 22:00:00,2023-03-13 23:00:00,long,4370.0,4387.0,5.021187000274659,0.3830043478470373,1,0.3
2023-03-13 23:00:00,2023-03-14 21:00:00,long,4389.0,4378.0,-1.6697257496416569,-0.25362280696311335,7,0.15
2023-03-21 10:00:00,2023-03-21 11:00:00,long,4213.0,4176.0,-8.928320638275148,-0.8830129597154787,1,0.24
2023-03-22 23:00:00,2023-03-23 10:00:00,long,4177.0,4168.0,-2.2080671974182127,-0.2202604737668794,2,0.24
2023-03-27 22:00:00,2023-03-27 23:00:00,long,4112.0,4104.0,-6.925823974609376,-0.21053696420869938,1,0.8
2023-03-27 23:00:00,2023-03-28 10:00:00,long,4106.0,4125.0,4.512589441680908,0.45792635185104197,2,0.24
2023-03-28 10:00:00,2023-03-28 14:00:00,long,4127.0,4124.0,-2.92806396484375,-0.08868621168051097,3,0.8
2023-03-28 14:00:00,2023-03-28 15:00:00,long,4126.0,4132.0,2.7935500144958496,0.1354120220308216,1,0.5
2023-03-28 15:00:00,2023-03-28 22:00:00,long,4134.0,4161.0,8.025345003604889,0.6471008711179559,2,0.3
2023-03-28 22:00:00,2023-03-28 23:00:00,long,4163.0,4155.0,-4.207949995994568,-0.20215950016788697,1,0.5
2023-03-28 23:00:00,2023-03-29 09:00:00,long,4157.0,4159.0,0.5251560044288635,0.04211017596254218,1,0.3
2023-03-29 09:00:00,2023-03-29 11:00:00,long,4161.0,4140.0,-10.707524985074997,-0.5146611384318672,2,0.5
2023-03-29 11:00:00,2023-03-29 14:00:00,long,4142.0,4139.0,-0.9745289969444275,-0.07842660525868562,2,0.3
2023-03-29 14:00:00,2023-03-29 23:00:00,long,4141.0,4155.0,2.0813340005278587,0.3350775175928293,4,0.15
2023-03-29 23:00:00,2023-03-30 09:00:00,long,4157.0,4154.0,-0.9747989988327026,-0.07816526331751283,1,0.3
2023-03-30 09:00:00,2023-03-30 10:00:00,long,4156.0,4132.0,-12.20719999074936,-0.5874494701996804,1,0.5
2023-03-30 10:00:00,2023-03-31 09:00:00,long,4134.0,4163.0,4.3313317501544955,0.6984892356320748,8,0.15
2023-03-31 10:00:00,2023-03-31 11:00:00,long,4191.0,4192.0,0.16170001029968262,0.003858267962292594,1,1.0
2023-04-18 10:00:00,2023-04-18 11:00:00,long,3974.0,3943.0,-31.79170000553131,-0.7999924510702394,1,1.0
2023-04-18 11:00:00,2023-04-18 14:00:00,long,3945.0,3934.0,-3.370910997390747,-0.2848256018074142,2,0.3
2023-04-18 14:00:00,2023-04-18 22:00:00,long,3936.0,3934.0,-0.31770749866962433,-0.053812245709624715,3,0.15
2023-04-26 14:00:00,2023-04-26 23:00:00,long,3717.0,3746.0,6.917013121032714,0.7753803606215491,4,0.24
2023-05-08 11:00:00,2023-05-08 13:00:00,long,3691.0,3694.0,0.6774624000549316,0.0764768355521236,1,0.24
2023-05-08 23:00:00,2023-05-09 09:00:00,long,3733.0,3735.0,1.2532000541687012,0.033570855991660896,1,1.0
2023-05-09 09:00:00,2023-05-09 10:00:00,long,3737.0,3716.0,-6.367076999545097,-0.5679312282173845,1,0.3
2023-05-09 10:00:00,2023-05-09 13:00:00,long,3718.0,3720.0,0.8140500038862228,0.04378967207564405,2,0.5
2023-05-09 13:00:00,2023-05-09 22:00:00,long,3722.0,3720.0,-0.6669779992103577,-0.059732939209238556,4,0.3
2023-05-09 22:00:00,2023-05-10 15:00:00,long,3722.0,3682.0,-6.016658999025822,-1.077674905790045,7,0.15
2023-05-10 15:00:00,2023-05-10 23:00:00,short,3682.0,3623.0,40.9420550084114,1.588502173058563,3,0.7
2023-05-12 23:00:00,2023-05-15 10:00:00,long,3673.0,3637.0,-8.682105600357055,-0.9849017152596713,2,0.24
2023-05-15 23:00:00,2023-05-16 09:00:00,long,3674.0,3673.0,-1.7346999645233154,-0.04721556789666074,1,1.0
2023-05-16 09:00:00,2023-05-16 11:00:00,long,3675.0,3653.0,-11.183200001716614,-0.608609523902945,2,0.5
2023-05-16 11:00:00,2023-05-16 15:00:00,long,3655.0,3638.0,-5.165637001991271,-0.4711023257629979,3,0.3
2023-05-16 15:00:00,2023-05-16 23:00:00,long,3640.0,3649.0,1.3335997509956359,0.2442490386438894,3,0.15
2023-05-16 23:00:00,2023-05-17 10:00:00,long,3651.0,3677.0,12.816799998283386,0.7020980552332723,2,0.5
2023-05-17 10:00:00,2023-05-17 14:00:00,long,3679.0,3674.0,-0.7665442487597466,-0.13890445750833497,3,0.15
2023-05-17 14:00:00,2023-05-17 22:00:00,long,3676.0,3709.0,16.31537500023842,0.8876700217757572,3,0.5
2023-05-17 22:00:00,2023-05-17 23:00:00,long,3711.0,3709.0,-0.6667799985408783,-0.05989221221062412,1,0.3
2023-05-17 23:00:00,2023-05-18 14:00:00,long,3711.0,3672.0,-5.866611749231816,-1.053913904469921,5,0.15
2023-05-18 14:00:00,2023-05-18 15:00:00,short,3672.0,3689.0,-12.260688979625701,-0.4769953695777195,1,0.7
2023-05-18 15:00:00,2023-05-18 21:00:00,long,3689.0,3683.0,-1.4824627212524413,-0.16744180008724602,1,0.24
2023-05-18 21:00:00,2023-05-18 22:00:00,short,3683.0,3686.0,-2.4610809862613676,-0.0954610366650389,1,0.7
2023-05-23 14:00:00,2023-05-23 15:00:00,long,3590.0,3587.0,-0.7613395202636719,-0.0883634540695998,1,0.24
2023-05-26 22:00:00,2023-05-29 10:00:00,long,3498.0,3475.0,-5.560164477539063,-0.6623028013077786,3,0.24
2023-05-29 15:00:00,2023-05-29 21:00:00,long,3507.0,3509.0,1.2984000444412231,0.03702309793103003,1,1.0
2023-05-29 21:00:00,2023-05-30 11:00:00,long,3511.0,3476.0,-17.67467498779297,-1.0068171454168595,5,0.5
2023-05-30 11:00:00,2023-05-30 15:00:00,long,3478.0,3460.0,-5.462441997528076,-0.5235232890097831,3,0.3
2023-05-30 15:00:00,2023-05-30 21:00:00,long,3462.0,3459.0,-1.6730249971151352,-0.09665077972935501,1,0.5
2023-05-30 21:00:00,2023-05-30 22:00:00,long,3461.0,3440.0,-3.1655272489786146,-0.6097519501066386,1,0.15
2023-05-30 22:00:00,2023-05-31 13:00:00,short,3440.0,3446.0,-4.5374139726161955,-0.18843081281628718,5,0.7
2023-06-02 11:00:00,2023-06-02 13:00:00,long,3539.0,3583.0,43.28780001401901,1.223164736197203,1,1.0
2023-06-02 13:00:00,2023-06-02 14:00:00,long,3585.0,3596.0,5.32047501206398,0.2968186896548943,1,0.5
2023-06-02 14:00:00,2023-06-02 15:00:00,long,3598.0,3598.0,-0.06476399660110473,-0.005999999685112538,1,0.3
2023-06-02 15:00:00,2023-06-05 09:00:00,long,3600.0,3679.0,39.31802500784397,2.184334722657998,4,0.5
2023-06-05 09:00:00,2023-06-05 10:00:00,long,3681.0,3652.0,-8.765996997356416,-0.7938057590651467,1,0.3
2023-06-05 10:00:00,2023-06-05 11:00:00,long,3654.0,3638.0,-8.182300001382828,-0.4478544062059567,1,0.5
2023-06-05 11:00:00,2023-06-05 14:00:00,long,3640.0,3643.0,0.8344530022144317,0.07641511009289668,2,0.3
2023-06-05 14:00:00,2023-06-05 15:00:00,long,3645.0,3637.0,-4.182049989700317,-0.2294677634952163,1,0.5
2023-06-05 15:00:00,2023-06-05 21:00:00,long,3639.0,3637.0,-0.6654839980602264,-0.06095850490613048,1,0.3
2023-06-05 21:00:00,2023-06-05 22:00:00,long,3639.0,3650.0,5.317775011062622,0.292265732952054,1,0.5
2023-06-05 22:00:00,2023-06-05 23:00:00,long,3652.0,3658.0,1.7342100048065185,0.15828860942009113,1,0.3
2023-06-05 23:00:00,2023-06-06 09:00:00,long,3660.0,3656.0,-2.182899996638298,-0.11928415282176491,1,0.5
2023-06-06 09:00:00,2023-06-06 10:00:00,long,3658.0,3632.0,-7.8656099975109095,-0.7167495897130408,1,0.3
2023-06-06 10:00:00,2023-06-06 14:00:00,long,3634.0,3661.0,13.317625015974045,0.7329457906424901,3,0.5
2023-06-06 14:00:00,2023-06-06 15:00:00,long,3663.0,3641.0,-6.665735996961593,-0.6065825823060872,1,0.3
2023-06-06 15:00:00,2023-06-07 15:00:00,long,3643.0,3622.0,-3.166346249431372,-0.5794393356082664,9,0.15
2023-06-07 15:00:00,2023-06-07 23:00:00,short,3622.0,3662.0,-28.356915996074672,-1.1184395360130424,3,0.7
2023-06-09 15:00:00,2023-06-09 21:00:00,long,3715.0,3710.0,-5.742499947547913,-0.15457604165674058,1,1.0
2023-06-09 21:00:00,2023-06-09 22:00:00,long,3712.0,3698.0,-7.185249999165535,-0.38713631461021203,1,0.5
2023-06-09 22:00:00,2023-06-09 23:00:00,long,3700.0,3697.0,-0.9665729963779448,-0.08707864832233737,1,0.3
2023-06-09 23:00:00,2023-06-12 09:00:00,long,3699.0,3685.0,-7.184599995613098,-0.38846174618075685,1,0.5
2023-06-12 09:00:00,2023-06-12 10:00:00,long,3687.0,3655.0,-9.666078000068664,-0.8738882560409245,1,0.3
2023-06-12 10:00:00,2023-06-12 23:00:00,long,3657.0,3677.0,2.9834985002875327,0.5438881597461549,7,0.15
2023-06-14 15:00:00,2023-06-14 21:00:00,long,3743.0,3743.0,-0.7486000061035156,-0.020000000163064805,1,1.0
2023-06-14 21:00:00,2023-06-15 09:00:00,long,3745.0,3744.0,-0.6872249841690063,-0.03670093373399232,3,0.5
2023-06-15 09:00:00,2023-06-15 14:00:00,long,3746.0,3740.0,-1.8673740005493165,-0.1661660438289123,4,0.3
2023-06-15 14:00:00,2023-06-16 11:00:00,long,3742.0,3789.0,7.033055250495672,1.252993987260943,7,0.15
2023-06-16 11:00:00,2023-06-16 22:00:00,long,3791.0,3784.0,-3.6893749982118607,-0.19463861768461413,5,0.5
2023-06-16 22:00:00,2023-06-16 23:00:00,long,3786.0,3812.0,3.8829045009613035,0.6837303224091044,1,0.15
2023-06-16 23:00:00,2023-06-19 10:00:00,long,3814.0,3788.0,-13.19005000591278,-0.69166491903056,2,0.5
2023-06-19 10:00:00,2023-06-19 11:00:00,long,3790.0,3750.0,-6.016964998841286,-1.0583931396378692,1,0.15
2023-06-19 11:00:00,2023-06-19 14:00:00,short,3750.0,3770.0,-14.368479987382887,-0.5473706661860148,2,0.7
2023-06-19 14:00:00,2023-06-19 15:00:00,long,3770.0,3755.0,-3.6433439998626707,-0.40266843499808475,1,0.24
2023-06-19 15:00:00,2023-06-19 21:00:00,short,3755.0,3761.0,-4.568284013271332,-0.17379813632380947,1,0.7
2023-06-28 22:00:00,2023-06-28 23:00:00,long,3726.0,3703.0,-23.742900013923645,-0.637222222595911,1,1.0
2023-06-28 23:00:00,2023-06-29 09:00:00,long,3705.0,3703.0,-0.6666720020771026,-0.059979487366361016,1,0.3
2023-06-29 09:00:00,2023-06-29 11:00:00,long,3705.0,3725.0,9.814249992370605,0.5297840751617061,2,0.5
2023-06-29 11:00:00,2023-06-29 14:00:00,long,3727.0,3707.0,-6.0669059979915625,-0.5426085321520044,2,0.3
2023-06-29 14:00:00,2023-06-29 21:00:00,long,3709.0,3724.0,2.233275750875473,0.40141561083409244,2,0.15
2023-07-03 09:00:00,2023-07-03 10:00:00,long,3730.0,3713.0,-17.74430000782013,-0.47571849886917233,1,1.0
2023-07-03 13:00:00,2023-07-03 14:00:00,long,3734.0,3762.0,27.250400006771088,0.7297911089119199,1,1.0
2023-07-03 15:00:00,2023-07-03 21:00:00,long,3766.0,3765.0,-1.7530999779701233,-0.046550716356083995,1,1.0
2023-07-03 21:00:00,2023-07-03 23:00:00,long,3767.0,3765.0,-1.188299983739853,-0.06308999117280875,2,0.5
2023-07-03 23:00:00,2023-07-04 09:00:00,long,3767.0,3765.0,-0.667787994146347,-0.05909105337105982,1,0.3
2023-07-04 09:00:00,2023-07-04 10:00:00,long,3767.0,3774.0,3.31147500872612,0.1758149725896533,1,0.5
2023-07-04 10:00:00,2023-07-04 11:00:00,long,3776.0,3790.0,4.131906003355979,0.3647515892793061,1,0.3
2023-07-04 11:00:00,2023-07-04 13:00:00,long,3792.0,3776.0,-8.189199984073639,-0.43191983038363074,1,0.5
2023-07-04 13:00:00,2023-07-04 14:00:00,long,3778.0,3754.0,-7.267787994146346,-0.641237691384008,1,0.3
2023-07-04 14:00:00,2023-07-04 23:00:00,long,3756.0,3769.0,1.9330687513947487,0.3431076946032568,4,0.15
2023-07-04 23:00:00,2023-07-05 10:00:00,long,3771.0,3741.0,-15.187799990177155,-0.8055051705211962,2,0.5
2023-07-05 10:00:00,2023-07-05 13:00:00,long,3743.0,3730.0,-1.9668142506480215,-0.35030977836815774,2,0.15
2023-07-05 15:00:00,2023-07-05 21:00:00,long,3753.0,3741.0,-12.749400019645691,-0.33971223073929363,1,1.0
2023-07-05 21:00:00,2023-07-05 22:00:00,long,3743.0,3766.0,11.312274992465973,0.604449638924177,1,0.5
2023-07-05 22:00:00,2023-07-05 23:00:00,long,3768.0,3760.0,-1.2169379997253416,-0.21531104029110787,1,0.15
2023-07-12 11:00:00,2023-07-12 13:00:00,long,3691.0,3685.0,-6.737599968910217,-0.18254131587402378,1,1.0
2023-07-12 13:00:00,2023-07-12 14:00:00,long,3687.0,3698.0,3.2335350000858307,0.2923365880196936,1,0.3
2023-07-12 22:00:00,2023-07-12 23:00:00,long,3720.0,3719.0,-1.743899941444397,-0.046879030683989166,1,1.0
2023-07-12 23:00:00,2023-07-13 10:00:00,long,3721.0,3724.0,1.3138750046491623,0.0706194573850665,2,0.5
2023-07-13 10:00:00,2023-07-13 11:00:00,long,3726.0,3709.0,-2.566728749871254,-0.4592465109807218,1,0.15
2023-07-13 11:00:00,2023-07-13 14:00:00,long,3711.0,3711.0,-0.06679799616336822,-0.0059999996553820375,2,0.3
2023-07-13 14:00:00,2023-07-13 15:00:00,long,3713.0,3724.0,5.314075008034706,0.28624158405788885,1,0.5
2023-07-13 15:00:00,2023-07-13 21:00:00,long,3726.0,3726.0,-0.06706799805164336,-0.005999999825697206,1,0.3
2023-07-13 21:00:00,2023-07-13 22:00:00,long,3728.0,3740.0,1.7831970012187959,0.3188835839089406,1,0.15
2023-07-13 22:00:00,2023-07-13 23:00:00,long,3742.0,3733.0,-4.686874985694885,-0.2505010681825166,1,0.5
2023-07-13 23:00:00,2023-07-14 10:00:00,long,3735.0,3744.0,1.3331722497940064,0.23796024092708726,2,0.15
2023-07-14 10:00:00,2023-07-14 11:00:00,long,3746.0,3739.0,-2.167364999055862,-0.1928603843260244,1,0.3
2023-07-14 11:00:00,2023-07-14 13:00:00,long,3741.0,3739.0,-1.1870000064373016,-0.06345896853447217,1,0.5
2023-07-14 13:00:00,2023-07-14 14:00:00,long,3741.0,3758.0,5.032509001493454,0.44841031822983646,1,0.3
2023-07-14 14:00:00,2023-07-14 22:00:00,long,3760.0,3765.0,2.3118750154972076,0.12297207529240466,3,0.5
2023-07-14 22:00:00,2023-07-17 10:00:00,long,3767.0,3717.0,-7.516838999390602,-1.3302962568605614,3,0.15
2023-07-17 10:00:00,2023-07-17 15:00:00,short,3717.0,3686.0,21.337253029346467,0.8200643002938801,4,0.7
2023-07-20 21:00:00,2023-07-20 22:00:00,long,3794.0,3771.0,-23.756500005722046,-0.6261597260337914,1,1.0
2023-07-20 22:00:00,2023-07-20 23:00:00,long,3773.0,3759.0,-2.1169469998776913,-0.3740519480303368,1,0.15
2023-07-21 23:00:00,2023-07-24 09:00:00,long,3827.0,3822.0,-5.764899969100952,-0.15063757431672203,1,1.0
2023-07-24 09:00:00,2023-07-24 10:00:00,long,3824.0,3808.0,-8.190799981355667,-0.4283891203637901,1,0.5
2023-07-24 10:00:00,2023-07-24 15:00:00,long,3810.0,3793.0,-2.567106749564409,-0.4491875327321801,4,0.15
2023-07-25 15:00:00,2023-07-25 21:00:00,long,3859.0,3854.0,-5.771299958229065,-0.14955428759339376,1,1.0
2023-07-25 21:00:00,2023-07-25 22:00:00,long,3856.0,3857.0,0.30717501044273376,0.015932313819643867,1,0.5
2023-07-25 22:00:00,2023-07-25 23:00:00,long,3859.0,3855.0,-1.2694259977340698,-0.10965068651067375,1,0.3
2023-07-25 23:00:00,2023-07-26 15:00:00,long,3857.0,3852.0,-0.767345250248909,-0.13263248643140768,6,0.15
2023-07-26 15:00:00,2023-07-26 21:00:00,long,3854.0,3849.0,-2.6925750076770782,-0.13972885353799058,1,0.5
2023-07-26 21:00:00,2023-07-26 23:00:00,long,3851.0,3854.0,0.432663751244545,0.07490067536476153,2,0.15
2023-07-26 23:00:00,2023-07-27 09:00:00,long,3856.0,3852.0,-2.1926999986171722,-0.11372925304030976,1,0.5
2023-07-27 09:00:00,2023-07-27 10:00:00,long,3854.0,3872.0,5.3304660004377356,0.461033212284876,1,0.3
2023-07-27 10:00:00,2023-07-27 11:00:00,long,3874.0,3860.0,-7.193349987268448,-0.37136551302366794,1,0.5
2023-07-27 11:00:00,2023-07-27 14:00:00,long,3862.0,3871.0,2.6304030060768127,0.22703288504029112,2,0.3
2023-07-27 14:00:00,2023-07-27 15:00:00,long,3873.0,3862.0,-1.6674037492275238,-0.2870132970526765,1,0.15
2023-07-27 15:00:00,2023-07-28 10:00:00,short,3862.0,3851.0,7.322063020467758,0.270846453372337,5,0.7
2023-08-10 23:00:00,2023-08-11 13:00:00,long,3678.0,3660.0,-4.362266879653931,-0.49418466553991425,4,0.24
2023-08-16 14:00:00,2023-08-16 15:00:00,long,3704.0,3712.0,7.258400022983551,0.1959611237306574,1,1.0
2023-08-16 15:00:00,2023-08-16 22:00:00,long,3714.0,3706.0,-4.185499995946884,-0.22539041442901905,2,0.5
2023-08-16 22:00:00,2023-08-17 09:00:00,long,3708.0,3698.0,-3.0666539990901946,-0.2756790721943721,2,0.3
2023-08-17 09:00:00,2023-08-17 10:00:00,long,3700.0,3687.0,-6.684675008058548,-0.361333784219381,1,0.5
2023-08-17 10:00:00,2023-08-17 13:00:00,long,3689.0,3712.0,6.833390997648239,0.6174564920618271,2,0.3
2023-08-17 13:00:00,2023-08-17 14:00:00,long,3714.0,3713.0,-0.6856749951839447,-0.036923801571564066,1,0.5
2023-08-17 14:00:00,2023-08-18 21:00:00,long,3715.0,3699.0,-2.4166815000772472,-0.43367994617806144,11,0.15
2023-08-18 21:00:00,2023-08-18 22:00:00,short,3699.0,3692.0,4.537841010093689,0.17525358243902556,1,0.7
2023-08-22 23:00:00,2023-08-23 09:00:00,long,3722.0,3722.0,-0.04287743797302245,-0.004799999773085982,1,0.24
2023-08-23 14:00:00,2023-08-23 15:00:00,long,3753.0,3726.0,-27.747900009155273,-0.7393525182295569,1,1.0
2023-08-23 15:00:00,2023-08-23 22:00:00,long,3728.0,3727.0,-0.36709499716758726,-0.03282322936047812,2,0.3
2023-08-23 22:00:00,2023-08-24 13:00:00,long,3729.0,3754.0,12.312925010919571,0.6603875039377619,5,0.5
2023-08-24 13:00:00,2023-08-24 14:00:00,long,3756.0,3761.0,1.4323470014333723,0.12711634730505614,1,0.3
2023-08-24 14:00:00,2023-08-24 15:00:00,long,3763.0,3687.0,-38.18625000119209,-2.0295641775812965,1,0.5
2023-08-24 15:00:00,2023-08-25 14:00:00,long,3689.0,3730.0,6.133307250738144,1.1083956358070197,8,0.15
2023-08-31 10:00:00,2023-08-31 11:00:00,long,3742.0,3736.0,-6.74779999256134,-0.18032602866278302,1,1.0
2023-08-31 11:00:00,2023-08-31 14:00:00,long,3738.0,3737.0,-0.36727499485015863,-0.03275147091583366,2,0.3
2023-08-31 14:00:00,2023-08-31 15:00:00,long,3739.0,3739.0,-0.18694999814033508,-0.009999999900526082,1,0.5
2023-08-31 15:00:00,2023-08-31 22:00:00,long,3741.0,3760.0,5.632490998506546,0.5018703553868437,2,0.3
2023-08-31 22:00:00,2023-09-01 13:00:00,long,3762.0,3796.0,16.81104999780655,0.8937293991391041,5,0.5
2023-09-01 13:00:00,2023-09-01 15:00:00,long,3798.0,3811.0,3.8315189981460573,0.3362751446503473,2,0.3
2023-09-01 15:00:00,2023-09-01 22:00:00,long,3813.0,3808.0,-2.690524995326996,-0.141123786799213,2,0.5
2023-09-01 22:00:00,2023-09-01 23:00:00,long,3810.0,3841.0,9.231140999794006,0.8076238844964134,1,0.3
2023-09-01 23:00:00,2023-09-05 13:00:00,long,3843.0,3835.0,-1.2172754994034767,-0.21116757730999686,13,0.15
2023-09-13 10:00:00,2023-09-13 11:00:00,long,3790.0,3771.0,-19.756099939346313,-0.5212691276872379,1,1.0
2023-09-13 11:00:00,2023-09-13 13:00:00,long,3773.0,3757.0,-2.416942500472069,-0.42705936928563815,1,0.15
2023-09-15 11:00:00,2023-09-15 13:00:00,long,3821.0,3816.0,-1.2439891204833984,-0.13565265642539023,1,0.24
2023-09-18 22:00:00,2023-09-18 23:00:00,long,3858.0,3858.0,-0.7716000080108643,-0.02000000020764293,1,1.0
2023-09-18 23:00:00,2023-09-19 09:00:00,long,3860.0,3860.0,-0.19299998879432678,-0.00999999941939517,1,0.5
2023-09-19 09:00:00,2023-09-19 14:00:00,long,3862.0,3846.0,-4.869371999502182,-0.4202806835406682,4,0.3
2023-09-19 14:00:00,2023-09-20 11:00:00,long,3848.0,3826.0,-3.317266499251127,-0.5747169957122534,7,0.15
2023-09-20 11:00:00,2023-09-20 15:00:00,long,3828.0,3843.0,4.4309610021114345,0.3858377744785297,3,0.3
2023-09-20 15:00:00,2023-09-20 22:00:00,long,3845.0,3821.0,-3.6172485002875328,-0.6271778934178645,2,0.15
2023-09-20 22:00:00,2023-09-21 09:00:00,short,3821.0,3816.0,3.125786995887756,0.11686495666384103,2,0.7
2023-09-27 23:00:00,2023-09-28 13:00:00,long,3709.0,3698.0,-2.682664320373535,-0.30136877868849815,4,0.24
2023-10-12 22:00:00,2023-10-13 09:00:00,long,3629.0,3607.0,-5.321679358291625,-0.6110130612532867,2,0.24
2023-10-16 22:00:00,2023-10-16 23:00:00,long,3644.0,3642.0,-2.728600025177002,-0.07487925425842487,1,1.0
2023-10-16 23:00:00,2023-10-17 09:00:00,long,3644.0,3641.0,-0.9655650007724762,-0.08832464331983866,1,0.3
2023-10-17 09:00:00,2023-10-17 10:00:00,long,3643.0,3643.0,-0.1821499913930893,-0.009999999527482257,1,0.5
2023-10-17 10:00:00,2023-10-17 11:00:00,long,3645.0,3655.0,2.934299998283386,0.26834019188691227,1,0.3
2023-10-17 11:00:00,2023-10-17 14:00:00,long,3657.0,3663.0,2.81700000166893,0.15406070558758161,2,0.5
2023-10-17 14:00:00,2023-10-17 15:00:00,long,3665.0,3646.0,-5.765798996686936,-0.5244019096577477,1,0.3
2023-10-17 15:00:00,2023-10-18 10:00:00,long,3648.0,3644.0,-0.6164070001244545,-0.11264747809291932,5,0.15
2023-10-18 10:00:00,2023-10-18 11:00:00,long,3646.0,3636.0,-5.182049989700317,-0.28425946185958956,1,0.5
2023-10-18 11:00:00,2023-10-18 15:00:00,long,3638.0,3614.0,-3.6163169986009596,-0.6626932377865052,3,0.15
2023-10-18 15:00:00,2023-10-18 21:00:00,short,3614.0,3616.0,-1.7542699658870697,-0.06934421558570124,1,0.7
2023-10-19 10:00:00,2023-10-19 11:00:00,short,3610.0,3626.0,-11.554564014673232,-0.4572443219102981,1,0.7
2023-10-24 22:00:00,2023-10-25 14:00:00,long,3654.0,3665.0,2.597842561340332,0.29623273140625933,6,0.24
2023-10-25 14:00:00,2023-10-25 15:00:00,long,3667.0,3673.0,2.8165000081062317,0.15361330832321962,1,0.5
2023-10-25 15:00:00,2023-10-25 21:00:00,long,3675.0,3672.0,-0.9661229968070983,-0.08763020379202707,1,0.3
2023-10-25 21:00:00,2023-10-25 22:00:00,long,3674.0,3664.0,-5.183449998497963,-0.28216929768633436,1,0.5
2023-10-25 22:00:00,2023-10-26 09:00:00,long,3666.0,3664.0,-0.6659699982404709,-0.06055373688311247,2,0.3
2023-10-26 09:00:00,2023-10-26 11:00:00,long,3666.0,3667.0,0.31667500734329224,0.01727632336842838,2,0.5
2023-10-26 11:00:00,2023-10-26 14:00:00,long,3669.0,3673.0,1.1339219999313355,0.10301826110033027,2,0.3
2023-10-26 14:00:00,2023-10-27 21:00:00,long,3675.0,3719.0,6.5833635006844995,1.1942609525051244,11,0.15
2023-10-30 10:00:00,2023-10-30 11:00:00,long,3730.0,3719.0,-11.744899988174438,-0.31487667528617796,1,1.0
2023-10-30 11:00:00,2023-10-30 13:00:00,long,3721.0,3724.0,1.3138750046491623,0.0706194573850665,1,0.5
2023-10-30 13:00:00,2023-10-30 15:00:00,long,3726.0,3738.0,3.532824000120163,0.3160515298014102,2,0.3
2023-10-30 15:00:00,2023-10-30 22:00:00,long,3740.0,3733.0,-3.68682499229908,-0.19715641670048556,2,0.5
2023-10-30 22:00:00,2023-10-30 23:00:00,long,3735.0,3720.0,-4.567094997167587,-0.40759437725725906,1,0.3
2023-10-30 23:00:00,2023-10-31 23:00:00,long,3722.0,3741.0,2.833208250403404,0.50747058040541,9,0.15
2023-10-31 23:00:00,2023-11-01 09:00:00,long,3743.0,3741.0,-0.6673559975624084,-0.05943147186413825,1,0.3
2023-11-01 09:00:00,2023-11-01 10:00:00,long,3743.0,3751.0,3.8126499950885773,0.20372161341643483,1,0.5
2023-11-01 10:00:00,2023-11-02 10:00:00,long,3753.0,3749.0,-0.6168794994056225,-0.1095798027188245,9,0.15
2023-11-02 10:00:00,2023-11-02 14:00:00,long,3751.0,3760.0,4.312225013971329,0.22992402100620257,3,0.5
2023-11-02 14:00:00,2023-11-02 21:00:00,long,3762.0,3745.0,-5.167562999725342,-0.4578737373494012,2,0.3
2023-11-02 21:00:00,2023-11-02 22:00:00,long,3747.0,3773.0,12.812000006437302,0.6838537500099974,1,0.5
2023-11-02 22:00:00,2023-11-02 23:00:00,long,3775.0,3775.0,-0.06794999957084655,-0.005999999962105656,1,0.3
2023-11-02 23:00:00,2023-11-03 10:00:00,long,3777.0,3792.0,7.310775011777878,0.3871207313623446,2,0.5
2023-11-03 10:00:00,2023-11-03 22:00:00,long,3794.0,3824.0,4.482859501540661,0.7877103323740399,6,0.15
2023-11-03 22:00:00,2023-11-03 23:00:00,long,3826.0,3826.0,-0.19129998981952667,-0.009999999467826799,1,0.5
2023-11-03 23:00:00,2023-11-06 09:00:00,long,3828.0,3826.0,-0.6688859939575195,-0.058245036046457636,1,0.3
2023-11-06 09:00:00,2023-11-06 10:00:00,long,3828.0,3804.0,-12.190799996256828,-0.6369278994909524,1,0.5
2023-11-06 10:00:00,2023-11-06 23:00:00,long,3806.0,3803.0,-0.4671202491223812,-0.08182172869546002,7,0.15
2023-11-08 15:00:00,2023-11-08 21:00:00,long,3847.0,3846.0,-1.7692999839782715,-0.04599168141352408,1,1.0
2023-11-08 21:00:00,2023-11-08 22:00:00,long,3848.0,3864.0,4.730592005252838,0.4097879422429693,1,0.3
2023-11-08 22:00:00,2023-11-09 10:00:00,long,3866.0,3853.0,-10.894015960693359,-0.35223797079324104,3,0.8
2023-11-09 10:00:00,2023-11-09 14:00:00,long,3855.0,3843.0,-3.669281995296478,-0.3172747077645031,3,0.3
2023-11-09 14:00:00,2023-11-10 13:00:00,long,3845.0,3874.0,14.307025000452995,0.744188556590533,8,0.5
2023-11-10 13:00:00,2023-11-10 22:00:00,long,3876.0,3889.0,3.830115001201629,0.32938725500530014,4,0.3
2023-11-10 22:00:00,2023-11-10 23:00:00,long,3891.0,3901.0,4.805200010538101,0.24699049141804685,1,0.5
2023-11-10 23:00:00,2023-11-13 09:00:00,long,3903.0,3904.0,0.22973700284957885,0.019620548539548966,1,0.3
2023-11-13 09:00:00,2023-11-13 10:00:00,long,3906.0,3874.0,-16.194499999284744,-0.8292114694974267,1,0.5
2023-11-13 10:00:00,2023-11-13 23:00:00,long,3876.0,3855.0,-3.1673947504162787,-0.5447875387712898,7,0.15
2023-11-13 23:00:00,2023-11-14 09:00:00,short,3855.0,3863.0,-5.978181990981102,-0.22153722404969806,1,0.7
2023-11-15 09:00:00,2023-11-15 10:00:00,long,3956.0,3929.0,-27.78849995136261,-0.702439331429793,1,1.0
2023-11-17 09:00:00,2023-11-17 10:00:00,long,3968.0,3945.0,-23.79129993915558,-0.5995791315311386,1,1.0
2023-11-17 10:00:00,2023-11-17 11:00:00,short,3945.0,3954.0,-6.687050973176956,-0.2421528507397051,1,0.7
2023-11-17 13:00:00,2023-11-17 14:00:00,short,3952.0,3951.0,0.31275299429893494,0.011305414773674631,1,0.7
2023-11-20 23:00:00,2023-11-21 09:00:00,long,4033.0,4032.0,-1.80649995803833,-0.04479295705525242,1,1.0
2023-11-21 09:00:00,2023-11-21 10:00:00,long,4034.0,4047.0,6.29797500371933,0.31224467048682847,1,0.5
2023-11-21 10:00:00,2023-11-21 11:00:00,long,4049.0,4030.0,-5.772710995674133,-0.47523758917215225,1,0.3
2023-11-21 11:00:00,2023-11-21 13:00:00,long,4032.0,4020.0,-6.201299995183945,-0.30760416642777505,1,0.5
2023-11-21 13:00:00,2023-11-21 14:00:00,long,4022.0,4005.0,-2.568060749620199,-0.42566894573515646,1,0.15
2023-11-21 14:00:00,2023-11-21 15:00:00,long,4007.0,3987.0,-10.199849992990494,-0.5091015718987019,1,0.5
2023-11-21 15:00:00,2023-11-21 21:00:00,long,3989.0,3985.0,-0.6179414999485016,-0.10327425419044065,1,0.15
2023-11-21 21:00:00,2023-11-21 22:00:00,long,3987.0,4003.0,4.728089997768402,0.3952921994622859,1,0.3
2023-11-21 22:00:00,2023-11-21 23:00:00,long,4005.0,4003.0,-0.31801799923181534,-0.052936828835924314,1,0.15
2023-11-21 23:00:00,2023-11-22 11:00:00,long,4005.0,3976.0,-14.699524998664856,-0.7340586765875085,3,0.5
2023-11-22 11:00:00,2023-11-22 14:00:00,long,3978.0,3973.0,-1.571558997631073,-0.1316875312243232,2,0.3
2023-11-22 14:00:00,2023-11-22 15:00:00,long,3975.0,3997.0,3.2820630007982254,0.5504508177439372,1,0.15
2023-11-22 15:00:00,2023-11-22 21:00:00,long,3999.0,4002.0,1.2999750077724457,0.0650150041396572,1,0.5
2023-11-22 21:00:00,2023-11-22 22:00:00,long,4004.0,3991.0,-3.9719549989700313,-0.33066558432983945,1,0.3
2023-11-22 22:00:00,2023-11-23 09:00:00,long,3993.0,3932.0,-9.16783124908805,-1.530650513246189,2,0.15
2023-11-23 09:00:00,2023-11-23 13:00:00,short,3932.0,3909.0,15.715791031122206,0.5709849960442598,3,0.7
2023-11-30 15:00:00,2023-12-01 09:00:00,long,3915.0,3923.0,1.8748531196594236,0.19953736905698422,4,0.24
2023-12-04 10:00:00,2023-12-04 11:00:00,long,3932.0,3931.0,-1.7862999439239502,-0.04542980528799466,1,1.0
2023-12-04 11:00:00,2023-12-04 15:00:00,long,3933.0,3902.0,-9.370514996051787,-0.79417874362673,3,0.3
2023-12-04 15:00:00,2023-12-05 10:00:00,long,3904.0,3903.0,-0.1675657492876053,-0.02861436975539708,5,0.15
2023-12-06 23:00:00,2023-12-07 09:00:00,long,3992.0,3984.0,-8.797599971294403,-0.220380760803968,1,1.0
2023-12-07 09:00:00,2023-12-07 11:00:00,long,3986.0,4001.0,11.488832015991212,0.3602870050172859,2,0.8
2023-12-07 11:00:00,2023-12-07 14:00:00,long,4003.0,4006.0,1.2997750043869019,0.064940045185456,2,0.5
2023-12-07 14:00:00,2023-12-07 15:00:00,long,4008.0,4012.0,1.127820001244545,0.09379740529312583,1,0.3
2023-12-07 15:00:00,2023-12-08 09:00:00,long,4014.0,4044.0,14.798550009727478,0.7373467867328091,4,0.5
2023-12-08 09:00:00,2023-12-08 10:00:00,long,4046.0,4053.0,2.0271090012788773,0.16700519041678014,1,0.3
2023-12-08 10:00:00,2023-12-08 11:00:00,long,4055.0,4040.0,-7.702374994754791,-0.37989519086336826,1,0.5
2023-12-08 11:00:00,2023-12-08 15:00:00,long,4042.0,4040.0,-0.6727380001544951,-0.05547897081927224,3,0.3
2023-12-08 15:00:00,2023-12-08 23:00:00,long,4042.0,4046.0,1.7978000044822693,0.08895596261663875,3,0.5
2023-12-08 23:00:00,2023-12-11 10:00:00,long,4048.0,4019.0,-8.772602999210358,-0.722381669895451,2,0.3
2023-12-11 10:00:00,2023-12-12 11:00:00,long,4021.0,4033.0,1.7818784996867179,0.2954287490154552,10,0.15
2023-12-12 11:00:00,2023-12-12 13:00:00,short,4033.0,4048.0,-10.895968992710113,-0.38595759954341374,1,0.7
2023-12-20 11:00:00,2023-12-20 13:00:00,long,3938.0,3941.0,2.212100028991699,0.05617318509374554,1,1.0
2023-12-20 13:00:00,2023-12-20 14:00:00,long,3943.0,3948.0,1.4289810061454773,0.12080319605591996,1,0.3
2023-12-20 14:00:00,2023-12-20 15:00:00,long,3950.0,3938.0,-10.104832000732422,-0.31977316458013993,1,0.8
2023-12-20 15:00:00,2023-12-20 23:00:00,long,3940.0,3937.0,-0.970892999768257,-0.08213984769613004,3,0.3
2023-12-20 23:00:00,2023-12-21 10:00:00,long,3939.0,3938.0,-0.6969249844551086,-0.03538588395303928,2,0.5
2023-12-21 10:00:00,2023-12-21 15:00:00,long,3940.0,3985.0,6.732168749570846,1.1391148476431212,4,0.15
2023-12-21 15:00:00,2023-12-21 21:00:00,long,3987.0,3987.0,-0.07176599979400634,-0.00599999998277789,1,0.3
2023-12-21 21:00:00,2023-12-21 23:00:00,long,3989.0,3985.0,-2.1993499994277954,-0.11027074451881651,2,0.5
2023-12-21 23:00:00,2023-12-22 09:00:00,long,3987.0,3987.0,-0.07176599979400634,-0.00599999998277789,1,0.3
2023-12-22 09:00:00,2023-12-22 13:00:00,long,3989.0,4012.0,11.299975007772446,0.5665567815378514,3,0.5
2023-12-22 13:00:00,2023-12-22 14:00:00,long,4014.0,4002.0,-3.672143998146057,-0.3049446934185399,1,0.3
2023-12-22 14:00:00,2023-12-25 14:00:00,long,4004.0,3992.0,-1.8179910001158714,-0.30269580421509684,9,0.15
2023-12-25 14:00:00,2023-12-25 15:00:00,long,3994.0,3996.0,0.528089997768402,0.04407361022937757,1,0.3
2023-12-25 15:00:00,2023-12-25 21:00:00,long,3998.0,3999.0,0.3000749945640564,0.015011255355880762,1,0.5
2023-12-25 21:00:00,2023-12-25 22:00:00,long,4001.0,4015.0,2.0819640004634854,0.3469072732589329,1,0.15
2023-12-25 22:00:00,2023-12-25 23:00:00,long,4017.0,4018.0,0.2991250157356262,0.014892955724950273,1,0.5
2023-12-25 23:00:00,2023-12-26 09:00:00,long,4020.0,4018.0,-0.6723419988155365,-0.05574975114556687,1,0.3
2023-12-26 09:00:00,2023-12-26 10:00:00,long,4020.0,4018.0,-1.2009499967098236,-0.05974875605521511,1,0.5
2023-12-26 10:00:00,2023-12-26 22:00:00,long,4020.0,4020.0,-0.018089999109506604,-0.00299999985232282,6,0.15
2023-12-26 22:00:00,2023-12-26 23:00:00,long,4022.0,3996.0,-13.200450003147125,-0.6564122328765353,1,0.5
2023-12-26 23:00:00,2023-12-27 13:00:00,long,3998.0,4021.0,3.431957249343395,0.5722790143977647,4,0.15
2023-12-27 13:00:00,2023-12-27 14:00:00,long,4023.0,4019.0,-2.2010499984025955,-0.10942331585396946,1,0.5
2023-12-27 14:00:00,2023-12-27 15:00:00,long,4021.0,4023.0,0.2819010007381439,0.04673812496694751,1,0.15
2023-12-27 15:00:00,2023-12-27 22:00:00,long,4025.0,4015.0,-5.20100000500679,-0.2584347828574802,2,0.5
2023-12-27 22:00:00,2023-12-27 23:00:00,long,4017.0,4011.0,-0.9180629986524582,-0.15236295720727877,1,0.15
2023-12-27 23:00:00,2023-12-28 09:00:00,long,4013.0,4014.0,0.22775700151920317,0.018918265762870933,1,0.3
2023-12-28 09:00:00,2023-12-28 10:00:00,long,4016.0,4016.0,-0.20080000162124634,-0.01000000008073936,1,0.5
2023-12-28 10:00:00,2023-12-28 15:00:00,long,4018.0,3993.0,-3.7680247490108014,-0.6251907663863948,4,0.15
2023-12-28 15:00:00,2023-12-28 21:00:00,short,3993.0,3991.0,1.0087840366363525,0.036091160839911006,1,0.7
2024-01-03 11:00:00,2024-01-03 13:00:00,long,4055.0,4049.0,-6.810400009155273,-0.16795067840086988,1,1.0
2024-01-03 13:00:00,2024-01-03 15:00:00,long,4051.0,4055.0,1.1270460015535355,0.09273808948848312,2,0.3
2024-01-03 15:00:00,2024-01-03 21:00:00,long,4057.0,4053.0,-2.2027499973773956,-0.10859009107110651,1,0.5
2024-01-03 21:00:00,2024-01-03 23:00:00,long,4055.0,4048.0,-2.1729269993305205,-0.178621208329677,2,0.3
2024-01-03 23:00:00,2024-01-04 09:00:00,long,4050.0,4049.0,-0.7024749964475632,-0.034690123281361146,1,0.5
2024-01-04 09:00:00,2024-01-04 10:00:00,long,4051.0,4053.0,0.5270639991760253,0.04336904461252574,1,0.3
2024-01-04 10:00:00,2024-01-04 11:00:00,long,4055.0,4033.0,-11.20219999551773,-0.5525129467579646,1,0.5
2024-01-04 11:00:00,2024-01-05 10:00:00,long,4035.0,4009.0,-3.918098999261856,-0.6473521684034459,8,0.15
2024-01-17 10:00:00,2024-01-17 11:00:00,long,3905.0,3884.0,-5.084864638137817,-0.5425591803390756,1,0.24
2024-01-17 11:00:00,2024-01-17 13:00:00,short,3884.0,3890.0,-4.580926008224487,-0.16849073150744764,1,0.7
2024-01-24 11:00:00,2024-01-24 13:00:00,long,3938.0,3940.0,1.2122000455856323,0.030782124062611285,1,1.0
2024-01-24 13:00:00,2024-01-24 14:00:00,long,3942.0,3943.0,0.30287501215934753,0.01536656581224493,1,0.5
2024-01-24 14:00:00,2024-01-24 15:00:00,long,3945.0,3951.0,1.7289359986782074,0.14608669190352408,1,0.3
2024-01-24 15:00:00,2024-01-25 11:00:00,long,3953.0,3980.0,13.301674991846085,0.6729913985249727,6,0.5
2024-01-25 11:00:00,2024-01-25 13:00:00,long,3982.0,3984.0,0.5283060014247895,0.044224510415602665,1,0.3
2024-01-25 13:00:00,2024-01-25 14:00:00,long,3986.0,3983.0,-1.6992249935865402,-0.08525965848402109,1,0.5
2024-01-25 14:00:00,2024-01-25 21:00:00,long,3985.0,3960.0,-7.571504999399185,-0.6333337515181251,2,0.3
2024-01-25 21:00:00,2024-01-25 23:00:00,long,3962.0,3965.0,1.301825001835823,0.06571554779585174,2,0.5
2024-01-25 23:00:00,2024-01-30 09:00:00,long,3967.0,3964.0,-0.4678447499871254,-0.07862276279087899,19,0.15
2024-02-08 10:00:00,2024-02-08 14:00:00,long,3864.0,3841.0,-5.564380796813965,-0.6000238091802499,3,0.24
2024-02-19 21:00:00,2024-02-19 22:00:00,long,3806.0,3797.0,-9.760299980640411,-0.2564450861965426,1,1.0
2024-02-19 22:00:00,2024-02-19 23:00:00,long,3799.0,3810.0,3.231519003510475,0.28354119535934674,1,0.3
2024-02-19 23:00:00,2024-02-20 10:00:00,long,3812.0,3804.0,-4.190400004386902,-0.21985309571809558,2,0.5
2024-02-20 10:00:00,2024-02-20 11:00:00,long,3806.0,3778.0,-4.217063999176025,-0.7386694691147355,1,0.15
2024-02-20 11:00:00,2024-02-20 22:00:00,short,3778.0,3751.0,18.53107899785042,0.7007138696910844,5,0.7
2024-02-21 13:00:00,2024-02-21 15:00:00,long,3825.0,3788.0,-8.923850878143309,-0.9720970455493801,2,0.24
2024-02-21 15:00:00,2024-02-21 22:00:00,short,3788.0,3806.0,-12.972106004953385,-0.4892180572089827,2,0.7
2024-02-23 14:00:00,2024-02-23 15:00:00,long,3795.0,3789.0,-6.758399963378906,-0.1780869555567564,1,1.0
2024-02-23 15:00:00,2024-02-23 21:00:00,long,3791.0,3788.0,-0.4670527499914169,-0.08213360590722182,1,0.15
2024-02-23 23:00:00,2024-02-26 10:00:00,short,3767.0,3755.0,8.031421996355055,0.3045781787839909,2,0.7
2024-02-27 15:00:00,2024-02-27 23:00:00,long,3823.0,3810.0,-3.1639660766601563,-0.34483892194831245,3,0.24
2024-03-07 22:00:00,2024-03-07 23:00:00,long,3708.0,3695.0,-10.873791961669923,-0.3665652630012784,1,0.8
2024-03-07 23:00:00,2024-03-08 09:00:00,short,3695.0,3695.0,-0.3621099817752838,-0.01399999929539083,1,0.7
2024-03-18 23:00:00,2024-03-19 10:00:00,long,3523.0,3532.0,2.1193631996154783,0.2506579619187575,2,0.24
2024-03-20 09:00:00,2024-03-20 10:00:00,long,3566.0,3594.0,27.284000039100647,0.7651149758581224,1,1.0
2024-03-20 10:00:00,2024-03-20 13:00:00,long,3596.0,3581.0,-7.679425001144409,-0.42710928816153554,2,0.5
2024-03-20 13:00:00,2024-03-20 21:00:00,long,3583.0,3568.0,-4.56435899913311,-0.4246310353645093,3,0.3
2024-03-20 21:00:00,2024-03-20 22:00:00,long,3570.0,3561.0,-4.678274989128113,-0.2620882346850483,1,0.5
2024-03-20 22:00:00,2024-03-21 09:00:00,long,3563.0,3581.0,5.335704000592232,0.4991770980065705,2,0.3
2024-03-21 09:00:00,2024-03-21 10:00:00,long,3583.0,3585.0,0.8208000063896179,0.04581635536643137,1,0.5
2024-03-21 10:00:00,2024-03-22 14:00:00,long,3587.0,3599.0,1.7838315005600451,0.33153638148128334,12,0.15
2024-03-22 14:00:00,2024-03-22 23:00:00,short,3599.0,3614.0,-10.85343700289726,-0.4308116144523186,4,0.7
2024-04-01 22:00:00,2024-04-02 11:00:00,long,3524.0,3493.0,-7.480417918395996,-0.8844610667797006,4,0.24
2024-04-03 11:00:00,2024-04-03 13:00:00,long,3512.0,3509.0,-3.7020999789237976,-0.10541286955933366,1,1.0
2024-04-03 13:00:00,2024-04-03 14:00:00,long,3511.0,3512.0,0.23679300427436828,0.022481059933007527,1,0.3
2024-04-03 14:00:00,2024-04-03 15:00:00,long,3514.0,3468.0,-23.174549996852875,-1.3189840635659005,1,0.5
2024-04-03 15:00:00,2024-04-08 10:00:00,long,3470.0,3514.0,13.137143998146056,1.2619734868536079,2,0.3
2024-04-08 10:00:00,2024-04-08 11:00:00,long,3516.0,3518.0,0.8241499960422516,0.04687997702174355,1,0.5
2024-04-08 11:00:00,2024-04-08 23:00:00,long,3520.0,3559.0,5.834072250276804,1.1049379261887886,6,0.15
2024-04-08 23:00:00,2024-04-09 09:00:00,long,3561.0,3559.0,-1.1780000030994415,-0.06616119085085322,1,0.5
2024-04-09 09:00:00,2024-04-09 10:00:00,long,3561.0,3549.0,-3.663989996910095,-0.3429738834512866,1,0.3
2024-04-09 10:00:00,2024-04-09 13:00:00,long,3551.0,3574.0,3.433968750536442,0.6446951563947135,2,0.15
2024-04-09 13:00:00,2024-04-09 14:00:00,long,3576.0,3586.0,4.820950001478195,0.2696280761453129,1,0.5
2024-04-09 14:00:00,2024-04-09 15:00:00,long,3588.0,3592.0,1.1353800004720689,0.10547937574062326,1,0.3
2024-04-09 15:00:00,2024-04-09 23:00:00,long,3594.0,3583.0,-5.679425001144409,-0.31605036177765217,3,0.5
2024-04-09 23:00:00,2024-04-10 10:00:00,long,3585.0,3588.0,0.43386075004935265,0.08068075314725294,2,0.15
2024-04-10 10:00:00,2024-04-10 14:00:00,long,3590.0,3574.0,-8.179100006818771,-0.4556601675107951,3,0.5
2024-04-10 14:00:00,2024-04-10 15:00:00,long,3576.0,3583.0,2.035568999648094,0.18974356819985963,1,0.3
2024-04-10 15:00:00,2024-04-10 22:00:00,long,3585.0,3571.0,-7.1789000034332275,-0.4004965134411842,2,0.5
2024-04-10 22:00:00,2024-04-11 14:00:00,long,3573.0,3615.0,6.283827001154423,1.1724651555470516,6,0.15
2024-04-11 14:00:00,2024-04-11 15:00:00,long,3617.0,3612.0,-2.680725008249283,-0.14822919592199518,1,0.5
2024-04-11 15:00:00,2024-04-11 22:00:00,long,3614.0,3611.0,-0.46625624924898146,-0.0860092693689322,2,0.15
2024-04-11 22:00:00,2024-04-11 23:00:00,long,3613.0,3606.0,-3.6804749965667725,-0.2037351229762952,1,0.5
2024-04-11 23:00:00,2024-04-12 09:00:00,long,3608.0,3604.0,-1.2649079990386964,-0.11686141897992391,1,0.3
2024-04-12 09:00:00,2024-04-12 10:00:00,long,3606.0,3615.0,4.319474995136261,0.23957154715120696,1,0.5
2024-04-12 10:00:00,2024-04-12 11:00:00,long,3617.0,3615.0,-0.6650879967212677,-0.06129278377304099,1,0.3
2024-04-12 11:00:00,2024-04-12 14:00:00,long,3617.0,3627.0,4.818900004029274,0.26645839115450787,2,0.5
2024-04-12 14:00:00,2024-04-12 21:00:00,long,3629.0,3627.0,-0.31632600009441375,-0.058110774335338254,2,0.15
2024-04-12 21:00:00,2024-04-12 22:00:00,long,3629.0,3622.0,-2.165258998274803,-0.19888481659546278,1,0.3
2024-04-12 22:00:00,2024-04-12 23:00:00,long,3624.0,3609.0,-7.6808249950408936,-0.4238865891302922,1,0.5
2024-04-12 23:00:00,2024-04-15 09:00:00,long,3611.0,3614.0,0.8349750030040741,0.07707698726152258,1,0.3
2024-04-15 09:00:00,2024-04-15 11:00:00,long,3616.0,3597.0,-9.680325001478195,-0.535416205833971,2,0.5
2024-04-15 11:00:00,2024-04-15 14:00:00,long,3599.0,3610.0,1.6337797500193119,0.30263587107887596,2,0.15
2024-04-15 14:00:00,2024-04-15 15:00:00,long,3612.0,3617.0,2.319274991750717,0.128420542178888,1,0.5
2024-04-15 15:00:00,2024-04-16 10:00:00,long,3619.0,3608.0,-1.6662607499957083,-0.30694680850984774,5,0.15
2024-04-17 15:00:00,2024-04-18 10:00:00,long,3682.0,3680.0,-0.522405118560791,-0.059117001466683756,5,0.24
2024-04-19 10:00:00,2024-04-19 11:00:00,long,3690.0,3686.0,-4.737599968910217,-0.1283902430598975,1,1.0
2024-04-19 11:00:00,2024-04-19 21:00:00,long,3688.0,3663.0,-7.566158997416496,-0.6838538500918743,4,0.3
2024-04-19 21:00:00,2024-04-19 22:00:00,long,3665.0,3663.0,-1.1832000017166138,-0.06456753078944687,1,0.5
2024-04-19 22:00:00,2024-04-22 14:00:00,short,3663.0,3671.0,-5.959365993738174,-0.232415506171295,6,0.7
2024-04-24 23:00:00,2024-04-25 09:00:00,long,3677.0,3676.0,-1.7352999448776245,-0.047193362656448856,1,1.0
2024-04-25 09:00:00,2024-04-25 11:00:00,long,3678.0,3689.0,5.315825000405312,0.28906063079963634,2,0.5
2024-04-25 11:00:00,2024-04-25 13:00:00,long,3691.0,3674.0,-5.166285002231597,-0.4665659714830306,1,0.3
2024-04-25 13:00:00,2024-04-25 22:00:00,long,3676.0,3668.0,-1.2165239994227888,-0.2206245918430883,4,0.15
2024-05-07 13:00:00,2024-05-07 14:00:00,long,3723.0,3724.0,0.25530004501342773,0.006857374295284119,1,1.0
2024-05-07 14:00:00,2024-05-07 15:00:00,long,3726.0,3722.0,-0.6167579993605613,-0.110352120121768,1,0.15
2024-05-16 13:00:00,2024-05-16 14:00:00,long,3696.0,3698.0,0.4374105583190918,0.04931125522175909,1,0.24
2024-05-16 14:00:00,2024-05-16 21:00:00,long,3700.0,3699.0,-1.2735359954833987,-0.043024864712276976,2,0.8
2024-05-16 21:00:00,2024-05-16 23:00:00,long,3701.0,3717.0,4.733238004446029,0.4263026213137016,2,0.3
2024-05-16 23:00:00,2024-05-17 09:00:00,long,3719.0,3714.0,-4.475711975097656,-0.15043398679408632,1,0.8
2024-05-17 09:00:00,2024-05-17 10:00:00,long,3716.0,3714.0,-0.666870002746582,-0.05981969884702028,1,0.3
2024-05-17 10:00:00,2024-05-17 11:00:00,long,3716.0,3707.0,-4.685575008392334,-0.2521838002364012,1,0.5
2024-05-17 11:00:00,2024-05-17 14:00:00,long,3709.0,3716.0,2.0331749993562696,0.18272445397288303,2,0.3
2024-05-17 14:00:00,2024-05-17 22:00:00,long,3718.0,3710.0,-4.185699999332428,-0.2251586874304695,3,0.5
2024-05-17 22:00:00,2024-05-21 15:00:00,long,3712.0,3748.0,5.38321500018239,0.9668130388258602,16,0.15
2024-05-21 22:00:00,2024-05-21 23:00:00,long,3769.0,3786.0,16.244500041007996,0.4310029196340673,1,1.0
2024-05-21 23:00:00,2024-05-22 11:00:00,long,3788.0,3787.0,-0.6893749982118607,-0.03639783517486065,3,0.5
2024-05-22 11:00:00,2024-05-22 13:00:00,long,3789.0,3794.0,1.4317530047893525,0.12595698115504114,1,0.3
2024-05-22 13:00:00,2024-05-22 14:00:00,long,3796.0,3807.0,5.309925004839897,0.27976422575552673,1,0.5
2024-05-22 14:00:00,2024-05-22 15:00:00,long,3809.0,3798.0,-3.368462998867035,-0.2947810447945248,1,0.3
2024-05-22 15:00:00,2024-05-22 22:00:00,long,3800.0,3796.0,-2.1898999959230423,-0.11525789452226538,2,0.5
2024-05-22 22:00:00,2024-05-22 23:00:00,long,3798.0,3787.0,-3.3682649981975556,-0.29561743006824254,1,0.3
2024-05-22 23:00:00,2024-05-23 09:00:00,long,3789.0,3785.0,-2.1893499940633774,-0.11556347289856835,1,0.5
2024-05-23 09:00:00,2024-05-23 10:00:00,long,3787.0,3787.0,-0.06816599786281585,-0.005999999811884153,1,0.3
2024-05-23 10:00:00,2024-05-23 22:00:00,long,3789.0,3781.0,-1.2170324993133546,-0.21413433611566016,6,0.15
2024-05-23 22:00:00,2024-05-23 23:00:00,long,3783.0,3773.0,-5.188899993896484,-0.27432725317983,1,0.5
2024-05-23 23:00:00,2024-05-24 15:00:00,long,3775.0,3788.0,1.932983250617981,0.34136569547337414,6,0.15
2024-05-29 22:00:00,2024-05-29 23:00:00,long,3803.0,3802.0,-0.28380479736328124,-0.031094398869673207,1,0.24
2024-05-29 23:00:00,2024-05-30 09:00:00,long,3804.0,3804.0,-0.4869120025634766,-0.01600000008423622,1,0.8
2024-05-30 09:00:00,2024-05-30 13:00:00,long,3806.0,3739.0,-16.123459198379518,-1.7651361007159219,3,0.24
2024-06-06 14:00:00,2024-06-06 21:00:00,long,3647.0,3664.0,4.037888642120362,0.46132536355456105,2,0.24
2024-06-07 09:00:00,2024-06-07 10:00:00,long,3686.0,3659.0,-27.73449993133545,-0.7524281044854978,1,1.0
2024-06-07 10:00:00,2024-06-07 13:00:00,long,3661.0,3664.0,0.834075003862381,0.07594236582558327,2,0.3
2024-06-07 13:00:00,2024-06-11 10:00:00,long,3666.0,3612.0,-27.181950002908707,-1.4829214404205513,4,0.5
2024-06-11 10:00:00,2024-06-11 13:00:00,short,3612.0,3604.0,5.246416001915931,0.2074994463659204,2,0.7
2024-06-13 14:00:00,2024-06-13 22:00:00,long,3617.0,3637.0,4.758216961669922,0.5481311586109485,3,0.24
2024-06-13 22:00:00,2024-06-13 23:00:00,long,3639.0,3638.0,-1.2657279968261719,-0.0434778784290386,1,0.8
2024-06-13 23:00:00,2024-06-14 09:00:00,long,3640.0,3637.0,-0.9654929995536804,-0.08841510984923813,1,0.3
2024-06-14 09:00:00,2024-06-14 10:00:00,long,3639.0,3634.0,-4.465471954345704,-0.15338939112207006,1,0.8
2024-06-14 10:00:00,2024-06-14 11:00:00,long,3636.0,3644.0,2.3344800013303755,0.21401540166211733,1,0.3
2024-06-14 11:00:00,2024-06-14 13:00:00,long,3646.0,3647.0,0.31767499446868896,0.017425945939039438,1,0.5
2024-06-14 13:00:00,2024-06-14 21:00:00,long,3649.0,3636.0,-3.965565000772476,-0.3622513017970655,3,0.3
2024-06-14 21:00:00,2024-06-17 10:00:00,long,3638.0,3610.0,-4.216307999789715,-0.7726421110114925,4,0.15
2024-06-17 10:00:00,2024-06-17 13:00:00,short,3610.0,3609.0,0.3462690067291259,0.01370277034939161,2,0.7
2024-06-26 14:00:00,2024-06-27 09:00:00,long,3549.0,3552.0,0.6790982402801513,0.07972882505402358,5,0.24
2024-07-01 23:00:00,2024-07-02 09:00:00,long,3570.0,3568.0,-2.7137999534606934,-0.07601680541906704,1,1.0
2024-07-02 09:00:00,2024-07-02 10:00:00,long,3570.0,3566.0,-1.2642239981889725,-0.11804145641353618,1,0.3
2024-07-02 10:00:00,2024-07-02 11:00:00,long,3568.0,3559.0,-4.678175002336502,-0.26222954048971425,1,0.5
2024-07-02 11:00:00,2024-07-02 21:00:00,long,3561.0,3564.0,0.8358750021457673,0.07824347113598869,4,0.3
2024-07-02 21:00:00,2024-07-03 13:00:00,long,3566.0,3587.0,3.1339057508111,0.5858862873081137,6,0.15
2024-07-03 13:00:00,2024-07-03 14:00:00,long,3589.0,3595.0,2.8203999996185303,0.15716912786951964,1,0.5
2024-07-03 14:00:00,2024-07-03 15:00:00,long,3597.0,3614.0,5.035101002454757,0.4666018906917578,1,0.3
2024-07-03 15:00:00,2024-07-03 21:00:00,long,3616.0,3618.0,0.8191500008106232,0.045306969071384026,1,0.5
2024-07-03 21:00:00,2024-07-03 23:00:00,long,3620.0,3615.0,-1.5651150012016295,-0.14411740342556442,2,0.3
2024-07-03 23:00:00,2024-07-04 10:00:00,long,3617.0,3626.0,4.318924993276596,0.23881255146677333,2,0.5
2024-07-04 10:00:00,2024-07-04 11:00:00,long,3628.0,3624.0,-1.265267999768257,-0.11625027561266603,1,0.3
2024-07-04 11:00:00,2024-07-04 23:00:00,long,3626.0,3607.0,-2.86627424955368,-0.5269855211534621,6,0.15
2024-07-04 23:00:00,2024-07-05 09:00:00,long,3609.0,3605.0,-2.1803499907255173,-0.12082848383072968,1,0.5
2024-07-05 09:00:00,2024-07-05 10:00:00,long,3607.0,3599.0,-2.4648540008068083,-0.2277843083639967,1,0.3
2024-07-05 10:00:00,2024-07-05 15:00:00,long,3601.0,3553.0,-7.216096499562263,-1.3359430712880243,4,0.15
2024-07-05 15:00:00,2024-07-08 10:00:00,short,3553.0,3549.0,2.4520020234584807,0.0985887991419115,5,0.7
2024-07-15 09:00:00,2024-07-15 10:00:00,long,3542.0,3570.0,27.28880000114441,0.7704347826410054,1,1.0
2024-07-15 10:00:00,2024-07-15 13:00:00,long,3572.0,3564.0,-4.178399994969368,-0.23395296724352563,2,0.5
2024-07-15 13:00:00,2024-07-15 21:00:00,long,3566.0,3547.0,-5.764017001390457,-0.5387938868377694,3,0.3
2024-07-15 21:00:00,2024-07-16 10:00:00,long,3549.0,3539.0,-1.5159479990601539,-0.28476528581950855,4,0.15
2024-07-16 10:00:00,2024-07-16 11:00:00,short,3539.0,3542.0,-2.446968981027603,-0.09877564207110981,1,0.7
2024-07-30 13:00:00,2024-07-30 14:00:00,long,3330.0,3327.0,-2.8260479736328126,-0.10608288189312359,1,0.8
2024-07-31 11:00:00,2024-07-31 15:00:00,long,3348.0,3326.0,-5.318442240142822,-0.6618929510333063,3,0.24
2024-08-02 13:00:00,2024-08-02 14:00:00,long,3360.0,3363.0,2.3277000188827515,0.06927678627627236,1,1.0
2024-08-02 14:00:00,2024-08-02 15:00:00,long,3365.0,3376.0,5.331475004553795,0.31687815777437117,1,0.5
2024-08-02 15:00:00,2024-08-02 22:00:00,long,3378.0,3371.0,-1.0651852498948573,-0.21022010063052246,2,0.15
2024-08-02 22:00:00,2024-08-02 23:00:00,long,3373.0,3346.0,-13.667975008487701,-0.8104343319589505,1,0.5
2024-08-09 13:00:00,2024-08-09 15:00:00,long,3310.0,3275.0,-8.437929597473143,-1.0621764347272336,2,0.24
2024-08-21 09:00:00,2024-08-21 10:00:00,long,3191.0,3182.0,-9.63730001449585,-0.3020150427607599,1,1.0
2024-08-21 10:00:00,2024-08-21 11:00:00,long,3184.0,3186.0,0.8407500088214874,0.052810930202354736,1,0.5
2024-08-21 11:00:00,2024-08-21 13:00:00,long,3188.0,3208.0,5.94243599653244,0.6213337512058177,1,0.3
2024-08-21 13:00:00,2024-08-21 14:00:00,long,3210.0,3216.0,2.839350014925003,0.17690654298598152,1,0.5
2024-08-21 14:00:00,2024-08-21 15:00:00,long,3218.0,3235.0,5.04192300260067,0.5222625857261932,1,0.3
2024-08-21 15:00:00,2024-08-21 22:00:00,long,3237.0,3222.0,-7.6614750027656555,-0.4733688602264847,2,0.5
2024-08-21 22:00:00,2024-08-21 23:00:00,long,3224.0,3208.0,-4.857888003587723,-0.5022630276662244,1,0.3
2024-08-21 23:00:00,2024-08-23 09:00:00,long,3210.0,3182.0,-4.214381999373436,-0.8752610590599036,10,0.15
2024-08-27 09:00:00,2024-08-27 10:00:00,long,3247.0,3249.0,1.3503999710083008,0.0415891583310225,1,1.0
2024-08-27 10:00:00,2024-08-27 11:00:00,long,3251.0,3247.0,-1.2584820002317427,-0.12903537375492083,1,0.3
2024-08-27 11:00:00,2024-08-27 15:00:00,long,3249.0,3253.0,1.837449997663498,0.113108648671191,3,0.5
2024-08-27 15:00:00,2024-08-27 22:00:00,long,3255.0,3253.0,-0.6585719990730285,-0.06744208899877405,2,0.3
2024-08-27 22:00:00,2024-08-28 11:00:00,long,3255.0,3257.0,0.8372000157833099,0.051440861184842396,4,0.5
2024-08-28 11:00:00,2024-08-28 14:00:00,long,3259.0,3268.0,2.6412570047378536,0.27015004651098024,2,0.3
2024-08-28 14:00:00,2024-08-28 22:00:00,long,3270.0,3266.0,-0.6147059994935989,-0.12532232405577962,3,0.15
2024-08-28 22:00:00,2024-08-29 11:00:00,short,3266.0,3264.0,1.0800300014019013,0.04724127379065267,4,0.7
2024-09-09 23:00:00,2024-09-10 10:00:00,long,3091.0,3078.0,-3.1555334381103517,-0.4253657713402286,2,0.24
2024-09-10 10:00:00,2024-09-10 11:00:00,short,3078.0,3082.0,-3.1018399983644485,-0.1439636126596328,1,0.7
2024-09-11 15:00:00,2024-09-11 21:00:00,long,3135.0,3138.0,2.372700035572052,0.0756842116609905,1,1.0
2024-09-11 21:00:00,2024-09-11 22:00:00,long,3140.0,3142.0,0.5434620058536529,0.057692357309304984,1,0.3
2024-09-11 22:00:00,2024-09-11 23:00:00,long,3144.0,3134.0,-5.156949996948242,-0.328050254258794,1,0.5
2024-09-11 23:00:00,2024-09-12 09:00:00,long,3136.0,3138.0,0.5435340017080307,0.057773597120326384,1,0.3
2024-09-12 09:00:00,2024-09-12 11:00:00,long,3140.0,3149.0,4.3427750170230865,0.276609873695738,2,0.5
2024-09-12 11:00:00,2024-09-12 13:00:00,long,3151.0,3178.0,8.043039000034332,0.8508451285342571,1,0.3
2024-09-12 13:00:00,2024-09-12 23:00:00,long,3180.0,3195.0,7.340625002980232,0.46167452848932283,5,0.5
2024-09-12 23:00:00,2024-09-13 09:00:00,long,3197.0,3197.0,-0.05754600048065185,-0.006000000050114885,1,0.3
2024-09-13 09:00:00,2024-09-13 13:00:00,long,3199.0,3192.0,-3.659774988889694,-0.2288074391303341,3,0.5
2024-09-13 13:00:00,2024-09-13 15:00:00,long,3194.0,3181.0,-3.9573749989271163,-0.41300093914914593,2,0.3
2024-09-13 15:00:00,2024-09-18 10:00:00,long,3183.0,3179.0,-0.6143144989013671,-0.1286657239294936,2,0.15
2024-09-18 10:00:00,2024-09-18 11:00:00,long,3181.0,3169.0,-6.158749997615814,-0.3872209995357318,1,0.5
2024-09-18 11:00:00,2024-09-18 13:00:00,long,3171.0,3154.0,-5.15692499935627,-0.5420923998061883,1,0.3
2024-09-18 13:00:00,2024-09-19 21:00:00,long,3156.0,3209.0,7.935678749978542,1.67631574777747,12,0.15
2024-09-24 14:00:00,2024-09-24 22:00:00,long,3185.0,3244.0,14.122968960571288,1.8475888226807025,3,0.24
2024-09-24 22:00:00,2024-09-25 10:00:00,long,3246.0,3264.0,13.983360023498534,0.5384842892598019,3,0.8
2024-09-25 10:00:00,2024-09-25 13:00:00,long,3266.0,3257.0,-4.663075000047684,-0.28555266381186056,2,0.5
2024-09-25 13:00:00,2024-09-25 15:00:00,long,3259.0,3224.0,-10.558346999287606,-1.0799168455853132,2,0.3
2024-09-25 15:00:00,2024-09-26 09:00:00,long,3226.0,3243.0,8.338275015354156,0.516942034429892,4,0.5
2024-09-26 09:00:00,2024-09-26 11:00:00,long,3245.0,3246.0,0.24158100485801695,0.02481571698592881,2,0.3
2024-09-26 11:00:00,2024-09-26 14:00:00,long,3248.0,3277.0,4.335318750590086,0.8898437501211178,2,0.15
2024-09-26 14:00:00,2024-09-26 15:00:00,long,3279.0,3279.0,-0.05902199864387512,-0.0059999998621404005,1,0.3
2024-09-26 15:00:00,2024-09-27 22:00:00,long,3281.0,3371.0,13.48503300011158,2.740024992403044,11,0.15
2024-09-27 22:00:00,2024-09-30 11:00:00,long,3373.0,3547.0,86.82699999213219,5.148354580025626,4,0.5
2024-09-30 11:00:00,2024-09-30 13:00:00,long,3549.0,3550.0,0.23610899806022642,0.02217610576314703,1,0.3
2024-09-30 13:00:00,2024-09-30 14:00:00,long,3552.0,3550.0,-1.1775499880313873,-0.06630349031708262,1,0.5
2024-09-30 14:00:00,2024-09-30 15:00:00,long,3552.0,3550.0,-0.6639179956912994,-0.062304616712772085,1,0.3
2024-09-30 15:00:00,2024-10-08 11:00:00,long,3552.0,3546.0,-3.1774500012397766,-0.1789104730427802,3,0.5
2024-10-08 11:00:00,2024-10-09 22:00:00,long,3548.0,3440.0,-16.215722999274732,-3.0469227732571835,14,0.15
2024-10-09 22:00:00,2024-10-10 10:00:00,short,3440.0,3464.0,-17.13829600214958,-0.7117232559032218,3,0.7
2024-10-17 15:00:00,2024-10-17 22:00:00,long,3301.0,3318.0,13.176384010314942,0.4989542566765731,2,0.8
2024-10-18 22:00:00,2024-10-18 23:00:00,long,3356.0,3347.0,-2.1986092803955075,-0.2729699642922512,1,0.24
2024-10-21 22:00:00,2024-10-21 23:00:00,long,3357.0,3327.0,-30.66839998960495,-0.9135656833364597,1,1.0
2024-10-21 23:00:00,2024-10-22 09:00:00,long,3329.0,3325.0,-2.1663499921560287,-0.13015019478257908,1,0.5
2024-10-22 09:00:00,2024-10-22 13:00:00,long,3327.0,3326.0,-0.35987700104713444,-0.0360562068978193,3,0.3
2024-10-22 13:00:00,2024-10-22 14:00:00,long,3328.0,3330.0,0.8335500061511993,0.05009314940812496,1,0.5
2024-10-22 14:00:00,2024-10-22 15:00:00,long,3332.0,3343.0,3.239925003647804,0.3241221492244702,1,0.3
2024-10-22 15:00:00,2024-10-23 10:00:00,long,3345.0,3340.0,-0.7650412487983703,-0.15247458869922678,5,0.15
2024-10-23 10:00:00,2024-10-23 15:00:00,short,3340.0,3319.0,14.373709003925322,0.6147865271140001,4,0.7
2024-10-24 22:00:00,2024-10-24 23:00:00,long,3362.0,3359.0,-0.7587129570007325,-0.09403045768896645,1,0.24
2024-10-24 23:00:00,2024-10-25 10:00:00,short,3359.0,3352.0,4.571161019206047,0.194409944252373,2,0.7
2024-10-28 10:00:00,2024-10-28 11:00:00,long,3437.0,3465.0,27.309800028800964,0.794582485563019,1,1.0
2024-10-28 11:00:00,2024-10-28 15:00:00,long,3467.0,3448.0,-9.672874987125397,-0.557996826485457,3,0.5
2024-10-28 15:00:00,2024-10-28 21:00:00,long,3450.0,3449.0,-0.3620909982919693,-0.0349846375161323,1,0.3
2024-10-28 21:00:00,2024-10-28 23:00:00,long,3451.0,3447.0,-2.172449991106987,-0.1259026364014481,2,0.5
2024-10-28 23:00:00,2024-10-29 09:00:00,long,3449.0,3448.0,-0.3620730006694794,-0.03499304152599588,1,0.3
2024-10-29 09:00:00,2024-10-29 10:00:00,long,3450.0,3436.0,-7.1721500009298325,-0.41577681164810626,1,0.5
2024-10-29 10:00:00,2024-10-30 14:00:00,long,3438.0,3420.0,-2.7154304990172387,-0.5265523558303741,12,0.15
2024-10-30 14:00:00,2024-10-30 21:00:00,short,3420.0,3446.0,-18.536433985233305,-0.774287133886103,2,0.7
2024-11-01 22:00:00,2024-11-01 23:00:00,long,3402.0,3365.0,-8.918977919769288,-1.0923694297189506,1,0.24
2024-11-01 23:00:00,2024-11-04 13:00:00,short,3365.0,3400.0,-24.831484981775283,-1.0541916782753253,4,0.7
2024-11-05 14:00:00,2024-11-05 15:00:00,long,3447.0,3434.0,-13.688099980354309,-0.3971018271063043,1,1.0
2024-11-05 15:00:00,2024-11-05 22:00:00,long,3436.0,3425.0,-3.3617490005493162,-0.3261300931848386,2,0.3
2024-11-05 22:00:00,2024-11-06 10:00:00,long,3427.0,3416.0,-5.671075001358986,-0.330964400429471,3,0.5
2024-11-06 10:00:00,2024-11-06 11:00:00,short,3416.0,3391.0,17.166456997990608,0.7179013465201828,1,0.7
2024-11-06 11:00:00,2024-11-06 13:00:00,long,3391.0,3368.0,-5.558931838989258,-0.6830497197224586,1,0.24
2024-11-06 13:00:00,2024-11-06 14:00:00,short,3368.0,3408.0,-28.332023983597754,-1.2017315907532133,1,0.7
2024-11-13 14:00:00,2024-11-13 15:00:00,long,3361.0,3337.0,-5.798580479049682,-0.7188560546277996,1,0.24
2024-11-13 15:00:00,2024-11-13 22:00:00,short,3337.0,3342.0,-3.827270983457565,-0.16384566905507794,2,0.7
2024-11-19 14:00:00,2024-11-19 21:00:00,long,3288.0,3314.0,6.201972480010986,0.785935279806745,2,0.24
2024-11-20 09:00:00,2024-11-20 10:00:00,long,3313.0,3304.0,-9.661700010299683,-0.2916299429610529,1,1.0
2024-11-20 10:00:00,2024-11-20 11:00:00,long,3306.0,3321.0,4.440357000231742,0.44770689657509,1,0.3
2024-11-20 11:00:00,2024-11-20 14:00:00,long,3323.0,3310.0,-6.665824994444847,-0.40119319858229596,2,0.5
2024-11-20 14:00:00,2024-11-20 15:00:00,long,3312.0,3318.0,1.740330001115799,0.17515398561954498,1,0.3
2024-11-20 15:00:00,2024-11-20 22:00:00,long,3320.0,3326.0,0.8850464996695518,0.1777201806565365,2,0.15
2024-11-20 22:00:00,2024-11-21 09:00:00,long,3328.0,3316.0,-6.16609999537468,-0.3705588939528053,2,0.5
2024-11-21 09:00:00,2024-11-21 14:00:00,long,3318.0,3334.0,2.38503300011158,0.4792109704865541,4,0.15
2024-11-21 14:00:00,2024-11-21 15:00:00,long,3336.0,3331.0,-2.6666750013828278,-0.15987260200136857,1,0.5
2024-11-21 15:00:00,2024-11-21 22:00:00,long,3333.0,3331.0,-0.6599759960174559,-0.06600420002174777,2,0.3
2024-11-21 22:00:00,2024-11-21 23:00:00,long,3333.0,3331.0,-1.166599988937378,-0.07000299963620629,1,0.5
2024-11-21 23:00:00,2024-11-22 11:00:00,long,3333.0,3289.0,-6.61489949941635,-1.3231122111043805,3,0.15
2024-11-22 11:00:00,2024-11-22 22:00:00,short,3289.0,3296.0,-5.222664978504181,-0.22684554482492206,5,0.7
2024-11-29 10:00:00,2024-11-29 13:00:00,long,3317.0,3337.0,4.761672958374024,0.5981400058252969,2,0.24
2024-11-29 14:00:00,2024-11-29 15:00:00,long,3338.0,3318.0,-20.665599942207336,-0.6191012565071101,1,1.0
2024-12-02 15:00:00,2024-12-02 21:00:00,long,3335.0,3332.0,-3.666700005531311,-0.10994602715236315,1,1.0
2024-12-02 21:00:00,2024-12-02 22:00:00,long,3334.0,3339.0,3.5729280090332036,0.13395800873699773,1,0.8
2024-12-02 22:00:00,2024-12-02 23:00:00,long,3341.0,3342.0,0.23985300242900848,0.023930260643420978,1,0.3
2024-12-02 23:00:00,2024-12-03 11:00:00,long,3344.0,3335.0,-4.666974991559982,-0.27912529853827645,3,0.5
2024-12-03 11:00:00,2024-12-03 13:00:00,long,3337.0,3338.0,0.23992499828338623,0.023966137077553313,1,0.3
2024-12-03 13:00:00,2024-12-03 14:00:00,long,3340.0,3340.0,-0.16699999570846558,-0.009999999743021891,1,0.5
2024-12-03 14:00:00,2024-12-04 10:00:00,long,3342.0,3342.0,-0.015038999766111373,-0.0029999999533435813,6,0.15
2024-12-04 10:00:00,2024-12-04 11:00:00,long,3344.0,3310.0,-17.16635000705719,-1.0266955745847601,1,0.5
2024-12-04 11:00:00,2024-12-04 14:00:00,long,3312.0,3321.0,1.3350757491588594,0.26873505417851434,2,0.15
2024-12-04 14:00:00,2024-12-04 15:00:00,short,3321.0,3338.0,-12.226290996074678,-0.5259298402406624,1,0.7
2024-12-10 09:00:00,2024-12-10 10:00:00,long,3431.0,3425.0,-6.685599982738495,-0.19485864129229072,1,1.0
2024-12-10 10:00:00,2024-12-10 14:00:00,long,3427.0,3409.0,-5.461524000763893,-0.5312249781892708,3,0.3
2024-12-10 14:00:00,2024-12-10 15:00:00,long,3411.0,3402.0,-4.670324981212616,-0.27383904903034983,1,0.5
2024-12-10 15:00:00,2024-12-10 22:00:00,long,3404.0,3409.0,1.4386830013990404,0.14088161000773994,2,0.3
2024-12-10 22:00:00,2024-12-11 10:00:00,long,3411.0,3417.0,0.8846370014548302,0.17289885692462234,3,0.15
2024-12-11 10:00:00,2024-12-11 13:00:00,long,3419.0,3407.0,-6.170650005340576,-0.36096226998189973,2,0.5
2024-12-11 13:00:00,2024-12-11 15:00:00,long,3409.0,3410.0,0.2386289978027344,0.023333235338098602,2,0.3
2024-12-11 15:00:00,2024-12-11 23:00:00,long,3412.0,3412.0,-0.17059999704360962,-0.009999999826706308,3,0.5
2024-12-11 23:00:00,2024-12-12 09:00:00,long,3414.0,3413.0,-0.36144299805164337,-0.03529027514661622,1,0.3
2024-12-12 09:00:00,2024-12-12 10:00:00,long,3415.0,3417.0,0.8291999995708466,0.048562225450708436,1,0.5
2024-12-12 10:00:00,2024-12-12 14:00:00,long,3419.0,3427.0,1.1845965000987053,0.23098303599467782,3,0.15
2024-12-12 14:00:00,2024-12-12 15:00:00,short,3427.0,3430.0,-2.4359929996728895,-0.10154625035111466,1,0.7
2024-12-12 15:00:00,2024-12-12 22:00:00,long,3430.0,3400.0,-7.239340798187255,-0.8794145770392682,2,0.24
2024-12-12 22:00:00,2024-12-12 23:00:00,short,3400.0,3391.0,5.967240982055664,0.25072441101074217,1,0.7
2024-12-17 11:00:00,2024-12-17 14:00:00,long,3363.0,3368.0,1.161229440307617,0.14387320848295387,2,0.24
2024-12-17 14:00:00,2024-12-17 22:00:00,long,3370.0,3343.0,-22.029631958007812,-0.8171228471071147,3,0.8
2024-12-17 22:00:00,2024-12-17 23:00:00,long,3345.0,3347.0,0.4414540832519531,0.05498929786397024,1,0.24
2024-12-17 23:00:00,2024-12-18 10:00:00,long,3349.0,3343.0,-0.9150569987297057,-0.182155269977049,2,0.15
2024-12-18 10:00:00,2024-12-18 11:00:00,long,3345.0,3334.0,-3.3601109969615934,-0.334839162626965,1,0.3
2024-12-18 11:00:00,2024-12-18 13:00:00,long,3336.0,3344.0,1.184970000386238,0.2368045564321019,1,0.15
2024-12-18 13:00:00,2024-12-18 14:00:00,short,3344.0,3338.0,3.8725819921493527,0.1654383967938035,1,0.7
2024-12-23 21:00:00,2024-12-24 11:00:00,short,3289.0,3297.0,-5.922713986635208,-0.2572520517150332,5,0.7
2024-12-30 10:00:00,2024-12-30 14:00:00,long,3304.0,3313.0,2.1218860794067385,0.2675905568259103,3,0.24
2024-12-30 14:00:00,2024-12-30 15:00:00,short,3313.0,3315.0,-1.7247719776630401,-0.07437247111651245,1,0.7
2025-01-02 09:00:00,2025-01-02 10:00:00,long,3306.0,3314.0,7.338000059127808,0.22196007438378124,1,1.0
2025-01-02 10:00:00,2025-01-02 11:00:00,long,3316.0,3328.0,3.5402040016651153,0.3558709289972975,1,0.3
2025-01-02 11:00:00,2025-01-02 13:00:00,long,3330.0,3317.0,-6.666175007820129,-0.40037087134054833,1,0.5
2025-01-02 13:00:00,2025-01-02 15:00:00,long,3319.0,3306.0,-3.959625002145767,-0.3976724919298752,2,0.3
2025-01-02 15:00:00,2025-01-02 21:00:00,long,3308.0,3304.0,-0.6148769997060298,-0.12391717043652355,1,0.15
2025-01-02 21:00:00,2025-01-02 22:00:00,long,3306.0,3291.0,-7.664924994111061,-0.46369782178530317,1,0.5
2025-01-02 22:00:00,2025-01-03 10:00:00,short,3291.0,3283.0,5.2778739941120145,0.2291042233846427,3,0.7
2025-01-10 22:00:00,2025-01-13 10:00:00,long,3217.0,3250.0,7.882750078582763,1.020975815794058,3,0.24
2025-01-13 10:00:00,2025-01-13 13:00:00,long,3252.0,3243.0,-7.615680007934571,-0.2927306276112612,2,0.8
2025-01-13 13:00:00,2025-01-13 14:00:00,long,3245.0,3246.0,0.24158100485801695,0.02481571698592881,1,0.3
2025-01-13 14:00:00,2025-01-13 15:00:00,long,3248.0,3249.0,0.3375750035047531,0.020786638146844404,1,0.5
2025-01-13 15:00:00,2025-01-14 10:00:00,long,3251.0,3264.0,3.841365001201629,0.39386496474947497,5,0.3
2025-01-14 10:00:00,2025-01-14 14:00:00,long,3266.0,3289.0,11.336125016212463,0.6941901418378729,3,0.5
2025-01-14 14:00:00,2025-01-14 15:00:00,long,3291.0,3282.0,-2.7591569995880123,-0.27946490424268333,1,0.3
2025-01-14 15:00:00,2025-01-14 22:00:00,long,3284.0,3280.0,-2.1640999913215637,-0.13179658899644114,2,0.5
2025-01-14 22:00:00,2025-01-15 09:00:00,long,3282.0,3279.0,-0.9590489977598189,-0.09740493578710328,2,0.3
2025-01-15 09:00:00,2025-01-15 10:00:00,long,3281.0,3285.0,1.8358500003814697,0.11190795491505454,1,0.5
2025-01-15 10:00:00,2025-01-16 10:00:00,long,3287.0,3300.0,1.9351792502403258,0.39249148164290154,9,0.15
2025-01-16 10:00:00,2025-01-16 11:00:00,long,3302.0,3298.0,-2.1649999916553497,-0.13113264637524832,1,0.5
2025-01-16 11:00:00,2025-01-16 13:00:00,long,3300.0,3297.0,-0.959372997879982,-0.0969063634222204,1,0.3
2025-01-16 13:00:00,2025-01-16 14:00:00,long,3299.0,3306.0,3.334875002503395,0.20217490163706547,1,0.5
2025-01-16 14:00:00,2025-01-16 15:00:00,long,3308.0,3321.0,3.8403390026092525,0.3869749095736853,1,0.3
2025-01-16 15:00:00,2025-01-16 21:00:00,long,3323.0,3329.0,2.8337000012397766,0.17055070726691401,1,0.5
2025-01-16 21:00:00,2025-01-16 23:00:00,long,3331.0,3323.0,-2.45988599717617,-0.24616091235626641,2,0.3
2025-01-16 23:00:00,2025-01-17 10:00:00,long,3325.0,3333.0,1.185019500553608,0.23759789484784122,2,0.15
2025-01-17 10:00:00,2025-01-17 15:00:00,long,3335.0,3371.0,17.832350000739098,1.069406296895898,4,0.5
2025-01-17 15:00:00,2025-01-17 21:00:00,long,3373.0,3370.0,-0.9606869959831237,-0.09493892637445635,1,0.3
2025-01-17 21:00:00,2025-01-17 22:00:00,long,3372.0,3364.0,-4.16839998960495,-0.24723606106790927,1,0.5
2025-01-17 22:00:00,2025-01-17 23:00:00,long,3366.0,3388.0,6.5392139983177175,0.6475751632320973,1,0.3
2025-01-17 23:00:00,2025-01-20 10:00:00,long,3390.0,3359.0,-15.668724983930588,-0.9244085536242236,2,0.5
2025-01-20 10:00:00,2025-01-21 22:00:00,long,3361.0,3330.0,-4.665054749697447,-0.925330705087265,15,0.15
2025-01-21 22:00:00,2025-01-22 10:00:00,short,3330.0,3329.0,0.37370900392532347,0.01603213230052868,3,0.7
2025-02-07 23:00:00,2025-02-10 09:00:00,long,3370.0,3362.0,-8.673200011253357,-0.2573649854971322,1,1.0
2025-02-10 09:00:00,2025-02-10 10:00:00,long,3364.0,3343.0,-6.36036299586296,-0.6302381089836465,1,0.3
2025-02-10 10:00:00,2025-02-10 11:00:00,long,3345.0,3317.0,-4.214989499598741,-0.8400576979768294,1,0.15
2025-02-10 11:00:00,2025-02-10 14:00:00,short,3317.0,3316.0,0.3749830108880997,0.01614983465644945,2,0.7
2025-02-17 15:00:00,2025-02-17 23:00:00,long,3293.0,3285.0,-1.9578892776489256,-0.2477337379351308,3,0.24
2025-02-18 14:00:00,2025-02-18 15:00:00,long,3317.0,3314.0,-3.663100004196167,-0.11043412734989952,1,1.0
2025-02-18 15:00:00,2025-02-18 22:00:00,long,3316.0,3309.0,-2.159624996781349,-0.21709137482723656,2,0.3
2025-02-18 22:00:00,2025-02-19 09:00:00,long,3311.0,3313.0,0.8343999981880188,0.05040169122247169,2,0.5
2025-02-19 09:00:00,2025-02-19 10:00:00,long,3315.0,3325.0,2.9402400022745128,0.2956500756434905,1,0.3
2025-02-19 10:00:00,2025-02-19 11:00:00,long,3327.0,3322.0,-2.6662249863147736,-0.16027802743100533,1,0.5
2025-02-19 11:00:00,2025-02-19 15:00:00,long,3324.0,3316.0,-2.4597599977254867,-0.2466666664385767,3,0.3
2025-02-19 15:00:00,2025-02-19 21:00:00,long,3318.0,3310.0,-4.165699988603592,-0.25109704572655767,1,0.5
2025-02-19 21:00:00,2025-02-19 22:00:00,long,3312.0,3323.0,3.240285004377365,0.32611564053717446,1,0.3
2025-02-19 22:00:00,2025-02-19 23:00:00,long,3325.0,3323.0,-1.1661999821662903,-0.07014736734834828,1,0.5
2025-02-19 23:00:00,2025-02-20 15:00:00,long,3325.0,3356.0,4.6349677500128745,0.9293168421078446,6,0.15
2025-02-20 15:00:00,2025-02-20 21:00:00,long,3358.0,3357.0,-0.6678749918937683,-0.03977814126824111,1,0.5
2025-02-20 21:00:00,2025-02-20 22:00:00,long,3359.0,3368.0,2.639457006454468,0.2619288485119051,1,0.3
2025-02-20 22:00:00,2025-02-20 23:00:00,long,3370.0,3368.0,-0.3151604998111725,-0.06234629076383234,1,0.15
2025-02-20 23:00:00,2025-02-21 11:00:00,long,3370.0,3366.0,-2.16839998960495,-0.12868842668278635,3,0.5
2025-02-21 11:00:00,2025-02-21 14:00:00,long,3368.0,3359.0,-2.760542993545532,-0.273212885346945,2,0.3
2025-02-21 14:00:00,2025-02-24 14:00:00,long,3361.0,3330.0,-4.665054749697447,-0.925330705087265,9,0.15
2025-02-26 14:00:00,2025-02-27 09:00:00,long,3343.0,3343.0,-0.03851135787963867,-0.004799999735721242,5,0.24
2025-02-28 10:00:00,2025-02-28 11:00:00,long,3312.0,3306.0,-6.661800026893616,-0.2011413051598314,1,1.0
2025-02-28 11:00:00,2025-02-28 14:00:00,long,3308.0,3322.0,4.140330001115799,0.4172037486009471,2,0.3
2025-02-28 14:00:00,2025-02-28 15:00:00,long,3324.0,3323.0,-0.6661749929189682,-0.040082731222561264,1,0.5
2025-02-28 15:00:00,2025-02-28 21:00:00,long,3325.0,3319.0,-0.9149489995837211,-0.18344842096916716,1,0.15
2025-02-28 21:00:00,2025-02-28 22:00:00,short,3319.0,3320.0,-1.0253110086917876,-0.044131666538621266,1,0.7
2025-03-06 14:00:00,2025-03-06 15:00:00,long,3264.0,3279.0,3.562312321472168,0.454747794305577,1,0.24
2025-03-13 22:00:00,2025-03-13 23:00:00,long,3251.0,3246.0,-5.6496999859809875,-0.173783450814549,1,1.0
2025-03-13 23:00:00,2025-03-14 11:00:00,long,3248.0,3258.0,2.941446003913879,0.30187253734748354,3,0.3
2025-03-14 11:00:00,2025-03-14 15:00:00,long,3260.0,3266.0,0.8853165002167224,0.18104631906272442,3,0.15
2025-03-14 15:00:00,2025-03-14 21:00:00,long,3268.0,3267.0,-0.6633749902248383,-0.04059822461596317,1,0.5
2025-03-14 21:00:00,2025-03-17 10:00:00,long,3269.0,3225.0,-6.614611499905586,-1.348957173428283,4,0.15
2025-03-17 10:00:00,2025-03-17 21:00:00,short,3225.0,3216.0,5.984391024112701,0.26508930339369663,5,0.7
2025-03-24 10:00:00,2025-03-24 14:00:00,long,3187.0,3203.0,3.803193603515625,0.4972274871242057,3,0.24
2025-03-24 14:00:00,2025-03-24 21:00:00,long,3205.0,3203.0,-2.010111999511719,-0.07839750388111227,2,0.8
2025-03-24 21:00:00,2025-03-24 22:00:00,long,3205.0,3207.0,0.4430668830871582,0.057600998841284216,1,0.24
2025-03-25 10:00:00,2025-03-25 11:00:00,long,3204.0,3186.0,-18.63899999856949,-0.5817415729890603,1,1.0
2025-03-25 11:00:00,2025-03-25 13:00:00,long,3188.0,3215.0,8.042372996807098,0.840900564283469,1,0.3
2025-03-25 13:00:00,2025-03-25 14:00:00,long,3217.0,3218.0,0.33912500739097595,0.02108330788877687,1,0.5
2025-03-25 14:00:00,2025-03-25 21:00:00,long,3220.0,3219.0,-0.16448774948716163,-0.03405543467643098,2,0.15
2025-03-25 21:00:00,2025-03-25 22:00:00,long,3221.0,3215.0,-3.1608999967575073,-0.1962682394757844,1,0.5
2025-03-25 22:00:00,2025-03-25 23:00:00,long,3217.0,3218.0,0.24208500266075134,0.02508392940221234,1,0.3
2025-03-25 23:00:00,2025-03-26 11:00:00,long,3220.0,3215.0,-2.660874992609024,-0.16527173867136793,3,0.5
2025-03-26 11:00:00,2025-03-26 14:00:00,long,3217.0,3213.0,-1.2578700006008148,-0.13033571656831572,2,0.3
2025-03-26 14:00:00,2025-03-27 09:00:00,long,3215.0,3214.0,-0.1644652497768402,-0.03410373245761331,5,0.15
2025-03-28 09:00:00,2025-03-28 10:00:00,long,3190.0,3186.0,-3.608064002990723,-0.1413818182990095,1,0.8
2025-03-28 10:00:00,2025-03-28 11:00:00,long,3188.0,3186.0,-0.6573660027980804,-0.06873337544940197,1,0.3
2025-04-17 14:00:00,2025-04-17 15:00:00,long,3112.0,3092.0,-4.835735037231445,-0.6474580973156927,1,0.24
2025-04-21 09:00:00,2025-04-21 10:00:00,long,3091.0,3105.0,13.380400002002716,0.43288256234237193,1,1.0
2025-04-21 10:00:00,2025-04-21 11:00:00,long,3107.0,3105.0,-1.1552999913692474,-0.07436755657349517,1,0.5
2025-04-21 11:00:00,2025-04-21 13:00:00,long,3107.0,3110.0,0.844047001004219,0.0905532669246024,1,0.3
2025-04-21 13:00:00,2025-04-21 14:00:00,long,3112.0,3114.0,0.8443500101566315,0.05426413947022053,1,0.5
2025-04-21 14:00:00,2025-04-21 22:00:00,long,3116.0,3108.0,-2.4560159987211225,-0.26273170718026556,3,0.3
2025-04-21 22:00:00,2025-04-22 10:00:00,long,3110.0,3096.0,-7.15514999628067,-0.4601382634264096,3,0.5
2025-04-22 10:00:00,2025-04-22 11:00:00,long,3098.0,3094.0,-1.2557279992103576,-0.13511168487307484,1,0.3
2025-04-22 11:00:00,2025-04-22 13:00:00,long,3096.0,3094.0,-1.1547499895095825,-0.07459625255229861,1,0.5
2025-04-22 13:00:00,2025-04-23 15:00:00,long,3096.0,3135.0,5.835980250388383,1.2566710272154142,11,0.15
2025-04-23 15:00:00,2025-04-23 21:00:00,long,3137.0,3137.0,-0.15684999525547028,-0.009999999697511653,1,0.5
2025-04-23 21:00:00,2025-04-24 09:00:00,long,3139.0,3128.0,-3.3564029985666277,-0.3564195602173333,3,0.3
2025-04-24 09:00:00,2025-04-24 10:00:00,long,3130.0,3123.0,-3.6563249975442886,-0.233630990258421,1,0.5
2025-04-24 10:00:00,2025-04-24 21:00:00,long,3125.0,3113.0,-1.8140354995429515,-0.3869942399024964,5,0.15
2025-04-25 11:00:00,2025-04-25 13:00:00,long,3123.0,3122.0,-1.6244999766349792,-0.05201729031812293,1,1.0
2025-04-25 13:00:00,2025-04-25 14:00:00,long,3124.0,3106.0,-9.15574999153614,-0.58615556924047,1,0.5
2025-04-25 14:00:00,2025-04-25 15:00:00,long,3108.0,3103.0,-0.7639747488498688,-0.16387274750104436,1,0.15
2025-04-25 15:00:00,2025-04-25 21:00:00,short,3103.0,3107.0,-3.1042899960279464,-0.14291653220514464,1,0.7
2025-04-25 22:00:00,2025-04-25 23:00:00,long,3142.0,3161.0,14.79660800933838,0.5886619990984397,1,0.8
2025-05-06 22:00:00,2025-05-07 10:00:00,long,3111.0,3105.0,-1.4758041618347166,-0.1976594023672341,3,0.24
2025-05-07 10:00:00,2025-05-07 11:00:00,long,3107.0,3097.0,-8.39705596923828,-0.3378281287913695,1,0.8
2025-05-07 11:00:00,2025-05-07 14:00:00,long,3099.0,3089.0,-3.05569199860096,-0.328675056319346,2,0.3
2025-05-07 14:00:00,2025-05-07 22:00:00,long,3091.0,3090.0,-0.6545249968767166,-0.04235037184579208,3,0.5
2025-05-07 22:00:00,2025-05-07 23:00:00,long,3092.0,3092.0,-0.05565599799156189,-0.005999999783480152,1,0.3
2025-05-07 23:00:00,2025-05-08 10:00:00,long,3094.0,3092.0,-1.1546500027179718,-0.07463800922546683,2,0.5
2025-05-08 10:00:00,2025-05-08 14:00:00,long,3094.0,3056.0,-5.713837500214577,-1.2311651584172758,3,0.15
2025-05-08 14:00:00,2025-05-08 23:00:00,short,3056.0,3034.0,15.101590015888213,0.7059456813709898,4,0.7
2025-05-12 14:00:00,2025-05-12 22:00:00,long,3075.0,3091.0,3.8044838378906247,0.5155127151613312,3,0.24
2025-05-12 22:00:00,2025-05-12 23:00:00,long,3093.0,3090.0,-2.7957119750976567,-0.11298545001202943,1,0.8
2025-05-12 23:00:00,2025-05-13 10:00:00,long,3092.0,3083.0,-2.1955679969787596,-0.295866752503606,2,0.24
2025-05-13 10:00:00,2025-05-13 13:00:00,long,3085.0,3082.0,-1.6541749984025955,-0.10723987023679711,2,0.5
2025-05-13 13:00:00,2025-05-13 21:00:00,long,3084.0,3083.0,-0.35550299942493435,-0.03842444870567816,3,0.3
2025-05-13 21:00:00,2025-05-13 22:00:00,long,3085.0,3075.0,-5.153999999165535,-0.33413290108042365,1,0.5
2025-05-13 22:00:00,2025-05-13 23:00:00,long,3077.0,3099.0,3.2861040008068083,0.7119714008897863,1,0.15
2025-05-13 23:00:00,2025-05-14 09:00:00,long,3101.0,3104.0,1.344875007867813,0.0867381494916358,1,0.5
2025-05-14 09:00:00,2025-05-14 10:00:00,long,3106.0,3111.0,1.444047001004219,0.15497392155014156,1,0.3
2025-05-14 10:00:00,2025-05-14 11:00:00,long,3113.0,3115.0,0.8443000018596649,0.05424349514035752,1,0.5
2025-05-14 11:00:00,2025-05-14 14:00:00,long,3117.0,3125.0,1.1859555003046989,0.2536531922371295,2,0.15
2025-05-14 14:00:00,2025-05-14 15:00:00,long,3127.0,3124.0,-0.9562590014934539,-0.10193572129767124,1,0.3
2025-05-14 15:00:00,2025-05-14 21:00:00,long,3126.0,3125.0,-0.6562750041484833,-0.04198816405300597,1,0.5
2025-05-14 21:00:00,2025-05-14 23:00:00,long,3127.0,3118.0,-2.756205003261566,-0.29380716376309196,2,0.3
2025-05-14 23:00:00,2025-05-15 22:00:00,long,3120.0,3107.0,-1.9640107494592667,-0.41966041655112535,8,0.15
2025-05-15 22:00:00,2025-05-16 11:00:00,long,3109.0,3102.0,-3.6552750021219254,-0.23514152474248476,4,0.5
2025-05-16 11:00:00,2025-05-16 14:00:00,long,3104.0,3086.0,-2.713927499055862,-0.5828882085601079,2,0.15
2025-05-29 15:00:00,2025-05-29 23:00:00,long,2979.0,2971.0,-1.9542719982147214,-0.2733400467459329,3,0.24
2025-06-04 22:00:00,2025-06-05 10:00:00,long,2972.0,2960.0,-2.9141683181762694,-0.40855881535669997,3,0.24
2025-06-06 09:00:00,2025-06-06 10:00:00,long,2991.0,2981.0,-10.597199976444244,-0.354302907938624,1,1.0
2025-06-06 10:00:00,2025-06-06 14:00:00,long,2983.0,2983.0,-0.053693999648094175,-0.00599999996067652,3,0.3
2025-06-06 14:00:00,2025-06-06 15:00:00,long,2985.0,2975.0,-5.148999989032745,-0.3449916240557953,1,0.5
2025-06-06 15:00:00,2025-06-06 21:00:00,long,2977.0,2974.0,-0.9535589987039566,-0.10676956653274622,1,0.3
2025-06-06 21:00:00,2025-06-06 22:00:00,long,2976.0,2979.0,1.3511250019073486,0.09080141141850462,1,0.5
2025-06-06 22:00:00,2025-06-09 15:00:00,long,2981.0,2980.0,-0.16341224938631058,-0.03654528667925989,7,0.15
2025-06-09 21:00:00,2025-06-09 22:00:00,long,2984.0,2966.0,-18.594999969005585,-0.6231568354224392,1,1.0
2025-06-09 22:00:00,2025-06-10 09:00:00,long,2968.0,2965.0,-0.9533969986438751,-0.10707513461858437,2,0.3
2025-06-10 09:00:00,2025-06-10 10:00:00,long,2967.0,2974.0,3.3514750003814697,0.2259167509525763,1,0.5
2025-06-10 10:00:00,2025-06-10 14:00:00,short,2974.0,2975.0,-0.9915010058879852,-0.04762710182956985,3,0.7
2025-06-10 21:00:00,2025-06-10 22:00:00,short,2973.0,2982.0,-6.591794996261597,-0.3167457112229877,1,0.7
2025-06-19 21:00:00,2025-06-19 22:00:00,long,2991.0,2986.0,-5.597699999809265,-0.18715145435671232,1,1.0
2025-06-19 22:00:00,2025-06-19 23:00:00,long,2988.0,2990.0,0.8505499958992004,0.05693105728910311,1,0.5
2025-06-19 23:00:00,2025-06-20 09:00:00,long,2992.0,2986.0,-1.8538020014762877,-0.2065287434799786,1,0.3
2025-06-20 09:00:00,2025-06-20 13:00:00,long,2988.0,2991.0,1.3505250066518784,0.09039658679062104,3,0.5
2025-06-20 13:00:00,2025-06-20 15:00:00,long,2993.0,2991.0,-0.6538559997081755,-0.07282058132399773,2,0.3
2025-06-20 15:00:00,2025-06-20 21:00:00,long,2993.0,2990.0,-1.6495749950408936,-0.11022886702578641,1,0.5
2025-06-20 21:00:00,2025-06-23 13:00:00,long,2992.0,2988.0,-0.6134549997746944,-0.13668783417439717,6,0.15
2025-06-23 22:00:00,2025-06-23 23:00:00,long,2999.0,3003.0,3.3998000025749207,0.11336445490413208,1,1.0
2025-06-23 23:00:00,2025-06-24 10:00:00,long,3005.0,2981.0,-12.149650007486343,-0.8086289522453473,2,0.5
2025-06-24 10:00:00,2025-06-24 15:00:00,short,2981.0,2979.0,1.107960021495819,0.053096277447444246,4,0.7
2025-06-24 21:00:00,2025-06-24 22:00:00,short,2975.0,2968.0,4.608793013691902,0.2213105888927684,1,0.7
2025-06-26 23:00:00,2025-06-27 15:00:00,long,2989.0,2993.0,0.9255436820983886,0.12902080992784495,6,0.24
2025-06-27 15:00:00,2025-06-27 21:00:00,long,2995.0,2997.0,0.28651799976825715,0.06377696155108674,1,0.15
2025-06-27 22:00:00,2025-06-27 23:00:00,long,3019.0,3019.0,-0.6037999987602234,-0.019999999958934197,1,1.0
2025-06-27 23:00:00,2025-06-30 10:00:00,long,3021.0,3000.0,-10.650525003671646,-0.7050993051090133,2,0.5
2025-06-30 10:00:00,2025-06-30 13:00:00,long,3002.0,3003.0,0.24595500111579893,0.027310126706173544,2,0.3
2025-06-30 13:00:00,2025-06-30 14:00:00,long,3005.0,3005.0,-0.15025000274181366,-0.010000000182483438,1,0.5
2025-06-30 14:00:00,2025-06-30 21:00:00,long,3007.0,2992.0,-4.553991000652313,-0.5048210842093241,2,0.3
2025-06-30 21:00:00,2025-06-30 22:00:00,long,2994.0,2987.0,-3.649525001645088,-0.24378924526687296,1,0.5
2025-06-30 22:00:00,2025-07-01 11:00:00,long,2989.0,2980.0,-1.3634302496910096,-0.3040995315470078,4,0.15
2025-07-01 13:00:00,2025-07-01 14:00:00,long,2989.0,2987.0,-0.5144217590332031,-0.07171040468289326,1,0.24
2025-07-02 15:00:00,2025-07-02 21:00:00,long,3065.0,3074.0,8.386100053787231,0.27360848462601084,1,1.0
2025-07-02 21:00:00,2025-07-03 10:00:00,long,3076.0,3054.0,-11.153249993920326,-0.725178803245795,4,0.5
2025-07-03 10:00:00,2025-07-03 14:00:00,long,3056.0,3066.0,2.9449019980430604,0.3212153139226724,3,0.3
2025-07-03 14:00:00,2025-07-03 21:00:00,long,3068.0,3072.0,1.8465000092983246,0.12037157818111632,2,0.5
2025-07-03 21:00:00,2025-07-03 22:00:00,long,3074.0,3084.0,2.9445779979228974,0.3192992840948707,1,0.3
2025-07-03 22:00:00,2025-07-03 23:00:00,long,3086.0,3085.0,-0.6542750000953674,-0.04240278678518259,1,0.5
2025-07-03 23:00:00,2025-07-04 11:00:00,long,3087.0,3084.0,-0.9555390000343322,-0.1031788143866032,3,0.3
2025-07-04 11:00:00,2025-07-04 13:00:00,long,3086.0,3087.0,0.3456750065088272,0.022402787200831317,1,0.5
2025-07-04 13:00:00,2025-07-04 14:00:00,long,3089.0,3078.0,-3.355502999424934,-0.3620916153474624,1,0.3
2025-07-04 14:00:00,2025-07-07 22:00:00,long,3080.0,3061.0,-2.863817249536514,-0.619873863536042,12,0.15
2025-07-10 09:00:00,2025-07-10 10:00:00,long,3089.0,3090.0,0.382099986076355,0.012369698480943834,1,1.0
2025-07-10 10:00:00,2025-07-10 13:00:00,long,3092.0,3103.0,8.403520011901856,0.3397283316583868,2,0.8
2025-07-10 13:00:00,2025-07-10 14:00:00,long,3105.0,3112.0,2.044047001004219,0.21943607096126883,1,0.3
2025-07-10 14:00:00,2025-07-10 21:00:00,long,3114.0,3115.0,0.34427499771118164,0.022111432094488223,2,0.5
2025-07-10 21:00:00,2025-07-10 23:00:00,long,3117.0,3140.0,6.843687000274659,0.7318668591888203,2,0.3
2025-07-10 23:00:00,2025-07-11 09:00:00,long,3142.0,3139.0,-1.6570249944925308,-0.10547581123440679,1,0.5
2025-07-11 09:00:00,2025-07-11 11:00:00,long,3141.0,3138.0,-0.9565110003948212,-0.1015081184755196,2,0.3
2025-07-11 11:00:00,2025-07-11 13:00:00,long,3140.0,3135.0,-2.6568749845027924,-0.16922770601928613,1,0.5
2025-07-11 13:00:00,2025-07-11 14:00:00,long,3137.0,3137.0,-0.0564659982919693,-0.005999999818506992,1,0.3
2025-07-11 14:00:00,2025-07-11 15:00:00,long,3139.0,3132.0,-3.6567749977111816,-0.23298980552476467,1,0.5
2025-07-11 15:00:00,2025-07-11 21:00:00,long,3134.0,3132.0,-0.31409850060939787,-0.06681525220365836,1,0.15
2025-07-11 21:00:00,2025-07-11 22:00:00,long,3134.0,3123.0,-5.6564249992370605,-0.36097160173816595,1,0.5
2025-07-11 22:00:00,2025-07-14 23:00:00,long,3125.0,3128.0,0.43593075022101396,0.09299856004714965,10,0.15
2025-07-14 23:00:00,2025-07-15 10:00:00,short,3128.0,3136.0,-5.906935997009277,-0.2697723783800364,2,0.7
2025-07-16 22:00:00,2025-07-16 23:00:00,long,3133.0,3127.0,-1.4760575992584228,-0.19630513874593344,1,0.24
2025-07-18 10:00:00,2025-07-18 11:00:00,long,3168.0,3160.0,-8.632799983024597,-0.27249999946416026,1,1.0
2025-07-18 11:00:00,2025-07-18 21:00:00,long,3162.0,3158.0,-1.256879997253418,-0.13249841843278704,4,0.3
2025-07-18 21:00:00,2025-07-21 11:00:00,long,3160.0,3216.0,27.84060001373291,1.762063292008412,5,0.5
2025-07-21 11:00:00,2025-07-21 14:00:00,long,3218.0,3218.0,-0.05792399883270263,-0.005999999879086662,2,0.3
2025-07-21 14:00:00,2025-07-21 15:00:00,long,3220.0,3221.0,0.3389750123023987,0.0210543485902111,1,0.5
2025-07-21 15:00:00,2025-07-21 21:00:00,long,3223.0,3223.0,-0.058013997673988335,-0.005999999759436171,1,0.3
2025-07-21 21:00:00,2025-07-21 22:00:00,long,3225.0,3216.0,-4.661024987697601,-0.2890558131905489,1,0.5
2025-07-21 22:00:00,2025-07-22 10:00:00,long,3218.0,3223.0,1.4420310044288633,0.14937134912252573,3,0.3
2025-07-22 10:00:00,2025-07-22 15:00:00,long,3225.0,3307.0,12.28530300065875,2.539597519516021,4,0.15
2025-07-22 15:00:00,2025-07-22 21:00:00,long,3309.0,3319.0,2.940348004102707,0.296197038793463,1,0.3
2025-07-22 21:00:00,2025-07-22 23:00:00,long,3321.0,3303.0,-9.165600001811981,-0.5519783198923205,2,0.5
2025-07-22 23:00:00,2025-07-23 11:00:00,long,3305.0,3254.0,-15.359031000137328,-1.5490701966855602,3,0.3
2025-07-23 11:00:00,2025-07-24 14:00:00,long,3256.0,3290.0,5.085271499454975,1.041210380723787,11,0.15
2025-07-24 14:00:00,2025-07-24 22:00:00,long,3292.0,3306.0,6.835050001740456,0.41525212647268867,3,0.5
2025-07-24 22:00:00,2025-07-24 23:00:00,long,3308.0,3307.0,-0.35953499794006344,-0.03622883897017971,1,0.3
2025-07-24 23:00:00,2025-07-25 10:00:00,long,3309.0,3305.0,-2.165349990129471,-0.13087639710664678,2,0.5
2025-07-25 10:00:00,2025-07-25 15:00:00,long,3307.0,3350.0,6.435021750926972,1.2972526460895015,4,0.15
2025-07-25 15:00:00,2025-07-25 22:00:00,long,3352.0,3324.0,-14.166899994015694,-0.8452804292372132,2,0.5
2025-07-25 22:00:00,2025-07-28 11:00:00,long,3326.0,3273.0,-7.964847748875618,-1.596481809756588,4,0.15
2025-08-05 15:00:00,2025-08-05 22:00:00,long,3234.0,3220.0,-3.3971750392913815,-0.4376900431987453,2,0.24
2025-08-06 13:00:00,2025-08-06 14:00:00,long,3244.0,3238.0,-6.64819997549057,-0.20493834696333446,1,1.0
2025-08-06 14:00:00,2025-08-06 15:00:00,long,3240.0,3233.0,-3.6618250012397766,-0.226038580323443,1,0.5
2025-08-06 15:00:00,2025-08-06 21:00:00,long,3235.0,3233.0,-0.6582119983434677,-0.06782194727907961,1,0.3
2025-08-06 21:00:00,2025-08-06 23:00:00,long,3235.0,3233.0,-1.1616999953985214,-0.07182071068924398,2,0.5
2025-08-06 23:00:00,2025-08-07 09:00:00,long,3235.0,3232.0,-0.9582029968500136,-0.09873292085007869,1,0.3
2025-08-07 09:00:00,2025-08-07 10:00:00,long,3234.0,3221.0,-6.661374986171722,-0.41195887360369343,1,0.5
2025-08-07 10:00:00,2025-08-07 11:00:00,long,3223.0,3230.0,2.04192300260067,0.21118243899065775,1,0.3
2025-08-07 11:00:00,2025-08-08 15:00:00,long,3232.0,3214.0,-2.714503499418497,-0.5599223389889639,12,0.15
2025-08-12 21:00:00,2025-08-12 22:00:00,long,3261.0,3254.0,-7.65149998664856,-0.23463661412599077,1,1.0
2025-08-12 22:00:00,2025-08-12 23:00:00,long,3256.0,3252.0,-2.1626999974250793,-0.13284398018581567,1,0.5
2025-08-12 23:00:00,2025-08-13 09:00:00,long,3254.0,3252.0,-0.6585539960861205,-0.06746097071154687,1,0.3
2025-08-13 09:00:00,2025-08-13 11:00:00,long,3254.0,3241.0,-6.6623750030994415,-0.409488322255651,2,0.5
2025-08-13 11:00:00,2025-08-13 14:00:00,long,3243.0,3237.0,-1.8583200001716613,-0.19100832564206613,2,0.3
2025-08-13 14:00:00,2025-08-13 15:00:00,long,3239.0,3222.0,-2.564537249654532,-0.5278454769279678,1,0.15
2025-08-13 15:00:00,2025-08-13 23:00:00,short,3222.0,3217.0,3.184488981962204,0.1411939780953358,3,0.7
2025-08-14 10:00:00,2025-08-14 11:00:00,short,3210.0,3207.0,1.785567014813423,0.07946448664056179,1,0.7
2025-08-28 14:00:00,2025-08-28 23:00:00,long,3126.0,3109.0,-4.115913599395752,-0.5486129237838228,4,0.24
2025-09-03 14:00:00,2025-09-03 15:00:00,short,3108.0,3105.0,1.7955630087852479,0.08253185368566134,1,0.7
2025-09-05 22:00:00,2025-09-05 23:00:00,long,3129.0,3119.0,-10.624799966812134,-0.3395589634647534,1,1.0
2025-09-05 23:00:00,2025-09-08 09:00:00,long,3121.0,3117.0,-1.2561419981718063,-0.13416020486722272,1,0.3
2025-09-08 09:00:00,2025-09-08 10:00:00,long,3119.0,3109.0,-8.398591995239258,-0.3365899324799318,1,0.8
2025-09-12 13:00:00,2025-09-12 15:00:00,long,3135.0,3128.0,-1.7160748786926268,-0.22808012741794614,2,0.24
2025-09-16 11:00:00,2025-09-16 13:00:00,long,3164.0,3162.0,-2.632599949836731,-0.08320480246007368,1,1.0
2025-09-16 13:00:00,2025-09-16 14:00:00,long,3164.0,3167.0,0.8430210024118423,0.08881384349050171,1,0.3
2025-09-16 14:00:00,2025-09-16 15:00:00,long,3169.0,3166.0,-1.6583749949932098,-0.10466235373892141,1,0.5
2025-09-16 15:00:00,2025-09-16 21:00:00,long,3168.0,3167.0,-0.35701499819755556,-0.037564709406308454,1,0.3
2025-09-16 21:00:00,2025-09-16 22:00:00,long,3169.0,3151.0,-2.7142199993133542,-0.5709940042733469,1,0.15
2025-09-16 22:00:00,2025-09-17 09:00:00,short,3151.0,3152.0,-1.0088469928503037,-0.04573817803193107,2,0.7
2025-09-22 21:00:00,2025-09-22 22:00:00,long,3183.0,3172.0,-11.635499954223633,-0.36555136519709813,1,1.0
2025-09-22 22:00:00,2025-09-22 23:00:00,long,3174.0,3169.0,-1.5570869994163514,-0.16352520472761514,1,0.3
2025-09-22 23:00:00,2025-09-23 09:00:00,long,3171.0,3169.0,-1.1584999859333038,-0.07306843178387283,1,0.5
2025-09-23 09:00:00,2025-09-23 10:00:00,long,3171.0,3173.0,0.5429039990901947,0.057069694007168575,1,0.3
2025-09-23 10:00:00,2025-09-23 11:00:00,long,3175.0,3157.0,-9.158299997448921,-0.5769007872408769,1,0.5
2025-09-23 11:00:00,2025-09-23 14:00:00,long,3159.0,3151.0,-2.456789998412132,-0.2592371001806619,2,0.3
2025-09-23 14:00:00,2025-09-23 15:00:00,long,3153.0,3154.0,0.1358092501759529,0.028715350497082757,1,0.15
2025-09-23 15:00:00,2025-09-23 21:00:00,short,3154.0,3157.0,-2.4092389994859693,-0.1091239695391779,1,0.7
2025-10-09 15:00:00,2025-10-09 23:00:00,long,3096.0,3111.0,3.564247679901123,0.47968449611072395,3,0.24
2025-10-14 13:00:00,2025-10-14 14:00:00,long,3045.0,3052.0,5.209792022705078,0.2138666675987306,1,0.8
2025-10-16 15:00:00,2025-10-16 22:00:00,long,3050.0,3048.0,-0.5151244789123535,-0.07037219657272589,2,0.24
2025-10-20 10:00:00,2025-10-20 11:00:00,long,3064.0,3048.0,-16.611199975013733,-0.5421409913516232,1,1.0
2025-10-20 11:00:00,2025-10-20 21:00:00,long,3050.0,3044.0,-1.8548460030555725,-0.2027154101700079,4,0.3
2025-10-20 21:00:00,2025-10-20 22:00:00,long,3046.0,3041.0,-2.652175009250641,-0.17414149765270132,1,0.5
2025-10-20 22:00:00,2025-10-21 10:00:00,long,3043.0,3042.0,-0.16369125008583066,-0.03586181401814671,3,0.15
2025-10-22 09:00:00,2025-10-22 10:00:00,long,3052.0,3058.0,5.389000058174133,0.1765727410935168,1,1.0
2025-10-22 10:00:00,2025-10-22 11:00:00,long,3060.0,3060.0,-0.055079998970031734,-0.005999999887803022,1,0.3
2025-10-22 11:00:00,2025-10-22 13:00:00,long,3062.0,3061.0,-0.6530749946832657,-0.04265675994012186,1,0.5
2025-10-22 13:00:00,2025-10-22 14:00:00,long,3063.0,3063.0,-0.055133997201919555,-0.005999999695496742,1,0.3
2025-10-22 14:00:00,2025-10-22 15:00:00,long,3065.0,3066.0,0.13620525017380714,0.029625938047592636,1,0.15
2025-10-22 15:00:00,2025-10-22 23:00:00,long,3068.0,3063.0,-2.6532749831676483,-0.17296447087142428,3,0.5
2025-10-22 23:00:00,2025-10-23 09:00:00,long,3065.0,3067.0,0.5448120045661926,0.05925089772334885,1,0.3
2025-10-23 09:00:00,2025-10-23 14:00:00,long,3069.0,3071.0,0.8465000092983246,0.055164549318887236,4,0.5
2025-10-23 14:00:00,2025-10-23 22:00:00,long,3073.0,3056.0,-5.1551610016822815,-0.5591887408268014,3,0.3
2025-10-23 22:00:00,2025-10-24 11:00:00,long,3058.0,3041.0,-2.563722749948502,-0.5589105624478966,4,0.15
2025-10-24 11:00:00,2025-10-24 21:00:00,short,3041.0,3051.0,-7.29850800037384,-0.3428622163937539,4,0.7
2025-10-27 22:00:00,2025-10-27 23:00:00,long,3113.0,3109.0,-4.622200012207031,-0.14848056576315552,1,1.0
2025-10-27 23:00:00,2025-10-28 11:00:00,long,3111.0,3088.0,-11.65497499704361,-0.749275152493964,3,0.5
2025-10-28 11:00:00,2025-10-28 14:00:00,long,3090.0,3094.0,1.144344002008438,0.12344595490921663,2,0.3
2025-10-28 14:00:00,2025-10-29 10:00:00,long,3096.0,3114.0,8.844750002026558,0.571366279200682,6,0.5
2025-10-29 10:00:00,2025-10-29 11:00:00,long,3116.0,3116.0,-0.05608799993991851,-0.0059999999935727985,1,0.3
2025-10-29 11:00:00,2025-10-29 14:00:00,long,3118.0,3123.0,2.343975007534027,0.1503511871413744,2,0.5
2025-10-29 14:00:00,2025-10-29 15:00:00,long,3125.0,3129.0,1.143713999390602,0.12199615993499756,1,0.3
2025-10-29 15:00:00,2025-10-31 09:00:00,long,3131.0,3105.0,-3.914031000137329,-0.8333931651522047,13,0.15
2025-11-12 10:00:00,2025-11-12 11:00:00,long,3043.0,3033.0,-10.607599973678589,-0.3485902061675514,1,1.0
2025-11-13 22:00:00,2025-11-13 23:00:00,long,3051.0,3047.0,-4.6097999811172485,-0.15109144480882494,1,1.0
2025-11-13 23:00:00,2025-11-14 10:00:00,long,3049.0,3047.0,-1.1523999869823456,-0.07559199652229226,2,0.5
2025-11-14 10:00:00,2025-11-14 14:00:00,long,3049.0,3046.0,-0.9548549991846084,-0.10438996383345452,3,0.3
2025-11-14 14:00:00,2025-11-14 22:00:00,long,3048.0,3045.0,-1.6523250043392181,-0.10842027587527679,3,0.5
2025-11-14 22:00:00,2025-11-17 09:00:00,long,3047.0,3052.0,0.7362772500514985,0.16109337053965617,2,0.15
2025-11-17 10:00:00,2025-11-17 11:00:00,long,3077.0,3078.0,0.38450002670288086,0.012495938469381894,1,1.0
2025-11-17 11:00:00,2025-11-17 15:00:00,long,3080.0,3096.0,7.845600008964539,0.5094545460366583,3,0.5
2025-11-17 15:00:00,2025-11-17 21:00:00,long,3098.0,3099.0,0.24422700405120848,0.026277921675404402,1,0.3
2025-11-17 21:00:00,2025-11-17 22:00:00,long,3101.0,3085.0,-8.154650002717972,-0.5259367947576893,1,0.5
2025-11-17 22:00:00,2025-11-18 09:00:00,long,3087.0,3085.0,-0.6555480015277863,-0.07078587642023391,2,0.3
2025-11-18 09:00:00,2025-11-18 10:00:00,long,3087.0,3082.0,-2.654224991798401,-0.1719614507158018,1,0.5
2025-11-18 10:00:00,2025-11-19 10:00:00,long,3084.0,3076.0,-1.213859999924898,-0.2623994811770208,9,0.15
2025-11-19 10:00:00,2025-11-19 13:00:00,long,3078.0,3087.0,4.34587499499321,0.282383040610345,2,0.5
2025-11-19 13:00:00,2025-11-19 14:00:00,long,3089.0,3088.0,-0.3555929982662201,-0.03837196485013706,1,0.3
2025-11-19 14:00:00,2025-11-19 15:00:00,long,3090.0,3070.0,-3.013859998583794,-0.6502394818951012,1,0.15
2025-11-19 15:00:00,2025-11-19 22:00:00,short,3070.0,3062.0,5.299532024860382,0.24660456141742124,2,0.7
2025-11-24 11:00:00,2025-11-24 13:00:00,long,3088.0,3090.0,1.382200002670288,0.044760362780773576,1,1.0
2025-11-24 13:00:00,2025-11-24 21:00:00,long,3092.0,3088.0,-3.5955199813842778,-0.14535575603914447,3,0.8
2025-11-24 21:00:00,2025-11-24 22:00:00,long,3090.0,3088.0,-0.6556019997596741,-0.0707229773203532,1,0.3
2025-11-24 22:00:00,2025-11-25 10:00:00,long,3090.0,3103.0,6.345174998044968,0.4106909383847875,3,0.5
2025-11-25 10:00:00,2025-11-25 11:00:00,long,3105.0,3108.0,0.8440830016136168,0.09061545911042586,1,0.3
2025-11-25 11:00:00,2025-11-25 13:00:00,long,3110.0,3106.0,-2.1553999930620193,-0.13861093202971186,1,0.5
2025-11-25 13:00:00,2025-11-25 14:00:00,long,3108.0,3106.0,-0.655925999879837,-0.07034813383524637,1,0.3
2025-11-25 14:00:00,2025-11-25 15:00:00,long,3108.0,3102.0,-3.155249997973442,-0.2030405404101314,1,0.5
2025-11-25 15:00:00,2025-11-25 21:00:00,long,3104.0,3105.0,0.2441190022230148,0.026215528589241286,1,0.3
2025-11-25 21:00:00,2025-11-25 22:00:00,long,3107.0,3098.0,-4.655124992132187,-0.29965400657432806,1,0.5
2025-11-25 22:00:00,2025-11-25 23:00:00,long,3100.0,3095.0,-1.5557549983263015,-0.16728548369100016,1,0.3
2025-11-25 23:00:00,2025-11-26 10:00:00,long,3097.0,3091.0,-3.154699996113777,-0.2037261863812578,2,0.5
2025-11-26 10:00:00,2025-11-26 11:00:00,long,3093.0,3093.0,-0.05567400097846984,-0.006000000105449924,1,0.3
2025-11-26 11:00:00,2025-11-26 23:00:00,long,3095.0,3082.0,-1.963898249566555,-0.4230260095996888,6,0.15
2025-11-26 23:00:00,2025-11-27 15:00:00,short,3082.0,3094.0,-8.702623982429504,-0.40338481424072975,6,0.7
2025-11-28 14:00:00,2025-11-28 21:00:00,long,3110.0,3110.0,-0.0358271987915039,-0.0047999998380900185,2,0.24
2025-11-28 21:00:00,2025-11-28 22:00:00,short,3110.0,3106.0,2.495416013598442,0.11462636718412689,1,0.7
2025-12-01 14:00:00,2025-12-01 15:00:00,long,3124.0,3135.0,10.374100029468536,0.3320774657320274,1,1.0
2025-12-01 15:00:00,2025-12-01 22:00:00,long,3137.0,3133.0,-2.1567499935626984,-0.13750398428834545,2,0.5
2025-12-01 22:00:00,2025-12-02 09:00:00,long,3135.0,3130.0,-1.5563850009441376,-0.16548484858523524,2,0.3
2025-12-02 09:00:00,2025-12-02 11:00:00,long,3132.0,3141.0,4.343174993991852,0.2773419536393264,2,0.5
2025-12-02 11:00:00,2025-12-02 14:00:00,long,3143.0,3131.0,-3.656465998291969,-0.3877893730291621,2,0.3
2025-12-02 14:00:00,2025-12-02 15:00:00,long,3133.0,3133.0,-0.15664999186992645,-0.009999999481003923,1,0.5
2025-12-02 15:00:00,2025-12-02 22:00:00,long,3135.0,3156.0,6.243381003141403,0.6638363639703777,2,0.3
2025-12-02 22:00:00,2025-12-03 11:00:00,long,3158.0,3166.0,3.8419000059366226,0.24331222330187605,4,0.5
2025-12-03 11:00:00,2025-12-03 21:00:00,long,3168.0,3170.0,0.5429579973220825,0.05712941891015178,4,0.3
2025-12-03 21:00:00,2025-12-03 22:00:00,long,3172.0,3152.0,-10.158100008964539,-0.6404854986736783,1,0.5
2025-12-03 22:00:00,2025-12-04 22:00:00,long,3154.0,3171.0,2.535768750160932,0.5359900127163247,9,0.15
2025-12-04 22:00:00,2025-12-04 23:00:00,long,3173.0,3169.0,-2.1585499942302704,-0.13605735860260135,1,0.5
2025-12-04 23:00:00,2025-12-05 09:00:00,long,3171.0,3170.0,-0.3570689964294434,-0.03753484667606889,1,0.3
2025-12-05 09:00:00,2025-12-05 10:00:00,long,3172.0,3159.0,-6.658275008201599,-0.4198155742876166,1,0.5
2025-12-05 10:00:00,2025-12-05 14:00:00,long,3161.0,3159.0,-0.3142199993133545,-0.06627016752364326,3,0.15
2025-12-05 14:00:00,2025-12-08 09:00:00,short,3159.0,3136.0,15.791544984579085,0.7141294706543249,5,0.7
2025-12-10 14:00:00,2025-12-10 22:00:00,long,3132.0,3108.0,-5.79594239730835,-0.7710651337415323,3,0.24
2025-12-10 22:00:00,2025-12-11 09:00:00,short,3108.0,3111.0,-2.4047309815883633,-0.11053185243557473,2,0.7
2025-12-18 09:00:00,2025-12-18 10:00:00,long,3126.0,3118.0,-8.624400019645691,-0.2758925150238545,1,1.0
2025-12-18 10:00:00,2025-12-18 11:00:00,long,3120.0,3117.0,-0.9561330020427703,-0.10215096175670625,1,0.3
2025-12-18 11:00:00,2025-12-18 14:00:00,long,3119.0,3119.0,-0.3992319869995118,-0.015999999478980113,2,0.8
2025-12-18 14:00:00,2025-12-18 15:00:00,long,3121.0,3122.0,0.34392499923706055,0.02203941039647937,1,0.5
2025-12-18 15:00:00,2025-12-18 21:00:00,long,3124.0,3124.0,-0.05623199701309203,-0.005999999681294498,1,0.3
2025-12-18 21:00:00,2025-12-18 22:00:00,long,3126.0,3111.0,-7.655925005674362,-0.4898224571768626,1,0.5
2025-12-18 22:00:00,2025-12-19 10:00:00,long,3113.0,3118.0,0.7359802503883838,0.1576143592222687,3,0.15
2025-12-19 10:00:00,2025-12-19 11:00:00,long,3120.0,3114.0,-3.1558499932289124,-0.20229807648903284,1,0.5
2025-12-19 11:00:00,2025-12-19 13:00:00,long,3116.0,3115.0,-0.3560789984464645,-0.03809146324844507,1,0.3
2025-12-19 13:00:00,2025-12-22 10:00:00,long,3117.0,3125.0,1.1859555003046989,0.2536531922371295,7,0.15
2025-12-22 10:00:00,2025-12-22 11:00:00,short,3125.0,3121.0,2.493946003317833,0.11400896015167238,1,0.7
2025-12-30 11:00:00,2025-12-30 13:00:00,long,3145.0,3142.0,-3.628700017929077,-0.11537996877357956,1,1.0
2025-12-30 13:00:00,2025-12-30 21:00:00,long,3144.0,3137.0,-3.657024994492531,-0.23263517776670045,3,0.5
2025-12-30 21:00:00,2025-12-30 22:00:00,long,3139.0,3133.0,-1.8564480006694792,-0.19713794209084415,1,0.3
2025-12-30 22:00:00,2025-12-30 23:00:00,long,3135.0,3133.0,-1.1566999852657318,-0.07379266253688879,1,0.5
2025-12-30 23:00:00,2025-12-31 09:00:00,long,3135.0,3132.0,-0.9564029985666274,-0.10169090893850372,1,0.3
2025-12-31 09:00:00,2025-12-31 10:00:00,long,3134.0,3121.0,-6.656374990940094,-0.4247846197153857,1,0.5
2025-12-31 10:00:00,2025-12-31 11:00:00,long,3123.0,3121.0,-0.31404900044202805,-0.0670400257107542,1,0.15
