,close
16821,0.027827176162427088
16822,0.03089284270008862
16823,0.03374398172270009
16824,0.03482826392557505
16825,0.02800418560590852
16826,0.02448290615536252
16827,0.020067121973912395
16828,0.018720467855900536
16829,0.02548102993161098
16830,0.026079641301621655
16831,0.02418394915917044
16832,0.026925021952560593
16833,0.027682596417162312
16834,0.019100611054474973
16835,0.018697915763450642
16836,0.014225431632605421
16837,0.008704710301558857
16838,0.007598463652503849
16839,0.012844763544468311
16840,0.004522487707229961
16841,0.005535231000256293
16842,0.00024295285024223645
16843,0.003314478614262628
16844,0.0012191457802869195
16845,0.002044043114675239
16846,0.011255441214427276
16847,0.004360585925583953
16848,0.0062949755383398765
16849,0.002676469466023252
16850,0.008390065780641632
16851,0.00870864915493309
16852,0.0067535178416550145
16853,0.008437714853691323
16854,0.011956923282386433
16855,0.0189792010143387
16856,0.018049386474365214
16857,0.02581261016737313
16858,0.02430243434318891
16859,0.024900689975261577
16860,0.02361950927422578
16861,0.03971214399040144
16862,0.04137255602971495
16863,0.036594531665564305
16864,0.03528992372332998
16865,0.03532422158044905
16866,0.02422213762290605
16867,0.026136794697900735
16868,0.017584394184293212
16869,0.015383447819488628
16870,0.011633578901762543
16871,0.01504217579617399
16872,0.017859441671320284
16873,0.011252547894240884
16874,0.01378098070552018
16875,0.0029788093433022237
16876,0.00389454281159295
16877,0.0055672583103779745
16878,0.007554742446475236
16879,-0.0020361470541722525
16880,-0.0037101454175816626
16881,-0.01813526242681188
16882,-0.025309360322771396
16883,-0.03645425554658796
16884,-0.03261200287319025
16885,-0.028939644994687194
16886,-0.022624569395257
16887,-0.017418079942912935
16888,-0.012472942244163534
16889,-0.013114141112367802
16890,-0.018472188123644182
16891,-0.02590310379436495
16892,-0.02110307823808024
16893,-0.018810693656822506
16894,-0.01596164837089152
16895,-0.009378173875843146
16896,-0.009186390463890795
16897,0.011587218108380851
16898,0.0131671732446133
16899,0.022155203149915256
16900,0.02281467541332466
16901,0.02152970728630523
16902,0.025102215034431805
16903,0.03420470496173461
16904,0.03372757820810321
16905,0.035043134969445555
16906,0.03136843997078
16907,0.032346775238406546
16908,0.031112627049197837
16909,0.026345317937429485
16910,0.028071860737107452
16911,0.030288514509220623
16912,0.02667944134525151
16913,0.030005650923073453
16914,0.024906510967544822
16915,0.024531845489323686
16916,0.029386597570491692
16917,0.005299374194295728
16918,-0.0027894025936091673
16919,-0.008613539339791774
16920,-0.005424014235082188
16921,0.0009710484622572905
16922,0.0007871592256518418
16923,0.004499132323624228
16924,0.005040525162871639
16925,0.0034849750017178906
16926,0.004952129553278605
16927,-0.002100663250131663
16928,-0.007278096389682897
16929,0.002635784500734332
16930,0.006176197424647358
16931,-0.005343664194651038
16932,-0.007751694100920146
16933,-0.008935074236862493
16934,-0.011435711647687518
16935,-0.013379172889485449
16936,-0.00905776156036827
16937,-0.0063113291150236756
16938,0.0010880100255028038
16939,0.008715972439698776
16940,0.006207597749334083
16941,0.0025064196389062124
16942,0.0028448614170455246
16943,-0.003257383860945181
16944,-0.009965293602831262
16945,-0.011301982583347095
16946,-0.004626770013834428
16947,-0.005131836365228981
16948,0.0011176471944288292
16949,-0.001513223294882105
16950,-0.006433182705209161
16951,0.002317234555374421
16952,0.005609997163189783
16953,0.00526244360241985
16954,0.0041763154414370725
16955,0.003949297555229906
16956,0.00678512882101808
16957,0.010151855233536724
16958,-0.005644437822346767
16959,-0.009019720652074287
16960,0.005030974989980334
16961,0.007084526544355991
16962,0.008984278549983129
16963,0.017323496071292036
16964,0.021099716219449918
16965,0.02413045709388901
16966,0.018405566346036132
16967,0.029420489625207685
16968,0.031127092437791076
16969,0.02991360010156346
16970,0.03404314206047195
16971,0.04143089602585459
16972,0.036574034246043344
16973,0.03656777788110981
16974,0.040678861852556904
16975,0.05173454866918829
16976,0.03845716889592659
16977,0.033423528878373986
16978,0.04724526118968646
16979,0.05079730038629539
16980,0.03757632042505821
16981,0.03986042867630281
16982,0.03457019883483494
16983,0.03402808755441386
16984,0.03866390536992518
16985,0.03484751637079705
16986,0.03344702229917441
16987,0.02091212163794129
16988,0.01900396231406287
16989,0.01689324395941429
16990,0.005335368007573651
16991,-0.001836475801127093
16992,-0.00027536805549264375
16993,0.007698011807300871
16994,0.005222235186789473
16995,-0.005369296954127812
16996,-0.0001589115754903584
16997,0.001388544062792712
16998,0.0020332950315280255
16999,0.007187831378630593
17000,0.001773045417148495
17001,-0.001564780633175675
17002,0.015343656522171964
17003,0.013882905504845668
17004,0.010157859319343614
17005,0.007561766107270813
17006,0.009675343021479743
17007,0.011987245149855635
17008,0.01276601509703415
17009,0.0030880971986019085
17010,0.007279328233754318
17011,-0.003317139629630899
17012,-0.0018336060906350208
17013,-0.00944166698011506
17014,-0.000662569361790395
17015,0.00307476515218029
17016,-0.0065653291280298705
17017,-0.013323527631210143
17018,-0.01949448216954002
17019,-0.030109005313423563
17020,-0.030032680399814167
17021,-0.03420706326077122
17022,-0.04549608349979986
17023,-0.04949592447494337
17024,-0.044036231737948524
17025,-0.04872422214875658
17026,-0.05982514469144429
17027,-0.04804037462791405
17028,-0.051540719290859904
17029,-0.03691545494423881
17030,-0.03603713684249119
17031,-0.020488354101007134
17032,-0.015794346075475866
17033,-0.012142461693893339
17034,-0.01922945756463778
17035,-0.02148716159034684
17036,-0.012852439141552076
17037,-0.008161604532941836
17038,-0.011921484833590016
17039,-0.012286352865912438
17040,-0.007652239501025589
17041,-0.006538738947823358
17042,-0.010971890989906766
17043,-0.005340290989980109
17044,-0.015314575723775191
17045,-0.00830699153019514
17046,0.00043027949604532926
17047,-0.0031929604126746188
17048,-0.004208787555163671
17049,-0.00981617882269425
17050,0.0006110414255069012
17051,0.003953531196377194
17052,0.0008766179693147495
17053,-0.006113449261233543
17054,-0.0038007803647211688
17055,-0.0038884427906011577
17056,-0.003919411204670228
17057,-0.0012803646556680598
17058,0.009714912740514028
17059,0.00751458464747466
17060,0.0011390866655963561
17061,0.006915682984315945
17062,0.013227888473314136
17063,0.01846847061223804
17064,0.025063012103314897
17065,0.0316520178161356
17066,0.029752819745399884
17067,0.02590053831008776
17068,0.027365061260570412
17069,0.025830643618278474
17070,0.007360464364147632
17071,0.005661733332647838
17072,-0.01127006473586172
17073,-0.007722760707975954
17074,-0.004240091294087082
17075,-0.0063186750653184244
17076,-0.00819324304270358
17077,-0.01406987422199938
17078,-0.006907649229042887
17079,-0.0005011940210502144
17080,0.01039656954171344
17081,0.0031325038469706204
17082,0.000524148059853921
17083,-0.012471884065744348
17084,-0.015060909477111336
17085,-0.01854587211361779
17086,-0.01974011071128207
17087,-0.029544987909622098
17088,-0.027623301293682827
17089,-0.024482515580050424
17090,-0.019722732921701184
17091,-0.02336879990201829
17092,-0.004901101260685847
17093,-0.014112819628246892
17094,-0.018317596138203093
17095,-0.016750576389215757
17096,-0.019713655003102633
17097,-0.020199719811138012
17098,-0.03449312179377842
17099,-0.02541332369771687
17100,-0.028625984915333764
17101,-0.02201780466356989
17102,-0.01937799997340739
17103,-0.014059453850148385
17104,-0.0020676098961025955
17105,0.0005790383190026622
17106,0.002108912929840021
17107,0.01280043966627764
17108,0.023985129832491556
17109,0.02425322930681839
17110,0.040646127458386916
17111,0.04320935830797098
17112,0.037183929724045335
17113,0.05652819228219866
17114,0.05486998645431866
17115,0.051241930974730704
17116,0.04874669555085647
17117,0.06458326961792892
17118,0.07062931895863862
17119,0.06669037498872897
17120,0.06470865594079446
17121,0.06216204415458475
17122,0.0656465549430583
17123,0.061361691010549065
17124,0.04555400453636996
17125,0.03945361695686845
17126,0.04940579656977413
17127,0.05026436550733149
17128,0.04298893736521938
17129,0.03908444202962811
17130,0.026688315697243198
17131,0.0471367031220366
17132,0.045145162955141684
17133,0.03299559826478295
17134,0.03249160371067519
17135,0.039146605907888744
17136,0.04346546578332453
17137,0.033103225010119315
17138,0.039256862548724375
17139,0.03267782225616558
17140,0.018405999325081794
17141,0.019830523109385313
17142,0.011624815945960347
17143,0.009882489869985968
17144,0.01943324953188642
17145,0.022714273363058993
17146,0.029665571498740665
17147,0.03123245656879033
17148,0.026536674120934724
17149,0.043920573730277974
17150,0.04047146389834249
17151,0.01630572066731608
17152,0.02072370114923093
17153,0.028230438560828394
17154,0.029705880254263097
17155,-0.006233175163135234
17156,-0.0019407709444572683
17157,-0.0035986772056545405
17158,-0.0027484784424869476
17159,-0.001307010460662888
17160,0.004134166588807747
17161,0.010984645103158025
17162,0.0029615281911168265
17163,0.00856202386153108
17164,-0.006925271858845392
17165,-0.004344343116633403
17166,-0.017810483727145516
17167,-0.020734268454432925
17168,-0.0247027780022915
17169,-0.04139016888586612
17170,-0.040206159754984934
17171,-0.04066904077804077
17172,-0.043757780174276
17173,-0.06169070639549496
17174,-0.05701606855637709
17175,-0.027647333704671182
17176,-0.039799262605181934
17177,-0.028549454149248983
17178,-0.028521890082781123
17179,-0.03610885348782746
17180,-0.02602902152293162
17181,-0.03508309404862102
17182,-0.010909189127660389
17183,-0.019243271456521775
17184,-0.009878470573529982
17185,-0.01944666913033623
17186,-0.0175933898754699
17187,-0.017203023688877862
17188,-0.004124303557009658
17189,-0.00622648689641311
17190,-0.0016291315234399164
17191,-0.0003447938294092045
17192,-0.007451490898582531
17193,0.007130482192267916
17194,-0.008615392193197003
17195,-0.009042232410982877
17196,-0.0017168218268115497
17197,-0.0188870604150562
17198,-0.030289564669127626
17199,-0.025479671444881346
17200,-0.030165991575318914
17201,-0.030761316587671367
17202,-0.043636842413248236
17203,-0.04089689198263935
17204,-0.023551647994983427
17205,-0.01997917057185414
17206,-0.024538441436551144
17207,-0.03171562034620522
17208,-0.04092727368847686
17209,-0.037094351251269614
17210,-0.032540122857710865
17211,-0.03153238011037209
17212,-0.018179041544445013
17213,-0.019363113454277343
17214,-0.008390957223026694
17215,0.003002921658577549
17216,0.010524079351401705
17217,0.016556983466643544
17218,0.022691707697557635
17219,0.01732284201268686
17220,0.019806279143376477
17221,0.021967309819945494
17222,0.024562169958843433
17223,0.0311241440306332
17224,0.010148288244060654
17225,0.013025192498721534
17226,0.01574542900462877
17227,0.028863438698590708
17228,0.03078352171867034
17229,0.031735486049064565
17230,0.030843034690138944
17231,0.030777924264227107
17232,0.023589763272133107
17233,0.02286154184626505
17234,0.027118318760000617
17235,0.017072769170231337
17236,0.005617501932581238
17237,0.008840720233437585
17238,0.008072957320936446
17239,0.01908515454918594
17240,0.019128236376606003
17241,0.011351227603969134
17242,0.007726218120541484
17243,0.012486263140318761
17244,0.015441385829186553
17245,0.021178979773259055
17246,0.022262783843511352
17247,0.017019623651860903
17248,0.016160066896560986
17249,0.012716241369112983
17250,0.009414603233137775
17251,0.009702019394189564
17252,0.007837481491217308
17253,0.00997123765086199
17254,-0.0007260164279165223
17255,-0.002281613226433269
17256,0.002461861695463406
17257,0.003876157506089809
17258,0.005915696643470282
17259,0.0040904810484188115
17260,0.0026139540524136766
17261,0.013336283093277217
17262,0.015306109346736166
17263,0.014208037160570548
17264,0.013800456148098926
17265,0.007634257685709668
17266,0.003639740975345124
17267,-0.0018059308971016957
17268,0.001140416650667762
17269,0.005085880837477463
17270,-6.888932646731153e-05
17271,0.00024074173425748605
17272,0.010698656308921417
17273,0.010810393934998672
17274,0.015970777620478993
17275,0.019091292260536345
17276,0.022337909848022496
17277,0.01750315015119164
17278,0.01969599481344157
17279,0.020775099891560168
17280,0.023514746844659044
17281,0.02246927982503212
17282,0.02372663049082542
17283,0.020293897450437724
17284,0.019285610242264408
17285,0.020698399816428032
17286,0.02575466574470202
17287,0.034083003464405355
17288,0.025871071592109118
17289,0.025199536466304757
17290,0.028440956413667267
17291,0.021949620630462678
17292,0.016051604753619976
17293,0.015413781718294727
17294,0.015117359776539272
17295,0.012891143454232198
17296,0.01310098988213475
17297,0.007572962342228278
17298,0.0026880197185473334
17299,-0.013920891635329617
17300,-0.011456371535834788
17301,-0.014694210144062199
17302,-0.011079207352511332
17303,-0.008590494136239893
17304,-0.009827893879753705
17305,-0.004324632695074458
17306,-0.008905064711716554
17307,-0.01151770364803191
17308,0.0011443608346204538
17309,0.0014598692552407625
17310,0.0011388103767809837
17311,-0.0015764574215262608
17312,-0.006716127763929073
17313,-0.008663493790158365
17314,-0.0013285930750927524
17315,-0.0035359039205867613
17316,-0.006020041045907449
17317,-0.0028379359311042655
17318,0.0036005353964525815
17319,0.017532829287704003
17320,0.02450370594469614
17321,0.02698805037501352
17322,0.019689766022474218
17323,0.01629524180855154
17324,0.021516650594454057
17325,0.014966912393423336
17326,0.008944718677656761
17327,0.009945807840943574
17328,0.00705735565831034
17329,0.006383279968749031
17330,0.0005047829272292698
17331,0.007757291827556121
17332,0.012209433020890774
17333,0.009285935241999808
17334,0.0037936586081839543
17335,0.006225026296179188
17336,0.001726572033592391
17337,0.0012287376485867006
17338,-0.001743129983439045
17339,-0.001085659922323103
17340,-0.011644072145629594
17341,-0.01334478308468654
17342,-0.016948382680439765
17343,-0.017086305335322818
17344,-0.018962247077543272
17345,-0.027737755277422536
17346,-0.021444291497223534
17347,-0.018837447509961296
17348,-0.021361196270661145
17349,-0.020507193601686367
17350,-0.018274229197161592
17351,-0.02169874829212983
17352,-0.021408102382618643
17353,-0.03461137751326888
17354,-0.038245778107963216
17355,-0.035749938999616516
17356,-0.0330239640455212
17357,-0.03188210162895382
17358,-0.033888812402958525
17359,-0.03019833538377047
17360,-0.02550589607142519
17361,-0.026552037414572776
17362,-0.024115918066539364
17363,-0.018393922358509698
17364,-0.01943653474834062
17365,-0.006068850057549558
17366,0.002595238330484447
17367,-0.00040245742122035666
17368,-0.008616501259642502
17369,-0.006918600213084113
17370,-0.003918179654992691
17371,-0.006071131432666398
17372,-0.0007046661847443301
17373,0.010560593200176702
17374,0.013768094280602775
17375,0.0074638290525554886
17376,0.006866335661911117
17377,0.023874044713580424
17378,0.020004587835980376
17379,0.015466050169796053
17380,0.0067331783750234995
17381,0.00794407515337344
17382,0.013836060356318897
17383,0.010942719495286227
17384,0.00921479013026544
17385,0.0044442853114803876
17386,-0.001478216023204812
17387,0.0002374026528492802
17388,0.006138956707181703
17389,0.009970606691745515
17390,0.007788911621563019
17391,0.012907974330358205
17392,0.0017720228677640234
17393,0.014228008803609858
17394,0.015094112659460618
17395,0.016281361119907307
17396,0.017583284021867884
17397,0.0019653950500114854
17398,-0.0002475956444900557
17399,0.002212270109492525
17400,0.011855701017855349
17401,0.009245466563664878
17402,0.006102277827169754
17403,0.002468188490742269
17404,0.0076395268779615375
17405,0.007974159391746841
17406,0.005606959022987325
17407,0.006690657296826211
17408,0.0014203794954741043
17409,-0.0015606916580541298
17410,0.004823476894411447
17411,-0.0032853912849214032
17412,-0.00041061751182034143
17413,0.0038288026669857085
17414,0.004181228505917236
17415,0.006925004934304779
17416,0.011432107140335298
17417,0.013055643401857399
17418,0.019766363992075087
17419,0.010906905475162912
17420,0.005302335910571722
17421,0.006221556219417633
17422,0.0026240253558198405
17423,0.005145755267655877
17424,0.002385790794647557
17425,-0.0007151699638608624
17426,0.0059126551218026905
17427,-0.0016390727651700748
17428,-0.007495613582412984
17429,-0.01071266188133347
17430,-0.014238916401300043
17431,-0.0026008048582880244
17432,-0.0020020258479607773
17433,-0.010935213694731752
17434,-0.020498784666879127
17435,-0.020993126261497925
17436,-0.029644313636395803
17437,-0.028692504046415487
17438,-0.033675603763134845
17439,-0.02838201769748892
17440,-0.02797102264917943
17441,-0.042000499732422904
17442,-0.03890601879074781
17443,-0.05202948462143127
17444,-0.052361128617579904
17445,-0.047032276652848
17446,-0.05915684210647148
17447,-0.06318419222094676
17448,-0.05092002389425535
17449,-0.05300093569081091
17450,-0.049528473544579836
17451,-0.052891195636612424
17452,-0.048462302925343675
17453,-0.04397630533223158
17454,-0.03251635792539165
17455,-0.034718151590656464
17456,-0.035483615408492826
17457,-0.0380439482391153
17458,-0.022999515086482833
17459,-0.02043816729440147
17460,-0.020817188783460967
17461,-0.00680792295692861
17462,-0.008424349945114233
17463,-0.003772726656494002
17464,-0.0034872416556229646
17465,-0.0020758042959561785
17466,0.0055366216339591936
17467,0.006990914536884609
17468,0.008615438204580727
17469,0.01203706132728214
17470,0.0035447343266649376
17471,0.0042781074626230585
17472,-0.0014382414785415432
17473,-0.0006829139991078041
17474,4.4069694807224844e-05
17475,0.0024612528565760346
17476,0.0015496143594200505
17477,0.0021028732268727882
17478,-0.00891779145358829
17479,-0.012381645151747403
17480,-0.00904061589862025
17481,-0.008498256922605245
17482,0.0038022821352607563
17483,0.01295871718022723
17484,0.013495160404607034
17485,0.005236609099427379
17486,0.014541546263960491
17487,0.023972797898988926
17488,0.017486201024632494
17489,0.013880732183663102
17490,0.018479668864389006
17491,0.013325297636808646
17492,0.008091446395316343
17493,0.0013194425969360374
17494,-0.003087774877661376
17495,-0.0008076162275646099
17496,0.0011595476990671157
17497,-0.00767719999145644
17498,-0.019748036333050938
17499,-0.018236672331646057
17500,-0.024380952458269094
17501,-0.02507153742910949
17502,-0.03602531893150602
17503,-0.04548359251324143
17504,-0.04190304562270053
17505,-0.041505031976859334
17506,-0.05608495390085274
17507,-0.05889291948911928
17508,-0.055555998199325114
17509,-0.06206143605392862
17510,-0.06629712504744979
17511,-0.06044139481904492
17512,-0.0588774812466127
17513,-0.052628856925784784
17514,-0.05514195747348805
17515,-0.05722779319892149
17516,-0.04693046279607849
17517,-0.038611639762176714
17518,-0.019590587454089054
17519,-0.021702373376895442
17520,-0.01875042775830517
17521,-0.007434200528352496
17522,-0.007089155119613208
17523,0.005147290052514965
17524,-0.0022880594928943146
17525,-0.002321568759157266
17526,0.006791130248814558
17527,0.010245982569115634
17528,0.01306525668416478
17529,0.024328627168042512
17530,0.017623976053731612
17531,0.009976519293285541
17532,0.01589802222481037
17533,0.013523491578030384
17534,0.01296002843094153
17535,0.01377356938991151
17536,0.0014093158164136185
17537,0.003494966936303696
17538,-0.003959412372152893
17539,0.0003383734582913282
17540,-0.005946274494090865
17541,-0.009590177979860807
17542,-0.003962529372272515
17543,-0.005714050448998499
17544,-0.002034114405304597
17545,-0.0003048626540092099
17546,-0.00026783296702928853
17547,-0.0037807495563342212
17548,-0.010580054286795608
17549,-0.018143398774529147
17550,-0.009248442121960755
17551,-0.0014780419269955875
17552,0.007600521973003745
17553,0.0062561440877559275
17554,0.011048278193988254
17555,0.009101747048312318
17556,0.01438362757826356
17557,0.01328480807976068
17558,0.010744405420842738
17559,0.004716975133724508
17560,0.013636378177614858
17561,0.008070858888300194
17562,0.002699729310904469
17563,-0.006088241989384861
17564,-0.004434582345722651
17565,-0.0024611118442113286
17566,-0.011289760878777899
17567,-0.007288644420838933
17568,-0.009557379415464171
17569,0.0007736938992521915
17570,-0.008255154457575407
17571,-0.009966625888577914
17572,-0.024247274119142855
17573,-0.026016385087337054
17574,-0.0282395037478122
17575,-0.025701234690202326
17576,-0.02122930245887777
17577,-0.022004906894816285
17578,-0.01906740330748329
17579,-0.008364036625409636
17580,-0.010275008763266416
17581,-0.010001709981291015
17582,-0.007725094688813662
17583,-0.0005676139446927878
17584,0.004549948331059405
17585,0.0022456563196427697
17586,0.006801255982105098
17587,0.003373972783723132
17588,0.010784052128512902
17589,0.006758769580226289
17590,0.025992162975527013
17591,0.016628567033107205
17592,0.02254206835428638
17593,0.025842549396474877
17594,0.02427457986387025
17595,0.01620114860818494
17596,0.011335031235580965
17597,0.012757664622652938
17598,0.01182463567211315
17599,0.0006354124032841653
17600,-0.0024239156846392676
17601,-0.003900969194777916
17602,-0.010647063356505029
17603,-0.012730745287334675
17604,-0.021382468804451122
17605,-0.024908740435928306
17606,-0.031227692962003773
17607,-0.030602626814303965
17608,-0.02812061124471354
17609,-0.02554431671001814
17610,-0.03342373728388105
17611,-0.017695110624211068
17612,-0.02422042343267895
17613,-0.030875162532645724
17614,-0.03393011201126388
17615,-0.011312712142500401
17616,-0.0112071399225354
17617,-0.022006566084376875
17618,-0.02565206192554841
17619,-0.022904327095704897
17620,-0.023310531976489475
17621,-0.017534064249532123
17622,-0.012353892268872499
17623,-0.013246621420325937
17624,-0.0073000411151988185
17625,-0.0022926802835755993
17626,0.01463967099790107
17627,0.012569632071436665
17628,0.008672600934711026
17629,0.007857494543166983
17630,0.011724023339720712
17631,0.007363545899221682
17632,0.010205060320499679
17633,0.01651927776584253
17634,0.021444628851259858
17635,0.012567801505237368
17636,0.014441523563146189
17637,0.024667393165113124
17638,0.024079549209551496
17639,0.02516550873647682
17640,0.024454684322273795
17641,0.021381701268934128
17642,0.0220414509186484
17643,0.02549787539425709
17644,0.027598361811592666
17645,0.030547355379071786
17646,0.021618436777843576
17647,0.022234670804747256
17648,0.019909497993870786
17649,0.016990846473815772
17650,0.016164262659350323
17651,0.017140570268947417
17652,0.02138066944737043
17653,0.016285374406010314
17654,0.01695775495248323
17655,0.008449586435263058
17656,0.008887626742936736
17657,0.01558510041583497
17658,0.020630125051903245
17659,0.01875781549116299
17660,0.02168787142583004
17661,0.019622582549585627
17662,0.017561874849489036
17663,0.017184239181429473
17664,0.010914603717885586
17665,0.006634488759288863
17666,0.005189713755637508
17667,0.013579941042588726
17668,0.02125784201529177
17669,0.023818541270574735
17670,0.020898868810524704
17671,0.014843386007397928
17672,0.01608960199108089
17673,0.021660643758982634
17674,0.019488833239874107
17675,0.014780256260259757
17676,0.012766626355269916
17677,0.005839234454936612
17678,0.004654247851333712
17679,0.006644960531680159
17680,0.009730709154171065
17681,0.005895448849236077
17682,0.008163774648403723
17683,0.0035111354968883845
17684,-0.0008688126248280071
17685,0.0006634981726162322
17686,0.004039638061124239
17687,0.0017307317048918212
17688,-0.003974111361981664
17689,-0.002674949639181956
17690,-0.004827456467054454
17691,-0.003471384701600938
17692,0.0009117408109404327
17693,-0.004081838887623523
17694,-0.0009076729331972595
17695,0.008596921140194863
17696,0.006202269736855773
17697,0.005980095578121053
17698,0.0064354940320807946
17699,0.00631198681477692
17700,-0.00029006391728753176
17701,0.0029416251340466707
17702,0.0037769964426637033
17703,0.00847426502247115
17704,0.014281088258350635
17705,0.009500430122812816
17706,0.007069412749647046
17707,-0.0006389851674790952
17708,0.005238189120388401
17709,0.002946091694193432
17710,0.004545111783925386
17711,0.007532418968883277
17712,0.0020070904845795753
17713,-0.001593601341042208
17714,-0.007495156293091182
17715,-0.012881477076038046
17716,-0.015259749341433121
17717,-0.02005788506127114
17718,-0.023165480708152317
17719,-0.02221703064383984
17720,-0.015417911326203812
17721,-0.01586980232398562
17722,-0.012912415315220162
17723,-0.022885774619110545
17724,-0.02439728417320868
17725,-0.025367305073564352
17726,-0.02527709739778912
17727,-0.029300165973369385
17728,-0.03734895100625319
17729,-0.03714008580350761
17730,-0.03528838332786618
17731,-0.04054758328956064
17732,-0.03984733112988781
17733,-0.03498174668702317
17734,-0.026427728612345006
17735,-0.02150446904814995
17736,-0.019937642521384177
17737,-0.012472941690838636
17738,-0.021274185237136808
17739,-0.02309537991445657
17740,-0.019025122407133367
17741,-0.018296975437738634
17742,-0.024075622803633127
17743,-0.020582832814863394
17744,-0.023154474420974878
17745,-0.01926024164281509
17746,-0.024982268707255274
17747,-0.018495006719100798
17748,-0.017708052370509344
17749,-0.04255441276886303
17750,-0.03725627720762848
17751,-0.03203098058786862
17752,-0.031823638032595976
17753,-0.035245695830481975
17754,-0.04230073541103682
17755,-0.04782549686407426
17756,-0.052226367679442144
17757,-0.055774409111332586
17758,-0.04798902163828563
17759,-0.05580618575522913
17760,-0.06390841117898466
17761,-0.10765336474840353
17762,-0.10305121734337934
17763,-0.0975566756099495
17764,-0.08622561067491955
17765,-0.0896967086444151
17766,-0.08472147987850191
17767,-0.09054692288279187
17768,-0.08100894852640643
17769,-0.058232576839664416
17770,-0.04663133613919707
17771,-0.05287700041556142
17772,-0.0524445063250855
17773,-0.05396675507662014
17774,-0.049159027311164234
17775,-0.04461647179750731
17776,-0.03508987709762504
17777,-0.03519621362611328
17778,-0.03102053269750132
17779,-0.03775460713879337
17780,-0.0399041500051051
17781,0.006797470984594532
17782,0.0024502095686829792
17783,-0.002296415576173056
17784,-0.011793484966550473
17785,0.0018248491295898006
17786,0.005419685581799042
17787,0.010810919243364714
17788,-0.002531092767779282
17789,-0.007338455185372363
17790,-0.014029257465744809
17791,-0.0017844856286760437
17792,-0.003497112677978195
17793,0.0030341450967258103
17794,0.003582700793690293
17795,-0.0001447586173403758
17796,-0.0013767409084531257
17797,-0.004029488796649814
17798,-0.002585019574823532
17799,0.008273780988763621
17800,0.016053482584401643
17801,0.01006031624658329
17802,0.00910355757228343
17803,0.008369844394585088
17804,0.029723612374071517
17805,0.023153502930191906
17806,0.024914312265770955
17807,0.020863263971036942
17808,0.024175058445391785
17809,0.03298086264132502
17810,0.019925658929538317
17811,0.013325884294456658
17812,0.010969579475268101
17813,0.010306445959668923
17814,0.007722678613327731
17815,0.006406496212846406
17816,0.013166608562215859
17817,0.013442497971133682
17818,0.01806018831179759
17819,0.031239717669532565
17820,0.027561389188984212
17821,0.03943651627628445
17822,0.036810441617427504
17823,0.043554749985969095
17824,0.01903694551986568
17825,0.017531719637873512
17826,0.01129727064981022
17827,0.020970555270514137
17828,0.013068924304910938
17829,0.009342677703467252
17830,0.01623216295956186
17831,0.020083505734927433
17832,0.02185436857015925
17833,0.018557824338394986
17834,0.01488515634239866
17835,0.020848497392110615
17836,0.010546983861569175
17837,0.01689936554313041
17838,0.011126569784655971
17839,-0.008063735002995722
17840,-0.010220625045430504
17841,-0.017277309295337828
17842,-0.006150291181326714
17843,-0.011045335709084269
17844,-0.012309434685145244
17845,-0.020587625673659068
17846,-0.021023457625636205
17847,-0.024652820672654636
17848,-0.014446724730918488
17849,-0.028524973470910354
17850,-0.03506608001603681
17851,-0.04780282917937966
17852,-0.049946429489812684
17853,-0.046975417427477816
17854,-0.04575561822480019
17855,-0.04998158948646033
17856,-0.047634665214697045
17857,-0.06063006115761894
17858,-0.050505419943693675
17859,-0.03740869141264467
17860,-0.03111961789460336
17861,-0.0296055777489207
17862,-0.03207135826929132
17863,-0.023570968177908023
17864,-0.019834823822519772
17865,-0.012115521406008082
17866,-0.028481460350493742
17867,-0.028509137862996494
17868,-0.031233720840154196
17869,-0.014556997627771236
17870,-0.017053866986244025
17871,-0.009403486744876274
17872,-0.005930335018141676
17873,0.007451841979464842
17874,0.0102552618830765
17875,0.009393606041306679
17876,0.00910711503682699
17877,0.020113405163698538
17878,0.0037115468032200526
17879,0.005369972691858255
17880,0.004544085038355223
17881,-0.0006084188353362389
17882,-0.010031449823150726
17883,-0.014170165596288337
17884,0.00011303829789250004
17885,-0.004492340164963761
17886,0.013550633331281689
17887,0.00038802017609233504
17888,0.0018911471139597116
17889,-0.0038037707152169422
17890,-0.0031052894156572896
17891,0.00682580338517587
17892,0.006660450182524288
17893,-0.004648895283894108
17894,-0.031210479177479676
17895,-0.030316511816366867
17896,-0.04541632042073152
17897,-0.04349866136079341
17898,-0.043052346840606215
17899,-0.053317461564814345
17900,-0.04472201249292748
17901,-0.04014610941620156
17902,-0.038638643843975126
17903,-0.042264335347612154
17904,-0.05496659050172065
17905,-0.04645718356675892
17906,-0.054989495215012014
17907,-0.043765186281465696
17908,-0.05083005375019517
17909,-0.06345499322460085
17910,-0.060030868389178316
17911,-0.0753925915152786
17912,-0.07380897853822375
17913,-0.07642736019797074
17914,-0.04383497152445899
17915,-0.04371155540726666
17916,-0.033585075441890246
17917,-0.0411526203996727
17918,-0.027510860467896844
17919,-0.0201396208614241
17920,-0.045817834983491804
17921,-0.038052148287222594
17922,-0.038857422458966846
17923,-0.03984693916917154
17924,-0.03616554559749524
17925,-0.03783696612632856
17926,-0.040159312977786354
17927,-0.04889343025243326
17928,-0.046822031818075295
17929,-0.05486133564139798
17930,-0.06537834036568209
17931,-0.056494921390499914
17932,-0.053215078746336734
17933,-0.05354965668082226
17934,-0.06563718395925387
17935,-0.06993737165432186
17936,-0.08035802883624169
17937,-0.07766806067166104
17938,-0.07222275157807809
17939,-0.05305760689351937
17940,-0.030263169503955068
17941,-0.04295678303192013
17942,-0.03915771745115747
17943,-0.027317898391094643
17944,-0.03548351562453635
17945,-0.02965124317304628
17946,-0.017513822863109384
17947,0.008399583097133928
17948,0.011791472939674986
17949,0.037292544578843144
17950,0.035533175478639524
17951,0.03451025856935113
17952,0.02560719491872721
17953,0.015497132810107261
17954,0.024191974601050575
17955,0.029361544366061122
17956,0.045922765736674004
17957,0.05817630114751604
17958,0.04396339190812079
17959,0.02655964392541527
17960,0.024482859108559647
17961,0.03011875672095602
17962,0.021592531841636134
17963,0.014440854618442989
17964,0.018181419411024198
17965,0.005885558756619395
17966,0.0048136736544570355
17967,-0.011505959225392
17968,-0.017739129617582648
17969,-0.014815329314548788
17970,-0.008291000674821216
17971,0.0018223549962327443
17972,0.003293644432137765
17973,0.01644668821630483
17974,0.0076586912094909355
17975,0.005117062892403425
17976,0.00593373153459462
17977,0.005442138670969736
17978,0.002580795643509061
17979,-0.002512264468623922
17980,-0.007150185767959258
17981,-0.007740713128174349
17982,0.0005054833901892632
17983,0.005847957825347881
17984,0.006846281514514619
17985,0.011527886073264835
17986,0.01021957021174855
17987,0.017962323356111285
17988,0.019473621685950945
17989,0.016460355626799608
17990,0.021320817504043715
17991,0.01121987495088487
17992,0.001847946513344672
17993,0.002524772069554198
17994,0.007837508226417506
17995,0.015765508514150192
17996,0.02229944198258125
17997,0.010398851392291672
17998,0.011681940392244997
17999,0.016370846943152235
18000,0.014093444509397163
18001,0.013232640495684043
18002,0.008004262631291547
18003,0.0014043869003637387
18004,-0.011129461490294342
18005,-0.005613373001934221
18006,0.004106607220429543
18007,0.001380079130410228
18008,0.004876948804811277
18009,0.005502147561125732
18010,0.006513622154610953
18011,0.013019938941083825
18012,0.023632070970289673
18013,0.031134122020965816
18014,0.0304847749556633
18015,0.03049351651897769
18016,0.027469513042931274
18017,0.04401944739142715
18018,0.041532924914201484
18019,0.029694742287531876
18020,0.030610476549228546
18021,0.030958371306242197
18022,0.035019413650133925
18023,0.030813537696258837
18024,0.04227386671162543
18025,0.03487790582561573
18026,0.026552689920919723
18027,0.021428247973554304
18028,0.03744481106634915
18029,0.04617534229097481
18030,0.047245433245557654
18031,0.03131017375348299
18032,0.040765056565697594
18033,0.029677337123119266
18034,0.030128138108655986
18035,0.01928090758999689
18036,0.01577087585905121
18037,0.0005204530038928668
18038,-0.0002911331312006628
18039,0.006482484706148203
18040,0.005316894140391051
18041,-0.0003478007708535179
18042,-0.0016407316675572565
18043,0.0022749147571147032
18044,0.017242701754039504
18045,0.019126546439233484
18046,0.013226274952743342
18047,0.011455323655073573
18048,-0.0003963439335122515
18049,0.0023828716813807885
18050,-0.0020952292328284133
18051,0.011380329193844284
18052,0.0018531174884900924
18053,-0.010259345560703946
18054,-0.011681315860414316
18055,-0.0073452433679818555
18056,-0.014959012311247539
18057,-0.01326489758100267
18058,-0.004220781741062394
18059,-0.008123397052393158
18060,-0.01059858148072659
18061,-0.00907695420054453
18062,-0.00979091465909095
18063,-0.009921925706353078
18064,-0.02597299179142767
18065,-0.023884799567150478
18066,-0.017171977389825347
18067,-0.006620826323407539
18068,-0.004705229586635786
18069,-0.014946259985296098
18070,-0.009637805414591024
18071,-0.02028454986582513
18072,-0.019188710100086718
18073,0.0026289432898660772
18074,0.012142737275548354
18075,0.01496999079533795
18076,0.029903429600378426
18077,0.02410485828372093
18078,0.01761955904833051
18079,0.025549753087012305
18080,0.02846145708852571
18081,0.03383152982238122
18082,0.03800616415365988
18083,0.033863226314431435
18084,0.03674986139888758
18085,0.025105822889025315
18086,0.027201890906907004
18087,0.013908306835977388
18088,0.01178311883052032
18089,0.008604750587503504
18090,0.005792730338786592
18091,0.012164155003483917
18092,0.006243112732605789
18093,-0.003082343349348384
18094,-0.007635752624975505
18095,-0.011236788007898582
18096,-0.023978549151730304
18097,-0.01641226795045492
18098,-0.014463580348350592
18099,-0.016848261200519233
18100,-0.016752721600579973
18101,-0.022236310847985004
18102,-0.024878363062441837
18103,-0.010396245572766442
18104,-0.01612142871048533
18105,-0.006000417472205778
18106,-0.005004169521909702
18107,-0.0012180198299994798
18108,-0.0010738934587393937
18109,0.0017335974673795425
18110,0.007754929585179596
18111,0.0074260167186797265
18112,0.010610407498908913
18113,0.006758077347640481
18114,0.0042614536072859265
18115,0.01044054417987642
18116,0.018335325100694883
18117,0.01671073591075417
18118,0.019111119803302462
18119,0.021377263333446923
18120,0.021110687332386406
18121,0.01990340808198995
18122,0.012342589058107607
18123,6.629152971184408e-05
18124,0.000868871966743932
18125,-0.001875715768187156
18126,-0.00572974439991688
18127,-0.013122254526024965
18128,-0.011501744745867855
18129,-0.01277064032348875
18130,-0.010747462668867107
18131,-0.003821393578339272
18132,-0.002853190685355107
18133,0.0013790826862980204
18134,-0.004699019647037172
18135,-0.008642625707996279
18136,-0.015626744138952257
18137,-0.015852902767496287
18138,-0.019138023763960614
18139,-0.0263584942643302
18140,-0.032220629143536426
18141,-0.030594796199096653
18142,-0.020951530542448936
18143,-0.03514364497008976
18144,-0.03303076424886674
18145,-0.027477038599198055
18146,-0.030231970516046803
18147,-0.022121872129403062
18148,-0.02554286641517602
18149,-0.03270768708039437
18150,-0.034699288896592205
18151,-0.032883710664216435
18152,-0.040704396880472796
18153,-0.04053283197369159
18154,-0.039316927205280856
18155,-0.042724374319668634
18156,-0.03752936214986498
18157,-0.03900006826706071
18158,-0.03540532893469468
18159,-0.031078990155174523
18160,-0.033561046272366606
18161,-0.03921192030573603
18162,-0.04052171681822862
18163,-0.016073581952048874
18164,-0.01020286950528867
18165,-0.0142333008659068
18166,-0.006788637830858674
18167,-0.005505167060328958
18168,-0.005024483449178026
18169,0.0035173172844999256
18170,-0.002838462237016643
18171,-0.012396164397331648
18172,-0.006816198476930399
18173,-0.002253426385268655
18174,0.0036616671492622544
18175,0.01891912530678973
18176,0.015023953402232849
18177,0.017854708404000937
18178,0.012309851053350713
18179,0.013199973579769583
18180,0.0218803546913483
18181,0.03620468159558064
18182,0.03755839704802987
18183,0.029936069151889212
18184,0.021211702073975623
18185,0.021337391576967363
18186,0.018251728779310413
18187,0.019458281242663005
18188,0.0221869858387621
18189,0.022567224332786715
18190,0.02923575885733562
18191,0.03023238966871988
18192,0.0340922923258457
18193,0.027935325027907368
18194,0.028040483284408942
18195,0.017884119256109887
18196,0.017780225960408798
18197,0.01037275034914954
18198,0.010255656743240724
18199,0.016418914462160105
18200,0.013790425939478922
18201,0.011254171701497142
18202,0.011199975501329543
18203,0.016740879425654144
18204,0.019420013708124406
18205,0.02070462753797309
18206,0.016719644592970394
18207,0.014294868108249509
18208,0.009592892867305592
18209,0.00277725304748562
18210,-0.0035776687122132077
18211,-0.015248119345687601
18212,-0.020912590177305866
18213,-0.017988279239845726
18214,-0.023922675461645792
18215,-0.023489855305547067
18216,-0.019079136937517942
18217,-0.017030524768821293
18218,-0.018336808380797456
18219,-0.026242389411636407
18220,-0.028744081104051133
18221,-0.030919379474759354
18222,-0.036261996311389745
18223,-0.04253638595507894
18224,-0.045876216419586106
18225,-0.048600938647104096
18226,-0.03862385016971827
18227,-0.03988623716580401
18228,-0.03818674618519736
18229,-0.0301622493095693
18230,-0.033207957118247894
18231,-0.022382652631622035
18232,-0.014742212093845188
18233,-0.017537140329488984
18234,-0.012629292439365721
18235,-0.00905262659472187
18236,-0.008814800448392487
18237,-0.005095989320769834
18238,-0.004806400936621361
18239,-0.005017185962355535
18240,0.00039949976587325353
18241,-0.0021378017797024
18242,-0.00888293934635163
18243,-0.008650591956326557
18244,-0.011598085026124633
18245,-0.014409884616083607
18246,-0.023910842361320066
18247,-0.02757590042583259
18248,-0.022643698382727437
18249,-0.024055577731467603
18250,-0.021338375842431805
18251,-0.017222575351875907
18252,-0.019662709963596432
18253,-0.024161319142293986
18254,-0.014601677814052106
18255,-0.019494562899952883
18256,-0.030780633295764782
18257,-0.02606618702943628
18258,-0.020688009174080275
18259,-0.01698176985804254
18260,-0.014429615113075148
18261,-0.011768336386599704
18262,0.0003276211874736249
18263,0.00029419679652964843
18264,0.007954526993538729
18265,0.008218989897046128
18266,0.015168485048960737
18267,0.023966450677406177
18268,0.01624758944786657
18269,0.01553899468586998
18270,0.01671463668460334
18271,0.013322766896864065
18272,0.011035382362952014
18273,0.016015505894823014
18274,0.007665831751358244
18275,0.0037876450361350317
18276,0.016573903679112115
18277,0.014339625861132141
18278,0.008221614434321817
18279,0.005712864656435343
18280,0.005104721272868039
18281,0.008072689370813556
18282,0.007608887142148156
18283,0.004753550642277071
18284,0.010166165923897522
18285,0.017020510660384753
18286,0.008783254214535803
18287,0.004943690011373725
18288,0.006938515326688933
18289,0.005866005996747623
18290,0.006964910610449489
18291,0.006665809682813444
18292,0.014350250076188018
18293,0.016081615345018178
18294,0.013380545068831892
18295,0.01589525904763009
18296,0.016316593914641915
18297,0.013688738839144959
18298,0.01974916556348652
18299,0.02222315366798948
18300,0.0217232427028778
18301,0.019388638866142345
18302,0.01703842321713216
18303,0.01962740100375762
18304,0.007313793439870974
18305,-0.004843689805757191
18306,-0.003345565388006698
18307,-0.004425291798716836
18308,-0.004114610002041292
18309,-0.004573588936141129
18310,-0.007546171427347637
18311,-0.002068472417060099
18312,-0.007738173516598813
18313,-0.001415255693335133
18314,-0.0027479621919020603
18315,-0.0015913289583690871
18316,0.0006650018296621548
18317,-0.003960383202664666
18318,-0.008929822375505964
18319,-0.025072162864099076
18320,-0.023304384506268823
18321,-0.023373700810660158
18322,-0.02243739347360653
18323,-0.022759532789952432
18324,-0.01642496823675223
18325,-0.005821441059415345
18326,-0.011468221878903654
18327,-0.012698280298583114
18328,-0.015592615173680187
18329,-0.010005504170164266
18330,-0.007578022366692564
18331,-0.007732878011762456
18332,-0.005201283217178896
18333,-0.0125133818541149
18334,-0.011287072385345879
18335,-0.013190815881110674
18336,-0.018149529602439908
18337,-0.012953858874322684
18338,-0.01919350602367843
18339,-0.005197508772069134
18340,-0.014508504749439691
18341,-0.014425570940828893
18342,-0.013649623027737368
18343,-0.00780943440011815
18344,-0.006153287288398248
18345,-0.008495601240236024
18346,-0.0012458823151818763
18347,-0.012243905743764215
18348,-0.00909583662047384
18349,-0.015032952754714347
18350,-0.014424020322767116
18351,-0.019444482537097255
18352,-0.027446744984131233
18353,-0.021939693347528547
18354,-0.029477670772310942
18355,-0.02862809079015248
18356,-0.0200484130955392
18357,-0.019662584988081076
18358,-0.009311593605516024
18359,-0.006552301415437454
18360,-0.0013305018415653341
18361,0.011911142523912234
18362,0.014516927059317812
18363,0.008628383618616073
18364,0.007393641691277684
18365,0.011668449590033967
18366,0.012257915790468848
18367,0.02746758998135776
18368,0.028919895033405415
18369,0.029761474949588744
18370,0.028696345861768873
18371,0.02488306144491731
18372,0.03298633765426512
18373,0.029077056675933695
18374,0.03512796402367069
18375,0.036752515530655706
18376,0.020252390436155787
18377,0.018907869938779118
18378,0.01628544531777002
18379,0.023727481642985604
18380,0.0201047945289785
18381,0.0068658076702087035
18382,0.004891460429626482
18383,0.004693367203084154
18384,0.005625431782344739
18385,0.009463423295081454
18386,0.009489759481691763
18387,0.008158048979183733
18388,0.005951211986103972
18389,0.005230858190942596
18390,0.002130301757440097
18391,0.010158731491647753
18392,0.014905991041624187
18393,0.013702799789441226
18394,0.019485873724097203
18395,0.016004251047383178
18396,0.02442223779976397
18397,0.02147291507080665
18398,0.023873091003217103
18399,0.009672601928873092
18400,0.012383162738822336
18401,0.013938130589295642
18402,0.012786988834425219
18403,0.012617431921024788
18404,0.01232250428318132
18405,0.005195623593215131
18406,0.007005580293618393
18407,0.004846547630021321
18408,0.009006062877890053
18409,0.00419607139854548
18410,0.009488334607405316
18411,0.005294298575579128
18412,0.00022904964024738296
18413,-0.0026472265001251565
18414,-0.008725563039243836
18415,-0.006177192360954588
18416,-0.004502532368631212
18417,-0.0018640473324812602
18418,-0.003710655545706798
18419,-0.007944181758859834
18420,-0.008260779782581672
18421,0.00524331621443073
18422,0.004748980253313478
18423,0.006481736654745302
18424,0.003492586542145159
18425,0.0023681237957485814
18426,-0.0004942443120609456
18427,-0.003948204844619701
18428,-0.010564735573739844
18429,-0.0048288668259180954
18430,-0.014804408177870114
18431,-0.016191000887900254
18432,-0.021354568713355854
18433,-0.02109383567738026
18434,-0.02293915266409655
18435,-0.022563649754666244
18436,-0.029360412247703558
18437,-0.033912825707095695
18438,-0.0338185716283189
18439,-0.027612661606555334
18440,-0.024773230782092447
18441,-0.037521346004249355
18442,-0.031191671983072763
18443,-0.03263230682011477
18444,-0.029707557599142863
18445,-0.026829643038363632
18446,-0.02472004579765928
18447,-0.019797741959502305
18448,-0.02144074807101484
18449,-0.02423830903537988
18450,-0.015588457581928507
18451,-0.023138843039461638
18452,-0.02152296610516013
18453,-0.019530244717274412
18454,-0.011313360857602312
18455,-0.01322260302856868
18456,-0.0076301615798923215
18457,0.0016869925183101875
18458,0.0072476585271206515
18459,0.007484122981097323
18460,0.0020166864191921126
18461,0.002854476778658841
18462,-0.002419673772230974
18463,-0.011975574796731604
18464,-0.018022212001205608
18465,-0.021025853847774514
18466,-0.023038406080667206
18467,-0.025834846592447464
18468,-0.026595280441323775
18469,-0.021335927142020844
18470,-0.02092909060955337
18471,-0.011597032041741694
18472,-0.006637714512492045
18473,-0.010207023971792371
18474,-0.014034393671573064
18475,-0.01570672607074085
18476,-0.020611152830105624
18477,-0.024757533586683086
18478,-0.027996336793619497
18479,-0.020314480791765153
18480,-0.017187272750605234
18481,-0.019867392482409273
18482,-0.020729886297016182
18483,-0.011951639867088557
18484,-0.0044267865419837385
18485,-0.0058161108275666205
18486,-0.008648381450208204
18487,-0.008064862315379409
18488,-0.0017150515868600608
18489,-0.004079723436317417
18490,-0.012436259913611948
18491,-0.012604718540231447
18492,-0.014304022702747296
18493,-0.008944153696450413
18494,-0.007979852064458382
18495,-0.008251615001456785
18496,-0.0014857748982470887
18497,-0.011019208905595318
18498,-0.014512624844897664
18499,-0.01051866078468011
18500,-0.007595283802358935
18501,-0.006704641769257057
18502,-0.00787061375269293
18503,-0.005627221253619444
18504,-0.0037085209725038733
18505,-0.004397552964885855
18506,-0.006107117306679296
18507,-0.003643959118854335
18508,0.001879830500352494
18509,0.00030179651082698044
18510,0.0068336470407242625
18511,0.00677844969309216
18512,0.001524043961853554
18513,-0.003394457934792608
18514,-0.003204720122755705
18515,0.0037022423539719014
18516,0.0006448487351846707
18517,0.003155993891123426
18518,0.003171755020186258
18519,-0.006702283916277594
18520,-0.00815558240611203
18521,-0.011632691187741953
18522,-0.007726699095862576
18523,-0.011323064983069448
18524,-0.013880676382202393
18525,-0.011289442329973053
18526,-0.005515876366694957
18527,-0.004379176780741598
18528,-0.010174675234162076
18529,-0.00873412658323499
18530,-0.002469714573944738
18531,-0.002133439001870131
18532,-0.003130876579459705
18533,-0.003676163514297712
18534,-0.005142550871502733
18535,-0.007554387170983783
18536,-0.00505885530224691
18537,0.0031742782776581022
18538,0.008860255496542561
18539,0.008125233298846388
18540,0.0033782672727871122
18541,0.0031772884847127473
18542,-0.0033810008547909393
18543,-0.0019172912115051654
18544,-0.017100491386745336
18545,-0.016760132410419157
18546,-0.017290471682275172
18547,-0.025225996344298496
18548,-0.026282574678391676
18549,-0.024781069344405247
18550,-0.033642343019968136
18551,-0.03405909064232709
18552,-0.029814403579548534
18553,-0.028462861602845762
18554,-0.041826786852730835
18555,-0.04448469647386877
18556,-0.04190914407406181
18557,-0.04035363542265804
18558,-0.04549633689882132
18559,-0.04860001575498644
18560,-0.05123219084642486
18561,-0.04818636015528913
18562,-0.034881459145366965
18563,-0.03487413966485569
18564,-0.01991177436102636
18565,-0.018157347528702197
18566,-0.012292587043995492
18567,-0.009901489302278715
18568,-0.0059502963237926835
18569,0.001485722086139493
18570,0.005491628902012357
18571,0.0025637349330888464
18572,0.004158248828040634
18573,0.006270853006876859
18574,0.01955965013203225
18575,0.024477367388465614
18576,0.023318273063461542
18577,0.023336470874879903
18578,0.020332319108693715
18579,0.02493431618875519
18580,0.027332311262625072
18581,0.0313297677494037
18582,0.021976306403826137
18583,0.018904507161164433
18584,0.021267952219990265
18585,0.023649751636582148
18586,0.019139235889486676
18587,0.0185591324881516
18588,0.015964815387476832
18589,0.005522612054955207
18590,0.009409540459244123
18591,0.01147275669843551
18592,0.016651875253895696
18593,0.01718945273586786
18594,0.02476431962063412
18595,0.0258462659257251
18596,0.02018713929429985
18597,0.017550558687216306
18598,0.02656249339523612
18599,0.03148715538097559
18600,0.033559201433483926
18601,0.0143007756057115
18602,0.011536907752000796
18603,0.014950436329746703
18604,0.00980951053793961
18605,0.00989027065749035
18606,0.007651663251885511
18607,0.013464337495723767
18608,0.008250502125733538
18609,0.010251094153135956
18610,0.00666572438953731
18611,0.0074011380422134895
18612,0.0038640851151275583
18613,0.0011927407245420696
18614,0.002451109107523185
18615,-0.0011937881178858167
18616,0.007638672084000328
18617,0.010209532576082472
18618,0.005571211864169511
18619,-0.005012664694238135
18620,-0.001043321348990515
18621,0.015381089295891803
18622,0.01866252679315643
18623,0.020440264697518317
18624,0.023144624631657
18625,0.006621910055140586
18626,0.008587739926053948
18627,0.006989297525574054
18628,0.010451321760237798
18629,0.014165818525191462
18630,0.0147937524206075
18631,0.006407678542197559
18632,0.003511916550582876
18633,0.004965082964432625
18634,0.009411821148101495
18635,0.00836870934422747
18636,0.0024255601820566243
18637,0.009198170089668209
18638,0.00955112418918364
18639,0.016281013200502854
18640,0.018947739490614266
18641,0.012471654709130427
18642,0.011856813982238227
18643,0.015618042389258312
18644,0.011872927469257638
18645,0.023136842116871233
18646,0.02765394059024601
18647,0.03064910759746249
18648,0.028644229894688126
18649,0.02018416416555991
18650,0.022655776960106087
18651,0.03150302976412215
18652,0.03591504817134092
18653,0.03770852591681725
18654,0.02489103259065867
18655,0.0238898410304665
18656,0.025521160556141176
18657,0.017240264054807334
18658,0.01325053081082366
18659,0.014753426786905525
18660,0.010513128786633411
18661,0.01846813582598105
18662,0.01856005128797357
18663,0.013636462488451687
18664,0.017849506840255467
18665,0.02285992060626383
18666,0.017508757323424596
18667,0.014071200370005213
18668,0.01635362958941896
18669,0.02032510481393419
18670,0.005269218259979211
18671,0.0006802631850185131
18672,-0.002013475288766623
18673,-0.0007341251759369247
18674,0.0010820659036769307
18675,-0.000455635466002797
18676,-0.0023323174262716824
18677,0.005167699470459073
18678,0.008853203982367244
18679,0.0029799097437064673
18680,0.00617898920391358
18681,0.0032617798272115313
18682,-0.00455639036397619
18683,-0.0017894967980562023
18684,-0.0008912957784484965
18685,-0.004509267747816149
18686,-0.004137497737347064
18687,-0.003463325666898234
18688,-0.008120247788562513
18689,-0.00590143892898083
18690,0.0037076025573717017
18691,-0.005216086209756464
18692,-0.006048067444467612
18693,-0.007239445430960106
18694,-0.006124901561229543
18695,-0.002437572585746904
18696,-0.0032576662705445215
18697,-0.003749640679286919
18698,-0.009176804331517196
18699,-0.007000079016043463
18700,-0.009073665579140569
18701,-0.006706011134509099
18702,0.0020262297490125742
18703,-0.0067178668404532516
18704,-0.013634506467725184
18705,-0.01384894794517783
18706,-0.013529814891039178
18707,-0.010425293194029938
18708,-0.004805136677553169
18709,-0.007227806003957254
18710,-0.008764532544988296
18711,0.0022819181451623005
18712,0.007251218668478688
18713,0.004957474932598952
18714,0.002573707467394752
18715,0.00448203371844967
18716,0.010662246442660301
18717,0.003977367530014978
18718,0.00735102324032915
18719,0.010134617325672293
18720,0.005334039988770953
18721,-0.0009302397321930886
18722,-0.0023065695136577453
18723,0.0037384226175370175
18724,0.005324520876341891
18725,0.006292482778792922
18726,0.004194530666245373
18727,0.0032660409447406546
18728,0.004136629212042784
18729,0.0048066800267201155
18730,0.013225943582343585
18731,0.019434385303613157
18732,0.015005852522833811
18733,0.018100835560934527
18734,0.02013148641745194
18735,0.01722825640856166
18736,0.0018316313784893148
18737,0.0051355389563682826
18738,0.006090691162653805
18739,0.0009717309817231917
18740,0.00783105644613605
18741,0.012745609787844748
18742,0.02102300269362549
18743,0.021988755707580247
18744,0.02518382510019054
18745,0.025237342594945738
18746,0.022901013769038088
18747,0.023100865234439494
18748,0.02321693305197397
18749,0.022738266220164467
18750,0.016612259184765478
18751,0.010051649300643214
18752,0.011840360099338944
18753,0.009786192846491463
18754,0.006527083822779571
18755,0.007420545616025295
18756,0.01666794034732091
18757,0.005700900327841865
18758,0.00924813677980335
18759,0.01248793117654386
18760,0.01639581933313725
18761,0.01597547878863694
18762,0.008548806804005493
18763,0.006124375049154855
18764,0.0030496143180799005
18765,-0.0009519850970114052
18766,0.005410590333680119
18767,0.0017731875621922392
18768,0.0002877466706384469
18769,-0.0009032770704910146
18770,0.001639099132601087
18771,0.0039758006976478915
18772,0.007669543189578233
18773,0.013390995435632515
18774,0.013282550249647833
18775,0.01501081581798427
18776,0.014239773778299833
18777,0.020882370265653604
18778,0.01798511859006907
18779,0.022412930113255368
18780,0.014645385343224083
18781,0.02699529787700812
18782,0.021671677765533318
18783,0.020403947902104376
18784,0.021388606558185835
18785,0.02101517910468741
18786,0.01785984259605254
18787,0.016669778621828838
18788,0.018328373924606112
18789,0.019714656155514505
18790,0.017703574621959883
18791,0.01789046344624312
18792,0.010922459748153984
18793,0.007106532827820208
18794,0.008200701736004429
18795,0.005683554892820036
18796,0.004337510309087938
18797,0.008356771682781105
18798,0.008309727270489495
18799,0.0018919178168860726
18800,0.007295707434860458
18801,-0.008921522742237937
18802,-0.007581508043017529
18803,-0.006734482457724623
18804,-0.005249352506974501
18805,-0.0006844047514620716
18806,0.0037275825311384255
18807,0.0061464669118135645
18808,0.006908284812618557
18809,0.0068833844272327945
18810,0.005420040373509839
18811,0.005962031287850741
18812,0.008298547588252212
18813,0.005877944385485566
18814,0.01389865641566672
18815,0.018717017587393123
18816,0.021152154052230844
18817,0.02169356438413306
18818,0.024114712715989788
18819,0.025280043429903063
18820,0.023057109849663932
18821,0.02626714324674457
18822,0.029040987343088794
18823,0.03704191767549039
18824,0.04144686397791749
18825,0.03957747082653298
18826,0.0290273739464603
18827,0.02412112734339595
18828,0.02527189993524836
18829,0.024205328589059213
18830,0.025677322543231712
18831,0.024776231162695537
18832,0.024966437244165394
18833,0.023640808023915324
18834,0.015904306859567643
18835,0.006304102418156362
18836,0.003809737184145101
18837,-0.0023315593370277334
18838,-0.0017500258853857763
18839,0.002365809360866354
18840,-0.00033225610062559175
18841,0.003739938436269382
18842,0.002296472094606086
18843,-0.004986278376573368
18844,-0.010032971226561547
18845,-0.008767143462012813
18846,-0.0017789600237194643
18847,0.0033153132071131867
18848,0.006047364471307375
18849,0.007723084591125909
18850,0.017509161151916624
18851,0.01648397857510711
18852,0.014357511901403941
18853,0.01333912592554478
18854,0.015618473910479347
18855,0.020550345264290087
18856,0.026229915739643426
18857,0.033865037838226156
18858,0.03257824437401898
18859,0.039211309062934095
18860,0.04005933064550684
18861,0.036129970184077015
18862,0.02300603639635535
18863,0.022656624335230097
18864,0.0059270434963037116
18865,0.011351893851880814
18866,0.0147235795220076
18867,0.015165111669716463
18868,-0.013899655260441662
18869,-0.013929935288989245
18870,-0.024909563764140955
18871,-0.01791471535486198
18872,-0.02483289345431272
18873,-0.020907941189396113
18874,-0.022839165293409628
18875,-0.02753541523501632
18876,-0.03212273721703775
18877,-0.03806772975186604
18878,-0.041140405309570804
18879,-0.050450681565567146
18880,-0.042991013842497275
18881,-0.04370944857926253
18882,-0.033188837582426516
18883,-0.039155961704146106
18884,-0.014126155308108427
18885,-0.020003917535869893
18886,-0.025957365358586892
18887,-0.026185022686888004
18888,-0.003639754954394608
18889,0.003272790486617466
18890,0.007271117019804408
18891,-0.0036364573432353694
18892,0.00833544120632417
18893,0.01522782767246917
18894,0.014572576704558948
18895,0.023157188323997324
18896,0.020743472663923592
18897,0.02068561181544696
18898,0.019836654097087954
18899,0.013259068955092813
18900,0.002544464682053913
18901,0.0067695964065484174
18902,0.00668178388509173
18903,0.015050200919539923
18904,0.004425978840991506
18905,0.002574890693316687
18906,0.0034251421433990196
18907,0.008347802007061504
18908,0.012289036170157919
18909,0.006630475013584911
18910,0.00038367998613805847
18911,0.006982134330733731
18912,0.0027551818145123753
18913,-0.006419830957796966
18914,-0.007815642877948536
18915,-0.016696655480414862
18916,-0.017050535903468615
18917,-0.007325443725899043
18918,-0.0010846243475132944
18919,0.0041035654681000925
18920,0.005340585821412286
18921,0.001867703009744886
18922,0.0059460087509360365
18923,0.006210919655315101
18924,0.01063044261116414
18925,0.019419827422506815
18926,0.020294084963525916
18927,0.013159505811518105
18928,0.01021247329848316
18929,0.008997605225446872
18930,0.01266227459713582
18931,0.010145470853967092
18932,0.002937272416334973
18933,0.004150892648339264
18934,0.005337530814630053
18935,0.01230714933198866
18936,0.019742857442801888
18937,0.007199743485306728
18938,0.005501018848763729
18939,0.005976444167494457
18940,0.000114302247730184
18941,0.001549690962934079
18942,0.0017308091934029144
18943,0.0015412960055279507
18944,0.0025578124215074353
18945,-0.0005260669601103478
18946,-0.0022803502332731846
18947,-0.00013601890760672042
18948,-0.000477828769546945
18949,0.008160447163860203
18950,0.009088958761143453
18951,0.009992232799881302
18952,0.0183727635156748
18953,0.019039154887621517
18954,0.022003493337102102
18955,0.02178529516548626
18956,0.013681807887004172
18957,0.017884215010793104
18958,-0.001471044844058846
18959,0.00031867196952523963
18960,0.009592145593065812
18961,0.008295285747598712
18962,0.00801847802654672
18963,0.008503478830191143
18964,0.007655825110487472
18965,0.0024536624189021275
18966,0.0017830713226081095
18967,0.002452343476847127
18968,-0.002091561409676665
18969,-0.01397736799004303
18970,-0.014423650854955889
18971,-0.01300800649117395
18972,-0.014442030588670628
18973,-0.01678069210570629
18974,-0.023737042294375125
18975,-0.025769298700273606
18976,-0.01919143851035733
18977,-0.022733030590136632
18978,-0.009832548013251577
18979,-0.002030610720888815
18980,-0.005373368026198589
18981,-0.005310220432455004
18982,0.0015422514573787312
18983,0.00042506813053533196
18984,0.00018233015994342707
18985,0.004752094244542368
18986,0.012506682251256632
18987,0.013364708110596238
18988,0.014600027262733298
18989,0.021079596331520355
18990,0.021827295556288887
18991,0.02533471002425564
18992,0.01890059529723773
18993,0.018259771129983435
18994,0.026085289185061922
18995,0.024841764257518384
18996,0.022229563566660573
18997,0.025203542359917428
18998,0.026868210700947276
18999,0.01754596785549202
19000,0.018914412431241034
19001,0.01941213062769788
19002,0.013362516963656305
19003,0.012157982016104555
19004,0.01110085894020173
19005,0.00835945587409294
19006,0.0013457618636135928
19007,0.0017719636666762137
19008,0.005323582011217423
19009,-0.0016407278050871966
19010,0.0003907170439190001
19011,-0.006159480088310408
19012,0.0068273380532781515
19013,0.008703625726478386
19014,0.007289100572416136
19015,0.008867556153677602
19016,0.009933816361506193
19017,0.00970991505240523
19018,0.007321375987732322
19019,0.000657616530107983
19020,-0.0003987982493408845
19021,-0.0005219791811074792
19022,-0.0017396803409619728
19023,0.002084210896873812
19024,0.006374698854713924
19025,0.00627450923729139
19026,0.0065754182593528625
19027,0.006507185914376953
19028,0.001766172084001326
19029,0.005193162641354659
19030,0.0088906888234877
19031,0.010510332352256683
19032,0.002866427949131277
19033,0.005373421966966312
19034,0.0018444250730070874
19035,0.0023957992172622578
19036,-0.00512593220205418
19037,-0.004553657309713303
19038,0.0007693106444248933
19039,-0.0005637835669640785
19040,-0.0035918229430648312
19041,-0.004583995696548943
19042,-0.0066350434218528246
19043,-0.007131106537822083
19044,-0.01145264696809153
19045,-0.01732793340115555
19046,-0.01564310516870554
19047,-0.016800702670822877
19048,-0.006454549424414719
19049,-0.007198603180178744
19050,-0.013070452035383888
19051,-0.009392827992185044
19052,-0.011132713341633581
19053,-0.014342562554340516
19054,-0.005017609535889013
19055,-0.0035154021371243253
19056,0.0035594731336470987
19057,0.0039082445108663336
19058,0.0016792969381825135
19059,0.009859945357487345
19060,0.014226514853873851
19061,0.014831914740481632
19062,0.017033779781672413
19063,0.02141707743833578
19064,0.020264211514582495
19065,0.025409110447339508
19066,0.019674859903936148
19067,0.022735047303436905
19068,0.014280135730357172
19069,0.01767796080527802
19070,0.017130080325463405
19071,0.013478819924639136
19072,0.012518773457779245
19073,0.010352480175087374
19074,0.0018009718876887757
19075,0.00571632879772228
19076,0.004247894290576373
19077,0.0009797075593240658
19078,0.0007052322828929547
19079,0.0015968707264039832
19080,0.0016216276890897805
19081,0.019519494062508178
19082,0.01835120227321571
19083,0.005633542163186161
19084,0.001359292882733955
19085,0.0016294980713687087
19086,0.00615665113669781
19087,0.0027753514205889106
19088,0.007114066251126091
19089,0.004016245465931557
19090,-9.563957124050395e-05
19091,-0.0025343674507793466
19092,-0.0043906185806406465
19093,-0.003697249856819414
19094,-0.00748980212012614
19095,-0.01357158432885296
19096,-0.014911918221430356
19097,-0.008757187275360404
19098,-0.006579999526670464
19099,-0.009055994033338479
19100,-0.01682331725696656
19101,-0.03785520065451009
19102,-0.03552773161775133
19103,-0.03447635589863291
19104,-0.030763360389799033
19105,-0.025760902555152995
19106,-0.02869604734172175
19107,-0.028548246486814307
19108,-0.025802460029485677
19109,-0.022843978324475517
19110,-0.021585756078203015
19111,-0.02461631034802591
19112,-0.029350595293627945
19113,-0.028435663205828365
19114,-0.020376227277140068
19115,-0.023802217114231965
19116,-0.02063686444417312
19117,-0.02939722648049726
19118,-0.03179415950405303
19119,-0.02352629391604982
19120,-0.016338760508659775
19121,-0.007714775093041842
19122,-0.008654499766120873
19123,-0.004348090630101687
19124,0.003892815687533474
19125,0.0002633425470774295
19126,-0.009700532130785741
19127,-0.015618191000580098
19128,-0.01858021654916714
19129,-0.017548042592641765
19130,-0.007376795865307205
19131,-0.003142107582193916
19132,0.006406502766662795
19133,0.0017584791574307337
19134,-0.004416983722915787
19135,0.00020471920994676645
19136,0.003868970471697421
19137,0.0031546015210155696
19138,0.005923476232775512
19139,0.0025472332393706104
19140,0.0018774590028534865
19141,-0.006973998200749222
19142,-0.008678308373622112
19143,-0.008038871274245182
19144,-0.010348468385732593
19145,-0.0034780289741663446
19146,0.00808836848791944
19147,0.016131305762029917
19148,0.018338034347280218
19149,0.014707045421787713
19150,0.00934976158217926
19151,0.007996217390464076
19152,0.00904473538118777
19153,0.02474773011311005
19154,0.024619289465481156
19155,0.025052107534347102
19156,0.020549080480291596
19157,0.02676651242058856
19158,0.025847506309738637
19159,0.02469367017206741
19160,0.020257262658574447
19161,0.024069388301643936
19162,0.02343595189907788
19163,0.017198679209524843
19164,0.009919548662752287
19165,0.004131602818211741
19166,0.009724538636320309
19167,0.0076186027506934765
19168,0.0029011794843778285
19169,0.0033296693130655582
19170,0.0007207822315197008
19171,-0.0025317450938187112
19172,-0.002594328976446114
19173,-0.011850089942091325
19174,-0.01233520912723494
19175,-0.017652091433339193
19176,-0.01829456071704465
19177,-0.016563693489786376
19178,-0.01630664115562691
19179,-0.01876077170047324
19180,-0.008113948393455181
19181,-0.007134379055954761
19182,-0.00846800266377549
19183,0.00217739440415459
19184,0.0053348842710289005
19185,0.002437490668524961
19186,0.003808819580688398
19187,0.0042919856803157784
19188,0.005823585995405118
19189,0.008882080471619865
19190,0.00552766226363413
19191,0.009972654995572297
19192,0.010670498774160176
19193,0.011377039327120883
19194,0.01569273816375295
19195,0.019445825004002788
19196,0.020558168738790173
19197,0.01940889025375189
19198,0.022273264150056423
19199,0.024504512707394416
19200,0.019391305172498163
19201,0.024041158848829385
19202,0.027112938641666404
19203,0.023415110788372266
19204,0.0270243063758938
19205,0.027654913946803555
19206,0.021851321383483845
19207,0.021788859039156585
19208,0.02010915850128275
19209,0.012320927490176046
19210,0.016935515111792258
19211,0.018285979392171296
19212,0.018425303766049072
19213,0.017754187118752745
19214,0.0201573359817929
19215,0.02129868718023716
19216,0.019621887292541197
19217,0.018990350717672303
19218,0.016382476211279248
19219,0.016667984649600058
19220,0.013358619291277537
19221,0.009246151984453672
19222,0.017500603464992784
19223,0.016854152413046424
19224,0.013137592456175943
19225,0.009781997027704242
19226,0.010469553107241127
19227,0.008210585980677388
19228,0.012230684028235045
19229,0.01838630626087922
19230,0.01689363445960709
19231,0.012901951461260002
19232,0.01446779519661262
19233,0.014544508930154356
19234,0.009581664034733898
19235,0.01478432045795846
19236,0.015181143848402788
19237,0.008005669366185356
19238,0.0065908771175746715
19239,0.004372269387816433
19240,0.01179199868174806
19241,0.01563120815483237
19242,0.008289436054288168
19243,0.007788545967836852
19244,0.0034291778039181762
19245,0.00923421017383067
19246,0.0025252118222896546
19247,-0.0003117359341730961
19248,-0.0029321411437356264
19249,-0.004408999953464685
19250,-0.0003913590162881177
19251,0.0025341636839466665
19252,-0.001104994261812845
19253,-0.005559498682767551
19254,-0.0030403831288717755
19255,-0.01085632226853761
19256,-0.004107632137585899
19257,0.0026615512493621185
19258,-0.0011951131693744732
19259,-0.0044185133486599444
19260,-0.010164622256635088
19261,-0.0030162281407371924
19262,-0.005828886383101321
19263,-0.013051604970898209
19264,-0.008696747118276177
19265,-0.010990410895446293
19266,-0.0053238401459209305
19267,-0.006511768484593696
19268,-0.006388644695495992
19269,-0.006684738496386078
19270,-0.01186896583508722
19271,-0.011139047185979483
19272,-0.008566763625861758
19273,-0.005355090487532618
19274,-0.0050660645522452525
19275,-0.002471188819424993
19276,-0.006738889104058781
19277,-0.007164546887603303
19278,-0.0020065829797418803
19279,0.008777543213831144
19280,0.007192227251722586
19281,-0.004383163432928662
19282,-0.0057010971918508456
19283,0.006861700531228244
19284,0.006604976781923505
19285,0.004950877644937371
19286,0.005680296833459308
19287,0.010704078235205708
19288,0.014254334620846304
19289,0.013715670238536688
19290,0.014346182992393012
19291,0.01664365877331018
19292,0.014132838897307341
19293,0.015492615659264256
19294,0.016474744754245416
19295,0.016599604683958945
19296,0.014781067548950217
19297,0.0206086552216949
19298,0.022644282528272268
19299,0.01506292214352999
19300,0.015989067113055574
19301,0.017139697536669895
19302,0.020575302428603368
19303,0.010613642545485715
19304,0.011013902531642231
19305,0.012244441389017582
19306,0.0032897441649145285
19307,0.0012790211411244394
19308,-0.0019216434401383472
19309,-6.73081364164089e-05
19310,0.0010866048949936722
19311,-0.00026624518516792843
19312,0.0013208743153168756
19313,0.0005054951428157372
19314,-0.0023217367599911156
19315,0.0035152044042546177
19316,0.0031163919019642637
19317,0.0006560645107083227
19318,-0.0018149820649090331
19319,-0.0060144336308878615
19320,-0.00477103028390277
19321,-0.006266804507476954
19322,-0.00631785531400433
19323,-0.0019492256557638074
19324,3.638521627219562e-05
19325,-0.001996255668067499
19326,0.006374731203516242
19327,0.009230461383464065
19328,0.006621665283617981
19329,0.004713975711268628
19330,0.00861265041459112
19331,0.003957192875430434
19332,0.0031401502925239516
19333,0.002151732376430681
19334,0.0009495973489209059
19335,-0.003581045564787658
19336,0.0031189404094542988
19337,0.010213403236993405
19338,0.009513828653992737
19339,0.017483114094988695
19340,0.016632908634516833
19341,0.016700582803826296
19342,0.014398213568231785
19343,0.01703702865686822
19344,0.012073234788251523
19345,0.016926795881208503
19346,0.011020807134375742
19347,0.01022407807620318
19348,0.019722314139663064
19349,0.021635591681486793
19350,0.01753176663839993
19351,0.023841883691427493
19352,0.02703204628772191
19353,0.02715912046133301
19354,0.02655654928459616
19355,0.027531757668334877
19356,0.021882941468894163
19357,0.011689391738087538
19358,0.015156021487952349
19359,0.010789484552832839
19360,0.009070429659219758
19361,0.004906726358892105
19362,0.009505411903457528
19363,0.009455383014408123
19364,0.013784724039308176
19365,0.01072127409468147
19366,0.02054609471087677
19367,0.019603806882613324
19368,0.012644967624444494
19369,0.010807937112029672
19370,0.007254122585246227
19371,0.004071466228432458
19372,-0.002380182344952954
19373,-0.003120418933079384
19374,-0.001061174533526777
19375,-0.015832173689828147
19376,-0.016334152378401117
19377,-0.016730727329368082
19378,-0.024586789012410952
19379,-0.03164442720246114
19380,-0.025928626532880788
19381,-0.022804165821708283
19382,-0.031239654409675053
19383,-0.034697767198039825
19384,-0.04084932334499055
19385,-0.03430536082562143
19386,-0.03846990596389283
19387,-0.03432373402832821
19388,-0.03077579494372093
19389,-0.026925455166970612
19390,-0.026216294697856943
19391,-0.02455903245178001
19392,-0.021949561682840325
19393,-0.018746095175472727
19394,-0.01863039218167567
19395,-0.006243380650599149
19396,-0.015362712336077878
19397,-0.010802971841674185
19398,-0.007957427200577507
19399,-0.002256513122691479
19400,-0.009774414035207757
19401,-0.010300551575090152
19402,-0.0016989023085811415
19403,-0.002932415362529555
19404,0.0018504366122500979
19405,-0.00040439253965482116
19406,-0.006551751160421559
19407,-0.010462858832877155
19408,-0.01936827125270117
19409,-0.022707798855586284
19410,-0.02052923314036379
19411,-0.01848869508560568
19412,-0.013425371333314668
19413,-0.014715662226676175
19414,-0.018861112204862675
19415,-0.022053353796466023
19416,-0.014821229724179822
19417,-0.018364118390870626
19418,-0.012640559903280026
19419,-0.009821405957255338
19420,-0.006928917138025572
19421,-0.0007988005616121986
19422,-0.0021874209894077084
19423,-0.00010608024386320718
19424,-0.0012642783103280202
19425,-0.009219462405342058
19426,-0.013641677055532639
19427,-0.016531190512273437
19428,-0.012350550178624626
19429,-0.013341237579042561
19430,-0.013162869630747443
19431,-0.016004794565533494
19432,-0.02680071932747508
19433,-0.019217308244680174
19434,-0.013154139696874395
19435,-0.007933593148562144
19436,-0.003357154265602938
19437,-0.004512246009349904
19438,-0.007388696075136936
19439,-0.014417927708310132
19440,-0.01480548410069276
19441,-0.017361687211544095
19442,-0.017817508211177634
19443,-0.019758489948765258
19444,-0.017618702732712484
19445,-0.014118272653523174
19446,-0.003203903631818362
19447,0.0014397358031213265
19448,-0.0007873241057201874
19449,0.0004947345933688702
19450,0.00651258135064295
19451,0.007443272579822009
19452,0.015048738428179217
19453,0.006154621887987795
19454,0.006506470679026015
19455,0.004527359819266201
19456,0.006756099391191237
19457,0.005832356458622101
19458,0.005766946337878967
19459,0.012482817851005829
19460,0.012641288885063863
19461,0.007545383957735592
19462,0.007620657235915143
19463,0.012400435589824626
19464,0.01117850132190923
19465,0.01191137567082107
19466,0.011984036838212107
19467,0.010828751987047011
19468,0.010146483765006159
19469,0.00857457492333017
19470,0.010123745191167854
19471,0.007024118625141941
19472,0.005179652338896977
19473,0.006882188090089236
19474,0.007147498375568551
19475,0.005982027458928219
19476,0.0016893877762153692
19477,0.00899022856521287
19478,0.00968717511410214
19479,0.006803645762660348
19480,0.006863513479471339
19481,0.0069582737249871095
19482,0.006277426278823222
19483,0.00161109958606386
19484,-0.0019132707112083005
19485,-0.0031734300330539134
19486,-0.008543885927195639
19487,-0.01663237860048223
19488,-0.013658429975617302
19489,-0.016705164944010482
19490,-0.02693322715187472
19491,-0.02576131892238368
19492,-0.02583775040982526
19493,-0.026449355131288294
19494,-0.029180997067448682
19495,-0.034747853327650326
19496,-0.036622650787931456
19497,-0.043513394821841925
19498,-0.043536660758027645
19499,-0.043131965028578405
19500,-0.042796688838039505
19501,-0.044782864602219724
19502,-0.0445772673102385
19503,-0.04610390511071608
19504,-0.043607693510643676
19505,-0.042230006760671075
19506,-0.03699684015033069
19507,-0.02237645385699788
19508,-0.01859973305550937
19509,-0.013787256783812901
19510,-0.010374151955009943
19511,-0.0081879754049611
19512,-0.007550409125415827
19513,-0.005799039903976
19514,-0.00832311129025866
19515,-0.0009624444727198644
19516,0.0045923855771608625
19517,0.005588697890478881
19518,0.005469897406825368
19519,-0.006788878356999091
19520,-0.009727485784107983
19521,-0.009387717441876409
19522,-0.012604087050473748
19523,-0.0038158757980855606
19524,-0.002685528751237793
19525,-0.005752706782941128
19526,-0.008376206104688382
19527,-0.01506859439732473
19528,-0.02421310693992195
19529,-0.020832582060880844
19530,-0.019392445530203906
19531,-0.021353987704550194
19532,-0.011095878642356177
19533,-0.012599882526168537
19534,-0.014115887373119827
19535,-0.016421882758447692
19536,-0.020510386407288153
19537,-0.017328194920055127
19538,-0.02031780813948549
19539,-0.006552393835736035
19540,-0.0038013368569086163
19541,-0.0009680801098677675
19542,0.002183757813428247
19543,-0.0037993200956251104
19544,-0.01150623941900279
19545,-0.00931175714346609
19546,-0.005057242780203891
19547,-0.005498602675577449
19548,0.0017708172220282938
19549,-0.006097324274233562
19550,-0.00751975297880904
19551,-0.00708520937074478
19552,-0.010547529963790634
19553,-0.00973539733470241
19554,-0.004665393065854093
19555,0.0030861782788508003
19556,0.0018516922753876138
19557,-0.0023180026021670744
19558,-5.690780317323309e-05
19559,-0.004227276933026097
19560,-0.0043828946270417345
19561,0.002680669326755552
19562,-0.0006907812574798104
19563,2.607605964414826e-05
19564,0.0077787954149787595
19565,0.0043105572257551295
19566,0.005944300095000948
19567,0.008357344238931764
19568,0.008794286332863978
19569,0.013117701034889878
19570,0.015350624784190461
19571,0.017790369491326903
19572,0.011576029924911562
19573,0.013074756030425823
19574,0.008042719013666233
19575,0.002095057042667111
19576,0.0025353773876369743
19577,0.005574745965250336
19578,0.0063809649885744925
19579,0.006520008099388928
19580,0.010988062606588384
19581,0.004963451085982106
19582,0.00957287902698559
19583,0.005565727712938446
19584,0.004855064243089823
19585,0.007599825857041414
19586,0.0030310523354916967
19587,0.00047103459366262476
19588,-0.012430361393830447
19589,-0.009043283655489308
19590,-0.01087820637615731
19591,-0.014935278084786934
19592,-0.01734495466441634
19593,-0.02072390645906608
19594,-0.01622291162007649
19595,-0.014383995385141006
19596,-0.013005016512976222
19597,-0.022006300310881223
19598,-0.02719597323257888
19599,-0.02373200488344545
19600,-0.03243518240392708
19601,-0.03411117098894389
19602,-0.0346401307944781
19603,-0.03015781639776169
19604,-0.034051239535080775
19605,-0.03313595046082102
19606,-0.03787971980477126
19607,-0.04561485281960169
19608,-0.0353544584142219
19609,-0.04817472558850566
19610,-0.05188117854784018
19611,-0.04822187604289574
19612,-0.05283448209941689
19613,-0.04647983509733223
19614,-0.04862841394038066
19615,-0.04422407323596892
19616,-0.04641792972216731
19617,-0.038998194346311174
19618,-0.033247720501484626
19619,-0.036833005738928046
19620,-0.03045465097032571
19621,-0.03337530138530241
19622,-0.03815458495020946
19623,-0.038446083659020226
19624,-0.0385415483830048
19625,-0.033445300853804504
19626,-0.028232567783734088
19627,-0.011033032404926412
19628,-0.012277294946282965
19629,-0.006086564885936126
19630,-0.0034399785365940546
19631,-0.006231702797972184
19632,0.001944622251645869
19633,0.0012196035106294477
19634,0.0042843083554408735
19635,-0.0024002717170335456
19636,-0.0070682762903913
19637,-0.01040872979091414
19638,-0.007941647440212796
19639,-0.0024389565224696296
19640,-0.012719492741290285
19641,-0.008838483338925158
19642,-0.008024916746916714
19643,-0.003905613803437048
19644,-0.000315476629060438
19645,-2.5127435774341517e-05
19646,-0.0027598362682460737
19647,-0.015028327188406868
19648,-0.015056250397434134
19649,-0.014930397391773828
19650,-0.014942295968628276
19651,-0.019496104975007384
19652,-0.0190382927919947
19653,-0.03125776576395966
19654,-0.0358826782405405
19655,-0.037723040939228535
19656,-0.031183940852157654
19657,-0.04310950417323186
19658,-0.049256215596282
19659,-0.050672280517088296
19660,-0.04312551762680289
19661,-0.03947782681161969
19662,-0.028690254105976618
19663,-0.021318381274833178
19664,-0.02128143621755599
19665,-0.025998027314473468
19666,-0.018810328611328028
19667,-0.010286301891718391
19668,-0.009365955218317963
19669,0.002117799875137103
19670,0.0066676695786806175
19671,0.013271092230161454
19672,0.014531244204355073
19673,0.03360556711307593
19674,0.03774527127315436
19675,0.036134408691476654
19676,0.03938754448689291
19677,0.055549334096498974
19678,0.0533223310561909
19679,0.056045020961513134
19680,0.05619083838086613
19681,0.05038030787289202
19682,0.03843506204961161
19683,0.02661708821301059
19684,0.03092116442033865
19685,0.027460769553306234
19686,0.023943248519053197
19687,0.017699572395816193
19688,0.011976551037687735
19689,0.0015389294680025025
19690,-0.0013524088752697278
19691,-0.0011567827044118757
19692,-0.0027086823283117337
19693,-0.02356160965851723
19694,-0.03284854806729868
19695,-0.03077291098478621
19696,-0.03631075917233028
19697,-0.03566842440293289
19698,-0.026336862265339114
19699,-0.02640068245947895
19700,-0.037687757418637176
19701,-0.03613499485660837
19702,-0.03987158906808127
19703,-0.0351020639291735
19704,-0.039237228240804244
19705,-0.03856783096125669
19706,-0.032066959572077634
19707,-0.025682421577656347
19708,-0.02043335760331772
19709,-0.026510075524439694
19710,-0.029225337767942425
19711,-0.0039493170534919885
19712,-0.004481039660707604
19713,0.005106504956203197
19714,0.0038588506275134783
19715,0.001783263146446402
19716,0.005136908562973259
19717,0.011294807822019151
19718,0.009334523954953858
19719,0.006717136178713826
19720,0.02011827564348188
19721,0.021438380174816793
19722,0.029779178802135105
19723,0.029316645161998098
19724,0.022044239446153312
19725,0.02283766189494899
19726,0.011938575871541405
19727,0.006692868071096746
19728,0.0078023442349722145
19729,0.018927481946764104
19730,0.020235873535184655
19731,-0.006453798725205824
19732,-0.0013275740192563367
19733,0.0028177273288041414
19734,0.011183453809062964
19735,0.012851022677924977
19736,0.021378962847405394
19737,0.014018106665148081
19738,0.010340157330195795
19739,0.010473516269715318
19740,0.009661565432227008
19741,0.005856530659447964
19742,0.009391137797890999
19743,-0.0020610657329705856
19744,0.0027240609267930524
19745,0.010211209592387428
19746,0.014533913679175921
19747,0.014011061832955005
19748,0.004617667633061236
19749,0.0008663389290997027
19750,-0.006414349388070672
19751,0.004545902815976769
19752,-9.61933614823951e-05
19753,-0.010094226628542247
19754,-0.006618409873928974
19755,-0.005305119907150433
19756,-0.015884360289469966
19757,-0.017987478195450823
19758,-0.017671026735524533
19759,-0.021847803213934973
19760,-0.024815734849103585
19761,-0.024481784442022436
19762,-0.03309390022297524
19763,-0.028023083769971688
19764,-0.023511715682440808
19765,-0.021687544514473273
19766,-0.025591207547631337
19767,-0.02505992735852121
19768,-0.013952202898200813
19769,-0.015616590519181576
19770,-0.011104316556495604
19771,-0.021251962795823736
19772,-0.022746306754866566
19773,-0.01722525800899847
19774,-0.030685557910932318
19775,-0.025307584320992678
19776,-0.024372294616908194
19777,-0.031672903327441944
19778,-0.034515524863577667
19779,-0.029354674568205202
19780,-0.031154192218807226
19781,-0.030184062871551027
19782,-0.025994230573572325
19783,-0.030539756535630444
19784,-0.03054381920894042
19785,-0.03910397721679136
19786,-0.03076992766229055
19787,-0.02830925403781788
19788,-0.03044929272302858
19789,-0.03838073973188754
19790,-0.03405284821235822
19791,-0.03461202500024595
19792,-0.039361681473498826
19793,-0.03062539705392492
19794,-0.017800949044028316
19795,-0.024877587480838504
19796,-0.025050643227597334
19797,-0.006031706854366829
19798,0.002034888757365407
19799,0.008951777528969956
19800,0.011893782777506206
19801,0.018001025109557887
19802,0.016473912597883427
19803,0.022403386758108948
19804,0.01619782904784464
19805,0.02291395732890311
19806,0.01574134319033679
19807,0.01370971250840394
19808,0.015407099210952483
19809,0.026345027165817873
19810,0.02457795804691808
19811,0.021854626742962666
19812,0.026772838779426836
19813,0.018692211559692893
19814,0.013602972086469971
19815,0.012010980401470509
19816,0.008058217410060714
19817,0.0013718997378115976
19818,-0.004232741080511972
19819,-0.020277295305611894
19820,-0.018144369470818378
19821,-0.02192840528903642
19822,-0.01628254056716201
19823,-0.018412485340510227
19824,-0.010876631557377463
19825,-0.00908759646146779
19826,-0.009011111579236862
19827,-0.009608429764699064
19828,-0.008139207368462053
19829,-0.0017738735543566097
19830,-0.0006256490106285464
19831,0.002492381695678448
19832,0.004744542140871381
19833,0.007303933552526083
19834,0.01390640530793186
19835,0.021407090939975337
19836,0.02665657549534714
19837,0.01807615017324669
19838,0.017738367895396952
19839,0.025826034947534625
19840,0.03026470636424093
19841,0.035840195650196124
19842,0.04627213526597802
19843,0.04969310933698009
19844,0.04552630964139383
19845,0.03738291661803608
19846,0.04556985817527014
19847,0.04772171499222989
19848,0.044911715715658836
19849,0.04436499782614105
19850,0.03986769876238694
19851,0.03692963316608613
19852,0.038981779733271174
19853,0.033361464756518334
19854,0.031447127920492486
19855,0.030882799030949797
19856,0.032027042762310866
19857,0.037935959203029515
19858,0.03256892649894766
19859,0.040585809418966765
19860,0.039138940565676864
19861,0.03086331190350852
19862,0.011289828604523433
19863,0.010466464469935585
19864,0.007302369070089389
19865,0.004958407194454515
19866,-0.00010673637613146906
19867,0.0040998798297280465
19868,-0.0010782742278324688
19869,-0.01060325150823479
19870,-0.013562766068955328
19871,-0.010270198381085848
19872,-0.013717758460798132
19873,-0.0015630937326331874
19874,-0.0003350924578379735
19875,-0.0028860208811318532
19876,-0.006622395530545126
19877,-0.007484800761114108
19878,-0.007949105259286653
19879,-0.01500919424256025
19880,-0.012382713964558267
19881,-0.009691796171966714
19882,0.0023157881290709306
19883,0.005316100787926346
19884,0.009786357738201029
19885,0.011714029516879665
19886,0.010767077703547769
19887,0.006462113685786248
19888,0.012545832068470975
19889,0.02146807500211717
19890,0.028784386257174863
19891,0.024312728171661798
19892,0.02415296338281512
19893,0.013200682863835456
19894,0.001454772780945656
19895,-0.0013158665027488607
19896,-0.0017028962033172525
19897,0.00012542501065440097
19898,0.00871151556569918
19899,0.008823512823274223
19900,0.005076208585151128
19901,0.008463556104289992
19902,0.0031842195675111204
19903,0.0039059583537415974
19904,0.013059298053465875
19905,0.01126549153996128
19906,0.013288678643991095
19907,0.013398435643250562
19908,0.012532244927233255
19909,0.006953853322600748
19910,0.004621140169604378
19911,0.00785746359140346
19912,0.007965495211027657
19913,0.007479865090777905
19914,0.02107180428869534
19915,0.021690978101723046
19916,0.02631238779557729
19917,0.024169036768667152
19918,0.025102710458903492
19919,0.026090996219583665
19920,0.024074476249159014
19921,0.018431922171029843
19922,0.01048968353889327
19923,0.012432871644439342
19924,0.0041619954168409115
19925,0.007932942759462016
19926,0.006475049977365539
19927,0.007967483827123117
19928,0.0038729317953064514
19929,0.003952926536172189
19930,0.010626075243634845
19931,0.013225220807270344
19932,0.013712929665318717
19933,0.015871547767879846
19934,0.012184961032495719
19935,0.014259180344884582
19936,0.008710568821768891
19937,0.01495606918465114
19938,0.011920037056733071
19939,0.005243885700882968
19940,-0.004074218472178433
19941,-6.0093652445427135e-05
19942,0.01081714493900366
19943,0.0022836997446695735
19944,-6.296473896555554e-05
19945,-0.0034282829185284854
19946,-0.005293768188649994
19947,-0.010295555473978115
19948,-0.005257263758422187
19949,-0.010438902625349546
19950,-0.014372863570886834
19951,-0.014179423591164668
19952,-0.01596824825030882
19953,-0.015923204845888574
19954,-0.02180152769153133
19955,-0.026487496650911574
19956,-0.024090131868834845
19957,-0.0192154762900972
19958,-0.022934618635234504
19959,-0.014394951081634638
19960,-0.0118293212455517
19961,-0.01678092518046739
19962,-0.021187449683402262
19963,-0.030026667789411553
19964,-0.02960231620749392
19965,-0.02412353627352142
19966,-0.025427487799481435
19967,-0.022492463461403434
19968,-0.02281807890333025
19969,-0.01379094198194786
19970,-0.015917420750174185
19971,-0.018822583757847035
19972,-0.010767345275957317
19973,-0.00918784710878803
19974,0.0018108272003813158
19975,0.012240548003819242
19976,0.010248761795196057
19977,0.0007516640250247178
19978,0.0020437318680545497
19979,0.001643778076080461
19980,0.009160120112833273
19981,0.010812943356476331
19982,0.004827210483848799
19983,0.01680251670672817
19984,0.020196749514400692
19985,0.01844569680969105
19986,0.021333968735024147
19987,0.017803775278977352
19988,0.010042985322221804
19989,0.006925544413956165
19990,0.01832392092243846
19991,0.012383936361221608
19992,0.009248345894691777
19993,0.0012439677718443746
19994,-0.0009027270283665512
19995,-0.007162521927884826
19996,0.004893415594141409
19997,0.004551840507483729
19998,0.0077607254741696805
19999,0.007959122794495834
20000,0.008706106506123011
20001,0.006780917518033407
20002,0.008465982872027118
20003,0.004401973285648125
20004,0.0023867634373388865
20005,0.0021425780686641915
20006,0.00021861899898707385
20007,0.001433760074520931
20008,0.004638381916783991
20009,0.008742516488287812
20010,-0.0012307209703560631
20011,0.010736289462856834
20012,0.0074237503964616
20013,0.013526226674615739
20014,0.013238384721064412
20015,0.011779766564984674
20016,0.002742446229748276
20017,0.004256556594109177
20018,0.00866397079276231
20019,0.002278125893236459
20020,-0.0043837557222794815
20021,0.0020254620601575135
20022,0.007239974565781765
20023,0.01104131237482272
20024,0.010769531296090625
20025,0.008253176970752773
20026,0.0036383982975555693
20027,0.005543048616439957
20028,0.006477166331779801
20029,0.0036432175934289508
20030,0.005184139417676114
20031,-0.0011699608773198082
20032,0.0029049815728392743
20033,0.0016058624115384732
20034,-0.0003648370705580251
20035,0.0035349695479348063
20036,-0.003758862540928731
20037,-0.007192254638581723
20038,-0.010411835146244565
20039,-0.0042296549430728015
20040,0.0016455188563241406
20041,-0.0030229699005611802
20042,-0.005898649973493277
20043,-0.0061826633718065314
20044,-0.0033451036709756504
20045,-0.0005880608084978736
20046,0.004203601811481321
20047,-0.0012496512813291892
20048,-0.01788075386186443
20049,-0.020161785763384944
20050,-0.0173115524831538
20051,-0.016080154684478768
20052,-0.020576150889008184
20053,-0.014526129593816392
20054,-0.019347312877534665
20055,-0.02589848916636248
20056,-0.02257440783396205
20057,-0.02119700585340152
20058,-0.02308416401792133
20059,-0.019865372455592195
20060,-0.019839797551495585
20061,-0.018706066562281333
20062,-0.01800080096324318
20063,-0.011821341445742144
20064,-0.015783995441948966
20065,-0.02300343514294837
20066,-0.019381273125028027
20067,-0.015553908617197517
20068,0.008119239692641727
20069,0.0063548074654942895
20070,0.0018161034908720038
20071,0.0012153530425908453
20072,0.0007445159111493446
20073,-0.004267967360464917
20074,0.003430742254444636
20075,0.011276586190101301
20076,0.015454345929763549
20077,0.017615297607614697
20078,0.017362589858947473
20079,0.01110792039907065
20080,0.012883964268967239
20081,0.008538568773234136
20082,0.010856587201007545
20083,0.005349075815301962
20084,0.009114731745347071
20085,0.014746089623119156
20086,0.015818836600208303
20087,0.014156365724013907
20088,0.009378209953243578
20089,0.013284926703533472
20090,0.011968944697355252
20091,0.011011076634492209
20092,0.0175504157909311
20093,0.02093780438813481
20094,0.017990279671005086
20095,0.011873684741570153
20096,0.0038930922823595094
20097,0.001740422042514671
20098,-0.002173316053818308
20099,-0.004211624976562004
20100,-0.00482083282301224
20101,-0.0004318215109702455
20102,-0.0065678376493822415
20103,-0.006543799803565024
20104,-0.005594607917518046
20105,-0.0038240206643790405
20106,-0.007089395613230868
20107,-0.005334058486382486
20108,0.002566589881632463
20109,0.0014440729174580737
20110,0.0019123807114307173
20111,0.0031702893814000623
20112,-0.002342060373747187
20113,-0.00865342769511341
20114,-0.008667338730038462
20115,-0.006138145936120468
20116,0.0021351992913712014
20117,-0.004232929126765742
20118,0.004383173764779624
20119,0.005413996384173052
20120,0.007640617739539437
20121,0.00824209289751905
20122,0.021309002360993878
20123,0.02126259118897852
20124,0.01718764865386958
20125,0.015010894282992666
20126,0.014277924742496253
20127,0.012770499043132618
20128,0.010800277283270682
20129,0.011229328904728539
20130,0.01122099796579464
20131,0.009034854720088597
20132,0.006334578278349433
20133,0.00929495429085828
20134,0.01805202770547939
20135,0.018636596172507257
20136,0.01238032388384954
20137,0.01738923159080968
20138,0.024590708809954207
20139,0.02684353859456072
20140,0.023121501932011367
20141,0.027717368329583592
20142,0.020540076216736175
20143,0.01508744407164637
20144,0.013806819050353037
20145,0.016438701782661765
20146,0.014647965158626016
20147,0.01426157511952785
20148,0.008245096830091078
20149,0.013171796422654482
20150,0.025866171987639276
20151,0.02763420926129079
20152,0.038973576222872085
20153,0.04109218777750918
20154,0.028781929174911524
20155,0.029282648971154734
20156,0.03368691825190263
20157,0.035457786854438476
20158,0.02939317085730452
20159,0.02910896923271182
20160,0.028986157882680996
20161,0.02174309364208811
20162,0.026432392340538367
20163,0.026936576855960088
20164,0.027892573863838206
20165,0.02934817290039253
20166,0.031629195701161864
20167,0.03566481258980886
20168,0.03997477809276729
20169,0.03389305191672315
20170,0.02583736051954338
20171,0.026928045168553936
20172,0.01788919240618174
20173,0.016137704030932037
20174,0.01441109351423469
20175,0.013690502148719579
20176,0.008693068743816808
20177,0.012425133865936494
20178,0.006985804075900127
20179,0.017887148583327708
20180,0.012666367541813443
20181,0.016341814294266527
20182,0.010906759129130947
20183,0.018398693866190755
20184,0.019699064175111625
20185,0.010504361880069922
20186,0.011397967047226181
20187,0.008242217817828544
20188,0.002025382364434035
20189,0.0007964507241647804
20190,-0.003263168990089374
20191,-0.008178981522820476
20192,-0.004887993279009315
20193,-0.004333719928822072
20194,0.001904934241906008
20195,0.002259456171933971
20196,0.008490049274484145
20197,0.0032663971609746146
20198,0.0004960348017819601
20199,-0.006909513475182783
20200,-0.0032405682524186343
20201,-0.004576759752877542
20202,-0.0037799960125592703
20203,-0.00938599282404056
20204,-0.010873975215977551
20205,-0.006056824039718614
20206,-0.00558064898396102
20207,-0.007041350872785812
20208,-0.012024836972070095
20209,-0.012642323588593197
20210,-0.013303713234950486
20211,-0.009999365754232869
20212,-0.019589465957417392
20213,-0.030363369874414712
20214,-0.03236868969443538
20215,-0.024917929528298407
20216,-0.029754247541568045
20217,-0.027559037712910336
20218,-0.015417728602264449
20219,-0.02746670171534164
20220,-0.02564486690072911
20221,-0.018504694705943722
20222,-0.015493140011634368
20223,-0.012292399640068594
20224,-0.009255922345796658
20225,-0.015734604025694283
20226,-0.016360708201577697
20227,-0.013922421644419432
20228,-0.012035977438787407
20229,-0.01051470102905339
20230,-0.013078807586022442
20231,-0.008653536709975996
20232,-0.002255169350973974
20233,0.006768556239906172
20234,0.003798461899357652
20235,-0.008835099112188527
20236,-0.0015275479266899127
20237,0.0014979761788701355
20238,-0.007721388624216044
20239,0.0029149358630905856
20240,0.00230250041210604
20241,-0.0054878431810269695
20242,-0.010622831130407448
20243,-0.010017806552013168
20244,-0.01332427681593745
20245,-0.012335463499625129
20246,-0.015675398305402998
20247,-0.016013271972819317
20248,-0.014687409192744706
20249,-0.01189284707398609
20250,-0.008273583881159468
20251,-0.008515084269486294
20252,-0.009390115281645656
20253,-0.005626000866158399
20254,-0.005582654333978437
20255,0.00043017345761235936
20256,-0.00177263136152661
20257,-0.0065193493613176475
20258,-0.010995454694420842
20259,-0.013728584910925642
20260,-0.01805278480576559
20261,-0.01873993567387294
20262,-0.01665238527047308
20263,-0.01361601232973365
20264,-0.015921215477303585
20265,-0.010356253917636844
20266,-0.0035962533052115477
20267,-0.005837897237746093
20268,-0.001819534642397289
20269,-0.006530299888367782
20270,-0.011874718284214013
20271,-0.014792939926887445
20272,-0.014216911023659152
20273,-0.009812327307495906
20274,-0.005378988510326079
20275,-0.009151524898997053
20276,-0.009749415575178324
20277,-0.008347417463780224
20278,-0.012939975743758625
20279,-0.015557682003773594
20280,-0.011205773037254741
20281,-0.008030581554230622
20282,-0.00819300607797062
20283,-0.012149023595973113
20284,-0.006809456673313681
20285,-0.007086338179520606
20286,-0.01072944176583427
20287,-0.007735667534913279
20288,-0.014168410389690215
20289,-0.00657066075861085
20290,0.003835369310860281
20291,0.00429564278127615
20292,0.0048431967725412065
20293,0.0006590009116562278
20294,-0.0039094389514478176
20295,-0.0013692138362283936
20296,-0.00046886527178173064
20297,0.0004169932559212032
20298,0.010881767113449722
20299,0.012264489995453182
20300,0.012254025299551932
20301,0.009799044991895045
20302,0.006455938786450918
20303,0.0014035782584719708
20304,-0.0006909291681501477
20305,-0.005179855001219255
20306,-0.0014777195340952736
20307,0.0019156648470988178
20308,0.007014503854824539
20309,0.0065945026194228155
20310,0.0018736447653734194
20311,-0.0028282727824755012
20312,-0.004270389488839788
20313,-0.006808258127564202
20314,-0.0023692301143277343
20315,-0.004934697553648312
20316,-0.005645162529955179
20317,-0.002909804007863493
20318,-0.008654518459251533
20319,-0.007081119657441915
20320,-0.007377575588550566
20321,-0.014254980820203544
20322,-0.011851568009755273
20323,-0.008495895079258508
20324,-0.002940673778329565
20325,0.0006394074184749434
20326,-0.00377494984517561
20327,-0.008286543458476976
20328,-0.007079018940169989
20329,-0.01546817639583114
20330,-0.016153475571318084
20331,-0.013814919053529905
20332,-0.011113361746243514
20333,-0.01018757457092046
20334,-0.008563004775932206
20335,-0.005349760840131998
20336,0.0011818183926187724
20337,-0.0023765684363688537
20338,0.00674662147101139
20339,0.006584697996536064
20340,0.0075375770460904545
20341,0.02070798446024606
20342,0.022137919634382268
20343,0.02392037270224752
20344,0.017079281757655378
20345,0.013473413630298837
20346,0.013007325908528895
20347,0.013796373407549313
20348,0.01580097949049065
20349,0.019229231515748832
20350,0.020661607988658535
20351,0.020882341211867033
20352,0.021694657982626438
20353,0.021933509548695905
20354,0.0015475650027858376
20355,0.000930441952156348
20356,-0.0010172691277734222
20357,-0.00047253606013477673
20358,-0.004901978350512784
20359,-0.004526158431668814
20360,-0.004547759404697844
20361,-0.010965181800948427
20362,-0.008011560529021867
20363,-0.00991618769196501
20364,-0.009211702135784846
20365,-0.010542586247292568
20366,-0.008206737276625888
20367,-0.009039734590750637
20368,-0.01092399190664029
20369,-0.011913806405053993
20370,-0.018053319110820736
20371,-0.020013485983844895
20372,-0.023762335377575022
20373,-0.025332838825574532
20374,-0.007451988042441737
20375,-0.007705500057839797
20376,-0.011774264472334815
20377,-0.019501005868445248
20378,-0.017140994830024063
20379,-0.01439324640413079
20380,-0.014172587653130507
20381,-0.01786877536087952
20382,-0.021311985973492625
20383,-0.018738551031961082
20384,-0.015447440261811957
20385,-0.00920003464004724
20386,-0.012048003060400308
20387,-0.011408622908124152
20388,-0.010303856843236273
20389,-0.008563920994576662
20390,-0.0032305723214459845
20391,-0.0005262783548747006
20392,0.006027317332334075
20393,0.005709895150686674
20394,0.005360427665784609
20395,0.016872751247408925
20396,0.01684334167310968
20397,0.023728044826114562
20398,0.019168798961319216
20399,0.017217156221616212
20400,0.016454903870544383
20401,0.020134446191398543
20402,0.024867189814258235
20403,0.023995866410079756
20404,0.027737729973284782
20405,0.028566575679287498
20406,0.02888567980437528
20407,0.030956301152120592
20408,0.03147454320155084
20409,0.03069135769619954
20410,0.02842919321474625
20411,0.03350248276117344
20412,0.028560297376324678
20413,0.02622829489873021
20414,0.027787188936696954
20415,0.014387629377868
20416,0.011249602330159359
20417,0.00660868174028615
20418,0.00918432199309496
20419,0.011211855918342908
20420,0.012872233058514723
20421,0.014165575328043542
20422,0.0082969864198373
20423,0.008765153695653609
20424,0.004023556240651542
20425,-0.0005978811619238154
20426,-0.004843210211372431
20427,-0.006874315502237877
20428,-0.006850749999746986
20429,-0.004868504073917406
20430,-0.003304065828815242
20431,-0.009644174186845838
20432,-0.008419524157051403
20433,-0.01048288272067914
20434,-0.00995160119892731
20435,-0.009182224051626973
20436,-0.006520341559325197
20437,-7.76852347112494e-05
20438,-0.006803288845756432
20439,-0.010775879558060352
20440,-0.01469997262683389
20441,-0.014441449664701437
20442,-0.018627011904589964
20443,-0.019611937242611628
20444,-0.015700159902712747
20445,-0.01228356673193067
20446,-0.011454746999856111
20447,-0.011342705961709413
20448,-0.013092353189347138
20449,-0.016361913845175668
20450,-0.017162910552483673
20451,-0.023809511682040686
20452,-0.02347916691568938
20453,-0.023031177175462762
20454,-0.025522836759085163
20455,-0.02739162886834698
20456,-0.02359906619297576
20457,-0.024882858121730744
20458,-0.012952972299664267
20459,-0.014389936965036671
20460,-0.010749482597464752
20461,-0.007974968843362311
20462,-0.0028499770529713123
20463,-0.001590084818308525
20464,-0.0013084656338902103
20465,-0.0010579462634221271
20466,0.003454121313201195
20467,-0.0014272641264686627
20468,0.0036287347675487257
20469,0.007558288959757895
20470,0.007242189168030725
20471,0.014703430765726812
20472,0.013502814529608739
20473,0.013765758714965718
20474,0.01594443816556163
20475,0.018897898507719568
20476,0.014158795732735147
20477,0.009566339525248777
20478,-0.0005868588774409649
20479,-6.112281837046894e-05
20480,0.003327926210965048
20481,0.000602374224598576
20482,0.0014522422859179302
20483,8.646523890289402e-05
20484,-0.005791345350520691
20485,-0.00684547581471872
20486,-0.008852150487844547
20487,-0.001101254395969658
20488,-0.007521106089495526
20489,-0.005277698937634003
20490,-0.0039110906475293885
20491,0.0005250153622272713
20492,0.0015256073070859404
20493,0.0065667420960421035
20494,0.004985474911550343
20495,0.0040574109356198715
20496,0.005341039836833736
20497,0.0070775947924964526
20498,0.01357969735516903
20499,0.014462542817850841
20500,0.004859590259483692
20501,0.0038139478786338105
20502,0.0020162765971479557
20503,0.005647193306616053
20504,0.008046364617217293
20505,0.009370141842024405
20506,0.012509820542641612
20507,0.011877674650677988
20508,0.012688480694383336
20509,0.016827528347291957
20510,0.01806315384363393
20511,0.014831481924998662
20512,0.015801659627115005
20513,0.010592816274634423
20514,0.011096075708731622
20515,0.012656478087682128
20516,0.009277619089606167
20517,0.011260034469965262
20518,0.007771715373447611
20519,0.012135379648233264
20520,0.01745789938317185
20521,0.01622349552617555
20522,0.012496873652185943
20523,0.011629164056181491
20524,0.008325134939739158
20525,0.009646518431080742
20526,0.008165918670977195
20527,0.0010061504591360052
20528,0.0018105844592225205
20529,-0.0071458745355435175
20530,-0.009362234957107182
20531,-0.013428398082836676
20532,-0.020059412657810905
20533,-0.021657822985858943
20534,-0.025330560866915267
20535,-0.025637317755904016
20536,-0.023124073680906396
20537,-0.022636194078674086
20538,-0.02236063251305021
20539,-0.025784735471054056
20540,-0.022709723234191143
20541,-0.017952636278087058
20542,-0.01367180031539139
20543,-0.015743661887972302
20544,-0.015556974043787131
20545,-0.017258425504162872
20546,-0.018376546041290118
20547,-0.013675666588142857
20548,-0.02316654886141884
20549,-0.02139233939901922
20550,-0.022211775706719086
20551,-0.019575287008644724
20552,-0.016107547235951952
20553,-0.010890126472006637
20554,-0.012119369983088974
20555,-0.011782542281293858
20556,-0.01211311676312481
20557,-0.010322565550981743
20558,-0.012143161981385792
20559,-0.015043828969505664
20560,-0.025255111428069403
20561,-0.02941317047196394
20562,-0.0277849068843908
20563,-0.027500091772101103
20564,-0.02598490223073197
20565,-0.0259178645634787
20566,-0.023142073119874935
20567,-0.024580343651798283
20568,-0.013075175393910558
20569,-0.015532348919822551
20570,-0.013720312067586386
20571,-0.014044722476085002
20572,-0.005505897023457062
20573,-0.0036060505738304744
20574,0.0010156917666324919
20575,0.00029484055333236754
20576,-0.0028586992563118304
20577,-0.002884605787178089
20578,0.00018060069475985482
20579,0.0028863895630603367
20580,0.008592974242611458
20581,-0.00025873317635439824
20582,-0.0036199905785073497
20583,-0.006468008187352104
20584,-0.009141696966832407
20585,-0.00754429335207436
20586,-0.00915989849734711
20587,-0.004911469266004406
20588,-0.00870145854558798
20589,-0.007694543926723988
20590,-0.013106523823352699
20591,-0.015683098703740038
20592,-0.0223765417870624
20593,-0.02429772546708685
20594,-0.02403739969078986
20595,-0.024011510379745693
20596,-0.018092341830563713
20597,-0.018307884568575683
20598,-0.01917522500599485
20599,-0.01954400309578783
20600,-0.018799783961429277
20601,-0.010255088537869776
20602,-0.009865274633504022
20603,-0.006640414301492418
20604,-0.004710165123767795
20605,-0.0032659106133533233
20606,-0.0029929471457415245
20607,-0.006136411796386298
20608,-0.0065028550227927175
20609,-0.00941256032707269
20610,-0.0007032779686688426
20611,-0.003639989058992462
20612,0.003883630657105029
20613,0.00473514900404677
20614,0.0028420020367366894
20615,-0.0014927842028354997
20616,-0.0037841047174850093
20617,-0.003847717438701222
20618,-0.0011778528244852024
20619,-0.0031054099538510745
20620,-0.0012712074993720447
20621,0.0008422829823328557
20622,0.0030468712106106258
20623,0.0020944049813225443
20624,-9.61246421578369e-05
20625,-0.0036037897901122266
20626,-7.435042024093392e-05
20627,0.004083528800465061
20628,0.009352404946408287
20629,0.012333466096325523
20630,0.013208448824790659
20631,0.020217616131425236
20632,0.010060846068759944
20633,0.008375865206856657
20634,0.009607859940806424
20635,0.015647347837407274
20636,0.019187726157727954
20637,0.018811858784587188
20638,0.015502099340575757
20639,0.013937884705817713
20640,0.012017334312788447
20641,0.01157560902578179
20642,0.011926947847408283
20643,0.012534252558442696
20644,0.013703252206568805
20645,0.013221731760251416
20646,0.006424676081865562
20647,0.0015532767506990796
20648,-0.0019903725357911465
20649,-0.0023203692972359555
20650,-0.00811939553753071
20651,-0.010201847658529469
20652,-0.008795109582117419
20653,-0.006967684177778881
20654,-0.0032518806545697035
20655,-0.003924491852289527
20656,-0.006009895693115442
20657,-0.005927626323959457
20658,-0.005191846713126868
20659,0.0001120953543647661
20660,-0.002581337926158636
20661,-0.002770577724044968
20662,-0.006128403920330705
20663,-0.008272281578770637
20664,-0.008674287593516093
20665,-0.0074604069646416
20666,-0.007440938980459516
20667,-0.006032576769025393
20668,-0.007449069093387628
20669,-0.0058385942488257125
20670,-0.004476788400702804
20671,-0.010650707674456108
20672,-0.011259198014378982
20673,-0.009187310780712424
20674,-0.01366289437658969
20675,-0.012148969899208831
20676,-0.015140216783402995
20677,-0.012089256010183845
20678,-0.012705464450790245
20679,-0.013951385816055739
20680,-0.010090127636850212
20681,-0.008745158601755138
20682,-0.007502325945423755
20683,-0.007793370228447778
20684,0.0028768920133823528
20685,0.0034483358980230585
20686,0.01571522239181374
20687,0.018993887827449322
20688,0.020940465561344608
20689,0.02308277344799787
20690,0.021728483863233415
20691,0.0299441732582835
20692,0.028140031778569517
20693,0.024492523874348276
20694,0.025421329611998972
20695,0.0206161853334639
20696,0.019960519733372886
20697,0.015528303156761104
20698,0.01885143116520325
20699,0.017377562459832237
20700,0.01771529280208714
20701,0.017103795010358268
20702,0.019661945341649088
20703,0.022190089779005485
20704,0.012573810146635665
20705,0.011170313717461348
20706,0.002551164837048752
20707,0.00011889976328138614
20708,0.0026771069532824667
20709,0.00036722879641159627
20710,0.007066788278633838
20711,0.009507544204094694
20712,0.012607465423422878
20713,0.013370305423681984
20714,0.011916359807710207
20715,0.014034697891330035
20716,0.017835739083981093
20717,0.01750856193891401
20718,0.01570106010710797
20719,0.019590628798422872
20720,0.018742154068827822
20721,0.017871182764042048
20722,0.0158034296501512
20723,0.011778410698375595
20724,0.011860621664719581
20725,0.012964492111645968
20726,0.011206535980482862
20727,0.01164156536785217
20728,0.0107592231488643
20729,0.009385579718345938
20730,0.004265125888741988
20731,0.0031109249606638837
20732,0.003033905041298479
20733,0.0032717055308705643
20734,0.0071970293734369565
20735,0.00512495301169906
20736,0.0029722810244693035
20737,0.004795768176224535
20738,0.004515886690499056
20739,0.0022134188648515853
20740,-0.0008176079890348325
20741,-0.0032029254216366715
20742,-0.0029401210503572847
20743,0.002983750181935948
20744,0.004062801698036789
20745,0.0034392023198002403
20746,0.005322874608032651
20747,0.003981525513162147
20748,0.001971075974979044
20749,0.006786103757721003
20750,0.009249678099028496
20751,0.008647252332388508
20752,0.009909756689702438
20753,0.012834845048836445
20754,0.005680070109359411
20755,0.010108623123465681
20756,0.011821428107672872
20757,0.010001107258037475
20758,0.01615461620250552
20759,0.016789650687380475
20760,0.019722321110715594
20761,0.016626627348864026
20762,0.018039094477538903
20763,0.017976674845684496
20764,0.0165114119671439
20765,0.012064125924833273
20766,0.011181229945677199
20767,0.013000502205421455
20768,0.011850949739753036
20769,0.006923819893863773
20770,0.00344673032279882
20771,0.0024513023896334525
20772,-0.00035429447064090695
20773,0.0007732641361066975
20774,0.0012422331458394626
20775,-0.001209662085983666
20776,-0.005369001421689431
20777,-0.005231658194565708
20778,-0.011832238610478924
20779,-0.011885441296347126
20780,-0.009928067380386674
20781,-0.00031540043172189605
20782,-0.002532264484939472
20783,0.004888960534487448
20784,0.005542075828066374
20785,0.014532410063856242
20786,0.01241148907320217
20787,0.010678958447345399
20788,0.011392270309580106
20789,0.011735183275792016
20790,0.010865896690761068
20791,0.012435199075737183
20792,0.014857864189738699
20793,0.011035606457505261
20794,0.019368322182794825
20795,0.021101858159210226
20796,0.02429737576677656
20797,0.026112873603326706
20798,0.02357310845689333
20799,0.02688577722373206
20800,0.023660143907704677
20801,0.018962033388146345
20802,0.02157093571065056
20803,0.01225128169405813
20804,0.013118154102291363
20805,0.00903021039294986
20806,0.00415262448047819
20807,0.0011288344055950374
20808,0.0038313301660057642
20809,0.007096251374394617
20810,0.005444424286497649
20811,0.004453890758354403
20812,-0.0016848251689767471
20813,-0.001392900590684073
20814,-0.005384689135250538
20815,-0.00519459645072443
20816,-0.004364993687814918
20817,-0.006880731637380656
20818,-0.007997365727887873
20819,-0.009217743673144643
20820,-0.00800790708222937
20821,0.007707265761826392
20822,0.011783816483375124
20823,0.011306350925343633
20824,0.005237256681759809
20825,0.004856352438880111
20826,0.014406027249486565
20827,0.009622128870691249
20828,0.00934595496255296
20829,0.006582342367935703
20830,0.007347714045923093
20831,0.007972762423707567
20832,0.012069064435532323
20833,0.01883812609364666
20834,0.01899790924574056
20835,0.018905978628905022
20836,0.019406975893861814
20837,0.02446443912243586
20838,0.02783125113420849
20839,0.02866380637768234
20840,0.024483536927695806
20841,0.008590567373815335
20842,-0.0013137344970141685
20843,0.0003712741582755125
20844,0.0064522696719373
20845,0.005149952065331791
20846,-0.002120383411522168
20847,0.00475743812120195
20848,0.003999146902062984
20849,0.0012472605928954253
20850,0.004237487983205494
20851,0.007009480509778638
20852,0.009002173223795814
20853,0.004225460153258205
20854,0.0010746799236247874
20855,0.0037563206003353136
20856,0.0028304577408414205
20857,0.0016264608543085585
20858,0.004725315241509362
20859,0.001190870436844597
20860,0.006117110566433395
20861,0.0026811602093452644
20862,0.004468992896601032
20863,0.0005116468549358652
20864,-0.004120977194433383
20865,-0.004048173035757421
20866,0.002102936627518358
20867,0.004482303550073244
20868,0.0036371542235169876
20869,0.0032125993067022196
20870,0.0007574358996138009
20871,-0.002029879608771449
20872,-0.0020208358141129133
20873,0.0028027231129794106
20874,0.007246115523557191
20875,0.00036746635169548913
20876,-0.00675432169660007
20877,-0.011514829603821492
20878,-0.014520294004142752
20879,-0.015692522831092303
20880,-0.019622462233190585
20881,-0.014456432510239026
20882,-0.007473514492341086
20883,-0.005524250477019953
20884,-0.00619073970489862
20885,-0.005248305844580808
20886,-0.005580130989691636
20887,-0.003908645688685979
20888,-0.004801491324126494
20889,-0.0023245155183579634
20890,0.0008439817064905359
20891,0.009468341534805734
20892,0.008610863118961887
20893,-0.007076381041837734
20894,-0.007165348382136693
20895,-0.004126289713063227
20896,0.0011373627140405748
20897,0.005650570987326704
20898,0.007417443479455373
20899,0.010983768505995976
20900,0.015826207439022362
20901,0.014570315923917766
20902,0.006129767527693663
20903,0.006441920914498766
20904,0.010801400710374534
20905,0.011903744952532077
20906,0.0034608408053282223
20907,0.0026020181981609835
20908,-0.000627045636541227
20909,0.0008134287143831101
20910,-0.0002449249162965285
20911,-0.008505506833811509
20912,-0.008867551553062607
20913,-0.0011975576598607447
20914,0.0003342083923605522
20915,-0.0029687227756265374
20916,-0.0004015078574067829
20917,-0.004970285795157591
20918,-0.007102528028955529
20919,-0.00923238402760475
20920,-0.019399920740055768
20921,-0.01849388951009946
20922,-0.014503831930440319
20923,-0.016514018471485228
20924,-0.009877875254436848
20925,-0.012154120035025319
20926,-0.0014541530176106745
20927,-0.00182041809400031
20928,0.0015521124115041008
20929,0.0056596863784843495
20930,0.0047455225388620265
20931,0.003559741499413041
20932,0.002013641731248508
20933,-0.000651865447390676
20934,-0.003076971263952007
20935,0.0038144408283027798
20936,0.00401868346654652
20937,0.005940336622402361
20938,0.004535189288723876
20939,0.0021589866916157086
20940,0.011210919283798363
20941,0.006631530211324262
20942,0.0061700139134669265
20943,0.007979993804149193
20944,-0.0027998851714207866
20945,-0.0021376967407767647
20946,-0.005499301719593616
20947,-0.010346398055011804
20948,-0.006327762800545676
20949,-0.011305530122074987
20950,-0.012530317085428058
20951,-0.013188124231216302
20952,-0.011444073522185431
20953,-0.006973321462009475
20954,-0.009199809794961059
20955,-0.013589507469758826
20956,-0.017938525467393513
20957,-0.013024260273860382
20958,-0.011633765309924302
20959,-0.005331164633926176
20960,-0.0061248745305868355
20961,-0.0030187304693160485
20962,0.0013798151047759554
20963,0.005772189808566428
20964,0.009905294084281174
20965,0.023526864847732597
20966,0.023986114928160537
20967,0.026632000314354837
20968,0.02468943386196777
20969,0.026269069092576914
20970,0.030657785191579343
20971,0.03277196279698588
20972,0.03427761547941488
20973,0.03284783329241502
20974,0.039226739857969414
20975,0.0441174989601995
20976,0.0469898763876243
20977,0.04375043040420542
20978,0.04347887316505566
20979,0.038419679803029634
20980,0.03670012091231927
20981,0.037884845685841675
20982,0.03444385200805978
20983,0.03366036692507614
20984,0.03137805059893633
20985,0.018183384109236356
20986,0.010680397894194095
20987,0.010437547199716499
20988,0.009235351316134342
20989,0.009448854703169907
20990,0.004708345572413223
20991,0.00373583314854371
20992,0.0009894321928838742
20993,0.004872526512169284
20994,0.000413136881015157
20995,-0.0020028226633875255
20996,-0.0026780110256284986
20997,-0.0028310385073729584
20998,-0.0013223675077891422
20999,0.000484238962281646
21000,0.0035335168122994937
21001,-0.0037836425726548895
21002,-0.006658960820841559
21003,-0.009824669436099009
21004,-0.007642060028544207
21005,-0.01675828750684732
21006,-0.012801436223175866
21007,-0.017737871411723248
21008,-0.015056439807246497
21009,-0.017291896848281803
21010,-0.012890125785812225
21011,-0.011343009069211827
21012,-0.010205522173763285
21013,-0.014889055412369658
21014,-0.012588451274821525
21015,-0.013772213042250282
21016,-0.020245194596121556
21017,-0.022171452471012907
21018,-0.023426061846733893
21019,-0.020096555058775837
21020,-0.02167432283545162
21021,-0.015070387205366756
21022,-0.013881638161083065
21023,-0.01112294440398339
21024,-0.012685681429234697
21025,-0.0135769940612599
21026,-0.008815438377007353
21027,-0.002942211088195396
21028,-0.009896374384741441
21029,-0.009556909178556386
21030,-0.011872996208955846
21031,-0.013984703777498065
21032,-0.015685221317407426
21033,-0.010885978882793586
21034,-0.012384643218918764
21035,-0.01384596162514951
21036,-0.0066641025691664205
21037,-0.00477660328731659
21038,-0.004396545035180741
21039,-0.009203398677504932
21040,-0.009653349822667426
21041,-0.005216142136551275
21042,-0.009697972705652397
21043,-0.011482415992103485
21044,-0.009017731979046241
21045,0.0015785435357983922
21046,-0.0014901624964276802
21047,-0.001047267101457759
21048,0.0027188168505425147
21049,0.009373670315342173
21050,0.0072529614060000405
21051,0.009994204850443018
21052,0.013722490548984402
21053,0.008060275895108597
21054,0.0073919603154075164
21055,0.006674247010736775
21056,0.007878596743934117
21057,0.0062456901140179825
21058,0.007166007035950621
21059,0.009874051963650802
21060,0.013748729869298294
21061,0.010447408616712707
21062,0.019506036789152068
21063,0.01816115537145642
21064,0.021805549316739992
21065,0.019137925089104273
21066,0.021072287202022647
21067,0.024952775176582745
21068,0.028075926414487046
21069,0.020054327876797624
21070,0.018411379602844835
21071,0.016027634175124657
21072,0.013899372245146329
21073,0.01630889459992035
21074,0.014764639280297887
21075,0.015912140327116978
21076,0.01979748564608939
21077,0.0159964529046898
21078,0.013954529122742157
21079,0.013377328679109663
21080,0.012389537190188002
21081,0.010878684031499898
21082,0.010465436317267256
21083,0.01100708640987522
21084,0.006263089594945486
21085,0.00799641098680102
21086,0.006304996575355078
21087,0.0008051492746754808
21088,-0.0003539061607917719
21089,-0.00027308993528254516
21090,0.0036605065249870985
21091,0.002732396259827857
21092,-0.0016590069737986196
21093,-0.0019684557154463125
21094,0.0014586239593614317
21095,0.0028197561717389344
21096,-0.0016013814968021942
21097,0.0019873704404617994
21098,0.004964613126196902
21099,0.0033570120991198546
21100,-0.002371972459544566
21101,-0.0027388966920132447
21102,-0.005761560730979225
21103,-0.004253646646755562
21104,-0.004644607736652089
21105,-0.006965321667069517
21106,-0.005115057976298978
21107,-0.008771607217431166
21108,-0.010923053702418022
21109,-0.004326636128644574
21110,-0.0037670917369899757
21111,-0.002906952823188345
21112,-8.020799634833099e-05
21113,-0.003731063086874293
21114,-0.0038717136018186597
21115,-0.004681857511464718
21116,-0.004608419926372698
21117,-0.004022087081431341
21118,-0.0007642177759472744
21119,0.0022920940164739573
21120,0.0061159057976204485
21121,0.006997175875223611
21122,0.006338741223482259
21123,0.0047974602337171384
21124,0.009382757482647682
21125,0.010767734247707822
21126,0.010386730610184646
21127,0.01949207919172832
21128,0.01617450149475891
21129,0.009998050404450102
21130,0.00818791972372637
21131,0.009503357802926216
21132,0.01099545378640056
21133,0.01235327693703715
21134,0.010454435699013465
21135,0.010127896483479415
21136,0.012471558229476725
21137,0.0056642169315555355
21138,0.000587155146187225
21139,-0.0006426344538909201
21140,-6.611248000950233e-05
21141,-0.0004972383018178372
21142,-0.0016647849946349754
21143,-0.00384411116963929
21144,-0.008373505177375024
21145,-0.01128843430506077
21146,-0.012690349835510614
21147,-0.018719315614753162
21148,-0.018362334987790406
21149,-0.021087586175232004
21150,-0.018598090476312047
21151,-0.019594326368689793
21152,-0.020311318885710892
21153,-0.018454759923791763
21154,-0.0218391840152397
21155,-0.021754880000616802
21156,-0.027999871197564728
21157,-0.02116428732082357
21158,-0.020520229605973273
21159,-0.022797537494218777
21160,-0.022692075485174615
21161,-0.02144761574805124
21162,-0.019963593113151476
21163,-0.017992505444089982
21164,-0.020600923666787098
21165,-0.01391302358777633
21166,-0.013597011390977883
21167,-0.01287571869299632
21168,-0.009765101517158254
21169,-0.008883275842720265
21170,-0.01098380823534176
21171,-0.011493410001846742
21172,-0.01119068286504445
21173,-0.014831309412874843
21174,-0.010815412720404925
21175,-0.009489767670508437
21176,-0.010029189894516372
21177,-0.011231715940542317
21178,-0.01129210461458528
21179,-0.008675188540846712
21180,-0.008684642350458177
21181,-0.010026267608099248
21182,-0.008651457486792639
21183,-0.006972285252454909
21184,-0.0026883389464075966
21185,-0.0033741465306973127
21186,-0.002690399548907954
21187,-0.0007833120182161123
21188,-0.0039297286020370265
21189,-0.0016364872485310064
21190,0.0025361635844115514
21191,0.0038629455691864736
21192,0.003766073569232062
21193,0.003644477778926703
21194,0.0022737700840769147
21195,0.0003533299168990468
21196,-0.0012548928334006999
21197,0.0018661047362528583
21198,0.00165648762679675
21199,0.003378096370309392
21200,0.007243900567975164
21201,0.00600605686278416
21202,0.0038428177080145195
21203,-0.0019735281442003756
21204,-0.004371273510414948
21205,-0.0036732926246177302
21206,-0.004277667765904782
21207,-0.00494301384325881
21208,-0.004009505483570173
21209,-0.004952501303518315
21210,-0.009293884937919137
21211,-0.012779236083083912
21212,-0.006144444136741429
21213,-0.0006842409332489845
21214,0.0020582193397105323
21215,0.002538801608089949
21216,0.008997322282068836
21217,0.004635870770269866
21218,1.5709610591195502e-05
21219,-0.0026681474255755098
21220,-0.008597078966421721
21221,-0.011630699243154229
21222,-0.011085497859641025
21223,-0.00841073810803818
21224,-0.0010580065084713622
21225,-0.003880186173385355
21226,-0.0033641117474056703
21227,-0.008822145282612211
21228,-0.0016187797385684036
21229,0.0011116035498486678
21230,0.0053284686115564585
21231,0.00788916465930613
21232,-0.00012265347482528545
21233,-0.002929393686810068
21234,-0.00491956562263268
21235,-0.0027522876640190042
21236,0.0006505118351025603
21237,0.0011511990891698199
21238,0.0029850284775856063
21239,0.003487781435351433
21240,0.004460151333867609
21241,0.0072246998370660495
21242,0.007220939596911756
21243,0.008040065792396564
21244,0.00659890780482142
21245,0.007747938394720932
21246,0.007946797086906439
21247,0.011799336042803034
21248,0.005051384819641526
21249,0.0023388258038156444
21250,-0.0019072568415201563
21251,0.0009575310750503215
21252,0.0026509339105306065
21253,0.009757370167100503
21254,0.007805193996387838
21255,0.004801764973071145
21256,0.002108517056724079
21257,0.002195103866948812
21258,0.004987919900912768
21259,0.006822286798574834
21260,0.006505572285005616
21261,0.008180771246020197
21262,0.010157881534599348
21263,0.01009616593697485
21264,0.006606931431160661
21265,0.00569268605952938
21266,0.008490235066017673
21267,0.009789670326183574
21268,0.017598561404388802
21269,0.020329236599784042
21270,0.02079467914252838
21271,0.019039245785310355
21272,0.018992881453935566
21273,0.014911289094724004
21274,0.01523760981732665
21275,0.012275629486946292
21276,0.010867870215249398
21277,0.013929856589061937
21278,0.011272316983480777
21279,0.007397127457873826
21280,0.008524528527183085
21281,0.0097016493691905
21282,0.008956032789106434
21283,0.011895106918902531
21284,0.00831791997853828
21285,0.00834717636597989
21286,0.006745906559447735
21287,0.007665323035983534
21288,0.001632937909561302
21289,0.0005924251429907212
21290,-0.0021443102513389123
21291,-0.003570629327376037
21292,-0.006203135833599915
21293,-0.006518335173091168
21294,-0.005044035793492701
21295,-0.002447204950725855
21296,-0.00011319189154890222
21297,-0.002346647924719954
21298,-0.0004253968005463946
21299,-0.001830932334524334
21300,-0.004401021058412414
21301,-0.010208897644258384
21302,-0.013018265810144035
21303,-0.016100836078033972
21304,-0.018678095337591467
21305,-0.01665478550433088
21306,-0.01820441708043114
21307,-0.021823417418536842
21308,-0.01970119568985498
21309,-0.02041463709151239
21310,-0.019422848705652432
21311,-0.021916246160704006
21312,-0.019938598438788806
21313,-0.02009519704966975
21314,-0.01768917731756444
21315,-0.016897294070890235
21316,-0.022349982982618873
21317,-0.021141623191355256
21318,-0.021177330870741036
21319,-0.021934529739946914
21320,-0.01750769793244299
21321,-0.013132025141064286
21322,-0.011605734540035445
21323,-0.014668757062762428
21324,-0.010050220007909774
21325,-0.011983167407333916
21326,-0.016501035366387053
21327,-0.013580196180250734
21328,-0.01947411465877986
21329,-0.015526362682252881
21330,-0.012907947246929266
21331,-0.009271111486458634
21332,-0.004677551030613962
21333,-0.00566666691642056
21334,-0.01053553825983258
21335,-0.013567783461794864
21336,-0.00887727127446455
21337,-0.0066109172219703674
21338,-0.009085240447096486
21339,-0.006607097705909222
21340,-0.015239570967239262
21341,-0.01542006722035892
21342,-0.01463483738040621
21343,-0.0074232123077417195
21344,-0.00729841541443829
21345,-0.008744524934836889
21346,0.0005631773912815135
21347,-2.0451147258782812e-05
21348,0.003758116014977713
21349,-0.0019158031163292975
21350,-0.0006949456273833573
21351,-0.0016693097193724016
21352,-0.006495238918275806
21353,-0.010459021433458589
21354,-0.005970143992934468
21355,-0.0034744155068437733
21356,0.0002326502701216053
21357,-0.00350467730530257
21358,0.0005321274804862314
21359,0.0009058594805347041
21360,0.007884489824215917
21361,0.011338044733407599
21362,0.008202084570550772
21363,0.005395945268902289
21364,0.004766812677144972
21365,0.00840618601598599
21366,0.003961981934957598
21367,6.413206964538384e-05
21368,-0.0031168395691166372
21369,-0.0019485673325621126
21370,-0.003070193608621802
21371,-0.0058406065136403906
21372,-0.004393953301255464
21373,-0.0034219105840880325
21374,-0.00313103278491705
21375,-0.0022943496726830857
21376,-0.01018150572963557
21377,-0.015782085144700253
21378,-0.017390229848100285
21379,-0.01885814291208546
21380,-0.021775972352195055
21381,-0.025571962114495365
21382,-0.025119563883758415
21383,-0.02720759888973864
21384,-0.02671341421788242
21385,-0.027547301479087218
21386,-0.02004926082366693
21387,-0.007516856942394194
21388,-0.002520973496470935
21389,-0.009688112175206556
21390,-0.009167998208057014
21391,-0.006349588717511613
21392,-0.006354993782661445
21393,-0.0039351718014502875
21394,-0.008889044721148417
21395,-0.009897107691306736
21396,-0.006842197954782773
21397,-0.004858150271018729
21398,3.977944224082611e-05
21399,0.0008934082755088395
21400,0.005418104582941254
21401,0.00851080611270696
21402,0.011212783420751743
21403,0.011645583906056774
21404,0.011401662729540286
21405,0.007997599014168893
21406,0.0011821886653044238
21407,-0.008025066025482206
21408,-0.00992172671004599
21409,-0.0015553743198436065
21410,-0.007293679476019093
21411,-0.007430214671956928
21412,-0.010597711761256776
21413,-0.00793774792676772
21414,-0.003933737858477673
21415,-0.008727316407955444
21416,-0.007803688563819938
21417,-0.0035485743329412315
21418,-0.008957717418083207
21419,-0.00868126890349769
21420,-0.010437852850433287
21421,-0.006875091848926908
21422,-0.0003526795982519638
21423,0.00059131218852807
21424,-0.0005128337673909647
21425,0.00668342330989088
21426,0.00686540782065068
21427,0.0062253959534925895
21428,0.00471627462265178
21429,0.004512947427801985
21430,0.00950371356345203
21431,0.008846194474574447
21432,0.011852048571750429
21433,0.011480707354472855
21434,0.006742975530977105
21435,0.013085826898264418
21436,0.008140260887692683
21437,0.00671503582421568
21438,0.007798308273353759
21439,0.008749267658207206
21440,0.012118376884653613
21441,0.007375620050054327
21442,-0.0014659262895242574
21443,-0.002451050589070446
21444,-0.0005302513381102127
21445,-0.002010490623909305
21446,-0.0043153218612688995
21447,-0.002577611883621622
21448,-0.0027890656170699015
21449,-0.0029571825984985845
21450,-0.003880070726761088
21451,-0.0022338478904604564
21452,-0.00833339716143656
21453,-0.011618478255329738
21454,-0.010450632393637107
21455,-0.008735670257392908
21456,-0.005195480232366372
21457,-0.005733209217430124
21458,-0.007011061577398938
21459,-0.00941201169077944
21460,-0.01683764105226944
21461,-0.008425992512329294
21462,-0.006334704461534807
21463,-0.006753682341091976
21464,-0.005569696261730058
21465,-0.009315336904642159
21466,-0.010343278977399195
21467,-0.011019827154695782
21468,-0.011216135097394943
21469,-0.015413233577664097
21470,-0.012142574249309188
21471,-0.014152843750495997
21472,-0.00918944525543692
21473,-0.008682027759078236
21474,-0.006749430679864409
21475,-0.013645317656765682
21476,-0.009697851226028693
21477,-0.0058561968004626165
21478,-0.00548367163799073
21479,-0.004540471861899207
21480,-0.0011426701172251082
21481,-0.0062453432375308105
21482,-0.005056113767326536
21483,-0.00359336887558763
21484,-0.004393487488800493
21485,-0.0038677926578674364
21486,-0.005546210283346456
21487,-0.005842846420852938
21488,-0.0035974845567827533
21489,0.00036985526261407213
21490,-0.003464346072587094
21491,-0.004443320531806734
21492,-0.0038662449196907485
21493,-0.0027740549656130498
21494,-0.004214612303265902
21495,0.0024349898234939673
21496,-0.0029799820622945184
21497,-0.0020872946659614227
21498,-0.00138576229415212
21499,-0.0031765605488097014
21500,-0.006521347861567353
21501,-0.012012306301107157
21502,-0.01913647851399777
21503,-0.02019704127267648
21504,-0.020800413576079944
21505,-0.02507828476565268
21506,-0.020534448865677214
21507,-0.020768049314826353
21508,-0.018887950357552703
21509,-0.018700534234168138
21510,-0.01734031092073973
21511,-0.013099196507506896
21512,-0.014736440664260183
21513,-0.014730402084164118
21514,-0.009801189233945769
21515,-0.008362641738419769
21516,-0.007187385807492315
21517,-0.006699825868605687
21518,-0.0072734928137911095
21519,-0.005244385053685427
21520,-0.0019731529547480048
21521,-0.0024750208416592268
21522,0.001772924655058603
21523,-0.0012850476863457607
21524,-0.004064541172174372
21525,-0.00026637934488201706
21526,-0.009415866278258805
21527,-0.0033009413972764716
21528,-0.005382792383796333
21529,-0.005895843626171538
21530,-0.009961481881654435
21531,-0.01504010933648959
21532,-0.017698662850652597
21533,-0.0189101127729687
21534,-0.02310108359529211
21535,-0.02957117056089267
21536,-0.02957593220303313
21537,-0.03342744170848916
21538,-0.026554736977478493
21539,-0.027873325257912623
21540,-0.024457571097498725
21541,-0.021667550102658313
21542,-0.027054679169119956
21543,-0.022957596830813547
21544,-0.034143837115669595
21545,-0.02570714827296933
21546,-0.016712690027046517
21547,-0.012622823970105253
21548,-0.017383867696226154
21549,-0.014652841957796127
21550,-0.006209929092431781
21551,-0.0015472055996662054
21552,0.0026545624297884974
21553,0.0053017419662419706
21554,0.008455979143574311
21555,0.012203704170396026
21556,0.01617777907909233
21557,0.022132395552304635
21558,0.016874034262499428
21559,0.01896498655405916
21560,0.017202036206649517
21561,0.016144328283603678
21562,0.023077318987211475
21563,0.02347292047702253
21564,0.03774703910184831
21565,0.037380239818631075
21566,0.03399785862982253
21567,0.022290228177117982
21568,0.02567896792052874
21569,0.02199391612206034
21570,0.0179745286601694
21571,0.012724641404042086
21572,0.01653438851202869
21573,0.013781344446654199
21574,0.015867273975019823
21575,0.01668751278341708
21576,0.01787793827040931
21577,0.012433638642250881
21578,0.01168780481596636
21579,0.011733560574685366
21580,0.01155381681784002
21581,0.010846707923195852
21582,0.01162365209323695
21583,0.007844270815548343
21584,0.008559793614129785
21585,-0.0010434770735692576
21586,0.0016318105646438057
21587,0.00525558004741978
21588,0.006462173394211542
21589,0.012637454333965452
21590,0.010374147231665812
21591,0.013726885496612554
21592,0.0029395167197574304
21593,0.006000802683801861
21594,0.002121776250918935
21595,0.0023274975175378455
21596,-0.005240793423885527
21597,-0.0054251335244046356
21598,-0.005804824852795927
21599,-0.006369421747123
21600,-0.007263359187165455
21601,-0.007740091253916827
21602,-0.012332091495706719
21603,-0.011983696058987917
21604,-0.016221820076296856
21605,-0.021594465634558767
21606,-0.02168601733819472
21607,-0.024582031205922502
21608,-0.016207752800730724
21609,-0.02251770479514927
21610,-0.018481785137635327
21611,-0.022492534071070904
21612,-0.01901631823323289
21613,-0.022646345587296838
21614,-0.02827823266503447
21615,-0.029689634517979846
21616,-0.025293345632863222
21617,-0.025389400175190212
21618,-0.02534276005873243
21619,-0.02927971917194935
21620,-0.025978404800198685
21621,-0.024193637743626078
21622,-0.03141432571056809
21623,-0.02340158796489754
21624,-0.01989751109033726
21625,-0.020387170055438886
21626,-0.018990684940340036
21627,-0.01797381005225882
21628,-0.03008159343730595
21629,-0.03169176096511741
21630,-0.03634356740932701
21631,-0.02984856026623456
21632,-0.02932402507467272
21633,-0.028367186429287025
21634,-0.02258692996070399
21635,-0.02388216816340855
21636,-0.02635410426700172
21637,-0.03140908680287144
21638,-0.026784441650238144
21639,-0.022169859222697316
21640,-0.019089812217068403
21641,-0.008149863402936325
21642,0.006063166258141774
21643,0.009621195046823912
21644,0.0124189991305829
21645,0.020003263488284927
21646,0.017163172701498204
21647,0.012793043792711027
21648,0.017682247165789877
21649,0.022281813561033828
21650,0.025261517085450866
21651,0.021571086497412937
21652,0.030496488267226656
21653,0.032322364583347744
21654,0.030806867090658274
21655,0.028514733615532167
21656,0.028321821898666246
21657,0.03342896380097319
21658,0.02694576497470191
21659,0.02053959941019499
21660,0.013477215380221992
21661,0.010025376905652902
21662,0.008361566003532134
21663,-0.0022673902903931967
21664,-0.0030142363585034444
21665,0.004612102399750493
21666,0.006272087541044927
21667,0.016848153470835334
21668,0.012843603215239184
21669,0.010985804480266924
21670,0.009031501774565508
21671,0.014356598010392694
21672,0.008951252713213316
21673,0.012849163660806342
21674,0.014031019330934133
21675,0.017676079849797636
21676,0.01760925970424889
21677,0.017566727733553746
21678,0.01864902100284662
21679,0.024231617860134908
21680,0.02031902121090847
21681,0.012810250791397665
21682,0.008789272933758896
21683,0.012400356689275091
21684,0.010276313805927924
21685,0.002187341680005864
21686,0.005437212636488932
21687,-0.0013002593602447084
21688,-0.0006282322334909735
21689,0.0038279067941941382
21690,0.004950839278512447
21691,0.004159726243243558
21692,0.003220578894595443
21693,-0.001830595567716572
21694,-0.0015691928472571655
21695,-0.003354086250657899
21696,-0.002005565916363667
21697,0.0009599370345036253
21698,0.000776000259286585
21699,0.0022256982337870864
21700,0.00942967289121127
21701,0.00865428632180969
21702,0.0117106743743315
21703,0.011341513216017694
21704,0.009673686584833677
21705,0.010279672024679368
21706,0.003225257875587957
21707,0.004329630440538261
21708,0.00732962174483817
21709,0.005534179884385136
21710,0.0073199498839175755
21711,0.0038918442349885033
21712,0.003449421928490766
21713,0.006578545593388821
21714,0.006899591336796473
21715,0.005726214314525418
21716,0.005990771648820628
21717,0.004066070528960511
21718,0.007508703656265653
21719,0.0031132458072570543
21720,-0.0007348501910081155
21721,-0.00013948265144891374
21722,0.00231956944478583
21723,0.0012161257001036597
21724,0.0021747607723493043
21725,0.0018056305221604539
21726,0.0054310110652241155
21727,0.011711611123590608
21728,0.016371982296404023
21729,0.01438686026547047
21730,0.01594401537363332
21731,0.016179176800229424
21732,0.017021948665635587
21733,0.013362585393982128
21734,0.018190174486004067
21735,0.02092090252836424
21736,0.01618689921157219
21737,0.017156457358274462
21738,0.01410003369885667
21739,0.016015759704148792
21740,0.0171390978080069
21741,0.015407321060142068
21742,0.01706018373884581
21743,0.016145494228574225
21744,0.013731197128981975
21745,0.013013730617728753
21746,0.012128636526380042
21747,0.005823407239794133
21748,-0.0037111306793758546
21749,-0.0022063024472720274
21750,-0.0049759032102961445
21751,-0.0018299051428966662
21752,-0.0020185493237468966
21753,-0.004322661172449547
21754,-0.010360135581428521
21755,-0.010600996784249478
21756,-0.006964200126026041
21757,-0.006320153942543805
21758,-0.005834140491195496
21759,-0.005125432255970407
21760,-0.004906510762412889
21761,-0.004593823278701885
21762,-0.008704675085255496
21763,-0.009129582009166927
21764,-0.011707204349371697
21765,-0.010664391263138062
21766,-0.004982156310201293
21767,-0.007252816789818738
21768,-0.002323514966316233
21769,0.0021968073902210315
21770,0.00351531649347507
21771,-0.00019275536765097015
21772,-0.00020382710144572656
21773,0.0021388184968976647
21774,0.0032704541341363894
21775,0.003676831433977287
21776,0.004944404259520495
21777,0.0026133098692247927
21778,0.005117287840058198
21779,0.0053024165561506124
21780,0.00140817499423071
21781,0.004176394028674018
21782,0.000968299247613435
21783,0.0021459536456210626
21784,0.006192048289340039
21785,0.002820679896008146
21786,-0.0018425571224146174
21787,0.003668259930068615
21788,0.0040128383536237365
21789,-0.0009838669805584282
21790,-0.001777153216181175
21791,-0.0014115539520774217
21792,-0.0009526036660381142
21793,-0.0009902978980953921
21794,-0.004539988577038313
21795,-0.004403701017725038
21796,-0.007286040479103036
21797,-0.005214039475269175
21798,-0.008420648659836051
21799,-0.007649940710229077
21800,-0.0043689126548922385
21801,-0.006942293244923989
21802,-0.00021630466982972395
21803,-0.0004987011304240881
21804,0.0014573612575857786
21805,0.005882771444825758
21806,-9.343966907664596e-05
21807,-0.0041337791802332135
21808,-0.008275090229873506
21809,-0.006544865110366518
21810,-0.008321886760456856
21811,0.004537550500208021
21812,0.010427308541499897
21813,0.01170576858897257
21814,0.014576361641881294
21815,0.014303368237868335
21816,0.01706682375263793
21817,0.01759257706105967
21818,0.01554159862136816
21819,0.015368823998939322
21820,0.012852576898285305
21821,0.012362979791903081
21822,0.00855058626544436
21823,0.009726518445335692
21824,0.009355714438394487
21825,0.007907614177957135
21826,0.012274289956213182
21827,0.010029070225554325
21828,0.014249683744465518
21829,0.009814712005004706
21830,0.011702581892159924
21831,-0.00351920903764052
21832,-0.011181506300960684
21833,-0.017144870451342407
21834,-0.017448211068609717
21835,-0.01711965293289768
21836,-0.01701402000261715
21837,-0.018759888825328024
21838,-0.018174208204381974
21839,-0.015264722817027569
21840,-0.0133276982785304
21841,-0.013116452012159427
21842,-0.013352919688172786
21843,-0.014595745705234045
21844,-0.012682445422353764
21845,-0.014805032374841227
21846,-0.013387792443059524
21847,-0.013061966196474028
21848,-0.016898668015774613
21849,-0.014611372917976317
21850,-0.01128975637155098
21851,-0.008402430496459588
21852,-0.006085177334379431
21853,-0.002932666841220768
21854,-0.0027143682362438387
21855,-0.0030928850769346987
21856,-0.005888447708977502
21857,-0.0020124928373681404
21858,-0.0007079517551390414
21859,-0.003567980325002289
21860,0.002229560244160454
21861,0.0022480140967904814
21862,0.0008775592194922388
21863,-0.0013262892114292502
21864,-0.002894321853414846
21865,-0.006097059339156283
21866,-0.006238565193085085
21867,-0.0023041741781778475
21868,-0.0023885701749864364
21869,-0.0033499515079534344
21870,-0.008218675848733599
21871,-0.010059116695478964
21872,-0.010562307893837102
21873,-0.007750294339980504
21874,-0.006569038516549387
21875,-0.008141771666170767
21876,-0.005540605929982891
21877,-0.009958611649127015
21878,-0.0057247343102725876
21879,-0.0074931812024754355
21880,-0.012431851985037129
21881,-0.011749423811732673
21882,-0.009573064765958527
21883,-0.0012851763093029477
21884,-0.0015773268858760205
21885,0.014242253711829253
21886,0.014801169536509597
21887,0.013814719027207137
21888,0.01710232996096329
21889,0.01761966781577156
21890,0.020949125484460804
21891,0.022376168904841114
21892,0.02324292397083057
21893,0.019702139915401526
21894,0.01857665914447458
21895,0.02263749870465987
21896,0.0211337316082486
21897,0.022299984618135316
21898,0.016067181320429398
21899,0.020192918989553697
21900,0.01979721260080404
21901,0.026342167653408497
21902,0.02466131746532513
21903,0.019013007097581754
21904,0.018826129854887432
21905,0.007764491771135353
21906,0.007351155136843171
21907,0.007703867641645917
21908,0.007799009572672118
21909,0.006789310597812356
21910,0.0031325139099461848
21911,0.0026006924272168734
21912,0.001638533703104364
21913,0.005911084604757523
21914,0.008509543886885816
21915,0.006415955991213561
21916,0.011641659130202224
21917,0.01456427746163447
21918,0.016955660617952003
21919,0.01552796725146558
21920,0.01543951541963555
21921,0.008853029286670522
21922,0.012920594698936964
21923,0.010637049580808843
21924,0.011158668022710812
21925,0.011396462511956421
21926,0.009545027183910404
21927,0.009027963576907909
21928,0.009799454055156405
21929,0.009568370847939383
21930,0.007369491944982897
21931,0.007386556291407903
21932,0.010085127598112347
21933,0.008991147822513385
21934,0.007496401247309516
21935,0.006868937947977779
21936,0.0027466968547068564
21937,0.0005289231304360438
21938,0.0016688585110246799
21939,-0.0010993797891635567
21940,0.0004255889788065418
21941,-0.0011934627406816434
21942,-0.00405821720713697
21943,-0.0036746785519377128
21944,-0.003178501548215645
21945,-0.003048522335152227
21946,-0.002556094275645619
21947,-0.004938579665820311
21948,-0.006780225872721482
21949,-0.009726140449648231
21950,-0.0034402066180280848
21951,-0.002833087728780584
21952,-0.0020540944898857745
21953,0.0003962679510023201
21954,-0.0007345063231080221
21955,-0.0005779509408369277
21956,-0.0007733170738461593
21957,-0.0027507383089142726
21958,-0.0066239069799081075
21959,-0.008810095516748452
21960,-0.009931471719581753
21961,-0.010613891088127493
21962,-0.009820819501824828
21963,-0.008975578203267354
21964,-0.008140616002944355
21965,-0.008192826113173873
21966,-0.007186915558880769
21967,-0.006173675462246907
21968,-0.0004069259361294252
21969,0.0035084034591554097
21970,0.012320096567519905
21971,0.012808839551060082
21972,0.009837120806074719
21973,0.003404759792658384
21974,-0.0018390256471392998
21975,-0.007317077551016331
21976,-0.009521778691969797
21977,-0.007732296849758308
21978,-0.004862428140298846
21979,-0.005079345887928373
21980,-0.007093129459366229
21981,-0.005129843417451616
21982,-0.005748191381051502
21983,-0.007325423854364861
21984,-0.007949872592062486
21985,-0.004718180738635782
21986,-0.007835716509480535
21987,-0.006632741750004486
21988,-0.015594005672985084
21989,-0.01651747166669676
21990,-0.027804403026258903
21991,-0.027183607293636065
21992,-0.03104654193845315
21993,-0.02918898781767239
21994,-0.023440754822048958
21995,-0.017757883971693412
21996,-0.015206120065005798
21997,-0.01654827314830868
21998,-0.01644147039870489
21999,-0.012588828216673925
22000,-0.01361623685371927
22001,-0.012223657489859199
22002,-0.012709450055403845
22003,-0.012777046923619978
22004,-0.011716044597448069
22005,-0.014879293708591364
22006,-0.012106192695906935
22007,-0.008404768300347533
22008,-0.0046094427052819
22009,-0.007791380027450224
22010,-0.007136009526909435
22011,-0.009945487079189434
22012,-0.005054163195509073
22013,-0.004022408418027369
22014,-0.005283270572522203
22015,-0.0033690286177984084
22016,-0.00525114803917861
22017,-0.005807081772392335
22018,-0.004727205299267355
22019,-0.003540442514553129
22020,-0.0007315491588898613
22021,0.004331513300396061
22022,0.008942883658145636
22023,0.012069189710345714
22024,0.012126867639952885
22025,0.01421004843812959
22026,0.015822950248322823
22027,0.006828566784719186
22028,0.006515729287287546
22029,0.011782673489882644
22030,0.006361111250422044
22031,0.010599197235580483
22032,0.007644313145921428
22033,-0.0018638109900633436
22034,-0.0027636799779160036
22035,-0.004143413756851777
22036,-0.0038529046733361385
22037,-0.003101617805117274
22038,-0.00451155398616622
22039,-0.005962784980031255
22040,-0.005442982533720695
22041,-0.01177831801117639
22042,-0.01104764194330636
22043,-0.014273962944102747
22044,-0.015432348098735706
22045,-0.0167125607107437
22046,-0.01877609921457389
22047,-0.013880841935664228
22048,-0.011076189682002987
22049,-0.013620393754767588
22050,-0.009405946826670054
22051,-0.01283329636434401
22052,-0.009705511861782803
22053,0.0004701983967188557
22054,0.0026806580578036124
22055,0.004477460787422316
22056,0.005853081210406688
22057,0.0075440678883828775
22058,0.008074085675831478
22059,0.008080550632869424
22060,0.006429450445371041
22061,0.009273403352567527
22062,0.006895308938694215
22063,0.012654019270456613
22064,0.007656344043445362
22065,0.007459122468942882
22066,0.005730444226643074
22067,0.003842295555042866
22068,0.0011702222708603644
22069,-0.001314071576009882
22070,-0.0008541787637813531
22071,-0.00042422260743486893
22072,0.0004895420585428553
22073,0.0008679763053053055
22074,-3.4377237825991187e-05
22075,0.0038354210583408273
22076,0.0037497548683863968
22077,0.0027415563515356886
22078,0.001390686534620339
22079,0.0012056852087075794
22080,0.004223223137945568
22081,0.0010685418440774818
22082,-0.004253289029988754
22083,-0.007735081250138984
22084,-0.0006842476729669158
22085,0.0018371200680745276
22086,0.004440396519850072
22087,0.004949609351085832
22088,0.005613775320669336
22089,0.008610874953092354
22090,0.006127731250104238
22091,0.004005184021359547
22092,0.0017741845046089875
22093,-0.0005893418751329759
22094,0.0020968191499433518
22095,-0.003727429882277193
22096,-0.0023752375763478354
22097,-0.0015221627847224323
22098,-0.0019186438217618483
22099,-0.007117023960244003
22100,-0.006878920132194259
22101,-0.007557715987191193
22102,-0.00409277663137859
22103,-0.0004674538241045183
22104,-0.0036322813849718753
22105,-0.008725719835840558
22106,-0.010301573949179686
22107,-0.009624905700606798
22108,-0.011002877336309693
22109,-0.012850446416841436
22110,-0.01093840211724943
22111,-0.010822791995712174
22112,-0.011449994719611348
22113,-0.009315452349180782
22114,-0.015817928621926977
22115,-0.016580070768659118
22116,-0.015958017425088032
22117,-0.019000261009221673
22118,-0.01683068143194768
22119,-0.011937635728711272
22120,-0.011713888414323475
22121,-0.011903624268167162
22122,-0.012235112306031257
22123,-0.014917774849879216
22124,-0.01651736615913202
22125,-0.012271705498109181
22126,-0.010673220454303415
22127,-0.011904730341326693
22128,-0.011409346441458338
22129,-0.009098596655321478
22130,-0.007105545931594218
22131,-0.004592044957411939
22132,-0.006323593196148138
22133,-0.004102016052365751
22134,0.003075536187691849
22135,0.004145263204221131
22136,0.0058466640827918425
22137,0.0071689903951246544
22138,0.006064835397778503
22139,0.005553866309297165
22140,0.00391576541800851
22141,0.006016280418623995
22142,0.0038925996135797196
22143,0.0048538515916198835
22144,0.003159547915607694
22145,0.0011692424181979288
22146,0.0006127441134519322
22147,0.0006225191471594234
22148,0.0013153064559311065
22149,0.002158876320589187
22150,0.001999510247389419
22151,0.0032877704111388853
22152,0.006277558052494916
22153,0.0037861490761341345
22154,0.0012082650676935802
22155,0.0013386358528318374
22156,-0.0008047423879012586
22157,-0.001316858882792413
22158,-0.0010942580222057983
22159,0.0006114361763827031
22160,-2.478956854951362e-05
22161,-0.00047241636978641327
22162,0.0024692748343187187
22163,0.003064470871138467
22164,0.006317375804980033
22165,0.0089041586793551
22166,0.009129863421397068
22167,0.010618879073924593
22168,0.010760993310081542
22169,0.008450450532552353
22170,0.008594254400851414
22171,0.005803231613968097
22172,0.004472595635953923
22173,0.004344593820280007
22174,0.006509281600119215
22175,0.004373507757658433
22176,0.0034651514024908346
22177,0.006260194448140504
22178,0.004375160331879577
22179,0.007149938174220763
22180,0.009475447722701816
22181,0.013956457472555465
22182,0.014783148281102604
22183,0.013036015479571065
22184,0.013348319503011937
22185,0.010614545723473076
22186,0.01326164551341997
22187,0.013418908104413423
22188,0.009297747070076686
22189,0.009670061190739595
22190,0.009485997120469202
22191,0.010982797045850576
22192,0.01249090584195953
22193,0.009906464948492845
22194,0.006561884831586622
22195,0.007886237084021546
22196,0.004957746149692731
22197,-0.00356336520319679
22198,0.0013537979222295424
22199,-0.005088759588390466
22200,-0.006565299685875451
22201,-0.011562174507563815
22202,-0.011781093587685296
22203,-0.012105924148306817
22204,-0.01630566173690367
22205,-0.020143980372464673
22206,-0.022806107384939447
22207,-0.027273174762599536
22208,-0.023421151698567066
22209,-0.02316835478093118
22210,-0.0228681516347952
22211,-0.022601969205536483
22212,-0.022996982374863185
22213,-0.020921445357179408
22214,-0.024855726836837528
22215,-0.021106038239963026
22216,-0.016278503105008977
22217,-0.011317915671715022
22218,-0.014622143739692577
22219,-0.013159301482575632
22220,-0.015745704140350907
22221,-0.015456291973270973
22222,-0.01710002043996361
22223,-0.017839480512033937
22224,-0.015523836865100924
22225,-0.012082813810796214
22226,-0.01249700331744483
22227,-0.007964211115657028
22228,-0.005119225157612019
22229,-0.003977140738177658
22230,-0.006874853029568469
22231,-0.009405987055842918
22232,-0.0043956209379080536
22233,0.00031794928628180337
22234,0.006255030103599184
22235,-0.001792135450319144
22236,-0.0040230610726192505
22237,-0.0035847673613213166
22238,-0.004236097806689913
22239,-0.002638927741566162
22240,0.001575238642037911
22241,0.002725977191001468
22242,0.0029937516069302814
22243,0.003861735386258679
22244,0.005601520381730862
22245,0.006210808193541384
22246,0.0031619577718464925
22247,0.01138288854906151
22248,0.008767242193374497
22249,0.014130610062695718
22250,0.01673041318471972
22251,0.0179788207878571
22252,0.009768572843367452
22253,0.005278646945376386
22254,0.003764334807715603
22255,0.006920230368554526
22256,0.0067339840288726865
22257,0.006896760239588783
22258,0.008820344755744216
22259,0.009215560069887484
22260,0.008696158612411022
22261,0.007138391080430835
22262,0.005235881228834038
22263,0.005279497837880167
22264,0.007148144129289048
22265,0.006917843539329261
22266,0.011446890284906764
22267,0.001630053945234915
22268,0.000942008285488639
22269,-0.005788418573950919
22270,-0.013211252946692065
22271,-0.019901654444364186
22272,-0.017510121944632622
22273,-0.018781634641259676
22274,-0.02015287167518019
22275,-0.018516389715325925
22276,-0.018934270740673293
22277,-0.019410996982221568
22278,-0.018262176257402958
22279,-0.01718836138264074
22280,-0.016346896137306013
22281,-0.016624904551375434
22282,-0.015994141285242167
22283,-0.01601269273991989
22284,-0.016931072933996507
22285,-0.021565142975576795
22286,-0.01956541556758737
22287,-0.01739171193177557
22288,-0.019646452289924465
22289,-0.015286552074103253
22290,-0.009455477680244696
22291,-0.0027813369082754034
22292,-0.003386940154713279
22293,-0.0021558416137951787
22294,-0.006097108078941268
22295,1.0374627810230287e-05
22296,-0.0015763548950571318
22297,-0.00451866646434241
22298,-0.007275357478843747
22299,-0.008779218429983953
22300,-0.01223632842753349
22301,-0.01147509917616698
22302,-0.009985485358505177
22303,-0.010603701687534045
22304,-0.017879966974764426
22305,-0.013498469512006785
22306,-0.017052748453691445
22307,-0.02179262159930679
22308,-0.019129390373173908
22309,-0.02080684821119318
22310,-0.019689565222843382
22311,-0.018796236496207742
22312,-0.01980604391688283
22313,-0.02221942946753848
22314,-0.01473980530456052
22315,-0.023931014901087195
22316,-0.020936638364917548
22317,-0.01713308109272036
22318,-0.020307840130693155
22319,-0.024216652631532557
22320,-0.0236145584640179
22321,-0.027430212234019872
22322,-0.028009678705473072
22323,-0.025862424698256573
22324,-0.022121092971224807
22325,-0.024538886322951772
22326,-0.022302396957034124
22327,-0.0028341913094459357
22328,0.0004255355910221308
22329,-0.0011004235266875591
22330,-0.002280241071535283
22331,-0.006371344965005227
22332,-0.004722192969699477
22333,-0.0008404732579739524
22334,-0.006719859278372208
22335,-0.003303064334093599
22336,-0.0068236825143694274
22337,-0.006135382484762877
22338,-0.0029341646285457644
22339,-0.003902685236718652
22340,-0.0017058331095612122
22341,0.0015155058676010575
22342,0.0033400443509911614
22343,-0.0016274921061125757
22344,0.00042870682031779345
22345,-0.0036811028766001253
22346,-0.0035624850688295157
22347,-0.01897411406488792
22348,-0.026885919732497307
22349,-0.028051592440449254
22350,-0.029154569330175767
22351,-0.026155347506107186
22352,-0.03216417484305037
22353,-0.0326958484622732
22354,-0.03137207891433686
22355,-0.020912308509169454
22356,-0.01831653714968876
22357,-0.013417472883748695
22358,-0.01327115536173876
22359,-0.009520658726657865
22360,-0.014356135926468032
22361,-0.015204129808170232
22362,-0.01669199473326585
22363,0.0007611869878039808
22364,0.001764473622760952
22365,0.008726171158278109
22366,0.0029513518130953563
22367,-0.0002569355507650081
22368,0.0038692664824539987
22369,0.005779519997706712
22370,0.009654331358103193
22371,0.01105027946125714
22372,0.02010453560266751
22373,0.012362207683701396
22374,0.014224219634448762
22375,0.006328754731518037
22376,0.006395278531888351
22377,0.0028570125765551386
22378,0.004146359267872935
22379,0.009790884565425376
22380,0.013140012176117277
22381,0.01437825776667063
22382,0.007046419200438532
22383,-0.007035694873795832
22384,-0.0020862888385524973
22385,-0.001102213952163375
22386,0.011004126547455228
22387,0.006332154317199135
22388,0.008365688188918955
22389,0.008580702695908746
22390,0.004996963265751799
22391,0.003076303876176954
22392,0.000675627592256697
22393,0.010725144505451608
22394,0.0062575032456314884
22395,-0.0015175518197804603
22396,-0.004924432245279171
22397,-0.005008049310373749
22398,-0.005887877033275543
22399,-0.010801646299021962
22400,-0.008182663042740866
22401,-0.007961505726907906
22402,0.0022325279984238625
22403,-0.00033019580896118816
22404,-0.0071417347246465895
22405,-0.011794536775771362
22406,-0.020338521373461576
22407,-0.01003955344528341
22408,-0.010116274663615725
22409,-0.009769712506577061
22410,-0.008601192244469614
22411,-0.013435794668527049
22412,-0.014931120047916507
22413,-0.02020666069943222
22414,-0.018667982878641902
22415,-0.02003913749183454
22416,-0.01771239146328024
22417,-0.013473520783066384
22418,-0.017718544570160828
22419,-0.017226936508467235
22420,-0.013726632351273181
22421,-0.008265597829044681
22422,-0.010804536246133924
22423,-0.011788467063621015
22424,-0.017279252720014352
22425,-0.013211667839573785
22426,-0.015612925121709127
22427,-0.025681894687529176
22428,-0.027062929151997348
22429,-0.03402867570281673
22430,-0.03207548623630136
22431,-0.02563397021649006
22432,-0.02584521575310458
22433,-0.02167506293597399
22434,-0.018464283709190173
22435,-0.009851714866151585
22436,-0.010834621851481133
22437,-0.01757515697842915
22438,-0.015396176067136716
22439,-0.02026688861339416
22440,-0.03163730539107294
22441,-0.04025371502253348
22442,-0.0385554618346907
22443,-0.034770712175483304
22444,-0.031684531316288775
22445,-0.032688437100784284
22446,-0.029689183444082615
22447,-0.026795042086492003
22448,-0.03084526454192195
22449,-0.02925928300251373
22450,-0.04125643885552825
22451,-0.03961184361019989
22452,-0.03738857491931455
22453,-0.04176741156236499
22454,-0.04331541988495971
22455,-0.04652275160025126
22456,-0.04624627100824869
22457,-0.04330043643157511
22458,-0.04705018181990022
22459,-0.05061306535049864
22460,-0.035592426833412925
22461,-0.031199006373613877
22462,-0.029384757754676253
22463,-0.026621012676743758
22464,-0.022332037723522654
22465,-0.017368354590983497
22466,-0.03088359659110349
22467,-0.031193587004617513
22468,-0.02721465182466152
22469,-0.0287571117505368
22470,-0.020547189034446658
22471,-0.028867081833548414
22472,-0.021053374168209182
22473,-0.01717901544259632
22474,-0.015511129150413552
22475,-0.027081785246280764
22476,-0.02316395833822219
22477,-0.020578821516017358
22478,-0.008113518594797307
22479,0.00028982716046299016
22480,-0.002955685447990667
22481,-0.006637886629395366
22482,-0.011064674473356201
22483,-0.020654720410812646
22484,-0.016664469913161818
22485,-0.021177143568805172
22486,-0.00406866975648989
22487,0.007026208804927984
22488,0.008392055296749244
22489,0.0260007939986984
22490,0.03179435397781081
22491,0.03975196583730492
22492,0.027047494317193804
22493,0.025741018655157467
22494,0.033097224957011305
22495,0.0470755529300882
22496,0.053455648444572575
22497,0.04894039785085555
22498,0.03996889030959385
22499,0.03531678744508702
22500,0.028740834433144444
22501,0.026841886046020346
22502,0.03139388005901538
22503,0.03504888812896709
22504,0.02473173517405111
22505,0.019609218952459696
22506,0.01671645670691739
22507,0.009154000782800138
22508,0.007884577372569366
22509,-0.003583839707844432
22510,-0.010831249893495059
22511,-0.011829378503938505
22512,-0.004198328783262625
22513,-0.0041018020711919454
22514,-0.017071878852081335
22515,-0.019486313393624638
22516,-0.03168228241816206
22517,-0.022573088649623322
22518,-0.01848686422484707
22519,-0.004112152692764167
22520,-0.0037180922319744536
22521,0.004565172610176113
22522,0.00996898872092215
22523,0.013120103786934168
22524,0.018794693864141558
22525,0.02385232150749276
22526,0.022425828036337154
22527,0.023998277040492396
22528,0.022028461997401983
22529,0.02160183358128855
22530,0.029545892221773118
22531,0.04190937794545065
22532,0.02822582745161239
22533,0.026854094966844815
22534,0.033778343091363745
22535,0.03909984572064631
22536,0.043853150001688705
22537,0.030530265081927636
22538,0.025228114353655927
22539,0.018430584135352913
22540,0.014622375155738384
22541,0.008896762812297303
22542,-0.0008436605067101688
22543,-0.0016054480113766266
22544,-0.0028732672090731252
22545,-0.002817009960505189
22546,-0.005327724446693711
22547,-0.0007099508299962594
22548,0.006839055232941624
22549,0.0014553730597274956
22550,-0.004209543724065781
22551,-0.016041858699137438
22552,-0.006117966453974952
22553,-0.004015758697627851
22554,-0.005341750673571116
22555,-0.009531688869942559
22556,-0.00931107098986605
22557,-0.0034870845413360594
22558,0.0013717179468422124
22559,-0.008542800621749277
22560,-0.006062767262190739
22561,-0.0012484857216213637
22562,-0.0030094238470752387
22563,-0.0034430857418383887
22564,-0.012106807972149353
22565,-0.01649685404022831
22566,-0.010370012635868705
22567,-0.016839255689629535
22568,-0.023782439058672413
22569,-0.018028368339645856
22570,-0.015496941870789498
22571,-0.015300298858576278
22572,-0.016561195032091122
22573,-0.019553115302267433
22574,-0.023166366959857732
22575,-0.028004663244914324
22576,-0.029654404502785444
22577,-0.040258376707265106
22578,-0.042914065418902664
22579,-0.04354258697619279
22580,-0.038063608275867085
22581,-0.0418728130921784
22582,-0.03844436333777089
22583,-0.037584592421131366
22584,-0.030030963036832774
22585,-0.03271953927828112
22586,-0.035994261872415126
22587,-0.035640602984225674
22588,-0.030337657552018584
22589,-0.02995907668408262
22590,-0.031077907970501115
22591,-0.04181962398021264
22592,-0.03559356391353327
22593,-0.04003859671958445
22594,-0.0381961143707389
22595,-0.03641862300731262
22596,-0.035808712225314954
22597,-0.022018974512355422
22598,-0.01987750482201316
22599,-0.012956161992830824
22600,-0.02947149682070384
22601,-0.03815547363019084
22602,-0.0433286476772318
22603,-0.03604689239635859
22604,-0.034037287266954604
22605,-0.02606212865332073
22606,-0.03212279981201018
22607,-0.03362449744665646
22608,-0.039242469524184094
22609,-0.03537793779604402
22610,-0.031145180707163333
22611,-0.019288905849989598
22612,-0.021970429211978695
22613,-0.0025256399401867176
22614,0.001200793934442944
22615,0.006952819331092151
22616,0.0071454993538592115
22617,0.00015816445220516684
22618,-0.004295672191323553
22619,-0.0035108429075884975
22620,0.0071813464437687265
22621,0.021277183037485763
22622,0.021306568574425082
22623,0.013920513920513935
22624,0.0017000420562259743
22625,0.008708174781697473
22626,0.017148748959080726
22627,0.02691918721582046
22628,0.030349625803206836
22629,0.02961219999817414
22630,0.02807329804514525
22631,0.03303006002016351
22632,0.029910596557269437
22633,0.020918405931631003
22634,0.01402125179640109
22635,0.01129314473581272
22636,0.02022866439236107
22637,0.018433904077770305
22638,0.02853108580108236
22639,0.0345705638160986
22640,0.034554258337151554
22641,0.030795984512180463
22642,0.033874607323909976
22643,0.03602310579071098
22644,0.04872438722304127
22645,0.04732297916451646
22646,0.044917490058464474
22647,0.033837810283871395
22648,0.030675031842923528
22649,0.024652205702835366
22650,0.023894357003042488
22651,0.012226057121690786
22652,0.009419362126746253
22653,0.0025354769866081307
22654,0.004162482339388605
22655,0.0032037886971163845
22656,-0.00418631746505715
22657,0.0031502188563234273
22658,-0.0029619950245436564
22659,-0.007903866672877163
22660,-0.012505339282054759
22661,-0.002544285937267696
22662,-0.00010374247905628928
22663,-0.0023527585547367083
22664,-0.0009888449299600875
22665,-0.006205218749646154
22666,0.0004173370769061779
22667,0.009144155096689217
22668,0.011581696097799039
22669,0.002500445018023197
22670,7.957810035361842e-05
22671,0.004919365267600331
22672,0.0029357839233189525
22673,0.007400132813303739
22674,0.010309075053572259
22675,0.008883217305143137
22676,-0.004345705845418828
22677,-0.011166642218030222
22678,-0.007297327249996204
22679,-0.010641102814245894
22680,-0.005196872000617622
22681,-0.019600275365034857
22682,-0.021832029058318825
22683,-0.022240450384479124
22684,-0.019156525931470113
22685,-0.02098895765376011
22686,-0.025440203423615512
22687,-0.018708178041832675
22688,-0.011170199309128319
22689,0.003105815041392829
22690,0.008003439474258784
22691,0.01707779066344166
22692,0.02273066811476414
22693,0.03169148990822729
22694,0.033240150162980105
22695,0.03647275511167891
22696,0.05232043820264987
22697,0.054207944102585316
22698,0.04544455319206316
22699,0.04062748272775737
22700,0.03965360860499364
22701,0.04318441915014688
22702,0.04989817697161159
22703,0.047813379044294516
22704,0.04423627881483453
22705,0.0487042707382426
22706,0.04407120257988198
22707,0.0346085707891989
22708,0.033318886754439364
22709,0.03103359260477143
22710,0.02625274377613361
22711,0.028022280437622775
22712,0.031561037907794694
22713,0.02208630842659205
22714,0.022840902889430883
22715,0.02477832069306631
22716,0.02612396095506243
22717,0.02037156710636505
22718,0.029544542385652562
22719,0.03684096084270029
22720,0.0482732111569966
22721,0.061262775362566496
22722,0.056574987912740925
22723,0.09523925752558542
22724,0.09724157608057739
22725,0.09375753641777046
22726,0.09762711843998888
22727,0.09541542259637205
22728,0.08775718350815749
22729,0.12186983322965636
22730,0.09576346378828589
22731,0.08068386340440639
22732,0.058223832459108685
22733,0.05858079633678157
22734,0.05718032244787396
22735,0.0584269741803415
22736,0.049798638843415795
22737,0.05575020525571754
22738,0.05486504440248945
22739,0.050545401587417126
22740,0.03953355364963247
22741,0.035316077281824176
22742,0.014819973056146622
22743,-0.01596692710525783
22744,-0.02497559466322009
22745,-0.017317439588062956
22746,-0.016728535839692967
22747,-0.015473853865542779
22748,-0.007156355746160196
22749,-0.036078284880639196
22750,-0.018204183648232133
22751,-0.01989221997786725
22752,-0.004923709570264312
22753,-0.0005805574793491909
22754,0.0003089118289660113
22755,-0.003012745785721072
22756,-0.00044648737841195457
22757,-0.005744035823746708
22758,-0.011038101945837068
22759,-0.009044065559771346
22760,-0.001250106763776483
22761,-0.00801575299393569
22762,0.013068797950450028
22763,0.02301373034308527
22764,0.03132840928751376
22765,0.014851938303812616
22766,0.015412763690573301
22767,0.020095905693199214
22768,0.009058882737795749
22769,0.0036931685064979496
22770,0.008691933800077219
22771,0.016696315318990552
22772,0.011907458908818096
22773,0.005120140346827959
22774,0.004060631144275804
22775,0.006966804004997532
22776,0.01188741827503978
22777,0.014078888863474
22778,0.009217764913341031
22779,0.009907209096390306
22780,0.010001155047334724
22781,0.006343236687567581
22782,0.004474548496881093
22783,-0.010859230126963916
22784,-0.01349335397693473
22785,-0.0056819088045662785
22786,-0.007242081531236314
22787,-0.01828089616722953
22788,-0.01623767146349281
22789,-0.009302890140710526
22790,-0.006723507301428843
22791,-0.009213635643562238
22792,-0.0048807481203659905
22793,-0.020759314657788398
22794,-0.028203167945390985
22795,-0.039057955554332016
22796,-0.05517826057034503
22797,-0.052580256333941686
22798,-0.03786123000638425
22799,-0.04239307951767168
22800,-0.048796405546068226
22801,-0.04299743089481994
22802,-0.03892642787462593
22803,-0.04034668607436707
22804,-0.02783888557081869
22805,-0.027029486209383648
22806,-0.02678167279971226
22807,-0.015714086240974697
22808,-0.018356655031788096
22809,-0.020627441218791683
22810,-0.026181819187645877
22811,-0.02287498440524287
22812,-0.020273185117703357
22813,-0.008379309615913084
22814,0.0018481069191644722
22815,0.01034135228837297
22816,0.022563515023722263
22817,0.01395567063258526
22818,0.0041754199867924426
22819,0.010355110899468117
22820,0.003054823239314958
22821,0.006087803450340978
22822,0.0005562623528234628
22823,0.0065248937566942675
22824,-0.004591170515253746
22825,-0.006137190990827711
22826,-0.0032875593851662117
22827,-0.009806744705027593
22828,-0.007936908381431943
22829,-0.01260260650670025
22830,-0.005959995909834496
22831,-0.006230777418931104
22832,-0.013683137958914958
22833,-0.00982492940472587
22834,-0.012803988744082673
22835,-0.012611632712779852
22836,-0.011749968569692498
22837,-0.006078749717237436
22838,-0.006151875537229349
22839,-0.004527041556867173
22840,-0.0035099830810863845
22841,0.00032956335003574513
22842,0.0007244584687274355
22843,0.010384396001855837
22844,0.009090111628388105
22845,0.010757427209401111
22846,0.0039578555131735615
22847,0.010181267950995262
22848,0.01196203692644934
22849,0.016742097401530903
22850,0.013213294902900408
22851,0.010325343026725643
22852,0.030550683598426154
22853,0.03592789104086198
22854,0.03799323905856992
22855,0.03758299911609274
22856,0.04469675780081123
22857,0.050039166247251174
22858,0.04872622891998562
22859,0.04236600962394482
22860,0.04770203181157104
22861,0.03797832124616912
22862,0.03453348495474413
22863,0.023200770980860333
22864,0.019411872973623373
22865,0.017650981966740337
22866,0.01695827763675081
22867,0.010549886302607073
22868,0.01028097626921867
22869,0.008695142256722398
22870,0.01577935524954327
22871,0.017649314543188587
22872,0.004388741073458101
22873,-0.0013779856471142953
22874,-0.005545695741418262
22875,-0.010896893007190378
22876,-0.015437151860737602
22877,-0.012993608414417044
22878,-0.011553810699208527
22879,-0.0076052258608585695
22880,-0.005829775736884109
22881,-0.006683885157848072
22882,-0.004020347542491948
22883,-0.0028303254611419665
22884,-0.0006935910740355956
22885,0.0016416137975637708
22886,0.004897045820581336
22887,0.005408160241453668
22888,0.0033758149229520264
22889,-0.0011719230382238115
22890,-0.011940249610547482
22891,-0.007843155726553735
22892,-0.011643306829888704
22893,-0.004343883517882538
22894,-0.004004292320853118
22895,-0.0006757573519041985
22896,-0.0038936241555462834
22897,-0.005254024188914662
22898,-0.014494099408842647
22899,-0.015250548902972711
22900,-0.01568756778574381
22901,-0.014682562596888013
22902,-0.005344766778234902
22903,-0.007848843581698775
22904,-0.0016666634237703269
22905,-0.002003961286543589
22906,-0.000314703725347067
22907,0.0008430777119114751
22908,0.0028015324031287567
22909,0.008234073101533495
22910,0.01635362494113252
22911,0.011398484204905683
22912,0.014554901302965113
22913,0.0045788171045434214
22914,0.006561600221290533
22915,0.007614481122420539
22916,0.00920705632339422
22917,0.00604577519496815
22918,0.01134817798917263
22919,0.006632934425438006
22920,0.004353845403235418
22921,0.009270518943944619
22922,-0.0008223270598412001
22923,-0.0010289305973865423
22924,-0.010573806573150562
22925,-0.010261613853790716
22926,-0.010265018345883803
22927,-0.004547728927684383
22928,-0.0040005710736740014
22929,-0.005710617457737246
22930,-0.006193178739324111
22931,-0.005912509874661862
22932,-0.004875589454869895
22933,0.002167174846789976
22934,0.003108961609598202
22935,0.004519046159463853
22936,0.004776351864771271
22937,-0.006078884673960892
22938,-0.008495270208450005
22939,-0.001612383373600854
22940,-0.0014980615056036436
22941,-0.007622600193014632
22942,-0.006627655781371329
22943,-0.011151836652875625
22944,-0.006993404498043372
22945,-0.01292544039857743
22946,-0.011705287174170102
22947,-0.016889151858353765
22948,-0.022966769506555386
22949,-0.016975400393631553
22950,-0.020080436360439755
22951,-0.021088930429444836
22952,-0.02290503553224525
22953,-0.025822524813114475
22954,-0.02647903568901472
22955,-0.030245581440125974
22956,-0.02967173357465502
22957,-0.021253215928761393
22958,-0.007684103530163785
22959,-0.008798140910175136
22960,-0.010042087395322941
22961,-0.008756595999894272
22962,-0.008804340941241079
22963,-0.0016273858345519515
22964,0.001804305281538994
22965,0.00840483995783913
22966,0.009713615238372423
22967,0.002116113119787708
22968,0.006739588488924457
22969,0.002587938514169937
22970,0.0020755375290173973
22971,0.0011624987054185741
22972,0.00014887581711227715
22973,-0.0019319616471940744
22974,-0.004735074056239849
22975,-0.0003463152090285978
22976,-0.002951426375570894
22977,-0.0006567240548313709
22978,-0.00807389951371754
22979,-0.013585906645044438
22980,-0.011222578102251947
22981,-0.01643453232673356
22982,-0.01356253283914844
22983,-0.016010846505555214
22984,-0.017458104311869203
22985,-0.028882918259791262
22986,-0.031949344177962094
22987,-0.02295613252312346
22988,-0.024405955050764323
22989,-0.025635571858902504
22990,-0.014653071076545385
22991,-0.011765666157087578
22992,-0.007007200653592519
22993,-0.009196218449833172
22994,-0.0046139425317821385
22995,-0.005501584784018778
22996,-0.0042918221959375785
22997,-0.0028097688755095336
22998,-0.0021007862942986973
22999,0.0013304911207676889
23000,-0.0005079410317236264
23001,0.006914773291230153
23002,0.0036574372257029975
23003,0.01237291193421704
23004,0.010971281430009333
23005,0.018461484786239813
23006,0.018098160312202197
23007,0.014666347339279828
23008,0.016036579978889978
23009,0.019878377628134096
23010,0.008407297192392284
23011,0.0034727241024087737
23012,0.0028973823717970255
23013,0.007324745317763373
23014,0.007222850755009336
23015,0.006189411486537719
23016,0.004902552937155958
23017,0.0039122110611220645
23018,0.006935732412196948
23019,0.009527778064759124
23020,0.011157673678071352
23021,0.007358729163520486
23022,0.008245503313348041
23023,0.0015580297030548418
23024,0.0017325731730237538
23025,0.00419699439020965
23026,0.0022732655458136803
23027,-0.005325333712054202
23028,-0.007244743563707973
23029,-0.011427849958488936
23030,-0.01135149606918847
23031,-0.00924207708666219
23032,-0.0050880038976557265
23033,0.0007830301813206627
23034,-0.0007569019947230948
23035,-0.0037449872438867506
23036,-0.0025766594740633374
23037,-0.007923791409894285
23038,-0.0114098627386002
23039,-0.010482843000692547
23040,-0.010607294170621784
23041,-0.00743895525219934
23042,-0.00595935348198954
23043,-0.006535080152223634
23044,-0.00487090149487268
23045,-0.004657892903997875
23046,-0.0022387498118698404
23047,0.0013324281938129638
23048,0.005899400753876376
23049,0.005978183780716862
23050,0.0050890012856605665
23051,0.00444491367625143
23052,-0.0019238157494853682
23053,-0.009264165533895197
23054,-0.005367612156666531
23055,-0.0018483309488518363
23056,-0.0022987617317719346
23057,0.0031513333327580087
23058,0.00375952072872431
23059,0.001863038916685281
23060,0.0029869666428574346
23061,0.0006700557309825797
23062,-0.006387787381737061
23063,-0.0062599223918397015
23064,-0.009461818202594391
23065,-0.005042127209893467
23066,-0.0035722101250330414
23067,0.0007462341855588788
23068,5.757106804643087e-05
23069,0.0005568375524597176
23070,0.001851584046937908
23071,0.003986998530758104
23072,0.009273946827916092
23073,0.012829936806915075
23074,0.00933194262795736
23075,0.005001770880980969
23076,0.005580813478883957
23077,0.0015864899426230076
23078,0.002349427792790534
23079,0.002519099707887622
23080,0.012778549636907967
23081,0.01302697903539928
23082,0.020239207393253654
23083,0.020328666301411488
23084,0.020367315967812955
23085,0.015925843211394043
23086,0.017989879151913097
23087,0.01799517330628526
23088,0.01740951981619563
23089,0.016408543429923143
23090,0.016054636629809275
23091,0.016321453018077255
23092,0.010885361728724629
23093,0.011612719964777248
23094,0.011729309216271232
23095,0.012869228051772586
23096,0.015192011653239149
23097,0.018609438864988278
23098,0.016182377409589895
23099,0.009362605981107225
23100,-0.0025238597092654557
23101,-0.0005787251366591488
23102,1.7506019105814605e-05
23103,-0.0001591431102883907
23104,0.0017591909530553112
23105,0.0009725565012378782
23106,-0.002193997852754851
23107,-0.006149195507243163
23108,-0.013073131842703553
23109,-0.013569379058315767
23110,-0.016362741016333983
23111,-0.018267891168333442
23112,-0.01878801547099281
23113,-0.02272015077504702
23114,-0.02290400728203781
23115,-0.019670348400692535
23116,-0.022478201001898103
23117,-0.01952905830776263
23118,-0.018419267777186797
23119,-0.013076972122843663
23120,-0.0154894251723008
23121,-0.018236013304524634
23122,-0.020365920217432276
23123,-0.022929568529351407
23124,-0.023057298458840185
23125,-0.014630064969818625
23126,-0.015843373868058286
23127,-0.017310959706843425
23128,-0.009560784098960556
23129,-0.006413505099093601
23130,-0.0034006918876289365
23131,0.016537064261845404
23132,0.020899582490423188
23133,0.023161011119928604
23134,0.02293962491576037
23135,0.02144734365323301
23136,0.019679844548665223
23137,0.016809375245484898
23138,0.014027588986997954
23139,0.015695167696127808
23140,0.02113619847974208
23141,0.02094034616185863
23142,0.021459713607244277
23143,0.027364364572823967
23144,0.02612509942255498
23145,0.017112703896595086
23146,0.016576533064729854
23147,0.023789304616999404
23148,0.02241671022487567
23149,0.0198020342866081
23150,0.01988747215486482
23151,0.00044757341600045044
23152,-0.0027207947418955987
23153,-0.005097404457364444
23154,-0.0009438375914141757
23155,-0.0002883818682362399
23156,0.001827529800635354
23157,0.001613082860465937
23158,-0.003646267905123445
23159,-0.006303517565210445
23160,-0.008443869535220406
23161,-0.015957957218913302
23162,-0.01651144305616177
23163,-0.019467475534221203
23164,-0.01872752573071632
23165,-0.0187287563695685
23166,-0.016939330614170335
23167,-0.01918548238319427
23168,-0.018778075851415908
23169,-0.017579557280029363
23170,-0.02083577679538074
23171,-0.021877027908531712
23172,-0.0202231952614692
23173,-0.018032807244735737
23174,-0.01997676545051154
23175,-0.01862611832977318
23176,-0.01820424352862165
23177,-0.019181690071856702
23178,-0.011219763720068146
23179,-0.00691247910438766
23180,-0.008242403760868839
23181,7.485577357418172e-05
23182,0.002543673666120592
23183,0.0004624873446774614
23184,0.0009175617124069644
23185,-0.000797076906296834
23186,-0.00040781395647836486
23187,0.000596727246830274
23188,-0.0005881951050914267
23189,-0.003105184538935975
23190,0.0007506526099502993
23191,0.0009069770659017936
23192,-0.008056726163936259
23193,-0.008781576711388465
23194,-0.0144566439786116
23195,-0.01148201402538386
23196,-0.011845055878206098
23197,-0.02153661408079775
23198,-0.02065789330184759
23199,-0.021640348871918513
23200,-0.023562815674583053
23201,-0.01985422284014234
23202,-0.022148446532370865
23203,-0.020657580541063512
23204,-0.02139778823611662
23205,-0.01946597196428932
23206,-0.01977197315770751
23207,-0.02178678374448895
23208,-0.017626940656713243
23209,-0.017106954450258005
23210,-0.019129729239825838
23211,-0.019015725982351992
23212,-0.01787177721931298
23213,-0.011390667714097647
23214,-0.007788929441274435
23215,-0.008627624586351175
23216,-0.0061488828059608714
23217,0.004397260563281125
23218,0.0010637814647069573
23219,-6.793056559222304e-05
23220,0.002519215776588807
23221,-0.0023890090952048545
23222,-0.002731651127120779
23223,-0.0028596545237674206
23224,-0.0018744090311317916
23225,0.00012655861919852915
23226,-0.0018309122781839096
23227,0.002100635706347515
23228,0.0011476202157759117
23229,0.003397231193605773
23230,0.002429968278999344
23231,0.003925885158686479
23232,0.00961669630207923
23233,0.0023809405081666036
23234,0.0013647582635628293
23235,0.0012793624958922114
23236,-0.002026499798138203
23237,-0.001965446113921701
23238,0.0010895832388022057
23239,0.00013440624066618427
23240,0.0004890398234885238
23241,0.0010508656516803082
23242,0.007674210386228339
23243,0.009533888356717531
23244,0.00836339995223766
23245,0.002970821970373881
23246,0.004613112966541801
23247,0.0023260566357463123
23248,-5.461375226848534e-05
23249,0.0004270473021294548
23250,0.0028902241540453926
23251,-0.0024413420071631923
23252,-0.0030687720203329
23253,-0.0033675965111371847
23254,-0.005830322245029873
23255,-0.007082446468844841
23256,-0.006532366836333053
23257,-0.003234595363941749
23258,-0.003983967047469212
23259,-0.0024397749188326528
23260,0.0028209281708864112
23261,0.003483289498009648
23262,-0.0034332246684283005
23263,-0.0024977397664472743
23264,-0.0024567586903765292
23265,0.001829724895823926
23266,0.0023329141857364455
23267,0.0025204485224166
23268,0.002172110475343727
23269,-0.0009333842575802295
23270,-0.003908954648598175
23271,0.0002813681526422335
23272,0.0009498971775908252
23273,0.0013253993374765394
23274,0.005982953576204594
23275,0.006565777719564378
23276,0.011165558659226109
23277,0.005714579281494226
23278,0.004749150270266441
23279,0.004309178415013559
23280,-0.0008784761942588342
23281,-0.005473217554704466
23282,-0.003940083149985922
23283,-0.0070978556927687895
23284,-0.010221649913011216
23285,-0.016117648807953414
23286,-0.01656660650040416
23287,-0.018878418845379084
23288,-0.016376319618010223
23289,-0.014539527597504013
23290,-0.011438950959353345
23291,-0.008745744038724107
23292,-0.007936628890501464
23293,-0.012404553291811915
23294,-0.014114718329452757
23295,-0.018360873181019075
23296,-0.021675127007019592
23297,-0.02035208289001152
23298,-0.019612776239320253
23299,-0.015614753283917263
23300,-0.017395266965069444
23301,-0.013084593940162485
23302,-0.017267287971398714
23303,-0.020441372565537116
23304,-0.01565907650345856
23305,-0.009323289646277334
23306,-0.009520995913181134
23307,-0.007896821048449128
23308,-0.0074951764449332605
23309,-0.0075535017480513255
23310,-0.007963112600972395
23311,-0.014811061858485935
23312,-0.016617685116580818
23313,-0.014094514303393342
23314,-0.01052920514660797
23315,-0.01158034210490256
23316,-0.012104811536090785
23317,-0.0143245857267235
23318,-0.013416433715562939
23319,-0.01729309223348673
23320,-0.019767419722560107
23321,-0.01779026607165487
23322,-0.01327474049682503
23323,-0.010257931513909477
23324,-0.0088614631877018
23325,-0.009555788908884512
23326,-0.015214707261158226
23327,-0.013146098929041438
23328,-0.016143019582919128
23329,-0.009720377885961048
23330,-0.009556332750586313
23331,-0.005956063567349368
23332,-0.003806893866610917
23333,-0.002811919986917657
23334,-0.005858931695934767
23335,0.001558117324124892
23336,0.007877918178473995
23337,0.011935153200850162
23338,0.014627846380423722
23339,0.01581621601699268
23340,0.017399857123001083
23341,0.016885933032902027
23342,0.014843259296551723
23343,0.01635561411358964
23344,0.011939043462974948
23345,0.012288118063530598
23346,0.017880990253250132
23347,0.024955109617461172
23348,0.027385730206743165
23349,0.02192058653512999
23350,0.027621705198189364
23351,0.028583588259174713
23352,0.028133977236607953
23353,0.02785933672991717
23354,0.027914741565012197
23355,0.024341335374691915
23356,0.018811173530378027
23357,0.02269587232358232
23358,0.01857143495174251
23359,0.01673278312779674
23360,0.02007083120928205
23361,0.017933832805785876
23362,0.023568508620669046
23363,0.023026353023880564
23364,0.025152029074012067
23365,0.023458758940967057
23366,0.02302974013198742
23367,0.014660000384706938
23368,0.013889598512929832
23369,0.01729751453532979
23370,0.012201195292198033
23371,0.011691865081810571
23372,0.010092631402341672
23373,0.011367399293122207
23374,0.015543531495291474
23375,0.016761795092489488
23376,0.019628968484502823
23377,0.014555279684533351
23378,0.018992855134206652
23379,0.019778779764037642
23380,0.017078371489962465
23381,0.024257056688742756
23382,0.019866490704767044
23383,0.012969905765528518
23384,0.011125849949950764
23385,0.012579767559938936
23386,0.013985403998146866
23387,0.01304154827991903
23388,0.012203260280971587
23389,0.012175698782198036
23390,0.009998808388596389
23391,0.01047889297966089
23392,0.012072091640222417
23393,0.007983777368790251
23394,0.0050676423355995506
23395,0.0037787145032257834
23396,-0.0008779532725125321
23397,-0.0006875246521349599
23398,-0.01238707693384569
23399,-0.015621342915754543
23400,-0.013825381637689723
23401,-0.01893624314442424
23402,-0.018274312892632222
23403,-0.010512636549585657
23404,-0.00594558842119119
23405,-0.005467944477738662
23406,-0.006401826150327615
23407,6.6216585815653725e-06
23408,-0.0015672343838446258
23409,-0.005745387269879309
23410,-0.004630844316709351
23411,-0.00837925162842988
23412,-0.0065954131364837874
23413,-0.003716293528968522
23414,-0.004677397720423447
23415,-0.004047423530837456
23416,-0.004420984903272699
23417,-0.005900415506799024
23418,0.0022110482117145705
23419,0.0051259906256611015
23420,0.005482669359703179
23421,0.0012196797911084515
23422,0.004060753928900831
23423,0.009646515219253736
23424,0.006986601795561495
23425,0.003343202887351032
23426,0.004136991251712711
23427,-0.0017599100381663624
23428,0.003588161287114892
23429,0.0010433680844078703
23430,0.0023884877313865957
23431,0.005164808094176579
23432,0.00704037819793358
23433,0.009153259821818048
23434,-0.01140517492677648
23435,-0.013883690961945697
23436,-0.01006154087378024
23437,-0.0108142040109411
23438,-0.008527897243243598
23439,-0.008551349552429718
23440,-0.007414565916482655
23441,-0.003027891087816188
23442,-0.006762860647753555
23443,-0.013939503796477811
23444,-0.008090790835538193
23445,-0.00708961262278173
23446,-0.005646579653799908
23447,-0.0032266623598357544
23448,-0.007430683239161003
23449,-0.002551572015399156
23450,-0.005634182915447289
23451,-0.004793549083840306
23452,-0.01063931694529769
23453,-0.007618540895763369
23454,0.013501377518454183
23455,0.013364960966600437
23456,0.009233924429571806
23457,0.01175806030093042
23458,0.015430739112730386
23459,0.014895251952037654
23460,0.012816232219354571
23461,0.004922286215994295
23462,-0.0017630469558561131
23463,-0.0018306799076314572
23464,-0.008215947464337604
23465,-0.0002693167199488676
23466,-0.0022646716443620847
23467,-0.004748606261493874
23468,-0.004791320473339349
23469,-0.007061762421228453
23470,-0.007389693489749466
23471,-0.01512444548619252
23472,-0.012626993205577234
23473,-0.01849003800383384
23474,-0.021044732178420667
23475,-0.01910833735803872
23476,-0.01744410453606371
23477,-0.01740982486216006
23478,-0.023158685039465388
23479,-0.01900628011056321
23480,-0.01580415720054483
23481,-0.011322260794854249
23482,-0.0022489036010510215
23483,-0.0005495681213072556
23484,-2.3977715929531232e-05
23485,-0.009203116313685446
23486,-0.008587440954803408
23487,-0.008667755889945826
23488,-0.010870241507296714
23489,-0.010698212439172138
23490,-0.009969028967024906
23491,-0.0026996025226064097
23492,-0.004504356383784581
23493,-0.0017523371362444119
23494,-0.002182086429610183
23495,-0.0019226136932197825
23496,-0.002338430926109987
23497,0.0036237618101597423
23498,0.0032974384364207383
23499,-0.0010936896106534606
23500,-0.004594722823543504
23501,-0.006931867123995862
23502,-0.009390185613000979
23503,-0.012422974283618342
23504,-0.011141132711067548
23505,-0.0081652513838017
23506,-0.006030205559997353
23507,-0.004461948799760742
23508,-0.0016451632435788685
23509,-0.0025162891743145447
23510,0.004039247149576273
23511,0.004889407932648967
23512,0.0077594734293333295
23513,0.005716443864220564
23514,0.00788521845092663
23515,0.0070184590879873
23516,0.008840698465099515
23517,0.005657981092100771
23518,0.011303804544021837
23519,0.01060164691714602
23520,0.011372461738020895
23521,0.013979131670796788
23522,0.015050464853767645
23523,0.016392942543700294
23524,0.018526404192024063
23525,0.019407920903924764
23526,0.014861687639978225
23527,0.011979745075455225
23528,0.011729437711854284
23529,0.012037835723106823
23530,0.010370529807538989
23531,0.00927328847285976
23532,0.007528232334524677
23533,0.006779173090391222
23534,0.004595729161566714
23535,0.007518682301865022
23536,0.009829311962802543
23537,0.013525765441467856
23538,0.00879517106449436
23539,0.013348178218922127
23540,0.013058666922051258
23541,0.014944777098086816
23542,0.01361912584540635
23543,0.014894525279986377
23544,0.010407309446594529
23545,0.0074738072991168076
23546,0.009114858081883424
23547,0.011404501021424616
23548,0.0017111248725386894
23549,-0.0011765986692383536
23550,-0.004518345475225928
23551,-0.0033632514955692036
23552,-0.0027861626012859854
23553,-0.0009728306255583059
23554,0.00036274294365751063
23555,0.0007348732285449589
23556,-0.0034321436182628167
23557,-0.013752630691909748
23558,-0.015750348454577727
23559,-0.01865666821217819
23560,-0.024633900771334157
23561,-0.023992806840396078
23562,-0.02373981973656465
23563,-0.027371093899162837
23564,-0.02840274976179229
23565,-0.026252208823315148
23566,-0.02438647157105388
23567,-0.02510780448958248
23568,-0.015742765706742417
23569,-0.013578298969132223
23570,-0.0026254095915934574
23571,-0.00045497947491700464
23572,0.0024505291954644414
23573,0.0023063468695560204
23574,0.0029525262025396496
23575,-0.0005094366520906116
23576,0.002027623865735179
23577,0.005598676602082871
23578,0.004552596190890216
23579,7.225983114027135e-05
23580,0.005809738359975172
23581,0.006987064849992534
23582,0.00952727715846498
23583,0.012083014528073753
23584,0.012320077129869756
23585,0.012879125467313644
23586,0.010575859443568819
23587,0.007559623515574758
23588,0.005891040977843821
23589,0.007993339425466308
23590,0.0017322744418486434
23591,0.0005382923884114933
23592,-0.0027490528247599514
23593,-0.0021835597636439812
23594,-0.002707071165401783
23595,-0.0011099212052003875
23596,2.8164949040375868e-05
23597,-0.0015971067328012687
23598,-8.0662727297095e-05
23599,0.003944458144542546
23600,0.0008306499279186362
23601,-0.0006123398015316972
23602,-0.0008236701517390731
23603,-0.0038479475911463693
23604,-0.0021682937146943896
23605,-0.009812330529949306
23606,-0.007422087363112676
23607,-0.005338497983413226
23608,-0.0015434340233305658
23609,-0.0013670411765465136
23610,-0.005755703030936221
23611,-0.008205562529125958
23612,-0.01224968590548971
23613,-0.011754193877607545
23614,-0.01437618520698356
23615,-0.012784833513328856
23616,-0.014307391145537793
23617,-0.012946842530514474
23618,-0.014277580796645177
23619,-0.013800896341468754
23620,-0.008180495927750114
23621,-0.008856729394643409
23622,-0.010583183977804153
23623,-0.0007952244371649413
23624,-0.002684783047863978
23625,0.0058577033309717185
23626,-0.0024657464901813673
23627,0.0027763662741459713
23628,0.0005824743404183327
23629,-0.0030204714647480697
23630,-0.0017554322718949943
23631,-0.0002853319400750043
23632,-0.001183169785896701
23633,0.0013571065850632939
23634,0.004428848144393305
23635,0.0008767025593221391
23636,-0.005342259879616645
23637,-0.005777191251589091
23638,-0.005490805965228022
23639,-0.0035156431198252215
23640,-0.004289368462268712
23641,-0.002575152887715224
23642,-0.008927712982477172
23643,-0.015188978020741529
23644,-0.013880734246601184
23645,-0.0155022172614293
23646,-0.009255095923261432
23647,-0.016048058986824938
23648,-0.017670242990072218
23649,-0.014963231495119139
23650,-0.015955746823801437
23651,-0.014698641979046325
23652,-0.00934042323838943
23653,-0.010628924149792116
23654,-0.011347215605934546
23655,-0.010359032920985462
23656,-0.00209762127437515
23657,-0.0024554683238064067
23658,-0.0005436455264807009
23659,-0.003916757197819673
23660,-0.0043010306589935585
23661,-0.0034459519826944116
23662,0.004286980713943266
23663,0.0034298003741330043
23664,0.00397458480607715
23665,0.008935459082582052
23666,0.007565797212453681
23667,0.010381188946475894
23668,0.014873174078985375
23669,0.017780515402726727
23670,0.014341377918419104
23671,0.01466463926693799
23672,0.019676497313385898
23673,0.01823489350353096
23674,0.018754223924307246
23675,0.0192770761188959
23676,0.014653078897518665
23677,0.022876729998650657
23678,0.023206376061354214
23679,0.02441242359676114
23680,0.025897716267671823
23681,0.02462038562586274
23682,0.02279533710460397
23683,0.016846342802852805
23684,0.016195672930373387
23685,0.010753770178811458
23686,0.0044907316960713815
23687,0.00336909462895047
23688,-8.720530278956107e-05
23689,-0.005067158347817389
23690,0.0005776331943793846
23691,-0.001470054691914758
23692,-0.009243333622772229
23693,-0.009394853673502488
23694,-0.008711775199696067
23695,-0.011591635053249342
23696,-0.00918696661630077
23697,-0.01760999125689468
23698,-0.017180125075238053
23699,-0.0168874479113849
23700,-0.01912595810380095
23701,-0.02382105093894376
23702,-0.0236118390042364
23703,-0.01699562810424427
23704,-0.01853336224049582
23705,-0.016043117977979148
23706,-0.009285274819948229
23707,-0.008276069634071877
23708,-0.00943814557071859
23709,-0.008234453484634802
23710,-0.010806485657737534
23711,-0.012308339178042542
23712,-0.00960459396334102
23713,-0.012653338137576561
23714,-0.009451062351930576
23715,-0.0016692406833267405
23716,-0.005668379992230337
23717,-0.0040917336273719315
23718,-0.004263630390388854
23719,-0.00631204422332395
23720,-0.004097760649962975
23721,-0.0007966124382542974
23722,-0.0015298609209252244
23723,-0.0010062609485017556
23724,0.0006279083872149529
23725,-0.0009933963473397738
23726,-0.001076610088950268
23727,-0.0011180098770901432
23728,-0.0006665754500350942
23729,0.00844090547786912
23730,0.008845759746391582
23731,0.012460827943449274
23732,0.015952937909516306
23733,0.018278476881265503
23734,0.015305300227256038
23735,0.00987100199826007
23736,0.01138535584951971
23737,0.012146549775788183
23738,0.009508014920260419
23739,0.011703391148825307
23740,0.007790904177283584
23741,0.0036874183704960666
23742,0.008707655230105669
23743,0.01076108915121971
23744,0.010460058354082091
23745,0.009776328904739949
23746,0.009931245679627103
23747,0.010640264983979526
23748,0.012303409898268215
23749,0.0033797950639587702
23750,0.003252342866852502
23751,-0.0012831871565862788
23752,-0.002598107976769348
23753,-0.0026272773675215045
23754,-0.0029013724087083195
23755,-0.0018689943519401132
23756,-0.0021434157040572067
23757,-0.002628206106287824
23758,-0.00179159880418935
23759,-0.0024795934807330814
23760,-0.002378963982255551
23761,0.0009023387709429687
23762,0.00031139643181516693
23763,-0.002922666560117196
23764,-0.005695903836229795
23765,-0.0045099393380363464
23766,-0.004130029545211002
23767,-0.005421491473453794
23768,-0.006419184635355759
23769,-0.005716857052104073
23770,-0.0035702429570621916
23771,-0.0020758442311962057
23772,-0.004300588368475608
23773,-0.004649208151388032
23774,-0.007491544794200272
23775,-0.009014133361553012
23776,-0.010515354134982141
23777,-0.012795260822736488
23778,-0.011924778630721408
23779,-0.010322346762237856
23780,-0.007019806399263156
23781,-0.006719009735526869
23782,-0.013515463662484222
23783,-0.011528399050855488
23784,-0.007516795830482065
23785,-0.009624194598242354
23786,-0.0035183881749994736
23787,-0.004257084863984091
23788,-0.0034129147440106504
23789,-0.0016443427687075395
23790,-0.004198897114479132
23791,-0.003458960444713381
23792,-0.002389921282909125
23793,-0.0011720182129974401
23794,0.00044588883967506605
23795,0.0022279801199270787
23796,0.0034251340205204
23797,0.006749952839733362
23798,0.0037963234035856023
23799,0.0027076390144216748
23800,0.001874968765394164
23801,0.0008504692315889846
23802,0.00361869180753375
23803,0.00448807452779233
23804,-0.0023944630574516362
23805,-0.002781989296874289
23806,-0.007543689409673475
23807,-0.005250397039556674
23808,-0.00542092651045668
23809,-0.03614534936948961
23810,-0.030530878780317676
23811,-0.02998644579920563
23812,-0.03537523263052535
23813,-0.037043593165190306
23814,-0.035863237144477665
23815,-0.0333104844843885
23816,-0.029195436694581176
23817,-0.02969159284346912
23818,-0.0345734759871603
23819,-0.04104901724057536
23820,-0.04208335077713229
23821,-0.04357590717210482
23822,-0.04883549088936044
23823,-0.05137126957578721
23824,-0.0409514223247034
23825,-0.04245835493582372
23826,-0.04324686411587259
23827,-0.05321911811952768
23828,-0.04729545350050188
23829,-0.017899695308638337
23830,-0.020045600003179034
23831,-0.02151757836854555
23832,-0.01735566203272104
23833,-0.012280309145693322
23834,-0.01304771447539896
23835,-0.01704836140334011
23836,-0.004377953669073031
23837,-0.004143171104638219
23838,0.0007404736693470212
23839,0.006724506757491278
23840,0.006597805979993967
23841,0.010161804588718595
23842,0.013631878605350027
23843,0.01450815033518246
23844,0.010529961229337439
23845,0.008189530198658278
23846,0.003206398926264189
23847,0.014462866605758254
23848,0.014326449120829945
23849,0.012983826087718597
23850,0.009221712885444237
23851,0.008353711349834156
23852,0.009671317605770391
23853,0.006280139862969174
23854,0.01211870563977299
23855,0.009393875588071159
23856,-0.0072599086534041
23857,-0.006232800903581519
23858,-0.0049676778165825925
23859,-0.004676205099586193
23860,-0.0020769758984576937
23861,-0.0005448926930813349
23862,0.0019070727066455792
23863,-0.0033157631497314384
23864,-0.005751763467318226
23865,0.0014078597185396562
23866,0.005666370813285283
23867,0.003406244647141058
23868,-0.0023353766462953884
23869,-0.0028686371810479937
23870,-0.002871602200109093
23871,-0.0008128076681464257
23872,-0.006839527663388664
23873,-0.010536834539316184
23874,-0.017111474121556967
23875,-0.013768512846939937
23876,-0.012117521805610836
23877,-0.014051184387655069
23878,-0.011960941267626323
23879,-0.012853526057406143
23880,-0.014770895143584829
23881,-0.014405330415798069
23882,-0.013720739303181633
23883,-0.0066904045830740964
23884,-0.006947748677110157
23885,-0.014082323382208637
23886,-0.01340808764897051
23887,-0.01449300057998027
23888,-0.015593751722574605
23889,-0.01535219280740335
23890,-0.011263458233176257
23891,-0.013003101350035887
23892,-0.010611942366953732
23893,-0.006677179530859553
23894,-0.0056937656897085845
23895,-0.006289353436569585
23896,-0.006779455468135639
23897,-0.005850710430009782
23898,-0.00473523311736486
23899,0.0030052784939415228
23900,0.0023840425745153067
23901,0.0010025601536092427
23902,0.0011084331781838267
23903,-0.0019435522653596013
23904,0.00028092807398524594
23905,0.005191905260676636
23906,0.00415010042539934
23907,0.005203216556735033
23908,0.0030442085010710363
23909,0.0029393687532513683
23910,-0.0012743557919862784
23911,-0.0005034946233181978
23912,-0.003431929567223638
23913,-0.003734549904606586
23914,-0.00028461836109569137
23915,-0.0019474579926856013
23916,-0.002148106701677376
23917,0.004464569321275991
23918,0.004955373987318333
23919,0.0016623419760548686
23920,0.007516619236696251
23921,0.008601268304622808
23922,0.007077073071535876
23923,0.00757120887186771
23924,0.005990824969488815
23925,0.007042081998162706
23926,0.005477047320726081
23927,0.004795044078627319
23928,0.004864356280382694
23929,0.003438458711980629
23930,0.004118298113304642
23931,0.00547209508051959
23932,0.010584874986852661
23933,0.012501164709691086
23934,0.009087390430888126
23935,0.014597050240555179
23936,0.01519305827826925
23937,0.008721317963191066
23938,0.0016303080359961043
23939,-0.003045218265575129
23940,-0.007442554267009736
23941,0.00719719083281388
23942,0.014325665229671491
23943,0.014734700742139752
23944,0.008090540098301314
23945,0.00218975793593451
23946,0.007890406632157182
23947,0.00838801045816721
23948,0.008960958299131334
23949,0.010846033789566724
23950,0.007711083365479754
23951,0.00989449167666281
23952,0.009737027740558872
23953,0.0029888283144144227
23954,0.002238358320844267
23955,-0.002448679563149347
23956,-0.001397004253764516
23957,-0.0043861214686539635
23958,0.0011395141755751628
23959,0.0023580231244447625
23960,0.0005717738674973058
23961,-0.015883191955786094
23962,-0.024678670146130767
23963,-0.024281410532291863
23964,-0.0175571342281652
23965,-0.00912076324937898
23966,-0.011205796786746231
23967,-0.011454899746863069
23968,-0.009500974566007998
23969,-0.008394650019257323
23970,-0.006367166330238345
23971,-0.011753160420101863
23972,-0.01051043847248876
23973,-0.006244741748919572
23974,0.006119628587247694
23975,0.007078859303073689
23976,0.005379628897998938
23977,0.005983248649622683
23978,0.003734823771186869
23979,0.0007363377535429436
23980,0.0019007643027283286
23981,0.005124079676815695
23982,0.006780639427446017
23983,0.0034320207441581986
23984,0.00485625576885903
23985,0.0026331755134973247
23986,0.0022169594433987423
23987,-0.000513326826197584
23988,-0.0006124283925676115
23989,-0.004549823594504096
23990,-0.004027731120771316
23991,-0.001302439310054808
23992,-0.008230580119665818
23993,-0.010106703781751257
23994,-0.02085232924723876
23995,-0.015658089161565317
23996,-0.01711044557768724
23997,-0.016253803287081273
23998,-0.014342961360753505
23999,-0.015051873459300534
24000,-0.01613971462526063
24001,-0.017066101939261943
24002,-0.016308831115446256
24003,-0.01349064574156001
24004,-0.009916485209896617
24005,-0.005712497236089448
24006,-0.004579424678844288
24007,0.0031933830553883425
24008,0.005643981367767885
24009,0.008998014613821166
24010,0.012584075384708454
24011,0.010913805862505892
24012,0.017208728416938355
24013,0.018446225909514183
24014,0.018154720040713224
24015,0.011596517900237907
24016,0.009557287215070261
24017,0.013058985636816983
24018,0.013129563449735513
24019,0.01702150817979081
24020,0.026460869408201415
24021,0.023761101220881365
24022,0.028338926646518662
24023,0.02824712887957965
24024,0.024350231813275145
24025,0.021301493068377832
24026,0.020886228728234205
24027,0.01755472070393281
24028,0.01176716622536166
24029,0.01159332150136395
24030,0.008282233658422997
24031,0.010358620112069748
24032,0.008759420586452276
24033,0.01057259860354526
24034,0.0118338327094625
24035,0.013101367827685692
24036,0.016594592639343844
24037,0.0097965682158827
24038,0.010929935632162482
24039,0.011296506700748023
24040,-0.00015369288827824686
24041,-9.015721009128305e-05
24042,-0.006321367050569723
24043,-0.0084072456904222
24044,-0.009086223699047323
24045,-0.010632085910492766
24046,-0.010768061702950766
24047,-0.013163532244579296
24048,-0.00845614600849205
24049,-0.013015639954053878
24050,-0.015889877993590474
24051,-0.016977048334806948
24052,-0.01574894397390416
24053,-0.014544363149201066
24054,-0.015929681977063834
24055,-0.01692697866470471
24056,-0.01800310112711094
24057,-0.013861875193236069
24058,-0.011387718382798132
24059,-0.012758961636976611
24060,-0.009227620820253534
24061,-0.010049729889964266
24062,-0.009202561213009424
24063,-0.00766368314268662
24064,-0.005962294627421766
24065,-0.006168266363466122
24066,-0.007295862004052247
24067,-0.005018025631284756
24068,-0.005081398395882658
24069,-0.0035402513827355988
24070,0.0006532954293030926
24071,0.002830747590319821
24072,0.0029003756715727464
24073,0.0023938017399718716
24074,0.004114156220700914
24075,0.005560022021619655
24076,0.004043527030095824
24077,0.005047606259231684
24078,0.0003255278234482349
24079,-0.0012115531313413091
24080,8.224721831499865e-05
24081,0.00124518512303213
24082,0.0006981090486296882
24083,0.003455082675862007
24084,0.0022870243660137344
24085,0.00012257772535042386
24086,0.00042199330549572687
24087,-0.0029669049374857885
24088,-0.0032776708362947855
24089,-0.0030826569793271697
24090,-0.005375100315459847
24091,-0.00944427748598977
24092,-0.01099372650084735
24093,-0.012600966491859779
24094,-0.020422529525707014
24095,-0.027813996478517993
24096,-0.023111613578823582
24097,-0.025103201082252124
24098,-0.02422246412814783
24099,-0.021002328704212137
24100,-0.022946332807804466
24101,-0.023923181142581722
24102,-0.022571941492099883
24103,-0.031105399097712153
24104,-0.03290345315356144
24105,-0.03060543479820183
24106,-0.03096772785586578
24107,-0.027095775858700304
24108,-0.027875292557353402
24109,-0.026594580307509042
24110,-0.02691228164765074
24111,-0.023777957122273253
24112,-0.022571286613085387
24113,-0.02469206570776689
24114,-0.020222560700173895
24115,-0.012731441575009451
24116,-0.011580637240774018
24117,-0.011428188980393068
24118,-0.014821623686285488
24119,-0.01784219313623545
24120,-0.017792789848614956
24121,-0.009418000867497783
24122,-0.007378958365718945
24123,-0.006294997829920452
24124,0.0027115850734065667
24125,0.001126308356268528
24126,0.0012283502464744325
24127,-0.0050697272250265
24128,-0.004191801086411083
24129,-0.0025203609064161853
24130,-0.008733081466668083
24131,-0.005753138075313817
24132,-0.006211070078368799
24133,-0.0041086600594840055
24134,-0.0033094456217544737
24135,-0.004419157010068139
24136,-0.01726130543978892
24137,-0.015533773375777202
24138,-0.007120841024950665
24139,-0.008832503978049992
24140,-0.008385614255251967
24141,-0.016269600768903325
24142,-0.009324663714622856
24143,-0.003146585697502379
24144,-0.010100497769890714
24145,-0.011098092924997914
24146,-0.013296050323066631
24147,-0.006081537362005902
24148,-0.006635863217196522
24149,-0.0014710763047053959
24150,0.006684046226770181
24151,0.001148928616776763
24152,0.0016320828261776068
24153,0.0017847490212901703
24154,0.001798338711577946
24155,-0.0023541800174679793
24156,0.0029952811862834637
24157,0.003258734906123488
24158,0.0032885247793228087
24159,0.007466876355088027
24160,0.010122757627340504
24161,0.018018463578223877
24162,0.008319178060403519
24163,0.004540676856298881
24164,0.006717083437377291
24165,0.0052522462508327004
24166,0.008633609429069959
24167,0.004765092166272948
24168,0.004338259512111533
24169,-0.000452858467193616
24170,-0.005529181540384575
24171,-0.00447137623589718
24172,-0.0012873578097442001
24173,0.0016563027709811788
24174,0.002657022754159559
24175,0.009766464997423124
24176,0.011838783604046428
24177,0.01053306741437326
24178,-0.0010185085915342664
24179,0.0002121852152720691
24180,-0.002508650322793065
24181,-0.006242602132001692
24182,-0.0025087385741815035
24183,-0.0005640101476627779
24184,-0.005108649398600581
24185,-0.0007968287186768395
24186,-0.002454809770808029
24187,0.0007479978203609023
24188,0.004203091193107279
24189,0.0034147813790197305
24190,0.010721874636842413
24191,0.00850322283325271
24192,0.007551346825349534
24193,0.004538656622270044
24194,0.004500121349771465
24195,0.002062208671916395
24196,0.0002594100762884923
24197,-0.0011722110083178547
24198,0.005646371664723537
24199,0.00412942436584544
24200,0.005028619400633294
24201,-0.0015478723473139183
24202,-0.004312018302760381
24203,-0.004730732641732195
24204,-0.0028211251863372896
24205,-0.009673741721254276
24206,-0.007202592454254233
24207,-0.008745000917737259
24208,-0.014011567127406472
24209,-0.007260418897571821
24210,-0.009141688463178864
24211,-0.006555670672856098
24212,-0.008105806438333665
24213,-0.00836911341634894
24214,-0.010836840625347923
24215,-0.005109196650498439
24216,-0.0001285410142726188
24217,0.0019164163079718943
24218,0.0018517218976301494
24219,0.002412917553150214
24220,0.002810445261939692
24221,0.006501025462268656
24222,0.006039178163534949
24223,0.00412778677537344
24224,0.0036762473573521085
24225,0.009687548388740603
24226,0.007353629167265735
24227,0.005751577992023497
24228,0.0086960640209048
24229,0.0021213225192060025
24230,0.0024893166825705813
24231,0.0034177032878202015
24232,0.004866460106634784
24233,0.00570111112300602
24234,0.008782925399775439
24235,0.00013874308467600008
24236,-6.007965399277572e-05
24237,0.0017229603673927952
24238,0.002013890973578626
24239,0.0017041482454050111
24240,0.00022274845155972385
24241,0.0016916750643681247
24242,0.00023777152025562982
24243,0.0031760417973047995
24244,0.0036961036112469546
24245,0.0015656135739570234
24246,0.0021796927717373533
24247,0.004978041579191208
24248,0.005254648211874936
24249,0.004681374532623229
24250,0.004746086475189367
24251,0.005721383063050904
24252,0.004178523293734641
24253,0.008195137560315983
24254,0.007991666252902466
24255,0.0065931009951576405
24256,0.005402325286913641
24257,0.003933953150867968
24258,0.003744255404413599
24259,0.004317886120707583
24260,0.006094084622338566
24261,0.0042952135144044895
24262,0.0014072856748046396
24263,0.0032813358877746206
24264,0.002929878247281771
24265,0.0065492111485832795
24266,0.005707513353269042
24267,0.004136097741433923
24268,0.004317167845120571
24269,0.006889294093044896
24270,0.005198962653131412
24271,-0.0031864290843540677
24272,-0.00018251159735877323
24273,-0.006555033583029038
24274,-0.006206193527173406
24275,-0.004019128365389547
24276,-0.003879607817433791
24277,-0.008271969439962711
24278,-0.008956478900587064
24279,-0.009660561763976512
24280,-0.011397759080311943
24281,-0.00814954061159994
24282,-0.00412007100842194
24283,-0.0063893033523690305
24284,-0.004435648706392365
24285,-0.005470305021255424
24286,-0.0086417659989712
24287,-0.006976129425364682
24288,-0.008563862680546694
24289,-0.009845780270166082
24290,-0.010795214263602224
24291,-0.006413222692773135
24292,-0.005334939385768473
24293,-0.0006995058693115714
24294,-0.0011033186460207094
24295,0.0036079762530267195
24296,0.0065060333452351465
24297,0.010206380079807719
24298,0.011413441591119927
24299,0.011837800557259689
24300,0.010224961465219236
24301,0.007922685847974066
24302,0.008820077270956725
24303,0.009388464990660672
24304,0.01593805422289196
24305,0.014747638573944242
24306,0.019095796728683674
24307,0.010683423405006836
24308,0.010531042505916976
24309,0.010831171979154015
24310,0.013561908855014486
24311,0.013451230930755958
24312,0.009359077959898031
24313,0.005286706498517342
24314,0.00428636515075255
24315,0.001736439748947319
24316,-0.0007662174686046563
24317,-0.0019116011798298999
24318,0.00019403288056867065
24319,0.0012639938170595833
24320,0.006311645431658858
24321,0.0048438040567379825
24322,0.00978380790836735
24323,0.005289229734705977
24324,-0.0019309356093187662
24325,0.0016342456997299054
24326,0.004667650032402807
24327,0.010796760331826881
24328,0.018914689570124873
24329,0.02085727312431935
24330,0.019523392309549133
24331,0.02184329917112104
24332,0.02115541038224612
24333,0.02285302286007572
24334,0.020227055069757617
24335,0.01950790229654573
24336,0.021580862650823547
24337,0.0265138822018937
24338,0.02735428908747971
24339,0.02613496724575609
24340,0.025951048110748737
24341,0.02693155311346671
24342,0.0208850073795532
24343,0.024023178449342396
24344,0.023085528582007245
24345,0.020037406630263332
24346,0.015271321973930491
24347,0.014162337175074419
24348,0.006419734777480339
24349,0.002711665234309536
24350,0.00621009079466556
24351,0.006320866474868803
24352,0.0006266424285513999
24353,-0.00022597871349472277
24354,0.002847564868188185
24355,0.0020187258457013612
24356,0.002496998045786582
24357,-0.0018479699221788455
24358,-0.0059578024309204615
24359,-0.007115357349300301
24360,-0.010426782932659267
24361,-0.010000245241005148
24362,-0.009010030262223037
24363,-0.005825397338880878
24364,-0.006267705911347164
24365,-0.0065808210292450245
24366,-0.005065908535703722
24367,9.053709414014694e-05
24368,-0.002794776839317119
24369,-0.0023148307215612716
24370,-0.007119517887189614
24371,-0.0076704383548077916
24372,-0.0010090801549866928
24373,0.002122987167088178
24374,0.0009253786103014682
24375,0.0026644372993586316
24376,0.009295482935160592
24377,0.008845640333889506
24378,0.009776757404195473
24379,0.011626720932648526
24380,0.017608587545647626
24381,0.016108898196266243
24382,0.019079272105038122
24383,0.02010819233079703
24384,0.02203399808484421
24385,0.023615790815990915
24386,0.027559960138275837
24387,0.023979232046480677
24388,0.027136974095898533
24389,0.02592639785806349
24390,0.02721706441160837
24391,0.028734003494226553
24392,0.02712654780253975
24393,0.024464926514499524
24394,0.021366477062679537
24395,0.024448999356646427
24396,0.01460939485203981
24397,0.014171705588475619
24398,0.01521370524874067
24399,0.013931568221281908
24400,0.00967559216030844
24401,0.011794240359452935
24402,0.008066490267931724
24403,0.0030029790558235474
24404,0.002018788304202487
24405,0.0010700778561221675
24406,-0.0006104775379011631
24407,-0.003736648728801694
24408,-0.007061288460354407
24409,-0.006216792480525176
24410,-0.00436858330947882
24411,-0.0049518648353227245
24412,-0.008484424003204523
24413,-0.007495063853852232
24414,-0.0028029677471598925
24415,-0.002601887117234357
24416,-0.004586028163845787
24417,-0.001434445679363867
24418,-0.005373184348658772
24419,-0.004112007925995578
24420,-0.0052616880057346285
24421,0.003614848450559158
24422,0.0027291414095499547
24423,0.004896918250148347
24424,0.003321583597009408
24425,0.004704104633229728
24426,-0.0006956314891423693
24427,0.005899102037818834
24428,0.010912063466044314
24429,0.011632830849986077
24430,0.020343351138746402
24431,0.02267941043466269
24432,0.02715652345014185
24433,0.025711347063650254
24434,0.02356736957309454
24435,0.014219575604508903
24436,0.016226272620672645
24437,0.014612196965399652
24438,0.01850531028898073
24439,0.03262633518434654
24440,0.03724995346328386
24441,0.027658893601709842
24442,0.03490888070826607
24443,0.03373527265556868
24444,0.038277616950157696
24445,0.03318966028826522
24446,0.036410423242025494
24447,0.03342993940496455
24448,0.02943981693336057
24449,0.03105412084960064
24450,0.020375738127846123
24451,0.02005846450773889
24452,0.022852188657366483
24453,0.020988671942255267
24454,0.036123686927045026
24455,0.05088527404505866
24456,0.05186107983985349
24457,0.04229835774171418
24458,0.04738426802819863
24459,0.03182101918901188
24460,0.02122270424231985
24461,0.010839658808764288
24462,0.007694519293917461
24463,0.005915052150424966
24464,0.010059024488896175
24465,0.013101650902270171
24466,0.009902940523465211
24467,0.0075964234462965125
24468,0.009695063299017526
24469,0.008940610254278546
24470,0.013769880021397288
24471,0.012811937196409356
24472,0.013505861498754702
24473,0.016733557219111853
24474,0.0034323336620453136
24475,3.1061813584170865e-05
24476,-0.0009288618826639284
24477,0.008349937141346143
24478,0.0017380824204389815
24479,0.0038129308037979813
24480,0.011372438142050252
24481,0.01893822484750103
24482,0.023249497639313246
24483,0.02694992084139303
24484,0.010478149670997606
24485,-0.011483448622346772
24486,-0.005751535195715801
24487,-0.0011872865681487154
24488,0.002694675241093727
24489,-0.004912875749500232
24490,-0.012523737019237332
24491,-0.012573261811118553
24492,-0.016672031028277284
24493,-0.01376685062342943
24494,-0.012199845417174152
24495,-0.017008978310899432
24496,-0.015064026499477228
24497,-0.00659869854767663
24498,0.0011360932718479507
24499,0.0038286099543284216
24500,0.0038779783016720444
24501,0.006044868809636772
24502,0.006706750171275268
24503,0.010720993433701429
24504,0.020472975809972312
24505,0.03496231589938164
24506,0.03535752692034842
24507,0.030214395587778047
24508,0.01974057409802421
24509,0.021290040700470348
24510,0.025144279859402204
24511,0.01612079443481858
24512,0.014782868259343458
24513,0.01097496054211784
24514,0.003451427053160191
24515,0.003323965996714325
24516,-0.00034755403735126864
24517,-0.012599360089474008
24518,-0.025252766174621428
24519,-0.0294400866278799
24520,-0.02468691153549659
24521,-0.02343316567770384
24522,-0.030847612668806732
24523,-0.03371417229551619
24524,-0.03825942176306162
24525,-0.0343672328939658
24526,-0.03389231377114231
24527,-0.0345815614596246
24528,-0.028218076094291777
24529,-0.024533684000476706
24530,-0.03020596212959022
24531,-0.02292950083711004
24532,-0.019408095120242032
24533,-0.017678125956357635
24534,-0.013730228022566134
24535,-0.006877565053279634
24536,-0.002914041331822566
24537,0.0014196813030932657
24538,0.013375809510501002
24539,0.01045668884591359
24540,0.0021216879557821753
24541,-0.00042841721173464235
24542,0.0007337576133561907
24543,0.0016730248809203618
24544,0.007909109849333958
24545,0.018953693046290413
24546,0.014086699696295184
24547,0.013797640487900682
24548,0.011032669638504659
24549,0.012262184699819396
24550,0.021663981692876432
24551,0.024149867764607664
24552,0.024332289490763197
24553,0.02080191362264242
24554,0.020782416329552553
24555,0.013776393032700396
24556,0.010519625734448628
24557,0.009806297809360888
24558,0.003559095709244492
24559,0.005171758765640808
24560,0.008190582116371916
24561,0.012057248908909747
24562,0.004224699835485581
24563,0.002424077185973111
24564,0.00022705877769694052
24565,-0.014493477776147408
24566,-0.011158669239720493
24567,-0.008180940283081006
24568,-0.007156593298741584
24569,-0.003817281106057827
24570,-0.009517114302077289
24571,-0.011382836122419668
24572,-0.010654405790678747
24573,-0.009294234678630761
24574,-0.008733855922225219
24575,-0.009868218116265563
24576,-0.008701628021277804
24577,-0.0020842561263795674
24578,0.0002571294726614179
24579,-0.00032512791751501566
24580,0.0012376786481882447
24581,0.0003122767517325094
24582,0.006987313504444415
24583,0.0037124631071073777
24584,0.006664013889006001
24585,0.015007905607486173
24586,0.014303891322703547
24587,0.016346799825332967
24588,0.019581292944097453
24589,0.017447326581180356
24590,0.01816272171014253
24591,0.017792822356225466
24592,0.012513648071072579
24593,0.014326375905316883
24594,0.01566268510353067
24595,0.016113075569367894
24596,0.013472253423567697
24597,0.00988559998280309
24598,0.004559034879181727
24599,0.0016093258428923716
24600,-0.0014573237757134433
24601,-0.006288347367442241
24602,-0.006523019704774796
24603,-0.004247925036412714
24604,-0.006710562560021432
24605,-0.008018262118923208
24606,-0.016063116775604614
24607,-0.01429623852867784
24608,-0.014910525071451531
24609,-0.01614748993256246
24610,-0.016032254572943685
24611,-0.015027378908933879
24612,-0.012360432101005587
24613,-0.015809077399740544
24614,-0.017456894319590324
24615,-0.016851052118386212
24616,-0.010014105064402265
24617,-0.011548928480923296
24618,-0.008677120639586106
24619,-0.0020595960825925325
24620,-0.0004508235575167758
24621,0.0020186115637440298
24622,-0.0010940174914911725
24623,-0.0047501311243197345
24624,-0.007886387188763165
24625,-0.007125446868558214
24626,0.0012948491661845373
24627,-0.002515406720188149
24628,-0.0001469761837341998
24629,-0.001955120008794374
24630,-0.0015050186741362927
24631,-0.0014300736557920015
24632,-0.004482872958144934
24633,-0.0008711066122280362
24634,-0.002247014667963608
24635,-0.001094850862806324
24636,-0.005629709706978113
24637,-0.014346854508676742
24638,-0.018936517891311958
24639,-0.020440624313648906
24640,-0.023312144254352494
24641,-0.020809037319547277
24642,-0.01366109883535867
24643,-0.006741751593417275
24644,-0.005839773218379871
24645,-0.004687938825491173
24646,-0.004211009831931184
24647,-0.0033163821551655133
24648,-0.006851146947331402
24649,-0.01222992492590761
24650,-0.01379030415173157
24651,-0.011195021449701992
24652,-0.009744911574872762
24653,-0.014371020703383305
24654,-0.011310852102582378
24655,-0.018511211729825696
24656,-0.015824871500248982
24657,-0.009112322124602393
24658,-0.005875537214009862
24659,-0.005641865650460617
24660,-0.004776505910495404
24661,-0.005471573320948503
24662,-0.009947147573791497
24663,-0.012555631240316386
24664,-0.004862890077464366
24665,-0.0008102846953391999
24666,-0.003141717828903513
24667,-0.008584154787299013
24668,-0.0019388376313054035
24669,0.002035557480096987
24670,0.0027334540102659077
24671,-0.0003984104927560187
24672,0.0011942327756992437
24673,0.0035923200434899707
24674,0.003697556116357962
24675,0.010052894250326327
24676,0.007365197053206185
24677,0.005585486911082151
24678,0.007486671546381016
24679,0.004666042698287497
24680,0.004084469259206437
24681,0.0015853094852910992
24682,-0.001704360750002236
24683,-0.0015476362804546784
24684,-0.006699157481732769
24685,-0.013916303496806887
24686,-0.013052413908152344
24687,-0.004928746439691536
24688,-0.01573827044684897
24689,-0.012513231402094658
24690,-0.011515107816727476
24691,-0.012815080987270083
24692,-0.013028704811712331
24693,-0.012486720422651957
24694,-0.01109852935392299
24695,-0.006405076039764064
24696,-0.008318605949626405
24697,-0.0012420946836451234
24698,0.0011906246307064408
24699,0.0030581484619600086
24700,0.0019177281830558106
24701,-0.0004698148424023736
24702,0.0036718255885830565
24703,0.001034848346539672
24704,0.001153872300028233
24705,0.0030031601040672465
24706,0.003580330015104947
24707,-0.00221076407244952
24708,0.0014612662793075128
24709,-0.005247233350331917
24710,-0.0062404562124750524
24711,-0.00557069967006177
24712,-0.009272966496075988
24713,-0.01202122735147348
24714,-0.014245299664165533
24715,-0.016917803408618863
24716,-0.012223084715567639
24717,-0.01806392164122431
24718,-0.020750213214475503
24719,-0.023476630955471107
24720,-0.02139633359949592
24721,-0.016632123011310278
24722,-0.015533448182238008
24723,-0.011826617249529136
24724,-0.014399930430514756
24725,-0.015059658338174032
24726,-0.017104276872654974
24727,-0.008203350492013099
24728,-0.008386140375386679
24729,-0.0017437800270927114
24730,-0.00654647252463957
24731,-0.006065396002370493
24732,-0.003707340952081729
24733,0.0024241649147359453
24734,0.0021302834259884066
24735,-1.816342908586956e-05
24736,-0.005164628378918936
24737,-0.005027398414979675
24738,-0.005517399716940273
24739,0.0025808043319929335
24740,0.006125658750796029
24741,0.008317251740185166
24742,0.003257568091298798
24743,0.00047557799916457825
24744,0.002827667020603526
24745,0.005024721143863173
24746,0.004372884362881574
24747,-0.0023049756854091733
24748,-0.004846110844023433
24749,-0.002247123366019264
24750,0.007370844437392516
24751,0.012759858844875353
24752,0.015312496303582161
24753,0.012114489499022253
24754,0.011060162013890927
24755,0.011777986795552649
24756,0.014312801041019332
24757,0.013515938641264186
24758,0.01654864791550161
24759,0.012729928649035719
24760,0.009915808265653876
24761,0.008293949773059417
24762,0.01208889841682103
24763,0.01095570154047786
24764,0.011546643365071685
24765,0.01114574984358375
24766,0.01645743953251924
24767,0.019051615914213463
24768,0.016618966821659684
24769,0.01473347895346593
24770,0.009191379256964541
24771,0.003854864774764144
24772,-0.004669318120037071
24773,-0.002980199016477529
24774,-0.0005931436072232877
24775,0.0031009635307659425
24776,0.005133742381213851
24777,0.006835475804842463
24778,0.0022650740227983367
24779,7.044811869190868e-05
24780,-0.0001575008904170395
24781,-0.003464183991554028
24782,-0.0004141157542781773
24783,0.002126785390567683
24784,-0.0008617502913955228
24785,-0.002756467291033177
24786,-0.008710531193238698
24787,-0.00884122132165076
24788,-0.004011391745537203
24789,-0.005613673089244605
24790,-0.00558618284257035
24791,-0.006335968033339153
24792,0.001448093573555746
24793,0.0008841189938480243
24794,0.00330931488553558
24795,0.006196177179705884
24796,0.0004182101498562161
24797,0.003741055404935359
24798,0.005425979167269193
24799,0.005854841131281203
24800,0.0019386401593873824
24801,0.0028330557408493997
24802,0.0017925664593345563
24803,0.00047396312013517534
24804,0.006736274337939997
24805,0.00813519867113639
24806,0.009905610706388054
24807,0.008180426674053293
24808,0.021168153183648016
24809,0.022299204009909937
24810,0.024596571773622563
24811,0.022047973383090242
24812,0.020511317457006614
24813,0.019271496080056544
24814,0.018057885924828432
24815,0.01066840896397732
24816,0.014202787298867028
24817,0.005440955127313863
24818,0.0060105306608528725
24819,0.0069231896882755595
24820,0.007753849232297451
24821,0.008929523165249547
24822,0.0072792415946476546
24823,0.009132181094826847
24824,0.005513466355802463
24825,0.006177523611841692
24826,0.006653704059168257
24827,0.005905972232337853
24828,-0.00613887676372395
24829,-0.007881327626558415
24830,-0.01477510081838656
24831,-0.013445727615431193
24832,-0.013229340479978756
24833,-0.012438335470312575
24834,-0.013677596248692225
24835,-0.013771400212124916
24836,-0.014932107448745147
24837,-0.01014721032801673
24838,-0.008793765808690016
24839,-0.007147016766652069
24840,-0.0042982863585917935
24841,-0.004379503451662601
24842,-0.0039350988877196414
24843,-0.0028452943752464988
24844,-0.000125167835341485
24845,-0.0016190141734388067
24846,-0.00200687044150566
24847,0.00021515529149575074
24848,-0.002365274299697726
24849,-0.0015473975626645296
24850,0.00495458298926503
24851,0.00703194324503898
24852,0.008255200234510908
24853,0.001832123812435264
24854,0.001310241443061727
24855,0.0014579041334348228
24856,0.003573474981803615
24857,-0.0009439807450566475
24858,-0.003559656512476419
24859,-0.0069847455247434255
24860,-0.006098833025453749
24861,-0.0071121318255005644
24862,-0.0072904236387271275
24863,-0.009840507354890426
24864,-0.013477108797130885
24865,-0.011014471217223338
24866,-0.009815108686229661
24867,-0.01172241109244486
24868,-0.007228313436808334
24869,-0.006207745258345569
24870,-0.005851054249727852
24871,-0.0058191811878061375
24872,-0.007810682884267767
24873,-0.0018302574263304072
24874,-0.0032062771279525596
24875,3.5637251976370676e-06
24876,0.0002614402359787044
24877,0.004123866875816814
24878,0.005459731866103722
24879,0.00697498820762467
24880,0.0008348080314742398
24881,0.0012517621096715002
24882,0.00043936718001734096
24883,-0.003488868393640061
24884,-0.0009234873006313474
24885,-0.004350273323093685
24886,-0.004822200345540391
24887,-0.009077128346158135
24888,-0.011508864369748276
24889,-0.013400980963928295
24890,-0.016695702585077785
24891,-0.017159177725314778
24892,-0.014921781058360947
24893,-0.01661968639441599
24894,-0.014186844097559576
24895,-0.015793185884728837
24896,-0.02069555187149397
24897,-0.02018842410388982
24898,-0.01984738534310396
24899,-0.021329194862374824
24900,-0.016225501324704274
24901,-0.020178474365889425
24902,-0.024049037245432517
24903,-0.02116194988380149
24904,-0.023543049840892626
24905,-0.023314509174531643
24906,-0.02420299794376094
24907,-0.01524930017103599
24908,-0.014401282091758016
24909,-0.015512380121821231
24910,-0.009178532099340454
24911,-0.006444845709493462
24912,-0.006494422286332634
24913,-0.0012353067295337605
24914,-0.002948258442128787
24915,-0.00456565065274226
24916,-0.0029443324553957567
24917,-0.0034696746676170674
24918,-0.003879300163348501
24919,-0.0016382234753996039
24920,-0.002993013269935194
24921,0.0009978105377191544
24922,0.0033283832733389264
24923,0.005295548263356385
24924,0.005702106483188827
24925,0.00017076371850406965
24926,0.0004351243140045539
24927,-0.006651090394961327
24928,-0.004189853379537421
24929,-0.001064768904465596
24930,-0.004437448197509653
24931,-0.008563425540493455
24932,-0.011289750920877095
24933,-0.015194747706935885
24934,-0.017840373594488965
24935,-0.020684069301756515
24936,-0.018108901953361043
24937,-0.016839178124517316
24938,-0.013864517172483659
24939,-0.014511783969620903
24940,-0.014361535490189472
24941,-0.01569673449311349
24942,-0.013167061276587358
24943,-0.01285318326842868
24944,-0.016897340856111675
24945,-0.014120698607823631
24946,-0.013520687460996862
24947,-0.012585204321421819
24948,-0.014773672448099651
24949,-0.020010882568996715
24950,-0.020670363008170354
24951,-0.019301102162154037
24952,-0.01263582357438868
24953,-0.010949698410595163
24954,-0.012006642957690262
24955,-0.004032527653210127
24956,-0.0030888733410302364
24957,-0.0034823094473341097
24958,-0.005900928160723784
24959,-0.005797087151763231
24960,-0.0049160770624626735
24961,-0.0019392558001630705
24962,-0.0043338315316327975
24963,-0.008299756992291626
24964,-0.005068882632537739
24965,-0.0012719556932842217
24966,-0.0033885939913821553
24967,0.006136061024626423
24968,0.004406769858216572
24969,0.009651227244407118
24970,0.010868165071297604
24971,0.007912978811367533
24972,0.0038327203907637937
24973,0.0011883794334200772
24974,0.005953667664203084
24975,0.00020698014109462267
24976,-0.0017851283998067441
24977,-0.000952926664378038
24978,-0.002080267048234914
24979,-0.0013339973344859335
24980,0.0007824078251946913
24981,0.001695465442242871
24982,0.003468273294481568
24983,0.0010689666966193234
24984,0.002525107961121547
24985,0.006014539495476072
24986,0.006252459051147589
24987,-0.0019801098521905493
24988,0.002295880695934244
24989,0.003411928908089936
24990,0.002470010222118399
24991,0.006305692188022232
24992,0.007875327324398758
24993,0.008922602985771534
24994,0.006503784299434912
24995,0.008216591897876114
24996,0.008717403026121145
24997,0.006821322668602212
24998,0.011766449815685935
24999,0.011975127554188798
25000,0.009569643379491163
25001,0.006720337098089583
25002,0.006529020511043711
25003,0.012852416490352193
25004,0.012855048481861673
25005,0.009498269553549755
25006,0.00856489650336961
25007,0.005635177336604905
25008,0.005312660904900534
25009,0.0032516689361216902
25010,0.0036517665991705594
25011,0.0029744542876910976
25012,0.00949940832590855
25013,0.007532126785672007
25014,0.010107604444371759
25015,0.009129039912968663
25016,0.009637165140725582
25017,0.011276827712920493
25018,0.0068242529120098455
25019,0.01247254276333253
25020,0.013317712619169548
25021,0.016513777796325898
25022,0.015355444420581036
25023,0.014608673146462728
25024,0.010938952549562491
25025,0.009531210245752092
25026,0.014366695881129338
25027,0.017878284594120285
25028,0.016944163743502293
25029,0.01675009022779209
25030,0.023021776467127143
25031,0.023118227838217216
25032,0.014910120693718219
25033,0.01618009403110476
25034,0.016143634177809136
25035,0.016415671481344065
25036,0.018483360517739293
25037,0.02139799980592492
25038,0.021074699225951374
25039,0.014212640792239759
25040,0.014434838921118751
25041,0.01162105156388819
25042,0.00883739032582856
25043,0.011760094080752603
25044,0.012201460950445242
25045,0.009257215280736229
25046,0.0051517199858025515
25047,0.0046631624092268375
25048,0.001185837146643107
25049,0.004067892134037916
25050,-0.0026827753382991973
25051,-0.00035244985702187216
25052,0.0005755433718190918
25053,-0.003957623045647446
25054,-0.005553321201693729
25055,-0.005204640128069877
25056,-0.007708431638595502
25057,-0.016842709066220846
25058,-0.014780219304155597
25059,-0.015128896814421831
25060,-0.011014856769538643
25061,-0.01682698691924011
25062,-0.012708643219271372
25063,-0.015306386119788127
25064,-0.013531196401023307
25065,-0.008283867008042008
25066,-0.007044861201290161
25067,-0.006247838456968584
25068,-0.004757646983559495
25069,-0.009905691910848603
25070,-0.010036851805485348
25071,-0.014180212566427049
25072,-0.01755958671175492
25073,-0.013795517573321472
25074,-0.01276824822427277
25075,-0.017867552317191157
25076,-0.01843271193071877
25077,-0.012839317995556728
25078,-0.014788460961113522
25079,-0.015244490721694476
25080,-0.01775363554929728
25081,-0.01149507271643445
25082,-0.013570619189269884
25083,-0.012799129210227913
25084,-0.010831322108518414
25085,-0.01095630341634007
25086,-0.010716909316055508
25087,-0.013307266095907667
25088,-0.009278190158629736
25089,-0.005994970076853925
25090,-0.010404007478565229
25091,-0.006718432286526229
25092,-0.004447121334631545
25093,-0.0026238374793534796
25094,-0.003686330053295626
25095,0.0008666222796964089
25096,0.001569419013331339
25097,0.001169435109587976
25098,0.0003983002981097123
25099,-0.0025925580183059436
25100,-0.0015147142129556272
25101,-0.0031266474926792583
25102,-0.004172312893326532
25103,-0.004863975848522238
25104,-0.006150836027623011
25105,-0.007311602095724717
25106,-0.005224036703213157
25107,-0.003688144691778565
25108,-0.005252402709507671
25109,-0.004209335257321148
25110,0.0010078509032675478
25111,-0.001911750080116714
25112,-0.0012231802009943435
25113,-0.0018919853390311854
25114,-0.0008331077191994422
25115,-0.0016165195329699519
25116,-0.0010835654527620454
25117,-0.0013974399023975312
25118,-0.001451955771193447
25119,0.0022011395515061554
25120,0.0048142352864761285
25121,0.004854835430873628
25122,0.007699819757939496
25123,0.007450205354661318
25124,0.004649396362738134
25125,0.005743862481012389
25126,0.004156900325041107
25127,0.004979725535340583
25128,0.002338864626133893
25129,-0.00044923036268745126
25130,-0.001147246332283562
25131,0.0005188342682806497
25132,0.0017686381578380186
25133,0.004083762938883122
25134,0.003944798654105815
25135,0.0032068820550634628
25136,0.001983974384611099
25137,0.0026762476249533942
25138,0.004263599331973448
25139,0.002682660716157045
25140,-0.0031297773066636114
25141,-0.0016521467792946077
25142,-0.004817029795583515
25143,-0.0034293498151376006
25144,0.0011617336015770688
25145,0.0011662370084852718
25146,0.00064941764278891
25147,-0.002489799462824395
25148,-0.00040179293574957764
25149,0.0007405487807690043
25150,0.009343540603921896
25151,0.010400506331137255
25152,0.00850177824694584
25153,0.011332377004265592
25154,0.01231390516991019
25155,0.013511440686545535
25156,0.009937687960835122
25157,0.008548995354861517
25158,0.008067275054100454
25159,0.008588350581757795
25160,0.008993784101239268
25161,0.00685777726469982
25162,0.010862676088869925
25163,0.011257250315110849
25164,0.0094120160685769
25165,0.007542250627472406
25166,0.007320615463169995
25167,0.00991730300053865
25168,0.007723113884838929
25169,0.013241989775763538
25170,0.0036094437970227424
25171,0.0017778902733825888
25172,-0.002831126512752933
25173,-0.007719883027305744
25174,-0.008180932583341348
25175,-0.008414441274621822
25176,-0.004326674899266171
25177,-0.003959062990296658
25178,-0.008024324990640732
25179,0.00034408311146217507
25180,-0.0036757057717535994
25181,-0.0030042374018408005
25182,-0.004154640236854318
25183,-0.0012260336427769262
25184,-0.0013399436408634605
25185,0.00017269279231453338
25186,-0.0030389285035408446
25187,-0.004336248736682202
25188,-0.002439864961838849
25189,-0.006549017586728649
25190,-0.006944233574514455
25191,-0.006424151944525257
25192,-0.003836395545315141
25193,-0.0025328132468908394
25194,-0.002246321579760307
25195,0.0018736686970340355
25196,0.004906064797427814
25197,0.005908551794972037
25198,0.011831320229287042
25199,0.0028869885352189486
25200,0.007053261109146133
25201,0.006913255662306
25202,0.007779198994590196
25203,0.0031518295685466183
25204,0.006902386022013626
25205,0.007980561864199912
25206,0.011439274496143818
25207,0.01197264060724684
25208,0.009566757449907311
25209,0.00888184837657939
25210,0.009336261037369781
25211,0.007441012894699277
25212,0.009150510136116894
25213,0.007581035331679919
25214,0.008763619282714626
25215,0.00582590711210997
25216,0.00398547884387393
25217,0.0030239867699439304
25218,0.000979468757979037
25219,0.00016191803302092016
25220,-0.0028862998807290944
25221,-0.0022626764099353846
25222,-0.0025263004512552168
25223,-0.0010202913825905478
25224,-0.0043820305595897585
25225,-0.005675121999262342
25226,-0.006821646318437652
25227,-0.006340234140950106
25228,-0.00720109916609448
25229,-0.0072791607292530475
25230,-0.005930503801993402
25231,-0.004477140552238331
25232,-0.002612443716692002
25233,-0.0007952264559093644
25234,-0.0017570808448175124
25235,-0.002140443507407129
25236,-0.0029748979743153808
25237,-0.002033545009452709
25238,0.004925875569838301
25239,0.007127492389869488
25240,0.010800459710625756
25241,0.010932605101882336
25242,0.010875814065456457
25243,0.007829108823518725
25244,0.009899546441658455
25245,0.009871551337536031
25246,0.011934176030845341
25247,0.011526494630734982
25248,0.013455233994595242
25249,0.012883202293272214
25250,0.015293826516369532
25251,0.014357027050089498
25252,0.012533265911579522
25253,0.009787854882642565
25254,0.009516659848878948
25255,0.0055923905602681704
25256,0.0066474729737728624
25257,0.006621577642255736
25258,0.002517789120691048
25259,0.0027429377270198818
25260,0.0008240589057546874
25261,0.0011404634130182867
25262,0.0001893689077929687
25263,0.001787695684685363
25264,-0.004434574460725287
25265,-0.0030630916857564703
25266,-0.004297756557851018
25267,-0.0020497251593761616
25268,-0.002940397263367574
25269,-0.0005835937946532143
25270,-0.004269838163378239
25271,-4.957292176790968e-05
25272,0.00026833198766695377
25273,-5.9862928933699585e-05
25274,0.001969800799833051
25275,0.005223482516895604
25276,0.0014072551890084884
25277,0.0013064960782497898
25278,-0.0022119662684164437
25279,-0.0018087854519992642
25280,-0.0010773763898683229
25281,-0.0020803960573547286
25282,-0.00453797316708146
25283,-0.0052493778007994185
25284,-0.002018239690133689
25285,-0.006845757691443013
25286,-0.007598970462066437
25287,-0.00989716460504632
25288,-0.008771503877250243
25289,-0.0092418181435095
25290,-0.008057196205448878
25291,-0.011776406025361475
25292,-0.014891284103266556
25293,-0.014287639640897173
25294,-0.020700492562918508
25295,-0.021851474123112124
25296,-0.021725344860604498
25297,-0.02085919246907669
25298,-0.018636052404441994
25299,-0.01962807209323418
25300,-0.020511811652251383
25301,-0.018625444656153237
25302,-0.015420100679989094
25303,-0.011674868262125025
25304,-0.005701855964106913
25305,-0.001920750578640899
25306,0.002702454415093839
25307,-0.0010309931078399054
25308,-0.001483931429405987
25309,-0.005285901689945178
25310,-0.005041702691491159
25311,-0.004048256802074767
25312,-0.0031775180534561217
25313,-0.0005841476251529451
25314,0.0005729975590120474
25315,-0.003880160217028592
25316,-0.0019658955443701475
25317,-0.00333239305688388
25318,-0.0036660633334089747
25319,-0.004932498925846853
25320,-0.003966508592769175
25321,-0.007297440581976818
25322,-0.003763686551707651
25323,-0.008801265711953728
25324,-0.015192578268556974
25325,-0.015363303679618091
25326,-0.018902904073882447
25327,-0.01810838276004439
25328,-0.01601444145849226
25329,-0.012895109534061434
25330,-0.010498279608975689
25331,-0.011187649870030004
25332,-0.007050450782824281
25333,-0.009683462838069975
25334,-0.008806362666733663
25335,-0.0031669524886236565
25336,-0.0030143277715995497
25337,-0.0034617454901011533
25338,-0.0040013364500729775
25339,-0.0019575763734307632
25340,0.006517256137893473
25341,0.0076911319148093415
25342,0.0010173062285961643
25343,0.0024878672075010467
25344,0.0038486224973750542
25345,0.003246325582430898
25346,0.002338930294991648
25347,0.0064049191169099195
25348,0.0033764732005021345
25349,0.005432606654896739
25350,0.0027559008937539345
25351,0.003381178824904588
25352,-0.00014018020704768382
25353,0.0011467971242188969
25354,0.016858829981062855
25355,0.01591042397598899
25356,0.016036551037200673
25357,0.014209754308764243
25358,0.013463372607950481
25359,0.013598078072279031
25360,0.00474469316883841
25361,0.0064186472387749655
25362,0.009591763389619342
25363,0.007258990784307489
25364,0.007411178581592294
25365,0.007846842940168295
25366,0.00944494883728965
25367,0.008276580431858699
25368,0.008366944319959284
25369,0.004403721898961185
25370,0.0062231377838906105
25371,0.00616665728222162
25372,0.0066088057221263
25373,0.006834399863983415
25374,-0.006674653795654446
25375,-0.0018036136797068155
25376,-0.0023975653523035808
25377,0.001035531147164543
25378,0.001321245580071626
25379,0.001237451832347682
25380,0.0011212569803743463
25381,0.003198008338252985
25382,0.0020876629308969694
25383,0.004901005680370401
25384,0.0028083884784533223
25385,0.0023822069021616197
25386,0.0023217243043307024
25387,0.0022355786065831047
25388,0.004940129245289621
25389,0.005474543129338194
25390,0.0005032523255152239
25391,0.0005216964246669067
25392,0.0013187156297494631
25393,0.004002933138932842
25394,0.005139092450718459
25395,0.003514955636186312
25396,0.004114801842215424
25397,0.0025207143661194757
25398,0.002240439708020179
25399,0.0012725152561558967
25400,0.00201154894453914
25401,-0.0011465424143141964
25402,0.0015469608550719085
25403,0.001105513199194504
25404,0.002679490662025273
25405,0.0022728194890152095
25406,0.0008515934523958712
25407,0.0014579710401423527
25408,-0.0020397403678842825
25409,-0.0031227698310206248
25410,3.608140086356641e-05
25411,-0.004359059076528572
25412,-0.0025578371709043617
25413,-0.005904438170373772
25414,-0.0045641454254262285
25415,-0.0016449787131126176
25416,-0.0016503606174718896
25417,0.002026289732349507
25418,0.001772645038328207
25419,0.003158210509805799
25420,0.0013917117659002357
25421,0.005498150790850135
25422,0.003764778968541047
25423,0.00394620344763011
25424,-0.0005944254748562364
25425,0.000820012193648272
25426,0.0020267921634764294
25427,0.0023836547646433784
25428,0.0040591302352098665
25429,0.005558079068206367
25430,0.007253934488936008
25431,0.010330478934289487
25432,0.006202118699651562
25433,0.006250000000000024
25434,0.003927440235768809
25435,-0.0014005661915129286
25436,-0.0019815755184549293
25437,-0.004031933569817435
