,close
16821,0.04328701702971686
16822,0.04124229131188803
16823,0.0429922991117391
16824,0.039194640186957785
16825,0.035834563212202464
16826,0.03412615370826481
16827,0.022816410681187328
16828,0.01875693070335279
16829,0.02020788831391435
16830,0.0188239950948737
16831,0.014592272979961348
16832,0.016964894633218867
16833,0.021946060285563153
16834,0.01605587561498379
16835,0.01306360404093452
16836,0.016076863162875713
16837,0.010380073725621806
16838,0.013904980845926718
16839,0.020804707054546723
16840,0.020164315025211342
16841,0.02388092282025764
16842,0.016860624386657697
16843,0.017459631516753397
16844,0.016226795725375588
16845,0.026740834700877767
16846,0.027632076625530903
16847,0.028577384135831163
16848,0.024339096984793664
16849,0.019630532532490585
16850,0.016381259229426837
16851,0.029975043332912725
16852,0.031272302337188376
16853,0.03080824900840057
16854,0.03219681997408686
16855,0.029597951497836898
16856,0.026091817775318948
16857,0.0278411111706652
16858,0.023953412904725926
16859,0.023363342840545257
16860,0.027386135906603572
16861,0.03356131900206281
16862,0.03476978712662657
16863,0.025509615063005316
16864,0.028976924713922
16865,0.027698639564272206
16866,0.020151973178621236
16867,0.02981315139158879
16868,0.02562145308162338
16869,0.014838231288334199
16870,0.004185157431189251
16871,0.002565187159085115
16872,-0.0015714450132782293
16873,-0.015079576011672804
16874,-0.013263518098632437
16875,-0.018820255311409944
16876,-0.014903455999078311
16877,-0.01547506579890934
16878,-0.012809432818297597
16879,-0.014594466145117635
16880,-0.014860446882746684
16881,-0.031665756048525825
16882,-0.027309723609051696
16883,-0.029303129512779604
16884,-0.021962125142376235
16885,-0.016674504652875635
16886,-0.013123792494476606
16887,0.01521144780149589
16888,0.021169344161096254
16889,0.021606350482127903
16890,0.015283930143840222
16891,0.0089729733355582
16892,0.005533064162520982
16893,0.007274927141308912
16894,0.00615096670646232
16895,0.012547173928765183
16896,0.012055990424400512
16897,0.01074406765398843
16898,0.010272312006895623
16899,0.013429848141495214
16900,0.016565860628457753
16901,0.016090721635481697
16902,0.02457238113799856
16903,0.037650020967449536
16904,0.03618960426592977
16905,0.037472366441302
16906,0.03939295961104286
16907,0.03868330193825809
16908,0.031182774938969166
16909,0.026265291848495485
16910,0.028780849035475533
16911,0.03680931427233552
16912,0.028018942974493765
16913,0.03120446154852451
16914,0.027625086255714654
16915,0.02569502177576689
16916,0.026497630851413757
16917,-0.002932404956785376
16918,-0.010114540596014264
16919,-0.005922948201457426
16920,2.903425835085784e-05
16921,-0.010639566506016478
16922,-0.008264547139800895
16923,-0.005633472692165645
16924,-0.009081250869946525
16925,-0.011063587883381673
16926,-0.0013477763149886961
16927,-0.00021208519289436
16928,0.0011561153027891773
16929,0.00863732094423346
16930,0.006901507815136145
16931,0.008851383725802315
16932,0.0041532662332413395
16933,-0.0020972876634179813
16934,-0.007339216142652999
16935,-0.010179489326182208
16936,-0.007420278440384756
16937,-0.013278200739569323
16938,-0.006236190541968346
16939,0.0011966378740486709
16940,-0.0009856672677561612
16941,-0.009308995298491534
16942,-0.0034853297787824774
16943,-0.004877861103139035
16944,-0.009933317622191361
16945,-0.010605997095702752
16946,0.00047373213393088796
16947,0.012063621839660647
16948,0.0028036535096699015
16949,-0.0030879512566132517
16950,0.005755459837454477
16951,0.021456941015198728
16952,0.02109003649637342
16953,0.024342451905017545
16954,0.025331034755806205
16955,0.02745178713294615
16956,0.020088431259348106
16957,0.022203097891729907
16958,0.023583118721259046
16959,0.022236250734182665
16960,0.026650883865857664
16961,0.029156722091284146
16962,0.03003093662660064
16963,0.034882553965878464
16964,0.040712473529929356
16965,0.05247490818223813
16966,0.043778442224112826
16967,0.05128538409530431
16968,0.049008952129427914
16969,0.049140072739785864
16970,0.050304852276420356
16971,0.05971703961533377
16972,0.05049604226924933
16973,0.0536540714168532
16974,0.060545165704578685
16975,0.05907333437500976
16976,0.04710262556353452
16977,0.033091735670036766
16978,0.04895602077237474
16979,0.048966522104755
16980,0.026961824889897137
16981,0.02004019881081087
16982,0.020578140712301317
16983,0.025090933329231454
16984,0.024530026021175617
16985,0.022158701181435342
16986,0.02475144307370674
16987,0.02265803992008647
16988,0.01941060857465302
16989,0.025990058361206787
16990,0.01752726524037624
16991,0.015966415969312704
16992,0.028980523803624356
16993,0.03059527232155286
16994,0.02944152472984486
16995,0.014592323291302296
16996,0.01808118265348405
16997,0.01166233432144723
16998,0.01442045005086724
16999,0.0013404414878879962
17000,-0.003025226449815554
17001,-0.02231438469326249
17002,-0.015333320479536828
17003,-0.018003110037407687
17004,-0.01426130385165343
17005,-0.00922446745434402
17006,-0.014924238389459662
17007,-0.011636157626329238
17008,-0.019103199194144802
17009,-0.021432658586720523
17010,-0.018269698358130578
17011,-0.016981521845376834
17012,-0.01756352840618529
17013,-0.02789824423528312
17014,-0.021003749481020833
17015,-0.029632708315539547
17016,-0.04267354115056299
17017,-0.03827370255665171
17018,-0.039815847275199566
17019,-0.04250679615909553
17020,-0.04065430627846932
17021,-0.04084468611976063
17022,-0.045530538365100987
17023,-0.0432099948862755
17024,-0.042938223168039524
17025,-0.03778943267794819
17026,-0.0369031569844568
17027,-0.03131466107322821
17028,-0.04301384522774405
17029,-0.036431276123246106
17030,-0.03282253597265342
17031,-0.020158953488795185
17032,-0.0265578047389094
17033,-0.023873287129620765
17034,-0.0353575191399864
17035,-0.040643337622730376
17036,-0.035932200800820366
17037,-0.028399307884310162
17038,-0.024846954734349194
17039,-0.02247336605401971
17040,-0.0103461484893596
17041,-0.0029463586811892895
17042,0.0008404891819320579
17043,0.00045937987010580776
17044,-0.002656557835780772
17045,0.0075617280443248825
17046,0.020365589487081028
17047,0.016266911612146873
17048,0.018792489475438382
17049,0.008021100120318562
17050,0.0044776619383845966
17051,0.007254299318087486
17052,0.002147037178939337
17053,0.006374139823376559
17054,0.00820659292828227
17055,0.011455545289961117
17056,0.005676936270577338
17057,0.004967823003627135
17058,0.013925667555932818
17059,0.015250501969303859
17060,0.0046258006530325154
17061,0.009298230806044012
17062,0.00053875422107088
17063,-0.0019369815739480377
17064,0.008560287817659933
17065,0.009581860843628736
17066,0.01157022829195794
17067,0.005177656454548627
17068,0.016031288162232805
17069,0.017503886070298163
17070,0.014301003872525385
17071,0.00643057261973919
17072,0.0017941198771268896
17073,-6.418490519146812e-05
17074,-0.003189256601184098
17075,-0.0034276653917761344
17076,-0.010296181555871996
17077,-0.023473629326235777
17078,-0.023568255839946047
17079,-0.016992278991453513
17080,-0.0163086753704458
17081,-0.0210579107404465
17082,-0.017363197561043587
17083,-0.03386549170454227
17084,-0.03412192607277827
17085,-0.03778525547427566
17086,-0.03702280509882496
17087,-0.03999139033879375
17088,-0.04514448253700518
17089,-0.03332412945648966
17090,-0.021933385823347203
17091,-0.021270126683063714
17092,-0.006420946295768842
17093,-0.00644978579496369
17094,-0.0010144825633747613
17095,0.003490116152848463
17096,-1.5869355223834383e-05
17097,0.003140396773715547
17098,0.006806250738004964
17099,0.007353712334244382
17100,0.013141372851716621
17101,0.018052495398868263
17102,0.018641181446164872
17103,0.03363978106604794
17104,0.03445563341305365
17105,0.030634501712216617
17106,0.030256528986658208
17107,0.05312362943343725
17108,0.051337731277808475
17109,0.05702241457593081
17110,0.062307599261516036
17111,0.06444451376648495
17112,0.06401896031127306
17113,0.06961136775804229
17114,0.06398291761247346
17115,0.060851301580265575
17116,0.07049246226084661
17117,0.07528302822003585
17118,0.08760259019677878
17119,0.07401998771286783
17120,0.07083409016830466
17121,0.09004043092053514
17122,0.08566593809490236
17123,0.0829713294601807
17124,0.07027967676145555
17125,0.07036056460376315
17126,0.07277472041668225
17127,0.07423474091356239
17128,0.06701740118589763
17129,0.0657165375977981
17130,0.03960453382825269
17131,0.040589788281901316
17132,0.037798556302630966
17133,0.022388043362515823
17134,0.02824004576517789
17135,0.03206287351564572
17136,0.05101569102913827
17137,0.041597017672501624
17138,0.04281092058253946
17139,0.05109372697100599
17140,0.046457457796437514
17141,0.04298052429933878
17142,0.039899157374082804
17143,0.049165514895691924
17144,0.05405676980463114
17145,0.023315328711788725
17146,0.02028473056767587
17147,0.019142372140629114
17148,0.020226283079331782
17149,0.024289838134934343
17150,0.016766642998800357
17151,0.004663760393033038
17152,-0.004088558338860663
17153,-0.0017946292146522795
17154,-0.011014520367721612
17155,-0.011131603151056203
17156,-0.01070363417140107
17157,-0.012683107753581651
17158,-0.021367449603595472
17159,-0.02429513021258667
17160,-0.013769142427377982
17161,-0.01889237068992112
17162,-0.017031350983177016
17163,-0.025191779211141442
17164,-0.024989034631200453
17165,-0.027075876176258503
17166,-0.0485472392577187
17167,-0.03993866037749129
17168,-0.03449382164302926
17169,-0.05423465033102869
17170,-0.04821877723199013
17171,-0.04613638643754314
17172,-0.03495250058307198
17173,-0.04788207278105053
17174,-0.049033481840186445
17175,-0.024279965794641336
17176,-0.026218824626384547
17177,-0.02616342013734173
17178,-0.022717587669689298
17179,-0.029101369132297095
17180,-0.019429683248330106
17181,-0.029886997587948994
17182,-0.027236798569236102
17183,-0.02657541110941241
17184,-0.02664841213028366
17185,-0.03166650928714065
17186,-0.03295721432685616
17187,-0.03812767795697251
17188,-0.040024522359005776
17189,-0.03853733877916266
17190,-0.0382624270803789
17191,-0.03628512759140874
17192,-0.034830449201690594
17193,-0.026782246089907816
17194,-0.015285776876873604
17195,-0.016585246940471976
17196,-0.010742164594779738
17197,-0.02933736293215522
17198,-0.03519708987596164
17199,-0.030094031460103927
17200,-0.025984901873252437
17201,-0.026317162985512718
17202,-0.03438664247956775
17203,-0.026694357168105566
17204,-0.025186093173813272
17205,-0.009496689523820028
17206,-0.005279473270343828
17207,-0.005086452497818529
17208,-0.014175198688917425
17209,-0.015753676159500987
17210,-0.017613547510508552
17211,-0.014775204981216554
17212,-0.003699869299712171
17213,-0.00359651385828792
17214,0.003351654912167722
17215,0.005314204204692205
17216,0.006562212396151329
17217,0.017904522808915867
17218,0.025566916914476934
17219,0.026850211895605214
17220,0.03528714281518891
17221,0.03550424761836389
17222,0.033490196894260624
17223,0.03800822058923116
17224,0.025399058769712393
17225,0.02795156450514234
17226,0.025471852201004216
17227,0.036585243883595846
17228,0.036191829455892444
17229,0.04167092419581734
17230,0.03485198344679019
17231,0.028850408051507046
17232,0.022587422051910853
17233,0.028764934406299826
17234,0.027466220038467052
17235,0.023532146550187476
17236,0.018254894050829345
17237,0.018367776266051117
17238,0.01901691297071568
17239,0.022200469796416922
17240,0.024737719182291354
17241,0.023076491649945696
17242,0.016619769618874868
17243,0.016714091420915806
17244,0.014360578672098818
17245,0.012419221371662955
17246,0.01206108609426898
17247,0.011410428650896674
17248,0.011193528050863358
17249,0.013759702474932186
17250,0.006513119909131922
17251,0.01144138209799834
17252,0.014311879821336786
17253,0.020061486465247864
17254,0.014143846455098402
17255,0.014033691559722455
17256,0.0162522789709425
17257,0.007620582760639353
17258,0.01200911046836954
17259,0.008158400690575225
17260,0.005434928713287469
17261,0.011837194565152916
17262,0.019618440658627143
17263,0.015031224306114104
17264,0.014889406993707121
17265,0.010349442216428709
17266,0.012135462376885476
17267,0.011891288343845504
17268,0.014712173923382161
17269,0.02182686451329228
17270,0.0205727337607073
17271,0.024230636043953944
17272,0.03030310150790021
17273,0.030487276138151716
17274,0.03445325946770762
17275,0.03738948791153585
17276,0.03986551165655007
17277,0.03794009926703086
17278,0.03208536667773313
17279,0.029352976231181712
17280,0.031334598444602034
17281,0.020437789880722233
17282,0.020367102424066648
17283,0.016237947512581303
17284,0.016207725144414722
17285,0.015620493258521067
17286,0.02167679991661883
17287,0.021398878758316975
17288,0.0162807567587773
17289,0.002503510070960311
17290,0.008950179241689067
17291,0.008937482482647344
17292,0.008102814276359444
17293,0.010708721798832744
17294,0.008185260022036924
17295,0.013553120568240167
17296,0.008086887961508518
17297,0.008336350257797581
17298,0.01330832915391144
17299,0.009875433975106674
17300,0.008787705473040973
17301,-0.0035601721667335813
17302,-0.009975752890058701
17303,-0.01260433010291493
17304,-0.004344230507953372
17305,-0.008493246431470014
17306,-0.009971587203853218
17307,-0.015069186160008864
17308,-0.0057815842167021165
17309,-0.004993470354650814
17310,0.005087546640746639
17311,0.013911759608947092
17312,0.011712513426249146
17313,0.011586097522089679
17314,0.01454085094468283
17315,0.01563024613053991
17316,0.003951187230889647
17317,0.010710993543518814
17318,0.01772394439371073
17319,0.030669591295992685
17320,0.02099380869212658
17321,0.019145033658220074
17322,0.013338873340184059
17323,0.005199724484918064
17324,0.00935275937918334
17325,0.0020122440940072163
17326,0.0006486087810266575
17327,-0.00236854109415933
17328,-0.008649099291477794
17329,-0.007522596314498203
17330,-0.007745754695969278
17331,0.001960875768637268
17332,0.0012904169551803278
17333,0.0029912369396696958
17334,-0.0033730116259869897
17335,-0.009037107512274075
17336,-0.011627793424856713
17337,-0.005505911237327667
17338,-0.00758906722312442
17339,-0.007861543735536226
17340,-0.021637571433723128
17341,-0.029169948242706644
17342,-0.027503026867120813
17343,-0.04515111610909121
17344,-0.049698037573449386
17345,-0.04805727586490906
17346,-0.040974983871662
17347,-0.04368643956303148
17348,-0.04895665512236345
17349,-0.04359873882435554
17350,-0.03354193988175513
17351,-0.032151113152957544
17352,-0.03464308134054792
17353,-0.02451598736975477
17354,-0.026437351040484197
17355,-0.021144513860753757
17356,-0.01077070762060007
17357,-0.007126134262839047
17358,-0.014422187038694228
17359,-0.013654917745071828
17360,-0.013989797259503552
17361,-0.0220129601796705
17362,-0.011433712859413612
17363,-0.01829361035557452
17364,-0.017993133729656555
17365,-0.013591377119131855
17366,-0.013229399811420997
17367,-0.002056661606044319
17368,-0.008757295021017074
17369,-0.008473564359690973
17370,-0.00892344525770585
17371,-0.002824999520118419
17372,0.00012442125704226743
17373,0.021514483993360506
17374,0.021605938485434465
17375,0.01965852942576673
17376,0.02150101042967428
17377,0.025814705314132155
17378,0.026412120278888198
17379,0.02719924854597788
17380,0.01969847232696419
17381,0.017631049116115363
17382,0.014790657560109284
17383,0.014331654497451215
17384,0.01658834319954792
17385,0.008589677403536363
17386,0.0015220794267689845
17387,0.00030727237669579195
17388,-0.00038957793654084287
17389,0.0006430088710440797
17390,0.006771172386000908
17391,0.012541621872373213
17392,0.006937012800377994
17393,0.01333436230976554
17394,0.015429988691522768
17395,0.02017503698482279
17396,0.02022332891068053
17397,0.00859874834146832
17398,0.007711168426355
17399,0.00997577129843268
17400,0.017764176602724887
17401,0.0062936604709394545
17402,0.0005305654533292853
17403,0.007193890025484047
17404,0.01151800522775851
17405,0.011080635081031825
17406,0.014471194717298044
17407,0.013126408520076242
17408,0.013149405179930806
17409,0.0015706604538064622
17410,0.004287107801728797
17411,0.0058576221308918
17412,0.007793408088564896
17413,0.004260111238699298
17414,0.002717461875987514
17415,0.0031133871402468575
17416,0.008522421423436637
17417,0.0049704177176868765
17418,0.00040545093752539674
17419,-0.0030492819220673305
17420,-0.008482813738540346
17421,-0.005517963387741788
17422,-0.007528857248898964
17423,-0.006272696686946404
17424,-0.01672861273938443
17425,-0.01797592485353051
17426,-0.021090811262467805
17427,-0.022482956595145112
17428,-0.0223576359096251
17429,-0.025334783884291827
17430,-0.028489886223360916
17431,-0.03321262584485088
17432,-0.031017940181319287
17433,-0.0516221763155446
17434,-0.05374247504965541
17435,-0.05063964434525113
17436,-0.0618634576855484
17437,-0.07066094562509079
17438,-0.06893891091389058
17439,-0.06607483629918444
17440,-0.06256175891692527
17441,-0.06394105072092625
17442,-0.05809786948673237
17443,-0.05483673086536077
17444,-0.05096521555786935
17445,-0.051391569303040195
17446,-0.06137580956250825
17447,-0.058127767272358626
17448,-0.03762937790541905
17449,-0.03491654185290072
17450,-0.03497305771063032
17451,-0.03729062057269647
17452,-0.03725354084751347
17453,-0.04475433109089872
17454,-0.03730829371998445
17455,-0.03229518120510862
17456,-0.027850650388459845
17457,-0.036519343072635164
17458,-0.02819116228373399
17459,-0.027223769642934926
17460,-0.032167525335168305
17461,-0.018722337753963102
17462,-0.021378277057737545
17463,-0.0036422139885703276
17464,0.0015171778790848682
17465,-0.002124444921656268
17466,-0.0008125285559257132
17467,0.007511682436923253
17468,0.004961041849451265
17469,0.006478436092000693
17470,0.006134826509360818
17471,0.007833549198951647
17472,0.015626701691340998
17473,0.012134356885782313
17474,0.008475330067863324
17475,0.007759870609348124
17476,0.022570399125058035
17477,0.025595693472185
17478,0.012079418259055001
17479,0.006857396598572001
17480,0.006673817209047975
17481,0.0011693630503008619
17482,-0.005078242794551428
17483,0.0014506223742759734
17484,0.0019186507521319015
17485,-0.0008563186670391494
17486,-0.005161964810392288
17487,-0.007164017743969551
17488,-0.02329966668436666
17489,-0.02362901873553569
17490,-0.02186293489323996
17491,-0.021620002122303833
17492,-0.019551452383685487
17493,-0.03324093647321549
17494,-0.03382543671547278
17495,-0.03643880279439661
17496,-0.03627381849964943
17497,-0.03683005542124307
17498,-0.035546872219007236
17499,-0.043790168511755705
17500,-0.05149065405955481
17501,-0.051280245481101515
17502,-0.06720348541948518
17503,-0.06339181966652667
17504,-0.06593446904814639
17505,-0.06294211249875019
17506,-0.06544011994129699
17507,-0.06784539694345311
17508,-0.05889023452594851
17509,-0.05789568402443284
17510,-0.05761832457594948
17511,-0.04166359307788269
17512,-0.03431578627469851
17513,-0.029545206555217206
17514,-0.03305037884863359
17515,-0.03789876779968043
17516,-0.030852800881682834
17517,-0.01943342727424038
17518,-0.0032624348944825096
17519,-0.002332765576867268
17520,-0.01065292403615779
17521,-0.017174375105389446
17522,-0.01695951884320378
17523,-0.0054918011607923735
17524,-0.01244749556238638
17525,-0.008899836692541244
17526,-0.008515677394178967
17527,-0.006050988304154052
17528,-0.007475803713225738
17529,0.0047812674490068895
17530,0.0032934892177385005
17531,0.010203924461265888
17532,0.022032352321304145
17533,0.01851272634866159
17534,0.021299170420832785
17535,0.020191215361298198
17536,0.016596997099471017
17537,0.016092285379157422
17538,0.0058981634989463206
17539,0.00129667422989296
17540,-0.0010725257653168183
17541,-0.011276665046805842
17542,-0.0024158694192680887
17543,-0.0043946839121297805
17544,0.0007530417349948098
17545,0.002448158621153873
17546,-0.001038613040508263
17547,-0.003061184172153829
17548,-0.009749597054406322
17549,-0.0144561335814519
17550,-0.0006379541059938585
17551,0.008297834979944378
17552,0.008754363725673413
17553,-0.0011955491774156652
17554,0.003761359394352051
17555,0.003853761240048685
17556,0.0037053223063893974
17557,0.00517330255458767
17558,0.00024479471243422067
17559,0.001732411697657488
17560,-0.0033927259426873827
17561,-0.01165247193347802
17562,-0.022732112581892935
17563,-0.024723958708834478
17564,-0.02552553499083841
17565,-0.023018151489073706
17566,-0.021983921520909944
17567,-0.021298504750325135
17568,-0.0182440698251342
17569,-0.004640046006625683
17570,-0.0016734424993697199
17571,-0.00030928274615918324
17572,-0.006588802883771244
17573,-0.007968774796152107
17574,-0.0026901351165310975
17575,-0.0029666733548866075
17576,-0.0037972304949982273
17577,-0.004658194933735938
17578,0.0002840295701904276
17579,0.0037681408887691313
17580,0.008755481512558777
17581,-0.0032621989519118076
17582,-0.0033930420790155395
17583,0.006608134474595533
17584,0.0025754265220387083
17585,-0.0047404783771187895
17586,0.0003961546475709353
17587,-0.0015351037125115002
17588,0.0029504140097077964
17589,-0.004777579461295731
17590,0.004196495273753302
17591,0.005815541779360338
17592,0.007257534714259461
17593,0.005563043734075625
17594,0.004347183872293013
17595,-0.00215568681685613
17596,-0.013973694027089362
17597,-0.013408412725673943
17598,-0.008947776311807532
17599,-0.013622331459359614
17600,-0.014838352119990838
17601,-0.011007973178714934
17602,-0.01996038577715595
17603,-0.02391701697164668
17604,-0.03582899823990893
17605,-0.018204338484201905
17606,-0.017497674851876595
17607,-0.026791466540372504
17608,-0.033203317935777535
17609,-0.03410076964994731
17610,-0.04405883772487398
17611,-0.02798373025214987
17612,-0.027116815600089193
17613,-0.03275338758056263
17614,-0.02661314872365764
17615,-0.02031543994634274
17616,-0.010751753090829376
17617,-0.013591587180574585
17618,-0.012035100859474599
17619,-0.006503154529535386
17620,-0.0008664785531640434
17621,0.0001761714388818728
17622,0.0006954454103170717
17623,0.005001588179997214
17624,0.006365878034929591
17625,0.01952987964723814
17626,0.028818793009227416
17627,0.028695846068787043
17628,0.0187238476305567
17629,0.016163785434369634
17630,0.013182755882403792
17631,0.01068379277540028
17632,0.019007740309923502
17633,0.023510395843960304
17634,0.03538133857265636
17635,0.021163460750920595
17636,0.02208894137179895
17637,0.031030315940233286
17638,0.03416320283831026
17639,0.0340616849124439
17640,0.03951543592853065
17641,0.03547586167419174
17642,0.034875727191519296
17643,0.03507972457342283
17644,0.03095761697916183
17645,0.030507108819124926
17646,0.022986366585462728
17647,0.03175933885148943
17648,0.030800526391844583
17649,0.02715394173814931
17650,0.02316097012876854
17651,0.022983234926150873
17652,0.02642866032262494
17653,0.024179930536095406
17654,0.024707640547479922
17655,0.015179780281954996
17656,0.012767386336555804
17657,0.019874013572156967
17658,0.03131371155441545
17659,0.03270302873893525
17660,0.03590734552849252
17661,0.028847323468616355
17662,0.02884913797489391
17663,0.03120663935358528
17664,0.02282157807347089
17665,0.014740625461924008
17666,0.014122703738449057
17667,0.015211138079600927
17668,0.015382374185107335
17669,0.01670466624753504
17670,0.01668311897062244
17671,0.011673519215930076
17672,0.013146443390255726
17673,0.011306460693785915
17674,0.006745222824375663
17675,0.007341729200323535
17676,0.007900754319153257
17677,0.005961136535114341
17678,0.006451926904784875
17679,0.010976882320430092
17680,0.009022987104032567
17681,0.005544420216667553
17682,0.012014313011290594
17683,0.009647397622247717
17684,0.010860053711066662
17685,0.01671886074381039
17686,0.015144258172709053
17687,0.0075990618626277946
17688,0.0006453016584561828
17689,-0.000680246105231483
17690,-0.004418315139565651
17691,-0.00019106646657636255
17692,0.0008695019711115707
17693,-0.0017462785801125133
17694,0.0016025746551212334
17695,0.002100605165477498
17696,0.0022309131719487185
17697,-0.0005178682112265111
17698,0.007036913049716087
17699,0.007262096043191446
17700,0.003841024328207748
17701,0.00718081908074012
17702,0.005834114266644248
17703,0.00451144637900511
17704,0.004155922961224202
17705,0.002956560201456351
17706,-0.004368579334174426
17707,-0.014317196786545593
17708,-0.01863507427122703
17709,-0.020261412318895833
17710,-0.015013124010276059
17711,-0.012630296520022021
17712,-0.012954070770628028
17713,-0.020594312037330732
17714,-0.021946054894177867
17715,-0.03164485937977302
17716,-0.029124208773543516
17717,-0.03557024268716945
17718,-0.03677369640559128
17719,-0.03623100183935436
17720,-0.03130191817824175
17721,-0.03649220780694899
17722,-0.03787961601400547
17723,-0.038773804112929314
17724,-0.036146513957564796
17725,-0.02784735636361008
17726,-0.031068896578524886
17727,-0.025989182451311585
17728,-0.044517809899320214
17729,-0.04570030163337327
17730,-0.038124451784265476
17731,-0.037942793682578656
17732,-0.038647338032775605
17733,-0.03922215871427605
17734,-0.037377372907137156
17735,-0.03790237488130365
17736,-0.03870984181301189
17737,-0.034032104508116834
17738,-0.03139229513343919
17739,-0.05627690058184338
17740,-0.05278797138072555
17741,-0.05231472928331823
17742,-0.05631250195522283
17743,-0.050932751080300764
17744,-0.05383435308288668
17745,-0.0502484010177556
17746,-0.057858034415231754
17747,-0.05255372722497728
17748,-0.055078643963696036
17749,-0.06420045237282343
17750,-0.06666034220321554
17751,-0.10523075868598096
17752,-0.10193021608748766
17753,-0.1015221255001668
17754,-0.09650271574749877
17755,-0.10495182957147561
17756,-0.1022528039375853
17757,-0.11040161628007016
17758,-0.09050951785059579
17759,-0.09022062825529793
17760,-0.07944404413950003
17761,-0.08569649496251647
17762,-0.08374430029762288
17763,-0.08328218125230173
17764,-0.0790221785515573
17765,-0.07480345747220193
17766,-0.06762483324425211
17767,-0.06867539379133869
17768,-0.06788466053865082
17769,-0.05950916129871957
17770,-0.06922734381764127
17771,-0.0693385932776388
17772,-0.07013817063144785
17773,-0.07083638596913175
17774,-0.06772205469265893
17775,-0.05828028859194535
17776,-0.047649488425806685
17777,-0.04766851408989262
17778,-0.04708191608375802
17779,-0.04351947346854914
17780,-0.030392698552862397
17781,0.02277736870175887
17782,0.017952716959338446
17783,0.018899745581264244
17784,0.01149410644239475
17785,0.01621363027037922
17786,0.01727671659775461
17787,0.019922706823010703
17788,0.011659255628304247
17789,0.0069070458399052214
17790,-0.008028232248989613
17791,-0.00749516672604831
17792,-0.009739391170268574
17793,-0.009611370503897404
17794,0.009620579205635617
17795,0.008520445520327725
17796,0.011573665192829988
17797,0.007666266259683566
17798,0.007198776879666925
17799,0.026792216129216458
17800,0.030029830705571452
17801,0.02940940104122081
17802,0.026603835648735825
17803,0.031770354259974154
17804,0.03147017838798835
17805,0.020861081587981372
17806,0.025114999939793818
17807,0.022578007481271374
17808,0.03254347561587342
17809,0.04603884687133079
17810,0.0338155522612448
17811,0.03349001436366303
17812,0.03031566914598649
17813,0.030398380449038254
17814,0.025167801670996127
17815,0.026350116243988014
17816,0.02441203662867237
17817,0.03295988768533157
17818,0.023006272694789463
17819,0.02788074470865396
17820,0.030210968922930397
17821,0.039624598412859854
17822,0.03957577631807961
17823,0.04219475928780334
17824,0.016606554104667687
17825,0.01856124051825627
17826,0.010744858280196092
17827,0.018607450895172295
17828,0.019388369247884427
17829,0.0044754015618209434
17830,0.0032587200614189577
17831,0.002277849084067709
17832,0.012868189667526344
17833,0.008621976528060977
17834,0.004788903796752868
17835,-0.0011789391033055845
17836,-0.010157514953441252
17837,-0.005869089929484569
17838,-0.00965857004283637
17839,-0.03168927978142984
17840,-0.03257798598497883
17841,-0.047630532674951875
17842,-0.047412488857509844
17843,-0.048217426596080956
17844,-0.04803148011936989
17845,-0.049020377396954355
17846,-0.048154886525082916
17847,-0.06280429546935662
17848,-0.044582546802130786
17849,-0.04205052199599368
17850,-0.043488557562649875
17851,-0.04654390662236294
17852,-0.04058331477415547
17853,-0.033095857218034735
17854,-0.029585676018249945
17855,-0.033431674265738655
17856,-0.04838632848049383
17857,-0.05026089343106557
17858,-0.05114808485175891
17859,-0.03802788845079197
17860,-0.03925687710749505
17861,-0.03999990782103911
17862,-0.04720166473371155
17863,-0.030415507037169838
17864,-0.0262828864322793
17865,-0.019909513404569753
17866,-0.018859354800279518
17867,-0.01978913589221687
17868,-0.02697951104651894
17869,-0.008627484761978048
17870,-0.004224131961373758
17871,0.0007129005755757843
17872,-0.00027495883367836447
17873,0.00018716032487214195
17874,0.017060237923222886
17875,0.012850026245538626
17876,0.01275067899519496
17877,0.011430731619066334
17878,0.0012130176169875626
17879,-0.0044445844739572785
17880,-0.011477830358593838
17881,-0.003958759557008411
17882,-0.009075297743726587
17883,-0.011626073443094785
17884,-0.03758370650463726
17885,-0.037966905674965724
17886,-0.03596194096572154
17887,-0.03491320380987
17888,-0.03885003698977454
17889,-0.0476211744351069
17890,-0.032253411169648714
17891,-0.03034367866033266
17892,-0.0331693489748199
17893,-0.049170516291486166
17894,-0.048600942183505864
17895,-0.04319201065839673
17896,-0.05157736367396343
17897,-0.051904158554061094
17898,-0.05319281307178819
17899,-0.07259767179768918
17900,-0.07502284945473528
17901,-0.07849222724424493
17902,-0.07291442540221106
17903,-0.07404393273024168
17904,-0.0798752066651691
17905,-0.07586735036145302
17906,-0.08079504125943059
17907,-0.07498797771399365
17908,-0.06705643304500727
17909,-0.06323849692589632
17910,-0.07371708816047536
17911,-0.07356484897758714
17912,-0.07688624917813544
17913,-0.08279416701776281
17914,-0.0534670616264768
17915,-0.05061260805428347
17916,-0.04635428583921439
17917,-0.057251519550965
17918,-0.05692255191104375
17919,-0.0741101032147105
17920,-0.09502397116625994
17921,-0.09418790494835381
17922,-0.08697116113483601
17923,-0.0849547843829965
17924,-0.09026455110653156
17925,-0.09862333788232398
17926,-0.10547083246231966
17927,-0.10778386210459687
17928,-0.08808341551236279
17929,-0.05283870708442228
17930,-0.0443828154967396
17931,-0.04106492213830223
17932,-0.04235011694236253
17933,-0.03402324973123474
17934,-0.04519973552979465
17935,-0.03665376202046581
17936,-0.03049538222184969
17937,-0.008531289884187424
17938,-0.018808867359473895
17939,-0.019841288122510136
17940,-0.017868143810843
17941,-0.025859974635174733
17942,-0.025733571491451075
17943,-0.032210768513713205
17944,-0.03329483449066333
17945,-0.03567021356299723
17946,-0.025246133453933887
17947,-0.007343653537311516
17948,-0.0012279317630211459
17949,0.02875651611945615
17950,0.0474970436446156
17951,0.04696522846364572
17952,0.03331595876629337
17953,0.035369987449754094
17954,0.04045224386358776
17955,0.041882599443588166
17956,0.05929429839077579
17957,0.0625902343549639
17958,0.038811479369987474
17959,0.019742430806895018
17960,0.00438486987083832
17961,0.019719106728310593
17962,0.017310888019269503
17963,0.011333669662985319
17964,0.009945270653761858
17965,-0.0011175716113461616
17966,-0.0019831147549678016
17967,-0.010254926040941463
17968,-0.01032008904937091
17969,-0.01072073347082076
17970,0.004320546959261792
17971,0.0042055768606883495
17972,0.00802557542723974
17973,0.02553198214172831
17974,0.022831167209198457
17975,0.02383201424212694
17976,0.02313465764785083
17977,0.02220851342682044
17978,0.014442565065986358
17979,0.009710210214558722
17980,0.0012848602247605087
17981,0.0010110201984763556
17982,-0.002350944862071638
17983,-0.0005459144816294981
17984,-0.00031496782809839144
17985,0.008693592412481028
17986,0.015384375855984988
17987,0.011677607197063067
17988,0.019323199027514757
17989,0.020595057864627776
17990,0.026989654778280688
17991,0.01564300613642529
17992,0.012758410771280633
17993,0.010355228394238712
17994,0.003760118327994678
17995,0.01290178113695898
17996,0.021276290490004846
17997,0.018078716509918595
17998,0.016765884555904092
17999,0.017822824903493982
18000,0.015064753024026514
18001,0.02195478135323407
18002,0.020709616654964787
18003,0.02457951318940515
18004,0.023155395533291587
18005,0.027606081301856048
18006,0.032722510011830505
18007,0.03757385923866587
18008,0.041379247420167534
18009,0.03388327864475241
18010,0.036330876040310364
18011,0.03546783975724558
18012,0.046291126446671764
18013,0.03886495010092317
18014,0.03805715826325784
18015,0.03196029524903861
18016,0.025525281635472567
18017,0.029191945607376386
18018,0.04265821982829092
18019,0.04766989867679412
18020,0.04824849505581343
18021,0.040187930197355254
18022,0.053883342856092295
18023,0.053506773699340725
18024,0.0658434259604453
18025,0.05333200463122614
18026,0.044719197115877435
18027,0.036683162872539296
18028,0.03602343417006653
18029,0.03489128661781489
18030,0.03509869580542827
18031,0.021803879128370007
18032,0.020458886630902288
18033,0.009789373729391457
18034,0.02471777740944264
18035,0.02057714570802566
18036,0.011308995343354868
18037,-0.002909691913798671
18038,0.000683649682982861
18039,0.01988125070618042
18040,0.01498305903912278
18041,0.020434617484632208
18042,0.02011256850344461
18043,0.011529675859437597
18044,0.010668122733913083
18045,0.010355925876840375
18046,0.00247287829297901
18047,0.001471879128576608
18048,-0.0055850736624580115
18049,-0.01882178608539769
18050,-0.022074400684253447
18051,-0.018210972911811157
18052,-0.029110696612820928
18053,-0.02904503912118212
18054,-0.031088702400847178
18055,-0.022643456066093453
18056,-0.021489152954300973
18057,-0.01002648836029758
18058,-0.003734750810865349
18059,-0.0018327634660128887
18060,-0.00011543059115992974
18061,8.339037554140911e-05
18062,0.002182236288719409
18063,0.011886973404957603
18064,0.005601120024924788
18065,0.0062351416222060215
18066,0.018973037867040212
18067,0.013996558092027848
18068,0.012337312603205919
18069,0.003855017321488746
18070,0.007870506544660413
18071,0.0035833430203788866
18072,0.005924984445958761
18073,0.014240067797220696
18074,0.016391442976974323
18075,0.009307493397473275
18076,0.020392252627619466
18077,0.017235896988347245
18078,0.012276961121447695
18079,0.015001476652594072
18080,0.01644955451390307
18081,0.02152085779357243
18082,0.018410139734579008
18083,0.01887721434683585
18084,0.024532780121151395
18085,0.0192734322839225
18086,0.011916143938366323
18087,0.004001897068645657
18088,0.0024118685245125377
18089,0.0019167134652698847
18090,0.0006298079198533418
18091,0.001584033107501135
18092,8.964779496648328e-05
18093,0.0010640383961935936
18094,-0.01199136845179025
18095,-0.011545921379303227
18096,-0.014192974179552639
18097,-0.007917133410811865
18098,-0.006318349010387248
18099,-0.008569718259550036
18100,-0.004015131363473847
18101,-0.004570223410738325
18102,-0.008468425467052395
18103,-0.007835041172871366
18104,-0.007572783617750136
18105,0.0046915924079697705
18106,0.00318152111492462
18107,0.006776944958584081
18108,0.009671996718948679
18109,0.014604531944862373
18110,0.015869134971926463
18111,0.00924238800308923
18112,0.006151824075149224
18113,0.004225769083216311
18114,-0.0035240717641854516
18115,-0.0021877758461948857
18116,0.0042387927877902696
18117,-0.0045987045174134995
18118,-0.0033320345193660586
18119,-0.00445776213375245
18120,0.0020679233874803357
18121,0.01417741181749448
18122,0.013927399852749043
18123,0.0039707629432342625
18124,0.00394887155597714
18125,0.002020963117423179
18126,-0.0075284439282064745
18127,-0.007975086041346145
18128,-0.00858645742979233
18129,-0.013848505524245425
18130,-0.02442829754222297
18131,-0.028846975767700348
18132,-0.025270869869048387
18133,-0.03757055742979554
18134,-0.04052718213021727
18135,-0.039631470901041264
18136,-0.04365619928105662
18137,-0.04261741228242428
18138,-0.04700263797972386
18139,-0.05717467145103212
18140,-0.052701248728600665
18141,-0.03831334666326022
18142,-0.039202630538220616
18143,-0.03678686816959038
18144,-0.036360592412115915
18145,-0.03898716866579674
18146,-0.03927053410240295
18147,-0.033987868341508
18148,-0.03256053826889045
18149,-0.03213686614777665
18150,-0.04692638145441917
18151,-0.06334843648862802
18152,-0.0620925388227371
18153,-0.054344383236291746
18154,-0.04583290817376648
18155,-0.045047387115824115
18156,-0.03506975290259732
18157,-0.03255108986354612
18158,-0.03329003925062611
18159,-0.028244442333581216
18160,-0.02394088158462877
18161,-0.020259615113103008
18162,-0.025330804690268768
18163,-0.003952664109556797
18164,0.0002054859574674785
18165,0.006859881335075681
18166,0.005563589412524228
18167,0.005503619070716122
18168,0.005019578239768239
18169,0.013797885654663866
18170,0.008936589566018687
18171,0.0035636312163529397
18172,0.014425333373717939
18173,0.01511011648739724
18174,0.014285176350824139
18175,0.018858920626514435
18176,0.020853887504636473
18177,0.026299555858741826
18178,0.02442857150286899
18179,0.02555871246103921
18180,0.039481017975385266
18181,0.05055453883042724
18182,0.05046452859244444
18183,0.0405983853884347
18184,0.03885099227707461
18185,0.039664541749399145
18186,0.030438007691205807
18187,0.02155730068849187
18188,0.020453968127938735
18189,0.02683165369732532
18190,0.025761841132285968
18191,0.027596159563454965
18192,0.032826824886153495
18193,0.034434975619179485
18194,0.03021032108993858
18195,0.020644317358067557
18196,0.022559318138336806
18197,0.022710180593006325
18198,0.02167908764625428
18199,0.015008858406400488
18200,0.013584510657590419
18201,-0.0016108050678012708
18202,-0.008733776010697678
18203,-0.00782209531023443
18204,-0.007062986962943831
18205,-0.005967097190243456
18206,-0.007339628042102806
18207,-0.01500663415835764
18208,-0.02000112197577392
18209,-0.02218151160358282
18210,-0.03202230295281194
18211,-0.033399130191079714
18212,-0.03744136789467354
18213,-0.03648232905711247
18214,-0.04386239119535609
18215,-0.04602102819003779
18216,-0.034109609157259094
18217,-0.028162507907428407
18218,-0.027311076078112312
18219,-0.03150768432067292
18220,-0.0334043263588166
18221,-0.034819708334438766
18222,-0.03416456612394088
18223,-0.04127200816982567
18224,-0.03827970027843344
18225,-0.03494677349142682
18226,-0.03226983554551452
18227,-0.03383731794283556
18228,-0.03397833187085616
18229,-0.029781949833846542
18230,-0.02815866976906819
18231,-0.020530462852935274
18232,-0.025614799467402135
18233,-0.027320496755920583
18234,-0.031789572646795765
18235,-0.03715056109918202
18236,-0.03886727923643648
18237,-0.03858845875323026
18238,-0.03157859291809613
18239,-0.029332697152355338
18240,-0.026034154886111407
18241,-0.021178030729694652
18242,-0.01752915393681912
18243,-0.02287267617772755
18244,-0.006756160923298045
18245,-0.005422672651116838
18246,-0.024374780569766327
18247,-0.019930198575540976
18248,-0.016403029128264288
18249,-0.016596301961703423
18250,-0.009282253679170184
18251,-0.009896036768301667
18252,-0.010711265890655342
18253,-0.00966672392655354
18254,-0.011605189560395822
18255,-0.020368674700046677
18256,-0.01561116074985265
18257,-0.010504377343243169
18258,-0.011090986273495718
18259,-0.009278870950381267
18260,-0.010150114439351253
18261,-0.00601246547927653
18262,0.002215406174972494
18263,0.0014395572153348948
18264,0.01260212477592271
18265,0.012940793178494926
18266,0.01609072294512358
18267,0.0223148892854618
18268,0.014659366583127604
18269,0.013399664674446735
18270,0.017486595668901095
18271,0.015587802425396693
18272,0.016809347730887384
18273,0.01967763214654507
18274,0.013237970474687865
18275,0.01611384599982464
18276,0.024571950154051673
18277,0.021000984912757654
18278,0.01680627154901485
18279,0.013747939333555687
18280,0.011337309659217731
18281,0.01252904869922383
18282,0.016264498102136187
18283,0.017245052729958445
18284,0.01805316178698982
18285,0.020653012686320436
18286,0.017239874819448588
18287,0.012053754427880344
18288,0.018155470328326023
18289,0.020069742836443718
18290,0.02249900456192045
18291,0.02166723316979657
18292,0.022846671608786572
18293,0.02330254597007621
18294,0.012883985479840175
18295,0.007376521043018988
18296,0.0044957616996080954
18297,0.002112834510226143
18298,0.004365008443216456
18299,0.00337930281811552
18300,-0.0013920303960362021
18301,0.002343056155184649
18302,0.0007856023751037295
18303,0.010999553301626596
18304,0.0050382050367926475
18305,0.0019746969794121735
18306,0.00905356720060175
18307,0.003086684117835123
18308,0.002110364703117916
18309,-0.011305300922432858
18310,-0.008237244337629132
18311,-0.008819928782502538
18312,-0.014249113361357167
18313,-0.015814632389085582
18314,-0.01690692303240276
18315,-0.014158074780254059
18316,-0.022965887427578085
18317,-0.023972855829656657
18318,-0.03044359852325119
18319,-0.028255245975242472
18320,-0.030030389195181483
18321,-0.024324951588359803
18322,-0.021098701592589805
18323,-0.02086926179699191
18324,-0.013520640203741717
18325,-0.006429620045285965
18326,-0.005934569490025007
18327,-0.005506234120919895
18328,-0.013062784881488562
18329,-0.011925001412167796
18330,-0.015194729595445827
18331,-0.021093425967721815
18332,-0.02012177362238544
18333,-0.022116608417644387
18334,-0.02026389940373972
18335,-0.020975444536764535
18336,-0.024831645689606528
18337,-0.032089945464561315
18338,-0.0306060089938505
18339,-0.0182488133073577
18340,-0.021211179551732965
18341,-0.020399560440834342
18342,-0.026114912999505316
18343,-0.020047836543532874
18344,-0.026611885126669302
18345,-0.029222318031661275
18346,-0.014562791328107257
18347,-0.012521270618053453
18348,-0.006765621704805429
18349,-0.008478494061497973
18350,-0.008995157962844134
18351,-0.0017139056584466873
18352,-0.0006993069594206993
18353,-0.0011804448842782712
18354,-0.0017527932427833443
18355,0.0036877139732172247
18356,0.005368857723687628
18357,0.00754784362773354
18358,0.016947552445692737
18359,0.016251526264512848
18360,0.021699819651397275
18361,0.01867080545766524
18362,0.019931672155721784
18363,0.01638366964644997
18364,0.013819580692272694
18365,0.015079918012096287
18366,0.006648833751801268
18367,0.01862175755243066
18368,0.018675346976048907
18369,0.03053987146892502
18370,0.02572385245692129
18371,0.02507213183181502
18372,0.03252827303683299
18373,0.02601790015599874
18374,0.03435309841823812
18375,0.04304646455216537
18376,0.035673169916317506
18377,0.03614067231389905
18378,0.03261491333299867
18379,0.0283051592350892
18380,0.02524043285674001
18381,0.01690668815258519
18382,0.020322812675377305
18383,0.021497102713357134
18384,0.025988946371973607
18385,0.019430340316583777
18386,0.018745751318976888
18387,0.012678692921601944
18388,0.013678791975617813
18389,0.010435813272596269
18390,0.0094578074709382
18391,0.014125181855779241
18392,0.012337881360618586
18393,0.009607205233951237
18394,0.01156471015778132
18395,0.011297996065687073
18396,0.022226138593277597
18397,0.02184153067365032
18398,0.02521856725532355
18399,0.008686412760430206
18400,0.01457052519257137
18401,0.015319507322083826
18402,0.015588804797120031
18403,0.014033735834665943
18404,0.011347349619299068
18405,0.0036352973531173487
18406,0.004625164418669456
18407,0.0026116569012994647
18408,0.003942703295394942
18409,-0.0028074453262646733
18410,-0.001009252920556681
18411,0.00919046589827469
18412,0.002206571787953247
18413,0.002415316870071231
18414,-0.004304312974028926
18415,-0.0022749669897909703
18416,-0.0026369289551230264
18417,-0.0035887628784964294
18418,-0.009264514225039499
18419,-0.005800891807489744
18420,-0.012675787388365011
18421,-0.01485067171013155
18422,-0.018647203372542276
18423,-0.019724682245972906
18424,-0.02388034031738399
18425,-0.024080886349729644
18426,-0.03165486416411276
18427,-0.0360615112691416
18428,-0.03866703010023456
18429,-0.03439433620317832
18430,-0.03491453506319442
18431,-0.03379111706949496
18432,-0.02927627077949401
18433,-0.02772196713713136
18434,-0.025379890744951446
18435,-0.023008509101599215
18436,-0.02289233084021677
18437,-0.02149146921996574
18438,-0.026895769571364168
18439,-0.022130221779882314
18440,-0.019970843957697614
18441,-0.042665494920976745
18442,-0.04430739167672404
18443,-0.04505937275870834
18444,-0.03828241615824347
18445,-0.03926022809289505
18446,-0.038568311872351116
18447,-0.03060799604418748
18448,-0.021360549992175442
18449,-0.022447152146497253
18450,-0.018436798018180635
18451,-0.015086358607545635
18452,-0.010494645441007559
18453,-0.018665445608020102
18454,-0.020475232801555346
18455,-0.021471413089777566
18456,-0.016528196522770114
18457,-0.013309628403238632
18458,-0.019620722664771335
18459,-0.015818098311757272
18460,-0.01610777377964758
18461,-0.01687973834988082
18462,-0.020085845493537157
18463,-0.022922171133908768
18464,-0.022747762187032766
18465,-0.028279387344951015
18466,-0.034517762196733213
18467,-0.03551308813639259
18468,-0.02791667597976449
18469,-0.01851612112780494
18470,-0.02003098710345748
18471,-0.011787940753766667
18472,-0.009692626906523083
18473,-0.011080156236778375
18474,-0.013652474370074687
18475,-0.014126834292521276
18476,-0.01753728657511407
18477,-0.022915484665203593
18478,-0.02834435204243443
18479,-0.02711448313640978
18480,-0.030299295473405975
18481,-0.0320347269336952
18482,-0.0317597342300395
18483,-0.019924335987847232
18484,-0.01275372887889692
18485,-0.015599796932135729
18486,-0.013218375696725512
18487,-0.020844642452517933
18488,-0.015850422571325375
18489,-0.007667687188473863
18490,-0.006684949171297231
18491,-0.006896495439923315
18492,-0.01092173458021847
18493,-0.006504393528604867
18494,-0.003322601886364656
18495,-0.0027995088025327616
18496,-0.0029877293311928767
18497,-0.0017620306408374054
18498,0.0015211184175769213
18499,-0.006641303523072838
18500,-0.006598846548390934
18501,-0.005719665380120669
18502,-0.009756457456079332
18503,-0.011436203116254207
18504,-0.011541883783894197
18505,-0.006175113121801881
18506,-0.003967986020879527
18507,-0.009768352226008789
18508,-0.011032811462447932
18509,-0.010280799470459397
18510,-0.0023793421270657225
18511,-0.005918848707746884
18512,-0.004321841738979568
18513,-0.00888916116834626
18514,-0.00925112888248864
18515,-0.0058540364932170895
18516,-0.007011768764054682
18517,0.004940154320165406
18518,0.005929645868371737
18519,-0.004849776489756784
18520,-0.0014681309235080125
18521,-0.001143929694343939
18522,-0.0050257295951674115
18523,-0.009496543173878366
18524,-0.012964638592502638
18525,-0.009326311079492163
18526,-0.002917467867833499
18527,-0.0029920251149774483
18528,-0.004142353073010462
18529,-0.0025401299742728455
18530,-0.005803103586987271
18531,-0.009474592755611728
18532,-0.009198255858709252
18533,-0.007420138683103215
18534,-0.023062610508686066
18535,-0.026121588379992972
18536,-0.02480985378942075
18537,-0.023492314628621
18538,-0.023605658823679286
18539,-0.02296227898349909
18540,-0.02712673449179379
18541,-0.023808322810736332
18542,-0.0271735568455311
18543,-0.026668004548057577
18544,-0.040936709099157545
18545,-0.04258747595962105
18546,-0.03940582465089788
18547,-0.03901660527812598
18548,-0.03967927659963392
18549,-0.04265512404206188
18550,-0.05440263312488679
18551,-0.05518870951552744
18552,-0.04075559056264696
18553,-0.03850087940904596
18554,-0.03756580054189995
18555,-0.03652618290705219
18556,-0.03189998565548895
18557,-0.03622049936224526
18558,-0.037939595469797416
18559,-0.02939704788884564
18560,-0.025077623905601337
18561,-0.024405371684829032
18562,-0.019814293717602446
18563,-0.01868291204926052
18564,-0.0051656097530048085
18565,-0.0024331859750686942
18566,0.00028904198764059526
18567,0.008858824749077758
18568,0.006294275232469316
18569,0.0061490655612395865
18570,0.005262100857690722
18571,0.00876979051474861
18572,0.010451054017153166
18573,0.008377085015907853
18574,0.025809520179092493
18575,0.03217575891873068
18576,0.029786165666039827
18577,0.02294600210548578
18578,0.024008140633527103
18579,0.025817985954180146
18580,0.03723581064035414
18581,0.03674432348240637
18582,0.03252356493600769
18583,0.03425411407621367
18584,0.04018266966937709
18585,0.04227514317403686
18586,0.03318250205160931
18587,0.036831032132886896
18588,0.039207553155192636
18589,0.03629019828974079
18590,0.03332326627959834
18591,0.020579485647372612
18592,0.017875953126083755
18593,0.017074835630580945
18594,0.01599961252199747
18595,0.017479048070841195
18596,0.014020534902356272
18597,0.01307763558100703
18598,0.011882798024559259
18599,0.011122104454274315
18600,0.016369997550010677
18601,0.012690066741831187
18602,0.014224417317092904
18603,0.016275523172074927
18604,0.021017323238081607
18605,0.01697957316765558
18606,0.02152346580894517
18607,0.028331649015502693
18608,0.02857616993962136
18609,0.02543255680006121
18610,0.022622767747812977
18611,0.024523006662284165
18612,0.019889025547180052
18613,0.020325281290107567
18614,0.014393770622843746
18615,-0.0015885061628588297
18616,0.002491249049889064
18617,0.002562799345062393
18618,-0.003997986183284731
18619,-0.005857250530629115
18620,-0.00208336181323573
18621,0.004809503910479376
18622,0.006178104856462088
18623,0.006277133248632726
18624,0.0206152199185393
18625,0.01544733068560546
18626,0.01622541776788133
18627,0.024002897818903423
18628,0.0299030116895059
18629,0.031553089944568305
18630,0.035099469767046136
18631,0.029679702227485404
18632,0.028009344399712206
18633,0.03502624682856601
18634,0.02392783544381271
18635,0.022732508854566794
18636,0.022404271525888714
18637,0.022847657970978045
18638,0.018855464822560213
18639,0.019318190233037623
18640,0.02159106273198868
18641,0.020763591666033518
18642,0.0232191845150467
18643,0.023305720807450296
18644,0.022357310430704838
18645,0.03286665589619766
18646,0.03328706919675086
18647,0.03442705968156997
18648,0.03275610690494367
18649,0.03215077240139728
18650,0.030733192143410967
18651,0.042019043758227514
18652,0.043424829627827864
18653,0.04395701025081038
18654,0.03248686067604727
18655,0.03743014148936196
18656,0.03778808235250108
18657,0.027786596384849222
18658,0.025720664251743304
18659,0.023374367698714787
18660,0.00787705709751693
18661,0.008875631043224036
18662,0.00919314260798048
18663,0.006829776191794362
18664,0.011454640828693638
18665,0.009049818868892561
18666,0.003136440236705371
18667,0.008852246788356824
18668,0.012885968834995092
18669,0.014744714638649606
18670,0.014126262986179706
18671,0.013489878642225771
18672,0.002659996707356883
18673,0.0042211531441075445
18674,0.006513450399005221
18675,0.008655472323415146
18676,0.007774657667187362
18677,0.006868360285738581
18678,0.004086874232410042
18679,0.002544026471066101
18680,0.001089284081460909
18681,-0.014585519690464902
18682,-0.01518867429703115
18683,-0.013905947587026731
18684,-0.01236914301738937
18685,-0.0159061212446917
18686,-0.017336657503799095
18687,-0.008876878667209489
18688,-0.012557358707635705
18689,-0.012431021543060628
18690,-0.0003429905471058493
18691,0.006009053308577578
18692,0.006718619283498758
18693,-0.0017922614093665336
18694,-0.008282966937884571
18695,-0.004859923695005304
18696,-0.0035362771975904436
18697,-0.008751014435825492
18698,-0.009506937559320775
18699,-0.00765925312338752
18700,-0.013778646624486428
18701,-0.015547950343766642
18702,-0.003507181752329375
18703,-0.0072408717597775545
18704,-0.008943946028633243
18705,-0.007017756493191111
18706,-0.002733069105830618
18707,-0.001476606046897235
18708,0.002844702575355629
18709,0.0034997043568176355
18710,0.001276883183642232
18711,0.010343261268466806
18712,0.010508174399381119
18713,0.009245841171163236
18714,0.003141594627144595
18715,0.0038489327362998425
18716,0.003913836689822669
18717,-0.0017705529205089118
18718,0.0038020600699326984
18719,0.00413966834588972
18720,0.008415082579246152
18721,0.010359753861438992
18722,0.009400764660327411
18723,0.017564762548453367
18724,0.024982617589656912
18725,0.0242747235348891
18726,0.01279650553976929
18727,0.014224942127976196
18728,0.013824284195427066
18729,0.011787842351369402
18730,0.018040588847134262
18731,0.020891112275037826
18732,0.024324489610069444
18733,0.026349798025776493
18734,0.025764519293865633
18735,0.024591160038418828
18736,0.01607088312766549
18737,0.017243459901989194
18738,0.019612073249433107
18739,0.016668517079308696
18740,0.019727866081536285
18741,0.02146574379469036
18742,0.02371370000960971
18743,0.023695839867308326
18744,0.02620869542925995
18745,0.025422944624194567
18746,0.025376763001217217
18747,0.016686398029134925
18748,0.01898510628904083
18749,0.019522461041635745
18750,0.02122552720797083
18751,0.017427263134538434
18752,0.01780816259196596
18753,0.014276300590174927
18754,0.008588323327023941
18755,0.006279326271885895
18756,0.019700710608032336
18757,0.013840605428084869
18758,0.013731139933553137
18759,0.014764105998601377
18760,0.013462816619313816
18761,0.0126204232337531
18762,0.010325050193932006
18763,0.015083718282393684
18764,0.014295522943216381
18765,0.015194566506043002
18766,0.01669456002582243
18767,0.014481812210175775
18768,0.013774929596941552
18769,0.019198147891989432
18770,0.019249727922026335
18771,0.03449463786780138
18772,0.027697465059308573
18773,0.02494126847612111
18774,0.023480280571593237
18775,0.019858559579579632
18776,0.020896168359549265
18777,0.02489826104599032
18778,0.02285171079835347
18779,0.02200707738302196
18780,0.014766798132469356
18781,0.014529084038030972
18782,0.01270288358559437
18783,0.016074621986380475
18784,0.019504362896603927
18785,0.021937349678646145
18786,0.015609436560877465
18787,0.021148916533207465
18788,0.021905072993089525
18789,0.022049580978326242
18790,0.025005789639297695
18791,0.021205261836887798
18792,0.012143291771886335
18793,0.004586407486026799
18794,0.0047618717445584696
18795,0.004088377830984594
18796,0.010314986234033725
18797,0.010104390408022119
18798,0.01172192297278439
18799,0.0064836962400429314
18800,0.005540349255044396
18801,-0.006248869601228121
18802,-0.0005528499223732786
18803,0.0016102487717667576
18804,0.012028230111152427
18805,0.019637112485133886
18806,0.018894468981907116
18807,0.026194835568025293
18808,0.02771173528040537
18809,0.027627711779364232
18810,0.030397737491571833
18811,0.029609220608672302
18812,0.03028370005460039
18813,0.034446883752020804
18814,0.03789463602947635
18815,0.0379285325224358
18816,0.03515179555845622
18817,0.025896067830058638
18818,0.028741496901364197
18819,0.028899371773822253
18820,0.023889931745585007
18821,0.027539757438260946
18822,0.032225611403967604
18823,0.03224073147604039
18824,0.03354930225425545
18825,0.0267677339873823
18826,0.01897786503777572
18827,0.017547877060011523
18828,0.018874537646562425
18829,0.023017063316948215
18830,0.02450253644691394
18831,0.027334892932400275
18832,0.024150754051264482
18833,0.023274095399985234
18834,0.013396617609043163
18835,0.009926060341123715
18836,0.011906303869798802
18837,0.007442221908592989
18838,0.010592523307399905
18839,0.01128043533276423
18840,0.018337466727968117
18841,0.017744461233151924
18842,0.017496694284289294
18843,0.008647676386396184
18844,0.007916775568652541
18845,0.007975061823849583
18846,0.016207726882769773
18847,0.027229246942494872
18848,0.0261352928788175
18849,0.03800563411234032
18850,0.038868071743576295
18851,0.03871697997464115
18852,0.02219191331895169
18853,0.022290264288669016
18854,0.0034439824277022442
18855,0.014992020127866833
18856,0.022908175491510543
18857,0.025110301198867608
18858,-0.001707326355283579
18859,-0.005160236914511763
18860,-0.006698844964386945
18861,-0.00421232569133762
18862,-0.010044098816945369
18863,-0.007492149478677849
18864,-0.005121616070669342
18865,-0.011110211405281947
18866,-0.014682806988758228
18867,-0.015140157267092716
18868,-0.021994683575964638
18869,-0.021916280897358694
18870,-0.0229020847682743
18871,-0.022793025284620846
18872,-0.025721660918897795
18873,-0.03066852870947738
18874,-0.025944089929837353
18875,-0.025341367945870056
18876,-0.02911018381891585
18877,-0.03443125730148113
18878,-0.036722748751233374
18879,-0.03956427678042229
18880,-0.03801299167345128
18881,-0.042430425275843696
18882,-0.024240732820590867
18883,-0.014701938993814145
18884,0.003428958408908149
18885,0.00043288771362813506
18886,-0.008837368553579297
18887,-0.009784458137136772
18888,0.01146467995047659
18889,0.0050525150751090115
18890,0.004608464984467699
18891,0.001768672152903758
18892,0.0057642939382898635
18893,0.004931145990847303
18894,0.0012344193183384472
18895,0.00483687200919503
18896,0.006548339616840333
18897,0.012159742946997934
18898,0.016952852775146843
18899,0.018171304549567804
18900,0.00558732196709562
18901,0.008328956814781033
18902,0.012035958419235115
18903,0.018867344743877305
18904,0.009851839945846328
18905,0.0038091193004372503
18906,0.00022600937938924376
18907,0.009392745577359524
18908,0.014058545346423394
18909,0.005884763784052473
18910,0.002683037012741987
18911,0.0073026917873627835
18912,0.003380954279483862
18913,-0.003994310404242824
18914,-0.0026558892022165415
18915,0.001166431063581525
18916,0.006105201398675661
18917,0.004696503110806484
18918,0.007355886359549481
18919,0.013889181430375102
18920,0.015735840796039555
18921,0.011710060070236082
18922,0.008271531254903286
18923,0.007927049113411782
18924,0.010768316079654972
18925,0.013553358921413138
18926,0.01649170033192694
18927,0.008243497330821052
18928,0.007258662383389639
18929,0.005231217443605843
18930,0.0024130401162970406
18931,0.0018685190837885491
18932,0.0023559423954797425
18933,0.003986251203291642
18934,0.0077715121947839055
18935,0.017630781039916357
18936,0.02122333429482263
18937,0.011972996628911575
18938,0.007967809163202468
18939,0.01798559997038552
18940,0.01952297203618954
18941,0.01991440531195647
18942,0.020727013901263216
18943,0.02077716336923853
18944,0.02214291835389862
18945,0.015905214076495772
18946,0.009904065582657872
18947,0.01294528150164867
18948,-0.0043906937345008085
18949,-0.0034153190771746655
18950,-0.0006260158707973366
18951,3.3494064093989476e-05
18952,0.007434202799201918
18953,0.008338123731365069
18954,0.010095419217687595
18955,0.007725475530666818
18956,0.003237473907548557
18957,0.007203098062285234
18958,0.0003566020678996281
18959,-0.0022064170083988446
18960,0.004702888850435974
18961,0.005089773568180653
18962,0.00424748236888295
18963,0.0021032783022294
18964,-0.004665609996268959
18965,-0.009753014614846846
18966,-0.0072135453699254375
18967,-0.009947368691479127
18968,-0.013708791726332046
18969,-0.013489362548042857
18970,-0.0149491070271893
18971,-0.01511807371703941
18972,-0.00921552911194701
18973,-0.010080494655955867
18974,-0.01147149039754149
18975,-0.009073347645867154
18976,0.0020744560205167117
18977,0.002731016381026535
18978,0.016457089691544014
18979,0.018502100872794736
18980,0.016878786382154013
18981,0.02207502712439372
18982,0.015088889654719016
18983,0.0117976548739763
18984,0.013538501889603293
18985,0.012362471801443313
18986,0.013049325031542146
18987,0.012522412008003542
18988,0.014913842898008858
18989,0.018049574926646748
18990,0.018371182201077727
18991,0.017232753144765998
18992,0.018736468426430633
18993,0.019055383516867124
18994,0.023804106523629583
18995,0.025640290996678812
18996,0.02305694404210867
18997,0.0278745222670213
18998,0.032015625558126475
18999,0.018900005430894665
19000,0.02277182769261337
19001,0.021202386122521316
19002,0.020445461158870765
19003,0.020170321081718103
19004,0.020740174244661885
19005,0.016509105796836416
19006,0.010475080240176349
19007,0.008870656768205122
19008,0.007632940337267258
19009,-0.002311803295662006
19010,-0.0037797365725580193
19011,-0.008419622504311426
19012,-0.0019004824283027242
19013,0.0028671845873745926
19014,0.004137336582660616
19015,0.00705856891419543
19016,0.007390128455395319
19017,0.009129455891853445
19018,0.006787757155843069
19019,0.006530762470503124
19020,0.012710156182711839
19021,0.012284954824088127
19022,0.009876009244580469
19023,0.013332053808519413
19024,0.01139549430008353
19025,0.010497250341720573
19026,0.003944383422600749
19027,0.0025002115767081795
19028,0.003068207219961573
19029,-0.0012355829561423747
19030,-0.0077456740481345486
19031,-0.00684772100037575
19032,-0.015246163408394813
19033,-0.012875926629417994
19034,-0.014545768841130315
19035,-0.019089949850420874
19036,-0.01812237330302747
19037,-0.017365921482953864
19038,-0.006980870592021394
19039,-0.0013715676417194028
19040,-0.00012767600704763137
19041,0.0033004383055401597
19042,0.0003736795469913437
19043,-0.0032791011201349037
19044,-5.3650227342876705e-05
19045,0.0006662564785903245
19046,0.0009363215181097313
19047,-8.83832623121804e-05
19048,0.0029812191590778982
19049,0.0034013531991939987
19050,-0.0024978344954161296
19051,-0.0026003726454515664
19052,-0.0013346855858012206
19053,0.002876507435994186
19054,0.003572669542724034
19055,0.003430084940656892
19056,0.0063544360555017505
19057,0.009571553659098685
19058,0.006425323644467197
19059,0.016855433027665654
19060,0.020666269743034843
19061,0.021506324840839988
19062,0.019662636885743035
19063,0.014272316170590209
19064,0.013352796874526807
19065,0.024132493458007567
19066,0.021162343131443977
19067,0.01799425653185883
19068,0.010208997799247919
19069,0.012290734749384332
19070,0.012351636139192844
19071,0.026510197172912534
19072,0.028441366524452956
19073,0.023201587296605816
19074,0.010004627580379115
19075,0.008610845049033176
19076,0.008958847328143667
19077,0.008432269622400393
19078,0.011885843275282542
19079,0.010971252740063333
19080,0.006253177876794984
19081,0.004025826997135062
19082,-0.0018171398552973264
19083,-0.010666337663755101
19084,-0.014213207130920722
19085,-0.014799671012865553
19086,-0.013474889559763115
19087,-0.013351998797023092
19088,-0.010567408628927317
19089,-0.014301700017430951
19090,-0.021442249480686588
19091,-0.02548387961529222
19092,-0.020360704737747884
19093,-0.022197357257220746
19094,-0.022826371008445454
19095,-0.022956979799332117
19096,-0.024139635192698464
19097,-0.021315527951496476
19098,-0.01491801236920394
19099,-0.013698348878278723
19100,-0.017061518032800028
19101,-0.039439244324741364
19102,-0.04857420816633454
19103,-0.04418332999488728
19104,-0.03561071036680733
19105,-0.03981424398201709
19106,-0.03974562571962353
19107,-0.045007154295894074
19108,-0.048792539152522116
19109,-0.041341734846173386
19110,-0.03733860168693005
19111,-0.03054509735835047
19112,-0.024556191077652518
19113,-0.022836112723898624
19114,-0.011619640866735757
19115,-0.009253685648060637
19116,-0.01897706625532368
19117,-0.028089607644526005
19118,-0.026817508685857073
19119,-0.02215061405674982
19120,-0.007617285312916476
19121,-0.004783301751386216
19122,-0.007207220786747948
19123,-0.00831278493567671
19124,-0.009396097299349952
19125,-0.014223174776943716
19126,-0.007551068374034591
19127,-0.013841434612511713
19128,-0.017815302979304334
19129,-0.01643118393311421
19130,-0.01425315339223462
19131,-0.013010022508765512
19132,-0.003781795920540093
19133,-0.0023217651536768477
19134,-0.0015022466074653279
19135,0.011373399195791832
19136,0.009796849425653344
19137,0.017500261705166626
19138,0.023572368411241766
19139,0.016136589337593425
19140,0.018298999954142057
19141,0.010974105164664204
19142,0.0105178537182555
19143,0.02066717600379132
19144,0.011056012221521706
19145,0.01020658187906516
19146,0.02276420159430981
19147,0.028619770925895877
19148,0.026647046620029872
19149,0.02585854952343525
19150,0.013189471296996855
19151,0.013932106268237095
19152,0.013075256557280045
19153,0.01305554569933815
19154,0.012876258393613187
19155,0.015344131933660009
19156,0.015686994910930153
19157,0.022028100597160483
19158,0.020497045572188
19159,0.01692963119830469
19160,0.017123364362248754
19161,0.015496648231569637
19162,0.016719644574273104
19163,0.016745665692353594
19164,0.009026301654464941
19165,-0.004162124084819888
19166,-0.004002812456758134
19167,-0.0044770566692394174
19168,-0.008280308134981979
19169,-0.007977074742371205
19170,-0.004340673109399317
19171,-0.00128759124583543
19172,-0.004507434245045272
19173,-0.009257266602016574
19174,-0.0061871306910222384
19175,-0.00705630835797765
19176,-0.0009735122732427174
19177,-0.00034270873322034327
19178,0.0005775630020559456
19179,0.001237844910569558
19180,0.0024390085063798646
19181,0.0015179221932189169
19182,0.004037964846379653
19183,0.010926618500652773
19184,0.014794384922739568
19185,0.01102560872827855
19186,0.006683532878095806
19187,0.007171697815561123
19188,0.010875794408747332
19189,0.01295914465627979
19190,0.014235417878395721
19191,0.02531845739142297
19192,0.025142852415522086
19193,0.026100467087885333
19194,0.03341739242072109
19195,0.038739386616366694
19196,0.0398806971328677
19197,0.03864243806322022
19198,0.03761840682587434
19199,0.03295301957570713
19200,0.02775498035530923
19201,0.027159805684125723
19202,0.03127047043201117
19203,0.026639399964274498
19204,0.029756305574462072
19205,0.030048393552377956
19206,0.02254188614147729
19207,0.021912209022328398
19208,0.021487721473952653
19209,0.020776512998094073
19210,0.02213419010654083
19211,0.024580915693669145
19212,0.032070761178614786
19213,0.031657314907468474
19214,0.030817657367822136
19215,0.028892665487829025
19216,0.02960107077016313
19217,0.027232851425747724
19218,0.027425079511294474
19219,0.026784359755347296
19220,0.02523681730895382
19221,0.01598667460748704
19222,0.018574142171842695
19223,0.017740851102681626
19224,0.012267263859303788
19225,0.017147823558181587
19226,0.015867200915855646
19227,0.008127355447662438
19228,0.0079511716510149
19229,0.01276146235515512
19230,0.01696437951147575
19231,0.021909732941124957
19232,0.021799087187602203
19233,0.02155553716859129
19234,0.013914695229731947
19235,0.016738481740555138
19236,0.012337067721422635
19237,0.0077746323210453215
19238,0.007900616293786904
19239,0.005497648195633917
19240,0.011325667070773668
19241,0.009229858482869786
19242,-5.10858424102186e-05
19243,-0.0046923447380787485
19244,-0.0038968141516177624
19245,-0.0036410413808467155
19246,0.0012121483946217675
19247,0.0025787788042950905
19248,-0.005417863914895637
19249,-0.009917399599795361
19250,-0.01009575964134583
19251,0.005849992269761497
19252,0.0013557268273359574
19253,-0.006231280178321353
19254,-0.004442165174628902
19255,-0.00908588378738773
19256,-0.008110470628036865
19257,-0.006739478102075355
19258,-0.005095793997605519
19259,-0.005571748842202174
19260,-0.01232439218518317
19261,-0.017371668520462565
19262,-0.016767851846573638
19263,-0.01767320469560639
19264,-0.012330033119844845
19265,-0.015197109371380944
19266,-0.008039818819802855
19267,-0.0042938464770339605
19268,-0.004494613197665757
19269,0.003196185144096017
19270,-0.002585796345668617
19271,-0.0010902135397533766
19272,-0.003251698341118367
19273,0.006181528054239658
19274,0.005189632810368168
19275,0.006749608957185588
19276,0.0016381172454244782
19277,0.0012276415519926886
19278,0.010293318320095399
19279,0.012541428946433952
19280,0.012132931746353492
19281,0.0020051382247467196
19282,0.0029742325486364044
19283,0.010737351436117452
19284,0.0127492011828633
19285,0.012275553577910788
19286,0.012010192112942571
19287,0.022887122470440602
19288,0.02459365687050788
19289,0.02516017888838506
19290,0.025533953755926375
19291,0.027475900605900654
19292,0.026046598085629067
19293,0.022335478122840702
19294,0.02143535087543906
19295,0.021601265161856627
19296,0.011751330413529297
19297,0.009742580938156848
19298,0.010379304708240975
19299,0.003663576257062485
19300,0.005997358725784844
19301,0.006148472373384911
19302,0.010057471264367807
19303,0.0043566794966858075
19304,0.003767999800703961
19305,0.010829416302151727
19306,0.009430149597988833
19307,0.01271798981675521
19308,0.008360529355580194
19309,0.0052073287884095865
19310,0.006205886430629475
19311,0.004321328510178686
19312,0.005355654632085489
19313,0.004776105553138985
19314,0.004916768757055183
19315,0.0029139133520854677
19316,0.0033700920820542504
19317,-0.001514473128403271
19318,-0.005451146943272079
19319,-0.0065691495770779755
19320,-0.001306514864707515
19321,-0.006891581966331716
19322,-0.007197997916369005
19323,-0.00405284085986216
19324,-0.006224174844320634
19325,-0.004973948069265436
19326,0.009258300477205059
19327,0.021754441480419863
19328,0.019913809334532812
19329,0.022850329356238045
19330,0.021831689691264974
19331,0.02136601380208072
19332,0.018485688473085807
19333,0.021378203136520883
19334,0.019416180869765258
19335,0.016317468807347756
19336,0.011276506435987576
19337,0.008032786319556116
19338,0.016007693705839997
19339,0.021065445018320215
19340,0.02107392085849398
19341,0.023198176373141963
19342,0.02612236439118623
19343,0.024994152908203802
19344,0.020129964184893767
19345,0.02446596405365589
19346,0.024810946475341957
19347,0.024243885772146354
19348,0.028560859211139645
19349,0.02903550879021712
19350,0.022295468664146383
19351,0.022332012388332382
19352,0.024948322684499348
19353,0.028821975695058198
19354,0.032488103638253184
19355,0.03090540619019724
19356,0.028845381879481605
19357,0.01740292011626531
19358,0.01915897424677406
19359,0.014366766227229433
19360,0.011654164953597883
19361,0.010488348850951854
19362,0.00915004814018715
19363,0.004678996886268407
19364,0.006890996835047032
19365,-0.008535869980931568
19366,-0.002917129694071171
19367,-0.003084996233328692
19368,-0.016132297520870715
19369,-0.024630428249385404
19370,-0.021368389764709284
19371,-0.02424524766357457
19372,-0.03320515179144525
19373,-0.03313505131695957
19374,-0.03530724738639779
19375,-0.03113473931664357
19376,-0.03191867028802387
19377,-0.028870065348178327
19378,-0.026953960049947556
19379,-0.02348165030923314
19380,-0.02372291142694973
19381,-0.019141073648905795
19382,-0.022293852738965808
19383,-0.02338904187529721
19384,-0.025303696880820018
19385,-0.025177299313829803
19386,-0.038000362666299324
19387,-0.03281514604429869
19388,-0.03614921510810131
19389,-0.03723684610855274
19390,-0.03791303707779598
19391,-0.03821194738976762
19392,-0.032544922295503785
19393,-0.032952708267664346
19394,-0.032495453411478144
19395,-0.015946840661320537
19396,-0.022291254634857136
19397,-0.022679579290507738
19398,-0.021748106793814823
19399,-0.0144696904359826
19400,-0.018311291493449035
19401,-0.01480942604576951
19402,-0.004315067632735607
19403,-0.0031728422040431053
19404,-0.00295910741003004
19405,-0.012809482307826386
19406,-0.014340138085567979
19407,-0.016830598154461307
19408,-0.01811452258108889
19409,-0.020314043586485322
19410,-0.018857332614642654
19411,-0.014784279371423539
19412,-0.012996867705325089
19413,-0.01458256383426538
19414,-0.015374692799729838
19415,-0.018893862694866627
19416,-0.02058232966730567
19417,-0.02833902318460119
19418,-0.026080159659484632
19419,-0.02541872901010548
19420,-0.02167053472505689
19421,-0.020487681636063144
19422,-0.029351102390736548
19423,-0.019453808245706312
19424,-0.01789165183928789
19425,-0.020245244721588607
19426,-0.011170586035023614
19427,-0.01091827793228018
19428,-0.006119631382203852
19429,-0.012003867434507688
19430,-0.013123813463037395
19431,-0.013653017949126923
19432,-0.017390912240786482
19433,-0.0196260727731741
19434,-0.014127868498500194
19435,-0.010933145369869344
19436,-0.009032939038749665
19437,-0.008736406092710858
19438,-0.014388266062612638
19439,-0.01526508861631636
19440,-0.008428568207398495
19441,-0.012408015423263365
19442,-0.012584166906431861
19443,-0.013314249326704483
19444,-0.010250273556558009
19445,-0.006651402358450618
19446,0.009278292289226253
19447,0.011572903624395043
19448,0.01211216545574394
19449,0.013855191303734325
19450,0.012681366306952128
19451,0.009953446172748074
19452,0.01736328260509973
19453,0.011978493614115128
19454,0.010180763306349724
19455,0.008851821397339891
19456,0.006220885463035736
19457,0.006539495340603765
19458,0.0030232614293769183
19459,0.00770765072015618
19460,0.016662021705043457
19461,0.01210072402677313
19462,0.010535528906900581
19463,0.013501568142440261
19464,0.014701688415998842
19465,0.013601133392078446
19466,0.014232859039605708
19467,0.019199796800366938
19468,0.022721886832577774
19469,0.020248350727066957
19470,0.013034449253243818
19471,0.009467238881318141
19472,0.008571969850166233
19473,0.00740867228170863
19474,0.0017302853092327534
19475,0.001117879864767713
19476,-0.009070966042953155
19477,-0.015941033292381643
19478,-0.016349123371495702
19479,-0.02134267295255088
19480,-0.023069626533802203
19481,-0.02135656597389981
19482,-0.023019668104860152
19483,-0.02539047737007879
19484,-0.025798432092661874
19485,-0.03313601032734943
19486,-0.0344818419486966
19487,-0.035592377320561745
19488,-0.0316295639125355
19489,-0.03205666807806021
19490,-0.04003847670878755
19491,-0.04246543218985301
19492,-0.041352871293838175
19493,-0.04560512658394593
19494,-0.048751906158357734
19495,-0.04686103841055252
19496,-0.04734161853713611
19497,-0.04653267255665799
19498,-0.04390661117954278
19499,-0.0413579338551484
19500,-0.03979483179265431
19501,-0.036076915017077375
19502,-0.0364449153277682
19503,-0.03260085324749619
19504,-0.032054879111646464
19505,-0.03099148249835699
19506,-0.02168923470514819
19507,-0.01379973834641434
19508,-0.01284975447136808
19509,-0.022295197624716365
19510,-0.023064462022815008
19511,-0.026372569402069654
19512,-0.028329975583145855
19513,-0.02341698798321608
19514,-0.02279056459509592
19515,-0.018229759045846766
19516,-0.01940945644506773
19517,-0.018177661944280433
19518,-0.024590531518142188
19519,-0.01901720788184597
19520,-0.01631719112832582
19521,-0.012434504867596284
19522,-0.00267854030966312
19523,0.0013774416996383363
19524,-0.002206824434390335
19525,-0.004880524590486992
19526,-0.004940717305815946
19527,-0.0087071909091621
19528,-0.014577895677467402
19529,-0.0151227489846858
19530,-0.01657593237641044
19531,-0.019285048852782122
19532,-0.018799619266701352
19533,-0.021452704632051022
19534,-0.025927254455397758
19535,-0.026434762618744233
19536,-0.02882853472189049
19537,-0.029002922199619464
19538,-0.02817902068746517
19539,-0.018334168153203177
19540,-0.014124149540299736
19541,-0.010139078530420776
19542,-0.0006013102049724225
19543,-0.004572939548579412
19544,-0.004187639070717091
19545,0.003966114194352148
19546,0.0053226157124132215
19547,0.004125753482999224
19548,0.009816828985331979
19549,0.001579386898280156
19550,-0.0015232708553883571
19551,0.004800419437238463
19552,-0.008475579458280518
19553,-0.008939947739552296
19554,-0.004294880525153884
19555,-0.005913380025036052
19556,-0.002598510128098003
19557,-0.003622542569133897
19558,0.0006994711285683915
19559,0.0011026495751447732
19560,0.004829355588202956
19561,0.008447170655312196
19562,0.008764860788353798
19563,0.012288032678021265
19564,0.015506055747450068
19565,0.015525810189904187
19566,0.012994446791995986
19567,0.015306265222314493
19568,0.01446400448568965
19569,0.01429417309586904
19570,0.01709636739412203
19571,0.016993307683876028
19572,0.011686962421989612
19573,0.006373468238908188
19574,0.005229120766689441
19575,-0.0014402283039539714
19576,-0.0014243887585251806
19577,-0.0008371522372355975
19578,-0.011683342014329235
19579,-0.0037391350796708387
19580,-0.0017260560092739585
19581,-0.00927008755961962
19582,-0.008046897377485882
19583,-0.008716378591666187
19584,-0.00867968714897415
19585,-0.0033775066673441476
19586,-0.00608767583901986
19587,-0.015266625154833067
19588,-0.02172853083681055
19589,-0.022598324148117726
19590,-0.030771600298674373
19591,-0.03486758716159143
19592,-0.034534266501827886
19593,-0.03657312933097359
19594,-0.03674734723751303
19595,-0.036546944540163176
19596,-0.041679856338586604
19597,-0.05170034813880965
19598,-0.052669624160014465
19599,-0.05787638247863987
19600,-0.06380465776953817
19601,-0.06170213813077807
19602,-0.06936508131630374
19603,-0.06002273536074662
19604,-0.06144277728191376
19605,-0.05463680842870022
19606,-0.05508710867799798
19607,-0.05411499324615165
19608,-0.04234989026528107
19609,-0.050007917814334106
19610,-0.04995431994772016
19611,-0.05293448549312545
19612,-0.05497987970359781
19613,-0.05400847962065172
19614,-0.05860035268139525
19615,-0.05517962999661877
19616,-0.05646500658306713
19617,-0.04106025287203613
19618,-0.03814160338798341
19619,-0.0408480809811347
19620,-0.03574950909736717
19621,-0.03461905713022091
19622,-0.034096318068290395
19623,-0.029611538739685684
19624,-0.024194315632471132
19625,-0.024584621292167676
19626,-0.02482672359280923
19627,-0.019222430199513644
19628,-0.015135871949038678
19629,-0.004360234722213807
19630,-0.010713045982614387
19631,-0.01374609469555212
19632,-0.010271811219738632
19633,-0.011770408719560864
19634,-0.010793814403140931
19635,-0.011487313465811997
19636,-0.01326690103601173
19637,-0.017141818779754243
19638,-0.020042221946261856
19639,-0.019036776240767675
19640,-0.020321869801884503
19641,-0.020757719078288647
19642,-0.01489936948217474
19643,-0.022357176168128948
19644,-0.02149576886256315
19645,-0.028901576627570202
19646,-0.027788440614412435
19647,-0.051033284413578336
19648,-0.05200777157824315
19649,-0.04902339136889704
19650,-0.05010895314276555
19651,-0.046740827710294267
19652,-0.04053316500873258
19653,-0.0340159814338051
19654,-0.03597572002547507
19655,-0.03487011933520771
19656,-0.024935650657132397
19657,-0.01702022386884853
19658,-0.02144915681243696
19659,-0.014555836979046702
19660,-0.0010839948597233826
19661,0.0010859772785047318
19662,0.007500475786408846
19663,0.014459151024032554
19664,0.015758586878576383
19665,0.006213774254205629
19666,0.013301130642561021
19667,0.01696445935109873
19668,0.013805493224642343
19669,0.019495586846520006
19670,0.018484721295748
19671,0.02119396766577558
19672,0.015680831379725053
19673,0.023694090495384217
19674,0.030821675755318658
19675,0.0305069456039139
19676,0.03054707645891147
19677,0.04544679062578198
19678,0.04157452675332861
19679,0.03964170836608865
19680,0.04252446966206045
19681,0.04102535708798366
19682,0.03445011367311871
19683,0.012133917242049989
19684,0.003753712728286128
19685,0.0012809775512554226
19686,-0.0047720376665769115
19687,-0.009116534118162638
19688,-0.0035623722145739656
19689,-0.009517436260468172
19690,-0.02639138436305823
19691,-0.028598430919221283
19692,-0.038783646913296964
19693,-0.04435468759541072
19694,-0.045647214394819155
19695,-0.043789570531988335
19696,-0.04029967425344721
19697,-0.03500750508852859
19698,-0.03135855768423599
19699,-0.04163107815473451
19700,-0.041786481071623714
19701,-0.012820394555990761
19702,-0.008301299405156058
19703,-0.009073201891112517
19704,-0.022595438770451174
19705,-0.023742263703315263
19706,-0.023050975899246748
19707,-0.015352534890080925
19708,-0.006163830910592853
19709,-0.0043963937253337845
19710,-0.005459031832636541
19711,-0.006624034643150738
19712,-0.007470967416295982
19713,0.007397534405701259
19714,0.008519156930384127
19715,0.009101015687020106
19716,0.0077499465131901785
19717,0.007382820341683038
19718,0.0026045748842982194
19719,0.0029880000107841065
19720,0.015890438943947514
19721,0.017578749857126756
19722,0.03151009374227389
19723,0.02986950482586712
19724,0.028698601823574744
19725,0.02846948380555677
19726,0.030892778026949192
19727,0.02476890535027682
19728,0.025057967451292976
19729,0.03342731295872577
19730,0.03437989254637875
19731,0.0031554812035414757
19732,0.006359546538073857
19733,0.0002136260294771148
19734,0.007379099091029078
19735,0.017590525974947167
19736,0.01717138086960662
19737,0.010088567078575748
19738,-0.0020808308113980933
19739,-0.0028411243986143655
19740,-0.010532222754409562
19741,0.0007501027978138692
19742,0.0015845052516178476
19743,-0.009562535068223589
19744,-0.00015066530414387306
19745,0.00017174570776827308
19746,0.0025487019774830125
19747,-0.00035459778499079384
19748,-0.0008515593726118411
19749,-0.007928224236362512
19750,-0.01129628788247431
19751,-0.015046865767016606
19752,-0.025651295858181003
19753,-0.03054709813618421
19754,-0.027185537477639788
19755,-0.01710965990511355
19756,-0.029605295386978956
19757,-0.028838031107161172
19758,-0.02607454397906065
19759,-0.028587451374087837
19760,-0.030882775649952877
19761,-0.02622076907620094
19762,-0.030304388257639432
19763,-0.02461273868277485
19764,-0.03346450155184179
19765,-0.03499406296318665
19766,-0.03589788723968071
19767,-0.04539135078154207
19768,-0.039771707324926645
19769,-0.03788368717832482
19770,-0.03591457260597926
19771,-0.04909945456345007
19772,-0.05088744240536467
19773,-0.050570194103250914
19774,-0.05061559140073773
19775,-0.050507409326313486
19776,-0.044283322207073296
19777,-0.03904575853116936
19778,-0.038743495896135086
19779,-0.04500647292507386
19780,-0.0400624209575183
19781,-0.03633295119903049
19782,-0.03659025197842407
19783,-0.027224182622173784
19784,-0.027811941487348373
19785,-0.03814071655497516
19786,-0.03536304066700561
19787,-0.026759945239571356
19788,-0.024203235116596764
19789,-0.013871064199438659
19790,-0.013493469149986703
19791,-0.010963298790546912
19792,-0.012796614039496498
19793,-0.012286124619574144
19794,-0.004696171790048703
19795,-0.0035325937117461157
19796,-0.004988340681025576
19797,0.005991313472975592
19798,0.010960511086259487
19799,0.009795062942142175
19800,0.015157289930671482
19801,0.015375799425105871
19802,0.015602774577410826
19803,0.02217615981363996
19804,0.01645925319834346
19805,0.013025481808108879
19806,0.003281100562325566
19807,0.0029685335444291287
19808,0.0021822092827113427
19809,0.004693799384335996
19810,0.002753608286261957
19811,0.002031026520552034
19812,0.010920747227897843
19813,0.0001578390673998785
19814,0.002320531896945223
19815,0.012603033153540374
19816,0.011381249071788663
19817,0.0023713265948158684
19818,0.0006957892341465722
19819,-0.0009395526777527236
19820,0.0025974811228440162
19821,-9.285022843649889e-05
19822,0.0038834564202509182
19823,0.007080062428919482
19824,0.014167239973305329
19825,0.011533182246912084
19826,0.014062434169824646
19827,0.007288704819777534
19828,0.004483115000648199
19829,0.004185755549332683
19830,0.008319224206285671
19831,0.015745280585493633
19832,0.03011899890548947
19833,0.03059469779493326
19834,0.03388852997819722
19835,0.03798981261287037
19836,0.049016545760627604
19837,0.04876740163562778
19838,0.0500834855453223
19839,0.06497864844456414
19840,0.06183506318365144
19841,0.06007920035667284
19842,0.06028068343694031
19843,0.06019861998717724
19844,0.05756260571271593
19845,0.052335357296626854
19846,0.05605609441332625
19847,0.05564425168027124
19848,0.04570929655432251
19849,0.04679833512872843
19850,0.048439725670794485
19851,0.04449127306443881
19852,0.03682958419030267
19853,0.033830352383911216
19854,0.02715434102138515
19855,0.02127408162746165
19856,0.021670344856993366
19857,0.03436979814571714
19858,0.030668824793286552
19859,0.02715896856536376
19860,0.016664587409020996
19861,0.01288980778620001
19862,-0.0005124155819550044
19863,0.008429435949653633
19864,0.011173238502685878
19865,0.011485998730656366
19866,0.003340393806401101
19867,2.028190243177924e-05
19868,-0.0071918730714147575
19869,-0.012714196923285686
19870,-0.004241407179877846
19871,-0.0024701354283464907
19872,0.00023954423920007192
19873,0.005772262835143176
19874,0.005583720947563703
19875,0.002283981589113138
19876,0.0006237298621994061
19877,0.0030040910942551718
19878,0.010682576247770753
19879,0.008287913254814702
19880,0.006533979967703441
19881,0.006453436037955378
19882,0.012200600156905158
19883,0.011158142353749888
19884,0.005303171024726509
19885,0.005170971211614715
19886,0.0017387312211544254
19887,-0.0039380249437481986
19888,0.002538001269267586
19889,0.006671119082101993
19890,0.014573696847795515
19891,0.016411259821294582
19892,0.01738070940242283
19893,0.011281495174160341
19894,0.019057416931648835
19895,0.0165088691264988
19896,0.020680044013481412
19897,0.024108021356410096
19898,0.03154858612819627
19899,0.030770433161346485
19900,0.0238635237276684
19901,0.02428880559310211
19902,0.017906024502002783
19903,0.013334480613176892
19904,0.016538513151009616
19905,0.015083395875276106
19906,0.01714518791284768
19907,0.013585926070675934
19908,0.014970769609253393
19909,0.011227072801366048
19910,0.009928845241874535
19911,0.0105758178986543
19912,0.0038077785635974265
19913,0.01051513832986008
19914,0.021812224618803132
19915,0.025922753185088927
19916,0.029041348915493016
19917,0.03213812951790276
19918,0.026600457579854773
19919,0.025793887439433515
19920,0.029517130871720528
19921,0.029125192413159084
19922,0.02858924422351495
19923,0.025412448906232715
19924,0.01566117333783416
19925,0.018088386971795947
19926,0.0125496541093501
19927,0.015143847792290903
19928,0.014357087332372355
19929,0.009509848574069897
19930,0.0011875464965812519
19931,0.0026369057245556266
19932,0.006647665635408138
19933,0.00530331829707524
19934,0.000662129918065685
19935,0.0006994498808431029
19936,-0.0026488477291185856
19937,-0.002594632843429926
19938,-0.003803874693997552
19939,-0.010725434026178744
19940,-0.009134545250664578
19941,-0.0038285639958376945
19942,0.0016574066143829197
19943,-0.0033071577459021077
19944,-0.010599671490580926
19945,-0.01667885611704367
19946,-0.018200004619751617
19947,-0.012232645170563619
19948,-0.01273043332087288
19949,-0.008939585324702029
19950,-0.02105813256052877
19951,-0.027055672734846235
19952,-0.028009468917249952
19953,-0.04011741280327304
19954,-0.04064943610618222
19955,-0.03717012443438326
19956,-0.036402464633581245
19957,-0.039395602449255815
19958,-0.03800220583931265
19959,-0.029457874145612746
19960,-0.020917571886316346
19961,-0.022520343964478523
19962,-0.019731491071079254
19963,-0.014714714948854134
19964,-0.008745624390641154
19965,-0.0012183604178545512
19966,-0.0028591377604480976
19967,-0.0012070477378107623
19968,-0.005484287633283379
19969,0.0031614022526368197
19970,0.0023152326221986584
19971,-0.002389742413919222
19972,-0.007468476268198861
19973,-0.008196275726886606
19974,0.0005396191424894679
19975,0.0072700043976593595
19976,0.00844855370065686
19977,-0.003138040271604121
19978,-0.005533158354010198
19979,-0.008463218075954687
19980,0.008958349543114981
19981,0.006474271333568204
19982,0.010749576973822138
19983,0.01704955737653528
19984,0.020570803118561343
19985,0.01614075248914481
19986,0.02816391221818555
19987,0.026426151182179666
19988,0.025636940422882566
19989,0.025285337642230003
19990,0.027394973865752372
19991,0.023642568440484745
19992,0.011828990714912417
19993,0.00540714490140718
19994,0.0011148245680349697
19995,-0.002778380090641816
19996,-0.0015637159291262274
19997,-0.0024585953812613867
19998,-0.002958127587312737
19999,-0.0014361088430892102
20000,-0.001430414004623417
20001,0.00639794645839458
20002,0.013361420672805265
20003,0.013772471342376516
20004,0.013609887051236736
20005,0.009489908564805659
20006,0.00944806304615421
20007,0.012764166552459495
20008,0.02423663542265297
20009,0.020553180340615308
20010,0.004485021174256208
20011,0.013168898464272587
20012,0.009815483986882739
20013,0.01524522690934821
20014,0.012810653553781286
20015,0.012705390986962165
20016,-0.0028106688761778036
20017,-0.0014743045866935645
20018,-0.004228034399843736
20019,-0.005711785300576233
20020,-0.004916988731112803
20021,-0.0015499074891655305
20022,0.007773424376827655
20023,0.010950274347162848
20024,0.010827478522162157
20025,0.010892508531972205
20026,0.005433879586654032
20027,0.004040555516084438
20028,0.0088928222014159
20029,0.007429126785019529
20030,0.0073777211039257025
20031,-0.0006234762612128667
20032,-0.0035385452110179958
20033,-0.004497090576566451
20034,-0.003765834240023933
20035,0.00032624893469081103
20036,-0.0013576050683230241
20037,-0.006949090896836108
20038,-0.030433483797305514
20039,-0.027972811579275596
20040,-0.017837861611421684
20041,-0.01959092081479548
20042,-0.02005743292662059
20043,-0.014614865431189238
20044,-0.01929109224444388
20045,-0.02334855734358447
20046,-0.020825820528816114
20047,-0.022659543680435476
20048,-0.020739458591635843
20049,-0.01616814157676034
20050,-0.017700824814692054
20051,-0.018169176383273696
20052,-0.024310010965168147
20053,-0.01784248022231142
20054,-0.019132532958212028
20055,-0.026127301387627005
20056,-0.01701767062243376
20057,-0.015312792856118976
20058,-0.012277335299222349
20059,-0.017640725183033154
20060,-0.017670595082205778
20061,-0.015423031115701053
20062,-0.013508884299946448
20063,-0.012716414964229756
20064,-0.012623656524100904
20065,-0.011754114498359829
20066,-0.00985549725912587
20067,-0.004198996678654984
20068,0.014401300525744436
20069,0.015229014279347426
20070,0.012482730588704671
20071,0.0063972775244909574
20072,0.007002896016032709
20073,0.0019658404606570385
20074,0.009335745345286847
20075,0.01450773016652879
20076,0.021593842262786538
20077,0.02025311052777602
20078,0.020544143624884655
20079,0.01558481641783098
20080,0.014208543416216145
20081,0.014393534314474384
20082,0.022204952854626526
20083,0.02001305825562103
20084,0.021259068518103694
20085,0.023524587048626578
20086,0.013644956415001597
20087,0.013294812249492634
20088,0.004044607067413061
20089,0.0045694052497895835
20090,0.005775128885747939
20091,0.00474157779787981
20092,-0.00035518698624499313
20093,-0.00032423989414854317
20094,0.0002572826679791192
20095,-0.0006411248482912196
20096,-0.0010862000593523157
20097,-0.0027557337717900553
20098,0.005701872760554663
20099,0.005878180189890255
20100,0.0032226119853740174
20101,0.008994089936165703
20102,0.008858130869467734
20103,0.005806314774695196
20104,0.0032629971510688333
20105,0.0024596834287112387
20106,-9.397534504629384e-06
20107,-0.005078860394092786
20108,-0.0009240351101965745
20109,-0.003233825195378018
20110,0.0014732937092161267
20111,0.0019897651292745105
20112,0.0033372605924884323
20113,-6.21710117304834e-06
20114,-0.0005313668272247644
20115,0.0024572838223838466
20116,0.009247123811736207
20117,0.00822483644668423
20118,0.018777858125010982
20119,0.021475589217830535
20120,0.01939409940771078
20121,0.01855003676804294
20122,0.021960894913015748
20123,0.021841967763910577
20124,0.027120263731236216
20125,0.02506197791380323
20126,0.019599151758555047
20127,0.01765025972114152
20128,0.021023402687185735
20129,0.022046995700881478
20130,0.022673120055678404
20131,0.026507957235090487
20132,0.02634965725802245
20133,0.023941738972514427
20134,0.02212723874086136
20135,0.02522938776107405
20136,0.021848689919170033
20137,0.026950720304773433
20138,0.022695129751509776
20139,0.029357320916256164
20140,0.037832243059191216
20141,0.03814041191154284
20142,0.03963674391699941
20143,0.04168281396038034
20144,0.03882775986757483
20145,0.03947505778451958
20146,0.03910997106747587
20147,0.040446860091469264
20148,0.039804342789204174
20149,0.04011790420708569
20150,0.040639471186674984
20151,0.039436260271258614
20152,0.04684719855254169
20153,0.041839374951779834
20154,0.032007176110285404
20155,0.03601029165943134
20156,0.04127758831328709
20157,0.04539805637649913
20158,0.03805073721116224
20159,0.03642409192306066
20160,0.040587151058297286
20161,0.037343083485679496
20162,0.03693625593271195
20163,0.04276059081218562
20164,0.039446947937593305
20165,0.03666457352385014
20166,0.03301150888770416
20167,0.03856300726404021
20168,0.038505632704952324
20169,0.04495866489966997
20170,0.02724957892455132
20171,0.028014175751060248
20172,0.018567683539575875
20173,0.01912959402208879
20174,0.022895836191093682
20175,0.017109265099287205
20176,0.018824962719758826
20177,0.01792122116868006
20178,0.010452775785788194
20179,0.00791032208666132
20180,0.007974238904905595
20181,0.006964157600099176
20182,0.005295357183749254
20183,0.011008451600237563
20184,0.013167185464381977
20185,0.009383315623047228
20186,0.00984135757345229
20187,0.0060739284140798044
20188,-0.0009173399896258064
20189,0.0037193953472116795
20190,-0.0018683799611223623
20191,-0.00352395023145438
20192,-0.00311594884057041
20193,-0.006469254156227861
20194,-0.002600722045802992
20195,-0.002704660733719723
20196,0.004407871552486195
20197,-0.0016509400255377798
20198,-0.00862331738120235
20199,-0.02231991529551106
20200,-0.017875511066352014
20201,-0.019133975729333955
20202,-0.02503158762523434
20203,-0.03739975910952508
20204,-0.038567038381489734
20205,-0.025999678550498048
20206,-0.031247520990174013
20207,-0.02965033422582753
20208,-0.018309224476966125
20209,-0.02462630297801769
20210,-0.024281397820743802
20211,-0.013898126309674273
20212,-0.01373998067473122
20213,-0.014410863857905402
20214,-0.013711387261108985
20215,-0.020609597682993138
20216,-0.020342294739144492
20217,-0.018755510800555077
20218,-0.021041102449241376
20219,-0.025869158915171594
20220,-0.0275693002292816
20221,-0.02315113330017256
20222,-0.023539288912658725
20223,-0.021702047682283003
20224,-0.02430539293237897
20225,-0.02872220925357012
20226,-0.02729903417432825
20227,-0.021305441759465513
20228,-0.014033149830433
20229,-0.009257868590521917
20230,-0.008848814188610686
20231,-0.009404370741503475
20232,-0.004719847648105299
20233,0.006269425599241943
20234,0.005700228876476408
20235,-0.007971536909297444
20236,-0.0061268724088046275
20237,-0.00710522101904813
20238,-0.02031495420874096
20239,-0.010269721705695161
20240,-0.010232326954554415
20241,-0.013208814084796787
20242,-0.017486142804871492
20243,-0.015099158054347472
20244,-0.020687922113950367
20245,-0.012770729676913773
20246,-0.01287318056094419
20247,-0.013957798210145941
20248,-0.012994730506080195
20249,-0.012475834709412355
20250,-0.013844110122512686
20251,-0.019483130386677757
20252,-0.019081498857544395
20253,-0.014105036811731355
20254,-0.014056808819669092
20255,-0.009494017035884107
20256,-0.00818604858371733
20257,-0.014378076868856171
20258,-0.014488003973045758
20259,-0.019590787206431058
20260,-0.024232244897035484
20261,-0.02244167000309277
20262,-0.021055290557715618
20263,-0.014894733487656475
20264,-0.012801930174407646
20265,-0.009588194245815635
20266,-0.006930327487408576
20267,-0.006275930311532588
20268,-0.011244295123105794
20269,-0.016138507370215553
20270,-0.016759829175187136
20271,-0.019003987357727462
20272,-0.017896101271786792
20273,-0.02057243766864104
20274,-0.01527315668273012
20275,-0.016935965454800972
20276,-0.0170853132184863
20277,-0.015584773603843402
20278,-0.017649754761141324
20279,-0.012475408340083987
20280,-0.002481834411373019
20281,0.0005070083583289552
20282,0.00034404575244500606
20283,-0.0006382259820546512
20284,-0.0007520793006764217
20285,-0.0005941793483858666
20286,-0.0038134040309482434
20287,-2.3795755656046923e-05
20288,0.001337081698326502
20289,0.002474511251974387
20290,0.007249626307922301
20291,0.005482884616671732
20292,0.002699592267057408
20293,-0.009478412413868953
20294,-0.010631732638821442
20295,-0.012995498338279284
20296,-0.008874894915026786
20297,-0.005396594119908697
20298,0.0022095115910265423
20299,0.00974613443036908
20300,0.010712980543727284
20301,0.0057540918762262975
20302,0.004300426553098317
20303,0.004764772021300014
20304,0.003715227789903892
20305,0.0015715297642318654
20306,0.0013064196439696507
20307,0.004839574350565385
20308,0.006937697982704169
20309,0.001959404625960445
20310,-0.004001456195273883
20311,-0.01308966885831748
20312,-0.01395955803019278
20313,-0.01854056255976801
20314,-0.009669505349167265
20315,-0.011010261904560444
20316,-0.012153175407125509
20317,-0.014049553153690695
20318,-0.01559719064081712
20319,-0.017917537428921507
20320,-0.01765127305012629
20321,-0.017765281688139522
20322,-0.013231246060906168
20323,-0.006865286311767464
20324,-0.00419155740045474
20325,0.001400470852878679
20326,0.003973373052423232
20327,0.0005348149612297693
20328,0.00666983603051344
20329,0.0019496451507351905
20330,0.001629262142589835
20331,0.01020438851940752
20332,0.012191779164821082
20333,0.011825079295728963
20334,0.00963668985230077
20335,0.007285454983452699
20336,0.006377233236123916
20337,0.0024699785336411077
20338,0.008687038555030986
20339,0.008105670491510593
20340,0.010097703413020654
20341,0.017246914099693214
20342,0.02026814183488775
20343,0.02361416193550191
20344,0.0002910505578642304
20345,0.0016917267407662957
20346,0.006752502136982613
20347,0.008418328485056442
20348,0.00887702183404309
20349,0.013085243567748097
20350,0.01344474822905902
20351,0.013123533347599572
20352,0.015366680686616684
20353,0.012102501606526773
20354,0.008976084429795304
20355,0.002026664207592186
20356,-0.003060042296573098
20357,-0.004225557898657641
20358,-0.009017633402358463
20359,-0.010420785573212217
20360,-0.015558218534984859
20361,-0.0233364758389663
20362,-0.025548148698143654
20363,-0.02562432006444991
20364,-0.023835298370856198
20365,-0.019240980854170267
20366,-0.01787607406851772
20367,-0.024702412950988385
20368,-0.023840411616832542
20369,-0.02033455560947571
20370,-0.02114314295411455
20371,-0.02533307086473446
20372,-0.027373596929612477
20373,-0.028178293449654557
20374,-0.00814497348689979
20375,-0.00811490731532096
20376,-0.014068219996130706
20377,-0.015120581970235946
20378,-0.014397170107615445
20379,-0.014434638813945484
20380,-0.014255600543001923
20381,-0.013028146910179051
20382,-0.01175745318409661
20383,-0.010246152170719159
20384,-0.009478246747907305
20385,0.007933346344893333
20386,0.006929782966094761
20387,0.0075474534803610695
20388,0.005859395179204235
20389,0.008548144738101128
20390,0.013256495383875664
20391,0.014596929400279773
20392,0.021076039756600558
20393,0.02100640099133672
20394,0.027020175478175583
20395,0.028142203055121797
20396,0.026497340881708492
20397,0.035562145366755546
20398,0.03435408679558048
20399,0.03064807187361911
20400,0.028342592986057492
20401,0.038596304642013815
20402,0.03860171297180252
20403,0.035109862611532594
20404,0.03401850747951468
20405,0.031928899390153156
20406,0.030674917155018497
20407,0.025910236969821525
20408,0.025665845788309386
20409,0.02866524914717973
20410,0.029625649264475425
20411,0.029511088033036398
20412,0.023379659830825836
20413,0.024108128980825507
20414,0.025654502145657714
20415,0.010477953057211017
20416,0.0046048949856812545
20417,0.004606027601809528
20418,0.00794685491025863
20419,0.00827080163154279
20420,0.008352537295441002
20421,0.008278766402177486
20422,0.004868914719113591
20423,0.00025689645564691874
20424,-0.0039011531790513203
20425,-0.005943298949459203
20426,-0.004792675457174474
20427,-0.00497185210869032
20428,-0.012396426558118059
20429,-0.012720472798663405
20430,-0.013553692273916309
20431,-0.018247684548210394
20432,-0.023569977097038286
20433,-0.021637398211979998
20434,-0.017742609244360275
20435,-0.01609044631014509
20436,-0.01795026886490646
20437,-0.013309645704388607
20438,-0.01430250449680671
20439,-0.019222771333162955
20440,-0.021548581799047523
20441,-0.02947589103840652
20442,-0.026799204045771203
20443,-0.031271253698333536
20444,-0.033214337926384105
20445,-0.03259373719827269
20446,-0.023549483874194543
20447,-0.023014892469646848
20448,-0.018464574471771026
20449,-0.022166777936735056
20450,-0.020922543323783984
20451,-0.016592980079153604
20452,-0.018085527635916195
20453,-0.012844846025656961
20454,-0.009167489282203317
20455,-0.0080228129605174
20456,-0.008090561623838229
20457,-0.014641365634221927
20458,-0.003949248758862422
20459,-0.0010451565568641882
20460,0.00024106473513336093
20461,-0.0007756082384547625
20462,0.005063067525731863
20463,0.001709496259475384
20464,-0.0021328092618399003
20465,-0.002053448771194255
20466,0.0017506801245146465
20467,-0.0023527012567615842
20468,-0.00602715368519092
20469,-0.005962184767482743
20470,-0.0005100898674309829
20471,0.007999371779817244
20472,0.00698358577374694
20473,0.010513831676154932
20474,0.010895169864711118
20475,0.012932502370468998
20476,0.0068905843054509995
20477,0.009390012303721657
20478,0.0015321662775470784
20479,0.008190457661654311
20480,0.007155431040484746
20481,0.0077860623656732806
20482,0.009473375040081064
20483,0.009893280149445042
20484,0.004155936116119213
20485,0.0030568106837886677
20486,0.003634395457622996
20487,0.006144275700330591
20488,0.0038280709254117154
20489,0.000849420571991074
20490,-0.0028743510099796528
20491,-0.0028181652230029196
20492,-0.004429066455269249
20493,0.0024213087555701234
20494,0.0030363499319261645
20495,0.0034605283723928813
20496,0.005253426890217156
20497,0.011700943739680718
20498,0.014835653146356194
20499,0.02521847541008759
20500,0.021946870758409842
20501,0.022117326002215984
20502,0.023937724054081535
20503,0.020502656117093822
20504,0.021212319625795246
20505,0.022753209589579774
20506,0.02199256506734034
20507,0.018595227398360704
20508,0.019295768588650116
20509,0.018369757247289085
20510,0.018516880086525276
20511,0.012827859626689439
20512,0.006476969094563682
20513,0.007462881693086928
20514,0.00636953283686604
20515,0.009046313308036248
20516,0.008078059543265159
20517,0.005601626275280836
20518,0.0030519568037035505
20519,0.003380952820503392
20520,0.00748320845429131
20521,0.004560585945567443
20522,0.0013790775125189026
20523,-0.007205711029211558
20524,-0.012600537294304168
20525,-0.012718407985732342
20526,-0.013975061341798663
20527,-0.01614776856595686
20528,-0.01598202262373266
20529,-0.02430713686766364
20530,-0.022274168481210367
20531,-0.01989153158336143
20532,-0.02272593518357384
20533,-0.01879202904450961
20534,-0.020158922640837688
20535,-0.020761942339840897
20536,-0.01954323770554257
20537,-0.019194549467480122
20538,-0.027741412376531004
20539,-0.029856769484216616
20540,-0.03179756332224321
20541,-0.03082734408915069
20542,-0.02691125043528188
20543,-0.029305729318934895
20544,-0.03262075941967139
20545,-0.03367278834486964
20546,-0.033808735838866885
20547,-0.027282348029554194
20548,-0.02968794424435572
20549,-0.03206857691904723
20550,-0.03795989782762201
20551,-0.03577158606075713
20552,-0.030430407518986128
20553,-0.024651411207732454
20554,-0.02081673596824958
20555,-0.02104389290705624
20556,-0.019561303123246852
20557,-0.02114554508080057
20558,-0.018507061015149776
20559,-0.01964723595353688
20560,-0.022891744853847023
20561,-0.026970663303202885
20562,-0.01885495778750432
20563,-0.017335362143051765
20564,-0.016335354938794497
20565,-0.016412707887317093
20566,-0.018534846506076345
20567,-0.016640153602214942
20568,-0.006496661579449976
20569,-0.008054719659406993
20570,-0.00765128492724863
20571,-0.016774135448100518
20572,-0.018124636511770455
20573,-0.020290816956432412
20574,-0.017865278580905666
20575,-0.016845363888739123
20576,-0.016630350686056287
20577,-0.015793623818196854
20578,-0.015087529469373502
20579,-0.0123322993935493
20580,-0.010713701782160839
20581,-0.013206039449888568
20582,-0.013396916003032803
20583,-0.014099524176612926
20584,-0.01436855853174152
20585,-0.014487751375774722
20586,-0.013461298799097354
20587,-0.010316634939789807
20588,-0.012637372100695213
20589,-0.012096844783418104
20590,-0.012762013120049619
20591,-0.012994992326523678
20592,-0.02242869971600272
20593,-0.023274369807588093
20594,-0.023483135431894887
20595,-0.020345101041865994
20596,-0.016762744459988984
20597,-0.019003330765802084
20598,-0.021668959740950688
20599,-0.024444614092678875
20600,-0.019832003388716237
20601,-0.01654350584723231
20602,-0.005966923648510746
20603,-0.0029824206542865277
20604,-0.002448074556532638
20605,-0.008478580035141648
20606,-0.008108842226673445
20607,-0.009258661246476495
20608,-0.005143638572985885
20609,-0.007528070215299657
20610,-0.0009225652527474044
20611,0.003575519117900176
20612,0.00299335689792418
20613,0.0031454417652437496
20614,0.00047173623720971086
20615,0.00013928342047747147
20616,0.0012796450429679506
20617,0.003372220172408012
20618,0.006786139068752969
20619,0.007273522017104227
20620,0.012142556841000959
20621,0.013735588244947028
20622,0.01403765002613838
20623,0.012089155501758944
20624,0.011902492455427226
20625,0.010335766815180636
20626,0.013958016438153188
20627,0.015611233665012068
20628,0.016891421056511587
20629,0.015866796623286678
20630,0.011795255597038473
20631,0.018901306563137932
20632,0.01102954103613592
20633,0.010932205459340285
20634,0.011307315314521395
20635,0.014877850371595459
20636,0.011540316914898294
20637,0.008812359823569612
20638,0.005967140826296874
20639,0.008066735938626989
20640,0.0052023919006119876
20641,0.0025491820926139904
20642,0.0020659119953726794
20643,0.002936682323059227
20644,0.008708868094887615
20645,0.01001057813964276
20646,0.007939175223416814
20647,0.005485142244634728
20648,0.0022385360326199542
20649,0.003602769835892202
20650,-0.003972508025570376
20651,-0.004057227365811554
20652,-0.005175235190855209
20653,-0.005758146152112172
20654,-0.007005606241184114
20655,-0.008212397016291758
20656,-0.014888541755181775
20657,-0.015788230995253772
20658,-0.01676852983664844
20659,-0.011595228456707298
20660,-0.011180659102325864
20661,-0.01947880615654415
20662,-0.02089428928009837
20663,-0.018578987507562126
20664,-0.01852244904247858
20665,-0.015279717407376905
20666,-0.013658169163071636
20667,-0.008210947930574098
20668,-0.008521959396296927
20669,-0.008097299038995184
20670,-0.005951479427377818
20671,-0.0025914952520086146
20672,-0.0038777303159744157
20673,-0.006584837908899223
20674,-0.0008999143599741906
20675,-0.000871307809819743
20676,0.006642520439958456
20677,0.008886076609263088
20678,0.00905967807610574
20679,0.011106554612206826
20680,0.012919573701767158
20681,0.012687820672690676
20682,0.012865022508847622
20683,0.013845303902895002
20684,0.015234450889047076
20685,0.012575685133772295
20686,0.013571651224283502
20687,0.01330267934089977
20688,0.01775011153860843
20689,0.015066111260413908
20690,0.016207728144107817
20691,0.025389094856682653
20692,0.027274255562605463
20693,0.02487497866610915
20694,0.025676287211088705
20695,0.022714197122394947
20696,0.024725193007125362
20697,0.021353436090731613
20698,0.02478136192027066
20699,0.02578904072838435
20700,0.030475289065694567
20701,0.03133518465405473
20702,0.03338749305957965
20703,0.03547053047306621
20704,0.02438530399533363
20705,0.023258340498239733
20706,0.015687692765993928
20707,0.01182564918348032
20708,0.012527078790549602
20709,0.011601330324403815
20710,0.013237534532212594
20711,0.013369498924662057
20712,0.01494804184080343
20713,0.012156119166084488
20714,0.012112207571178828
20715,0.01504677483139768
20716,0.01593031563961076
20717,0.017444403734325643
20718,0.016642055542262228
20719,0.017730981840113253
20720,0.016856485520107555
20721,0.0171465253575915
20722,0.016535624693818925
20723,0.01630635585526616
20724,0.01894580402834179
20725,0.01714071058014064
20726,0.016114326880829467
20727,0.016557262013906757
20728,0.014383922098282481
20729,0.013468253065878065
20730,0.005304827060861387
20731,0.0006104043446611118
20732,-0.0006354818697543587
20733,0.001782008745911383
20734,0.004257129472450838
20735,0.004440704220612489
20736,0.003440875675509544
20737,0.003918220245249637
20738,0.0028993512773102517
20739,0.004949811168676824
20740,0.007381579907355147
20741,0.00792916175837911
20742,0.01063770355108934
20743,0.0173675179966644
20744,0.012721975430729051
20745,0.014273067504215996
20746,0.016732203326137625
20747,0.014908832706877094
20748,0.01979866365262034
20749,0.020902271365066602
20750,0.020778024893675175
20751,0.014092415252068361
20752,0.014314814261844543
20753,0.016465143551299365
20754,0.013544324384238167
20755,0.011375153222890916
20756,0.011653659866772173
20757,0.012115788592026746
20758,0.010222610243289692
20759,0.009673073235948028
20760,0.011680910940589873
20761,0.013646535177251819
20762,0.013258743562306073
20763,0.015125331419261093
20764,0.009877081912924851
20765,0.009574010550526393
20766,0.005918986052405865
20767,0.0055953729621424685
20768,0.005749753353957911
20769,0.001968932213436358
20770,0.0013812179615552641
20771,0.005081377778258656
20772,0.001818523070277796
20773,0.008490778645705738
20774,0.013405251010151286
20775,0.01580448695219624
20776,0.012243622995383353
20777,0.012795059026568115
20778,0.0054880654977155115
20779,0.0046539823732711285
20780,0.002894327240924768
20781,0.009467393462679117
20782,0.010092451204886289
20783,0.008203704900635492
20784,0.012715346312028355
20785,0.018589506055619886
20786,0.018966874714247982
20787,0.018611891688034263
20788,0.017401230522183193
20789,0.021832660407696942
20790,0.02155302390117125
20791,0.021635427057813118
20792,0.023791409660698096
20793,0.020057309526523952
20794,0.02542543979107823
20795,0.02621879315347874
20796,0.021933854964619522
20797,0.019270813438621782
20798,0.021426180545824004
20799,0.023953397573533906
20800,0.01846590762850848
20801,0.014283356365768747
20802,0.0109506163619439
20803,0.0019011223180777628
20804,0.001710632705406781
20805,-0.0012163883863112411
20806,0.0020817638752351586
20807,0.0009143736135147743
20808,-0.002103604686670915
20809,0.0006706157921903273
20810,0.002479681551870551
20811,0.01686452994294821
20812,0.02069030186450941
20813,0.020330469909470374
20814,0.011210407068571347
20815,0.009891878124120628
20816,0.012065330295691434
20817,0.0028900280199410013
20818,0.007228868274039894
20819,0.003707941297751798
20820,0.0022362499792567907
20821,0.003344543855982142
20822,0.0015475271721654903
20823,0.008420616949329688
20824,0.007524182902931608
20825,0.008559092431379808
20826,0.017304656290623482
20827,0.024244979401047747
20828,0.02175442195811782
20829,0.022100562052856734
20830,0.021462653774450547
20831,0.02105231771579544
20832,0.02106970975044954
20833,0.02213302193586103
20834,0.02324486481632463
20835,0.020393304324615367
20836,0.014346981931340158
20837,0.014642699392966857
20838,0.019409515201824285
20839,0.014309471372059164
20840,0.014608101446134626
20841,0.002649779563600072
20842,-0.001205974003401649
20843,0.0013599312981383924
20844,0.003352136235208035
20845,0.007455007145920218
20846,0.005696010004983589
20847,0.016133506218602885
20848,0.017076978070777155
20849,0.01662597119315921
20850,0.02021480709909063
20851,0.015692051142308927
20852,0.013402048408911179
20853,0.0037472753427986913
20854,2.9624023838548356e-05
20855,-0.00259435416041143
20856,-0.002871165893915051
20857,-0.0051478635612199385
20858,-0.004586342654470386
20859,-0.010786580642109132
20860,-0.008889293534962494
20861,-0.007908110992212392
20862,-0.0019131516183224391
20863,0.003793783230048231
20864,0.004143536836176329
20865,0.002661554020934587
20866,0.0010257740702675395
20867,-0.00032299943163079743
20868,-0.0016836922450925735
20869,-0.0005739997361150601
20870,-0.004024752565526793
20871,-0.005958943855182976
20872,-0.003145483522692898
20873,-0.005997792740845503
20874,-0.007228210986074996
20875,-0.011542009154468362
20876,-0.011233935961664117
20877,-0.010645534384550303
20878,-0.014024856069496165
20879,-0.014259911316400364
20880,-0.014083772800618576
20881,-0.0011926087872955275
20882,0.0022024021975509075
20883,-0.003819136873081642
20884,0.001073901286217173
20885,0.0025829110716052675
20886,6.12380542230844e-05
20887,0.0008396791774473717
20888,0.002076555565934036
20889,0.007167837393513748
20890,0.010972011809253689
20891,0.010575895778147888
20892,0.00499593470012436
20893,-0.002390532245846473
20894,-0.0037240159527323112
20895,-0.0001430711130264205
20896,-0.001064844626883262
20897,0.003483728078443751
20898,-0.00012462304027766621
20899,0.002270063836325303
20900,0.00540323883308901
20901,0.0048384067316962496
20902,0.0007947749841643261
20903,0.0005149744284258663
20904,0.007646546066638843
20905,0.004880440236651994
20906,0.005269239646390932
20907,-0.00022702172198728058
20908,-0.0002403841353460515
20909,0.00019424418041434247
20910,-0.009476748594300493
20911,-0.01741701447319979
20912,-0.018035915744800297
20913,-0.011872708188973097
20914,-0.006445944900872653
20915,-0.00820301052947115
20916,-0.0036506597871834526
20917,-0.003971163503234531
20918,-0.005946043098586343
20919,-0.003008129840014881
20920,-0.0055637517855093455
20921,-0.006066552627226849
20922,-0.003299525098400776
20923,-0.006537036554997276
20924,-0.0061885095388738804
20925,-0.003152718579204566
20926,0.005828087630369241
20927,0.00310187697646368
20928,0.004923848079816692
20929,0.0015389696861141287
20930,0.0018733113628595914
20931,-0.002416028432073802
20932,-0.0031374536614465214
20933,-0.0027932459358159466
20934,-0.009558795929289812
20935,-0.007376347275906884
20936,-0.008731883489555994
20937,-0.009352673987409103
20938,-0.005170375456446449
20939,-0.005094299965601968
20940,0.0014027812889976
20941,-0.0006936084160503228
20942,-0.00020497967305869275
20943,0.0031004461365542807
20944,-0.005507917490610126
20945,-0.004601185481906433
20946,-0.0107765028018658
20947,-0.008157214397160582
20948,-0.00830642003695949
20949,-0.00940684602872641
20950,-0.008966011095904208
20951,-0.008955328407985477
20952,-0.003768021947633657
20953,0.0036170440004231878
20954,0.003339060928698314
20955,0.012116317442152708
20956,0.01098197094606717
20957,0.011024420519020731
20958,0.014789143906888057
20959,0.01884128184083718
20960,0.020661024288587484
20961,0.025256603332370772
20962,0.027724534912321637
20963,0.027847902473449083
20964,0.03640457853181982
20965,0.041539816954672605
20966,0.04143414765022433
20967,0.046059280066981755
20968,0.04140103809415538
20969,0.04041385594978767
20970,0.0404421258712984
20971,0.04233671209289224
20972,0.04247621936969541
20973,0.04468407986890719
20974,0.044430446199510074
20975,0.04471720952809684
20976,0.040443686222315534
20977,0.03505789910470888
20978,0.036216173940640486
20979,0.03398048527380416
20980,0.03178621018299192
20981,0.03220273277680781
20982,0.027323881643192154
20983,0.02692849245047941
20984,0.026663353049356218
20985,0.015560834897178888
20986,0.014315682975075215
20987,0.016038702908852065
20988,0.014965011670940744
20989,0.014273640533774983
20990,0.013060358750608788
20991,0.005442556478554871
20992,0.0012151433715948063
20993,0.0015225580922332046
20994,-0.002673039210225539
20995,-0.01619354221106707
20996,-0.01897378771877928
20997,-0.025918317664336638
20998,-0.02191172841410373
20999,-0.021492927048483837
21000,-0.01756898103438445
21001,-0.016755614016788857
21002,-0.017018175500236456
21003,-0.021304744196339483
21004,-0.017102166499319733
21005,-0.01631245377487428
21006,-0.016721144822892286
21007,-0.016751058141124466
21008,-0.017881827818786923
21009,-0.015412985173599493
21010,-0.013541625436994017
21011,-0.013395641427583321
21012,-0.013659280231377902
21013,-0.014419588326515699
21014,-0.015731448954851564
21015,-0.02760313817322297
21016,-0.025010932366383243
21017,-0.02602691628577289
21018,-0.030308968218019403
21019,-0.03131350601787867
21020,-0.0326515229052903
21021,-0.026823844764008536
21022,-0.025950304206663728
21023,-0.02235374884062612
21024,-0.021799538843768333
21025,-0.013398807350017994
21026,-0.010608179680330947
21027,-0.003776768694794978
21028,-0.007252511792662085
21029,-0.007309022010120335
21030,-0.010306985769378245
21031,-0.007281494988922994
21032,-0.013153501790590764
21033,-0.01101132542912751
21034,-0.012172095499871992
21035,-0.012467661642788565
21036,-0.006347128770358848
21037,-0.004986021113169357
21038,-0.0043483589806696706
21039,-0.0021806262000823007
21040,-0.004048814205508796
21041,-0.002058355928495639
21042,0.0013159897933190591
21043,-0.0033883948520375003
21044,-0.0019072329750867193
21045,0.006856091890962434
21046,0.0060556611786746406
21047,0.005403442047625331
21048,0.00985543111351785
21049,0.01216603920065891
21050,0.015355346314343417
21051,0.017316713764189872
21052,0.022128270445443514
21053,0.018032127795552664
21054,0.022025455211606256
21055,0.02056232506062246
21056,0.021398111691572113
21057,0.024737101607725513
21058,0.028125684099019665
21059,0.027284479302152914
21060,0.024174738169142576
21061,0.019252855437854488
21062,0.025175780205401427
21063,0.024630472092125218
21064,0.022045781627340704
21065,0.021265215709749638
21066,0.027504181886796736
21067,0.022557221395879155
21068,0.021171110913112978
21069,0.016180773433919736
21070,0.02053324092876472
21071,0.018207605463908948
21072,0.018844208742512213
21073,0.02100808850970179
21074,0.020880186381394394
21075,0.021902729611081903
21076,0.019803403513487326
21077,0.019196581925842872
21078,0.02044927738378583
21079,0.01696239868053298
21080,0.013982761402292411
21081,0.011470611347329981
21082,0.0038930320216828654
21083,0.004372959023401593
21084,0.0016940725918
21085,0.004912985173412577
21086,0.004687688188198447
21087,-0.000354507831015014
21088,-0.0017849810047024695
21089,-0.0004531359545617015
21090,-0.0002934132724728921
21091,-0.0005991905467195229
21092,-0.0009126115589376778
21093,0.00035047049147597767
21094,0.0013539682366239232
21095,-0.0011096352681341565
21096,-0.005109284675966345
21097,-0.005649491252099164
21098,-0.004587655425177337
21099,-0.0008041982301332734
21100,-0.0021992936394858898
21101,-0.0023230977866033438
21102,-0.006584019903222109
21103,-0.010268480210366944
21104,-0.008394712730902813
21105,-0.0077265009443500884
21106,-0.006208188541689931
21107,-0.005176150751731077
21108,-0.0021947052253448217
21109,0.002111586019874212
21110,0.0021523129566047763
21111,0.003651419302592596
21112,0.007091116040797234
21113,0.007132107045762783
21114,0.009277273661872863
21115,0.006807199906207788
21116,0.006836706843318439
21117,0.01172180160626721
21118,0.00651568206315583
21119,0.005809297777829368
21120,0.008362426349010858
21121,0.009924261004494726
21122,0.010159132788115867
21123,0.006238128789271134
21124,0.006647443487758028
21125,0.00935361494127082
21126,0.011359104356531003
21127,0.009312036079410523
21128,0.009417078242151896
21129,0.005819409182716447
21130,0.005875282647552006
21131,0.006076983703362818
21132,0.005495174615876178
21133,0.007017826303310483
21134,0.0047160580132336845
21135,0.0001243627322612777
21136,-0.0013381500246219605
21137,-0.0032077528923646526
21138,-0.0112106456600982
21139,-0.017652425462605065
21140,-0.016406752931388827
21141,-0.01674453598527086
21142,-0.01659209968051001
21143,-0.01704743016909416
21144,-0.024489890052549628
21145,-0.02312349839210959
21146,-0.027064439864136605
21147,-0.030938360075611855
21148,-0.027033637850504895
21149,-0.026840494300096888
21150,-0.024933878324561298
21151,-0.02476893857333047
21152,-0.025295440862779607
21153,-0.023168023347291806
21154,-0.026162937753266828
21155,-0.023678474462380163
21156,-0.027051154752281283
21157,-0.021584129202953523
21158,-0.02144084013087851
21159,-0.025752805126615732
21160,-0.027146034750437854
21161,-0.027561960730478764
21162,-0.025975564355095227
21163,-0.027889001121518812
21164,-0.026892110554139495
21165,-0.021346362136719154
21166,-0.02444202334327003
21167,-0.02354399704080517
21168,-0.020025862404469318
21169,-0.014501042296180114
21170,-0.015084429976535982
21171,-0.015251380329994062
21172,-0.01369489848281932
21173,-0.011740686152731342
21174,-0.00709674495898876
21175,-0.00533388436428338
21176,-0.001716979905278128
21177,-0.0012118957013652295
21178,-0.004865932496299475
21179,-0.004655750387752869
21180,-0.002032770241408989
21181,-0.0024095488450783463
21182,-0.002391465809438954
21183,-0.006470071540787232
21184,-0.00416435279377735
21185,-0.007187551514158485
21186,-0.012235600261902102
21187,-0.008961494862867169
21188,-0.008722623154401902
21189,-0.002309168986572061
21190,0.003067703786014748
21191,0.002181559434159137
21192,0.0013005288982980896
21193,0.0011574319214491151
21194,-0.0006283801261590966
21195,0.0005069948631647867
21196,0.004082834414580671
21197,0.005140533828895616
21198,0.002464000367664268
21199,-0.0009179690955387404
21200,-0.002646100936396888
21201,-0.005183698272598749
21202,0.00013137838318004547
21203,-0.00017884710683749874
21204,0.0005751806213488395
21205,-0.0012972281806789593
21206,-0.0006597410367839704
21207,-0.0035866658849668994
21208,-0.004796169615705829
21209,-0.0033401340471062965
21210,-0.00807144156035341
21211,-0.013286134824190615
21212,-0.013514562703496115
21213,-0.010867910962279577
21214,-0.003950509338493371
21215,-0.003727171540367018
21216,0.0019623429194251586
21217,-0.0055826489186502236
21218,-0.0008139074439616056
21219,-0.003174757696254388
21220,-0.004542725506719911
21221,-0.003321536190064151
21222,-0.003819431534539496
21223,-0.0011364315154411967
21224,2.416449995807518e-05
21225,-0.00037402678479111525
21226,0.004286344954516325
21227,0.0025158539820225555
21228,0.002192839845950668
21229,0.0051138252605110145
21230,0.005699565970921516
21231,0.006707529867571816
21232,-0.00024829242976783596
21233,-0.002232510530885806
21234,0.0005629514022472905
21235,0.0014494075924561395
21236,0.0009191422462458237
21237,0.0015079541228418094
21238,0.0042175901486828345
21239,0.0018296721629872253
21240,0.002174454721432558
21241,0.009372522646067572
21242,0.010017928904487
21243,0.01716495814431907
21244,0.008896966662061388
21245,0.008338483240327309
21246,0.009800983192788661
21247,0.013659128508524267
21248,0.008824762541739218
21249,0.010847338551761634
21250,0.006877104149190297
21251,0.006998794578908667
21252,0.010030950785538926
21253,0.010802153055086774
21254,0.012152955097465244
21255,0.009929962451560276
21256,0.008760970096156142
21257,0.010149503634245924
21258,0.018849081549494596
21259,0.018643299412137885
21260,0.0184718125390007
21261,0.02121226212984545
21262,0.02182256070490761
21263,0.024098380534844928
21264,0.01755539077591301
21265,0.012868827579991974
21266,0.01272742983213884
21267,0.015793565173245448
21268,0.01506905065254025
21269,0.015948578404958214
21270,0.017400701194798748
21271,0.01579568786208067
21272,0.01638245837381495
21273,0.012942101695450639
21274,0.012667893025033296
21275,0.01349346852781764
21276,0.013429144703853292
21277,0.015663139808529767
21278,0.015447826417153743
21279,0.012340293494475926
21280,0.009719092447208018
21281,0.009308965910537296
21282,0.005272616415492863
21283,0.007253564908374527
21284,0.005777700659728593
21285,0.004670854204556572
21286,0.004087855379626099
21287,0.0035850881542834525
21288,-0.0029101042303390163
21289,-0.006116448567169105
21290,-0.007711227359789588
21291,-0.013359359989714097
21292,-0.015546683766224858
21293,-0.0180098520251114
21294,-0.021161966455713287
21295,-0.01547175179495096
21296,-0.015716804155291454
21297,-0.020151253367693633
21298,-0.01565357484977793
21299,-0.015607939748528093
21300,-0.018261387528850242
21301,-0.02229663309138801
21302,-0.023516528592670737
21303,-0.02459000019489006
21304,-0.020163877885126375
21305,-0.020481577688153663
21306,-0.024931214020415246
21307,-0.02510521308771644
21308,-0.025616913940587568
21309,-0.028492362435217487
21310,-0.022988904545273563
21311,-0.022826826488258792
21312,-0.02089848794734594
21313,-0.0260659986867516
21314,-0.026087052276881743
21315,-0.02488320796944818
21316,-0.03184890912718444
21317,-0.031184322274362127
21318,-0.03441209199039985
21319,-0.02911434195307853
21320,-0.026649883388485927
21321,-0.021370299563294153
21322,-0.015264531782801457
21323,-0.014245857915790593
21324,-0.012033649146458832
21325,-0.017406589041436004
21326,-0.015667973386724727
21327,-0.009943751035132859
21328,-0.015065021818076112
21329,-0.014798680927704836
21330,-0.018820840094247452
21331,-0.016336695386582053
21332,-0.015599921486554603
21333,-0.01347122747313201
21334,-0.015785122052262613
21335,-0.016796665192006885
21336,-0.009158374861136302
21337,-0.010279845086380416
21338,-0.0098137998246857
21339,-0.009242569395700853
21340,-0.00999357536220172
21341,-0.010003273735016548
21342,-0.010172953983558079
21343,-0.010034315489412804
21344,-0.007961747830664388
21345,-0.008944543378748745
21346,0.0010798863341344835
21347,0.0001689113273603335
21348,0.0050311816167603945
21349,0.0016456872467190977
21350,0.0018470458247601095
21351,0.004125482457998594
21352,-0.0028616231490264992
21353,-0.0024954461561337853
21354,-0.0005639574302776752
21355,0.005105377043944782
21356,0.0036772368616941747
21357,-0.0036294490497348433
21358,-0.003849787149007758
21359,-0.004596398104934904
21360,0.0022406304544418765
21361,-0.00037111038971919703
21362,0.00011430237703230207
21363,-0.006043539713767382
21364,-0.003797149884911063
21365,-0.002495669651921958
21366,-0.009670345535709354
21367,-0.015595707393139946
21368,-0.016143986676167312
21369,-0.015357108350359716
21370,-0.019287605956286816
21371,-0.019915912444458027
21372,-0.021554064185550902
21373,-0.019378811923610816
21374,-0.021420043168842225
21375,-0.019174769405053693
21376,-0.016674520781280955
21377,-0.00764112631953894
21378,-0.006889516813371554
21379,-0.01513213175522248
21380,-0.014716368615226136
21381,-0.017853958462577788
21382,-0.014325999309183721
21383,-0.01526848649956676
21384,-0.017336613857350587
21385,-0.020601086879467396
21386,-0.02032782054921022
21387,-0.020440912525679634
21388,-0.013028617975632727
21389,-0.012553313887333117
21390,-0.010937389935624842
21391,-0.005767687078200685
21392,-0.00621632274895771
21393,-0.00455257351321181
21394,-0.007153971080242812
21395,-0.009056952651443835
21396,-0.005385369991229889
21397,0.00018005498602259581
21398,0.0006587988918217335
21399,0.0022363463043645567
21400,-0.00012956057072582811
21401,0.000431481554034682
21402,0.00035663411820396326
21403,0.004237863963324383
21404,0.005662525587870775
21405,-0.0016466709457707287
21406,-0.008085729202343295
21407,-0.016524304652844116
21408,-0.019397555943501
21409,-0.011549383646459696
21410,-0.012204976917796992
21411,-0.006293497954804994
21412,-0.00021317089404482127
21413,-2.8895223108156614e-05
21414,0.001236903562538683
21415,0.0075376478134352555
21416,0.008342342985059144
21417,0.011319715000613389
21418,0.0053381887985546345
21419,0.005860741934614651
21420,0.003933504961970179
21421,0.0007641830716836388
21422,0.0009890362646630098
21423,0.004074194711350808
21424,0.001030273826105808
21425,0.0033928740412822803
21426,-0.0011920676762342253
21427,-0.001910495957057133
21428,-0.0018471156578574036
21429,-0.0013478867857116348
21430,0.007111040583474176
21431,0.00852929279396496
21432,0.009014459716261842
21433,0.0055015427981830395
21434,0.004658057791418072
21435,0.014364684372848413
21436,0.011887475952697303
21437,0.012305165412172438
21438,0.01159582415675849
21439,0.011668796919387936
21440,0.0105865254025349
21441,0.005441128217665724
21442,-0.007002392931648022
21443,-0.008178095867403461
21444,-0.008922867761051582
21445,-0.011975819086413843
21446,-0.013156438052506178
21447,-0.0137724091547273
21448,-0.013497842086198607
21449,-0.015191600682882087
21450,-0.019167881129229458
21451,-0.008737468603672617
21452,-0.00912129126806019
21453,-0.012625057973895099
21454,-0.00762911503237059
21455,-0.008064757286689952
21456,-0.006664766454812731
21457,-0.005528176459721488
21458,-0.007490268124413798
21459,-0.012563635598361971
21460,-0.013637706534542488
21461,-0.016045993866292366
21462,-0.014683088115938804
21463,-0.01437330026816322
21464,-0.015089824224874053
21465,-0.02349446767060163
21466,-0.01849117360406243
21467,-0.017014196127269638
21468,-0.016163511467382062
21469,-0.016755461871119957
21470,-0.016472492390236737
21471,-0.01272281629663083
21472,-0.005846611725148305
21473,-0.004608121462790456
21474,-0.0015546992969234302
21475,-0.003193584983498341
21476,-0.007014978491628762
21477,-0.0056378362719836745
21478,-0.004078338461984319
21479,-0.0028128903283675534
21480,-0.00022088500216844688
21481,-0.012093927736321357
21482,-0.012235367596966145
21483,-0.010424202318823758
21484,-0.013747713093803519
21485,-0.011912316978117886
21486,-0.011188499090740784
21487,-0.008135805164389056
21488,-0.006382324897694656
21489,-0.004535470367263889
21490,-0.01087590462895666
21491,-0.010579173875746918
21492,-0.015827204654772796
21493,-0.016170456912809206
21494,-0.01567916927088824
21495,-0.014747699503173176
21496,-0.01788093405236942
21497,-0.02055296412738475
21498,-0.01750155852725156
21499,-0.016997526941553886
21500,-0.016433473630307296
21501,-0.01890744374627155
21502,-0.02184584379688197
21503,-0.021484885956328317
21504,-0.019104606752126354
21505,-0.01637086673767864
21506,-0.012820362984334664
21507,-0.008990808044844891
21508,-0.010048059097854521
21509,-0.010122181188576149
21510,-0.009395801997512275
21511,-0.008623005286203467
21512,-0.01025574675014694
21513,-0.01470145246250429
21514,-0.015530825920755185
21515,-0.017402764634231974
21516,-0.02422063082977642
21517,-0.021744153183530807
21518,-0.021434083906237675
21519,-0.019679107133392416
21520,-0.019839284777935038
21521,-0.021914115832130026
21522,-0.02041199970323648
21523,-0.020199648984505634
21524,-0.021409261139767932
21525,-0.02090388030334346
21526,-0.021933055338565464
21527,-0.021802455191273086
21528,-0.017783924025457965
21529,-0.01937515919148474
21530,-0.016570603088599582
21531,-0.017230221540102262
21532,-0.022630005043598644
21533,-0.022928888944183136
21534,-0.039732618726871206
21535,-0.03458915240759002
21536,-0.033582513635899626
21537,-0.027577442731216255
21538,-0.03140024093666099
21539,-0.02895103959012207
21540,-0.024000216461929725
21541,-0.021004381228717027
21542,-0.01954988638046812
21543,-0.013737606137625497
21544,-0.00910679202081148
21545,-0.008691216719916869
21546,0.003337184376826952
21547,0.003158768104403591
21548,0.004195399039507379
21549,0.0051485765574769485
21550,0.010411581667548915
21551,0.013884875776855866
21552,0.017941273499979586
21553,0.0192805333795246
21554,0.02007957520288702
21555,0.03201605951646387
21556,0.029728800638077913
21557,0.02847744789281426
21558,0.020573461027950487
21559,0.02086091821195997
21560,0.018451776349024587
21561,0.013411123243751056
21562,0.024375404635942757
21563,0.023348027049586495
21564,0.04220071339000353
21565,0.03444386304063185
21566,0.03863313831601626
21567,0.028615716854558007
21568,0.03390551555335053
21569,0.03206523707608413
21570,0.028472432874430794
21571,0.026470349564891256
21572,0.027047108047843178
21573,0.02185841627126722
21574,0.020184586252664397
21575,0.018509584751779537
21576,0.01498885746979052
21577,0.011495866823130184
21578,0.010123721410204482
21579,0.014521612703469933
21580,0.011615498591246524
21581,0.011000182846848673
21582,0.004212051423672296
21583,0.005878041362288808
21584,0.006422558445731956
21585,-0.000509660040210839
21586,-0.0007814155785516962
21587,0.0007288645119219126
21588,0.002169204273736562
21589,0.0034223904206920792
21590,0.0029742782701857214
21591,0.0057278491592096204
21592,-0.0021179011702534487
21593,-0.004111901322839889
21594,-0.012040882542947518
21595,-0.01984100129527782
21596,-0.024462802292476986
21597,-0.02548551707214258
21598,-0.017728709286750115
21599,-0.01982403948622436
21600,-0.018421934852740005
21601,-0.022344120980809446
21602,-0.02620343697800544
21603,-0.024553090108453916
21604,-0.030337404514036964
21605,-0.029171125264723104
21606,-0.027641701141799594
21607,-0.029778119850916607
21608,-0.029500068246485232
21609,-0.03811333419522997
21610,-0.033112031674835764
21611,-0.03189345380022981
21612,-0.03629851108316257
21613,-0.03321872791937878
21614,-0.03374897850917443
21615,-0.042053288077173616
21616,-0.03794700083024456
21617,-0.037781089210724095
21618,-0.04171431433489648
21619,-0.04480349232179983
21620,-0.04717527521239175
21621,-0.04412719869612316
21622,-0.042956726596732775
21623,-0.04072815219113418
21624,-0.03661118563362456
21625,-0.0314411120890032
21626,-0.03228137014935797
21627,-0.03656880746285712
21628,-0.03993385224493341
21629,-0.03777103846308002
21630,-0.03371099566614811
21631,-0.017688719976930226
21632,-0.011660857068290995
21633,-0.0013002367567156391
21634,0.006719129869433879
21635,0.007006425128476768
21636,0.003958346398967156
21637,-8.411602710529283e-05
21638,0.0005879913981239931
21639,0.005933467613834727
21640,0.00294955231652722
21641,0.0007026536733863933
21642,0.0182163112058726
21643,0.014007159959104567
21644,0.013228531469140582
21645,0.016908982957186514
21646,0.014390148245202712
21647,0.013860637515358544
21648,0.01651423239477686
21649,0.014132400573739906
21650,0.01624589038651326
21651,0.022684995567547148
21652,0.026710490064281375
21653,0.025526626087510693
21654,0.026878677226025067
21655,0.03640237774872756
21656,0.037600287191253405
21657,0.04973380029744663
21658,0.04133060537998195
21659,0.04004204165845181
21660,0.03170270385857556
21661,0.023409991032221314
21662,0.02113928546370568
21663,0.0172491514136814
21664,0.014841840644198644
21665,0.01458885905986146
21666,0.014835019110561228
21667,0.018639353436861458
21668,0.01747989664568817
21669,0.016066661448056366
21670,0.011346856299059672
21671,0.013914607149553363
21672,0.005083026073180291
21673,0.0057357640066111985
21674,0.006426361595605278
21675,0.009873081949546725
21676,0.014509191935827904
21677,0.014456639808044604
21678,0.01337036815532114
21679,0.0230109897345882
21680,0.02302299686097062
21681,0.017466610173608264
21682,0.015933152981084515
21683,0.017694490231577802
21684,0.016312764974559957
21685,0.00654355855574972
21686,0.006486926473740268
21687,0.0027231495644078154
21688,0.0053570542153208245
21689,0.007262530006896486
21690,0.011745941071319583
21691,0.008214780158814248
21692,0.007831868364530196
21693,0.004238702029027128
21694,0.0021017063746902923
21695,0.002533385838373149
21696,0.0001690098543093058
21697,0.0012600003398948094
21698,0.0021096261756230724
21699,0.004335834432279561
21700,0.009989476335630087
21701,0.008507201557819415
21702,0.010555487086150391
21703,0.011842235205880531
21704,0.012915866420909462
21705,0.010097813640286814
21706,0.007041063422264972
21707,0.008111098503553939
21708,0.01354272261252526
21709,0.006545423788861189
21710,0.0060218070956623605
21711,0.0038982099585379514
21712,0.006926717437287179
21713,0.007303948667377272
21714,0.005859425271099883
21715,0.0077235825319619525
21716,0.007621790734003748
21717,0.01201489751788505
21718,0.017726391290901887
21719,0.01652260118380201
21720,0.016507431502974842
21721,0.016030994735850818
21722,0.015860696880260997
21723,0.013864308030282772
21724,0.021459701756913727
21725,0.020737128637759953
21726,0.02005200485562576
21727,0.020986220557537363
21728,0.020354893739984177
21729,0.01703754470599782
21730,0.015828300990546825
21731,0.015413759803850442
21732,0.02058464519330941
21733,0.016877791840479297
21734,0.012683973751334534
21735,0.015025571813239135
21736,0.013769606970004717
21737,0.01378614642621813
21738,0.006392770580871834
21739,0.011131942600219049
21740,0.012193199277095189
21741,0.014313233492448518
21742,0.01146397103583583
21743,0.008255550664392704
21744,0.008683595241103945
21745,0.008096048624840653
21746,0.007476542305641426
21747,0.0027891538614183402
21748,-0.0019382493729576888
21749,-0.0025257351972907136
21750,-0.005019850304236133
21751,-0.005343593420973639
21752,-0.005232100656938849
21753,-0.005692397598405863
21754,-0.017051725101820674
21755,-0.016377331988819178
21756,-0.007349091876521528
21757,-0.010542248479640755
21758,-0.009905957448577567
21759,-0.0026205843310071674
21760,-0.0013643356015910243
21761,-0.0012700340653268244
21762,-0.0057050473169765695
21763,-0.005642369105000504
21764,-0.001725061297056742
21765,-0.001195524518801419
21766,0.00032533126177958476
21767,-0.0004112596533951529
21768,0.006905879186646755
21769,0.004980579971785946
21770,0.0013639459355770233
21771,0.0006415627980055909
21772,-0.002254869890801283
21773,0.0007673184559827037
21774,-0.0006114611567862231
21775,-0.0030340140932991
21776,-0.002229433975704308
21777,-0.0005962748636292328
21778,-9.930899235076522e-05
21779,0.0015314083807094095
21780,0.0017761613327378673
21781,0.0019228612677553527
21782,0.002070481621010777
21783,0.0025255599389174036
21784,0.005514546152562056
21785,0.005125086385625458
21786,-0.001990841969746789
21787,0.0016415679770070634
21788,0.0007523415877478245
21789,-0.004893519151115521
21790,-0.0065033807318986255
21791,-0.00611360742699348
21792,-0.0022673218619412056
21793,-0.0018665915334226061
21794,-0.002417538703689337
21795,-0.0008428235737127633
21796,-0.007231315041833753
21797,-0.00732176500372589
21798,-0.01342218011233421
21799,-0.0102714327321142
21800,-0.007957475916825777
21801,0.002283207246287071
21802,0.011539906382920911
21803,0.012088996077267546
21804,0.013893214071687872
21805,0.016634161081560413
21806,0.016915729754628968
21807,0.015537767947569808
21808,0.012243662607574682
21809,0.011395175530755672
21810,0.008057082852316332
21811,0.007596066169132754
21812,0.00722336213962454
21813,0.008840824422872135
21814,0.01150779175309396
21815,0.0115125246146907
21816,0.01233009369768675
21817,0.00788904800944377
21818,0.009133803016334041
21819,0.007147083594725807
21820,0.008056091978850216
21821,0.00573809188653726
21822,0.00044576763747846966
21823,-0.004766814731177271
21824,-0.005247123032230853
21825,-0.0066141249751727966
21826,-0.0002926824914708074
21827,0.0006227457967942104
21828,0.002139732236980731
21829,0.0025178526340237295
21830,0.0029685932619457614
21831,-0.01011168748800417
21832,-0.016481461777409154
21833,-0.017386209353108424
21834,-0.015668571487567076
21835,-0.017515784580820856
21836,-0.01798268786878358
21837,-0.022473180565604146
21838,-0.023101774223283498
21839,-0.022590354838285132
21840,-0.015971912374725263
21841,-0.014891429873485887
21842,-0.014072381426124986
21843,-0.01724429359847105
21844,-0.017142581981027565
21845,-0.01745613115144648
21846,-0.018229937176329317
21847,-0.011306675098998423
21848,-0.012639311892599323
21849,-0.010768137179396557
21850,-0.006422648162450188
21851,-0.004382618921706345
21852,-0.0044870314865289385
21853,-0.0015715123469029267
21854,-0.0010883216493523867
21855,-0.006497633438470115
21856,-0.007217851559443502
21857,-0.006079739024275595
21858,-0.00739536081213523
21859,-0.010764219767040726
21860,-0.010876581774630252
21861,-0.011839593384415658
21862,-0.01128380454219604
21863,-0.010417241286918242
21864,-0.011056791954425028
21865,-0.01081080086557907
21866,-0.010421263477663695
21867,-0.00819780116702675
21868,-0.0014169663282175792
21869,-0.003622182926310796
21870,-0.00757036595186887
21871,-0.007743180526054698
21872,-0.007980527198304116
21873,7.822726997364122e-05
21874,5.057361542874764e-05
21875,0.01077830045095616
21876,0.013444097908954164
21877,0.00968296986141111
21878,0.01029573188463576
21879,0.010270411021596646
21880,0.007598187971402671
21881,0.008005639890971916
21882,0.010809805353717245
21883,0.010419765517136175
21884,0.010238424082662656
21885,0.017787479002619164
21886,0.01683582452720652
21887,0.016261015000233685
21888,0.017056759779970183
21889,0.019914256919798246
21890,0.020463835988061257
21891,0.028743263505051034
21892,0.02733500862344156
21893,0.027052682293636797
21894,0.02561495974951126
21895,0.026987981899779308
21896,0.026581968839365866
21897,0.027695857762116784
21898,0.02403737989250609
21899,0.024808526617589283
21900,0.02347823321610965
21901,0.02264261400511248
21902,0.022252137203809263
21903,0.017700366638600078
21904,0.020444667097574247
21905,0.009933824909784866
21906,0.013669979369019342
21907,0.017012382090370266
21908,0.016910097008321787
21909,0.01781783986516141
21910,0.014956844815624445
21911,0.015135905267687695
21912,0.01697139898282691
21913,0.01792224608198978
21914,0.018145710775987645
21915,0.015699124324509667
21916,0.014931433129907305
21917,0.014353784737146593
21918,0.017720487540693323
21919,0.014135910365979228
21920,0.011005653939996075
21921,0.003755330052215911
21922,0.007710218825446145
21923,0.007691417010285035
21924,0.009096939748931934
21925,0.009036343300322176
21926,0.009036638643634867
21927,0.009771160097455676
21928,0.010724525826406426
21929,0.00984273551659689
21930,0.012218012259441458
21931,0.011294312926706603
21932,0.011187443446066328
21933,0.008222023356332929
21934,0.00634598771016594
21935,0.006147345767093835
21936,0.0006875098183549639
21937,-0.0051450261118975915
21938,-0.00603325011667918
21939,-0.011083579721788792
21940,-0.007791630817043806
21941,-0.007871737420800324
21942,-0.0071874418582096545
21943,-0.0025195165351583706
21944,-0.0027719846996262596
21945,-0.0029101275559865075
21946,-0.0012765094833558442
21947,-0.002016217355916764
21948,-0.0057138805601103715
21949,-0.008540725459630076
21950,-0.005166221818271589
21951,-0.0067759600498118215
21952,-0.008740227209992273
21953,-0.009731007159240995
21954,-0.009273174353406402
21955,-0.008903623988297431
21956,-0.009225703459568227
21957,-0.011809614604794889
21958,-0.008093073283651884
21959,-0.006521852135331069
21960,0.004005178567728538
21961,0.006036941914572997
21962,0.006664237343817311
21963,0.004568129869696521
21964,-0.001431962542752951
21965,-0.007179275324015578
21966,-0.008251129924849825
21967,-0.004818139313586344
21968,-0.0037940238326135563
21969,-0.0038883684165058317
21970,-0.00881281789387893
21971,-0.009063634195241106
21972,-0.012409574040098688
21973,-0.0173745302431378
21974,-0.016426885719156997
21975,-0.013009363652853502
21976,-0.016228362568147407
21977,-0.015656354456024545
21978,-0.01704990553430718
21979,-0.014247021396754224
21980,-0.0141193401655916
21981,-0.010811633651254971
21982,-0.01491486279237201
21983,-0.015921523713026076
21984,-0.01683558712897966
21985,-0.0167541079373424
21986,-0.01626173850010649
21987,-0.015206887502451319
21988,-0.019774235613991595
21989,-0.01986694881833951
21990,-0.03420771158919362
21991,-0.0335555330374178
21992,-0.03445944432338642
21993,-0.03322123145809262
21994,-0.026159554635675687
21995,-0.02052821621772498
21996,-0.018795277359163656
21997,-0.016323455679913737
21998,-0.016800018418917057
21999,-0.016934065554555188
22000,-0.014161916796429317
22001,-0.015599774752034756
22002,-0.01422723331616248
22003,-0.012647110853210389
22004,-0.014192869652845577
22005,-0.015421271091628237
22006,-0.013699119651585372
22007,-0.014388354122712426
22008,-0.008953580554856401
22009,-0.00693411593952975
22010,-0.007313171466025462
22011,-0.002246835782606805
22012,0.005389128268503777
22013,0.007865581075230266
22014,0.009309045421082102
22015,0.011349553295854077
22016,0.012120705112825647
22017,0.007058728208317341
22018,0.006148812412300296
22019,0.007330186039564122
22020,0.005804379586691981
22021,0.007145073819081695
22022,0.006095239601788614
22023,-0.0017324385440222522
22024,-0.005262941339067034
22025,-0.0046912976283866375
22026,-0.005459139623119739
22027,-0.009117204443039477
22028,-0.008856119047036468
22029,-0.005103940993656015
22030,-0.005620446568539626
22031,-0.004093918784602847
22032,-0.0006672600801293126
22033,-0.0025083360155509792
22034,-0.0009889172519523808
22035,-0.0021910405739845097
22036,-0.0016404398166452079
22037,-0.0011195141557286848
22038,-0.00026955160882670046
22039,-0.002859729930230028
22040,-0.0029267548318779833
22041,-0.010067821791527749
22042,-0.012500522618948122
22043,-0.01317325394649215
22044,-0.014546851326707569
22045,-0.01424250371263042
22046,-0.015220134025136403
22047,-0.008413035176084258
22048,-0.007321562403850202
22049,-0.008744275560461175
22050,-0.005552921007987298
22051,-0.005400436931601719
22052,-0.0014100861119490222
22053,0.012000119667609981
22054,0.009449651090213854
22055,0.009434242381503371
22056,0.007964193914409739
22057,0.0058382055825518695
22058,0.00543643598735337
22059,0.001803495217804005
22060,0.0016736586044369052
22061,0.0013059262241930459
22062,-0.0009802880197178029
22063,0.0019855935189379502
22064,0.0008649681036394907
22065,0.006357095400618007
22066,0.0073873539773780614
22067,0.008301530534263168
22068,0.005192646552694956
22069,0.006155095382011024
22070,0.008129261130073798
22071,0.008606074994925708
22072,0.004087808497497478
22073,0.003700278255208776
22074,0.006062029230171997
22075,0.006780872407851055
22076,0.006548544241538413
22077,0.0032481396958235413
22078,0.0029825630924275974
22079,0.002330517346407519
22080,0.0013733651560880484
22081,-0.003920704359219508
22082,-0.00606135673831932
22083,-0.011118247304415565
22084,-0.004657086849022397
22085,-0.004817220341475867
22086,-0.0007316816852805418
22087,0.0029132423754324906
22088,0.0020913702527993816
22089,0.0003087427465330611
22090,0.0020503505895452592
22091,0.0014081367080191684
22092,-0.0005109905281610237
22093,0.0023610690645750635
22094,0.0024421900428461224
22095,-0.005817125354121614
22096,-0.007541964371173348
22097,-0.009124569872105743
22098,-0.009430702403511643
22099,-0.01174140602784782
22100,-0.013745233331993923
22101,-0.01575277273442567
22102,-0.013244994716022394
22103,-0.012693230066376803
22104,-0.019730602949773125
22105,-0.02311208165501621
22106,-0.02102505983859837
22107,-0.020988097466907652
22108,-0.020274469370506934
22109,-0.020070627926408215
22110,-0.01571896505948433
22111,-0.014459520471449246
22112,-0.01448833034111304
22113,-0.012009663604549943
22114,-0.016178410612209794
22115,-0.014343479233874402
22116,-0.015796971761657688
22117,-0.019428084592246746
22118,-0.018849973257030153
22119,-0.013713749489009613
22120,-0.013970292269357237
22121,-0.012811590627351729
22122,-0.01545531045578683
22123,-0.01628333616891072
22124,-0.013131163641745339
22125,-0.010427895168328363
22126,-0.005051789653515112
22127,-0.00438688822582103
22128,-0.0033667620255154592
22129,-0.0018009275069451431
22130,-0.0009365941474183278
22131,0.0023176427787263702
22132,0.0008071081065489356
22133,0.002121106275889555
22134,0.0027921149365680745
22135,0.0034462012085587994
22136,0.0007765017031341814
22137,0.0001861378777438802
22138,-0.0007412546820845701
22139,0.0003574230575141773
22140,-0.00028820333186606317
22141,0.0023658446086685476
22142,0.002997007011501493
22143,0.00239465961184188
22144,0.004655498227632771
22145,0.003207852853773537
22146,0.004872761863749106
22147,0.006281540187501654
22148,0.007032243805935071
22149,0.007980616583887814
22150,0.006188155657648473
22151,0.006465868030649343
22152,0.009663074460665205
22153,0.00933237481910549
22154,0.006033038564773556
22155,0.00820178365410442
22156,0.004043151447883874
22157,0.0036121079648524772
22158,0.003923133435016594
22159,0.0032390384799477825
22160,0.004370694145237
22161,0.0021535688739926506
22162,0.003576485607861128
22163,0.001886648153709576
22164,0.008010227164555494
22165,0.006418642813131073
22166,0.007737313017388842
22167,0.01195109936330704
22168,0.010109567696369667
22169,0.013000672508655676
22170,0.013695344696333012
22171,0.017168350110756618
22172,0.018197280864849594
22173,0.018633349565901215
22174,0.018231595326666964
22175,0.01754127035894948
22176,0.01817778662588008
22177,0.018420602831366765
22178,0.014367336402816535
22179,0.012321451413465195
22180,0.013923286378594002
22181,0.013638877728601468
22182,0.013609185341595276
22183,0.008720608195076394
22184,0.008255147510143621
22185,0.005403228948838179
22186,0.0035709530657310885
22187,-0.0022498402637293096
22188,0.0007084351543035638
22189,-0.0005996277842424033
22190,-0.0015408807117881728
22191,-0.0003932771921284024
22192,0.0017215081624057506
22193,0.0019487909756110487
22194,-0.0048490623245099
22195,-0.007297652437444543
22196,-0.008478656885562295
22197,-0.015518008946174543
22198,-0.013705511383292514
22199,-0.01815251990442695
22200,-0.01856282175592924
22201,-0.02290809854084795
22202,-0.024127238958667842
22203,-0.02509219808683233
22204,-0.029756882150852718
22205,-0.026153785222327093
22206,-0.02568667770907104
22207,-0.02660420120629938
22208,-0.023007892927070863
22209,-0.023196785440132914
22210,-0.02649696954400926
22211,-0.026534860615363517
22212,-0.027554673116873256
22213,-0.02557852712118706
22214,-0.026684407956910725
22215,-0.026965867928940717
22216,-0.02570003430335906
22217,-0.019866056172582927
22218,-0.020081186995232737
22219,-0.017055497252982547
22220,-0.018868636682722144
22221,-0.020776661193177916
22222,-0.016834035459355044
22223,-0.012831641578362576
22224,-0.007504689431299997
22225,-0.007914498680604594
22226,-0.006959000025446695
22227,-0.002899502573268141
22228,-0.003814720497897684
22229,-0.002667955909198975
22230,-0.002144355770415585
22231,-0.0013088297738738362
22232,-0.0016851851553170772
22233,-0.000913229972019382
22234,0.003715723002565737
22235,0.00018745510571415214
22236,-0.0064457632264009355
22237,0.0026384770051173763
22238,0.003178620554559396
22239,0.01012666960958854
22240,0.013504437430781146
22241,0.01247777178365195
22242,0.010041828800079452
22243,0.01040436056089217
22244,0.011940595941334555
22245,0.011168724968928293
22246,0.012379836382180069
22247,0.012037339521132914
22248,0.010143127217549225
22249,0.01054208554882271
22250,0.0135008243971715
22251,0.015370782807744109
22252,0.007972537836344882
22253,0.004042211965506786
22254,0.004606583235012715
22255,0.008914707243334532
22256,0.008986557656956532
22257,0.007885868174372384
22258,0.008395284178531985
22259,0.0069368672662117456
22260,-0.0014581677345875611
22261,-0.010369919988626079
22262,-0.010606126290693896
22263,-0.012386586645393318
22264,-0.013976145748041692
22265,-0.013680311612633044
22266,-0.009919430483814563
22267,-0.018776472279961504
22268,-0.016923157390755027
22269,-0.020666062994941014
22270,-0.019471416653143878
22271,-0.01914428859479034
22272,-0.01774435318220239
22273,-0.017222940595219425
22274,-0.016106189812497063
22275,-0.019627089059330007
22276,-0.017371687011692647
22277,-0.016426463365198447
22278,-0.020059518547983126
22279,-0.01750992192317304
22280,-0.01942707542549942
22281,-0.02011720128590952
22282,-0.019093056383700815
22283,-0.019691262599804846
22284,-0.02694358724016638
22285,-0.020446476924002626
22286,-0.022667565980178134
22287,-0.024799922861826272
22288,-0.024993856715286818
22289,-0.02361210773282446
22290,-0.018502677031319803
22291,-0.01071122175026141
22292,-0.010221510512713883
22293,-0.009032016756025373
22294,-0.013823898216961747
22295,-0.014614847402875723
22296,-0.015487167946795041
22297,-0.018815336726366
22298,-0.020925144988748014
22299,-0.021127224839636142
22300,-0.022759277385945506
22301,-0.02228082209844285
22302,-0.022892954246757604
22303,-0.025874795862819773
22304,-0.024774637576321937
22305,-0.022815053802823348
22306,-0.024034450151113412
22307,-0.024543241926748064
22308,-0.025651636971552073
22309,-0.0324667060724406
22310,-0.03253243497942806
22311,-0.03516408916916264
22312,-0.034675391313347514
22313,-0.03257523703884826
22314,-0.029723309602674466
22315,-0.038805073686394624
22316,-0.03592443870628919
22317,-0.017155053271547507
22318,-0.013330137830783354
22319,-0.013544087544056692
22320,-0.012909255278232726
22321,-0.017232857836348897
22322,-0.017698282854668186
22323,-0.016262260518585488
22324,-0.013692875971911487
22325,-0.012715934691158908
22326,-0.01387803947067661
22327,-0.008930029386866146
22328,-0.00956410051334577
22329,-0.015763831410885408
22330,-0.014784304488932549
22331,-0.015191175108819219
22332,-0.01188042460176179
22333,-0.01220139169853837
22334,-0.014785475087469973
22335,-0.01886374475024224
22336,-0.018816254244197025
22337,-0.01899604508706923
22338,-0.01995506876308363
22339,-0.017420971750597713
22340,-0.01851000803325107
22341,-0.01594462620397018
22342,-0.021896852120646747
22343,-0.02316302794299167
22344,-0.02302359501533455
22345,-0.009045401404954264
22346,-0.009857835395939088
22347,-0.019448613625738388
22348,-0.023124024706778355
22349,-0.024060461249389885
22350,-0.02670885649058747
22351,-0.023945556756163725
22352,-0.023764137222168087
22353,-0.010617943090576782
22354,-0.006370036516115028
22355,-0.007022312673782843
22356,-0.009159253138295987
22357,-0.013193665578464488
22358,-0.01326777897858225
22359,-0.007870166152036489
22360,-0.007341067953355193
22361,-0.006576079099312436
22362,-0.005554036184831938
22363,-0.00947509495744024
22364,-0.009551480088818093
22365,0.0009105619484315071
22366,3.7016472330218014e-05
22367,0.0023719538040133706
22368,0.008028219854028672
22369,0.013937409076902156
22370,0.015692271740618918
22371,0.016680024978942314
22372,0.01578677328465181
22373,0.015627881966227268
22374,0.023671672885554048
22375,0.013068821194907817
22376,0.020434917911307318
22377,0.006560441846613331
22378,0.00836913860890384
22379,0.010261358607990625
22380,0.01214977196984502
22381,0.011864514181132301
22382,0.012010309706969367
22383,0.00038694625912853763
22384,-0.005109203828215724
22385,-0.009253792675816531
22386,-0.007815882452307701
22387,-0.0023916533179702895
22388,-0.0017693467588874893
22389,-0.0027782472474746386
22390,-0.0022513915521920557
22391,-0.0024376219201786894
22392,-0.0020095880713028778
22393,0.0028945353651052474
22394,0.0021066956170614462
22395,-0.005175854292239245
22396,-0.00667182979886557
22397,-0.0063837496287939225
22398,-0.005953474582937352
22399,-0.009308351987732534
22400,-0.00957018265852035
22401,-0.015880611899067646
22402,-0.01007556029590882
22403,-0.012882475625998611
22404,-0.021640668022871443
22405,-0.028036180060564197
22406,-0.035997837731583805
22407,-0.022025634709634583
22408,-0.027591408151273106
22409,-0.028295232782693726
22410,-0.02083994669699622
22411,-0.013717177018117822
22412,-0.013458946007252115
22413,-0.019444651640085325
22414,-0.021332971337174413
22415,-0.016827124678014265
22416,-0.017341553199982266
22417,-0.027029010839365278
22418,-0.027127129443240455
22419,-0.0325704449263048
22420,-0.033429580583513634
22421,-0.033412003110319735
22422,-0.037808490504127476
22423,-0.0339593275106659
22424,-0.03279787126952438
22425,-0.026125289385486448
22426,-0.026645852490707025
22427,-0.029469999894179064
22428,-0.032778099635824225
22429,-0.03859602462287618
22430,-0.043591680509938474
22431,-0.04052744851419937
22432,-0.03711859409941681
22433,-0.03402002993243572
22434,-0.03431417093187003
22435,-0.029517884832975825
22436,-0.02932286672080962
22437,-0.0401674861188193
22438,-0.040128117774363585
22439,-0.0444149368519102
22440,-0.06040941953294152
22441,-0.06396343386969706
22442,-0.06366681399701495
22443,-0.06326568423576147
22444,-0.05842288872806291
22445,-0.05900044710716445
22446,-0.05693586241839385
22447,-0.04702004153610199
22448,-0.05264794434392881
22449,-0.05510199921594734
22450,-0.047066777171299624
22451,-0.04600742141716756
22452,-0.04061717485252813
22453,-0.038903569338967055
22454,-0.03811946826335871
22455,-0.03688523023833321
22456,-0.048997111043705376
22457,-0.05347273997106163
22458,-0.051649729101344286
22459,-0.05269589655242026
22460,-0.04964881410794847
22461,-0.05285809780657997
22462,-0.04662185211316836
22463,-0.0461933199694911
22464,-0.04269608709854325
22465,-0.053546302764569335
22466,-0.05059386799558977
22467,-0.04093300552905789
22468,-0.03042758523741169
22469,-0.026339535018191088
22470,-0.008998140404817839
22471,-0.01325305013832242
22472,-0.01438156480185012
22473,-0.017727779293577297
22474,-0.011323771475733062
22475,-0.011283434826177384
22476,-0.006941159470051125
22477,-0.003681203070513327
22478,0.0035249082045469694
22479,0.02374988197437632
22480,0.01675579410880188
22481,0.01650665225501808
22482,0.008808223183098188
22483,0.005115837013315419
22484,0.011578627938413355
22485,0.008524947253262447
22486,0.03203005223095575
22487,0.038395391743519657
22488,0.036534061853178666
22489,0.0378938542182043
22490,0.04087105427746848
22491,0.04335161551228083
22492,0.03842313289855225
22493,0.034470962522241244
22494,0.029090259097299506
22495,0.03616574291131725
22496,0.0336015693354979
22497,0.026564589437189243
22498,0.01971071987561121
22499,0.019785364999835884
22500,0.008724530437796653
22501,0.011194202792158249
22502,0.015812549772094734
22503,0.02210432995721362
22504,0.011159517509844123
22505,0.010267085171307725
22506,0.003415551158333611
22507,0.007874066869436246
22508,0.008905010747905897
22509,0.007431848256531472
22510,0.00504620489362896
22511,0.008043004646941092
22512,0.02115546476768715
22513,0.021742632744847896
22514,0.014843201731792623
22515,0.013184481652320291
22516,0.003156556185199827
22517,0.002154529473969245
22518,0.0021197638003233087
22519,0.006276157575058701
22520,0.009513924143799604
22521,0.02603208646867092
22522,0.012692357128762361
22523,0.014012022753010044
22524,0.02008630623198403
22525,0.029579129753925265
22526,0.030197236336502082
22527,0.029223219146418206
22528,0.026266107203935532
22529,0.029689648344952572
22530,0.03090839398296587
22531,0.0291859543690491
22532,0.02459554519946496
22533,0.024303769389781685
22534,0.029502833692580045
22535,0.03040920761901702
22536,0.03045931759750146
22537,0.024570775988179215
22538,0.02797739473770409
22539,0.01190175932988071
22540,0.009015945488923779
22541,0.0049846961084389265
22542,-0.003437976314171604
22543,-0.0031389256040886267
22544,-0.004080738121833312
22545,-0.003991610508193998
22546,-0.0017808932941621091
22547,0.001597613751445314
22548,0.005523713921809969
22549,-0.0006936348204680934
22550,-0.00474739002611839
22551,-0.013444880948233462
22552,-0.006529426065981307
22553,-0.0059181643337134675
22554,-0.01619254516691299
22555,-0.02472250237282187
22556,-0.02306809971151883
22557,-0.022524809944218488
22558,-0.02116458674533494
22559,-0.0243234667458835
22560,-0.020936943281479947
22561,-0.01911853978879458
22562,-0.01911470016092123
22563,-0.02105902629260043
22564,-0.02434926393745701
22565,-0.02914959478336573
22566,-0.02619431812919384
22567,-0.03804213750916138
22568,-0.044164408918704934
22569,-0.04559503441714038
22570,-0.03858316932190636
22571,-0.03934401142623944
22572,-0.03884244006703017
22573,-0.03942287903221223
22574,-0.04061242123327303
22575,-0.04755472069568376
22576,-0.04938075912590731
22577,-0.05406405651430402
22578,-0.05216032899988344
22579,-0.04539886767777863
22580,-0.045577734791684726
22581,-0.05896376331896452
22582,-0.051172479605953614
22583,-0.0570076456211238
22584,-0.05011525888160225
22585,-0.048815070744250025
22586,-0.051226249776281645
22587,-0.04311015031972982
22588,-0.0403410038975622
22589,-0.04066521896445167
22590,-0.05223002619974472
22591,-0.06164112443318054
22592,-0.06500343690797165
22593,-0.05558239278273122
22594,-0.051289189067251904
22595,-0.04565125693234388
22596,-0.051798973920637245
22597,-0.04752560420062334
22598,-0.048524203842095374
22599,-0.037250064347640485
22600,-0.03871335023506474
22601,-0.036782704925943946
22602,-0.03491661101995205
22603,-0.022656237817676006
22604,-0.019530190436309724
22605,-0.009802859550498002
22606,-0.008768127979302215
22607,-0.00758866600901601
22608,-0.014567675973259862
22609,-0.01450888890775905
22610,-0.014805992985807162
22611,0.00015042376250217252
22612,-0.009838491585113827
22613,-0.002496993740487011
22614,-0.011936140610640316
22615,-0.0009568452542974083
22616,0.0002802345002297923
22617,0.00013620600713041108
22618,0.00023490467288651205
22619,0.004270571504167246
22620,0.018283474574091026
22621,0.03450442650878325
22622,0.03896662783794441
22623,0.035100388041564574
22624,0.029250105140564836
22625,0.02817603620748698
22626,0.04484656596766177
22627,0.045872279105787166
22628,0.054946483440776926
22629,0.05695290869563516
22630,0.05200142988266456
22631,0.0512280801881576
22632,0.04669927298299324
22633,0.03605285906154213
22634,0.03496388711732147
22635,0.0390962049614657
22636,0.0377947502715684
22637,0.033815112403095954
22638,0.035364729701386356
22639,0.03265354057310926
22640,0.03518071212022037
22641,0.025336073411018425
22642,0.02687387216851063
22643,0.023477528077339313
22644,0.03178027067309782
22645,0.022565416597484268
22646,0.022930527717833268
22647,0.021664624385128024
22648,0.02083963624067912
22649,0.01844062631314458
22650,0.010478335593496568
22651,0.015027050951844954
22652,0.01619566718128297
22653,0.012436714656944826
22654,0.019643786057900185
22655,0.0211167662740547
22656,0.017642315624835345
22657,0.02438506215769533
22658,0.018302726879103812
22659,0.0006428465888566778
22660,0.000685156425532834
22661,-0.00040348278442605583
22662,-0.0038554533808778774
22663,-0.004798838989573553
22664,-0.006014369816917331
22665,-0.014965671597481887
22666,-0.02529608104551206
22667,-0.022809911759365087
22668,-0.01677036501675337
22669,-0.016638729424097276
22670,-0.01823171292169451
22671,-0.01688735016372556
22672,-0.01526551684904959
22673,-0.012583904648777488
22674,-0.004034734399287794
22675,-0.003507960226608339
22676,-0.004077463990800288
22677,0.0020639632392169685
22678,0.009919458875213566
22679,0.011747374547914717
22680,0.0214678819371193
22681,0.01926070797018493
22682,0.018893280217437136
22683,0.02916193811535477
22684,0.028042436341172535
22685,0.027336089403092487
22686,0.02527297068740928
22687,0.02082695392798535
22688,0.016143402352426294
22689,0.020760408333757283
22690,0.02061772365526793
22691,0.02054735337448382
22692,0.030844601652294072
22693,0.027027654347579876
22694,0.02941078968786673
22695,0.035824008113065825
22696,0.04435248856175146
22697,0.048451649296888666
22698,0.051240093940381204
22699,0.05436513822822492
22700,0.05376047482413547
22701,0.06877092173614596
22702,0.07450932854255261
22703,0.07581902576672321
22704,0.07206081459067441
22705,0.07536249025631477
22706,0.07952037980408257
22707,0.0614811775821771
22708,0.057982772608793164
22709,0.05508929037888876
22710,0.061391436419968075
22711,0.06488306653971748
22712,0.06495742866338679
22713,0.09028814971222227
22714,0.09317501563726584
22715,0.09307293384094247
22716,0.08931611611910642
22717,0.08943412247200314
22718,0.09378728913360526
22719,0.1366799949264025
22720,0.11063167418407922
22721,0.1071901263029366
22722,0.08303014959336297
22723,0.08687423141049225
22724,0.08534976292819348
22725,0.0853323462750749
22726,0.08544227876579695
22727,0.08317193840045818
22728,0.08004320709784878
22729,0.07505634173508995
22730,0.0751269786184583
22731,0.07243838989989262
22732,0.047674378293766556
22733,0.04969569541895178
22734,0.042070488714089894
22735,0.04817177301072554
22736,0.043824618843258584
22737,0.05116254964494572
22738,0.054796284642099645
22739,0.05673924124371956
22740,0.040199749088485386
22741,0.02252305644326718
22742,0.01999161063798423
22743,-0.00821374783403459
22744,-0.010532353151737733
22745,-0.010692516582190245
22746,-0.011542604714123817
22747,-0.016856858350228977
22748,-0.01805145829773904
22749,-0.0503947693886275
22750,-0.02005953785110323
22751,-0.015584460275097991
22752,0.0029694952108006694
22753,0.014427158334714899
22754,0.016588066076073882
22755,0.005018939865030401
22756,0.009634421126340671
22757,0.015663182230791516
22758,0.008993108781814902
22759,0.009610775247207753
22760,0.00933836407945214
22761,0.004133372046141695
22762,0.01706425398851555
22763,0.013039464251563822
22764,0.0189339923734023
22765,0.013755443403672048
22766,0.017224274524077435
22767,0.012654370422160562
22768,-0.0018570212418038757
22769,-0.005092267195876673
22770,0.008092499645965272
22771,0.010766306201472672
22772,0.012442302713223281
22773,0.0039941366805888185
22774,0.002561180443880662
22775,0.0023282741858178155
22776,0.002770290610004988
22777,0.0028563920978358316
22778,0.003688223100911452
22779,0.009347078268630548
22780,0.00380693605924511
22781,0.0029208185727217497
22782,-0.0009560835452043381
22783,-0.030306798600131427
22784,-0.039882139438689304
22785,-0.040096203609340304
22786,-0.05349268512958899
22787,-0.059491623588355295
22788,-0.04826955662435576
22789,-0.0507751172678788
22790,-0.049361676173227564
22791,-0.048579268730537084
22792,-0.038418452326957654
22793,-0.04142175472180849
22794,-0.029290697960142713
22795,-0.03151141423665354
22796,-0.035550391112429615
22797,-0.026606873384984575
22798,-0.02373511556786581
22799,-0.021170636432266934
22800,-0.032154132225497865
22801,-0.02619803585719866
22802,-0.02557002000650355
22803,-0.027875635986253172
22804,-0.02495105846439713
22805,-0.024627522822109175
22806,-0.025075671637661598
22807,-0.02860828742466998
22808,-0.028521127544387598
22809,-0.0319400328143047
22810,-0.040003097949130026
22811,-0.03388578192457693
22812,-0.03316468104713477
22813,-0.014713255966347467
22814,-0.005705124526324977
22815,0.0016678861162087652
22816,0.017418295333288623
22817,0.017339268226613358
22818,0.006628554730014323
22819,0.009280051750963466
22820,0.011431743919688
22821,0.01121402605947452
22822,2.4085586410864163e-05
22823,0.003042762210782173
22824,-0.009871500128417355
22825,-0.010174076102760107
22826,-0.01001761761112928
22827,-0.01909917435478181
22828,-0.0164427230172044
22829,-0.01602560655368373
22830,-0.01765304035629888
22831,-0.010942716142212065
22832,-0.012443329823748718
22833,0.0039305970647713516
22834,0.0014822805511577688
22835,0.0020803891634890393
22836,-0.0010937463195322304
22837,0.013552270260828782
22838,0.0144341938645653
22839,0.01566024223824259
22840,0.021675053130921003
22841,0.015473156764495337
22842,0.030002553372213737
22843,0.03234403811178028
22844,0.03248701259551787
22845,0.03336853075732426
22846,0.03764269714903767
22847,0.040185115000525115
22848,0.0397345922164041
22849,0.0387524504597936
22850,0.035377752734053636
22851,0.03305676588434868
22852,0.035833901768154895
22853,0.03741509096002904
22854,0.03416435614212679
22855,0.03279330183277202
22856,0.02792405864457225
22857,0.030509339831943767
22858,0.031207427485327056
22859,0.029150559881859536
22860,0.04145190531127756
22861,0.03305510481728146
22862,0.03377404152483184
22863,0.020326013469515885
22864,0.017511857399725217
22865,0.011229793544630102
22866,0.017596947566846582
22867,0.01632191123495226
22868,0.01557336941406735
22869,0.013878058255930754
22870,0.01591810708652445
22871,0.015664845173041907
22872,0.0010856388784476877
22873,-0.0013987676546618419
22874,-0.00437976849162556
22875,-0.002982170632746058
22876,-0.011236665427860736
22877,-0.013291567804143476
22878,-0.013385415206741866
22879,-0.01383538494143208
22880,-0.017834576663731186
22881,-0.012549037126751041
22882,-0.012368852216242933
22883,-0.007141252304879425
22884,-0.005860664025261411
22885,-0.006981307457525529
22886,-0.003268049632561016
22887,0.00042773249777333086
22888,-0.00933149138690688
22889,-0.01019067157087444
22890,-0.01555311421821724
22891,-0.01660398311617134
22892,-0.008615858686953458
22893,-0.00786949092626423
22894,-0.0004961882832775649
22895,0.005981921602073822
22896,0.003950300313840705
22897,0.0005409412767381388
22898,0.000943327245587319
22899,0.0019044764233103312
22900,0.00408095508950703
22901,0.0054265627567949394
22902,0.006050695103164124
22903,0.00023585933127507602
22904,0.0013570131479063894
22905,-0.0010598592868850758
22906,0.0010069407183807113
22907,0.0010621889378304454
22908,-0.0014600947362497722
22909,-0.0024562867425154448
22910,0.0006814010392137804
22911,0.000358576384728905
22912,0.0022382669658871216
22913,-0.00456627621776881
22914,-0.007088841731151561
22915,-0.003667797610597485
22916,-0.0024712659625366526
22917,0.0012513511126909206
22918,0.011601231130332255
22919,0.011610600157733367
22920,0.013766025509958002
22921,0.014375601542654005
22922,0.006525247648139039
22923,0.010333494893243297
22924,0.006147102233510248
22925,0.005469318909440676
22926,0.006104726992003612
22927,-0.0058612888501043525
22928,-0.012708889083937734
22929,-0.012198340712600403
22930,-0.016895011506633504
22931,-0.018454883598410993
22932,-0.018687135173362575
22933,-0.020153727377060997
22934,-0.020460020835594468
22935,-0.02397773323510846
22936,-0.023141616416564044
22937,-0.02157427697104046
22938,-0.022722302434408894
22939,-0.012114474731332524
22940,-0.0108972391582888
22941,-0.016137411710580727
22942,-0.015719848710473567
22943,-0.014742104853525274
22944,-0.010026918922995464
22945,-0.014832274480686327
22946,-0.013622966066215395
22947,-0.022544731943254483
22948,-0.016360215325142015
22949,-0.015265718120985101
22950,-0.02070247309677209
22951,-0.02126308596950754
22952,-0.022561358672885473
22953,-0.02386377319892985
22954,-0.02173402304404169
22955,-0.020202173890792027
22956,-0.018341536170337437
22957,-0.013507040529505594
22958,-0.007706047662091899
22959,-0.007958336248346246
22960,-0.007357279409572917
22961,-0.00742769085007733
22962,-0.009005341722441577
22963,-0.0055557049811086915
22964,-0.007775487406136197
22965,-0.0022774496891177966
22966,-0.004886091186754999
22967,-0.006405685059685038
22968,-0.001366641948372449
22969,-0.011870329344564985
22970,-0.011850237660544641
22971,-0.016609515918741373
22972,-0.01321556991026535
22973,-0.014032366822089267
22974,-0.012669122985149004
22975,-0.01882539808419788
22976,-0.020645741668010215
22977,-0.015223434655385424
22978,-0.02442752939468727
22979,-0.024810032861402518
22980,-0.011980768274755088
22981,-0.010440795101027951
22982,-0.0072085658700066346
22983,-0.013094756340716602
22984,-0.014132360474763591
22985,-0.016036560127077337
22986,-0.018689020432792088
22987,-0.011289678324055544
22988,-0.01013583435636743
22989,-0.013109643155332055
22990,-0.014397813796471816
22991,-0.010959352137313114
22992,-0.009753891500456158
22993,9.90769332386474e-05
22994,0.0029120246396811948
22995,-0.000365269387600116
22996,3.028445964387816e-05
22997,-0.00012371668935281965
22998,-0.0007145531613260963
22999,0.008273470811668468
23000,0.007634054917963822
23001,0.009587773907543671
23002,0.00935737304851985
23003,0.010309991417466718
23004,0.01063213559384502
23005,0.01949972161529995
23006,0.018667672669427697
23007,0.015899488418969838
23008,0.02166429139368465
23009,0.022505748736818494
23010,0.011419617314299635
23011,0.008180647041143877
23012,0.005456622369634263
23013,0.010954216821771381
23014,0.009306525413686302
23015,0.009383400325510827
23016,0.006623869516226554
23017,-0.002646057503256392
23018,-0.00586565616640037
23019,-0.004573333471084254
23020,-0.0032978331686764075
23021,-0.006611967161957682
23022,0.0005622651252187487
23023,-0.0012562735391158575
23024,-0.0010921134317137314
23025,-0.002729388067255864
23026,-0.0020187123723413715
23027,-0.006718104505816337
23028,-0.005934174058046
23029,-0.007933687290681555
23030,-0.007651774546223848
23031,-0.0027822258778729086
23032,-0.0034227145129770917
23033,-0.0029555467062526816
23034,-0.0028122455746730102
23035,-0.0014983371138730232
23036,-0.0005296657052734484
23037,-0.0052089873940848975
23038,-0.006888812719470993
23039,-0.008073346925362502
23040,-0.009279747840107771
23041,-0.009485371989009485
23042,-0.009529559616723502
23043,-0.012048059215921105
23044,-0.00817227765105078
23045,-0.008733016173989371
23046,-0.006571161117014693
23047,0.0017466932769259755
23048,0.0050846173327022135
23049,0.005404178962651311
23050,0.006740345576813997
23051,0.007194535141760353
23052,-0.0047246735820819265
23053,-0.009972189261241052
23054,-0.011499256636461671
23055,-0.0027984022542938813
23056,-0.0015272595067252483
23057,0.003484763616915885
23058,0.004631064298853354
23059,0.002993215493129401
23060,0.003195847438293983
23061,0.0019170242876573472
23062,0.005649028622393902
23063,0.007209496542594398
23064,0.005983448031561343
23065,0.0008870990774854389
23066,0.0012144485957706576
23067,0.0020008601345974956
23068,0.0015375198670308646
23069,0.0019470686214157686
23070,0.014442527726416705
23071,0.015800093507651148
23072,0.017376154431725157
23073,0.019599494225161867
23074,0.014077022491764494
23075,0.014958853903036038
23076,0.018777070173349477
23077,0.018333537428056577
23078,0.018292915397380385
23079,0.017555128425337584
23080,0.01626623888164771
23081,0.017587925306449856
23082,0.023131428097348066
23083,0.025324389476390454
23084,0.02750500451495064
23085,0.018905193007555852
23086,0.02006881029860811
23087,0.01988645974228964
23088,0.01768618872256294
23089,0.010765072289877822
23090,0.01001209482133707
23091,0.011180648699023524
23092,0.00804540515063036
23093,0.006523597835504083
23094,0.006468669732651602
23095,0.010889719969661125
23096,0.010900229840452781
23097,0.010468507290674995
23098,0.002625042718788141
23099,0.0012253506865568119
23100,-0.012975405166742258
23101,-0.01384784363395288
23102,-0.01600643092082516
23103,-0.017935202794598135
23104,-0.016069010935587682
23105,-0.01679538959618851
23106,-0.02048191345903616
23107,-0.017707486416712957
23108,-0.01815234195979876
23109,-0.018556728920711314
23110,-0.02134437243085735
23111,-0.023202017444364172
23112,-0.02311808020938834
23113,-0.027844918698958696
23114,-0.028137059717256833
23115,-0.016555829615678898
23116,-0.020003951828170316
23117,-0.02516480822877386
23118,-0.02277466798375595
23119,-0.01442357691898973
23120,-0.013843049905927421
23121,0.003040702815641528
23122,0.004541038331581374
23123,0.00497034500041757
23124,0.0047344770942161505
23125,0.0033159561086759217
23126,0.0009910223704035635
23127,0.004984080638451957
23128,0.008808905257561235
23129,0.010559857571621267
23130,0.015964653666454238
23131,0.015809161653437008
23132,0.01695203661458564
23133,0.021976957940109502
23134,0.020629460825741557
23135,0.020344082869570138
23136,0.01914963542372016
23137,0.017904560615643265
23138,0.01788011552132115
23139,0.018410567807764528
23140,0.021593007424441483
23141,0.022129198838347425
23142,0.022634786836758753
23143,0.02331170044657011
23144,0.027477015122625386
23145,0.017918836693652403
23146,0.018964193977300974
23147,0.02433746786641652
23148,0.014833118062185374
23149,0.010671724014196759
23150,0.010823479886373754
23151,-0.016662591407774884
23152,-0.02031433049336325
23153,-0.020602196893705915
23154,-0.020943590469402622
23155,-0.019788623124286968
23156,-0.017450498644086307
23157,-0.018129066365911262
23158,-0.015050185663912781
23159,-0.01495311514987038
23160,-0.020397744164517752
23161,-0.020738034707138767
23162,-0.01909607347799555
23163,-0.021906392267214275
23164,-0.01868558877237861
23165,-0.017848311043364293
23166,-0.015898273170651917
23167,-0.018656534603408877
23168,-0.018553863383625375
23169,-0.01580361374482754
23170,-0.017056398863226355
23171,-0.017028934642921753
23172,-0.015142735387688639
23173,-0.015128951732998943
23174,-0.019119453861598423
23175,-0.02028739562489974
23176,-0.01964282799078355
23177,-0.01912538924980845
23178,-0.01202711449993489
23179,-0.011782621905770863
23180,-0.011314068154651713
23181,-0.003955023439034837
23182,-0.010663575775137674
23183,-0.011247072896664647
23184,-0.014414524494222461
23185,-0.010595066561805753
23186,-0.010798603617461886
23187,-0.02100893425317772
23188,-0.020434110378586366
23189,-0.019871746121030435
23190,-0.019793963566714257
23191,-0.014996103485881448
23192,-0.017077969709609127
23193,-0.01776148696115075
23194,-0.02054171973946832
23195,-0.021125827548689406
23196,-0.021208260490888756
23197,-0.021730632459733994
23198,-0.01842905990068683
23199,-0.021927103117514144
23200,-0.02216767348854095
23201,-0.022968678214814797
23202,-0.030810078823801518
23203,-0.022961496883594102
23204,-0.022987649346789988
23205,-0.018348829413280338
23206,-0.016479993890343755
23207,-0.017290465003217147
23208,-0.018814938091144307
23209,-0.016885575075388515
23210,-0.01806170759742607
23211,-0.01823972081090375
23212,-0.01180132365061243
23213,-0.011893214230099005
23214,-0.008037171737396374
23215,-0.00963050616654684
23216,-0.01128900532522149
23217,0.0019019303243489095
23218,0.003426079642944478
23219,0.003103138509252013
23220,0.003862249187335576
23221,0.0007358674677819879
23222,0.0006736941177020533
23223,2.2825731974394955e-05
23224,-0.00026208343741035694
23225,0.0024201406324063793
23226,0.0013250755313555479
23227,0.0026219806295569707
23228,-0.00012104834887426925
23229,0.0003596689288513383
23230,0.0015784233835459873
23231,0.0018427444505594694
23232,0.013902561598056355
23233,0.00902070511859668
23234,0.008111116488409233
23235,0.0019562072930099884
23236,-0.000582669777741867
23237,-0.00016412789242552643
23238,0.0023050452504913797
23239,0.003599686092614427
23240,0.004233754589326704
23241,0.0006833706303140651
23242,0.0003354220668983698
23243,-0.0004865845870663298
23244,-0.004224386849274525
23245,-0.004805396807728398
23246,-0.0033912439764851223
23247,-0.0027160261057039897
23248,-0.0052461327914402256
23249,-0.005459666943970029
23250,0.0019690511625565462
23251,0.0014010671734522085
23252,0.0007972431647219937
23253,0.004109708498645506
23254,0.00426385334945503
23255,0.0025069417269023295
23256,0.0037830512401171314
23257,0.004329863180771283
23258,0.003388886825684172
23259,0.00252819589873052
23260,-0.00018070106742485
23261,-8.58443790828203e-05
23262,-0.006339918655669315
23263,-0.008613597448770362
23264,-0.006575117200831341
23265,-0.0012383134171259436
23266,0.0031089944400875197
23267,0.0006554509774367973
23268,-0.00046730896336557936
23269,-0.001600379072468761
23270,-0.0017961875656318793
23271,-0.0016424865910490546
23272,-7.744683597409159e-05
23273,0.000351462783996351
23274,-0.00017206110644125267
23275,-0.006615520689690729
23276,-0.006355376395216387
23277,-0.011432681369491016
23278,-0.00909519820861684
23279,-0.009631815014677976
23280,-0.014397897731703128
23281,-0.012271382365530043
23282,-0.010830187763971441
23283,-0.01845967059887785
23284,-0.018184946939061267
23285,-0.021367079101775183
23286,-0.020917635553307157
23287,-0.022174530465068492
23288,-0.022194820849031884
23289,-0.016271946553181378
23290,-0.015311105135474129
23291,-0.014982741747390756
23292,-0.018275934429611868
23293,-0.021394137724761612
23294,-0.02168167640469181
23295,-0.0222965156741443
23296,-0.02668348543310214
23297,-0.024812009664196312
23298,-0.021170811443552408
23299,-0.021329827215161044
23300,-0.021386669737800987
23301,-0.021545397111701354
23302,-0.023420094199076074
23303,-0.025376266193674578
23304,-0.01849002772605406
23305,-0.01685398085741911
23306,-0.016475581020472058
23307,-0.017635996105042663
23308,-0.019252443776547275
23309,-0.01902067047996809
23310,-0.023606951618920385
23311,-0.02397035541109523
23312,-0.023558412123317607
23313,-0.019267055564809402
23314,-0.01646874153362063
23315,-0.013526733238367112
23316,-0.02025613864548135
23317,-0.017638831530953282
23318,-0.017706568937978395
23319,-0.015469672963133419
23320,-0.013579577771484429
23321,-0.014477979466500326
23322,-0.010043974481068354
23323,-0.00783562858820853
23324,-0.008718068002846304
23325,-0.006055289585266826
23326,0.0008011677064195682
23327,0.0020012936870050157
23328,0.002608508490190714
23329,0.004079023160550265
23330,0.0013560589700463191
23331,0.007431952776345922
23332,0.007680480476150212
23333,0.011023316620022204
23334,0.005864636010678509
23335,0.010294725275586383
23336,0.009482244103989231
23337,0.0215087893355679
23338,0.022918167742910035
23339,0.023816767049922555
23340,0.03410869698483405
23341,0.03205226050298003
23342,0.03150032494212151
23343,0.03037492817322956
23344,0.028063457429553663
23345,0.02796163635831075
23346,0.035380422168782434
23347,0.03839340960654184
23348,0.03798459279595328
23349,0.03090080508664946
23350,0.03130964555180831
23351,0.03164360386410729
23352,0.03537155619407089
23353,0.037220076287233735
23354,0.03724129850025534
23355,0.03238640654992043
23356,0.02465818451504635
23357,0.024259415538345444
23358,0.022173887799627444
23359,0.025309732249893697
23360,0.028824657111741564
23361,0.026780725716239528
23362,0.02667172291745669
23363,0.025317907366752917
23364,0.03172538000552784
23365,0.032504580483768274
23366,0.03715845167944847
23367,0.027857226351246305
23368,0.02950513395355623
23369,0.028740176996999718
23370,0.02072847380877974
23371,0.027304200948777488
23372,0.027045870450961053
23373,0.022195046919022916
23374,0.020300076592421668
23375,0.02053246459489383
23376,0.0198047196373012
23377,0.014590331532057783
23378,0.015783190360014458
23379,0.02071420527588179
23380,0.01866620035768545
23381,0.019260994788600792
23382,0.015140451557224939
23383,0.010241636705206008
23384,0.011512210688013256
23385,0.012650594332808957
23386,0.012920577351924978
23387,0.01231008296356617
23388,0.0028237553149314323
23389,-0.004548954999195091
23390,-0.005517363749673393
23391,-0.0037965574282610164
23392,-0.0017971802651080024
23393,8.076453216848197e-05
23394,-0.0012896928430726406
23395,-0.0017797141478606896
23396,-0.006230561867073685
23397,4.11708648472875e-05
23398,-0.004712138159225269
23399,-0.004833374636873079
23400,-0.0030769071534210613
23401,-0.013216122029250536
23402,-0.01119882839686805
23403,-0.006399621035736044
23404,-0.004297075552568622
23405,-0.003977759777735933
23406,-0.0054664822639982945
23407,-0.006618203803135162
23408,-0.007075864676821994
23409,-0.011482177521548356
23410,-0.009964123300105175
23411,-0.012924961908578303
23412,-0.009698731902925998
23413,0.0017304658250293726
23414,0.0006171286592361127
23415,-0.0022128141164185744
23416,-0.0012424839656494672
23417,-0.001031996501237958
23418,0.011387246852843712
23419,0.012013967683414648
23420,0.013313679764413703
23421,0.011025451098090378
23422,0.014298310506440752
23423,0.013348020833242574
23424,-0.009765716088302545
23425,-0.01240611622919363
23426,-0.009129642134475525
23427,-0.01736734386592319
23428,-0.013998123630012195
23429,-0.014271949567852453
23430,-0.012732929464917563
23431,-0.0075981326564256435
23432,-0.00986565632117708
23433,-0.008548635516268208
23434,-0.0028144216843498174
23435,-0.005260607118509163
23436,-0.002471991568903206
23437,0.0016548508576532755
23438,0.001657236148615739
23439,0.004283791861694153
23440,0.002110246001101165
23441,0.004953329705990351
23442,-0.0005516445323161121
23443,-0.003980331396971532
23444,-0.0033593207486814665
23445,-0.0025416680969740126
23446,-0.004100049513187564
23447,-0.0040607263162751855
23448,-0.002363068128621231
23449,-0.0006319905860754505
23450,-0.0024624915270037404
23451,-0.007837575146693587
23452,-0.01852129096650404
23453,-0.019339902279943522
23454,0.0004025197266844847
23455,0.008472817877935874
23456,0.005384653824270198
23457,0.00779690772272403
23458,0.005432197793620941
23459,0.005792662958301993
23460,0.002135357102691381
23461,-0.00724006318027816
23462,-0.006452448488341806
23463,-0.008576825821632071
23464,-0.016375053216602868
23465,-0.014615443614317478
23466,-0.015915923231430318
23467,-0.018232020860072914
23468,-0.01817137007344542
23469,-0.017118365633833975
23470,-0.012664904598015411
23471,-0.014346317565319115
23472,-0.01019772181885749
23473,-0.012354423593112868
23474,-0.012948028932465805
23475,-0.013986309253544897
23476,-0.012368739946924072
23477,-0.012548938979752592
23478,-0.020609807564644617
23479,-0.01957125381522912
23480,-0.020409617127880732
23481,-0.014769705906256899
23482,-0.009180880111463365
23483,-0.00849901253132248
23484,-0.010390830921428625
23485,-0.016245015789931087
23486,-0.015988673321177694
23487,-0.0099730795171757
23488,-0.010191360210636335
23489,-0.01121073821445093
23490,-0.009884787757332864
23491,-0.006147266432082145
23492,-0.006952950585372627
23493,-0.006249433448272186
23494,-0.002962519179127516
23495,-0.0029860805834886835
23496,-0.0008958827996691021
23497,0.000462990387423611
23498,0.0009598495832891461
23499,-0.003090759791223901
23500,-0.0006590682843389524
23501,0.0013854339485043835
23502,0.0007579627087032564
23503,-0.002282839249508871
23504,-0.002563630196271165
23505,-0.00013873213493795957
23506,0.001309359103021551
23507,0.00433379424008299
23508,0.011997904819796207
23509,0.010078086362523666
23510,0.011458518883826277
23511,0.010473809436828468
23512,0.012553772177613273
23513,0.011814101917746159
23514,0.01772977451513712
23515,0.01832172599916819
23516,0.016329105922373
23517,0.008792657662485692
23518,0.009372203091913415
23519,0.010014512251915728
23520,0.014365354280637132
23521,0.017726313523971037
23522,0.017849698760094377
23523,0.017116469826572573
23524,0.013309735455368078
23525,0.015672125310761918
23526,0.017285984766364542
23527,0.022480432906298895
23528,0.022580912039669214
23529,0.026142860846366314
23530,0.02054458697345344
23531,0.020585058600850515
23532,0.01844130121006593
23533,0.021047830034331267
23534,0.020276500127675436
23535,0.018782185260965614
23536,0.016605300567008117
23537,0.014557089726672863
23538,-0.00020215445529828027
23539,-0.001756890463887089
23540,-0.0015724776245050476
23541,0.00031984120481871317
23542,-3.6117276291411374e-05
23543,-0.00026166530443350294
23544,-0.0047608955059214005
23545,-0.002932491770950585
23546,-0.0010515467153553119
23547,-0.0035189518070395166
23548,-0.005193613197312414
23549,-0.00497944008807322
23550,-0.014812325261666726
23551,-0.013053877673854686
23552,-0.01316543159959203
23553,-0.013586434297680888
23554,-0.01323705324325166
23555,-0.015366245793549548
23556,-0.017840072023694694
23557,-0.02411579221819362
23558,-0.024521240253565054
23559,-0.028281998906179717
23560,-0.017030036170293472
23561,-0.014858011223512269
23562,-0.011054253167656044
23563,-0.012661854888097325
23564,-0.012103767762134815
23565,-0.010833275986228704
23566,-0.008067380048484988
23567,-0.00923911025716233
23568,-0.002371727979882657
23569,-0.0037353363930237213
23570,-0.0045910410703857134
23571,-0.0028042008508495364
23572,-0.0009801534224102343
23573,-0.0006954307633970152
23574,-0.0014422773980195408
23575,-0.0034173860168222017
23576,-0.004034590349569376
23577,-0.00302748013690848
23578,-0.0030727025887753055
23579,-0.001893383105826937
23580,0.009541687325249052
23581,0.009902683216563391
23582,0.010209268667862011
23583,0.012906594781984419
23584,0.01402296742978318
23585,0.014707130372351654
23586,0.016755640197594766
23587,0.014654280145648195
23588,0.013503143128181499
23589,0.013962270728837094
23590,-0.0011417927725043524
23591,-0.002961191334950469
23592,-0.004243147489691434
23593,-0.006831293909645056
23594,-0.006540658568431449
23595,-0.012693213761858523
23596,-0.013427131324446548
23597,-0.013870834210851205
23598,-0.00912245941529139
23599,-0.0033298551660730573
23600,-0.002066666393298108
23601,-0.005333932715108775
23602,-0.011582405939055511
23603,-0.01095001109788572
23604,-0.012718202448868834
23605,-0.01100314592466131
23606,-0.008279774161951439
23607,-0.005996580665671538
23608,-0.006818105126636511
23609,-0.007961021740175434
23610,-0.011026122440880273
23611,-0.012323353080503011
23612,-0.012065541442993393
23613,-0.005449425317169163
23614,-0.006518456126269614
23615,-0.005806386938208307
23616,-0.015887487391459072
23617,-0.00955112588766226
23618,-0.008465318781807256
23619,-0.01024431875629923
23620,-0.004645262113589886
23621,-0.005008469797684142
23622,-0.011938034623247655
23623,-0.005782066342096432
23624,-0.006190811073837092
23625,-0.00032696763610062454
23626,-0.00620174385785437
23627,-0.006434983687927534
23628,-0.010744623794164881
23629,-0.010095436449468148
23630,-0.009567560809101351
23631,-0.0067163201054112635
23632,-0.008742949210718578
23633,-0.00890612255008644
23634,-0.006019055261916743
23635,-0.008542979383616053
23636,-0.010843291157287415
23637,-0.012663011325935941
23638,-0.011877985634976102
23639,-0.011410845695501428
23640,-0.012448227054150761
23641,-0.010873064467345827
23642,-0.010696975649117958
23643,-0.015566687920784725
23644,-0.014822791142257985
23645,-0.016443992788221302
23646,-0.005834997356445565
23647,-0.01161875945537069
23648,-0.01185799541634568
23649,-0.01098536178095046
23650,-0.012093237683529549
23651,-0.009856608436654809
23652,-0.003314200827811807
23653,-0.006854672462334005
23654,-0.006468593427824197
23655,-0.0005600672906546746
23656,0.001993376930371359
23657,0.003383458646616484
23658,0.008355207886484436
23659,0.009716582144568288
23660,0.006029858884470167
23661,0.006223304078636831
23662,0.01785617039840707
23663,0.017844364365186473
23664,0.017780990285175213
23665,0.01830203054526479
23666,0.01815570962180844
23667,0.027481251044925832
23668,0.02926048236755667
23669,0.028549303848275833
23670,0.029924506011403423
23671,0.02965564335186808
23672,0.02901704264955248
23673,0.02072540710833724
23674,0.021210208696128975
23675,0.020761784988407205
23676,0.008608739496895569
23677,0.009242114511154082
23678,0.00881571211419559
23679,0.008550435514088768
23680,0.010959141387596502
23681,0.008218372890412712
23682,0.00414304437016213
23683,0.004835480392982427
23684,0.004920170653686124
23685,-0.0024156292926773306
23686,0.0012268676629190228
23687,-0.0009836621662668954
23688,-0.0032472190788705346
23689,-0.00648546935963692
23690,-0.004056982144919108
23691,-0.009398647667287843
23692,-0.014667827930620055
23693,-0.01459128527783931
23694,-0.016167269359817358
23695,-0.01460985753861224
23696,-0.015187012244024077
23697,-0.021495428393270646
23698,-0.023369687730216717
23699,-0.02359093776505593
23700,-0.025210593543509623
23701,-0.02811920086571442
23702,-0.027666022644211953
23703,-0.02431575398871327
23704,-0.020441993625445472
23705,-0.01467677719915898
23706,-0.008899234303936845
23707,-0.008412124296241079
23708,-0.007410445454660584
23709,-0.007728580607478403
23710,-0.008710719846540114
23711,-0.008730552723987758
23712,-0.006996587282500132
23713,-0.0062466967138443555
23714,-0.006897829678460269
23715,-0.004043981814949533
23716,-0.007125769431957498
23717,-0.00506867422092468
23718,-0.00696013645981821
23719,0.0015647107191550766
23720,0.002587607934069161
23721,0.00800292763975084
23722,0.011734472401231908
23723,0.010695675777501253
23724,0.013330863718906464
23725,0.011273327604787334
23726,0.011779450854605605
23727,0.012007693333305588
23728,0.011574498209377867
23729,0.012219433783203525
23730,0.00992607155473537
23731,0.007323147406177874
23732,0.011363883528238633
23733,0.017319660839747068
23734,0.01306461380628629
23735,0.007374362061976855
23736,0.008450991906451828
23737,0.00964887297160282
23738,0.009562039418886293
23739,0.011333375173296288
23740,0.009987051786912773
23741,0.00751206787416201
23742,0.010652034049659904
23743,0.009055671219891976
23744,0.009756778759589559
23745,0.01038697820077062
23746,0.010698915539962887
23747,0.010477652530184347
23748,0.010435694175614135
23749,0.0012580167953947438
23750,-0.0013106720505602026
23751,-0.004176688805914674
23752,-0.004207005184191824
23753,-0.0038615195002918885
23754,-0.007890242510606932
23755,-0.006971026186459331
23756,-0.007019378215710636
23757,-0.007875815574285157
23758,-0.006366012491498533
23759,-0.00608050182221022
23760,-0.0013988532173624878
23761,0.001726843794179171
23762,-0.0023812841611755182
23763,-0.006328624886558692
23764,-0.008182330083669823
23765,-0.008414847356804329
23766,-0.009763226162761188
23767,-0.01295410249033855
23768,-0.013747792964241997
23769,-0.012415150053527446
23770,-0.011536101295867102
23771,-0.009596762614637969
23772,-0.015106750212441877
23773,-0.012751626104547421
23774,-0.012482573183800616
23775,-0.014686585064728912
23776,-0.008387631971430312
23777,-0.009496124088022813
23778,-0.007979898550127002
23779,-0.005248266247756302
23780,-0.003220574339203246
23781,-0.002638048092781714
23782,-0.005075330354439706
23783,-0.004583956652630329
23784,-0.00205589600336426
23785,-0.001703358052953863
23786,-0.0022507988207398763
23787,-0.0008748406994348682
23788,-0.0036076340626232137
23789,-0.004047408185685608
23790,-0.006134420775584608
23791,-0.006692503497957887
23792,-0.007273416680841445
23793,-0.003688723316184631
23794,-0.007411123147738047
23795,-0.008490114098329622
23796,-0.005409577175366019
23797,-0.001926046145836588
23798,-0.0014500798676800864
23799,-0.031203663472514274
23800,-0.02682160221033918
23801,-0.026001079979829263
23802,-0.027122126444931536
23803,-0.030278406089663736
23804,-0.030558306784470923
23805,-0.025579086361897884
23806,-0.027960510214343526
23807,-0.02639574217957568
23808,-0.03476210696352699
23809,-0.043357234684484165
23810,-0.043945238994131865
23811,-0.04667928009761869
23812,-0.053491626189127825
23813,-0.053761489724222844
23814,-0.04848332010684707
23815,-0.05269856152881296
23816,-0.051670649164416216
23817,-0.061378313903527534
23818,-0.05227482245490983
23819,-0.05111406329494
23820,-0.04811430305416427
23821,-0.04776902122105937
23822,-0.047454036292632805
23823,-0.046466416834138394
23824,-0.040910801543589684
23825,-0.03951931928296378
23826,-0.024859900019967213
23827,-0.02531205249385215
23828,-0.028782474889787406
23829,-0.0008081452681850699
23830,-0.007330296797392922
23831,-0.00722193561321969
23832,-0.005404906119177454
23833,-0.0031047365984505546
23834,-0.0026973862155449603
23835,-0.012030877670819656
23836,-0.020018952312502513
23837,-0.018665777485994167
23838,-0.004271490194799569
23839,0.0023516571393530456
23840,0.002867748798595495
23841,0.0039329296640916505
23842,0.011137746461694298
23843,0.011483077265746844
23844,0.012161574221573662
23845,0.012492064166525084
23846,0.011818655849327113
23847,0.02305922111818204
23848,0.014367815191438713
23849,0.01264547412781248
23850,0.010871477445419608
23851,0.014057161312368244
23852,0.01409209877491647
23853,0.005943086913289006
23854,0.004675078610892563
23855,0.006519553364962934
23856,-0.01013242191092183
23857,-0.011226455063086182
23858,-0.007331935866541649
23859,-0.007199817628001053
23860,-0.006566569463989417
23861,-0.006974010773482873
23862,-0.009283288075966884
23863,-0.013487228160150784
23864,-0.015524491300392278
23865,-0.009559686682260643
23866,-0.0036368166176173953
23867,-0.0056964522144942655
23868,-0.011920647244431749
23869,-0.013183247949869968
23870,-0.013160351058082312
23871,-0.008830610138536567
23872,-0.009402378756358378
23873,-0.007023113056408848
23874,-0.0142511514675616
23875,-0.01688979542715913
23876,-0.01626281102792053
23877,-0.019445147452355822
23878,-0.017932761566810482
23879,-0.01784873670099737
23880,-0.015711722386535176
23881,-0.019352080468776945
23882,-0.021662477511906926
23883,-0.01681434026732535
23884,-0.015467063598217198
23885,-0.01717259897871751
23886,-0.015967509433319586
23887,-0.014869430082634699
23888,-0.01429744659476804
23889,-0.007370093731329996
23890,-0.007958936018858229
23891,-0.0070298094176381165
23892,-0.0014749276316917386
23893,0.0016006851595137287
23894,0.0031918646894803114
23895,0.002010615650136585
23896,-6.344995205308246e-05
23897,-0.000296084154182655
23898,-0.0030183046277022373
23899,-0.0021357579294827003
23900,-0.002228071318326695
23901,-0.005520018701122071
23902,-0.01145651554195045
23903,-0.013888612029591796
23904,-0.008861095738102594
23905,-0.005075769298736479
23906,-0.004736739186182285
23907,0.004080898684247411
23908,0.006278739017554701
23909,0.009782370270456633
23910,0.010883907598075972
23911,0.01470530959108565
23912,0.016377446150843803
23913,0.01596781263560483
23914,0.014980874842538947
23915,0.015453401911563108
23916,0.012275929435355715
23917,0.010409151549421913
23918,0.00659784499509747
23919,-0.0017047980340347071
23920,-0.0005017953399897039
23921,-0.0010796074699595893
23922,-0.0020990129025354903
23923,0.00038322593852894
23924,-0.00013511965891179454
23925,0.004233305500580425
23926,0.006208487266537054
23927,0.007595072100799855
23928,0.00486027912811662
23929,0.003756950735402775
23930,0.004640618849626136
23931,0.022523172262734734
23932,0.03448801921145968
23933,0.03480231520597593
23934,0.023483920625557694
23935,0.01966274942818835
23936,0.022459550354856823
23937,0.01435581223946402
23938,0.010609975922085296
23939,0.007448022322250751
23940,-0.00030887887203393156
23941,0.00020120313282566925
23942,0.00053670531688227
23943,-0.00416646405278767
23944,-0.003864735798049744
23945,-0.005230985043785963
23946,-0.0006705648755195007
23947,-0.0016116782868526949
23948,0.0011354521365413714
23949,0.0026761722169044125
23950,0.001092249778205191
23951,0.0008057362923253695
23952,-0.0016096068839917535
23953,-0.002790425766875668
23954,-0.003540738308697389
23955,-0.0041734828059161256
23956,-0.00412826095803357
23957,-0.005933105362205059
23958,-0.000621099208270102
23959,0.0020422862351845627
23960,0.0007742380566437517
23961,-0.01861751905531257
23962,-0.02396177108264888
23963,-0.024755128639495045
23964,-0.005812273623958334
23965,-0.00037808516878941193
23966,-0.0031600161871790295
23967,-0.003992593253366216
23968,-0.0040501484662610375
23969,-0.007351815216231185
23970,-0.004679906029621139
23971,-0.003921743393199348
23972,-0.0045327736185394995
23973,-0.0023497870262519376
23974,-0.0009379361543248046
23975,0.0008995855547632595
23976,-0.0005241817320955215
23977,-0.002066328264365222
23978,-0.0023699607937031483
23979,-0.00486338455262571
23980,-0.0038261976345212007
23981,-0.004077278416656894
23982,-0.007501591071093781
23983,-0.010587303806880888
23984,-0.009146861881571308
23985,-0.006973090900915829
23986,-0.009112710879415809
23987,-0.008827722646143565
23988,-0.008918781251883582
23989,-0.014016039812828195
23990,-0.01446904881731247
23991,-0.009276787612828243
23992,-0.010366195279749295
23993,-0.009624090836394525
23994,-0.016861562422043327
23995,-0.011813285279990962
23996,-0.010424753552711904
23997,-0.004833870188985159
23998,-0.0004724148255637563
23999,0.0033520632516509
24000,0.00679604660520247
24001,0.001659446010370015
24002,0.0027785646300787547
24003,0.004217132275231259
24004,0.0039662823918256585
24005,0.00190437336306412
24006,-0.0018553626392028507
24007,0.004631686282448521
24008,0.00470899480819962
24009,0.00735015975542298
24010,0.015699923169588334
24011,0.015586626864173956
24012,0.026124564963825057
24013,0.028748440866759494
24014,0.028525233240137435
24015,0.02529065974061911
24016,0.027830377119176308
24017,0.02936712401783544
24018,0.026005144560382044
24019,0.030495128575731695
24020,0.031787319601900545
24021,0.02960662735300372
24022,0.028333236924148655
24023,0.02871231027346163
24024,0.026021579239151323
24025,0.02086236452242264
24026,0.019376599369132535
24027,0.011244338593230782
24028,0.009990034514079205
24029,0.009644898037785728
24030,0.0029229591912547756
24031,0.00453179936629243
24032,0.002388228162301459
24033,0.0016233297538740938
24034,0.001006824237919861
24035,0.002761143809184793
24036,0.0071371373119360326
24037,0.002722478248160548
24038,0.004145108339826173
24039,6.004477535779725e-05
24040,-0.010783191800083221
24041,-0.011364131077468073
24042,-0.015754389761383426
24043,-0.014098540725890613
24044,-0.014324055950116639
24045,-0.017349670131775585
24046,-0.019455223124027348
24047,-0.01997742677473422
24048,-0.013124179393269288
24049,-0.014660480322864109
24050,-0.014493825993032906
24051,-0.015758854013164396
24052,-0.015460308111866475
24053,-0.016451458015189893
24054,-0.01659887773937631
24055,-0.016311814767247128
24056,-0.016531062649822636
24057,-0.01198833254704498
24058,-0.011758766078733506
24059,-0.01461186287484867
24060,-0.009984782682507479
24061,-0.008476159450608946
24062,-0.006620189334754599
24063,-0.0033594864346671296
24064,-0.0011934514006615952
24065,-0.0012675029478975205
24066,-0.0047737056687521566
24067,-0.0018920322833240531
24068,-0.0043838483082551255
24069,-0.0028760653807900893
24070,0.0015009571682794648
24071,0.0024859610347467962
24072,0.0009915680798151974
24073,0.0015131545312962594
24074,0.0016054407260620142
24075,0.0007484104859862285
24076,0.0019216514707724507
24077,-0.0010726631712732202
24078,-0.003651762409503397
24079,-0.004953719168964276
24080,-0.0061352063268050264
24081,-0.007869744652831351
24082,-0.008416023038847498
24083,-0.008318184941561585
24084,-0.01572305850975871
24085,-0.02301997205976423
24086,-0.02062964021094052
24087,-0.02204031051049215
24088,-0.023538334085192597
24089,-0.02034978197554175
24090,-0.022118662510421338
24091,-0.024258769341444976
24092,-0.024432267944991457
24093,-0.03195661577952361
24094,-0.03531968250044874
24095,-0.035243994377298776
24096,-0.03301561307110168
24097,-0.033020307139346186
24098,-0.03174045644308901
24099,-0.03024164362089795
24100,-0.03296191176658419
24101,-0.032665086367630936
24102,-0.0314734863068277
24103,-0.03613509043110487
24104,-0.037828169126326756
24105,-0.03557655303783968
24106,-0.032379702359889864
24107,-0.03033972881091005
24108,-0.03484762966463629
24109,-0.03485367531763524
24110,-0.03432731207576341
24111,-0.02423288570917455
24112,-0.020866617002237398
24113,-0.02577426088840786
24114,-0.012537385347638144
24115,-0.0065248677978395914
24116,-0.008922415399152001
24117,-0.013149524489431687
24118,-0.011864121990887171
24119,-0.011934099854711661
24120,-0.018894357581958385
24121,-0.014657777207531378
24122,-0.015261615148235236
24123,-0.009278495908331744
24124,-0.008384862248001872
24125,-0.00952456018157346
24126,-0.01869325153768991
24127,-0.01881627749382348
24128,-0.014242034581877087
24129,-0.01724230564443095
24130,-0.01594181983114963
24131,-0.01672802831997032
24132,-0.007596891533539208
24133,-0.0042526875990997704
24134,-0.0023359270103692513
24135,-0.004881250919579897
24136,-0.010642441855782024
24137,-0.007812182646199547
24138,-0.003653787900363231
24139,0.004535496146548009
24140,0.005555027164871728
24141,-0.004146742487291504
24142,-0.00632213293200969
24143,-0.001223007674268055
24144,-0.00928800222400993
24145,-0.012968020036723716
24146,-0.016961477507445345
24147,-0.01060288636461246
24148,-0.006837204199766264
24149,-0.0074024714468959585
24150,0.0027768949342547207
24151,0.0067811729890671826
24152,0.00691309442579703
24153,0.004395398434518238
24154,0.007700395472211529
24155,0.004785663407474172
24156,0.015426878386534903
24157,0.012645895601935915
24158,0.007845326882101194
24159,0.013028158985638819
24160,0.008451617127144087
24161,0.007796875747180068
24162,0.0017395323744860112
24163,0.0035891486871408485
24164,0.0034799894929027696
24165,0.007857084829479938
24166,0.008079985045628468
24167,0.005936138342014296
24168,-0.0012209881331257148
24169,-0.005729208725116229
24170,-0.006380122837702033
24171,-0.0006519408911240358
24172,0.002750440931376449
24173,0.0020405184030224816
24174,0.0007527151046234676
24175,0.0063541601891694485
24176,0.009909236428203246
24177,0.010111666378333937
24178,0.008764047134043416
24179,0.008953696181965828
24180,0.009049742961374103
24181,-0.0016228256019078572
24182,0.0009767115147012483
24183,0.0035871303667324656
24184,0.001270156036237043
24185,0.004658781133294175
24186,-0.0002896178303846669
24187,-8.084714876389866e-06
24188,7.988331214965138e-05
24189,-0.0011711145753351756
24190,0.004168644083752058
24191,0.002282779283777963
24192,-0.0002864482747000117
24193,-0.004348966950694784
24194,-0.0047150284016634425
24195,-0.01302035221982442
24196,-0.00909582827892881
24197,-0.00915836283241584
24198,-0.004356246310849633
24199,0.0014157840757103935
24200,0.0023398447424319655
24201,-0.001937349534893635
24202,-0.004639913714451491
24203,-0.004250391266638032
24204,-0.00449476183137101
24205,0.00032286784288048824
24206,0.002041700139371602
24207,0.0011594510122252082
24208,-0.0022618313781035152
24209,-0.0021683995935658854
24210,-0.003691489853702198
24211,0.0002929314575837845
24212,-0.0017868536966902811
24213,-0.004756201639787727
24214,-0.005531344284277641
24215,-0.005509785467796118
24216,-0.0020679600864001646
24217,-0.002289933155037022
24218,-0.0013368875872865724
24219,-0.000586890914643883
24220,-0.00019266452451300602
24221,0.0030262891236148425
24222,0.00453554208041777
24223,0.0061864871619274125
24224,0.007089812846474636
24225,0.010234402410077703
24226,0.00925071943700855
24227,0.01173200639216363
24228,0.01395459741956564
24229,0.006842149143993288
24230,0.005724455980583201
24231,0.008597132710430793
24232,0.006609877788917079
24233,0.006831017236664317
24234,0.009079549157907322
24235,0.0011623371709217946
24236,0.00023579649147741625
24237,0.0007588384832784769
24238,0.0020552081789989595
24239,0.0016747775085997681
24240,0.0017371800368389588
24241,0.0022493382783122717
24242,0.0026776681637465105
24243,0.010262176981745289
24244,0.011419908750723509
24245,0.007138279041581811
24246,0.007295740779996558
24247,0.009903573538911763
24248,0.008976974038922593
24249,0.009049060390735006
24250,0.009340856888631337
24251,0.009479172458740002
24252,0.003144701777663226
24253,0.004408523381753841
24254,0.0032247809683112402
24255,0.007579366041762765
24256,0.006005096094458543
24257,0.00316965330044137
24258,0.004358580024237875
24259,0.006859771323771529
24260,0.006720928696083843
24261,-0.0026314816154892197
24262,0.0022563598425283434
24263,0.0004623641986406639
24264,0.0014414098483875846
24265,0.0015224638523859987
24266,0.0012055079409162813
24267,-0.003411377558573558
24268,-0.005286775009261136
24269,-0.0053552250982838116
24270,-0.006876815542053753
24271,-0.004443578700908989
24272,-0.005145348958639569
24273,-0.010121140783167826
24274,-0.009143764075725602
24275,-0.004495859761300169
24276,-0.008047415072734222
24277,-0.007732123376329482
24278,-0.007957071035304924
24279,-0.007339742695146638
24280,-0.010178893019757431
24281,-0.013266060980647781
24282,-0.004491581822281431
24283,-0.00350729238055899
24284,-0.0025858012963073354
24285,-0.0014040823976528235
24286,0.002000453393289143
24287,0.0026132781898230437
24288,0.0017416394889650736
24289,-0.0004668961359304042
24290,-0.0019111956689809916
24291,0.006651525768495157
24292,0.0038125533694801706
24293,0.005765126411853674
24294,0.012935027148462116
24295,0.014261924367967162
24296,0.014831859468905613
24297,0.011233587815905293
24298,0.01155010236604482
24299,0.013200012569280821
24300,0.014811548153651866
24301,0.008223281679927126
24302,0.008982538779206784
24303,0.008202584243914615
24304,0.006152418840947348
24305,0.005832127785976066
24306,0.009960545847758975
24307,0.007726713442695888
24308,0.010590569165449133
24309,0.010748111340039545
24310,0.015349300221555003
24311,0.01805657202295854
24312,0.019070341067082202
24313,0.011792604089688342
24314,0.012095778979121398
24315,0.012267241387621886
24316,0.012978269034303293
24317,0.011824568384032204
24318,0.019052363903224456
24319,0.022231627827457752
24320,0.02415219539607201
24321,0.022148046589700657
24322,0.021319858386271963
24323,0.021651323268063846
24324,0.010400107524865846
24325,0.010550568122191486
24326,0.012423335453258882
24327,0.02351086092770329
24328,0.027414806742468083
24329,0.02605064908406915
24330,0.02776028741805252
24331,0.03159815169866888
24332,0.03070716395923215
24333,0.030650332560612517
24334,0.031041126259879787
24335,0.030760598047701853
24336,0.02923640524634453
24337,0.028119723960840948
24338,0.025395449371084056
24339,0.023709615170009777
24340,0.024048840332159652
24341,0.02365054524599752
24342,0.012058078906526172
24343,0.016046349254077427
24344,0.015237645896249243
24345,0.010938470823812605
24346,0.010235926786992618
24347,0.010707081516867684
24348,0.0023348203372874484
24349,-0.0020642856963886728
24350,-0.002431860155357146
24351,-0.0005493816713989822
24352,0.00025955974529288543
24353,0.001753293929666414
24354,0.004265529527565342
24355,0.004383923578560546
24356,0.002389947966126915
24357,0.0016550431130445166
24358,-0.004696131821987567
24359,-0.0046729394241090275
24360,-0.008960409789159183
24361,-0.010840894154913475
24362,-0.009646704697352971
24363,-0.005683246197068057
24364,-0.006752518035757794
24365,-0.006279528177884709
24366,0.004289725846416248
24367,0.005408498685807271
24368,0.005678217287030981
24369,0.0068083072780826745
24370,0.008868739296912495
24371,0.009171826227667212
24372,0.018705420022957303
24373,0.02212772093941878
24374,0.023479091178485744
24375,0.02603196696650495
24376,0.027450233749266875
24377,0.027572885607829608
24378,0.028440649668961926
24379,0.028450095895497005
24380,0.02873921910397377
24381,0.027860463759917718
24382,0.026466656951371823
24383,0.024611408690428598
24384,0.02086818305080919
24385,0.0247597032031427
24386,0.024150041433894643
24387,0.0195645435142757
24388,0.02383971277635529
24389,0.023203268256442554
24390,0.025934299356987378
24391,0.02896686824217563
24392,0.027960091507920736
24393,0.023025279537711153
24394,0.024597138521189065
24395,0.02440045028481065
24396,0.01736608933799921
24397,0.014757030968836123
24398,0.01129138306016257
24399,0.010309844455744009
24400,0.006521661331444448
24401,0.0065561274872858
24402,-0.0012968505322100208
24403,-0.0031137006817201184
24404,-0.003940451719585395
24405,-0.0014872735420188975
24406,-0.007889271626844985
24407,-0.005739568052308745
24408,-0.008566083260232213
24409,-0.006755406201717452
24410,-0.006503894341013749
24411,0.0038420272139018455
24412,0.0035428858948932463
24413,0.0034847695538871445
24414,0.006495167656611047
24415,0.004656491280314971
24416,0.0020194792287814975
24417,0.00647965291619592
24418,0.007006360857092013
24419,0.008019318084114515
24420,0.0171560973552837
24421,0.017384944455102466
24422,0.017615866482567993
24423,0.019456183376042043
24424,0.017479975098060534
24425,0.01162863226590778
24426,0.008824852433719175
24427,0.012572388542681966
24428,0.016961769406991865
24429,0.03206666914371878
24430,0.035025383978070736
24431,0.036740988280741
24432,0.04746256128162303
24433,0.04517122694465732
24434,0.04795879885991231
24435,0.04070850498422379
24436,0.043287980626409914
24437,0.04162035454262523
24438,0.042252659448551375
24439,0.043613820106587445
24440,0.04337129787368667
24441,0.03405417512143111
24442,0.038037664668836846
24443,0.035781079497077824
24444,0.05074496592956858
24445,0.05812808721297729
24446,0.061882277400134446
24447,0.04921312240416169
24448,0.05365223836680566
24449,0.05266263603972999
24450,0.03591739036264966
24451,0.024738443126912823
24452,0.027615809344850747
24453,0.02499935509918576
24454,0.034128552302789335
24455,0.0395613828288874
24456,0.036796260669679184
24457,0.03441782679634368
24458,0.033236993783457895
24459,0.019676071248139776
24460,0.019752656465766995
24461,0.019114823791594772
24462,0.016569938870698398
24463,0.018745716929989626
24464,0.015481270166847116
24465,0.024169129117240815
24466,0.02362530483836873
24467,0.023750082790594925
24468,0.02529895914050557
24469,0.024850533510286914
24470,0.026776958385062624
24471,0.02361306386160263
24472,0.028014968671653498
24473,0.030984021183265015
24474,0.00853239747085088
24475,-0.02213528110078471
24476,-0.019991222944957733
24477,-0.008739034528188866
24478,-0.010848965796290164
24479,-0.016625450988714884
24480,-0.013945206869802995
24481,-0.004489764991652146
24482,-0.008011223472905135
24483,-0.0011872327848320532
24484,-0.006897090836493824
24485,-0.006270439183688661
24486,-0.001680908466151439
24487,0.009327386383190351
24488,0.01660771821128958
24489,0.019657922387826238
24490,0.016758139557846056
24491,0.016773828115705228
24492,0.02111852289483503
24493,0.024887185738925077
24494,0.025659650702935667
24495,0.012021698878875973
24496,0.015602818517991075
24497,0.012754876851993334
24498,0.006927320813579644
24499,0.000495811883341184
24500,-0.00051811510470392
24501,-0.00724241548984005
24502,-0.016219193610511877
24503,-0.016724498993099104
24504,-0.01380298848102122
24505,0.008615063346054065
24506,0.0037451975341696066
24507,-0.0022048239957857415
24508,-0.011727512192364882
24509,-0.005474917015611702
24510,0.004234287435124099
24511,0.005591159467649766
24512,0.006398155486706494
24513,0.004158056542185731
24514,-0.0013987131254011278
24515,-0.005849197095881889
24516,-0.003811703984429559
24517,-0.01577315189220516
24518,-0.02259665231374731
24519,-0.027772316794997427
24520,-0.03445279816701117
24521,-0.035834107684685555
24522,-0.04173932005771674
24523,-0.044352458170585814
24524,-0.0468573644455104
24525,-0.03215969098960283
24526,-0.033357833869370995
24527,-0.030093414109386138
24528,-0.017895867059273266
24529,-0.01602435911607766
24530,-0.018318709864351072
24531,-0.010786559617598727
24532,-0.007534873422820582
24533,-0.005081157088406831
24534,0.0030374236488625445
24535,0.009637630909938083
24536,0.010572529945324578
24537,0.010539001075533837
24538,0.013787658618657512
24539,0.01400161398321572
24540,0.01143397992347277
24541,0.011144692214671497
24542,0.012820449132129276
24543,0.009563435040447009
24544,0.011656640724927073
24545,0.01609399652080561
24546,0.011078675660248087
24547,0.014500800502534432
24548,0.01421883994823087
24549,0.013940214343930403
24550,0.020548480095795334
24551,0.024635002197756543
24552,0.01638407259375376
24553,0.015278830018480028
24554,0.017231999403927323
24555,0.0018950688570069183
24556,0.0022163853111436507
24557,0.000850952469606376
24558,-0.006753088826115087
24559,-0.00032243248905626726
24560,-0.0003129767891620354
24561,6.34422786361776e-05
24562,0.001294741434237179
24563,-0.0014902161599902551
24564,-0.005048205654199667
24565,-0.012647025863612684
24566,-0.011642056419263276
24567,-0.0013921116381287102
24568,0.0034093417242766592
24569,0.0013320357058843283
24570,0.00014447946567505238
24571,0.000786119442756863
24572,-0.0008263165669547328
24573,-0.0017181574416013485
24574,0.003162702643676425
24575,0.003112148268594149
24576,0.005969556335567528
24577,0.007333450832426902
24578,0.009104470516207028
24579,0.011886038020226489
24580,0.009575053036124305
24581,0.0057310439200930876
24582,0.009559505566879537
24583,0.01036560613311924
24584,0.010306012145613757
24585,0.01801687213430877
24586,0.012976825614385585
24587,0.016798090947883842
24588,0.015249648744045798
24589,0.006786693049470018
24590,0.008282888636584216
24591,0.005943316604539059
24592,0.0033461104163945298
24593,0.0033667420957698866
24594,0.00521027831202298
24595,0.0049863567008959055
24596,-0.0015008822180412004
24597,-0.004993780650123895
24598,-0.006197342944276953
24599,-0.004129596321142686
24600,-0.007838688095946048
24601,-0.009691707814069365
24602,-0.009837660837626175
24603,-0.009285333585010849
24604,-0.013902162821733705
24605,-0.013936530705583917
24606,-0.011309354293086847
24607,-0.011110023971429961
24608,-0.012888710270032064
24609,-0.012515839521158029
24610,-0.010150038429062438
24611,-0.009647245219892962
24612,-0.010138348128985081
24613,-0.015503646334985317
24614,-0.018096445327739047
24615,-0.0179976974969275
24616,-0.013498376344591898
24617,-0.0172120742824778
24618,-0.010852964103487333
24619,-0.007673618963127852
24620,-0.007886078191649595
24621,-0.004850073191379503
24622,-0.007804320845916214
24623,-0.005925598142046847
24624,-0.009470931846557047
24625,-0.007054425257613393
24626,-0.0008255395815177012
24627,-0.011160803563843268
24628,-0.016922966107700284
24629,-0.016824820955620618
24630,-0.01747344771241823
24631,-0.015460484300392404
24632,-0.011441941225137838
24633,-0.0064335066000716585
24634,-0.006486885972643459
24635,-0.00584877002773295
24636,-0.007715705199128661
24637,-0.009026694793303204
24638,-0.009030998220399822
24639,-0.01778673350927167
24640,-0.021126331617014063
24641,-0.017973128765851998
24642,-0.01639710122830593
24643,-0.01553512470692167
24644,-0.012889927409371572
24645,-0.018441004557482144
24646,-0.017909006727726745
24647,-0.01770054219379962
24648,-0.022555410729030233
24649,-0.02045663840091249
24650,-0.02069261569554076
24651,-0.019445198858741457
24652,-0.01686801834618893
24653,-0.01805298056244574
24654,-0.00909164542934988
24655,-0.005565558147565656
24656,-0.005232932644170243
24657,-0.0032328903338645167
24658,0.008138302795292672
24659,0.004750342328940023
24660,0.004977556302276433
24661,0.0024966108115777362
24662,-0.0015829767751405935
24663,-0.0052925412079994705
24664,-0.0034202326878166093
24665,-0.0039038579978280205
24666,-0.006492041255723433
24667,-0.008927145098997367
24668,-0.008444310398448432
24669,-0.0037013900473601845
24670,-0.002942944740375277
24671,-0.006771501688592992
24672,-0.008885304842928973
24673,-0.005277499749997644
24674,-0.004469599422021249
24675,-0.0009100439341853436
24676,-0.00243063717012944
24677,0.0009755085963344064
24678,-0.0018634620887665449
24679,-0.0021928372486453925
24680,-0.001827089806700895
24681,-0.004905733203403339
24682,-0.0046905676444990085
24683,-0.005223123520795114
24684,-0.009664911815157752
24685,-0.009481327409419706
24686,-0.01165153046442534
24687,-0.0015876250550929966
24688,-0.0053352463167174475
24689,-0.002684653698859428
24690,-0.003754052804960698
24691,-0.006842450790431768
24692,-0.00643265523201694
24693,-0.00781236833149374
24694,-0.006992585109475576
24695,-0.007883261493934327
24696,-0.006178699353178048
24697,-0.006785001469653982
24698,-0.007832947663754607
24699,-0.012038435116248882
24700,-0.012091227158811162
24701,-0.01201536591885819
24702,-0.0122365333811687
24703,-0.01565815937201488
24704,-0.01718852305538226
24705,-0.01249632676390819
24706,-0.010821024113548074
24707,-0.014766903846795085
24708,-0.010400162150333377
24709,-0.013757173321312825
24710,-0.013712860690895508
24711,-0.010682586542927806
24712,-0.008954138108075296
24713,-0.007149140588087685
24714,-0.010307693687928159
24715,-0.016524968245824355
24716,-0.014983328497340145
24717,-0.013707623699399993
24718,-0.01732339880588059
24719,-0.01676809190810965
24720,-0.02043708021541374
24721,-0.01754631264452488
24722,-0.019498738951889315
24723,-0.014292010700755184
24724,-0.016230001006613225
24725,-0.015470961546428503
24726,-0.01944049256032401
24727,-0.017548093775590756
24728,-0.017296171981998384
24729,-0.005996103163985692
24730,-0.0014397306085343771
24731,0.0031339735311210854
24732,0.0035804289625246135
24733,0.005409291106778632
24734,0.0068334711151224
24735,0.005426324439408521
24736,0.0015662648056253003
24737,0.0021212358336282155
24738,-0.001363641169638026
24739,0.004607258561435728
24740,0.008358296175752157
24741,0.011818344905324003
24742,0.011222962471812639
24743,0.009589365388355961
24744,0.009182816922006754
24745,0.011355476401361543
24746,0.01190191103281392
24747,0.003966555443493474
24748,0.00741456765364008
24749,0.008415951114154795
24750,0.015107172780623986
24751,0.017626222344151322
24752,0.019492216064306005
24753,0.013966233857324054
24754,0.016294023819232745
24755,0.016651020606481905
24756,0.02333462408716595
24757,0.026373251978381078
24758,0.020865184625352896
24759,0.016784496628348054
24760,0.011430819651586531
24761,0.0073404635779074105
24762,0.003233140503109025
24763,0.006102108127041087
24764,0.005740327829335884
24765,0.009419600838957149
24766,0.012668472630365869
24767,0.013164463996932049
24768,0.014613365051890028
24769,0.010758290693184045
24770,0.0075210118512822124
24771,0.0013242221428240667
24772,0.003700862528893889
24773,0.003960256445871547
24774,0.004310396451079032
24775,0.002046564121038154
24776,0.0001065104194714711
24777,0.0037324723899508122
24778,0.00021784155179677876
24779,-0.001632545597992602
24780,-0.00409442655655926
24781,-0.007275619547971903
24782,-0.007314557507499151
24783,-0.003921120800694549
24784,-0.0024497180768879526
24785,0.0044784776987294595
24786,-0.0033109686028839273
24787,-0.0020576460410949124
24788,0.0034424590982953026
24789,0.001914434670920261
24790,0.0002802771556842213
24791,0.0003049890126516493
24792,0.010217087984364827
24793,0.007438463700189279
24794,0.011675775821029685
24795,0.007075507576171102
24796,0.004854511981497609
24797,0.00507327820543607
24798,0.019082309173181475
24799,0.020558357528269046
24800,0.02056217581180938
24801,0.018138961861838384
24802,0.013466421149843687
24803,0.013120120344383373
24804,0.016439848453951262
24805,0.01800075066579035
24806,0.01972715893970005
24807,0.012322278842526086
24808,0.01353938428500494
24809,0.014546209105418631
24810,0.013699007618680167
24811,0.015672504102690995
24812,0.016099295371123
24813,0.015740538689516723
24814,0.013898307412858583
24815,0.007056837706665543
24816,0.011117656859944773
24817,0.007241068434841124
24818,0.007360372072279356
24819,0.006621394406964884
24820,0.00353776815395271
24821,0.001611720870073208
24822,-0.0017305355599063202
24823,4.460815306190093e-05
24824,-0.004170784195677367
24825,-0.004120224910789195
24826,-0.005352111340978253
24827,-0.006080652582101248
24828,-0.01619870031234163
24829,-0.01467669505430387
24830,-0.01488852607099903
24831,-0.010590119837573232
24832,-0.008241430691693977
24833,-0.006299634843785156
24834,-0.004210454069093689
24835,-0.005186676960043549
24836,-0.005042692291331523
24837,0.00200591247345546
24838,-0.0010266713475569084
24839,-0.0018466540373527705
24840,0.0007502130380467085
24841,-0.00027209583439575407
24842,-0.0007633065448522798
24843,-0.007189709670936013
24844,-0.008333527220764497
24845,-0.008791541327986069
24846,-0.008395604188650515
24847,-0.01284897982249534
24848,-0.013645586827939031
24849,-0.013786253956564935
24850,-0.006213257144281401
24851,-0.004238191284908912
24852,-0.0022724939251856572
24853,-0.003685658583236954
24854,-0.004008042253650986
24855,-0.002405750007212177
24856,0.00012567767666648764
24857,0.00041137185513510574
24858,0.0005510479129170659
24859,-0.0009023682119425356
24860,-0.0008104278412083023
24861,-0.0017177129252636512
24862,-0.0046512316525375045
24863,-0.006179095046882539
24864,-0.011389342494998527
24865,-0.0071806202860041045
24866,-0.006141814285453108
24867,-0.00899132119012071
24868,-0.0059090584514644275
24869,-0.005368334092139841
24870,-0.010287249945451798
24871,-0.009953683887365368
24872,-0.010006717978325383
24873,-0.008977344405114433
24874,-0.006229906938964571
24875,-0.008191519343751908
24876,-0.00824115413548901
24877,-0.007732809444314065
24878,-0.007430953522144799
24879,-0.007357904119768755
24880,-0.011463681819905388
24881,-0.011819345023611193
24882,-0.012302877601490715
24883,-0.01298334213833093
24884,-0.012100579799543779
24885,-0.011977859875406687
24886,-0.01706262071134147
24887,-0.01748072989818777
24888,-0.01854489934276246
24889,-0.020502556097630544
24890,-0.020615403074580103
24891,-0.024253261030613586
24892,-0.026209131621895507
24893,-0.028170618233420895
24894,-0.02650499098872019
24895,-0.03131849938006254
24896,-0.03249763548914217
24897,-0.02687721848774938
24898,-0.027037335619268327
24899,-0.02952519595002962
24900,-0.0213539757087339
24901,-0.019415475431225647
24902,-0.019148353827136543
24903,-0.010751251766790532
24904,-0.014102698967894036
24905,-0.012191587217937018
24906,-0.01520785009323686
24907,-0.011920830684059532
24908,-0.010969642027593289
24909,-0.008824467359498463
24910,-0.006967336156753649
24911,-0.006227328768095772
24912,-0.008168083681861801
24913,-0.006512803190690009
24914,-0.006864561147726393
24915,-0.015606372177019672
24916,-0.011621615562701066
24917,-0.013432298916306354
24918,-0.011494660132725935
24919,-0.009430476962349643
24920,-0.009627374396545464
24921,-0.007791381826093785
24922,-0.006324997456742389
24923,-0.00472058378936768
24924,-0.008344889451485598
24925,-0.009531190744299861
24926,-0.00905757715790536
24927,-0.013516082444593848
24928,-0.01043100820978188
24929,-0.007817073864557492
24930,-0.012161906349937444
24931,-0.015481243048279003
24932,-0.014829481931717268
24933,-0.01806929059285103
24934,-0.02075885319635359
24935,-0.02505544164774158
24936,-0.022105925530482996
24937,-0.02245669777914561
24938,-0.022305744753038034
24939,-0.027659736718899822
24940,-0.027187094144734632
24941,-0.027912061320442192
24942,-0.02213560696851892
24943,-0.02080397305114182
24944,-0.025806294544768498
24945,-0.013693708937111436
24946,-0.012548137104773021
24947,-0.010369200807271545
24948,-0.012131358976283563
24949,-0.012517403995930017
24950,-0.012636821587222187
24951,-0.008903293912054517
24952,-0.007898465777363016
24953,-0.011194425630441623
24954,-0.008025312619304932
24955,-0.005729977887336901
24956,-0.007445540118065437
24957,0.00038726695932348533
24958,-0.004190858231904242
24959,-0.0038190978321656086
24960,-0.0022856934782287163
24961,-0.0045953475156278135
24962,-0.005290322899143904
24963,-0.006875505495193274
24964,-0.0031623636625346565
24965,0.0006401752071553482
24966,-0.000801008189050353
24967,0.0012891825636813187
24968,0.000596089318247445
24969,0.006302293884993939
24970,0.00899192852479853
24971,0.01231588869103577
24972,0.008282898295126045
24973,0.0008212656194339299
24974,0.00656499709485761
24975,0.004299965814090885
24976,0.0018549691040243635
24977,0.0018952997435479483
24978,0.004020050946074998
24979,0.005408239774702753
24980,0.005119918031693801
24981,0.003627658583576159
24982,0.006907107171256287
24983,0.010371588743202351
24984,0.008432479185593589
24985,0.010146889250287046
24986,0.011336420644120219
24987,0.001971143083653148
24988,0.007927846933856958
24989,0.008618486001033687
24990,0.007695816973046721
24991,0.011118037109353817
24992,0.010991151617343958
24993,0.012481025729870853
24994,0.013470571959758737
24995,0.013629276471352243
24996,0.012242736482179325
24997,0.008502186054488632
24998,0.011458172124611199
24999,0.01002486499376514
25000,0.008001712948502429
25001,0.0049091144996663855
25002,0.012958910590527143
25003,0.01689480896550781
25004,0.016059655469059388
25005,0.013274182927251849
25006,0.014738227527448461
25007,0.015280566089176289
25008,0.012481664370176284
25009,0.017726114050522282
25010,0.018600067691584326
25011,0.021374939721590776
25012,0.01849439333016333
25013,0.01818715039357791
25014,0.017936439424254352
25015,0.014950952444056793
25016,0.017911772865994578
25017,0.01957760730545135
25018,0.01663430844161134
25019,0.014790625434352828
25020,0.02143295395705488
25021,0.021277503272683067
25022,0.02139355076243353
25023,0.020235767590879885
25024,0.01935864603460298
25025,0.020217458609601464
25026,0.02471740152867511
25027,0.031194575145820178
25028,0.028356103650389132
25029,0.02884522567400312
25030,0.02954374214380718
25031,0.030180166748080415
25032,0.017826476523274584
25033,0.022459830001194142
25034,0.020046524356869204
25035,0.015079867286906603
25036,0.013389566684029696
25037,0.012909655602148509
25038,0.01094095441706258
25039,0.006366732135102369
25040,0.005304324726931222
25041,0.0043322348034434835
25042,0.006525756735163544
25043,0.0015665013523654813
25044,0.0027290149389623576
25045,0.005325623997403296
25046,0.0024170170599430597
25047,-0.0039806524311126615
25048,-0.0037242839507441693
25049,-0.0034129899218834124
25050,-0.004709881345486347
25051,-0.010040764596847516
25052,-0.00987165022342853
25053,-0.009221228633509328
25054,-0.009742283814240445
25055,-0.009587210322506314
25056,-0.012010979411205708
25057,-0.01450643148537363
25058,-0.014635016421968053
25059,-0.017565022105304768
25060,-0.018947106293517025
25061,-0.02128312899774854
25062,-0.01981073469849879
25063,-0.023731634741394923
25064,-0.02200702116650534
25065,-0.021693478267409996
25066,-0.021103249006105704
25067,-0.02133254684297217
25068,-0.01962023922219142
25069,-0.022581484441484004
25070,-0.019750109145340068
25071,-0.021075396157453106
25072,-0.023870110094915964
25073,-0.018016011684365153
25074,-0.014998051906637722
25075,-0.015313534662574284
25076,-0.015006412415766317
25077,-0.010962587238656283
25078,-0.009132176380736013
25079,-0.008453688567860702
25080,-0.018341156377454055
25081,-0.011220390467645724
25082,-0.01160864216445479
25083,-0.011157600692651617
25084,-0.012246742756782895
25085,-0.012666718442266274
25086,-0.012610930889452709
25087,-0.014027864134680497
25088,-0.01454128900743669
25089,-0.015361977759211382
25090,-0.011311588519434672
25091,-0.010099143754327664
25092,-0.010568826941494133
25093,-0.009122692782442671
25094,-0.008395586079021652
25095,-0.00473013388360871
25096,-0.001751630438295364
25097,-0.0017940162723556895
25098,0.00045863017324839026
25099,0.0026575645235777205
25100,0.00040910807983851177
25101,-0.001634404851569408
25102,0.0007633554917614722
25103,-0.00023232030209024133
25104,-0.0022628350063706297
25105,-0.003343086430394047
25106,-0.0029960304436934693
25107,-0.002126735884412742
25108,-0.006756630615184766
25109,-0.007243104180512165
25110,0.003892697248293359
25111,0.0014347334416289958
25112,0.001503421988574895
25113,0.0008857080709878655
25114,-9.925997539714597e-05
25115,0.00011983322901693202
25116,0.0008272711851489479
25117,0.002004995732350666
25118,0.002399311528664134
25119,0.004812174161228599
25120,0.0007772839758522006
25121,0.0020165339148540424
25122,0.00673375196271123
25123,0.008757063891547947
25124,0.00787229443912684
25125,0.0072174479440252955
25126,0.004228124473912456
25127,0.0042476306368455724
25128,0.0027449816093616194
25129,-0.0003721053141001444
25130,-0.0002568553652353592
25131,0.0016952071646492014
25132,-0.002100238604807342
25133,-0.0006559348270041098
25134,0.001897046475793318
25135,0.0029074294409006294
25136,0.002563569320354206
25137,0.0009089142877199494
25138,0.0034535247028083253
25139,0.0033477781133843566
25140,0.005288392312806082
25141,0.007546540576295737
25142,0.007534941625273281
25143,0.012644271471598193
25144,0.015561390859430932
25145,0.014996406970017293
25146,0.010009322136943284
25147,0.007814300359907015
25148,0.008475713013640482
25149,0.008666172967479567
25150,0.009893214921120047
25151,0.00804160325488051
25152,0.00695867773158702
25153,0.006483690671016155
25154,0.007353112374379465
25155,0.007241503925843079
25156,0.007903297364595274
25157,0.008137206462229745
25158,0.006910248688565362
25159,0.01391411157601461
25160,0.01208452343854191
25161,0.011008181681972979
25162,0.009545493461514168
25163,0.008284536536543909
25164,0.006084349591624154
25165,0.005283380627113405
25166,0.004986684071424623
25167,0.0063298596061318844
25168,0.0007854846851981254
25169,0.008266567385533356
25170,-0.003133121553292002
25171,-0.0053318454707910155
25172,-0.005678375267385835
25173,-0.006014510498453797
25174,-0.006233826444872946
25175,-0.006014725801935723
25176,-0.0050471793618336504
25177,-0.004742776605387337
25178,-0.003584831578659096
25179,-0.0013031881174601285
25180,-0.0039023154083282995
25181,-0.0023284974421900707
25182,-0.0051344248670312865
25183,-0.005464989455076649
25184,-0.005535554732409597
25185,-0.00037249256613873733
25186,0.002577727846528015
25187,0.002335348346736609
25188,0.004865408248492673
25189,-0.0020375866679197586
25190,0.00028755910599790495
25191,-0.00023292637522216844
25192,0.004901654232039014
25193,0.004875886660039107
25194,0.008879103228881285
25195,0.010419954541097759
25196,0.010707361234515806
25197,0.011176391470214191
25198,0.014084978089352163
25199,0.0072205179701021254
25200,0.00910669188541759
25201,0.008123832395987709
25202,0.00815763493749993
25203,0.0033047009157360094
25204,0.004525560693247281
25205,0.005277640236137213
25206,0.00964170913846412
25207,0.009744902235875891
25208,0.00830978223018872
25209,0.004703824458910722
25210,0.004375044146421485
25211,0.003954480379199795
25212,0.006223241089192642
25213,0.006399642799254995
25214,0.00671958008511324
25215,0.0028067703737647983
25216,-0.0010880536509804868
25217,-0.001136540098441324
25218,-0.004989832325865292
25219,-0.0029895597804113047
25220,-0.003903547556404706
25221,-0.003280258095166055
25222,-0.002237909988783081
25223,-0.0006429566046791146
25224,-0.004113465224720868
25225,-0.004816225441162567
25226,-0.004746845959063397
25227,-0.004230450415699083
25228,0.0036746785450511906
25229,0.0029567336849552896
25230,0.005832045805689281
25231,0.007433988951107544
25232,0.007943540384695958
25233,0.00664742542399679
25234,0.007853205535714185
25235,0.006840270993597793
25236,0.006820475650777788
25237,0.007330699500702868
25238,0.007411534183031628
25239,0.009691640125115314
25240,0.014258031616522069
25241,0.0133224951060532
25242,0.01282601040896002
25243,0.010169272115318042
25244,0.009788974319016949
25245,0.006461019981308261
25246,0.008750411011988327
25247,0.008758882477336874
25248,0.013500033980941894
25249,0.013082169492021185
25250,0.012666533387132787
25251,0.013118805846427665
25252,0.010775006366426875
25253,0.00924958665435003
25254,0.005149935147502635
25255,0.005909319001529663
25256,0.005484620509730644
25257,0.007314367527159155
25258,-0.00047419567610712944
25259,0.00196092150644129
25260,-0.0008638161336637816
25261,0.0023143547211631537
25262,0.002198064222252241
25263,0.0022619822949079627
25264,0.0018600968910755043
25265,0.0018286485871749018
25266,-0.0017433898472188505
25267,-0.0014331533946335617
25268,-0.0021678588537141336
25269,-0.0016127042954307844
25270,-0.0036623054784800223
25271,-0.003298552170242371
25272,-0.006266588580956487
25273,-0.005779630420114483
25274,-0.0063350694935373035
25275,-0.006532749330498951
25276,-0.008745365812473569
25277,-0.00921574345869812
25278,-0.011729796111798661
25279,-0.010014487727838852
25280,-0.009730093138888061
25281,-0.010617660444830557
25282,-0.012912875490489969
25283,-0.013820963741339723
25284,-0.01450866589220249
25285,-0.017051924124475502
25286,-0.01921568674805007
25287,-0.02025424191106692
25288,-0.017875675250171755
25289,-0.0206375722769535
25290,-0.019914188810541546
25291,-0.021814068290836236
25292,-0.021852526090012838
25293,-0.01732819664615158
25294,-0.013943139396566967
25295,-0.013593429602107522
25296,-0.007463297774319721
25297,-0.01152866911581103
25298,-0.011008705945888604
25299,-0.013463020083046435
25300,-0.013660080251690984
25301,-0.01256868601827123
25302,-0.01156386599546672
25303,-0.009195933009142251
25304,-0.01194985975444546
25305,-0.01411680266285734
25306,-0.013648550731250562
25307,-0.01375814186245994
25308,-0.012817126826388785
25309,-0.016377819081743468
25310,-0.015872398425189616
25311,-0.01738059694685737
25312,-0.010803561381750842
25313,-0.011858746145739573
25314,-0.008397219444268973
25315,-0.00705048260989436
25316,-0.004599709255529781
25317,-0.00875164612465107
25318,-0.008366719343167203
25319,-0.0066877174046002085
25320,-0.003576501389323816
25321,-0.005084987323622611
25322,-0.0031614352805612173
25323,-0.007199532705416388
25324,-0.015034858254465686
25325,-0.015347776580262944
25326,-0.019272109714446678
25327,-0.016157925769281763
25328,-0.015305959204220487
25329,-0.013086607454003073
25330,-0.0044392655388802585
25331,-0.005798357935804155
25332,-0.00664082898396971
25333,-0.008821387291180344
25334,-0.005150960745640757
25335,5.3321925112663124e-05
25336,-0.0003062438589316617
25337,0.0009327206554106238
25338,-0.0013574091608474365
25339,0.003659104969396191
25340,0.003148540326082029
25341,0.005617431705892316
25342,0.0004642615697775931
25343,0.0027646057572119644
25344,0.01702168312925653
25345,0.015926444242294273
25346,0.01565419701004064
25347,0.016224408951556402
25348,0.014193079267376894
25349,0.013401440485450684
25350,0.010897044506194336
25351,0.011903898204042038
25352,0.01000825060647185
25353,0.008135814822638069
25354,0.011126388827922261
25355,0.011102697478084898
25356,0.012186875529736506
25357,0.012722809443106529
25358,0.011043703816943157
25359,0.010056202707298706
25360,0.0028554063577353804
25361,0.004096094248242393
25362,0.006052671857046816
25363,0.007112338281725631
25364,0.0063603145446729
25365,0.010812678353099804
25366,0.010854780826655046
25367,0.01080263187918874
25368,0.012115695867792976
25369,0.009173035804628615
25370,0.009249129296338544
25371,0.011719171867341404
25372,0.012258706026159645
25373,0.01191623155337283
25374,-0.002844844699386653
25375,-0.002361498235039537
25376,-0.0014759868987895435
25377,0.0007661892209483322
25378,0.002540809907967753
25379,0.0019610543101825
25380,-0.0013780590284394908
25381,-0.0017872479341238883
25382,-0.002191374999351721
25383,0.0038567547040998084
25384,0.00409059850225399
25385,0.006468043413044964
25386,0.0055171895308784085
25387,0.0050323455501128725
25388,0.005966415079208863
25389,0.0060269609299983635
25390,0.00502487504351838
25391,0.004365614395396301
25392,0.007168450004055975
25393,0.006158429271674149
25394,0.0065453650692898265
25395,0.0017126566454249443
25396,0.001776173457071433
25397,0.0011885154508533091
25398,-0.0008242695699984096
25399,-0.002402318520966984
25400,-0.002460525448915504
25401,-0.009306761528605583
25402,-0.006817038242686556
25403,-0.006937460582610301
25404,-0.003291362064765773
25405,0.0024244424804300054
25406,0.0015324413504266793
25407,0.00482247264931147
25408,0.00279569610822901
25409,0.003709355694087938
25410,0.0059173497416052856
25411,0.00936118786957793
25412,0.009628803319227018
25413,0.006101577787270841
25414,0.0008038254785273164
25415,-0.00097744671593706
25416,-0.0003069731535261545
25417,0.0010516379809280085
25418,0.0009888596592115776
25419,0.001867516571468617
25420,0.0027584628220882488
25421,0.0020764973083175786
25422,-0.0022007559950921363
25423,-0.001834305061988718
25424,-0.0020508439017418918
25425,-0.0012494989068026062
25426,-0.0013026549362731333
25427,-0.0006858758628674087
