,close
16821,0.004311057112494254
16822,0.006643513977631808
16823,0.01277915943757215
16824,0.012615841265009085
16825,0.012762615967979375
16826,0.014279372809885503
16827,0.007250203028323478
16828,0.002091420535080119
16829,0.007013097083148553
16830,0.004008336246229559
16831,0.00526701393216524
16832,0.00669120652594258
16833,0.008964150894297916
16834,0.0002548621373645781
16835,0.010187947222258211
16836,0.0037205748774714717
16837,0.009960028989434664
16838,0.009520537271376774
16839,0.014560090770130582
16840,0.0008009749033659643
16841,0.0010433021591713884
16842,-0.00392755713834925
16843,-0.0019396703837728099
16844,0.0034692441490845843
16845,0.010866605668170111
16846,0.013983393333046046
16847,0.014021935002661133
16848,0.01090725610955803
16849,0.0007475834494336424
16850,-0.0032146059873809315
16851,-0.004507567270107952
16852,-0.011170104793894903
16853,-0.010754164889183774
16854,-0.0058852989230820845
16855,-0.0038690625620197323
16856,-0.004879616857477742
16857,0.0014877410011309255
16858,0.005228380193456372
16859,0.0029147841657795903
16860,-0.001668287651556218
16861,0.006737959039708757
16862,0.00017290747824838537
16863,0.0010252182985606166
16864,0.00492984296360956
16865,0.01726850230726283
16866,0.011429731073885951
16867,0.016437885494812156
16868,0.013059816516292838
16869,0.010010184111624848
16870,0.007252668229568491
16871,0.004710786637536741
16872,0.00754967113255734
16873,0.004808628379078563
16874,0.0068302509789429835
16875,0.0006671974640153561
16876,0.016295241499773804
16877,0.016678717284054612
16878,0.01729158014911691
16879,0.013081150745495087
16880,0.009747268004961989
16881,-0.008260786032242973
16882,-0.014460083971979993
16883,-0.017332612502937914
16884,-0.014392871616728788
16885,-0.006008983232151156
16886,0.0023644258235725464
16887,0.008238768913763655
16888,0.006756124087959418
16889,0.008416197024000167
16890,-0.0013646215801816283
16891,-0.006323382554792483
16892,-0.004618006245846137
16893,0.0011343861458014712
16894,-0.008878430694069215
16895,-0.006006340951935585
16896,-0.006006688912412387
16897,-0.014539086166274041
16898,-0.02714271331709732
16899,-0.01795787246834525
16900,-0.015823019752100775
16901,-0.01279524133323485
16902,-0.006480965791985264
16903,0.00712461189693734
16904,0.005472199685348901
16905,0.004705652623994699
16906,-0.0009979323323627896
16907,0.004457549181618633
16908,0.00029496436830430886
16909,0.0055065672884243595
16910,0.007887897044172979
16911,0.01072934312550794
16912,0.0286228096463797
16913,0.033762281643292674
16914,0.02951279017019863
16915,0.026296084874196195
16916,0.024807982396656523
16917,-0.0013731416161727418
16918,-0.006942181198314563
16919,-0.0068396393588177895
16920,-0.004056500666751087
16921,-0.0032871049999647056
16922,0.0005403910557053311
16923,0.004113498378812403
16924,-0.0017082776758827135
16925,-0.002061291081620868
16926,-0.0020439676066778697
16927,-0.0010566796117030702
16928,-0.0007789267039125022
16929,0.004096973624386632
16930,0.00441738232642266
16931,0.009844548330460164
16932,0.00720227285796559
16933,0.0008476181949542488
16934,-0.0041579106686257935
16935,-0.003711358710453937
16936,-0.0034811770105395274
16937,-0.0058554074706608185
16938,0.0003160013821680426
16939,0.006838856529306912
16940,0.004864738175746106
16941,0.0006770404821225025
16942,-0.0023467193579169935
16943,-0.007659208977510414
16944,-0.00409687061044011
16945,0.0006150569425693572
16946,-0.012268085927210381
16947,-0.006713622465367207
16948,-0.002446752483584791
16949,-0.00999502958895693
16950,-0.015103804829086532
16951,0.006073737406402408
16952,0.008664345283703256
16953,0.010969639215152439
16954,0.016142129927192914
16955,0.016067341040036584
16956,0.008148082284819384
16957,0.0033049840808682916
16958,-0.004026041468601325
16959,-0.011807645612707226
16960,-0.01262147430756498
16961,-0.0064431324874164395
16962,-0.010282122945598302
16963,-0.0033034989798231868
16964,0.004405299278269177
16965,0.0055425417574316
16966,-0.005377389334365322
16967,0.004011132133816175
16968,0.0016832867067870236
16969,-0.004353821553243863
16970,-0.0048119300130724215
16971,0.010558376527834593
16972,0.013219998379656482
16973,8.359447900065753e-07
16974,0.0027888492169601555
16975,0.017162074725957027
16976,0.008447885323206549
16977,0.002145321303596938
16978,0.018979274647132283
16979,0.018227056242788624
16980,0.006142542872536763
16981,0.004725837490643482
16982,0.009763861784187495
16983,0.01022021914240161
16984,0.013075081022205715
16985,0.0152753119996359
16986,0.01711022687117732
16987,0.010988104620685847
16988,0.006968613527088836
16989,0.006053256983536967
16990,0.012214706576963354
16991,0.0076728035415476485
16992,0.010140473967445177
16993,0.010301650288247106
16994,0.012538886144834008
16995,0.0034692538202773858
16996,0.009810593772303235
16997,0.003257285469144777
16998,0.006118843091246903
16999,0.006469744832483546
17000,0.0034964089967844205
17001,-0.0014708740253728933
17002,-0.0035667297894091767
17003,-0.004457984743362343
17004,-0.00815923207785837
17005,-0.013678669300267152
17006,-0.017615507475384432
17007,-0.009993427083011205
17008,-0.004203803585545682
17009,-0.005493339925952634
17010,0.0014367914174802559
17011,0.00936634954416793
17012,0.01182172190522555
17013,0.004622297307571354
17014,0.014518789204108765
17015,0.0106750649297531
17016,0.008390706667899138
17017,0.017238440264076758
17018,0.018016767481195593
17019,0.00943765525644402
17020,0.009295088100597025
17021,0.009770306805414955
17022,-0.006860629286791956
17023,-0.005554670880761838
17024,-0.01510079890939116
17025,-0.013955153093735287
17026,-0.03025681199377621
17027,-0.02351408521083921
17028,-0.026039375686064712
17029,-0.009211919464922726
17030,-0.002743383876206257
17031,0.006076824553833158
17032,0.00017461349857216256
17033,-0.005573247925205783
17034,-0.01537498003952772
17035,-0.022683235812508907
17036,-0.01966717034496534
17037,-0.015930649571928423
17038,-0.013132441534068048
17039,-0.005057444567367802
17040,-0.010154310755449968
17041,-0.01701429366324793
17042,-0.00950790568472594
17043,-0.007693995378210371
17044,-0.0077644880489708195
17045,-0.0008043556280823276
17046,0.010317113694317672
17047,0.009562730076403235
17048,0.014418187802936862
17049,0.008982823131708551
17050,0.012309124513079603
17051,0.01391983194137764
17052,0.00793119800080253
17053,-0.005350801577474387
17054,-0.008404588590377278
17055,-0.008865224685442942
17056,-0.013397056512004998
17057,-0.018718923126230583
17058,-0.006559313386310987
17059,-0.008107830473610583
17060,-0.010807411915542998
17061,-0.010118760051534881
17062,-0.0017174605307579622
17063,-0.0065651694667476
17064,-0.002223932121615525
17065,0.008181146548092403
17066,0.013875184218223638
17067,0.01368438501905091
17068,0.012477898059361642
17069,0.015112426129232172
17070,0.007757037099493064
17071,0.005968734417330251
17072,0.005759012096732892
17073,0.01048970614010902
17074,0.0028584838989047915
17075,-0.0038628138190181277
17076,-0.0026650575753005426
17077,-0.004463997369157169
17078,0.002053157750512737
17079,0.009168492912854511
17080,0.019341411296797166
17081,0.01233203065115255
17082,0.010768264748597137
17083,0.00211274573443368
17084,-0.0014767347829774922
17085,-0.015557755511637045
17086,-0.009844444615407665
17087,-0.023043600280077237
17088,-0.02210147939251041
17089,-0.014644119809689025
17090,-0.005927487466607413
17091,-0.007890471504233875
17092,0.002910980978827473
17093,0.011319778347959093
17094,0.006624035030165391
17095,0.012893742142492032
17096,0.008723817367216393
17097,0.010272213874329184
17098,-0.0035612839318278967
17099,-0.005532081030945325
17100,-0.009857252092075877
17101,-0.010750344063314226
17102,-0.019608741588823836
17103,-0.013262440121103282
17104,-0.011028282670574246
17105,-0.01673819936779058
17106,-0.013509765210723022
17107,0.0017653836251019233
17108,-0.008514275944605965
17109,-0.00841702524711861
17110,-0.0029135043710937507
17111,-0.004177397334697714
17112,-0.012507740273394826
17113,-0.009586267576015581
17114,-0.0006519738697945505
17115,0.0006602979190332535
17116,0.006352825816477957
17117,0.011119489320595184
17118,0.01752701518846611
17119,0.018289877534325996
17120,0.01991206591406842
17121,0.013654340594520335
17122,0.01256212642270698
17123,0.024812898007764962
17124,0.015056215443926607
17125,0.022635439999539344
17126,0.026950096474845007
17127,0.02588320122783437
17128,0.022995929522153086
17129,0.02122315968073453
17130,0.007238777290960618
17131,0.0011084118282774739
17132,0.013578892281765516
17133,0.0036324516261938577
17134,0.010546261080145043
17135,0.013479056969140969
17136,0.01922588089636442
17137,0.012129376048697493
17138,0.008719053705523484
17139,-0.0018874415679301084
17140,-0.004280391657412657
17141,0.0014806559809513544
17142,-0.002053810138837759
17143,0.007072824037575002
17144,0.008775363756515879
17145,0.010076679072253814
17146,0.024729558201965773
17147,0.020882837439011225
17148,0.013194152287672938
17149,0.014743648577484515
17150,0.019461058198467256
17151,-0.002401451373580306
17152,0.0019006541232204567
17153,0.009715737977198146
17154,0.010728521598499654
17155,-0.006749244101184039
17156,-0.0038600247293641894
17157,-0.008912982776978393
17158,-0.019792174345473576
17159,-0.014688698728937131
17160,-6.809033498314315e-05
17161,0.011138741799509999
17162,0.017288706912232082
17163,0.023680673499153766
17164,0.03300667991870618
17165,0.02761444549703624
17166,0.011433751855636342
17167,0.01047954962321822
17168,0.01486590184043261
17169,0.000926246866816857
17170,-0.026300466660655216
17171,-0.020312079228235285
17172,-0.021973198081990067
17173,-0.020705361098139582
17174,-0.01971280517633907
17175,0.003612713829409108
17176,0.009040535925957044
17177,-0.002387766229871858
17178,-0.00867497609525999
17179,-0.020231679912451426
17180,-0.008511117853582514
17181,-0.01766077605316423
17182,-0.0067455811947920545
17183,-0.010082777800940983
17184,-0.0028440650884331738
17185,-0.009398472136246429
17186,-0.012105408089510467
17187,-0.013277830017436923
17188,-0.023622659860880194
17189,-0.015389435075380759
17190,-0.01355968572236661
17191,-0.019423844400088163
17192,-0.006418404373452031
17193,0.013912268946833985
17194,0.002021473137128468
17195,0.005283052932531939
17196,0.013996588408004492
17197,0.015727560656966653
17198,0.0007932010438659764
17199,0.006430768742864474
17200,-0.0018103748542038548
17201,0.00014471820084434192
17202,-0.013065909844539309
17203,0.0051774047397677245
17204,0.0008338644279027243
17205,0.008601650264548767
17206,0.005239543152004534
17207,-0.0034873505721172903
17208,-0.012588232760224086
17209,-0.017756313808616454
17210,-0.020884199888568333
17211,-0.020769686377165458
17212,-0.017865876515002793
17213,-0.023759755967700663
17214,-0.015023748067739928
17215,-0.016146071291198133
17216,-0.01550507929858754
17217,-0.0098954177806129
17218,-0.010154129901363319
17219,0.008421924869604299
17220,0.00867428432514634
17221,0.006566021663996031
17222,-0.0007636161384885758
17223,0.005145563528984414
17224,-0.01304705001775923
17225,-0.004325623140243931
17226,-0.00196789998666591
17227,0.010443858367506869
17228,0.009613113375205906
17229,0.011523530580231043
17230,0.015087065992511351
17231,0.02175415142890619
17232,0.01688122801949746
17233,0.01810651423616633
17234,0.010518053692359848
17235,0.00033648216894561426
17236,-0.0043566044597416545
17237,-0.002098538750360362
17238,-0.001992518521961231
17239,0.001310143807926057
17240,0.0019672186224429177
17241,0.00043790605857193225
17242,0.003431331076568446
17243,0.0048135230005082585
17244,0.008044455856624983
17245,0.013187039972472678
17246,0.0128024473700329
17247,0.005264596722804959
17248,0.0018538364809272871
17249,0.0069968147498021774
17250,0.0015272727415994803
17251,-0.0031860081960819187
17252,0.002228849170615082
17253,0.003386678143402008
17254,0.002614721315712436
17255,0.002358125945836779
17256,0.0013202518853259338
17257,-0.0032009558759968897
17258,0.0023767210194898026
17259,-0.0022700698422663253
17260,0.0039834297172883755
17261,0.011231717524041023
17262,0.012685128501744419
17263,0.008459486239231878
17264,0.00533916256966449
17265,0.001514733667799557
17266,0.00035792412594007924
17267,-0.0038114154027295657
17268,-0.0042478619867808085
17269,-0.006369526414386493
17270,-0.01007755220805906
17271,-0.01033375115225355
17272,-0.0017104299807536155
17273,-0.0006424225554911866
17274,0.007447321137526402
17275,0.007276459323389796
17276,0.012182289424340052
17277,0.008148417235367758
17278,0.010639887729029766
17279,0.007378396068815255
17280,0.009010590609680246
17281,0.0015553138428969185
17282,-0.004382737547449144
17283,-0.004534066742935458
17284,-0.003302679907126237
17285,-0.006141630900454984
17286,-0.0030299606758471815
17287,0.00866804867677218
17288,0.005370070118712861
17289,0.004391310397302048
17290,0.008890848369025595
17291,0.011529806854182792
17292,0.0050105201160893995
17293,0.008142501522555565
17294,0.012211337690461286
17295,0.01164863059529761
17296,0.012312354408539837
17297,0.014314680065281294
17298,0.011232480283085291
17299,0.0059084545566956284
17300,0.006234153839152227
17301,0.004773499260098985
17302,0.005689271328543111
17303,0.0009073917189346161
17304,0.0024801883679659623
17305,0.001397329358302207
17306,-0.006728228988786574
17307,-0.008920187172369498
17308,-0.0048782413356417784
17309,-0.005486230800185134
17310,-0.006363371030531209
17311,0.0027713968786907696
17312,-0.0033759877934349154
17313,-0.00449213252239111
17314,-0.016743784614086897
17315,-0.012669017315119442
17316,-0.015461208800641588
17317,-0.004462292167541615
17318,-0.00014214404172218604
17319,0.010083759572175967
17320,0.013493519021631296
17321,0.010677026848863106
17322,0.005243339740087218
17323,0.010735508395258796
17324,0.013908261168522163
17325,0.0068921698263014934
17326,0.0006164748160569514
17327,-0.004105993791206643
17328,-0.01462709467263472
17329,-0.008255352427069707
17330,-0.01100305466649346
17331,-0.0016915373051931972
17332,0.0005152453299173431
17333,0.007823501438194505
17334,0.0018264985047060074
17335,0.015113594894707866
17336,0.017233360274520586
17337,0.01802871262869458
17338,0.01250522060940067
17339,0.01403841645121025
17340,0.004059215953347394
17341,-0.007079733638927725
17342,-0.004362571186034332
17343,0.0015481589219445578
17344,-0.0011123941363113733
17345,-0.007454903699658494
17346,-0.0005611505254056229
17347,-0.0018738633823166722
17348,-0.012446501951877685
17349,-0.010807305718325395
17350,-0.005348605717330171
17351,-0.007665712491300691
17352,-0.010338588635575007
17353,-0.0031895829068547
17354,-0.003043257900494657
17355,-0.002913351645829407
17356,0.0019286996626591791
17357,-0.0004534081015940736
17358,-0.00305695142378561
17359,-0.004108831418934337
17360,-0.012290168323822225
17361,-0.015230672196282205
17362,-0.006275821331388917
17363,-0.0028077770764249194
17364,-0.0026854507593531804
17365,0.0022060457567852827
17366,-0.0008210376265000033
17367,-0.0044889630007348465
17368,-0.025817382797848985
17369,-0.028721554894925956
17370,-0.023054404666537964
17371,-0.019153380411488338
17372,-0.02093106635994186
17373,-0.0024434995035408046
17374,0.005298740603821963
17375,0.00767954208784542
17376,0.008634562882172868
17377,0.007564894550314584
17378,0.01293243273466501
17379,0.00694248206287522
17380,0.007410475701884823
17381,0.014255591318549159
17382,0.01787114411195847
17383,0.007124891946433556
17384,0.010046329161948699
17385,0.004374621397057219
17386,-0.009457877316572215
17387,-0.004789936289234409
17388,-0.006973018235662196
17389,-0.008489033707334358
17390,-0.011891061409219134
17391,-0.006386198305141961
17392,0.0031501551320009436
17393,0.006878967949663661
17394,0.006982511208398095
17395,0.006948734967103421
17396,0.009714195066078724
17397,-0.0023131961217184166
17398,0.003933394443146477
17399,0.0007436935369831982
17400,0.005120042745561072
17401,0.004774299901243347
17402,0.00421836353306214
17403,0.0023392705797537156
17404,0.010802768475867414
17405,0.0077190157383144505
17406,0.004813346164794843
17407,-0.0032630292991473794
17408,0.0010106175584821849
17409,-0.003459172126020123
17410,-0.003564451379006892
17411,-0.0017999453044654778
17412,0.0033437933352963864
17413,-0.007491747057845728
17414,-0.005796392735762385
17415,0.002563716200012399
17416,0.0014408549123931576
17417,0.0018060213446254528
17418,0.006660536056990605
17419,0.006162997556936873
17420,0.0012643395250047118
17421,0.0011519117033380122
17422,0.004805641269308711
17423,0.001291596333246994
17424,0.0015736680696921668
17425,0.004569130758093642
17426,-0.004071986407724738
17427,-0.01029409002230023
17428,0.0034180552496060703
17429,0.0022718300750977746
17430,-0.0014804661880502548
17431,0.012939487231806558
17432,0.01686063289349571
17433,0.008266080476985911
17434,0.0008624573943749095
17435,0.0009480754336947543
17436,-0.0037182245077387386
17437,-0.008509757298880124
17438,-0.007772171605955742
17439,-0.0023181298772889645
17440,-0.0047289958426031
17441,0.000844566941647156
17442,0.0005332670463440645
17443,-0.011301300099322897
17444,-0.011514172373775583
17445,-0.009026130367565418
17446,-0.0125009421859403
17447,-0.010653896582516394
17448,-5.936701952544308e-05
17449,-0.007642736518123833
17450,-0.008322094035897423
17451,-0.014525381446730174
17452,-0.010334308635489809
17453,-0.014915782106998428
17454,-0.007192695432102477
17455,-0.0061862074270108095
17456,-0.016404544787053176
17457,-0.018935498122333458
17458,-0.026618049261068304
17459,-0.026940486258490395
17460,-0.024246020391021937
17461,-0.017079066681190146
17462,-0.024741181295816518
17463,-0.010144172993833087
17464,-0.012181557644053969
17465,-0.011621880289163583
17466,-0.005924585719220899
17467,0.0048934967135877815
17468,0.007256461476443911
17469,0.013822986417623624
17470,0.007130308958954182
17471,0.0035873511202238312
17472,0.000501508195651386
17473,0.006698645577578932
17474,0.005201639069199481
17475,0.008125642102326405
17476,0.012838380704967673
17477,0.011272468648007026
17478,-0.0074624714313562945
17479,-0.010102080648116282
17480,-0.005570263129367211
17481,-0.004862183793042715
17482,-0.009579582049309617
17483,0.0021647624285960378
17484,0.0032072998119340853
17485,-0.006055107362419241
17486,-0.007168755219697449
17487,-0.003518102577336804
17488,-0.0020293624198479713
17489,0.0018088309508553244
17490,0.006042956307501039
17491,0.0008607347122332599
17492,0.004049501670493337
17493,-0.0015970596555801085
17494,-0.007288159439555232
17495,-0.003441217755017035
17496,0.0026772568495833727
17497,0.012987427748457422
17498,0.01444616099678908
17499,0.015834452278759428
17500,0.008756960898009106
17501,0.018262111841329583
17502,0.010322037032983658
17503,0.006644002001120912
17504,0.0035889577008539494
17505,0.007039194513504497
17506,-0.008358977190304978
17507,-0.018973082741348003
17508,-0.017886039590944012
17509,-0.01495763840049973
17510,-0.013008810660699715
17511,-0.011155368556292301
17512,-0.01165592029620474
17513,-0.02260317619995836
17514,-0.02237322861117772
17515,-0.02695242103183536
17516,-0.023593593327049796
17517,-0.015951026639913893
17518,-0.012187130377041496
17519,-0.008653239074144954
17520,-0.008948755751203876
17521,-0.014129789887188968
17522,-0.013645024790482251
17523,-0.003978473097358503
17524,-0.017526585929019844
17525,-0.019008526412567683
17526,-0.012935687293379575
17527,-0.018956989640182612
17528,-0.014842146778503637
17529,-0.007690659747614068
17530,-0.003421873672692004
17531,0.003064300683114113
17532,0.009626775688893094
17533,0.011482197712423552
17534,0.01222607749148431
17535,0.012760573281079088
17536,0.016869774782460364
17537,0.01631446557241143
17538,0.01273755257222123
17539,0.011020034846529842
17540,0.007644210618704643
17541,-4.19471972960722e-07
17542,0.0035756545820746426
17543,0.0038676060718028406
17544,0.008683571485490801
17545,0.0006034134518279963
17546,-0.009812711977628725
17547,-0.013468332328826785
17548,-0.014396535105086473
17549,-0.018703889694721747
17550,-0.0071926486828372115
17551,-0.005444269367951637
17552,-0.002699714220204242
17553,-0.005965494676426365
17554,-0.00038643232709793443
17555,-0.006939565882141013
17556,0.005700463090747305
17557,0.008761700860000126
17558,0.010953500904380374
17559,0.008622213443124756
17560,0.013362750607557893
17561,0.009412190232719064
17562,0.0037588101391192092
17563,-0.0010452900884933712
17564,-0.007598719047859251
17565,-0.008348291732882523
17566,-0.01101136654484731
17567,-0.0021977362456293854
17568,0.002374721150167985
17569,0.010471123262100228
17570,0.01119561683281524
17571,0.010354396025737903
17572,0.0029264640469748404
17573,-0.0015317462116728592
17574,-0.006646129887133043
17575,-0.002477020087327379
17576,-0.0005582680463452026
17577,-0.0017761281664150843
17578,-0.0058826287220539964
17579,-0.0005649152606014183
17580,-0.0027303939535355125
17581,-0.009974190626361625
17582,-0.006240113605569347
17583,-0.004532029372118182
17584,-0.0024069959070093187
17585,-0.014108139618048523
17586,-0.009687858995256595
17587,-0.0192433346545119
17588,-0.014282570123319247
17589,-0.0188232103065895
17590,-0.0065926277357735465
17591,-0.0011394536578969753
17592,0.005231278957287762
17593,0.005591923629487303
17594,0.013670987615054355
17595,0.013316918490178992
17596,0.01090644427050231
17597,0.012799046627227107
17598,0.01286581743270034
17599,0.012450636944030005
17600,0.00988571541546183
17601,0.006829242415401061
17602,0.004875564087734041
17603,0.006774608422300966
17604,-0.0002134717033381263
17605,0.009250891650305078
17606,-2.1496950699856674e-05
17607,-0.0005073119922403927
17608,0.0004024886620099808
17609,-0.001752480930027474
17610,-0.016072686361420754
17611,-0.006340472230716944
17612,-0.004387482931711163
17613,-0.008149269729714121
17614,-0.009723460218801517
17615,-0.00525528326508881
17616,-0.004323099396288907
17617,-0.010606637685903064
17618,-0.011714831358620607
17619,-0.009827225278924455
17620,-0.012876561755136908
17621,-0.020791851208201637
17622,-0.015393095703559588
17623,-0.008919313168948442
17624,-0.00446534675785739
17625,0.00043759537992541317
17626,0.013946998360558661
17627,0.006073029351526234
17628,-0.0024329042843552577
17629,-0.010343019728707856
17630,0.0064352547171440165
17631,0.00022249408792233903
17632,-0.002128628432289196
17633,-0.002803687869524564
17634,0.0015785959474277182
17635,-0.01732661060870297
17636,-0.010694072184022015
17637,-0.0008414479919331215
17638,0.0008680585749316256
17639,0.00598590292881071
17640,0.008365823574987632
17641,0.011275198228266814
17642,0.009453733492419403
17643,0.013096033743470082
17644,0.01073547184861112
17645,0.014492656409275505
17646,0.006675840515679611
17647,0.0037236285901014795
17648,0.0053273804801931895
17649,0.00299874970069211
17650,0.007274622047904107
17651,0.007250297010639404
17652,0.012157132428129172
17653,0.004612870741091937
17654,0.0052271085988827674
17655,-0.00579066861079426
17656,-0.003925856584648519
17657,-0.00340201805606877
17658,0.0022542373888801894
17659,0.008373240267617595
17660,0.014362810422701554
17661,0.011509591255283688
17662,0.009644573634208323
17663,0.007575239293051162
17664,0.0003020258462565107
17665,0.00033363512369484244
17666,0.0022634690575279713
17667,0.0028850918375059806
17668,0.0017550726624046913
17669,0.0029661134634660653
17670,-0.00037256439959297837
17671,-0.0009223981514346704
17672,0.006413900049429386
17673,0.008907719933008929
17674,0.007006405370836239
17675,0.007260679365593908
17676,0.006672758787640075
17677,-0.0014622008900515091
17678,-0.0011296071895513695
17679,0.0006099772529315851
17680,-0.0005826459882582914
17681,-0.0028084372625847174
17682,0.00569362189350738
17683,0.011610360161043264
17684,0.013070497908957776
17685,0.014508729767060245
17686,0.01188903814939984
17687,0.0053682719488059635
17688,0.002150182176788759
17689,-0.0012754100692042786
17690,-0.006363689632379367
17691,-0.0029668949491393664
17692,-0.0037388584757794725
17693,-0.007886392891319264
17694,-0.005680209396503528
17695,0.002248549678215551
17696,-0.00015707449884129403
17697,0.00084546535443048
17698,-0.002266138577293279
17699,-0.006858749738207724
17700,-0.009557244785043143
17701,-0.0046481899546356835
17702,-0.0007236591280342297
17703,0.004064700722947943
17704,0.011239162697382312
17705,0.008941801996762071
17706,0.004319295570741275
17707,0.0045463070896542895
17708,0.0020417922637564097
17709,0.0004943466443569149
17710,0.0070399649613200705
17711,0.0067116567491231705
17712,0.0013059468752997874
17713,0.002590762268173141
17714,0.001504962958797914
17715,-0.006582498382891544
17716,-0.0033971113549942956
17717,-0.0013463889269224698
17718,-0.00024499478331861435
17719,0.0010060511136483676
17720,0.00014249265078675755
17721,-0.0005516395954644378
17722,-0.005119840710577049
17723,0.0008427745966832743
17724,-6.183913278926048e-05
17725,0.003989225786669277
17726,0.00478103740706473
17727,0.007206112190217321
17728,-0.004768274874990654
17729,-0.009921377261146096
17730,-0.010429903966485434
17731,-0.016061944465680145
17732,-0.020743588942888514
17733,-0.01907152576130868
17734,-0.013350410614254985
17735,-0.009135118070699626
17736,-0.00401451331884387
17737,0.005935519928636213
17738,4.127434106881437e-05
17739,-0.0012259850786951857
17740,-0.009964142009054334
17741,-0.010105360901402701
17742,-0.02163696465999981
17743,-0.013971630115464302
17744,-0.013122497349283018
17745,-0.006230681392062577
17746,-0.010960353931008596
17747,-0.0037377129136340953
17748,-0.002320953136949346
17749,0.0010938033458518701
17750,0.0037091912219290486
17751,0.005073970865738714
17752,0.007175456877718716
17753,-0.005137968243190678
17754,-0.009973300798077206
17755,-0.00662442952997333
17756,-0.002347190223208994
17757,-0.005883446407080256
17758,0.000747683579448417
17759,-0.0012864024995176161
17760,-0.010201432972916242
17761,-0.016846438195370787
17762,-0.016042403627294206
17763,-0.011077444501514832
17764,-0.03272166856624009
17765,-0.024465802226610718
17766,-0.01811043467302843
17767,-0.017266745172274237
17768,-0.02013331478115693
17769,0.0013590453965290088
17770,-0.007309756668428636
17771,-0.015895561722841248
17772,-0.017740074787174737
17773,-0.01827898347338849
17774,-0.023934631791930276
17775,-0.023403259597127524
17776,-0.06069118448262797
17777,-0.0556582651771185
17778,-0.05135750850349736
17779,-0.03346231049330172
17780,-0.037469298833669916
17781,0.008419039812937906
17782,-0.0023251259413436445
17783,0.00705601619665079
17784,-0.0030895674959379948
17785,0.02168556734179757
17786,0.016051584221263654
17787,0.023905815328866223
17788,0.008700202600976346
17789,0.011006736185967366
17790,-0.005211789481703318
17791,0.0025860790028560425
17792,0.00013994048331231993
17793,0.0055328528234413095
17794,-0.012227669329777842
17795,-0.01858630602158502
17796,-0.019915205064020208
17797,-0.01881026655631573
17798,-0.023236254182318283
17799,-0.00738538331077785
17800,0.004365527133238116
17801,0.007039035320478697
17802,0.005995756125525321
17803,0.006819139150841973
17804,0.001404701261055998
17805,0.005517160353664942
17806,0.008771231870524941
17807,0.009412425109911854
17808,0.014328103902707844
17809,0.02212972399530362
17810,0.008796877477162074
17811,0.0029956089835034318
17812,-0.0003943787107583214
17813,-0.00010031002578834849
17814,-0.007610492076738414
17815,-0.0026868287014767313
17816,-0.008690465689671871
17817,-0.005872122182474744
17818,-0.01250820800727346
17819,0.013731317886883383
17820,0.011383873902857099
17821,0.021848600235773504
17822,0.017719245396427833
17823,0.022600047409043592
17824,0.004572372363878644
17825,0.002344955475016097
17826,-0.0026346706719250807
17827,-0.000370283713695791
17828,0.0005928315091800655
17829,-0.002863130764023871
17830,-0.004574772716459202
17831,0.0028379569758609116
17832,0.002050742566521263
17833,0.00757356417845766
17834,0.015548719591409686
17835,0.018276920521035033
17836,0.017012720501357725
17837,0.017050465209070872
17838,0.012220850925326944
17839,0.001735724543067548
17840,0.0015121074553322209
17841,-0.005814511753126856
17842,0.0021710250727612086
17843,-0.007273619293324505
17844,-0.004984291564220633
17845,0.001064794811992113
17846,0.00603052254430014
17847,0.000495055676763142
17848,0.00601413493149452
17849,0.0026123236281414323
17850,-5.295583324416631e-05
17851,-0.006537340299673449
17852,-0.0028082320734767715
17853,0.0002224492411277675
17854,-0.0074151764476755875
17855,-0.012713936986039807
17856,-0.01098959956039775
17857,-0.006002616431901219
17858,-0.00997504988092863
17859,-0.0025519189249360802
17860,-0.008977782423050525
17861,-0.0096043563776896
17862,-0.01648642260995094
17863,-0.010687980674027403
17864,-0.021320091843372357
17865,-0.013733742867722568
17866,-0.02148889594174385
17867,-0.025450711223635694
17868,-0.027189878960749887
17869,-0.0151705902940326
17870,-0.015509682245596968
17871,-0.006361888592045121
17872,-0.014021946627461777
17873,-0.003482374146602724
17874,0.0012671202839381103
17875,0.006887958585162099
17876,0.007733210229931096
17877,0.02421686875204985
17878,0.0181091328263862
17879,0.015658322896758673
17880,0.010460614919920206
17881,-0.008457069306789636
17882,-0.012866845727731169
17883,-0.018451835560373598
17884,-0.0160502632664307
17885,-0.018663999104541883
17886,-0.0022736074483694917
17887,-0.002800826277242959
17888,0.011657165841080558
17889,0.009626219697733283
17890,0.01097933912616727
17891,0.012205549460969066
17892,0.011809800534342621
17893,-0.007182074632234817
17894,-0.0035747049703325927
17895,0.002050475690924468
17896,-0.0019690958902030147
17897,-0.0060492456106575505
17898,-2.9081048405021017e-05
17899,0.010347592205391581
17900,0.001370967284122391
17901,0.005590785753951783
17902,-0.002477218416479029
17903,-0.002460280568765548
17904,-0.019903770869775007
17905,-0.017296693868950812
17906,-0.008893444782592049
17907,0.0034516096711071278
17908,0.005053373826596641
17909,-0.018149966003128282
17910,-0.016616337074541222
17911,-0.04031571832356003
17912,-0.03860588892323171
17913,-0.04548778898854846
17914,-0.026312313061730465
17915,-0.01283586503923745
17916,0.003540985170494264
17917,-0.0009989462728026094
17918,0.0007943585349328073
17919,0.008587558209841558
17920,-0.0004479272778054737
17921,-0.009959885171178712
17922,-0.007796594777308745
17923,-0.011381995241614153
17924,-0.02870711201773553
17925,-0.03128547834877838
17926,-0.030291770396472024
17927,-0.028075679722836727
17928,-0.022051002273654783
17929,0.0024191671767398158
17930,0.00045671908963049694
17931,0.003077851383305362
17932,-0.0047083130710428005
17933,0.0050674075386054375
17934,-0.002182721943901984
17935,-0.015010150075940297
17936,-0.001097695969579164
17937,0.001392367725712339
17938,-0.011900773440133437
17939,-0.007908208576665868
17940,0.007912419730109439
17941,-0.012128586487465747
17942,-0.01815693188046213
17943,-0.01856387327634874
17944,-0.047547575566125114
17945,-0.059014385231097435
17946,-0.04679531533634428
17947,-0.032491920140594294
17948,-0.028953463525619543
17949,-0.009009755693258806
17950,-0.0044234518739272085
17951,-0.02229196917906017
17952,-0.030414098075173347
17953,-0.014762179096958927
17954,0.011251159554097117
17955,0.027007113311426065
17956,0.039527016450046006
17957,0.043203739678843424
17958,0.035923691730049855
17959,0.010503800238871463
17960,0.008548435739285197
17961,0.014133940199189074
17962,0.030439811549637506
17963,0.02089747782076508
17964,0.024318210145497256
17965,0.004197526802349597
17966,0.003678268201753181
17967,-0.01598209233866028
17968,-0.025397030921892803
17969,-0.021525547029753306
17970,-0.010356947144639589
17971,-0.011506092657425762
17972,0.00037600011658914874
17973,0.012855855633851764
17974,0.013588913031063299
17975,0.022139586939875708
17976,0.02381964791553693
17977,0.007137608817610247
17978,0.006628511405323769
17979,0.0022566148355245867
17980,-0.009759609155915418
17981,-0.010778472500668261
17982,-0.0029453217933035993
17983,-0.011487322725568596
17984,-0.008877416832994514
17985,-0.009955242163949574
17986,0.0006903296323994668
17987,-0.0012495047614124021
17988,0.008522267470090088
17989,0.0007954000907514672
17990,0.0030231844973805247
17991,-0.007449414705797103
17992,0.002518246391988176
17993,-0.0009610524723581953
17994,0.0033580997604572725
17995,0.00966458184692752
17996,0.009902065990215893
17997,0.0021926288890644816
17998,0.009908864089032661
17999,0.011659902999109224
18000,0.008869372685184018
18001,0.007126826199886336
18002,0.01445130845378941
18003,0.001903509713567237
18004,0.0005865163848882259
18005,-0.0003702959055443135
18006,0.0016811986559814988
18007,-0.017059757737292115
18008,-0.008244514801205995
18009,-0.0076945581906665995
18010,-0.0024325974845507943
18011,0.003425599734213508
18012,0.01107487236915432
18013,0.008164275956733004
18014,0.011853511421115358
18015,0.008002560652045859
18016,0.000945217167347546
18017,-0.00018251158361918719
18018,-0.0003506769368512444
18019,-0.015712939744167764
18020,-0.010735925749514678
18021,-0.001944212928704359
18022,0.007784757657302284
18023,0.005377802422162874
18024,0.017415174044884286
18025,0.011820640950161942
18026,0.010573000321024569
18027,0.004782476500993
18028,0.017669797984960132
18029,0.01696018488912132
18030,0.02133415579837853
18031,0.017738321529409573
18032,0.03121215078932387
18033,0.018331432067451407
18034,0.011077762619372444
18035,0.008116967980279284
18036,0.004344009975996002
18037,-0.008801499623895384
18038,-0.010639000925217587
18039,-0.0036885320323471016
18040,-0.006639698737860644
18041,-0.006209288924975822
18042,-0.005448781179759577
18043,0.011845446476374453
18044,0.021223597706238405
18045,0.023912617646708587
18046,0.015256427443525794
18047,0.023804161541900987
18048,0.010050381940519904
18049,0.001361109789083752
18050,-0.005938462726401656
18051,0.002403517937522602
18052,-0.008663058255045722
18053,-0.01130681880074595
18054,-0.012130606760553176
18055,-0.005694100975124973
18056,-0.01159334037212644
18057,-0.010942548314050298
18058,-0.008099513893949103
18059,0.00696294755675385
18060,0.0070057104339739055
18061,0.007285194832416816
18062,0.007597321757327303
18063,0.009148680446740425
18064,0.006305614906325309
18065,0.0025911792488837048
18066,0.013406783052373585
18067,0.01408472223161469
18068,8.430338511862363e-05
18069,-0.012688741662897466
18070,-0.011168257467122859
18071,-0.023702040795171943
18072,-0.023622383691708118
18073,-0.00527464578053351
18074,-0.008574305386836895
18075,-0.008952850560932583
18076,-0.005691184541455531
18077,-0.007460389133209176
18078,-0.013778450918182038
18079,-0.011158137745286628
18080,-0.006516907618386786
18081,-0.0009434936060574235
18082,0.010823077372030695
18083,0.01446585910384799
18084,0.017697765264645022
18085,0.017224606391328022
18086,0.010197369007032093
18087,0.001254879140035854
18088,0.007453769587634813
18089,0.014462337396297247
18090,0.013401511188418766
18091,0.02631087052796568
18092,0.019475479817158775
18093,0.009597800970682437
18094,0.004558288934147343
18095,0.0042206218893608765
18096,-0.001898843855438454
18097,0.006012446784992199
18098,0.0019640282347592767
18099,-0.0003589191532759391
18100,-0.009758415424482619
18101,-0.007350131150459781
18102,-0.012643710334179903
18103,-0.007199980861871782
18104,-0.00993012979696902
18105,-0.0019400032801387074
18106,-0.004591428969233822
18107,-0.006314654459611261
18108,-0.007348084318646616
18109,-0.0018724843858000167
18110,-0.0037568347677392594
18111,-0.010336989388240254
18112,-0.0034778252043100146
18113,-0.0019281979619910833
18114,-0.004767421737029221
18115,-0.0013815427093632625
18116,-0.00011719237253692176
18117,-0.0026466659517813476
18118,0.006099160183880032
18119,0.0003801037129392178
18120,0.0010703749640872666
18121,0.010144364725287515
18122,0.01131349440960122
18123,0.002152480985421026
18124,0.008037253543051476
18125,0.011871533344516483
18126,0.007843913516016793
18127,0.005453414178876927
18128,0.000434694381003171
18129,0.0006462718734828048
18130,-0.0011018984276947189
18131,0.0003799653040784781
18132,0.0025374626759966587
18133,0.010318262852961205
18134,0.012194507232403104
18135,0.00916376048081922
18136,0.0014224765118505676
18137,-0.006931646598903875
18138,-0.01270250467834223
18139,-0.01970668245209607
18140,-0.021464897123880233
18141,-0.015243514484211755
18142,-0.014125462943387145
18143,-0.009439686805744965
18144,-0.005699947097123586
18145,0.0028775951329594804
18146,0.009778316913430587
18147,0.015915769162941813
18148,0.013471062009351031
18149,0.008827589678409874
18150,0.0010234614425012108
18151,-0.011475174033484907
18152,-0.01053252686276133
18153,-0.010381997124496604
18154,-0.009832599813536817
18155,-0.014837742134352573
18156,-0.013804820322333208
18157,-0.01207649324156092
18158,-0.028813140130353854
18159,-0.02642453665221514
18160,-0.016668587137236818
18161,-0.014874943175646324
18162,-0.015303964321235961
18163,0.0004168583293795585
18164,-0.005367738342359788
18165,-0.004570077875466187
18166,0.007017172369270491
18167,-0.003389581255909752
18168,-0.002119050465052599
18169,0.0019345505259843688
18170,-0.007298607210485787
18171,-0.0162236638242068
18172,-0.008774593519770465
18173,-0.005093364551869529
18174,-0.0013418322099459491
18175,-0.0054074749192775245
18176,-0.01552885290846364
18177,-0.013640772616703958
18178,-0.009349277006234231
18179,-0.005448132354952681
18180,0.0029969893843632724
18181,0.018369628302238466
18182,0.02063291755941385
18183,0.011651137853598217
18184,0.008419471174273201
18185,0.006936461490228912
18186,0.0013317002109349432
18187,-0.004703401625618079
18188,0.0006600983764537587
18189,0.0020786727193716184
18190,0.01436166210448474
18191,0.01109018617709764
18192,0.01584766639202596
18193,0.009428460669801707
18194,0.008148923425632119
18195,-0.0025169446134060414
18196,0.00501432315240318
18197,0.005453224735825272
18198,0.007899814944015607
18199,0.0024161390078123405
18200,0.0024640597056874106
18201,0.0007256799480577062
18202,0.0028280652685411245
18203,0.00403962759985715
18204,0.0097580134536254
18205,0.014723461228448984
18206,0.013113281522291702
18207,0.009583775907444473
18208,0.00628737962557999
18209,0.007442267341984016
18210,0.0031740717837849563
18211,-0.0011306104590792295
18212,-0.0074533885947778164
18213,-0.00793290429862104
18214,-0.0032477796100650958
18215,-0.006528589593458348
18216,-0.001429875542542865
18217,0.006276422111798198
18218,0.014369914564686653
18219,0.005375893372980433
18220,0.009301013800639375
18221,0.006134250047061183
18222,0.00589733469140948
18223,-0.0030190654333050416
18224,-0.006727008144039979
18225,-0.009416544638867373
18226,-0.01874109091858845
18227,-0.02546015440675421
18228,-0.02120348882524945
18229,-0.019381871751081817
18230,-0.016873039441770193
18231,-0.005016549931192227
18232,-0.0035179576743224403
18233,-0.008285002227109746
18234,-0.005616628852020616
18235,-0.011874077444245163
18236,-0.013483154159848125
18237,-0.013411042111085555
18238,-0.010635936368804992
18239,-0.01489545152210189
18240,-0.01133365730837169
18241,-0.0018648076995281774
18242,0.002114549119208531
18243,0.001510096677080442
18244,0.009631727896184807
18245,0.006610413396472353
18246,-0.0021640000668740034
18247,6.166942262783766e-05
18248,-0.00018926169900022248
18249,-0.001654024658629295
18250,0.007690419529290198
18251,0.008792317527668911
18252,0.006238156804173977
18253,0.004565626236218732
18254,0.0020495415561003127
18255,-0.002448863420940221
18256,-0.006837603288734578
18257,-0.017166342159343907
18258,-0.014457609309838314
18259,-0.021411014916091934
18260,-0.025969350246893168
18261,-0.02364380492645897
18262,-0.016785830066588927
18263,-0.012626430016946725
18264,-0.003093338389913981
18265,-0.0004658461040112725
18266,0.004673278625303518
18267,0.008199763149005628
18268,-0.0017417492918794606
18269,0.008016877411688526
18270,0.009588923150640919
18271,-0.005124632894027153
18272,-0.000334502448264761
18273,0.008141184237531334
18274,-0.00037076918306480275
18275,0.002704136481290749
18276,0.012644362315709078
18277,0.009468653698382167
18278,0.006658085818931037
18279,0.0034129249453448405
18280,-0.0035859306633786885
18281,0.0029693197613650563
18282,0.0064485899602730835
18283,0.003120895425846039
18284,0.004407998391422752
18285,0.007956618865099555
18286,0.0028466422249470123
18287,-0.004532196968702905
18288,-0.0019697245649182484
18289,0.000202031149625645
18290,-0.0032474687995253343
18291,-0.0019326826039376347
18292,0.002932582243588811
18293,0.00040769698146002505
18294,-0.0023081604623895143
18295,0.0040197910394676
18296,0.004176009241741555
18297,0.0027702367384018095
18298,0.0031954002263825452
18299,0.007856042069011677
18300,0.008226828685654686
18301,0.0036762873694244093
18302,0.0037864618980226012
18303,0.005302309693354728
18304,0.00013235031401820336
18305,-0.0020093636502492174
18306,0.0007416586917015743
18307,0.004785666086585935
18308,0.0070924877655566786
18309,0.007674256275281409
18310,0.005592310338226075
18311,0.00763566891488887
18312,0.0022785170692558683
18313,0.004018672135631981
18314,0.006397550815110287
18315,0.009779647559724183
18316,0.0072113565519007295
18317,0.00608384146539105
18318,0.003075612291902474
18319,-0.006843770526089396
18320,-0.01798916894617783
18321,-0.018707503122377147
18322,-0.01739758195235097
18323,-0.018106141744296204
18324,-0.011670283336219908
18325,-0.00471954226804658
18326,0.0020239889494765924
18327,0.0014421339175313562
18328,0.009822218991075642
18329,0.009522345748586885
18330,0.01162598527975205
18331,0.010395724164099025
18332,0.0060944434433134066
18333,-0.0035367860314625744
18334,-0.016131378711857963
18335,-0.012180700156134825
18336,-0.016984607383918306
18337,-0.012579493966945549
18338,-0.010921625799794638
18339,0.0019651021765840003
18340,-0.0004110826405147221
18341,-0.00674514130889262
18342,-0.007608258903853873
18343,-0.010905096938883163
18344,-0.005219787037335241
18345,-0.006478070483957085
18346,0.005810315544828873
18347,0.00904650510959763
18348,0.012980950093141971
18349,0.008215498330468158
18350,0.005904580577756403
18351,-0.0002112384108964027
18352,-0.0017461610522883629
18353,-0.01027763484641714
18354,-0.010071651576605901
18355,-0.013499737834616754
18356,-0.013256230409828396
18357,-0.013275522008411658
18358,0.0005584562779261139
18359,0.0010024420232204877
18360,0.005687835247583132
18361,0.006537254599000693
18362,-0.006193931647029301
18363,-0.012187485548042167
18364,-0.0141077929950331
18365,-0.012418552818905493
18366,-0.012516857787992662
18367,-0.006484020991369065
18368,-0.0001490605285299127
18369,-0.006570162382836428
18370,-0.00859246464312179
18371,-0.0008270148502282341
18372,0.006243702288319636
18373,0.0025010380626562844
18374,0.01331212058503576
18375,0.014222989576935914
18376,0.018924841397996345
18377,0.02112667530297713
18378,0.018677166258964515
18379,0.015054438042767841
18380,0.018778139246894438
18381,0.006882186280272275
18382,0.006492349929783257
18383,0.007685253746445906
18384,0.007782629561071788
18385,0.004203923101248164
18386,-0.00020070959368241568
18387,-0.001147634665791983
18388,3.660996915642444e-06
18389,-0.0013930116550909602
18390,-0.000828319909860359
18391,-0.0053415214794505644
18392,-0.0074702927183777496
18393,-0.009960228644110286
18394,0.002151909115181032
18395,-0.0020629620952638547
18396,0.00555567720929717
18397,0.0070797432259621295
18398,0.007057807407250887
18399,-0.0028942508204299502
18400,0.008150607210138492
18401,0.009506180775381314
18402,0.00976414247152896
18403,0.008946844278171552
18404,0.00738720955782681
18405,-0.0030909914511190427
18406,0.0004618407042018261
18407,0.005538021315461817
18408,0.0077094185818902235
18409,0.012768071855607898
18410,0.013004668871346214
18411,0.00870312025903095
18412,-0.001048153877975727
18413,-2.7344183298952386e-05
18414,-0.007494511024340663
18415,-0.005619657982029538
18416,-0.004735346488704579
18417,-0.0014837930506784558
18418,-0.00401299761325188
18419,-0.0002773303779048136
18420,0.000993117614610795
18421,0.0026039328364908846
18422,0.0018474009533168735
18423,0.005348565910908715
18424,-0.0006996051802383481
18425,0.001166331383062947
18426,-0.0012383207359103656
18427,0.0009173458471365183
18428,-0.003928895493440935
18429,-0.000263864005839112
18430,-0.00271542557179581
18431,-0.0011269304595271173
18432,-0.00313857815206748
18433,-0.0010935666827373892
18434,-0.006712159355773775
18435,-0.0077044142957469666
18436,0.005008222860872589
18437,0.005131753863318476
18438,0.006176301520965729
18439,0.011247824081650896
18440,0.011721199264306379
18441,-0.0031185630567530176
18442,-0.006824667849159066
18443,-0.011678714152521212
18444,-0.008986294835648773
18445,-0.01598561152936898
18446,-0.016923391949827022
18447,-0.01657404527236552
18448,-0.014528611055201021
18449,-0.018457224506422648
18450,-0.010569878025738404
18451,-0.014497991672506535
18452,-0.015930587926488514
18453,-0.014078284796604468
18454,-0.011463285775734034
18455,-0.009947585934719227
18456,-0.0034416751600233717
18457,0.007962883483852717
18458,0.007411671506657642
18459,0.009069207669716146
18460,0.009587833015792723
18461,0.010140306105392311
18462,0.004855836857924035
18463,-0.00024474151571614896
18464,-0.0034002467054291296
18465,-0.0046191656101423045
18466,-0.015329548625691585
18467,-0.01830494334839568
18468,-0.012604612697530897
18469,-0.00545570003072314
18470,-0.008191962226870174
18471,0.0011478722417388916
18472,0.0074120246700823305
18473,0.012848518558641973
18474,0.00733134760346304
18475,0.005342281215360968
18476,0.007087215617013164
18477,0.0038304876090563887
18478,-0.01181469199054085
18479,-0.01647725668050536
18480,-0.013628814581604419
18481,-0.015940690911728724
18482,-0.018730106510068376
18483,-0.015038027210719472
18484,-0.006763304131152699
18485,-0.004520780710829704
18486,-0.0037978947619458398
18487,0.0010405748102648839
18488,0.00401919086413833
18489,0.0019643112841527567
18490,-0.0029016578412559145
18491,-0.00798248060012114
18492,-0.010964074248579432
18493,-0.0053551660240321874
18494,0.0009151718451546878
18495,0.00383007320174849
18496,0.007852010458012535
18497,0.007976200374798615
18498,0.004497112557561927
18499,-0.0005273336417378053
18500,-0.0022164812299567006
18501,-0.004676733197921782
18502,-0.006039219124039618
18503,-0.004833415175566476
18504,-0.006417055550264645
18505,-0.011149555241907722
18506,-0.007773589424025615
18507,-0.005255857751931486
18508,-0.003251435886553051
18509,-0.0019594864201155863
18510,0.0013233884368384422
18511,0.003188513526730786
18512,-0.00766813013435534
18513,-0.01094380271045647
18514,-0.0016464012960471003
18515,0.004494399966077885
18516,0.002584338414858505
18517,0.011185270770624032
18518,0.013553912752432846
18519,0.006351571827814636
18520,0.0009985812088013377
18521,-0.004077988831345474
18522,-0.0018047624104512595
18523,0.002679629444901741
18524,-0.002417640582713614
18525,5.47672269627323e-06
18526,0.005090372191005458
18527,-9.621543460509311e-05
18528,-0.008498711322595666
18529,-0.005458076219778504
18530,-0.0017908785135379638
18531,-0.002923216446636328
18532,-0.006051158545302645
18533,-0.004427329199395249
18534,-0.005149432931980654
18535,-0.007372783412279817
18536,-0.009716998324693317
18537,0.0002154725320926826
18538,-0.001090918958011818
18539,-0.0009211586177585154
18540,-0.002164202471629126
18541,0.0020855805868337744
18542,0.001562738085262791
18543,0.0038442839109969255
18544,0.002788734719290256
18545,0.008925960064166781
18546,0.008508883506705556
18547,0.00115745470409251
18548,-0.0019891963773652917
18549,-0.001854630652307901
18550,-0.006879011315409544
18551,-0.005846317379507177
18552,0.00023552565243922644
18553,0.008099638137772173
18554,0.008118259456683414
18555,0.003561871555362548
18556,-0.0015194147439504262
18557,-0.006320472175639872
18558,-0.011762158328745415
18559,-0.025920520759939336
18560,-0.0221913614846059
18561,-0.018359905535792607
18562,-0.020390619732215037
18563,-0.020661651637965954
18564,-0.005047261722442818
18565,-0.008397280285109271
18566,-0.008699966817867315
18567,-0.00355514338691209
18568,-0.004223879509264314
18569,-0.019301076228078532
18570,-0.018021644380951732
18571,-0.013925651686940418
18572,-0.010630141846088632
18573,-0.009574869200600043
18574,0.0009919741064435708
18575,-0.0035249098450428067
18576,-0.008061256102518876
18577,-0.0006542291301768255
18578,-0.0007645501747913246
18579,0.0034515916008962893
18580,0.011895869555056641
18581,0.018658650778861276
18582,0.004964413604339032
18583,0.008688125556981912
18584,0.016674759954240597
18585,0.015486780249585646
18586,0.006210392541260165
18587,0.010594715030116508
18588,0.008018494914697147
18589,-0.001602289922851893
18590,0.0005201154142036695
18591,0.00648753198243664
18592,0.008265639618905227
18593,0.0042651713426671975
18594,0.006268759614368766
18595,-0.0007480008132284854
18596,-0.00029542978562481633
18597,-0.0019825064373198893
18598,-0.0021628400132446763
18599,-0.00013792501664254943
18600,0.008268643160898728
18601,0.006617894150844341
18602,0.0016041222171207753
18603,0.005777909571012972
18604,0.0010002350679092563
18605,0.0013601259174474097
18606,-0.001358829371292612
18607,0.008702371208669896
18608,0.009233553820325336
18609,0.017503075328246034
18610,0.016812089882042695
18611,0.015158964182243478
18612,0.009156909923684462
18613,0.013519119324987179
18614,0.012870257609687644
18615,0.006764982839123832
18616,-0.0060636113816958355
18617,-0.007880718356408929
18618,-0.013449967799795336
18619,-0.021150939905329926
18620,-0.014821123429618265
18621,1.9145893372346556e-05
18622,0.0035126255666299206
18623,-0.0008614745572838853
18624,0.001437966440015473
18625,-0.0018371838801822785
18626,-0.001607114366775551
18627,-0.0008527724527615403
18628,0.0021689110495825125
18629,0.009647098910741368
18630,0.008873359929780476
18631,0.015398327433596332
18632,0.015535813449300644
18633,0.017951496861218247
18634,0.005328907787589181
18635,0.0069166485698758315
18636,0.0015735212690864383
18637,0.0004209045049346799
18638,0.001137825067039714
18639,0.006549650055442143
18640,-0.007261612366964781
18641,-0.006671425268723471
18642,-0.007986995400119792
18643,-0.010641897833745138
18644,-0.0073503486347523345
18645,0.006265986840545305
18646,-0.003765139583347703
18647,-0.0043030728371106705
18648,-0.0032723584518241605
18649,0.004914283455584186
18650,0.002485801097555383
18651,0.011380635191435857
18652,0.02129019864199797
18653,0.022596800074770565
18654,0.012170315029649431
18655,0.017480444809692637
18656,0.011611076844441083
18657,0.0030564254626521264
18658,0.007154183373371706
18659,0.0021837737942825832
18660,-0.0031802617484348885
18661,0.008223804958520662
18662,0.010436757244480184
18663,0.0020474830269134755
18664,0.0008029935340440099
18665,0.0057928541326024265
18666,-3.3730920947893416e-05
18667,0.000784285032199186
18668,0.0055106922219313615
18669,0.009550700562290257
18670,0.003695525558173403
18671,0.005515459322215817
18672,0.0028790615380059922
18673,-0.0015050232282002496
18674,0.0021585349147487075
18675,0.0041874687701525
18676,0.00465371875500051
18677,0.004357810308739621
18678,0.007537793045214987
18679,0.005241503002116077
18680,0.008999219585636183
18681,0.007274076429745022
18682,0.0059837061361332185
18683,0.004733584558623925
18684,0.003237131239268955
18685,-0.011504336189000958
18686,-0.016572091280682582
18687,-0.015089640411364692
18688,-0.011394762358451906
18689,-0.009489136173217972
18690,-0.002020366229689105
18691,0.0024883221950527654
18692,0.010095441343691777
18693,0.008074909646931689
18694,0.004058419516621082
18695,0.010852912736343485
18696,0.010286987935666502
18697,-0.005358444579379078
18698,-0.0030910310632088593
18699,0.0013615683995221433
18700,-0.0017189956014635535
18701,-0.00015479270984456277
18702,0.007088344575085189
18703,-0.001638536467188057
18704,-0.0017937143736259753
18705,-0.003345203809737431
18706,-0.01763721222195745
18707,-0.01764422672931759
18708,-0.010516867813159138
18709,-0.00971179232983006
18710,-0.008130472024601997
18711,0.004461909716722211
18712,0.012431198558632988
18713,0.0061076649879408095
18714,0.003174274925960348
18715,0.004128407334762658
18716,0.006791783781004996
18717,0.0004080986323382187
18718,-0.0006169904375826868
18719,-0.0053287248603865744
18720,-0.0065297201841747225
18721,-0.007023602506275411
18722,-0.005426081949745744
18723,0.00028397479222825423
18724,0.004689895114938618
18725,0.0017933669841218706
18726,-0.0018913150022362346
18727,-9.666477164539872e-05
18728,-0.00081028685062549
18729,6.519706078828106e-05
18730,0.005124567628836724
18731,0.012860465465723336
18732,0.009140511021516896
18733,0.008503952750353622
18734,0.010739713963872471
18735,0.0049801136575625925
18736,-0.004756307458692309
18737,-0.005853498205498869
18738,-0.004201015866116668
18739,-0.01006518739393171
18740,-0.005582587799399189
18741,-0.0019300882687312523
18742,0.00012910449131902128
18743,0.0006808109261902994
18744,0.0041723811599032705
18745,0.008695828407724026
18746,0.01325617963863607
18747,0.011603797790442218
18748,0.013085124321713482
18749,0.015317688736757337
18750,0.009094879457553596
18751,-0.004628775422271195
18752,-0.0006727656720591732
18753,-0.003392980908575383
18754,-0.008243648462019347
18755,-0.004303937416327581
18756,0.006085901783091302
18757,0.009860269624440395
18758,0.01153442097132966
18759,0.013879939238623613
18760,0.01159203082086714
18761,0.008078153739079885
18762,0.0021644462972508337
18763,0.0018833813987961074
18764,0.0017769447282150058
18765,0.0002099049107345537
18766,0.0005279705775685484
18767,0.0004698322677992
18768,-0.0002126258144375036
18769,-0.0007758718417803668
18770,-2.8865620136326617e-05
18771,0.0018913522621438902
18772,-0.006736300588886847
18773,-0.003924014563545962
18774,-0.00237027623124788
18775,0.004566880971910119
18776,0.0054006477448055226
18777,0.012719954448175032
18778,0.00840358287679937
18779,0.004428646212489015
18780,-0.005673782733237441
18781,-0.002404612302508666
18782,-0.004568281618327729
18783,-0.003928644550332202
18784,-0.0021709312308193624
18785,0.0028040025639570285
18786,-0.0008998512263261342
18787,0.006358516451768667
18788,0.012884068331479273
18789,0.013411764460945145
18790,0.01332058401104128
18791,0.012134015344472015
18792,0.006287633289000431
18793,0.0005916124440777542
18794,0.0066190607893002315
18795,0.004205210587199898
18796,0.018045007118912503
18797,0.013502951077958911
18798,0.010799645550094737
18799,0.0034223405492888378
18800,0.0005684502942776512
18801,-0.011278545875171818
18802,-0.009441715196010033
18803,-0.005954724309581718
18804,-0.0038062699850784872
18805,-0.00044853500664005576
18806,-0.0008697947345571333
18807,0.0006694880013241851
18808,0.001722222746762774
18809,0.0019689781934708393
18810,0.0013523314515661842
18811,-0.0013422921474379721
18812,0.003733708261253888
18813,0.0017870234837557585
18814,0.0003201739382489827
18815,0.005814993281867634
18816,0.004605010844181308
18817,-0.0025166701422619847
18818,-0.004281714323348958
18819,-0.0037298382989819174
18820,-0.007358366453285589
18821,0.0013404767817171426
18822,0.004260527794519669
18823,0.007698753147266869
18824,0.008344067883248974
18825,0.005657350958363525
18826,0.0013544195680121902
18827,0.0028098537825004123
18828,0.0006971890685012219
18829,0.008950009974026962
18830,0.014595512012631904
18831,0.013737534635342578
18832,0.017068082205271173
18833,0.019949622600033058
18834,0.011549137469957147
18835,0.010100118389482821
18836,0.009637114781710188
18837,0.004656646960298183
18838,0.00828704794619018
18839,0.011979548638541998
18840,0.008670844378620418
18841,0.004033665142144226
18842,-0.0005408564659105559
18843,-0.003738231220682784
18844,-0.008349438556579322
18845,-0.007789252775169805
18846,-0.0027824000370987164
18847,0.003637573351366675
18848,-0.0008948072506082936
18849,0.0007726301821224076
18850,-0.0045683924240928955
18851,-0.007003112219480955
18852,-0.01001955698175352
18853,-0.0053496535330524245
18854,-0.0019313206548685344
18855,0.0034387259640833658
18856,0.009566910833880093
18857,0.009317095613001234
18858,0.005018256004930995
18859,-0.0005381492571335191
18860,0.00015999163882709426
18861,-0.0014868483256794546
18862,0.000475100483010591
18863,0.007309251141443996
18864,0.009436813115303545
18865,0.018512974459662608
18866,0.015462180139476625
18867,0.01468331874777316
18868,0.006346637824939363
18869,0.00861356352607486
18870,-0.0015931948479973189
18871,0.0025176332884365433
18872,0.009019163531021994
18873,0.013534642297344184
18874,0.0212538324587341
18875,0.022620603199851173
18876,0.019306217035405537
18877,-0.0012840712660759069
18878,-0.004638551430685817
18879,-0.03254930365251633
18880,-0.02744615437369433
18881,-0.02211607749676241
18882,-0.007193133793883173
18883,-0.028698415310597206
18884,-0.010489448448811533
18885,-0.018005239704225996
18886,-0.017199871615852947
18887,-0.025295703497964516
18888,-0.0008055399621821587
18889,-0.0004993489784391096
18890,-0.004281835696492133
18891,-0.011985987398768433
18892,-0.004675108313043338
18893,-0.007409561161670754
18894,-0.007603614351856319
18895,0.006367863698168843
18896,0.007103836237088471
18897,0.0037813865368290242
18898,-0.0025785640533499787
18899,0.00446003071277129
18900,-0.00408567475839282
18901,-0.003963146103005931
18902,-9.997058366476064e-07
18903,0.007204339479216166
18904,0.006973678849315527
18905,0.009325421611492772
18906,0.005321720851415348
18907,0.009256285594249502
18908,0.018115712796357153
18909,0.0107579519155271
18910,0.011422029419591202
18911,0.012189638707623766
18912,0.007515708077516633
18913,-0.002903501616563485
18914,-0.008888411884355171
18915,-0.013906618945620636
18916,-0.006683314759015367
18917,-0.00999051506934037
18918,-0.007259814704875268
18919,-0.004296353749149672
18920,-0.004055449963838526
18921,-0.00727194656158129
18922,0.0016539586763564503
18923,0.004464517236852959
18924,0.009183766668317508
18925,0.007119457058228073
18926,0.008885436126864705
18927,0.003658626660460303
18928,-0.0007008414791436021
18929,-0.003747399249188577
18930,-0.005846772447496188
18931,-0.011967314005051887
18932,-0.0026127746901651572
18933,0.002450586553688688
18934,0.0030179091820233426
18935,0.008193151085210494
18936,0.01243445584289706
18937,0.003245307031498561
18938,-9.370991897300566e-06
18939,0.0021759222126934985
18940,0.00989220532732404
18941,0.010986338673023106
18942,0.008836678050733179
18943,0.008459125693059195
18944,0.007553266622210153
18945,0.0004434412015056102
18946,-0.0011496989610462758
18947,-0.006467747984363722
18948,-0.006696938936955694
18949,-0.007361241969759772
18950,-0.0061954068712204635
18951,-0.0025800208641125976
18952,0.0016261087468843224
18953,0.0037984266158206555
18954,0.0036553483660745466
18955,-0.003950144485398223
18956,-0.005628321915894308
18957,-0.0022021552998857338
18958,-0.003947393592052091
18959,-0.0012297941364357412
18960,0.009245575367052164
18961,0.007120210650760326
18962,0.006956607434325983
18963,0.0064260544523043
18964,0.013183817665161177
18965,0.010067793675166602
18966,0.01113679179821463
18967,0.011923825900495578
18968,0.012698608422956824
18969,0.006268675965841117
18970,0.006308621960920077
18971,0.0010636268659462776
18972,0.001145594189337215
18973,-0.01640502299795538
18974,-0.017640162936794056
18975,-0.01583618838066718
18976,-0.01091223351135115
18977,-0.011873207227098167
18978,0.006002393294060692
18979,0.006096001290958418
18980,0.0021095426732511313
18981,0.0006155856106495759
18982,0.0013963363828851133
18983,-0.004147160979478042
18984,-0.008568054975955952
18985,-0.006937711138448142
18986,-0.003792391371271239
18987,-0.0051301714808449595
18988,-0.002208232364787155
18989,-0.0036913941393032106
18990,-0.00527568934928905
18991,-0.0052079628980160626
18992,-0.007276536604094795
18993,-0.009454224153838673
18994,0.004201827907422097
18995,0.004767696147855607
18996,0.003086158757943143
18997,0.012671832505242203
18998,0.01642405113530382
18999,0.008326962475957173
19000,0.012311182202399339
19001,0.018538631447494288
19002,0.01321707061786141
19003,0.009963014529396094
19004,0.012146385402988291
19005,0.009938828452309598
19006,0.008829134091403205
19007,0.0003046804456090797
19008,0.0013908827586840919
19009,0.001192862569181267
19010,-0.002341176527162668
19011,-0.008220613245118746
19012,-0.0011355219982106016
19013,-0.0010800806440911233
19014,-0.004155374148416299
19015,-0.0010435537898957307
19016,0.00032148819368989305
19017,0.0009755474346984603
19018,0.0018634385102734169
19019,0.0019402464938991517
19020,0.0018246286507951216
19021,0.0004877431332011641
19022,0.0016281808949671637
19023,0.0031434356157500815
19024,-0.0006083767500775155
19025,0.001957608351178133
19026,0.0012678031027798919
19027,0.005352650286782811
19028,0.004757704168579508
19029,0.010148036006763755
19030,0.006112513804950864
19031,0.007839307198939898
19032,0.0017242570927110143
19033,-0.002448923545358093
19034,-0.010711513534020958
19035,-0.010218875572522924
19036,-0.010034791384230883
19037,-0.010375004685200955
19038,-0.003345350215001658
19039,0.007664656900532218
19040,0.00851277966838021
19041,0.00759231071689615
19042,0.009902869854096153
19043,0.002825060628962775
19044,-0.0017817144696579954
19045,0.0045625645705195655
19046,0.00518196861659023
19047,0.0017160685309484016
19048,0.00837572622978598
19049,0.006782791590576561
19050,-0.00036449087057588
19051,-0.0077556268963035555
19052,-0.005687377384555268
19053,-0.007017212407552726
19054,-0.013089540521951501
19055,-0.0161311463533095
19056,-0.009495528875442732
19057,-0.012444218899105828
19058,-0.011213284849065776
19059,-0.003313855407430579
19060,-0.005390200314018518
19061,-0.0036020779802383904
19062,-0.0004320311120685915
19063,0.0035084020376213196
19064,0.002513946515642558
19065,0.008914887735880016
19066,0.011564476779720412
19067,0.007490804134130957
19068,0.0003699717232447662
19069,0.008994499669023014
19070,0.009313572968430994
19071,0.005218080819543899
19072,0.00943640560507694
19073,0.009123720635604205
19074,0.0016673181686662605
19075,0.001386153531570574
19076,0.001630272943950949
19077,0.0004675171162147753
19078,0.008270451317561963
19079,0.0069546852660578
19080,0.005576106522071919
19081,0.001152897131630984
19082,0.005171326918025778
19083,-0.0035034064850745844
19084,-2.7309343381220084e-05
19085,0.0007690299890821216
19086,0.005417719429682095
19087,-0.0025731923810508863
19088,-0.0035038187004774158
19089,-0.006747016907082541
19090,-0.002012465419650176
19091,-0.00393760469419035
19092,-0.0020675324056708866
19093,-0.0005117945711067892
19094,0.0014632442372205557
19095,-0.0026909175824449743
19096,0.016862066542738256
19097,0.017830123024961037
19098,0.013236018666400713
19099,0.006715836553775541
19100,0.0055840079772223475
19101,-0.011969214791684266
19102,-0.01020293555101548
19103,-0.0020363340890252432
19104,0.0026259641044723255
19105,-0.0009546256425820514
19106,-0.003266916385099284
19107,-0.009700940955738082
19108,-0.014201152376386311
19109,-0.0181297172767935
19110,-0.015462576667313684
19111,-0.01629774269425878
19112,-0.0064442897502327125
19113,-0.003403761188488992
19114,-0.00011707568075530587
19115,-0.005978518315841791
19116,-0.0068212507359082745
19117,-0.009658466139750719
19118,-0.015216793892394918
19119,-0.015337023496178357
19120,-0.0035572715135745447
19121,-0.002563639408817096
19122,-0.003040185391745115
19123,0.006928990553397961
19124,0.010818161710157113
19125,0.0033268292754163355
19126,0.0009196297757963179
19127,-0.010518856272210922
19128,-0.016865713258849665
19129,-0.015650060635694345
19130,-0.017692908912460004
19131,-0.01228435805396114
19132,-0.006492021384090506
19133,-0.006848787577495044
19134,-0.0033322874083749894
19135,0.0016212082186984093
19136,0.006283127072177832
19137,0.011506097110229228
19138,0.01269919935021463
19139,0.012312038539115918
19140,0.01326055580676
19141,-0.00455970487772632
19142,-0.01004331429126371
19143,-0.007464333107461268
19144,-0.01077060614790524
19145,-0.004336708437565892
19146,0.007548388130290324
19147,0.011619930710471574
19148,0.0035085133808899025
19149,-0.0024936341002800367
19150,-0.010190186843715681
19151,-0.005337579066299114
19152,-0.009702244911402707
19153,-0.0027195768134454104
19154,0.0036395171285778607
19155,0.0032963169441702802
19156,-0.004585917338397353
19157,-0.00042532451394923455
19158,-0.0013571960670221957
19159,-0.0007092671586910359
19160,0.007844220030913306
19161,0.010539282172604057
19162,0.014732138108197505
19163,0.018927849865728798
19164,0.014274220182062699
19165,0.008480028714407518
19166,0.007456286393371315
19167,0.004564822972927548
19168,0.009824868119927506
19169,0.007250583778709657
19170,0.005208178227146984
19171,0.007049234470462929
19172,0.007690280318580711
19173,-0.0016492789844732077
19174,0.0037123748399340998
19175,-0.0013967617479489298
19176,-0.0011523108145163315
19177,-0.003667681868034805
19178,-0.00977666279376705
19179,-0.015117126931700985
19180,-0.008085245662812315
19181,-0.003616041918970285
19182,-0.0009506923520389832
19183,0.004606045334168722
19184,0.0076559259354094045
19185,0.005054437453707388
19186,-0.004772464735550889
19187,-0.005617156522588983
19188,-0.0050282390534475635
19189,-0.008475511478313883
19190,-0.013247082414354891
19191,-0.008864987689882203
19192,-0.0064231273462007086
19193,-0.006151835805042201
19194,-0.0028175903159245895
19195,0.00829921301158108
19196,0.010202746636537351
19197,0.0045341694914922985
19198,0.00883007396264245
19199,0.009068003663622353
19200,0.0024664987317338004
19201,0.007365935240514758
19202,0.011906035978471653
19203,0.008261073012372064
19204,0.011211311636138201
19205,0.008152676199832716
19206,0.0013386777530089333
19207,0.0006984210961234696
19208,0.00046529810130451795
19209,-0.0017820296379666314
19210,0.000411206866889963
19211,0.0015230889004084183
19212,0.0021674703697196016
19213,0.004555539007554677
19214,0.005833595463848638
19215,0.008245289299451088
19216,0.013650395465822326
19217,0.012125804136889186
19218,0.00995690498618869
19219,0.011549830864165982
19220,0.010592908004436958
19221,0.005211756526856063
19222,0.006660781943472978
19223,0.0050040730275459164
19224,-0.0032656807351289477
19225,-0.002363296113543895
19226,-0.002155093562454661
19227,-0.0025957080395507754
19228,-0.0018443244784048867
19229,0.0059452074140457
19230,0.004703481224405175
19231,0.002837005259802425
19232,0.002723497082777842
19233,0.0032016170021630158
19234,0.0023932371264571077
19235,0.00040670481261078387
19236,0.0033354264274281335
19237,0.010646092739213013
19238,0.010425599250446541
19239,0.008037211523277464
19240,0.007026047245206566
19241,0.006430267183702292
19242,-0.0025302654457694048
19243,0.00043448500233807594
19244,0.001898053411250926
19245,0.004662805111951063
19246,0.0002469147915043321
19247,0.0035944345898263445
19248,0.0004373268234731895
19249,-0.002751873051328639
19250,0.002619452916392454
19251,0.00509354989833907
19252,-0.0036638179625648718
19253,-0.004663090977809008
19254,-0.0027790655704084135
19255,-0.002543221302257369
19256,0.003780239124696594
19257,0.01093060274078967
19258,0.011627830756055951
19259,0.007090678609716119
19260,0.004480306960470977
19261,-0.0065569975682673405
19262,-0.01103914041103663
19263,-0.010207970830534142
19264,-0.005928164134665236
19265,-0.004919164311854212
19266,0.0002558463095334804
19267,0.0027980766936423563
19268,-0.002198909546610744
19269,-0.0013809782112066185
19270,-0.00787703070787376
19271,-0.001565201874701397
19272,9.307896105224995e-05
19273,-0.0002947713237645463
19274,-0.004157557018092061
19275,-0.0018457080074448145
19276,0.00488028748362708
19277,0.0023701436081698594
19278,-0.0003808780915874694
19279,0.0027629872975907977
19280,0.0036423005161179546
19281,-0.008856414132091667
19282,-0.011718443662599477
19283,-0.00352581297457913
19284,-0.003910536230464451
19285,-0.005803112448623413
19286,-0.005591981429870915
19287,0.0007238244680925304
19288,-0.0011609971775109614
19289,0.0002463385665966975
19290,0.0015587122403312563
19291,0.002877557174222399
19292,0.0015075436004103927
19293,0.003070771928692095
19294,0.009698691810377772
19295,0.007823767318596395
19296,0.007263570452898386
19297,0.0038476475360323717
19298,0.008501851618733717
19299,0.0006033741896090917
19300,0.001408850718999336
19301,0.0011618315708023404
19302,0.004587450125727301
19303,0.003790553355118294
19304,0.0031258752671928323
19305,0.0034916536357895486
19306,0.005248496461364585
19307,0.00411872764188342
19308,5.846361788188806e-05
19309,0.0029687530100082947
19310,0.0037837259145396896
19311,0.0010401868026271581
19312,0.007902740216759742
19313,0.010134957227780218
19314,0.0082962807318297
19315,0.007218500238064065
19316,0.009604727712114989
19317,0.0038148424812129863
19318,-0.003362413312961317
19319,-0.0033879672311367603
19320,-0.0022820367758209304
19321,-0.012470558078739298
19322,-0.014406544701864905
19323,-0.00866010150075845
19324,-0.00786887873429191
19325,-0.007569702037373148
19326,0.001685564647904887
19327,0.004160699514988269
19328,0.002490417448263505
19329,0.000707479342555018
19330,0.00621886854080216
19331,0.004427244251953233
19332,0.007233560495278249
19333,0.007792146362320144
19334,0.004564283495863518
19335,-0.001098313337452421
19336,0.00016083911404188148
19337,-0.003181091964798284
19338,-0.0034964487933720283
19339,0.002678840049790096
19340,0.0004996773446061073
19341,9.20580865760004e-05
19342,0.0010152068711897356
19343,-0.00014684108123971565
19344,-0.003228264481422507
19345,0.0029799576051548478
19346,-0.0007207092480330558
19347,-0.0018990175460276203
19348,-0.0019611705322409444
19349,-0.003041887814012936
19350,-0.005945887638547407
19351,0.003588599317325743
19352,0.014335676531072589
19353,0.0151956787512692
19354,0.021157507018476844
19355,0.019166007061038777
19356,0.013702430551002766
19357,0.000948231652719439
19358,0.003929794717624657
19359,-0.0026523260727193245
19360,0.0007889008125790641
19361,-0.005494934421155144
19362,-0.0031038590411639616
19363,0.0024930737860850913
19364,0.006189519477771272
19365,0.0035766313744544603
19366,0.011951469403681391
19367,0.014707248280578948
19368,0.005317498742070281
19369,0.0017602046758038476
19370,0.00382337218488279
19371,0.0016684082091367035
19372,-0.0008173091412226564
19373,0.003332381267304972
19374,0.005473367137720271
19375,0.0008549837649908287
19376,-0.003137884342432194
19377,-0.0012125607518371222
19378,-0.001707802549558147
19379,0.00030308173508239867
19380,0.0024261966240679087
19381,0.00998255283266932
19382,0.006868401499387994
19383,0.005660659529466594
19384,0.0032350344308749316
19385,0.00013398865832031686
19386,-0.00438441643929207
19387,-0.007171164750789717
19388,-0.010333809946988152
19389,-0.010002666661894014
19390,-0.01918429118275276
19391,-0.018688373350652765
19392,-0.01519033571814242
19393,-0.01827294059695651
19394,-0.025309945368626165
19395,-0.009412660508855523
19396,-0.009694695585826292
19397,-0.0159504708315639
19398,-0.012055940669489104
19399,-0.009205497796114922
19400,-0.006194381011135384
19401,-0.006208801722296982
19402,0.0036630036630036847
19403,0.009746605951123515
19404,0.0177988696144174
19405,0.008511533321712764
19406,0.010019586654844386
19407,0.005550940523882235
19408,0.0019496091783446682
19409,-0.001563343817699439
19410,0.0009328536634211174
19411,-0.00943670548743924
19412,-0.003966712713326885
19413,-0.007479070392930465
19414,-0.009047512797468637
19415,-0.01293243275289231
19416,-0.004603394742144952
19417,-0.006893776277763636
19418,-0.007051689108534466
19419,-0.005127151736504718
19420,0.0032095165898886743
19421,-0.0024445025078975364
19422,-0.005148024341961838
19423,-0.006898253391121396
19424,-0.007150307813113736
19425,-0.01179281145591395
19426,-0.0021164729570372306
19427,0.002540485324984771
19428,0.006703360926965336
19429,0.0023665688045768148
19430,-0.0006246634052413249
19431,-0.005735416920781773
19432,-0.008952809379387397
19433,-0.005388727120346376
19434,8.261087928972745e-05
19435,0.0023330635360767557
19436,0.009564468804062786
19437,0.009471944627150303
19438,0.005553740991472645
19439,0.0034705436754861574
19440,0.00089558675142291
19441,-0.015266226558392342
19442,-0.01944923455756791
19443,-0.01905954794272459
19444,-0.019156091757850345
19445,-0.015725976490587417
19446,-0.004507202553820286
19447,-0.007928192789793466
19448,-0.0002958718727093905
19449,0.00255664532274338
19450,0.004671053368787568
19451,0.00704421934197222
19452,0.013744421602828273
19453,0.00660666299537173
19454,-0.0011981285602883777
19455,-0.004609942963050067
19456,-0.004621634999250876
19457,-0.00402022426675184
19458,-0.006977339861362278
19459,0.0002116740752593302
19460,0.0015937503054589703
19461,-0.001078251729209861
19462,-0.00022398312375139092
19463,-7.485508151582628e-05
19464,-0.0010710012659667736
19465,0.004871234225317668
19466,0.006126052602822424
19467,0.005553504955844905
19468,0.006649488444037474
19469,0.008580770942006839
19470,0.0026894640235036204
19471,0.006357318346023011
19472,0.004539882495211333
19473,0.006218813271948816
19474,0.004732470907909611
19475,0.0034301808191943743
19476,-0.003841270438417981
19477,-0.0022494407006087395
19478,-0.0004279049580251153
19479,-0.0010768343281333686
19480,0.0008718001720056135
19481,0.003322410480085487
19482,0.0029591356114744526
19483,-0.0023010326154654574
19484,-0.003643383478117489
19485,0.0030960407749652716
19486,0.001194845438191091
19487,-6.611354024125303e-05
19488,0.0033964933348156335
19489,0.007153685627225742
19490,-0.0014217716076220142
19491,0.0010261198852024418
19492,0.008348033392133632
19493,0.009021952256758177
19494,0.0043894428152492755
19495,0.004309430798657142
19496,0.0013985242494198352
19497,-0.004932023665126519
19498,-0.008423074089856647
19499,-0.009725521523120733
19500,-0.009105414800151286
19501,-0.012123774923742895
19502,-0.019875122117774275
19503,-0.017510921845360017
19504,-0.018409637008255306
19505,-0.020813191921647014
19506,-0.016191708461454218
19507,-0.009426563294040716
19508,-0.009615600890708172
19509,-0.0056248624302059425
19510,-0.009441278366972294
19511,-0.010133852619819252
19512,-0.009947893481745738
19513,-0.008687929168697128
19514,-0.010043942702427892
19515,-0.004065087132122335
19516,-0.007083745006621367
19517,-0.006038809100882768
19518,-0.011084566861044783
19519,-0.010217858770532133
19520,-0.008518786864950625
19521,-0.004071544536690059
19522,0.002899686174137237
19523,0.01081768626269926
19524,0.012196478403431077
19525,0.011754995645248576
19526,0.01323955530587498
19527,0.005595871609927192
19528,0.003302274946573285
19529,-0.00011549291107439596
19530,-2.069891216259224e-05
19531,0.0026214340411450016
19532,0.003159473077186322
19533,0.002548263542844504
19534,-0.008512372084137236
19535,-0.012802907453735165
19536,-0.02090136072158533
19537,-0.02402123295231935
19538,-0.02021745532906135
19539,-0.0061286756447079095
19540,-0.004539156359764796
19541,-0.003054604870721207
19542,0.0003964819251471457
19543,-0.009879172368203336
19544,-0.006221366702556923
19545,-0.0021249252868835665
19546,-2.1120504904314516e-05
19547,0.009651937382174144
19548,0.015242970765149433
19549,0.006743312676303002
19550,0.0030085468557271376
19551,0.0034857023585889695
19552,-0.0031626839228306386
19553,-0.005288066213303027
19554,-0.000905889567489011
19555,-0.00013592554152339062
19556,-0.001366854955889209
19557,-0.004642177327569365
19558,-0.003697275229641595
19559,-0.011084634106878544
19560,-0.010045495436713407
19561,-0.0071352271340964085
19562,-0.007272177984937734
19563,-0.004343029819588393
19564,-0.0007835333903555
19565,-0.00031992123784255433
19566,-0.002059352095764142
19567,0.004526093183301461
19568,0.003582016734535639
19569,0.008193743592183023
19570,0.013726986573520328
19571,0.012517749327690248
19572,0.005128265077927577
19573,0.004433889930670799
19574,-0.00046611861514345447
19575,-0.007581006362921228
19576,-0.0005405410749426458
19577,-0.0030187467165345284
19578,-0.0036145934757676927
19579,0.0008387588059116108
19580,-0.001401487840383036
19581,-0.0039035461806699793
19582,0.0017163570439640485
19583,0.00438687221350432
19584,0.004510011615116909
19585,0.01066924493884567
19586,0.009692465740841354
19587,0.007732549481552189
19588,0.007840369968539516
19589,0.003143427012565503
19590,0.0004926156932229612
19591,-0.002658214931589801
19592,-0.0008347668209817305
19593,-0.0022028074448463566
19594,-0.001975976403575181
19595,0.0012261298165559215
19596,0.0018800829544075566
19597,0.0009452188928609752
19598,-0.004421733666766389
19599,-0.0008167873622827742
19600,-0.004748202111389001
19601,-0.005818894983303911
19602,-0.007314656603031372
19603,-0.013588119526849678
19604,-0.00938356379274437
19605,-0.007865076332198542
19606,-0.00839318417012295
19607,-0.010212749938207335
19608,-0.0006234073694261452
19609,-0.004124495473129984
19610,-0.003053475433549378
19611,-0.000703896114917821
19612,-0.005574430583851365
19613,-0.008797280749397243
19614,-0.009593815404694613
19615,-0.01711095078358753
19616,-0.01954437831541919
19617,-0.011985101847322698
19618,-0.007452916312403839
19619,-0.011378237786510245
19620,-0.005469022728099111
19621,-0.0096978300258229
19622,-0.018600029084033784
19623,-0.018873545867620845
19624,-0.02386772485148694
19625,-0.02710024744660108
19626,-0.01905230115081974
19627,-0.017700185207338962
19628,-0.012149341572180937
19629,-0.004599180405825043
19630,0.00499796744068592
19631,0.0011901130922143605
19632,0.008952236685440039
19633,0.004957759208439985
19634,0.002685556192822033
19635,-0.0029509222874118976
19636,-0.0061341867094717156
19637,-0.011117779177722597
19638,-0.012789981764825074
19639,-0.013131934133736008
19640,-0.008536743030476874
19641,-0.0044291251680523775
19642,0.009072911351783319
19643,0.007827911473813013
19644,0.009082588110680688
19645,0.003102048071165147
19646,0.0031564055468869773
19647,-0.004810019829425516
19648,0.001349305324540177
19649,0.005787212774572252
19650,0.00604647753329242
19651,0.00034729177074210876
19652,-0.0034875148707823565
19653,-0.004237696208955735
19654,-0.00402700570568912
19655,-0.013264447354881793
19656,-0.007906059060785838
19657,-0.008735674153215637
19658,-0.008773672814975228
19659,-0.011031216078418492
19660,0.004211403700297872
19661,0.001676563844508432
19662,0.0019487891002338308
19663,-0.0034540743960621077
19664,-0.00566972796853817
19665,-0.011861770237946873
19666,-0.013679152996318264
19667,-0.00886158567611419
19668,-0.015122067953397255
19669,-0.015605728496129278
19670,-0.017219660216264997
19671,-0.011577082039185659
19672,-0.02794031715381891
19673,-0.022738157153382746
19674,-0.019305275405183543
19675,-0.01880424103878043
19676,-0.016399223402488245
19677,0.006201550387596993
19678,0.0203537507435407
19679,0.019586901299602742
19680,0.022186197056423176
19681,0.023229578609187423
19682,0.020933276503643978
19683,0.008716524560540412
19684,0.018102753366093766
19685,0.02127802291149335
19686,0.018570039081576242
19687,0.015991685863006252
19688,0.02759976688922071
19689,0.019391632848760575
19690,0.011547859346286042
19691,0.013898923488187276
19692,0.011360622742599105
19693,-0.004096189966771882
19694,-0.002011563279893375
19695,0.00018874248348827843
19696,-0.0059964716466365435
19697,-0.010112615621586316
19698,-0.005515628359276883
19699,-0.004669597742634021
19700,-0.005618891502224903
19701,-0.002524123073468341
19702,0.0005472628126449879
19703,-0.005668733533007751
19704,-0.01091414466397324
19705,-0.0073617721749169715
19706,-0.006398278079760923
19707,-0.004382320066735882
19708,-0.00848704323463547
19709,-0.015608810811358452
19710,-0.01825268910970804
19711,-0.021784933877992158
19712,-0.022064099481843274
19713,-0.006926767576458007
19714,0.004641888260990132
19715,-0.006946996537350489
19716,-0.0058151784012785935
19717,-0.014427168605003269
19718,-0.014468268888775952
19719,-0.017792659813381455
19720,-0.006528293322284945
19721,0.001685768395930645
19722,0.015333756507123847
19723,0.009447428283872671
19724,0.00218820182620984
19725,0.0022839586270296643
19726,0.022465018094583095
19727,0.01728255711808439
19728,0.01736429096332597
19729,0.015100190460748435
19730,0.013106401466653091
19731,-0.01286140925782243
19732,-0.006566888249222048
19733,-0.0027493669993714793
19734,0.00750240335387596
19735,0.01122823147705945
19736,0.010308670507411554
19737,0.0035870580107380235
19738,0.005042620748970653
19739,-0.002838714169602435
19740,-0.0038799403176720502
19741,-0.007630328353350272
19742,-0.0074287066315291
19743,-0.011651575452430084
19744,-0.0008680040338553723
19745,-0.00026554735410827925
19746,0.003881321343355832
19747,0.009177745712670049
19748,0.012332380417099725
19749,0.0073852504117327255
19750,0.005773156408878455
19751,0.01479185236201795
19752,0.008698284712042469
19753,0.004731302594068077
19754,0.006795050227764633
19755,0.008043884383830075
19756,-0.005045520637408108
19757,-0.0009923139378254376
19758,-0.007293578735401574
19759,-0.010486076252638959
19760,-0.0033376679440686695
19761,0.0009307054278730702
19762,-0.0028857660379039024
19763,-0.0050370268326399275
19764,-0.002719071101888041
19765,-0.01671868502416717
19766,-0.006001815541224357
19767,-0.00486226679920628
19768,-0.002492490195999569
19769,-0.00014824857203326531
19770,0.006895991904258078
19771,-0.005846790912422517
19772,-0.009350359771059096
19773,-0.0029589730319197873
19774,-0.008639982981119187
19775,-0.011728566913966678
19776,-0.013737634984943852
19777,-0.01636017471282224
19778,-0.017754996214763917
19779,-0.01216931589662605
19780,-0.00014058039308666016
19781,-0.0002076184229839234
19782,0.005399204653934414
19783,0.009366613041403791
19784,0.005344167221636451
19785,-0.006081704737491027
19786,-0.0015753351578077976
19787,-0.002500715327873747
19788,-0.0058035843058583825
19789,-0.015454005753373171
19790,-0.007565809905024554
19791,-0.009016235729099145
19792,-0.01839931987652118
19793,-0.020500231150048797
19794,-0.007278830731646295
19795,-0.017656627369674757
19796,-0.01961275340574839
19797,-0.010591701750872061
19798,-0.013710209709230576
19799,-0.013379514445135795
19800,-0.008344845045155334
19801,-0.0008115919523836661
19802,0.003009565061677881
19803,0.009460800660488046
19804,-0.0027828657405913576
19805,-0.0008569880041490312
19806,-0.005533161948805876
19807,-0.013846700155654958
19808,-0.005984165159702612
19809,0.00561644418594749
19810,0.001861043765121027
19811,0.0007986514935150723
19812,0.015657957585428924
19813,0.012501192969695561
19814,0.01976049289508148
19815,0.019387041622100122
19816,0.02367904045940273
19817,0.011810669428216312
19818,0.006338235556586659
19819,-0.006293840949999473
19820,0.002454917823629689
19821,-0.00302951504270425
19822,0.0002819799312279282
19823,0.0025530789916488553
19824,0.007174801495766527
19825,0.0007683438993300837
19826,0.00045208006723266523
19827,-0.0011386784019955893
19828,-0.002768259247271163
19829,-0.006868265907985805
19830,-0.01042729919790854
19831,-0.012713473905212453
19832,-0.009468014677751508
19833,-0.010284435146026082
19834,-0.014325593202364513
19835,-0.01098809608954528
19836,-0.006772253544327437
19837,-0.006027809031218061
19838,-0.007992039607043762
19839,0.0032409972455617686
19840,0.011701701526385036
19841,0.010137374420025115
19842,0.0070684740650385405
19843,0.01304578219782895
19844,0.016443684202674645
19845,0.009314456659952366
19846,0.012065422970873759
19847,0.013337038998396836
19848,0.012758506623237163
19849,0.008731989510092436
19850,0.011389348345031157
19851,0.011084196169848778
19852,0.0036750118508716003
19853,-3.2194749063871474e-05
19854,-0.0027378630008823195
19855,-0.002411410875036291
19856,0.002112339968653855
19857,0.021500608243242268
19858,0.023154823754215716
19859,0.02250754201685882
19860,0.01869165797262778
19861,0.019625609959004146
19862,0.008463738254675945
19863,0.00843131860078145
19864,0.015314675731899288
19865,0.011732008076858202
19866,0.0037020669405610526
19867,0.004883935478998472
19868,0.0015636709863421697
19869,-0.003745131647051782
19870,0.0026505136883349712
19871,0.006303802670613941
19872,0.002664730483518216
19873,-0.0007991216851162864
19874,0.006097937491283353
19875,0.005578083753244058
19876,0.0009823414262835493
19877,-0.00472359024642442
19878,0.001253873549850703
19879,-0.010197659681017646
19880,-0.014816300252250742
19881,-0.011006825983719073
19882,0.001293882082687002
19883,-0.0030901682345078705
19884,-0.0027333701275011092
19885,-0.006914001234155261
19886,-0.006500109824460067
19887,-0.012947615789946462
19888,0.0010775692323547526
19889,0.006594202354777472
19890,0.01350274399642063
19891,0.010012691575330622
19892,0.009001219765040426
19893,-0.007190019583928933
19894,-0.008670594872671387
19895,-0.003999222986817385
19896,-0.002110556809998353
19897,0.0051042642101866865
19898,0.014642137205094235
19899,0.014719014907823427
19900,0.009221066479363509
19901,0.009424880562516318
19902,0.005435980273928418
19903,0.00407910935783209
19904,0.00880351261767991
19905,0.009842050157976283
19906,0.006814136898932497
19907,0.004402063979127845
19908,0.0017250030784791803
19909,-0.013127680765028776
19910,-0.016150397297990973
19911,-0.01563973865941486
19912,-0.014670845241131365
19913,-0.0115888422187002
19914,-0.0013763576477444656
19915,0.0023756772851839026
19916,0.008051743965865735
19917,0.008178286103397575
19918,0.009808326185035132
19919,0.018979553804376808
19920,0.015435873566667924
19921,0.014254602681729516
19922,0.015673123315580583
19923,0.012706883770069344
19924,0.002723716398026849
19925,0.0032070512719829226
19926,0.0014176253117298972
19927,-0.00098264591549186
19928,-0.0032734502869152258
19929,0.0007087179604764147
19930,0.0005665048218144859
19931,0.002384927197508394
19932,0.0011688059998533494
19933,0.005700453177928239
19934,0.003532487848366783
19935,0.0047141148568683585
19936,0.0003114913775179515
19937,-0.005287486048540157
19938,-0.002672480465588927
19939,-0.0027974655201088664
19940,-0.0005694976636059741
19941,0.0023467741935484353
19942,0.013137985648555953
19943,0.004144627197152567
19944,0.002514946970420406
19945,0.005887556475766681
19946,0.008133877287458255
19947,0.004711783906308277
19948,0.008639749801354457
19949,0.008914151172812917
19950,0.004163446719371814
19951,-0.0020814234310353842
19952,0.0023965623713461948
19953,0.001788505725841716
19954,-0.003349253003395037
19955,-0.013446750651433003
19956,-0.008386141750484244
19957,-0.009343858404390015
19958,-0.012169855788633712
19959,-0.008061864323224139
19960,7.871097486400981e-05
19961,-0.002899497862644707
19962,-0.008023189619499622
19963,-0.0034103375173772828
19964,-0.007887740852039497
19965,-0.0051593328753513235
19966,-0.0008717265246994995
19967,-0.001046926494946063
19968,-0.002175199388930891
19969,-0.0026706951334495173
19970,-0.008179021603336629
19971,-0.012113756021688581
19972,-0.0009112681112901994
19973,-0.005349101600784083
19974,0.004197037774917818
19975,0.001407779234860081
19976,-0.0009593179405408871
19977,-0.011335679753437541
19978,-0.019340041195202096
19979,-0.023366945631457473
19980,-0.012363656504727035
19981,-0.011668135646409675
19982,-0.009345754807885782
19983,0.003996056995122624
19984,0.008277444272716542
19985,0.0032062520579859625
19986,0.005899597608676461
19987,0.010935429047843065
19988,0.011742969816868691
19989,0.013106995698726866
19990,0.020200369220285026
19991,0.017156365661079014
19992,0.010722509180809829
19993,0.0059259923584084155
19994,0.0040295907567471315
19995,-0.00163968261547645
19996,-0.0004013956217000924
19997,-0.0073093588246862925
19998,-0.004896211179000421
19999,-0.005277235936238113
20000,-0.0032761263562862174
20001,-0.0013811041084443782
20002,0.0034477771229568395
20003,-0.0026783392083405376
20004,-0.004838708829579113
20005,0.0030862983561593497
20006,-0.0029151821195872382
20007,0.002437733435620958
20008,0.0029291428042989226
20009,0.005230667000499649
20010,-0.005333037068019107
20011,0.009630534198623211
20012,0.006019143821184645
20013,0.01247322377220573
20014,0.01293518953246203
20015,0.014317217954590873
20016,0.0014761610023208377
20017,-0.003441432514833409
20018,-0.008212779233323047
20019,-0.010776419957451473
20020,-0.0097616878560717
20021,-0.007890201755781798
20022,-0.0035494527828995085
20023,-0.0024435970882522775
20024,0.0014712302510740234
20025,-0.0002901773273909143
20026,0.0075695352609881335
20027,0.008433728938289734
20028,0.011801866248671796
20029,0.009710883258374464
20030,0.007624011566491072
20031,0.0016454363072310038
20032,0.0028563658976897624
20033,0.0076160195302813925
20034,0.001978210384709905
20035,-0.001886840972606291
20036,0.0007600822561173728
20037,-0.0004808835191237442
20038,-0.0058752148226188395
20039,-0.002395614036222777
20040,0.0028069850362662306
20041,-0.006293226523460103
20042,-0.0052282014758686145
20043,-0.00694686817454183
20044,-0.005589526855254945
20045,-0.0033332096312215266
20046,0.0027423422924696705
20047,0.005788078123411283
20048,0.006904791021890251
20049,0.005678597338457505
20050,0.005970838685285439
20051,-0.0009507626804163565
20052,-0.007240380851653988
20053,-0.004473790475360034
20054,-0.0018956662444563805
20055,-0.003766083506107197
20056,0.0014993129018064616
20057,0.000821465901462263
20058,-0.0016266550367782485
20059,-0.0015094335699793189
20060,0.0005708154060402289
20061,0.0009096407868874021
20062,-0.00057606737483647
20063,-0.018635963312430018
20064,-0.02236833851597331
20065,-0.020010765819535703
20066,-0.017511898443730575
20067,-0.01367460634242988
20068,0.010344075264468656
20069,0.006514549577828235
20070,-0.002819544389607478
20071,-0.0075448756936273
20072,-0.007869689335980716
20073,-0.013119121241663338
20074,-0.0024229451850974874
20075,0.0024302666783228054
20076,0.005462930344104643
20077,0.004089570395031673
20078,0.00988355027564755
20079,0.0026483793790203396
20080,-0.002658700989975066
20081,0.00022093709154489497
20082,0.0019142429773452273
20083,0.001167104716270929
20084,-0.00037764280544184823
20085,0.004884798334294108
20086,0.0031239915176775462
20087,0.0026549317903686253
20088,-0.0020704693274947385
20089,0.0035900202199886516
20090,0.006597162344731477
20091,0.006569531774148914
20092,0.00885587210306403
20093,0.00831915995949385
20094,0.005209446807994682
20095,0.00402358393519795
20096,-0.0013848000273126103
20097,-0.002579305991309147
20098,-0.0020416476180209774
20099,0.0006718669483157822
20100,-0.0008251498773658726
20101,0.007441163004204888
20102,0.0051848306578639565
20103,0.005179478782587347
20104,0.003753324648430498
20105,0.002134641672239022
20106,-0.0016236851282971773
20107,0.0060104903150232395
20108,0.009358012618543968
20109,0.008250353316158998
20110,0.006502408052437418
20111,-0.0005171820533121262
20112,-0.006819031846147056
20113,-0.014506310357690618
20114,-0.016713713692199258
20115,-0.012541417813554927
20116,-0.005686975912168552
20117,-0.010851738615121696
20118,-0.006412708075895733
20119,-0.0007178983433824475
20120,0.00017566452073699158
20121,0.0007311512804355852
20122,0.006433205882695269
20123,0.01439737560930437
20124,0.010858172777271344
20125,0.007905355538547253
20126,0.008692476720946364
20127,0.009036613320434955
20128,-0.0019380097675066464
20129,-0.0019297801948551475
20130,-0.0015850002008640865
20131,-0.0015484673405276096
20132,-0.008701415360759662
20133,-0.0015466766311767752
20134,-0.0027466729079572987
20135,0.0011485717839074879
20136,0.0003722502816676215
20137,0.014520417045110439
20138,0.010285276404371982
20139,0.010983947887671031
20140,0.0074913394843829865
20141,0.006722018943776736
20142,-0.0019809305322089498
20143,0.004005392332608689
20144,0.004936928823503121
20145,0.00414199022241627
20146,0.0034782793520482863
20147,0.0026244205302311473
20148,-0.0034243624085920576
20149,0.004804134948908696
20150,0.00573668763686799
20151,0.001761912671021874
20152,0.0021880665460105634
20153,0.013584774158404717
20154,0.005865228297192758
20155,0.005556480367384851
20156,0.015527378550052654
20157,0.017662376980091304
20158,0.0009146971473761094
20159,-0.0018514196215278587
20160,0.0009106320500649084
20161,-0.006080387974812136
20162,-0.008120879338450253
20163,-0.0027622546980532203
20164,0.004307462067883358
20165,0.013455408412599283
20166,0.016321565235295935
20167,0.02705288789424724
20168,0.0290425553149489
20169,0.020285345531310322
20170,0.009086126714414488
20171,0.007662235257241564
20172,-0.0012032440995815128
20173,0.002194865020526196
20174,0.006184983352246506
20175,0.00526682374518884
20176,0.0037933799072346567
20177,0.008792093178275798
20178,-0.0014739344372126397
20179,-0.003031220154726393
20180,0.0012627696151948941
20181,0.003536501812982205
20182,0.0008007456480166037
20183,0.009898883971282907
20184,0.010170258470657252
20185,0.009998801708506179
20186,0.011690171816404298
20187,0.00942507837346914
20188,0.005456056756966968
20189,0.0010598012417346186
20190,-0.002862381632908118
20191,-0.010230641649239066
20192,-0.006564813890047619
20193,-0.006831457990351236
20194,0.009632850232043964
20195,0.0042511996062729015
20196,0.011404971962385685
20197,0.007279167058867634
20198,0.009843075090502255
20199,-0.0012565408307585258
20200,-0.0008748897820020471
20201,-0.0013450558500149527
20202,-0.0018371583001760635
20203,-0.006337771782628435
20204,-0.008555715286081197
20205,-0.0037618412000259387
20206,-0.007892432764356742
20207,-0.0037205369670308226
20208,-0.0009248174492375846
20209,0.002168576446869325
20210,0.002662464173797482
20211,0.006403907941077845
20212,0.001575835935947264
20213,-0.0020138192291838885
20214,0.0007504147157847191
20215,-0.001259754759891127
20216,-0.0016996051501640852
20217,0.0002045903894093475
20218,-0.0001312744507900362
20219,-0.005243569491763156
20220,-0.00369782958499428
20221,-0.0023522042703708534
20222,-0.005104873485622487
20223,-0.008984735925124797
20224,-0.010328208217703092
20225,-0.011025463229434315
20226,-0.012300877089961018
20227,-0.016310617500173964
20228,-0.019469385969534653
20229,-0.017853695837084984
20230,-0.009139686988963116
20231,-0.013678291548455616
20232,-0.006565784554548883
20233,0.013368792141873838
20234,0.005820182974379737
20235,-0.0020043296337419253
20236,0.00987522834870145
20237,0.012614974912498116
20238,0.0030425778286305525
20239,0.013383340161996894
20240,0.006435658787334635
20241,-0.00017293413161658966
20242,-0.0035175812968334446
20243,-0.008727455009776232
20244,-0.011585624520272057
20245,-0.008356960339437417
20246,-0.004561895345490135
20247,-0.004671622297435016
20248,-0.000806336978412542
20249,-0.0036466933827379476
20250,-0.00487904050671912
20251,-0.006588421668039208
20252,-0.0028288539583082393
20253,-0.0012161468037748208
20254,0.004934877454206636
20255,0.009210026416964712
20256,0.005869705646500478
20257,0.00035962214959724863
20258,0.0007212489884614976
20259,-0.003025377065962498
20260,-0.008262667163913736
20261,-0.01041493396896134
20262,-0.008946733795531254
20263,-0.013403144051868298
20264,-0.010151672410993266
20265,-0.0042787186867980585
20266,0.0026792621145318584
20267,0.0020278743694688794
20268,0.008382728362321776
20269,0.002716160466949372
20270,0.0038545085985387624
20271,0.00016713323638424754
20272,6.0926354761023095e-05
20273,-0.006609413108829667
20274,-0.0032972091860481827
20275,-0.009435139724695688
20276,-0.011227498788549924
20277,-0.009843576037296905
20278,-0.0019303543052788844
20279,-0.005241802482642418
20280,-0.000489401048409231
20281,0.004857227266945428
20282,0.0019524981003138048
20283,-0.001604120605556154
20284,-0.0007056989417590572
20285,-0.005806508147098273
20286,-0.00858794308937282
20287,-0.006417433845240626
20288,0.00030824248067407316
20289,0.00387818737563332
20290,0.0066210504613164935
20291,0.005287241989850204
20292,0.006015432201296907
20293,-0.009747178404614282
20294,-0.013497207069226098
20295,-0.01148879986666301
20296,-0.009511230360345003
20297,-0.00968939762009223
20298,-0.0011305799141555052
20299,0.003598094687683565
20300,0.0036746794950657047
20301,0.0021233030767599365
20302,0.002414514902475904
20303,-0.0036450635229685435
20304,-0.00046543548145742383
20305,0.005129277031795726
20306,0.006469666633387013
20307,0.00617814161685822
20308,0.01535339004512866
20309,0.006567399802175301
20310,0.0014020243989729202
20311,0.0005180296622605998
20312,0.0015840651401619688
20313,0.0003692779172828106
20314,0.0025210413739533617
20315,0.001996388707931128
20316,0.0006637901572549612
20317,-0.003711458594271972
20318,-0.010496139085402503
20319,-0.009246408025763398
20320,-0.013611440180332742
20321,-0.009067743865550208
20322,-0.0021075275665940383
20323,0.0019375742241958252
20324,0.006821640260844741
20325,0.01225587087549792
20326,0.005108364132421638
20327,-3.4230216479163726e-05
20328,0.0014161645286343365
20329,-0.0023960915807537354
20330,-0.005403112972083712
20331,-0.0023083129856486216
20332,0.0029526502687164512
20333,-0.001490324853251097
20334,-0.0022139453106927117
20335,-0.0004635050930166293
20336,-0.008000655449311247
20337,-0.012646033471096118
20338,-0.01033781037976249
20339,-0.00511499134277089
20340,-0.005644805407712725
20341,0.00146743565489448
20342,0.0014926513625934078
20343,0.0033693599674207366
20344,-0.005828520468829629
20345,-0.004731961373881295
20346,-0.005021131231482909
20347,-0.002884571216209509
20348,-0.0017189871262811428
20349,0.004600763199520393
20350,0.005518652540291426
20351,0.012863403329507752
20352,0.011813716508282961
20353,0.015592667999026718
20354,0.01303076177584439
20355,0.012487142312806161
20356,0.01134642375731308
20357,0.011616104193558153
20358,0.00654450328786554
20359,0.005257612251160491
20360,0.00021336809988295132
20361,-0.006088063949353478
20362,-0.0066804112806189584
20363,-0.004587069641166956
20364,-0.003726994294559623
20365,0.002327108952079654
20366,0.00271373269067362
20367,0.004883755458962419
20368,0.0043077724866642545
20369,-0.012827127528403216
20370,-0.013919773800804872
20371,-0.008864187563941691
20372,-0.010139095727472012
20373,-0.011076312416977811
20374,0.00688740034936608
20375,0.006945689875813979
20376,0.0012753929026742092
20377,0.0039859000843348895
20378,0.0014726161559753643
20379,0.0005260178290735855
20380,-0.005810131273448564
20381,-0.003316017013078745
20382,-0.007709965049081234
20383,-0.005600298353814359
20384,-0.0064440566053250384
20385,-0.0052813146673456384
20386,-0.009223018154606492
20387,-0.010045705272419471
20388,-0.010322970585500392
20389,-0.008369433373765464
20390,-0.003528395174022421
20391,-0.0005312284978166521
20392,-0.005818300050179811
20393,-0.0027646457322983197
20394,-0.00015413870240247584
20395,0.0003831159821696025
20396,-0.004899596844196632
20397,0.0021315397008127976
20398,-0.00015519493452116392
20399,-0.0005441335052161654
20400,-0.0007953976949369407
20401,0.0025910047524020235
20402,0.002331037130802375
20403,0.0029473291857833555
20404,0.0005024100020565473
20405,0.0007117575140251363
20406,0.0023316521783206976
20407,0.007414272958860321
20408,0.005690472139026682
20409,0.0055576467924383375
20410,0.016568921760795278
20411,0.016838305502791397
20412,0.011674007610787922
20413,0.01058084760963611
20414,0.01163755375818265
20415,-2.7955570647554532e-05
20416,-0.0016788652931707887
20417,0.003246653354952053
20418,0.004580348694034399
20419,0.00979274401467632
20420,0.011110726390668263
20421,0.01119174177644245
20422,0.008286252931583974
20423,0.010272279568782083
20424,0.0033777658139930397
20425,0.0005780955316183241
20426,0.006829302234397973
20427,0.005072982257108289
20428,0.00057536584057556
20429,0.0027242970394909492
20430,0.0026892910544058487
20431,-0.005055769845315404
20432,-0.009917219486632715
20433,-0.00620324679823857
20434,-0.004677330809275898
20435,-0.0015218164101313627
20436,0.0011998280238049567
20437,0.004929319171697121
20438,0.004163092673277473
20439,0.002614532234570442
20440,-0.002335961680606025
20441,-0.00776130437920079
20442,-0.006884887489471997
20443,-0.0053669547625008075
20444,-0.005508575105459404
20445,-0.002131273449211105
20446,0.001972026216108368
20447,0.0035091847487513043
20448,-0.0030839255761246883
20449,-0.002397583849944399
20450,-0.0032242138562346505
20451,-0.001917464230594874
20452,-0.001587980180257658
20453,-0.0025077387750387613
20454,-0.005506000334484932
20455,-0.007082224901596756
20456,-0.006782833730244666
20457,-0.01371289127425153
20458,-0.008786982415274914
20459,-0.0023764045332672233
20460,0.0001107664188086108
20461,-0.004754357754502474
20462,0.00048657514887159625
20463,0.0012473584741802537
20464,-0.006177180945225145
20465,-0.007060769851846373
20466,-0.010550545274131636
20467,-0.008809593569179963
20468,-0.013123541161887001
20469,-0.011688560848208017
20470,-0.013597996907369937
20471,-0.0017022992910869412
20472,-0.00302313867841329
20473,0.007782181574296856
20474,0.005855581508271398
20475,0.00990743233209554
20476,0.009110352314344743
20477,0.00857237644686276
20478,0.0026238639504868443
20479,0.010864515941091177
20480,0.009908698954911685
20481,0.006711836964282502
20482,0.0019140485987040085
20483,0.006481009748308454
20484,0.00264634738449018
20485,0.0011894885636487757
20486,0.0005417636490482265
20487,0.006010108791525887
20488,-0.003155721439486303
20489,-0.0034626077878778545
20490,-0.002183448188326401
20491,-0.0022381286621878196
20492,-0.006895426390154047
20493,-0.006485722173914157
20494,-0.009991035930698751
20495,-0.005525154943554912
20496,-0.004378585849735998
20497,0.00046626789807613513
20498,0.0032993511933916684
20499,0.005071683240633408
20500,-0.00033142985571931415
20501,-0.002800415041179343
20502,-0.0006406255940398962
20503,-0.0011752043276510987
20504,0.0031643530338269937
20505,0.004147613924047334
20506,0.010007804525067318
20507,0.008655671656932486
20508,0.01099409166701654
20509,0.006819293495085917
20510,0.005798874170801807
20511,0.002564595426077352
20512,-0.0013901211596556255
20513,0.000436293911367283
20514,-0.0006551973394427629
20515,-0.004730631492885309
20516,-0.005890913900331909
20517,-0.004561823434437606
20518,-0.004552696540022381
20519,-0.0012851005260398794
20520,0.004155820596770401
20521,0.005838158500988418
20522,0.009194624411091585
20523,0.0058183143568013105
20524,0.011902989213036326
20525,0.012795647878469069
20526,0.012323728843103423
20527,0.012567161949814144
20528,0.008901933627428513
20529,0.0011442532986083035
20530,0.00045733090031612616
20531,-0.002922134485035826
20532,-0.005854882272159034
20533,-0.002356454745542195
20534,0.00037202748644490663
20535,-1.1649642571308218e-05
20536,0.000950572273460047
20537,-0.0033443354508450296
20538,-0.0007424220196269107
20539,-0.005044823027132001
20540,-0.0035534356335820434
20541,-0.0021370736223512653
20542,-0.0022586218939488123
20543,-0.00394386681638094
20544,-0.0036229162629958186
20545,-0.006272394601455541
20546,-0.009359645741565791
20547,-0.008741695593586512
20548,-0.014732595711548323
20549,-0.017192271425176334
20550,-0.01597907650472655
20551,-0.012721061913377301
20552,-0.008469014906414761
20553,-0.0030731297543674235
20554,-9.412396073628859e-05
20555,0.0029929404034478133
20556,0.006249457309283471
20557,0.005797003495099122
20558,0.006020867451192078
20559,0.00540067557201285
20560,0.0020047153309412564
20561,-0.002567810318417225
20562,-0.002262532904811541
20563,-0.011455743356604632
20564,-0.00952902170727849
20565,-0.0112811181186343
20566,-0.01056939798594749
20567,-0.011185741437135036
20568,-0.002350179028882092
20569,-0.007879503524690638
20570,-0.005483364190281132
20571,-0.005206723057780286
20572,-0.0026391210265168568
20573,-0.004336068081144373
20574,-0.003054181720653921
20575,-0.010681065897258108
20576,-0.011372165116658494
20577,-0.011949759213428819
20578,-0.009618434960714045
20579,-0.005767498984232705
20580,0.0013234275657359367
20581,0.003876738662988286
20582,0.0010261558076697245
20583,0.003207155958425278
20584,0.001100126369814006
20585,0.0010997171586941458
20586,-0.0013549596561425617
20587,0.008150638220122153
20588,0.007221847579402473
20589,0.00879717480346532
20590,0.00864883644758806
20591,0.0060795704977405435
20592,-1.0273531458005001e-05
20593,-0.0005521911386343609
20594,-0.0011910897024641478
20595,-0.0024739849010406317
20596,-0.008794397217082587
20597,-0.012678458343299615
20598,-0.016201905651333528
20599,-0.017691795372639693
20600,-0.014697528867745441
20601,-0.0050612467030939435
20602,-0.0002713450791689491
20603,0.0009519559242801716
20604,0.00256223763930044
20605,-0.004510958778044249
20606,-0.007929543712041196
20607,-0.009543690942407514
20608,-0.008624943399393733
20609,-0.007817292669333436
20610,-0.002496542731728334
20611,0.0036170604188550315
20612,0.004151467254146793
20613,0.00469497492355466
20614,0.0034074928202336542
20615,0.0028527507532619643
20616,-0.0008829308897605844
20617,-0.004187435011572138
20618,-0.0036290963193240156
20619,-0.0028299343691501615
20620,0.000901289340742447
20621,0.0022390039163065877
20622,0.0034936486464638146
20623,0.001090566585567723
20624,-0.0021745171150329306
20625,-0.0019515271887917186
20626,-0.008573381851679837
20627,0.0004419996321144502
20628,0.002589056494326581
20629,0.004457004758959689
20630,-0.003284632175787776
20631,0.0034718950850917705
20632,-0.0035819435687538034
20633,-0.001217790475096617
20634,-0.0025432728458678056
20635,0.0030752917655407427
20636,0.003756929747976838
20637,0.0027048023778340805
20638,-0.0003648690729933531
20639,0.00018018250953024588
20640,-0.0014363669277322228
20641,0.0013210913101220762
20642,0.004530767984650403
20643,0.008341295919258735
20644,0.010229237572137461
20645,0.014888590128201
20646,0.011546109814877826
20647,0.006397638848178971
20648,0.0016190602360244405
20649,0.0017526051842993813
20650,-0.0008854337391128372
20651,0.0024589095932768426
20652,0.0050508701038554935
20653,0.005840644895337069
20654,0.0017346379172850544
20655,-0.0005097881178193192
20656,-0.00373993773300163
20657,-0.0040712605440175334
20658,-0.00328634398531049
20659,-5.1266358749815655e-05
20660,-0.00024798067186017206
20661,-0.003777625731538033
20662,-0.005767081890545166
20663,-0.006123181952235095
20664,-0.0057394701336898
20665,-0.00648764561179346
20666,-0.005165021985683509
20667,-0.004000801068090834
20668,-0.0033762525066157764
20669,0.0008172909809708641
20670,0.0033400641253778967
20671,0.006704481871195786
20672,0.00795840876864647
20673,0.007639387466162589
20674,0.005115443181793983
20675,0.0008379703515314496
20676,-0.000493222189672246
20677,-0.004272413079547289
20678,-0.006372679262023419
20679,-0.008836214108939222
20680,-0.005138463785062268
20681,-0.008443270642954645
20682,-0.005671219901277933
20683,-0.0052981855440958365
20684,-0.002895381725465247
20685,-0.0035011028835684175
20686,-0.008382150611604416
20687,-0.009238106086167857
20688,-0.005121626865278141
20689,-0.007059392636388075
20690,-0.004392359375151168
20691,0.0021362176833732093
20692,0.007112217395784192
20693,0.004061485963990306
20694,0.004821459310174555
20695,0.0029238795102461126
20696,0.005996944335528097
20697,0.000350811065490983
20698,-0.0014290774840154347
20699,0.008079361171551907
20700,0.008467720986224522
20701,0.016024559791647186
20702,0.020873877993396944
20703,0.023507909616712726
20704,0.017194200410897278
20705,0.014652444872485206
20706,0.00550922498876939
20707,-0.0003453629487773876
20708,-0.0016602438415601753
20709,-0.004789735245900112
20710,-0.005476221607030131
20711,-0.007577882402715836
20712,-0.005241572540331098
20713,-0.0014671087265644741
20714,-0.003060715182187251
20715,7.327373559821754e-05
20716,0.0031793290587017803
20717,0.004422674251827911
20718,0.0018431242423321045
20719,0.003319512181561275
20720,0.001982213508782455
20721,0.0014873712193669466
20722,0.001307604270486607
20723,0.003969770417319388
20724,0.00493192023747105
20725,0.010534788269419457
20726,0.012486129381696933
20727,0.012137405425296944
20728,0.008986698309069634
20729,0.006699859175603499
20730,0.0014049027396125105
20731,0.0006093618094866512
20732,-0.0004268667149702661
20733,0.0008295198606698938
20734,0.004499969221170397
20735,0.004715916753817296
20736,0.003214262364556139
20737,0.0027394711835719595
20738,-0.0020260056555311155
20739,-0.004287135788209836
20740,-0.003700396652818295
20741,-0.005070000381671454
20742,-0.002794868936601301
20743,0.002958448689878333
20744,0.0024738261061414656
20745,0.0018562884082698385
20746,0.004380274074414255
20747,0.003525526190646855
20748,0.0015123112276689236
20749,0.004517132011388051
20750,0.0022622810097936235
20751,0.0004710636242487086
20752,0.0013289174567770604
20753,0.002070672407628031
20754,-0.0004702962348332723
20755,-0.00122422591782558
20756,-0.0029624339380088954
20757,-0.0049805866808008145
20758,-0.003548164151569738
20759,-0.002449748418221653
20760,0.0005441321300408362
20761,0.0034398301912692835
20762,0.0041277859753786885
20763,0.001945800028867114
20764,0.0051928184149865105
20765,0.007657598228143219
20766,0.007701534829788232
20767,0.009451064818239261
20768,0.012371106191600891
20769,0.003413591006785902
20770,0.0031152792501061206
20771,0.0036195092346300124
20772,0.001419491852255537
20773,0.005355161807315118
20774,0.010571342268450516
20775,0.00828161180021767
20776,0.001772555876192118
20777,0.002938170308613254
20778,-0.0017614344048661437
20779,-0.002722722386027235
20780,-0.006970033341589699
20781,-0.0019349342488742907
20782,-0.0008419549020386404
20783,-0.004083458493141578
20784,-0.0042880182824623315
20785,-0.0009222772292472357
20786,-0.0009983511418399668
20787,-0.003856938184456669
20788,0.0012877259452408604
20789,-0.0022481892081786825
20790,-0.0015395750937127447
20791,-0.004209907969453759
20792,-0.003466526338964462
20793,-0.007308053435945611
20794,-0.002678649734205409
20795,-0.0005196424859696482
20796,0.006862442263540261
20797,0.005659733585507966
20798,0.015130177021548495
20799,0.014866398916069147
20800,0.017563524575396096
20801,0.010771337125141998
20802,0.012391655778670746
20803,0.002361784746582267
20804,0.001844545871739142
20805,-0.004532937465394718
20806,-0.0009749551888282191
20807,0.000261865246121619
20808,0.00093462542444928
20809,0.005279450724069769
20810,0.008570769384787989
20811,0.007457246658947365
20812,0.007585261327838856
20813,0.0050019751973994385
20814,0.004676217244528797
20815,0.001984472391597837
20816,0.0016179146636931903
20817,0.001208328512427897
20818,0.0039017382212258866
20819,0.0012599215367978518
20820,0.0030207226501900897
20821,-0.003919029692416077
20822,-0.007866763939803166
20823,-0.005975905502635052
20824,-0.00411034732535223
20825,-0.008070524274492622
20826,-0.0006752272894851349
20827,-0.0025493577228979346
20828,-0.004274530036671344
20829,-0.007178974181129789
20830,-0.0021013324949905533
20831,-0.0013880065920837226
20832,0.002341107067950038
20833,-0.001644783584846669
20834,0.0008043899244011155
20835,-0.0008491406534508503
20836,0.013762717988775723
20837,0.020024901326719944
20838,0.0234370035852424
20839,0.01586778560455257
20840,0.016028002620810177
20841,0.0027024456796436902
20842,-0.00998646786428132
20843,-0.007902800177019574
20844,-0.0027777694608536884
20845,-0.005611212546285067
20846,-0.007012848258910819
20847,-0.0001319211582978258
20848,0.005089550251173344
20849,0.005066855419603785
20850,0.00934851413215154
20851,0.009940020446093933
20852,0.014617338031617003
20853,0.007167542010528034
20854,0.01029770899250935
20855,0.004620276823902045
20856,0.003006197816305421
20857,-0.005641562045192252
20858,-0.003905574803726029
20859,-0.006067451611186408
20860,-0.003146013264419222
20861,-0.007945974894005866
20862,-0.003968018171335354
20863,-0.004304933581485756
20864,-0.007935044097901857
20865,-0.006513907761418162
20866,0.002072253210533204
20867,0.0040921581778638
20868,0.0053161092921461895
20869,0.004893616383256921
20870,0.008864897867313402
20871,0.005748836130164187
20872,0.007200579327811724
20873,0.007668861525488889
20874,0.010414969983788835
20875,0.00698309877639153
20876,0.002856874121304508
20877,-0.0028196560434282265
20878,-0.00808304652243428
20879,-0.011340790001203464
20880,-0.013217707084870002
20881,-0.008518070047008264
20882,-0.003954819320349291
20883,-0.001194472772025381
20884,-0.0006295540919895767
20885,-0.0017201963460966886
20886,-0.002060436482944217
20887,-0.0024084553382125364
20888,0.004480282286352479
20889,0.008933891296766798
20890,0.008471769049061549
20891,0.0009875692003133661
20892,-0.0023811397984886008
20893,-0.009738216192059754
20894,-0.012595834652111578
20895,-0.013139027250096507
20896,-0.004919766586456446
20897,0.0012572083482629063
20898,0.0009717600194801737
20899,-0.0017969984350336178
20900,0.0012503549151865895
20901,0.0004117153554300041
20902,-0.00037731237873881406
20903,-0.00046856684911990315
20904,0.0032583048198263163
20905,0.0043936988661656025
20906,0.013041299283499563
20907,0.010129908814604835
20908,0.0021841756846080265
20909,0.004038431385864861
20910,0.0034636174262831303
20911,-0.007273419179151807
20912,-0.005309170191789123
20913,0.0047167532039897745
20914,0.005454012403010559
20915,0.006632898190754395
20916,0.008431913925477303
20917,0.0017343114336685163
20918,2.479067374794958e-06
20919,-0.001977060753192417
20920,-0.0026158250750315253
20921,-0.010542724061581356
20922,-0.003882246215163145
20923,-0.0074889960669693185
20924,-0.006655132029631946
20925,-0.007664807218747731
20926,0.0009607039407821474
20927,-0.0014257785235951461
20928,0.001612058819415487
20929,0.0035576668331451433
20930,0.0007297157725881789
20931,0.0008406502889813371
20932,-0.0013979124009781219
20933,-0.0012231828689561425
20934,-0.004161542731444639
20935,-0.00995653566705345
20936,-0.009820349559222329
20937,-0.00786347256917436
20938,-0.009476358415779826
20939,-0.0026272788679909407
20940,0.004753995824138327
20941,0.006635051066228102
20942,0.008937868271762368
20943,0.010742919828764665
20944,0.008933002729806702
20945,0.009311636588546744
20946,0.005986723928158248
20947,0.002409797132822503
20948,-0.0005920509552868844
20949,-0.005160729537238565
20950,-0.00019764455365101676
20951,0.0012983487775082843
20952,0.00251541327879577
20953,0.003960906479387228
20954,0.0010687189261743772
20955,-0.0026615268924233774
20956,-0.007243517355794957
20957,-0.007636946977456237
20958,-0.006079603031251306
20959,-0.007562467385442812
20960,-0.008509384775937904
20961,-0.005495823294216181
20962,-0.007623978386896156
20963,-0.0036040550871268215
20964,0.00032728179916645725
20965,-0.0012002272369960305
20966,-0.0017909009470245785
20967,0.0012979731166165224
20968,-0.0012413359344666767
20969,-0.0030419220210164085
20970,-0.0012700633422404388
20971,-0.003521788708280719
20972,0.0009129125684339437
20973,-0.0007508535682254825
20974,0.004977458239734349
20975,0.004885803224438772
20976,0.007838759658598001
20977,0.006845751678010863
20978,0.01142416552516379
20979,0.00763981196466481
20980,0.021071213998770297
20981,0.02144192604958718
20982,0.017401154651857098
20983,0.015136834206425727
20984,0.016535861623341072
20985,0.005758419246684479
20986,0.006773778942381867
20987,0.008754918707305458
20988,0.006710607207326397
20989,0.009545668242005393
20990,0.011772693693808012
20991,0.010196477872785058
20992,0.010080144494070197
20993,0.009534357065905526
20994,0.0041969960638178145
20995,-0.002252874084280072
20996,-0.0009257977226050806
20997,-0.00213176693933604
20998,0.0019072747323934393
20999,0.0008069041672284671
21000,0.0028336286590665877
21001,-0.005331529276329629
21002,-0.0062096408335827295
21003,-0.008850477113696631
21004,-0.005077759135472609
21005,-0.007552182428415525
21006,-0.00014394272972719738
21007,-0.0006774628506325449
21008,0.002358696622930844
21009,0.0005090838283297308
21010,0.00501433760600238
21011,0.003741350357760118
21012,0.0062249773236268
21013,0.0033107235337627647
21014,0.004268367074242866
21015,0.00328207824364353
21016,-0.002033371773984488
21017,-0.005962373609560447
21018,-0.006622522948853169
21019,-0.007322015628430907
21020,-0.017444023672914116
21021,-0.014335311389312546
21022,-0.01729356277078879
21023,-0.014087394806102105
21024,-0.014752531600079997
21025,-0.003647803058340783
21026,0.001333183835773002
21027,0.006985711909033224
21028,0.002529040600661845
21029,0.005297728601326611
21030,0.004116250814554248
21031,-0.0052966595929946
21032,-0.005939586342609226
21033,-0.00538400283135727
21034,-0.003367912992230567
21035,-0.0047566783607393155
21036,0.0032376256786299873
21037,0.0024648576884865937
21038,0.005892289588797572
21039,0.00018547006823033154
21040,-0.009311681892387395
21041,-0.008075694347555297
21042,-0.00639198561723176
21043,-0.012864501791970339
21044,-0.011630309141437733
21045,-0.0019266530106375659
21046,-0.0038890090655065413
21047,-0.005884183266784147
21048,0.0015270169514808698
21049,0.0024275842849002215
21050,0.0021113601182221674
21051,0.002088445388248863
21052,0.005077037187046552
21053,0.0011415286843248409
21054,-0.0001576243258766925
21055,-0.0005254236740752933
21056,0.004700019608267036
21057,-0.0024923206795866354
21058,-0.0012668086696969673
21059,0.0003728961593433335
21060,0.0019240864504146903
21061,-0.004360425208244366
21062,0.002287599177598621
21063,0.0013168757415036733
21064,0.00671260695983783
21065,0.003727906257310634
21066,0.007567767932052267
21067,0.008814059408840249
21068,0.006862127306620588
21069,0.000459511581589949
21070,0.001535599815718071
21071,-1.0602733335368414e-05
21072,-0.0023359979373347066
21073,0.0002533975733977392
21074,0.0023058660611653702
21075,0.006498462929542547
21076,0.0072607301415479695
21077,0.010652876133528033
21078,0.009636279311386773
21079,0.012192138904929784
21080,0.007250420618057207
21081,0.0061087486514559575
21082,0.007642347599569366
21083,0.011067618550855675
21084,0.0049872525591427
21085,0.0030123466046167893
21086,0.0025898345829537188
21087,-0.0020652986958517843
21088,-0.004662098074494567
21089,-0.00472856431304222
21090,-0.0009222253394517764
21091,0.0036997407390598923
21092,-0.0002724974157637212
21093,-0.0020637739875222836
21094,0.0009355881663759047
21095,0.003008501049878256
21096,-0.0015484292775964361
21097,0.005150949619868014
21098,0.006701389226446684
21099,0.00508622023920699
21100,0.002879594909535026
21101,0.001556642611517604
21102,-0.0019909500514217826
21103,-0.00029405423779713477
21104,-0.001540639774621951
21105,-0.001302118865195639
21106,-0.0009695761042287585
21107,-0.004522387402449606
21108,-0.006269689377245254
21109,-0.0030045681329155982
21110,-0.0017591368115156953
21111,-0.0006382178498667235
21112,0.0033789441370749903
21113,0.004868632702562743
21114,0.0028329848273829167
21115,-0.0021842047382490478
21116,-0.0026860048033737058
21117,-0.002622447286411412
21118,-0.00253280150870131
21119,-0.0029291897689433305
21120,-0.0017379339342342036
21121,-0.0008297535993629015
21122,-0.005012412022308347
21123,-0.006989982237735134
21124,-0.0012216765874340123
21125,0.0019143503319470315
21126,0.0012477297709927412
21127,0.004206270301197945
21128,0.0009561377893197315
21129,-0.0025490415540631093
21130,-0.0026757463400235324
21131,-0.0023435563850441894
21132,-0.0005765716012235127
21133,0.007861087531344792
21134,0.009038279543091166
21135,0.008640654493558912
21136,0.008942005064532821
21137,0.007752941007651377
21138,0.0030190326848891676
21139,0.004124535995731198
21140,0.00287758188537338
21141,0.002533455673568677
21142,0.007992560838986038
21143,0.004253593101399671
21144,-0.0006128478470084511
21145,-0.0006428674196619198
21146,0.00037234711699174667
21147,-0.004162960497726168
21148,-0.0028078596041364134
21149,-0.002098325882581796
21150,-0.0007566736788785795
21151,0.0005898110560840896
21152,-0.005846786215067701
21153,-0.003852823584774212
21154,-0.0020432380191623954
21155,-0.0015383455208366234
21156,-0.003981581251748304
21157,0.00040871703963094535
21158,-0.0014230036043135202
21159,-0.003643212805338997
21160,-0.008377777209376637
21161,-0.00969662783367182
21162,-0.009226945931179783
21163,-0.010382648673918953
21164,-0.013426431658081956
21165,-0.008031227468141161
21166,-0.006622973153387899
21167,-0.005778579605954805
21168,-0.0029017490534129923
21169,-0.0028645034611010653
21170,-0.0039708521251920845
21171,-0.00798878323233519
21172,-0.006712348232238183
21173,-0.005949020181598032
21174,-0.0030209865847213055
21175,-0.002494909203037856
21176,0.0027325815540732187
21177,0.00163587389168979
21178,0.0011540043927733528
21179,-0.0014035427474115218
21180,0.0005298584887725271
21181,-0.0017517491603685105
21182,-0.0020614213274349528
21183,-0.00209148824225443
21184,-0.0016229473525377937
21185,-0.005084539977948305
21186,-0.004504498941795894
21187,-0.0040814288560381065
21188,-0.00800307101196072
21189,-0.004808373661202219
21190,-0.002466217556948904
21191,-0.006519371915318884
21192,-0.0067535671472502105
21193,-0.002377905882968587
21194,-0.000863898192461145
21195,-0.0016840981894142104
21196,0.0027355415118549735
21197,0.004249711201051312
21198,0.005528202750888392
21199,0.004627222069531964
21200,0.005889716570310452
21201,0.005645434440437445
21202,0.005859028008975539
21203,0.000966022775682289
21204,-0.0005699719999395376
21205,0.0008156269568919423
21206,0.0020369256860167367
21207,0.0004529405638578491
21208,-0.0004598386867027123
21209,-0.0009105395511429317
21210,-0.004638159481729604
21211,-0.011584279762629983
21212,-0.008633623980788763
21213,-0.0043539670705326295
21214,0.00023697094497757674
21215,0.005192438378010477
21216,0.010025501956466957
21217,0.006231127102472203
21218,0.0018841558353473319
21219,-0.0031317951585939307
21220,-0.005012799056786649
21221,-0.004634603787298894
21222,-0.0029444498149648907
21223,-0.0010759512573921112
21224,-0.0011534189155220677
21225,-0.00483028876358915
21226,-0.006518557207434147
21227,-0.0007550047967788635
21228,0.002877276961826804
21229,0.006128659194622369
21230,0.0072501336050384575
21231,0.010218637484960496
21232,0.002119690883388635
21233,-0.003656586912261006
21234,-0.004480805612955175
21235,-0.00597291794558
21236,-0.010623539755814
21237,-0.009515205410958518
21238,-0.006558036000376072
21239,-0.0015224027768786094
21240,-0.0002788529913468121
21241,0.003690498107035447
21242,-0.000662464624063239
21243,0.00576624723553712
21244,0.0010159839158324583
21245,0.004369582773954084
21246,0.004699101530789079
21247,0.008015291682676987
21248,0.0015607608646824587
21249,6.726490914254227e-05
21250,-0.000846068872390892
21251,0.00296325440346318
21252,0.003396400213886149
21253,0.002253521688277532
21254,0.003930248489755258
21255,0.0012162283446341196
21256,-0.004123421305433107
21257,-0.0035101327650992734
21258,-0.0015510956617552447
21259,0.001573190452570205
21260,0.0029934224167235935
21261,0.004410061624978626
21262,0.0038800972313743497
21263,0.0027843077788060914
21264,-0.003220470289247794
21265,-0.005253244563675457
21266,-0.0022676444351352196
21267,-0.0010988961955831942
21268,0.006250401948123061
21269,0.005521244887367982
21270,0.005870086080160856
21271,0.004116546736168274
21272,0.0029402312627882345
21273,-0.0024804851801374962
21274,0.002951120506270867
21275,0.002913955787147875
21276,0.0019110705924714681
21277,0.004407314875825882
21278,0.003523913258052704
21279,0.0013589578464288093
21280,0.0021833727162784643
21281,0.004718368015438948
21282,0.003514174329159732
21283,0.010232395098784066
21284,0.010367865401110255
21285,0.009684378855657877
21286,0.008168836700599232
21287,0.008005076665504788
21288,0.003593097835966715
21289,0.0005035126523692152
21290,-0.002524410272014061
21291,-0.003935168105462581
21292,-0.002043033509012976
21293,-0.00605709895303993
21294,-0.004794475688828499
21295,-0.0008024544399953025
21296,0.0007551830518245144
21297,-0.000519796181328362
21298,0.004141931355291272
21299,0.002274231290985955
21300,0.002007135666959789
21301,0.001777212978271853
21302,0.0022304260882941617
21303,-1.2911461479966183e-05
21304,0.002626664365701078
21305,-0.0008210208685292006
21306,-0.00216228053169611
21307,-0.005868058220141821
21308,-0.004574126997313235
21309,-0.0051324474290531845
21310,-0.002827189593713947
21311,-0.00047899555609429867
21312,0.0018295979246585727
21313,3.866814192967777e-05
21314,-0.0015805663022971403
21315,-0.002759491971206451
21316,-0.00934929055124586
21317,-0.011210955387090054
21318,-0.011605133266555828
21319,-0.014642218933047648
21320,-0.010325499935625307
21321,-0.0063151301010095
21322,-0.0067107635432396
21323,-0.0036721412463343287
21324,0.0008524218281675131
21325,-0.0036336552545991625
21326,-0.0059347593744930975
21327,-0.003952495339567141
21328,-0.004974208223398033
21329,-0.0023644686519024784
21330,-0.0002588915157338801
21331,-0.0009222388491179409
21332,0.0005998527247790903
21333,-0.0010657000190561813
21334,-0.005895536944509602
21335,-0.0033786739278081463
21336,-8.753225563583801e-06
21337,-0.0015783236882995146
21338,-0.005032910182179875
21339,-0.0026693015536426593
21340,-0.004760584084354084
21341,-0.009707412121222746
21342,-0.00869500360164375
21343,-0.008531128189561372
21344,-0.004684031402759684
21345,-0.0045662502044786606
21346,0.0013728395959669805
21347,0.005037041824868563
21348,0.009037422502163148
21349,0.0026930804644882504
21350,-0.0009271831781253872
21351,-0.0005250797455405748
21352,-0.0013437645706384953
21353,-0.0045000919308800765
21354,-0.0019486743349771778
21355,-0.00506772975207358
21356,-0.006610093791871463
21357,-0.009642893708309341
21358,-0.003364085204988835
21359,-0.00336335963630401
21360,0.0018035767298476867
21361,0.006368569261492894
21362,0.006007478931531935
21363,0.0026377195156560306
21364,0.0007127565708511426
21365,0.003517259159006224
21366,-0.0008614540577186867
21367,-0.001470492809507319
21368,-0.005254490556814386
21369,-0.0013799822645974684
21370,-0.0037060071114111666
21371,0.0013790601625417267
21372,0.001662303562321103
21373,0.00655724472359209
21374,0.004955146853593269
21375,0.0062730141730414765
21376,0.004419326974695852
21377,0.0019917568027077474
21378,0.0014807921935620955
21379,0.0004811252231094477
21380,0.0023221253494149457
21381,-0.0009712493124398111
21382,-0.0021127592671300074
21383,-0.005851711157784693
21384,-0.005975528070068931
21385,-0.007903481000725505
21386,-0.010616946940154665
21387,-0.00592173713041529
21388,-0.005558907397472926
21389,-0.0025631213617943317
21390,-0.0029306579866892122
21391,-0.0029933630179401548
21392,-0.009795102118771487
21393,-0.0075509451926081255
21394,-0.010899534942335375
21395,-0.013375898477962327
21396,-0.011198154344754897
21397,-0.0075143460477289405
21398,-0.008525119434567387
21399,-0.007528981183198259
21400,-0.00359137780841205
21401,0.00469087980996255
21402,0.015905364810859825
21403,0.019376864192922772
21404,0.01141253328784955
21405,0.010847089412164267
21406,0.003214588536515648
21407,-0.004758006623153405
21408,-0.0069687986033962765
21409,-0.0017583048620673925
21410,-0.0036643572529671663
21411,-0.0034876361279005453
21412,-0.00830344084405447
21413,-0.0035904232536481924
21414,-0.0011369258652556855
21415,0.0018855028037421567
21416,0.0040875119683162235
21417,0.008513691702913644
21418,0.002981286441652344
21419,0.002890847659463105
21420,-0.001034998049131143
21421,-0.0026099791063658464
21422,-0.0034217587978226183
21423,-0.0023552698811771917
21424,-0.0015446430239381432
21425,-0.004487415719906078
21426,-0.005415297979763104
21427,-0.007339125341613383
21428,-0.004978902564007869
21429,-0.0041361850062396266
21430,-0.005103235544074191
21431,-0.0038625934924368024
21432,-0.0012379575560361581
21433,-0.004614862362194007
21434,-0.005897787300300517
21435,0.00015665292004927398
21436,0.005027237660028662
21437,0.011748273453868259
21438,0.012645352412840363
21439,0.011154636671741882
21440,0.01624896508766262
21441,0.011189531045930352
21442,0.0031361209964412364
21443,0.0017575451954804499
21444,0.0034759498629565342
21445,-0.0016984213114043926
21446,-0.0034586709185329394
21447,-0.0017883233722930999
21448,0.0017202556464794322
21449,-0.0019253580576592626
21450,-0.0015729533679549183
21451,-0.004559634187296363
21452,-0.006308514413662235
21453,-0.008238663873726468
21454,-0.003916686372380449
21455,-0.0007984503316099818
21456,0.004264957946909123
21457,0.0035264092726192907
21458,0.0023466988707170795
21459,0.0018529906036437187
21460,0.002062435812664451
21461,-0.0005456726194201634
21462,0.002019311861940136
21463,0.0014181041035040906
21464,0.0010392906693883028
21465,-0.003568586028194387
21466,-0.0013754061231004732
21467,-0.007548663365590244
21468,-0.007149083006208829
21469,-0.009426562710722865
21470,-0.006439798972111946
21471,-0.007514362983814908
21472,-0.003703017149271591
21473,-0.003615491930437589
21474,-0.0028712077078776282
21475,-0.008965294966996747
21476,0.0010037239913760923
21477,0.0029193122961268594
21478,0.002606503605581463
21479,0.005739000982192759
21480,0.009729346927083802
21481,-0.002478196303857459
21482,-0.002705199941046738
21483,-0.00308106281956222
21484,-0.008869666826554759
21485,-0.006412223574957638
21486,-0.005219491646463132
21487,-0.0057118571157292256
21488,-0.004604552412704189
21489,-0.0007100805182444093
21490,-0.007951217526131723
21491,-0.0030293715066682693
21492,-0.00035131145449434714
21493,-0.0004007893026448628
21494,-0.0006536238409100691
21495,0.0035966747162054034
21496,0.004493541071824691
21497,0.003726457824560618
21498,0.004512183572134079
21499,0.0058875031687525585
21500,0.006974562914454107
21501,-0.0017764130611469951
21502,-0.003493791534256427
21503,-0.0030851806168496446
21504,-0.004127739741002748
21505,-0.006009807517510264
21506,-0.004116239550649616
21507,-0.003734995179226193
21508,-0.0037819550649903465
21509,-0.005289598984014526
21510,-0.00207844321038417
21511,-0.0015639547165088364
21512,0.0014339159600558656
21513,0.0009908073214897157
21514,0.00038814004907916806
21515,-0.005370042137867755
21516,-0.004606488210958136
21517,-0.013422053083375934
21518,-0.014410197272257756
21519,-0.011896602637962836
21520,-0.011834460699491288
21521,-0.010386847961768402
21522,-0.005151382419188026
21523,-0.0017532269606758653
21524,-0.001992106091341925
21525,0.0018795132262385333
21526,0.0034436456028090305
21527,0.0024015290805559156
21528,0.00043960618700684446
21529,0.003731368969985381
21530,0.007038659797227113
21531,0.004416955294810334
21532,0.009602429399546943
21533,0.008566700910882087
21534,0.004991834588897725
21535,0.0010387290794703528
21536,0.00011812693304598824
21537,-0.005006642481356116
21538,-0.00846480303821653
21539,-0.010724648712635355
21540,-0.010144551385277591
21541,-0.017272642376780424
21542,-0.010190177642859947
21543,-0.0058490507104782645
21544,-0.003827219289715785
21545,-0.007836399502449085
21546,-0.002253609951753186
21547,-0.012078566867736493
21548,-0.013166901904024695
21549,-0.01364049187270121
21550,-0.01290775061528207
21551,-0.010406010680467249
21552,-0.006563499267967111
21553,0.0007079781638380716
21554,8.235641968287008e-05
21555,0.006313625035329358
21556,0.008268498049926083
21557,0.001553502787948799
21558,-0.004800815755821128
21559,-0.017105774734591173
21560,-0.011412462179271146
21561,-0.012295523862506763
21562,0.004491831433068103
21563,-0.00017772253448587906
21564,0.016275565774311163
21565,0.012018443061121119
21566,0.013134880459221216
21567,0.003207240656582281
21568,0.009616064637469602
21569,0.009492071335009596
21570,0.005381780754407472
21571,0.007161708491889841
21572,0.01273526134623985
21573,0.012227390438861894
21574,0.010504103240634884
21575,0.011282871452635226
21576,0.008235307614137884
21577,0.0024794018008511215
21578,0.0016574140310929397
21579,0.0010114041984005684
21580,0.008198116561609065
21581,0.005058321794047762
21582,0.0037190391184875964
21583,0.0019773470672924823
21584,0.0008483823030364363
21585,-0.006912838680387429
21586,-0.007709106993116526
21587,-0.0024411553359846203
21588,-0.0020952331135069067
21589,0.0034403751616973177
21590,0.004110685773542388
21591,0.01228669811305736
21592,0.008649837342863061
21593,0.010137059847596016
21594,0.006392213371091274
21595,0.006176465863940306
21596,0.0012706859974491807
21597,0.0016773790310316912
21598,-0.0021480132057211075
21599,-0.0021287277944332396
21600,-0.0043573874204188194
21601,-0.004103808529073805
21602,-0.002599274161000467
21603,0.0006032951946763009
21604,0.0048948653780791634
21605,0.004437701458319648
21606,0.004273172901191863
21607,-0.00473948573391443
21608,-0.0025526810369265744
21609,-0.006979796357310962
21610,-0.0038860815475240057
21611,-0.006654033695484384
21612,0.00023756225792243498
21613,-0.001717107522509922
21614,-0.002135168978977447
21615,-0.00345122002479986
21616,-0.001244971697643383
21617,-0.005278903287149258
21618,-0.008349611305743812
21619,-0.012023174956370961
21620,-0.018730444360027534
21621,-0.018100841515540544
21622,-0.01496992896637536
21623,-0.003674574591498281
21624,-0.0015361597819602366
21625,0.007633200189560629
21626,0.0034452555528987168
21627,0.0009394483565707416
21628,-0.009080641722872632
21629,-0.01283189269348448
21630,-0.015260597674303853
21631,-0.009500226654881922
21632,-0.0062606049024248505
21633,-0.0044712635290993655
21634,-0.0031635993358822344
21635,0.0003603660192441617
21636,-0.00011813135124962374
21637,-0.011428149496088119
21638,-0.006374594876901799
21639,-0.0024741788805263984
21640,-0.01309760371202961
21641,-0.012865402214481044
21642,-0.0013012237138994038
21643,-0.010489514296508991
21644,-0.01355136447301734
21645,-0.008779606214888396
21646,-0.007660942231259067
21647,-0.010629365265261488
21648,-0.0073291138822654395
21649,-0.00354972568545524
21650,-0.0025265667162186
21651,-0.005932476576446258
21652,-0.008395208038842951
21653,-0.002849593400183147
21654,-0.0027382404921743367
21655,0.00527174330609808
21656,0.018576643055199665
21657,0.02681711385126426
21658,0.03079452475084081
21659,0.03281137623952078
21660,0.02623428474463096
21661,0.012327288487171146
21662,0.005379391066311215
21663,-0.0025890307917532953
21664,-0.00394154892655971
21665,-0.003669732170583769
21666,-0.0033606046449635406
21667,0.006664659613850522
21668,0.006951196470232356
21669,0.004759912435318478
21670,0.0006384765506938469
21671,0.0006365100660986437
21672,-0.005573406291161639
21673,-0.008043008431978431
21674,-0.012671384866013791
21675,-0.009425948109821187
21676,0.000453589431366205
21677,0.0019100965721480844
21678,0.0014718852064846979
21679,0.008974310485239126
21680,0.01725758281129606
21681,0.008565445139213118
21682,0.013840879908973421
21683,0.01251709136109388
21684,0.010045470248013895
21685,0.0007132345010664846
21686,0.004646515621684588
21687,-0.0011531555496442207
21688,0.006956724566869372
21689,0.007786374125624871
21690,0.009211149872003476
21691,0.0038451765766235792
21692,0.002918042086172358
21693,-0.00236278550545719
21694,-0.002739397947094157
21695,-0.006853391689540476
21696,-0.004264513953395165
21697,-0.006732305293435376
21698,-0.004671409982641566
21699,-0.004773110547439968
21700,-0.0008196931273854661
21701,0.001223308245433283
21702,0.0037008233349437075
21703,-0.0005129998211707247
21704,0.0035985366680503336
21705,0.0034726672990317725
21706,0.0033700338706634096
21707,0.0033683486035709213
21708,0.0057452356256949
21709,0.0023679917100341333
21710,0.0008710170860926111
21711,-0.0023181843258910373
21712,0.0006580819578828261
21713,0.0002424205734082981
21714,0.0010510453536286646
21715,0.005885482626858211
21716,0.006371209841305881
21717,0.003935814077618462
21718,0.005836592918415936
21719,0.0026228665187576655
21720,2.167543728881904e-05
21721,-0.004165723353596124
21722,-0.003621783869928565
21723,-0.00447786561494317
21724,-0.000516062852860018
21725,0.0005328870052225098
21726,0.004036716425512314
21727,0.002488982572348176
21728,0.004995340810129146
21729,0.0037291038062622272
21730,-0.0007125152766761708
21731,-0.00023224078005421739
21732,0.0012730151994628305
21733,0.0011667235564202438
21734,-0.0027133073018166514
21735,-0.000576605062544872
21736,0.00023863724654378938
21737,0.002189539565220447
21738,-0.0004455415675000227
21739,0.001684840269162151
21740,0.0025640795026007847
21741,0.0013823390857697468
21742,0.00571458550668699
21743,0.010591798486433997
21744,0.011663247343308416
21745,0.014653309751960242
21746,0.014769977000734283
21747,0.007750911783309943
21748,0.0020196292416648073
21749,0.007492458127581747
21750,0.004182775183570141
21751,-0.00022464308659601834
21752,0.0014054409788924376
21753,0.001895296639564455
21754,-0.004843081268104611
21755,-0.004278776409266825
21756,-0.0005287060329441077
21757,0.00209468256104032
21758,0.001570580239112623
21759,-0.0005674985123319843
21760,-0.001502173548377827
21761,-0.0018510596887388836
21762,-0.005396841525714501
21763,-0.009156300965436313
21764,-0.004241740706294113
21765,-0.0033654405898545605
21766,0.0007750078856335373
21767,-0.00010607267359435537
21768,0.0014045811599196776
21769,-0.0007406319466911818
21770,-0.001494094446003813
21771,-0.005367195068171587
21772,-0.0029109220830504526
21773,0.00037437820407737314
21774,0.00042080453433229476
21775,0.001452097152313887
21776,0.001857032341327283
21777,-0.0003100315599579587
21778,-0.0017494063020963764
21779,-0.007179424438276685
21780,-0.007279752466462361
21781,-0.0022404627414261097
21782,-0.003940138553345813
21783,-0.0023504174491137935
21784,0.009767300529204753
21785,0.01091887978411825
21786,0.005592120258487159
21787,0.006993662387248819
21788,0.005883589375267899
21789,0.00032986793808805745
21790,-0.0013333857659507823
21791,-0.00025662248851898934
21792,-0.00010141292449056141
21793,0.0033476034321283004
21794,0.0024469954508876965
21795,-0.0008115306192431396
21796,0.0010913815775414224
21797,-0.0019502457883295043
21798,-0.004700441131121968
21799,-0.0063008383781647265
21800,-0.005879502048351974
21801,-0.008220951778017297
21802,-0.001253417639907122
21803,-0.0004919089725450035
21804,0.002565887435918194
21805,0.006283917230602947
21806,0.0060263337134788125
21807,0.0023574887213010263
21808,0.000871130909831189
21809,-0.0032309300604656636
21810,-0.003961101219011092
21811,-0.006137903235274627
21812,-0.004366479487097115
21813,-0.0041150114091158575
21814,-0.0006847849683546166
21815,-0.0007766167379373336
21816,0.0014380296631025858
21817,0.00306388608738865
21818,0.003251227961976415
21819,0.002818844988944232
21820,0.0043566280118598555
21821,-0.0013809167683087541
21822,-0.005166828407679416
21823,-0.008268350916810684
21824,-0.005445196700479359
21825,-0.007926405788651248
21826,0.010685667141521063
21827,0.017013488710729795
21828,0.021036263967952697
21829,0.01796075218712664
21830,0.01876364562404778
21831,0.0062582185218439
21832,0.0026938814723143157
21833,-0.0003391650448347928
21834,9.575725664495857e-05
21835,-0.0022058386809384023
21836,-0.0031935325094795616
21837,-0.005849007569531249
21838,-0.0024934764747711804
21839,-0.003119942416945088
21840,-0.000546855670476582
21841,-0.0014684025458179455
21842,-0.003708453481111824
21843,-0.0038257953344451126
21844,-0.004992929746376878
21845,-0.004191056231622845
21846,-0.005083046166205475
21847,-0.004343760369219678
21848,-0.010568358482295174
21849,-0.009522097239510318
21850,-0.010259750728753026
21851,-0.007369002960059572
21852,-0.004990843112693944
21853,-0.00138610330330116
21854,0.00231823281572159
21855,0.001643653503338634
21856,0.0007588341157114037
21857,-0.0003708950540238992
21858,0.0011421376198252533
21859,-0.0005058176896763491
21860,-0.0020433263884717476
21861,-0.0017429455701423503
21862,-0.0034146559216866115
21863,-0.006153887374956101
21864,-0.006936880289190929
21865,-0.0006379084802402485
21866,-5.572024860692521e-05
21867,0.002694658584359614
21868,0.0034875714793567653
21869,0.0024363523736018067
21870,-0.0020543402046292614
21871,-0.004852400138887893
21872,-0.0009136744507244783
21873,0.0008420625660125207
21874,0.0014603131455049984
21875,0.006991387005476318
21876,0.008949701641394936
21877,0.0025239108730164585
21878,0.0005226553735209198
21879,0.00016991102028153298
21880,-0.01033444641866824
21881,-0.010195731232911912
21882,-0.006582744609133277
21883,-0.007211033262288272
21884,-0.007390662687672397
21885,-0.002771178265119123
21886,-0.0039000419202932816
21887,-0.00560485149903301
21888,-0.001905734371415047
21889,-0.0008014238586399826
21890,-0.001976958030414228
21891,-0.0003101237069660529
21892,-0.00030409118167454556
21893,0.0028851628727399074
21894,0.0005287011266319118
21895,0.002635851297598791
21896,0.002650414826174664
21897,0.002914318762713684
21898,0.0049901087167694615
21899,0.006131441332597955
21900,0.016396309968967154
21901,0.016396604018489736
21902,0.01687565212761479
21903,0.011067371060860516
21904,0.011694557131862477
21905,0.0038231889197138176
21906,0.003535361959557454
21907,0.003642756647757343
21908,0.0006454891690408144
21909,0.0001382438809509172
21910,-0.0003264983403650552
21911,-0.0015249916050146678
21912,-0.0012253314766918395
21913,-0.0006898478091605257
21914,0.0021163227837376107
21915,-0.00014888198205837528
21916,0.007764574117583374
21917,0.00523087413730464
21918,0.007903819367470394
21919,0.0047834908651299655
21920,0.004403716834718826
21921,-0.002410379887123281
21922,4.7049784618040735e-05
21923,-5.918661565757738e-05
21924,-0.00025800687363403645
21925,-0.0007906735705716368
21926,-0.0011971062472543015
21927,-0.00239813360734667
21928,-0.001229035002038081
21929,0.0018471129389446889
21930,0.0029456217408427047
21931,0.007478771680653922
21932,0.011663455249707957
21933,0.01028225211651562
21934,0.009090254420264584
21935,0.008815816887528935
21936,0.004986631610693576
21937,0.003602312303366705
21938,0.001641449783368564
21939,0.00046041964180891255
21940,0.0004046038337301226
21941,-0.001726107848098376
21942,-0.0037961085931045263
21943,-0.0008879173173030209
21944,-0.0018303485025479161
21945,-0.004769119903855287
21946,-0.0033326097814813365
21947,-0.0013529407695801602
21948,-0.0020285133467219944
21949,-0.00020901007602736483
21950,0.002447265930233562
21951,0.002838487514794709
21952,0.0020923185537040268
21953,0.0029505932092753645
21954,0.00048087491052446177
21955,0.002360009076957917
21956,0.0010376704900050885
21957,-0.0009989186488025376
21958,-0.0037019410640547964
21959,-0.001621948699406682
21960,-0.003069434606512961
21961,-0.003088012716792924
21962,-0.004676702742623494
21963,-0.004002150976474041
21964,-0.00838684277010233
21965,-0.0051601281949302255
21966,-0.0036093875937064325
21967,0.0015419384604610914
21968,0.005182313900966217
21969,0.008869039089573896
21970,0.0053264312317518065
21971,0.0049099735045544345
21972,0.0013927802160427986
21973,-0.004087506428791605
21974,-0.007604536417091955
21975,-0.007021007863292884
21976,-0.008820738473508019
21977,-0.008081419512208837
21978,-0.006060529610277187
21979,-0.0009476140947520226
21980,-0.0013187386719339946
21981,0.00036503049299058853
21982,-0.0010106112891363297
21983,0.004609502822760388
21984,0.00325928485022128
21985,0.015415517865417118
21986,0.01645842072968583
21987,0.01767703524241518
21988,0.009015312728328445
21989,0.0034930445832291935
21990,-0.014175078461677279
21991,-0.0172464889102981
21992,-0.016029720532501308
21993,-0.012292964563985794
21994,-0.010826140136471766
21995,-0.0067969929786718735
21996,-0.004425694677067718
21997,-0.006098012137556306
21998,-0.008520559986816997
21999,-0.0038300615951804063
22000,0.0010700219000591427
22001,-0.0023557876965065584
22002,-0.0018993765141065932
22003,-0.0037584921571318986
22004,-0.0054051193799960736
22005,-0.00813771892247099
22006,-0.0033632225587878675
22007,-0.007334221760912037
22008,-0.004919532487273525
22009,-0.0035711037792739565
22010,-0.003987716073357595
22011,-0.005146654125214042
22012,-0.0013067578612362286
22013,0.000676411021025252
22014,0.00016596523777870077
22015,-0.002609129004536813
22016,-0.001410583426986413
22017,-0.0022183973085655685
22018,-0.004826625741214812
22019,-0.002949536005587681
22020,-0.000211840596678161
22021,-0.0022371494311497478
22022,0.0024524382012992845
22023,0.004483725385100788
22024,-0.0014553929191626635
22025,-0.0003414443518269698
22026,-0.0011833944568979782
22027,-0.003979999274116372
22028,-0.00433268107631094
22029,-0.0010523262908826185
22030,-0.00020879036470745126
22031,-0.0004295614402388838
22032,-0.0020625122619270944
22033,-3.171094836344839e-05
22034,0.0019183408189608897
22035,3.0361449091304657e-05
22036,0.008209075019907204
22037,0.012584810275293028
22038,0.011968091431905718
22039,0.012727064958042229
22040,0.014737527961385598
22041,0.009179129690290316
22042,0.00035172255205284816
22043,-0.00102811182054393
22044,-0.0017949681476543509
22045,-0.008077768030063142
22046,-0.006319694292521298
22047,-0.003173010161886977
22048,-0.012621905138085771
22049,-0.015414151550735038
22050,-0.010644737905066134
22051,-0.014723946279175847
22052,-0.012704925657985637
22053,-0.002684313932619226
22054,-0.001295783969187591
22055,-0.0012746540035482447
22056,0.00018769575977488188
22057,0.004513753597784863
22058,0.0020440723229953554
22059,0.0030794554734739545
22060,0.0032392792942018346
22061,0.0020329449087590503
22062,-0.0025141349077128514
22063,0.0022126320307097698
22064,4.208382144393178e-05
22065,-0.0007069907146612531
22066,-0.00030144896823923077
22067,0.0010476579745049392
22068,-0.0010935643854865255
22069,0.0008572563614694715
22070,0.0032213077619854882
22071,0.003926642610603911
22072,0.0044924083934499435
22073,0.004895598063460182
22074,0.00408269365226944
22075,0.0006661576349608942
22076,0.0035887532164039586
22077,0.003866945871451141
22078,0.006596610053444319
22079,0.0026573533761161464
22080,0.004265687472520229
22081,-0.001484597270444964
22082,-0.005538617859510191
22083,-0.009152756539972315
22084,-0.008860547697578859
22085,-0.008952907219527297
22086,-0.006419203035873288
22087,-0.0022957616545528576
22088,-0.0013951269304118676
22089,0.0021397329918523902
22090,0.007930036324357665
22091,0.00811878820717316
22092,0.006753432787818352
22093,0.005420411746120352
22094,0.0053278616993199775
22095,0.001052735363521012
22096,0.0009079702591751472
22097,-0.0031357499134358974
22098,-0.0025765998034021818
22099,0.0007646802429195142
22100,0.0018794835044855594
22101,0.0018786577803255836
22102,0.0036524012449631912
22103,0.00417702816429072
22104,0.0003585231788915096
22105,-0.004708506954229684
22106,-0.00684971019448339
22107,-0.0054482926853605725
22108,-0.007555009791975356
22109,-0.004332529310063962
22110,-0.0019427786370206134
22111,0.0017122247832986473
22112,0.0034407012356109812
22113,0.004083116311406731
22114,-0.003915689437640229
22115,-0.002113875893053244
22116,-0.004291563816650475
22117,-0.0057022095272575785
22118,-0.0011263664603637811
22119,0.004277085403677815
22120,1.6396746250924404e-05
22121,-0.0008912894260566583
22122,-0.0019227512331435306
22123,-0.006407349816610605
22124,-0.008896563859173482
22125,-0.006930156295454045
22126,-0.007372746141939796
22127,-0.007281078475613342
22128,-0.005861702059878541
22129,-0.007325617328723552
22130,-0.007635758882265236
22131,-0.0034880750699522825
22132,-0.004223295992342382
22133,-0.0035337529080760057
22134,1.1529908986148303e-05
22135,0.0028238884377561474
22136,-0.00018910320883506557
22137,0.001154644904448854
22138,0.0008170952732016543
22139,-0.0003778012663448265
22140,-0.0005480412475966944
22141,0.00035282723922731835
22142,-0.0015889200487365367
22143,-0.0028686110278050795
22144,-0.0014203078540744522
22145,-0.0017360585847480997
22146,-0.0012712833507675754
22147,-0.001673825189647046
22148,0.0014866346549682636
22149,0.004870298191937686
22150,0.003609042238614695
22151,0.006962211153642448
22152,0.009297806375661776
22153,0.006638899785835892
22154,0.0024822896943811285
22155,0.0025946926522547506
22156,-2.0504686918788807e-05
22157,-0.002102180792874271
22158,-0.00038757191390201203
22159,-0.002757995801276002
22160,-0.003282352119561382
22161,-0.005020289404291976
22162,-0.004841145009118698
22163,-0.006379961877982365
22164,-0.0024164109519007374
22165,-0.0009082001163865898
22166,0.00139870621013784
22167,0.003968235878076162
22168,0.003957900044116791
22169,0.003917114983433888
22170,0.0029471062682086785
22171,0.00285470993730918
22172,0.0016805955056089518
22173,0.0017446226168377449
22174,0.001884701345990263
22175,0.0012295569805048285
22176,0.0003120821636914447
22177,0.0016809756698504287
22178,0.003774099114834637
22179,0.0029287298000255247
22180,0.005617508799848611
22181,0.0045382997974097285
22182,0.003249028951629779
22183,0.0012440933460532097
22184,-0.0003018490913970265
22185,-0.0012150903405355059
22186,-0.0019024395677725806
22187,-0.0021376003260530495
22188,-0.0024153128125937126
22189,0.0019846722805577865
22190,-0.0012500082935794521
22191,0.0005234838300628671
22192,0.003463225564901413
22193,0.001775110000167558
22194,0.0025224143131162666
22195,0.006315526544104728
22196,0.010770422650050338
22197,0.010165143838375306
22198,0.012429771234966979
22199,0.009101132217256638
22200,0.006752253479769886
22201,0.003849941614999544
22202,0.0019002948552481458
22203,-0.0024506609441745614
22204,-0.00393055993304157
22205,-0.0023304288434962198
22206,-0.004147183663383973
22207,-0.0030513572701061234
22208,-0.001813659201369508
22209,-0.0010998453161541646
22210,-0.002832754688964754
22211,-0.005439233765619322
22212,-0.012447900662616886
22213,-0.006708694439550235
22214,-0.0090814744772618
22215,-0.008113488655115656
22216,-0.005845049243026927
22217,0.00183419484909577
22218,-0.0011788288073306694
22219,-0.002275750662619177
22220,-0.007008457089513984
22221,-0.007569311140582983
22222,-0.013806266308834634
22223,-0.013876478792406
22224,-0.010879587239415707
22225,-0.005104124897411643
22226,-0.003939147589461891
22227,0.001331316350481253
22228,0.0007413548974108854
22229,-0.00282533835879208
22230,-0.0010345104061791346
22231,0.0009952699800919171
22232,-0.0006427305322001335
22233,-0.0003179492862819257
22234,0.002804156074959759
22235,-0.002682008538364622
22236,-0.005014117653379979
22237,-0.004024827345047696
22238,-0.00444005906804227
22239,-0.004666363750532948
22240,-0.0033130512018722546
22241,-0.004586316220914404
22242,-0.004639842364191391
22243,-0.0011048974145455076
22244,0.0007215802309219097
22245,0.00014062513971060974
22246,-0.0008213440965214377
22247,0.004933344765423225
22248,0.006210558300861809
22249,0.007418664981217356
22250,0.004078097476634948
22251,0.006434716794276914
22252,0.00017117952412092687
22253,-0.004869101387668342
22254,-0.006059300627630891
22255,0.0006823636385712175
22256,0.0017282049137988416
22257,0.002550786265221321
22258,0.003656115454343333
22259,0.0035573331863383174
22260,0.0012998939808518183
22261,-0.004153514991159861
22262,0.003685446458166641
22263,0.003776339266362725
22264,0.00920928030940467
22265,0.010596768351875577
22266,0.013936684912001366
22267,0.003329323479322743
22268,0.0027308047706604225
22269,-0.0028790018819831115
22270,-0.00561000624311042
22271,-0.004682601039671235
22272,-0.0026733378004830063
22273,-0.0013631551156033656
22274,-0.000661425387764581
22275,0.0024472900141832596
22276,0.0021306011338912863
22277,0.0008970759506431288
22278,0.00013339440547079046
22279,0.0015015083358076592
22280,-0.00046538159687100657
22281,0.00010667787452753926
22282,8.518065531239503e-05
22283,-0.0005546645926335165
22284,-0.003753757165783602
22285,-0.009605872796197089
22286,-0.017489027920690407
22287,-0.01584332379819798
22288,-0.01702808653496509
22289,-0.017285490481897443
22290,-0.0109560085500827
22291,-0.0037001957166540116
22292,-0.0046029183476630825
22293,-0.0008344753641662197
22294,0.0023620559334845297
22295,0.004663122184175833
22296,0.004489552688815705
22297,0.004384694989330201
22298,0.00242502821196185
22299,0.0017636895710208315
22300,-0.005767879338953447
22301,-0.002883864307482406
22302,-0.001335227241793511
22303,-0.004245508982035916
22304,-0.0020871927135626958
22305,0.0026518072167311954
22306,-0.0006694035409947438
22307,-0.0018164833873816444
22308,0.0005092387331954851
22309,-0.008114700779095221
22310,-0.0015044956314015086
22311,-0.0024963239998810056
22312,-0.005733263825986321
22313,-0.005960770599942834
22314,-0.000342882011222805
22315,-0.00764056109773353
22316,-0.005469331261762097
22317,-0.0011310179051285093
22318,-0.0009358388345357786
22319,-0.0074338571406583655
22320,-0.007038285654860615
22321,-0.008509988737143582
22322,-0.013245528410575092
22323,-0.01282598660483154
22324,-0.0050611390470284
22325,-0.003640644554784449
22326,-0.002441951297454768
22327,0.00021066253366847426
22328,-0.0026426679827522147
22329,-0.0019690178177326316
22330,-0.005824625546875475
22331,-0.004672282563810119
22332,-0.003021924905152235
22333,-0.0040173951140786415
22334,-0.00995820792970159
22335,-0.007318823047327933
22336,-0.012065491036093981
22337,-0.012184697479759417
22338,-0.006600257311004631
22339,-0.005302255310423536
22340,-0.007978305995577795
22341,-0.0032824177281664843
22342,0.012312364727072206
22343,0.01381377344620817
22344,0.01632625438511299
22345,0.019094869065215698
22346,0.013812715881317834
22347,-0.0016831041548892145
22348,-0.0039047941111092005
22349,-0.007583567182509359
22350,-0.0068438152451384205
22351,-0.0051253935909910875
22352,-0.00443752862154178
22353,-0.0061044293956700815
22354,-0.007150218599776712
22355,-0.005728027174382817
22356,-0.0037703154119342573
22357,-0.0027669443358054
22358,-0.00529838926827872
22359,-0.0009769490911969753
22360,-0.009941164765470535
22361,-0.008336081719691808
22362,-0.010201336983582278
22363,-0.011835312061207212
22364,-0.012606617766726613
22365,-0.006960923949546877
22366,-0.009174105553894446
22367,-0.015105645517813494
22368,-0.009851930496901728
22369,-0.010973978973921614
22370,0.0015878588938616103
22371,0.0028826940933077724
22372,0.014846230511647136
22373,0.013854253095538772
22374,0.015247626108545348
22375,0.0009298224795762048
22376,-0.0006117895718963695
22377,-0.006076815877295191
22378,0.008847334365194434
22379,0.010405526928072876
22380,0.013244534349422552
22381,0.009946017736415076
22382,0.006342207377192352
22383,-0.008766353708451646
22384,-0.008649170358311089
22385,-0.006047197931907464
22386,-0.0011730921283303912
22387,0.004953406353694515
22388,-0.0014750734542666704
22389,-0.002669944626009655
22390,-0.001711148567958026
22391,-0.0017347022596607582
22392,-0.0023123871768547933
22393,0.0056262959513913875
22394,0.010809817567361029
22395,0.007704537673622604
22396,0.007315607844923866
22397,-0.0019247300674778416
22398,-0.0023870692747040654
22399,-0.0014788759072993374
22400,-0.0009991611003830037
22401,0.006586629498274672
22402,0.00562844196822357
22403,0.006608185952616374
22404,0.001947668616034051
22405,2.1785672553483275e-05
22406,-0.009005426732096337
22407,-0.0006953705198006971
22408,0.0008613566451996254
22409,-0.004967228948619212
22410,-0.008182180839776962
22411,-0.009697064839221017
22412,-0.00797909263533327
22413,-0.010902917163936189
22414,-0.006326507660989853
22415,0.0009778667784880386
22416,0.004241176495835972
22417,0.0053382846201653145
22418,0.0031901835583858494
22419,0.0022155287645769053
22420,-0.004637194793529111
22421,-0.005971893719154262
22422,-0.006685221575095292
22423,-0.003245814880633326
22424,-0.0007043677358512056
22425,0.0032533141545362386
22426,-0.002022846672980548
22427,-0.0056331083541090185
22428,-0.009340929945025084
22429,-0.013908654733819595
22430,-0.019624960296611788
22431,-0.013989868425096424
22432,-0.006511206506029271
22433,-0.008391174833684706
22434,-0.004867338333696995
22435,0.007425754823174823
22436,0.01389910058131878
22437,0.008058163298097276
22438,0.009246488000881807
22439,0.0021621775672695884
22440,-0.004117484399068321
22441,-0.013336214064364837
22442,-0.021624533920586882
22443,-0.018652317946628597
22444,-0.017736291887230166
22445,-0.01592525505563305
22446,-0.012182238554764102
22447,-0.005799790117930317
22448,-0.003854924020208007
22449,0.0019799248266680176
22450,0.0028846780373220408
22451,0.0009863386496180822
22452,0.0019229877791513404
22453,-0.0020270320060012032
22454,-0.006694914229795885
22455,-0.014739980661455801
22456,-0.01625560637160638
22457,-0.013469557350527234
22458,-0.01061295398857807
22459,-0.00951684965027918
22460,-0.005198488135708537
22461,-0.002475384606634108
22462,-0.009657014531075214
22463,-0.014661319139599362
22464,-0.015276108735326968
22465,-0.024641737381360235
22466,-0.02228392946208269
22467,-0.01662186051548042
22468,-0.0150812458607541
22469,-0.012528549712638904
22470,-0.0026240988405437575
22471,-0.005928543782057968
22472,-0.004230305019346443
22473,-0.007528892385993882
22474,-0.014271903036489135
22475,-0.003445309488938558
22476,-0.0007351824153999436
22477,0.0008800265394072838
22478,0.010597349980644466
22479,0.019988381901528733
22480,0.013599927724471866
22481,-0.0021506233563258564
22482,-0.011502608213950405
22483,-0.015262252201165569
22484,-0.021747553174206662
22485,-0.02779704227553342
22486,-0.02024952071819663
22487,-0.006329129687849334
22488,-0.00492043648902766
22489,0.0009387608920234135
22490,-0.009278272183582357
22491,-9.071028683092304e-05
22492,-0.0037475972421744225
22493,0.0016256167656988024
22494,0.0015489427401449208
22495,0.02126691971298888
22496,0.0161703383958691
22497,0.010602625921317884
22498,-0.0021804280800890373
22499,0.0027002064459262227
22500,-0.004924092085611162
22501,0.00043019930701511383
22502,0.0065802638142750435
22503,0.013944460780675605
22504,0.020697164360366362
22505,0.024816202553751422
22506,0.022859163004963597
22507,0.013426630416300078
22508,0.012199491018703826
22509,0.007861847941972151
22510,0.005394628255095826
22511,0.013087855363923326
22512,0.017488867351175462
22513,0.015518987959747805
22514,0.003700725176082079
22515,0.0033841208731340694
22516,-0.009501474159746998
22517,-0.006302583366588778
22518,-0.006901025508976125
22519,-0.007551374737839298
22520,-0.013756880929046523
22521,-0.0094347910380845
22522,-0.015124561065788675
22523,-0.012665975439552985
22524,-0.007506926522283472
22525,-0.005779720969495642
22526,-0.005859137872771204
22527,1.7768785819036168e-05
22528,0.0001617959844564904
22529,-0.0057811263480457755
22530,-0.003402409004017041
22531,-0.007265649801770312
22532,-0.001286069611351438
22533,0.000850517035310808
22534,0.016934334291872737
22535,0.019520135029932936
22536,0.027576284636911044
22537,0.02678119797755291
22538,0.0250790330100381
22539,0.015276364787210703
22540,0.013535726342529064
22541,0.008176952188531877
22542,-0.001443842503162258
22543,-0.003984354049067729
22544,-0.004772257071871009
22545,-0.00025093195830590623
22546,0.01308540810094083
22547,0.0041463162886295445
22548,0.004884182803359012
22549,0.006069004664034079
22550,0.005845791696310419
22551,-0.005413618012798364
22552,0.0009522265894079727
22553,-0.0007342879972406124
22554,0.0018366461451752943
22555,-0.004496107680813418
22556,-0.006835025490711814
22557,-0.004478589330682124
22558,-0.0017506274101731754
22559,-0.005961505604613067
22560,-0.0038849813942246694
22561,-0.006037386423517207
22562,-0.0013102131443501054
22563,0.004440028212305254
22564,-0.0004518605335008665
22565,-0.0016470491667243486
22566,0.0021729363870315625
22567,-0.0012879807623217827
22568,-0.005949555488188683
22569,-0.0007594329208029362
22570,0.00046990436575971277
22571,0.0013898724149933573
22572,0.003601823844883214
22573,0.004670938774214123
22574,-0.001387505613881339
22575,-0.0010095499344812246
22576,0.0012477107324697886
22577,-0.004001403896559627
22578,-0.006550418212357325
22579,-0.009534791978273444
22580,-0.01434192998484144
22581,-0.015115176646487977
22582,-0.015163615719512965
22583,-0.016060216507374082
22584,-0.00644328217283819
22585,-0.0006320394343872317
22586,-0.002819838169244438
22587,-0.0010055218436069836
22588,-0.0016429732997010763
22589,-0.005987788292160993
22590,-0.012240669465044877
22591,-0.013207528196608469
22592,-0.02058121085849542
22593,-0.01926719397998727
22594,-0.02221802087096251
22595,-0.01134786087453444
22596,-0.011359811459306635
22597,-0.002118861006390505
22598,-0.0010184565258638523
22599,0.004457251194354929
22600,-0.008866074429831906
22601,-0.009072455013323282
22602,-0.01229197199584936
22603,-0.008651204276327007
22604,-0.006369647689701881
22605,0.001064049547739693
22606,-0.00884566903271952
22607,-0.0009567933591594492
22608,-0.01163098702320101
22609,-0.014428376572545844
22610,-0.01768521568061232
22611,-0.0070171254114390754
22612,-0.006795313733683313
22613,0.0013301385393875975
22614,0.0034412335341569393
22615,-0.004219982182439884
22616,-0.01376607945528824
22617,-0.0238621467912506
22618,-0.017498967722699304
22619,-0.016995786988510883
22620,-0.005384321504098278
22621,-0.002857372957476802
22622,-0.002272996237428413
22623,-0.011937600172894336
22624,-0.007748697874542969
22625,-0.004160575988225692
22626,0.004296875890500973
22627,0.011091233177958765
22628,0.026141057914714053
22629,0.02294476823420324
22630,0.020942066699935424
22631,0.019748057346187148
22632,0.01567662738568608
22633,-0.0004467358447757709
22634,-0.0012809467850913706
22635,-0.003993990727861065
22636,7.218503791777068e-05
22637,-0.0032216535848970155
22638,0.0004756670751869329
22639,-0.011855418087865817
22640,-0.0038765419878892234
22641,-0.006888244958620468
22642,0.003210040249997539
22643,0.004072518461626308
22644,0.019900172945285646
22645,0.014957493715891028
22646,0.019977523485076483
22647,0.014036535785641032
22648,0.016748360820365307
22649,0.00745478191232158
22650,0.00427830893894023
22651,0.007111253415702578
22652,0.004358549534962493
22653,0.00700663062238581
22654,0.018958263594545447
22655,0.018915498029078704
22656,0.010430728461628755
22657,0.011890724928375776
22658,0.007763325951365975
22659,0.0016632575849881827
22660,0.008417856534417102
22661,0.006717001246848204
22662,0.0031743346046932816
22663,-0.0011106227710932
22664,-0.003510384103586322
22665,-0.00774711231614269
22666,-0.011933634212325267
22667,-0.00991422160802937
22668,-0.011010967183549868
22669,-0.012691048709695044
22670,-0.016015863801772858
22671,-0.009218189029781313
22672,-0.001879162835288369
22673,0.0014846407337778264
22674,0.0067141235736792185
22675,0.0029603410222581706
22676,0.012096862540603954
22677,0.008608411639045896
22678,0.008379116089795685
22679,0.008644963261082644
22680,0.014851465034721272
22681,0.009706122666092748
22682,0.012452550646867571
22683,0.012841181184914181
22684,-2.9901245741448353e-05
22685,-0.0014720664610289639
22686,-0.007487187246451791
22687,-0.01600534345091774
22688,-0.015099139443236511
22689,-0.005000747553496239
22690,-0.007353911785134035
22691,-0.018352915907773684
22692,-0.015913885308938933
22693,-0.01312651528233999
22694,-0.014161507925320123
22695,-0.011037087946231096
22696,-0.0034096260477071015
22697,-0.0022702655372871363
22698,-0.006799984069397279
22699,-3.645524301818785e-05
22700,-0.0012588796254087156
22701,0.00369162575375029
22702,0.015685891978252032
22703,0.024308628554342453
22704,0.022666559392155755
22705,0.028098303167492004
22706,0.03581405917498963
22707,0.025547640360037753
22708,0.027592246440962993
22709,0.024890058051807225
22710,0.020681661998601126
22711,0.015662026223630925
22712,0.014374001026779328
22713,2.9097244491008913e-05
22714,-0.0071130818697071685
22715,-0.008002038430408573
22716,-0.012061808703705146
22717,-0.006349140904559187
22718,-0.004549536767348177
22719,0.0034313222157123344
22720,0.007435620508363567
22721,0.004544837406400752
22722,0.0008945173154499118
22723,0.010139279492818969
22724,0.0097365875504346
22725,0.006087925773858957
22726,0.019892061567470136
22727,0.022526797266635132
22728,0.016421918921361883
22729,0.016746185438750175
22730,0.019215242920025178
22731,0.013786530868358786
22732,0.003370960150750184
22733,0.007326378219322861
22734,0.006476983169342021
22735,0.0147413032044506
22736,0.021769363816362377
22737,0.0289062124844668
22738,0.058969652471855157
22739,0.06188567683681644
22740,0.051148012425654726
22741,0.03896573103627482
22742,0.03768809900130164
22743,0.003238561859530491
22744,0.032400741801548553
22745,0.00793306899825639
22746,0.004148744900455395
22747,-0.012190075221951315
22748,-0.010841076796376914
22749,-0.04188166190778945
22750,-0.01551298135748595
22751,-0.015186812514543084
22752,0.0010255530393321968
22753,0.0037905357486446795
22754,0.00016027920748863683
22755,-0.003372307501822619
22756,0.007673481838917786
22757,-0.010983308709961791
22758,-0.012137934844153613
22759,-0.014450542519168703
22760,-0.006338163308090925
22761,-0.013262347619919006
22762,0.006711625829243664
22763,0.012221090173807344
22764,0.020644702102729853
22765,0.007023539616145829
22766,0.00091788793734591
22767,-0.001604742081095037
22768,-0.004289683160079415
22769,-0.005713537575281561
22770,-0.00027990221713033813
22771,0.004352277261712929
22772,0.00020032230128469848
22773,-0.0067127461728637055
22774,-0.009191308453004306
22775,-0.0016103041725701072
22776,4.2726565241938166e-05
22777,0.007730390059309242
22778,0.02187602811383393
22779,0.02570166738245159
22780,0.009681851096628691
22781,0.010042255877356725
22782,0.0136946373235196
22783,-0.0015865358993034373
22784,-0.006704260497808656
22785,0.0009110523603487482
22786,0.0021831170450680904
22787,-0.009618994852447884
22788,-0.008176320997725264
22789,-0.005349518831651911
22790,-0.00198968780144436
22791,-0.0003982334113720921
22792,0.002346630169045167
22793,-0.002663361338646833
22794,-0.003421895659515648
22795,0.0013982009759051137
22796,-0.005436557366126687
22797,-0.00181382368005406
22798,0.0015472143914460421
22799,0.0019351308672073935
22800,-0.005996254677529467
22801,-0.0035929979409113806
22802,-0.009269679951058573
22803,-0.00701539740195433
22804,-0.002484958081713031
22805,-0.0001374525968307479
22806,0.0001928450875687302
22807,0.0038993853440521882
22808,-0.012735016383808475
22809,-0.024325218089834816
22810,-0.03447823759886811
22811,-0.04677182304715604
22812,-0.045699311288010865
22813,-0.020081312843060646
22814,-0.017973656592471576
22815,-0.00875024279173549
22816,0.007385552234717282
22817,0.012571629982960124
22818,-0.001040043994781368
22819,0.017163047358727743
22820,0.016750084246071457
22821,0.013290441488900472
22822,0.014658946662755567
22823,0.015738405371477346
22824,0.004914560484021207
22825,0.0007336431822205586
22826,0.004207814463839812
22827,-0.0007505608718713888
22828,-0.002700533076782231
22829,-0.0019345299587507935
22830,0.0017337756771496856
22831,-0.0024445800814426556
22832,-0.01235877174153734
22833,-0.007674740179547182
22834,-0.009634965373279663
22835,-0.01589908425448519
22836,-0.00884560950531956
22837,-0.0008094882213306792
22838,0.001297227130464271
22839,0.0021160554778777343
22840,0.007432566373313244
22841,0.0038479599141016036
22842,0.004149874638308025
22843,0.0011442230182200353
22844,-0.003173381314081664
22845,0.0009120632592662955
22846,0.001242463146107283
22847,-0.004662407134279149
22848,-0.004598519581853034
22849,-0.0021380879777769084
22850,-0.004969344138582746
22851,-0.00798479899837478
22852,-0.004744172790422833
22853,-0.003993710186329131
22854,-0.001331448144475544
22855,-0.006827738030351586
22856,0.0032694228413337073
22857,0.006029787090608955
22858,0.017957441535067356
22859,0.01582408011190457
22860,0.021856648421710156
22861,0.007489013642175539
22862,0.013639054177926874
22863,0.00270743609227765
22864,0.004385609718112395
22865,0.003344009376129114
22866,0.0075927285951107966
22867,0.01540769887720823
22868,0.018975138119207084
22869,0.01871843493077886
22870,0.018963033070033858
22871,0.02576370208710457
22872,0.014076857779359284
22873,0.00831141755181852
22874,0.0028756586880122246
22875,0.0028581787586421303
22876,-0.0031825948511123893
22877,-0.00882601805535127
22878,-0.006819119917469207
22879,-0.006545571749621465
22880,-0.00745308291754839
22881,-0.012913592625499947
22882,-0.00986014870635549
22883,-0.00995359251282209
22884,-0.006173154997744428
22885,0.0014986955231824641
22886,0.008277401484283414
22887,0.009216936417704002
22888,0.007215842826036943
22889,0.004336087291915791
22890,-0.007796824466087043
22891,-0.007586584482593292
22892,-0.0034731580946218157
22893,-0.001963141225743836
22894,0.0007986878143616719
22895,0.007995762455760927
22896,0.005679621124069651
22897,0.00018513200940786594
22898,0.0019461511108491531
22899,0.0003734431065127163
22900,6.107136383163546e-06
22901,-0.0014052929183452907
22902,-0.00048692378947881994
22903,-0.0037917856022029717
22904,-0.006648864092159058
22905,-0.012081229969755906
22906,-0.004505656604858303
22907,-0.007899126530337688
22908,-0.0005333997367261355
22909,0.0014880989857254457
22910,0.003514905401866453
22911,-0.003636031564775521
22912,0.00296894089276759
22913,-0.012137627593072159
22914,-0.010501801478343908
22915,-0.007146311215945311
22916,-0.005213006196803724
22917,9.389325008125828e-05
22918,0.008702263372744105
22919,0.01417284992258753
22920,0.013907882242554723
22921,0.013156174560634361
22922,0.0057311418023799614
22923,0.006902141400626557
22924,0.0032024626274950022
22925,0.006090990463252308
22926,0.007158426453223694
22927,0.005692926474261251
22928,0.0012379743994561287
22929,-0.00017318357764516302
22930,-0.005113844343613139
22931,-0.005794883703335773
22932,-0.005443013146880959
22933,-0.005480910579624967
22934,-0.010431676543634118
22935,-0.010359181080586205
22936,-0.005150450362378431
22937,-0.006733576525755537
22938,-0.003642463910094906
22939,-0.003162773579914688
22940,-0.000846608329783533
22941,-0.00645457385323908
22942,0.001981305536329771
22943,0.00390690835465263
22944,0.008133364325082378
22945,0.010226644865712264
22946,0.011587557144021264
22947,0.005361693101610039
22948,0.007438160115097392
22949,0.008695513821629768
22950,0.005610014680178301
22951,0.004895242803931914
22952,-0.006645622242499794
22953,-0.016061984689294515
22954,-0.015089289642799862
22955,-0.016287167593087213
22956,-0.017426905563353242
22957,-0.0072819861598387835
22958,-0.006312032614606787
22959,-0.00853543854857926
22960,-0.012281442793932628
22961,-0.010542066149320078
22962,-0.008369120762339045
22963,-0.008087949049346769
22964,-0.00200069032317665
22965,0.0029038266507451934
22966,0.001982753400234355
22967,-0.0007903486618579852
22968,0.00449353471036494
22969,-0.0010563014343551974
22970,-0.0048216289690645045
22971,-0.003915381897991229
22972,-0.004966315425807571
22973,0.0022581702030080282
22974,0.0027984634460128943
22975,0.0042071307271449926
22976,0.0037521656422179668
22977,0.005344591677535882
22978,-0.00024694032152709896
22979,0.0020698176536566577
22980,0.006123756293986959
22981,0.007894875751984137
22982,0.002556128317641546
22983,0.00022488179526571926
22984,-0.0012200334413061803
22985,-0.003390948398292221
22986,-0.0065028915975431775
22987,-0.0027518803382484006
22988,-0.00415866904445311
22989,-0.008352696075376975
22990,-0.00722681238334941
22991,-0.008008441215031638
22992,-0.005767795113736718
22993,-0.003909553009291016
22994,-0.006119364449765556
22995,-0.0067186737981709335
22996,-0.009821593105428477
22997,-0.007638719837985331
22998,-0.008246515124232173
22999,-0.0018638370214471521
23000,-0.011846402998920603
23001,-0.008003709423135084
23002,-0.006990965384341847
23003,-0.008308745249778341
23004,-0.009532646673376614
23005,0.011212434419687847
23006,0.014211340276652676
23007,0.013526858873918584
23008,0.01136672742405722
23009,0.013041806273309944
23010,0.0019936458647804777
23011,-0.0005061820167438336
23012,-0.0015651243045123708
23013,0.003223738484954992
23014,-0.0001839211589386046
23015,-0.0017311413768326918
23016,0.0013227653658135243
23017,-0.0012028315537271062
23018,0.006138044418475381
23019,0.007746198359155963
23020,0.006907829400299157
23021,0.003013984164404563
23022,0.003901144611147682
23023,-0.004719921885008107
23024,-0.0008061989896171284
23025,0.001229808994220067
23026,-0.00035826002192424487
23027,0.0017711106646980954
23028,0.002694933627749071
23029,0.0004711134494197859
23030,-0.0002101336900759247
23031,0.0009179773517953828
23032,-0.0005548112115793702
23033,0.0028363093234504435
23034,0.0021040565047137495
23035,0.003198011495046117
23036,0.003770191898884441
23037,0.0031083821001029973
23038,0.0007646018907398979
23039,-3.524982460376668e-05
23040,-2.3594506516655924e-05
23041,-0.0020495458143893553
23042,-0.009611217981456494
23043,-0.01346751773541511
23044,-0.013933268592663604
23045,-0.01427273903149369
23046,-0.011843368466179878
23047,0.0020101336938570403
23048,0.010803083154295172
23049,0.01127050243728611
23050,0.007482095055830191
23051,0.00765174769136504
23052,-0.003403519636682692
23053,-0.009381599421039466
23054,-0.007649731091981819
23055,-0.003712119520630444
23056,-0.001123043869706235
23057,0.005094665144222215
23058,0.005699417311692349
23059,0.00563594409676654
23060,0.005989448502982658
23061,0.0031788957091785147
23062,-0.002346224544880428
23063,-0.0011198051298748543
23064,-0.0031829829538149875
23065,-0.004619998286350894
23066,-0.005224043053931004
23067,-0.0012483140874152991
23068,-0.004434404355695245
23069,-0.00013498223736927462
23070,0.0005282451929975373
23071,0.0008865421353057979
23072,0.0016641052525746146
23073,0.003640543118168047
23074,-0.0004356702744178089
23075,0.0011141494107339085
23076,0.0018492721270645662
23077,-0.004462935012129637
23078,-0.004339389693419142
23079,-0.00573156117942609
23080,-0.002063680765429544
23081,-0.001074006186275633
23082,0.00481681497939869
23083,0.005230365544020467
23084,0.006899179175911195
23085,0.002276637752515623
23086,0.0023226342875984096
23087,0.007262402303602457
23088,0.008280591533014909
23089,0.008634055425342596
23090,0.003674270966958404
23091,0.00247543515341033
23092,-0.005965388847492307
23093,-0.006744876365237368
23094,-0.007182583236663496
23095,0.008860845461399203
23096,0.009267806214965743
23097,0.014077122957215218
23098,0.01351987084984295
23099,0.011969765530118616
23100,0.001037489343672056
23101,0.003819812076893817
23102,0.002606702715889443
23103,0.0023544150926359773
23104,0.0029926596739957415
23105,0.0024037008007060517
23106,0.0006798858557831459
23107,0.0002275498039776699
23108,0.0025358047295234924
23109,0.003990612577770605
23110,0.0005276757770604508
23111,0.0013613809136478617
23112,0.0016299333357546557
23113,-0.0022581438630265072
23114,-0.009505046538632224
23115,-0.006471324874876991
23116,-0.006410899625532013
23117,-0.004432084842365363
23118,-0.0027788331377398964
23119,0.004346711062307376
23120,0.004546389019249875
23121,0.0021974304095175295
23122,-0.0035759653341713386
23123,-0.010592038868707528
23124,-0.012354784445860214
23125,-0.014956381924073264
23126,-0.015440303533413973
23127,-0.01249236335361845
23128,-0.007263788533790592
23129,-0.005510186474446256
23130,-0.0028367278162668924
23131,-0.002933112086107458
23132,0.0008734702076070887
23133,0.002132789797087526
23134,0.0004567471901430353
23135,-0.00223411027147569
23136,-0.002098984062960373
23137,-0.005281832480216488
23138,-0.007361000687818045
23139,-0.005809813456577695
23140,0.005423238095676912
23141,0.004639867825860475
23142,-0.0004686458354648886
23143,0.002945554041731628
23144,0.004471343488248635
23145,-0.0037307275821171684
23146,0.016953396300659965
23147,0.02590554348468616
23148,0.02553389404627682
23149,0.023869629922690677
23150,0.022025368941751142
23151,0.00014947316350367356
23152,-0.0031365029467781366
23153,-0.0068129203140216725
23154,-0.0066284863158995126
23155,-0.0025380417886428706
23156,-0.0008654048693334408
23157,-0.0007325274028125207
23158,0.005694466160762167
23159,0.0043992887411341
23160,0.001461655930368608
23161,0.000345727987428458
23162,0.0018109342846428992
23163,-0.0018845024623921779
23164,-0.0017182894674625544
23165,-0.0010128219427479592
23166,0.0008184573560018203
23167,-0.0006593539683054797
23168,-0.002064106738655011
23169,0.0030410107907106235
23170,0.0018072221219775843
23171,0.0015290183668257079
23172,0.0011955681118705058
23173,-0.005364285964284414
23174,-0.011957669607854356
23175,-0.010675177089401593
23176,-0.01860308410441569
23177,-0.018814608712101746
23178,-0.010275063985032393
23179,-0.008158534684156171
23180,-0.008925975675877152
23181,-0.0006519048786748917
23182,-0.0009129223556955061
23183,-0.0011827404195875577
23184,-0.0005504222963768283
23185,-0.0031578826514503393
23186,-0.004208433397466147
23187,-0.0017166677004578734
23188,-0.0013061433519600423
23189,0.0005934862871090964
23190,0.004067978547517478
23191,0.005289690838119383
23192,0.0022598415004243593
23193,0.001536653762530944
23194,0.001213516004156462
23195,-0.00020733525163858256
23196,-0.00033141042658483535
23197,0.002918885967132848
23198,0.0014183485280113812
23199,-0.0003383184456029316
23200,-0.0014857805352997179
23201,-0.001134223849615949
23202,-0.0028531560427384616
23203,-0.0022316950565102354
23204,-0.004567268634086258
23205,-0.0016138099386907164
23206,-0.0028986414340925145
23207,-0.010350114194499679
23208,-0.009493639072247574
23209,-0.010800089242660892
23210,-0.008205237391690904
23211,-0.0075181799727318775
23212,-0.011360242110556314
23213,-0.01046329105040918
23214,-0.006084409947269656
23215,-0.01242592615693286
23216,-0.00843389747896957
23217,0.0022917615089664404
23218,0.0014186683390209679
23219,-9.047648606888794e-05
23220,0.0027036919318707757
23221,-0.0010504032641501303
23222,-0.0024843568050276054
23223,0.0008559649490401434
23224,-0.00020263881417640272
23225,-0.0012714453873192205
23226,-0.002129376461749569
23227,-0.0063893358118488315
23228,-0.003205734533953606
23229,-0.001422273875002225
23230,0.0024138349792233223
23231,0.005499467987525188
23232,0.011056439959205343
23233,0.002002841171585813
23234,0.001649852833127285
23235,-0.001321793319749699
23236,-0.004682668288956251
23237,-0.004822205978168704
23238,-0.0025061585457782014
23239,-0.0018969142201217168
23240,0.00031059449544508646
23241,-0.000491557586440632
23242,0.0023491282987938918
23243,0.00487817189759767
23244,0.005077830931817766
23245,0.0010287445040379896
23246,0.0036256996256339613
23247,0.0010630474064687674
23248,-0.001977777167713265
23249,-0.0034449844564123167
23250,0.0012632477141858907
23251,-0.0004622469117754933
23252,-0.0005422189388827466
23253,0.0007119710037883977
23254,0.00041915052160954974
23255,-0.0021100628664298803
23256,-0.0016134934385282917
23257,0.004789858106781351
23258,0.005907816078979859
23259,0.006315366014547349
23260,0.002791933996372611
23261,0.0030652010032951905
23262,-0.0029707629860578773
23263,-0.004666110450564094
23264,-0.002832662554418013
23265,0.0009483027512753587
23266,-0.0034218216709529813
23267,-0.004324983343541966
23268,-0.005284388171358648
23269,-0.009678135612358741
23270,-0.00869324436816706
23271,-0.004561388082886398
23272,-0.0007084625336262907
23273,9.307744571999581e-05
23274,0.0038310112449593775
23275,0.00784290640227338
23276,0.008451752579322937
23277,0.00458962973835823
23278,0.007408803602261051
23279,0.006298233184019655
23280,0.0018007593795879187
23281,0.0019153049802016868
23282,0.0029856730359271695
23283,-6.411530496558251e-06
23284,-0.001309862174266206
23285,-0.0047853278321255
23286,-0.005461589077054896
23287,-0.0058848106156180625
23288,-0.006124799492669715
23289,-0.0028223359385815467
23290,0.0017311771829089326
23291,0.006270107768850726
23292,0.004048325511982933
23293,0.00351261479995772
23294,0.0021608165297486146
23295,0.00038920723369865914
23296,-0.008142367829566784
23297,-0.005054233398456045
23298,-0.004469562356326573
23299,-0.00826137374526124
23300,-0.013479278466623201
23301,-0.0092604987939979
23302,-0.01205653118092683
23303,-0.009351143525773651
23304,-0.005666617259343367
23305,-5.2740912637014104e-05
23306,0.0024475872597453734
23307,0.005201888323769611
23308,-0.002111638633950229
23309,-0.002392475659605308
23310,-0.005282962512567423
23311,-0.006855133827488717
23312,-0.008517117545084867
23313,-0.0038117837503046305
23314,0.0006360181756824426
23315,0.0013732572888386437
23316,0.0005669944916708956
23317,-0.0019212673690257212
23318,-0.005310957310561488
23319,-0.008306028060231637
23320,-0.005375131782798138
23321,-0.005683092554241487
23322,-0.0026363791060015256
23323,0.003741625016480177
23324,0.0025212405988590133
23325,0.0013201643894777335
23326,-0.002906401892407229
23327,-0.0036341170586191305
23328,-0.008746772575255747
23329,-0.005383653628225406
23330,-0.008909964554291173
23331,-0.004127029085128746
23332,-0.006205128852181768
23333,-0.003126630963283638
23334,-0.0062041928514728435
23335,-0.0069211149610305354
23336,-0.005191387797662646
23337,-0.0008582113352214411
23338,-0.002126505796608954
23339,0.0002027100307026475
23340,0.004986431540734827
23341,-0.003075786209235823
23342,-0.0025063505913704887
23343,-0.0022267055716985763
23344,0.0016524617179198625
23345,0.001319614575913122
23346,0.006467960643594046
23347,0.005795105735049612
23348,0.004684544946174263
23349,-0.0015052970353308136
23350,0.002211738862821174
23351,0.00973240709858428
23352,0.009499020815880289
23353,0.014307631441454229
23354,0.01546342717068272
23355,0.008786508016033517
23356,0.0036998187605950775
23357,0.002013129102844649
23358,-0.0004272683557909587
23359,-0.0036148688134219737
23360,-6.29385376841617e-05
23361,-0.0021002622051681384
23362,0.007432629035758676
23363,0.008601743761747441
23364,0.011532540221218919
23365,0.01648705681470378
23366,0.01705055535924058
23367,0.008914549175173316
23368,0.005147686627266979
23369,0.0043514516445047535
23370,-0.0009875173695940854
23371,0.00013909454731772308
23372,0.004159481702944207
23373,0.005142185045206099
23374,0.004416917788156482
23375,0.004580852307610975
23376,0.0028354910528285548
23377,0.002868117423689195
23378,0.0039445552334197095
23379,0.004635884595753191
23380,0.003258119566145449
23381,0.0028953518718555725
23382,-0.001335442468352063
23383,-0.000406183067145113
23384,0.0037823755449666206
23385,0.005306178601220764
23386,0.005778945489044304
23387,0.00437304264489463
23388,0.002647234196626522
23389,0.0026197896800823042
23390,0.0035136590269203116
23391,0.00798556211761408
23392,0.008595916982990486
23393,0.012720704336445303
23394,0.00860576334743852
23395,0.004893636077348255
23396,0.007387353789558262
23397,0.008118145986704435
23398,-0.001989448321820718
23399,-0.0038885561659300263
23400,-0.0011793564888183425
23401,-0.007162077239488208
23402,-0.008018501642283559
23403,-0.001162705133379115
23404,0.004824599670527686
23405,0.0027437590419986707
23406,0.002300813613957684
23407,0.003411881558680883
23408,-0.0015324133481405056
23409,-0.004421159898234196
23410,-0.002666495961933541
23411,-0.0033432614064719058
23412,-0.004119873721093221
23413,-0.007745880920663158
23414,-0.012156052955626023
23415,-0.012730013363808476
23416,-0.010820324549254067
23417,-0.009623612264336251
23418,-9.527375373651014e-05
23419,0.005902523425648969
23420,0.007285250698161365
23421,0.005522770655942657
23422,0.01045340867405424
23423,0.00786722453602645
23424,0.0050269699224749975
23425,0.0035877710147695216
23426,0.0003060684365548766
23427,-0.0032126347318663785
23428,-0.003681547443193731
23429,-0.0033517479153534224
23430,-0.002081923802569384
23431,0.0006351075528877449
23432,-0.0034231441746762027
23433,-0.0018425130153337764
23434,-0.0024263253115181546
23435,-0.003283002629580973
23436,-0.005215916674935494
23437,0.00030024964772835006
23438,0.007323082505608976
23439,0.007764572052758635
23440,0.005141948692433218
23441,0.008452620280297973
23442,0.004595685699368819
23443,0.001819547184794544
23444,-0.0009046980437235191
23445,0.0026328231439202475
23446,0.0013299640142651272
23447,0.005574846569147688
23448,0.0018432390920624878
23449,-0.01574563516205589
23450,-0.018281532493149653
23451,-0.014522625004499768
23452,-0.021092210663982147
23453,-0.019331015511138274
23454,0.00045341975026230534
23455,0.0032556651034550445
23456,0.0018521619417249122
23457,0.004397113749535564
23458,0.001824958877768662
23459,0.008232710022409237
23460,0.005471012746416796
23461,0.00580377652383041
23462,0.00817232354653641
23463,0.008432390604182827
23464,0.004674650800482152
23465,0.00410250420970798
23466,0.002188979584024344
23467,-0.0019032617589633774
23468,0.001653626215661125
23469,9.496892726382498e-05
23470,0.00047596107246036627
23471,-0.0006322831934207665
23472,0.0010685315431323654
23473,0.0034462278681687245
23474,0.0018293492504229015
23475,0.002712410456329268
23476,-0.0024279399863039912
23477,-0.009025622017328486
23478,-0.015205173985213462
23479,-0.014726769958034637
23480,-0.007519636224041915
23481,-0.001389485539133105
23482,0.005157049214052648
23483,0.005441309047879086
23484,0.00584383722990715
23485,-0.0030490099581037752
23486,-0.010728197204198528
23487,-0.009804172384119868
23488,-0.012133803869303553
23489,-0.013988784901101172
23490,-0.011335543814902508
23491,-0.0029860753632181833
23492,-0.0037806411911089468
23493,-0.0013267611370826398
23494,0.003915431399165183
23495,0.006090094839310934
23496,0.0037874624149168796
23497,0.006264663695394192
23498,0.007588027961476362
23499,0.00433834128049802
23500,-0.0008630307236007587
23501,0.0013728097357929565
23502,-0.0013094479407313002
23503,-0.004941228223088171
23504,-0.004893033429246548
23505,-0.0038196799012625163
23506,-0.00485307237624646
23507,-0.005645545602641745
23508,-0.0030275471518424186
23509,-0.005500984858480481
23510,-0.003300234805714917
23511,-0.0026250075126477207
23512,0.004353386061968425
23513,0.003725167271361474
23514,0.005010479250257242
23515,0.003396533633304359
23516,-0.0008341786382920102
23517,-0.006783528192268027
23518,-0.00819961291599853
23519,-0.005763739597984828
23520,-0.004446944900277155
23521,0.0022820115759094937
23522,0.00365899015892488
23523,0.005918234012949367
23524,0.0037863061336740203
23525,0.008438290766318595
23526,0.006079472937334286
23527,0.006561346557752719
23528,0.004323866619049023
23529,0.004869399115736681
23530,-0.00034280077322244135
23531,0.0012967358493664463
23532,0.0022589964776160787
23533,0.009301465210163106
23534,0.007719159787193913
23535,0.007734876319128166
23536,0.0042549765100818975
23537,0.0024927563484697193
23538,-0.0032086210742534303
23539,0.002032686483056751
23540,0.0034628274381918157
23541,0.0031543865040423204
23542,0.0006227317476683735
23543,0.0013027901738559074
23544,-0.002608359874691861
23545,-0.0005018509015475917
23546,0.0005394335831119409
23547,0.002133668355165814
23548,-0.000590163476446946
23549,-0.002519993735674621
23550,-0.0031644090902098335
23551,0.0018483649392214817
23552,0.008225163300731283
23553,0.011322513880525631
23554,0.016498821450218873
23555,0.013276049712834588
23556,0.009342203884466414
23557,0.0025851004524573887
23558,0.0028181560886481145
23559,-0.000875343254272998
23560,-0.0020691315796430385
23561,-0.0026078076231979322
23562,-0.001563497660069518
23563,-0.011704054658925881
23564,-0.014043048644945757
23565,-0.012399067895996735
23566,-0.011832637434198745
23567,-0.011926919449475507
23568,-0.003267952969831003
23569,-0.000982722502713357
23570,0.0020959544202073174
23571,0.0017791125655945204
23572,-0.0028623975280908684
23573,-0.003636875551411618
23574,-0.0028273771322017624
23575,-0.012410644927599523
23576,-0.011482012948396098
23577,-0.007567531882164421
23578,-0.009021822214434476
23579,-0.010798017681717342
23580,-0.003724878648320307
23581,-0.0030100978230284585
23582,-0.0029625569883818905
23583,0.00011158184085232635
23584,0.001000499806288174
23585,0.011563860857541871
23586,0.012406796253221879
23587,0.016004012590417543
23588,0.015009920230836561
23589,0.015759184067801624
23590,0.004221943935811648
23591,0.004267264795240404
23592,0.00026906488909497756
23593,-0.0014039454706183333
23594,-0.005691044850354782
23595,-0.00616671406560963
23596,-0.006589436634236313
23597,-0.0036903681217727723
23598,-0.0015931616644127705
23599,0.0013166720638226868
23600,0.0032774938975348366
23601,0.0005430679480888348
23602,-0.004905866893154097
23603,-0.00600714989670654
23604,-0.003277857111138579
23605,0.0004314844700623537
23606,0.0023510433777434877
23607,0.005608938907600336
23608,0.006862119404868263
23609,0.004976334711707918
23610,0.0013726843975624707
23611,0.00375523612814032
23612,0.0014244972739625758
23613,0.0007005946019827049
23614,0.0009405825954012974
23615,-0.004235966902574394
23616,-0.007225702898933643
23617,-0.0029185531355024924
23618,-0.0053547480542552066
23619,-0.0047800799020732525
23620,-0.007391506659291859
23621,-0.006274552469460816
23622,-0.00940224911626854
23623,-0.0037076314609057626
23624,-0.002477495545368146
23625,0.00453007910611936
23626,0.0015598539505803487
23627,-0.001378314885594588
23628,-0.003434600210125678
23629,-0.008115444174549156
23630,-0.005706842517092046
23631,-0.0024201790509348004
23632,0.0007176893764863347
23633,-0.0018545943749377668
23634,0.0015248115512833784
23635,0.0004082423028763122
23636,-0.0017358809809539211
23637,-0.000530880220629201
23638,0.008249651598981262
23639,0.006437713079912029
23640,0.006657859942397252
23641,0.0001330805491416959
23642,0.003973246648605443
23643,-0.0023339482962324376
23644,-0.0028132537335866866
23645,-0.0030730079747546485
23646,0.0037490676749938273
23647,-0.005321445882232051
23648,-0.002663077909494123
23649,-0.000704193632052433
23650,-0.0030851266201471846
23651,-0.007466308141218275
23652,-0.0038850750213744825
23653,-0.008680543284918206
23654,-0.006396710347422046
23655,-0.004755410739607419
23656,0.001041258845221456
23657,-0.003698026612271992
23658,-0.0015825135079574927
23659,-0.004030909470428411
23660,-0.004678267260130212
23661,-0.006565000038459228
23662,-0.003239786133048815
23663,-0.004847601951537643
23664,-0.003907900138519521
23665,-0.0035322633131998787
23666,-0.001765928421233141
23667,0.001459313573288089
23668,0.004485811971433992
23669,0.0029641664021690956
23670,0.002584788440847557
23671,0.005227206892920399
23672,0.0030377938521491885
23673,0.0014245964040400848
23674,0.0010709547767443841
23675,0.0013368936147385745
23676,-0.00031131300786828883
23677,0.0030360239172703978
23678,0.002386802261606666
23679,0.0038595281766988484
23680,0.008553207623988634
23681,0.004412284217244758
23682,0.0028087482180493596
23683,0.0065013741102681035
23684,0.009789636240067996
23685,0.001806852939050081
23686,0.00526716661548558
23687,0.010672542440191373
23688,0.007813123749922291
23689,0.003923700153195232
23690,0.00746328008464491
23691,0.005215754046913631
23692,0.006185806325614057
23693,0.0063140035003414995
23694,0.006630940900386441
23695,0.007841004612269723
23696,0.00950899304879182
23697,0.0029562097984959703
23698,-0.0038438209532397007
23699,-0.004192368947063899
23700,-0.006334704847024026
23701,-0.01532036210500702
23702,-0.016237883295482886
23703,-0.010259899171112825
23704,-0.011339155422587833
23705,-0.008279207650807592
23706,-0.0006982272442798027
23707,-0.002031690723604626
23708,-0.0015680645186952702
23709,0.00024614817943311915
23710,-0.004789733073209902
23711,-0.00255282763201831
23712,-0.002311145997323497
23713,-0.0015947254838253688
23714,-0.0016712712195233513
23715,0.0001585527212940752
23716,-0.005401226367974163
23717,-0.0031712858141305323
23718,-0.003656820463770623
23719,-0.005859537213307629
23720,-0.0032116624249692556
23721,-0.0006580066228053887
23722,-0.0007862939178533793
23723,-0.0026506313605140315
23724,-0.0009647550741062387
23725,-0.0030012556909622835
23726,-0.0037474940972068702
23727,-0.0033685800918223296
23728,-0.004808802008352246
23729,-0.000980863928044531
23730,0.004403089037037455
23731,0.004152714975292476
23732,0.003242312022923242
23733,0.0068889497945628965
23734,0.0014924008201352465
23735,-0.0022744134999893124
23736,-0.000528149884127655
23737,-0.000607045349316842
23738,-0.0003974659541765217
23739,0.0010835757225498947
23740,-0.00010453603226371486
23741,-0.0009380431137446787
23742,-0.0003741361659512359
23743,-0.0023115049934625464
23744,0.006835806350017549
23745,0.006818125116575841
23746,0.009753748039572768
23747,0.01366390532685109
23748,0.014057723279833824
23749,0.005819397420873829
23750,0.005423816412693833
23751,0.0030860680560302776
23752,-0.0005164542439430774
23753,-0.001783413840359812
23754,-0.00206050545316601
23755,-0.004329494608670097
23756,-0.008135410331134579
23757,-0.0040026079597936465
23758,0.0008433128787814005
23759,-0.00014670585094692923
23760,0.0018653340775023992
23761,0.0052770097161968866
23762,0.0015410735428811643
23763,-0.0007891317230071704
23764,-0.00021906191513038328
23765,0.00031325150948991907
23766,-0.001458713835378161
23767,0.0003859257128300586
23768,-0.0008988387426841933
23769,-0.0004770419867533627
23770,0.0002913943971708531
23771,0.002222076121364157
23772,-0.0005466151905507974
23773,-0.0009470282207346347
23774,-0.0016383708332328609
23775,-0.004838207109010396
23776,-0.005107945202255696
23777,-0.0010670562633142858
23778,-0.0002907404898108508
23779,-0.00337053814844388
23780,-0.0002747073406822479
23781,0.00022264629162351915
23782,-0.004198861768887975
23783,-0.004293131608203613
23784,-0.0002401305458475907
23785,0.0012575007586073824
23786,0.0006009816131552309
23787,0.0015133738536201012
23788,0.0008809717500146815
23789,-0.0022610822313366883
23790,-0.00517359366160994
23791,-0.0062537815761608455
23792,-0.009073314150176684
23793,-0.008249659984625405
23794,-0.0044858670433003895
23795,-0.0028354762303799065
23796,-0.001290854258927199
23797,-0.0017958152676483834
23798,0.00011030623993465865
23799,-0.0005452801402778966
23800,-0.0028967865837550982
23801,0.003445635756262668
23802,0.005146955429575301
23803,0.0038817552139287508
23804,0.005675378030771659
23805,0.006742408376338534
23806,0.0006606550125974961
23807,0.0033913578886494255
23808,0.0031315233884353436
23809,-0.00017214187453320397
23810,0.001246992903875482
23811,0.0006110062956476398
23812,5.328263983519415e-06
23813,-0.0033165237715777475
23814,-0.002235266296878249
23815,-0.0031867041008949173
23816,-0.003853418405213302
23817,-0.004900496680361171
23818,0.0007995172009057257
23819,-0.005630830303186854
23820,-0.007531564368806148
23821,-0.004970288613426067
23822,-0.003735638851357982
23823,-0.006021264649567728
23824,-0.028348526301955713
23825,-0.02127150987272452
23826,-0.021967629043230942
23827,-0.026995183206553565
23828,-0.028763068625923108
23829,0.00012049940856917568
23830,-0.0016237244730307673
23831,0.0014269664569666368
23832,0.005897432907417805
23833,-0.0007598919674624241
23834,-0.007601920381617502
23835,-0.01223294865345712
23836,-0.01860927869818064
23837,-0.024533515725196763
23838,-0.016613743462020394
23839,-0.00552963078704164
23840,-0.007920094822926162
23841,-0.004627963885586502
23842,-0.008327117549464412
23843,-0.0017506007131914783
23844,-0.004993875611854826
23845,0.0016371561971985202
23846,0.00024493976012777654
23847,0.009861618812953752
23848,0.006933204137484459
23849,0.005061507440926071
23850,0.001429858336722994
23851,0.018968500151956735
23852,0.01942258152259622
23853,0.012412760706410703
23854,0.012279399788668459
23855,0.011529059684235746
23856,-0.004277350335652815
23857,-0.007122413300318012
23858,-0.0030848172580077997
23859,-0.001770497391323503
23860,-0.006351327632555467
23861,-0.011481535526079988
23862,-0.007514131806770067
23863,-0.0019293899402835965
23864,-0.0025777072089508547
23865,0.0026626305748827968
23866,0.005377057348842161
23867,0.005091802598843085
23868,-0.001054457004075404
23869,0.004203152905406678
23870,0.0016006918301975002
23871,0.0031905179046909232
23872,0.0033648632682135035
23873,0.00109639491742865
23874,-0.004518177479697646
23875,3.394375519753648e-05
23876,0.002457840015611618
23877,0.0010101735605797552
23878,-0.001429776737952681
23879,-0.0028491957003046234
23880,-0.002881418430524811
23881,-0.005338239425166739
23882,-0.006029056987491655
23883,-0.0009476397335471278
23884,0.0003146232224175006
23885,-0.001622193538644131
23886,-0.0011002571808580283
23887,-0.005171180929058934
23888,-0.009266444897122356
23889,-0.010140696155304926
23890,-0.009345093353294956
23891,-0.008159489498687464
23892,-0.003920890811443815
23893,-0.00034445519347482977
23894,-0.00020567429393772757
23895,-0.0009824670310346543
23896,0.00013627674431111768
23897,0.0013456665254509147
23898,0.0038969367631880632
23899,0.0031164343457178614
23900,-0.002184537172523115
23901,-0.004331822409344522
23902,-0.006807340887539661
23903,-0.00990246108534939
23904,-0.008151284137833312
23905,0.0012322967204774964
23906,-0.0006902186382887315
23907,-0.0012534121449884043
23908,-0.0002925611146011704
23909,-0.0004311493781535323
23910,-0.004361337706792916
23911,-0.0019053015502484049
23912,0.0008725404714615649
23913,0.0016098716980087074
23914,0.008541384422748911
23915,0.007737249030600395
23916,0.007972478051611297
23917,0.008355185485935333
23918,0.006712830532367388
23919,0.00039178200562421303
23920,0.0006105280786675673
23921,-0.0012010555051864265
23922,-0.002744935000775023
23923,-0.0049544747557715456
23924,-0.0055152536988616494
23925,-0.0052084927159166405
23926,-0.005321381896361176
23927,-0.009833092934784588
23928,-0.00704876901364275
23929,-0.003644301832537218
23930,-0.00503235940186747
23931,-0.0035476070386483835
23932,0.00880314665667731
23933,0.010346412299334359
23934,0.010505533529494628
23935,0.017293161921287183
23936,0.018830877214228454
23937,0.0109778083082177
23938,0.009333239964461478
23939,0.00471477452887307
23940,0.00013924358789482274
23941,-0.004294913027624261
23942,-0.005004707398047623
23943,-0.007627676942313413
23944,-0.008038427118601933
23945,-0.008096709037542187
23946,-0.0053262809514497385
23947,-0.004127552290836643
23948,0.0004975015683470389
23949,0.0019647569570939677
23950,0.005350898527057013
23951,0.006086153149903817
23952,0.006942875207959628
23953,-0.0005013095815952223
23954,-0.0016441259947305666
23955,-0.004805008925631339
23956,0.010806357565366739
23957,0.016594692392619775
23958,0.022538410616489403
23959,0.015937210248882016
23960,0.009845133641987143
23961,-0.003609606809479418
23962,-0.01082920612588427
23963,-0.013274179616080786
23964,-0.005327020010480602
23965,-0.002632054444264325
23966,-0.0033484759129347595
23967,-0.0027952782761873174
23968,-0.0054245324604257706
23969,-0.006567291614785243
23970,-0.00478506897168951
23971,-0.005162762254210114
23972,-0.007141192307656706
23973,-0.0023441885925692633
23974,-0.0015249247502417814
23975,-0.0017916901485717576
23976,-0.003856857634730302
23977,-0.004125486107776952
23978,-0.003425874659563653
23979,-0.004247742568087818
23980,6.276550432864075e-05
23981,0.0011261233126888496
23982,0.0025823404726224002
23983,0.0016729967131307894
23984,0.0039495250077595705
23985,0.0001395742267914638
23986,-0.0039001890981869894
23987,-0.001842543553158315
23988,-0.002154898474612982
23989,0.007973734315135244
23990,0.008682365899438143
23991,0.012084281821686442
23992,0.009408656389311905
23993,0.007674547362576648
23994,-0.006867313038423929
23995,-0.006924175465681718
23996,-0.004110059108980882
23997,-0.003336108000027232
23998,-0.0037265174734472575
23999,-0.0001483434462426764
24000,0.0007938330980715888
24001,-0.0017694336321018788
24002,-0.0046812097701247205
24003,-0.002364362473227987
24004,-0.005448066791883728
24005,-0.006504766383372366
24006,-0.0073981067893325305
24007,-0.009549533676101927
24008,-0.01163452025377128
24009,-0.008533869873370915
24010,-0.0030964129194209025
24011,-0.0039356177957279
24012,0.0012427352034080135
24013,0.0033621947537241397
24014,-0.000984010228901651
24015,-0.007410074317706168
24016,-0.004065128950499117
24017,-0.003391858405741438
24018,-0.0028650216215858827
24019,0.005064749822178334
24020,0.01140051680568842
24021,0.010911564488231183
24022,0.015051528338452419
24023,0.01698607331600069
24024,0.01355179744616603
24025,0.011777227144408492
24026,0.008051252354496573
24027,0.004287783817718968
24028,0.0009477621471256803
24029,0.0004637328600545354
24030,-0.004068677467767589
24031,-0.005272210392120159
24032,-0.0028418736831333983
24033,-0.00187572353660513
24034,-0.002095920576686989
24035,0.0071749952209179515
24036,0.009947026525404032
24037,0.011639954972604121
24038,0.012013878197202964
24039,0.012307312271409913
24040,0.006316839432286817
24041,0.008072775393997872
24042,0.004406667543737848
24043,0.000686594292538934
24044,0.0009293671728705573
24045,-0.0011206196468484019
24046,-0.00234399909584662
24047,-0.004392842671720017
24048,-0.00023403128095262287
24049,0.0007015979545886055
24050,0.0006914249186838711
24051,0.000867288044012126
24052,-0.0018166538281598726
24053,-0.001522788216930915
24054,-0.002625849304846436
24055,-0.006002526927610658
24056,-0.006628620857303715
24057,-0.004507403634500336
24058,-0.0073440369004779595
24059,-0.008095790963945429
24060,-0.004229364792745144
24061,-0.002692299972672507
24062,-0.0025093675942026187
24063,0.0006372455124712418
24064,-0.003039765378868214
24065,-0.006428958459132959
24066,-0.008605859972951567
24067,-0.0070012327205910925
24068,-0.0063727333493988954
24069,-0.0022529438061310234
24070,-0.0003631498947989119
24071,-0.0001773901843890426
24072,9.71268260858761e-05
24073,0.0016755676979227326
24074,0.0005877366029571924
24075,0.0017823904443149642
24076,0.001416874361414806
24077,0.00019610843422409338
24078,-0.00360476938718923
24079,-0.0012670203271691425
24080,-0.0011545764813456552
24081,8.203499182298906e-05
24082,0.0017034360327922912
24083,0.003241131163209071
24084,-0.0006106011847597065
24085,0.0003908139691198191
24086,0.0015073862863716073
24087,0.0009013855530213185
24088,0.0010927644980428988
24089,0.005411352382284458
24090,0.004538592534347262
24091,0.0010317513457457313
24092,0.002238355599594711
24093,-0.0003912242613775544
24094,-0.004719269013238769
24095,-0.0036748057613752746
24096,-0.00137414687474151
24097,-0.004132393177636414
24098,-0.0004875106127669314
24099,0.0022313628785080456
24100,-0.0011142958519348549
24101,-0.0007402005208194634
24102,-0.001965259920366251
24103,-0.003490186825999944
24104,-0.005964758707595163
24105,-0.005108338567457235
24106,-0.008369588769050668
24107,-0.00715657848462351
24108,-0.008271412012273032
24109,-0.012076260637033522
24110,-0.018123958118478663
24111,-0.012780129272658192
24112,-0.012059892027095913
24113,-0.012156428226774615
24114,-0.005308362747630905
24115,0.0013137210582301773
24116,-0.0022037732291870253
24117,-0.0015466841742942591
24118,-0.007537867085231534
24119,-0.009952200501035825
24120,-0.008944538694997619
24121,-0.007952063562888316
24122,-0.006584468277373808
24123,-0.00016801652794331328
24124,0.0005198492276295138
24125,-0.0013180477965246285
24126,-0.0010121503078596176
24127,-0.002539362039509764
24128,-0.005023992165194096
24129,-0.005609202502344523
24130,-0.0038150455112411757
24131,-0.00044539800482313723
24132,-0.0007969600837032633
24133,-0.002159121367422052
24134,-0.0028917611660223244
24135,-0.0038196313919893004
24136,-2.0620516447230276e-05
24137,0.0025430214886605095
24138,0.0010517989970044764
24139,0.010766692884157707
24140,0.010144992928401455
24141,0.002710042817452166
24142,-0.004273388836901259
24143,0.001948148095463731
24144,-0.004700660718424557
24145,-0.011153364872620683
24146,-0.007978015791509903
24147,-0.0036836076231235837
24148,-0.004940920618736214
24149,-0.006395843701448572
24150,0.0005202818946450653
24151,-0.012015001179052864
24152,-0.010170452979969222
24153,-0.005177198923313948
24154,-0.008417134077836999
24155,-0.007788477185273712
24156,0.0009884821340461532
24157,0.008866142985467526
24158,0.005058767427404889
24159,0.009473625973952949
24160,0.0073818253240800465
24161,0.005740963583136801
24162,-0.0010137263678895265
24163,-0.0015589624775535639
24164,0.003975833676543477
24165,0.006627780395470189
24166,0.0065448171964852695
24167,0.004048622461081572
24168,0.003494059416875057
24169,-0.0031425535144981942
24170,-0.008462604745515011
24171,-0.010192925972192814
24172,-0.008562968236759934
24173,-0.003683873722207844
24174,-0.0028063992772898298
24175,0.004620497074585934
24176,0.015981606051384295
24177,0.013954869940168218
24178,0.006313128851895462
24179,0.0087223395613322
24180,0.002524529907577564
24181,-0.0035307074058953097
24182,-0.0045349159880013175
24183,-0.0017601507298555304
24184,-0.0031745847672116187
24185,-0.004168400132794005
24186,-0.00653302918618033
24187,-0.0019995116832214653
24188,0.000814357004019901
24189,-4.1040714974481306e-05
24190,0.006787923721798697
24191,0.006023495336779853
24192,0.0031713453218200375
24193,-0.006344424739410925
24194,-0.0052379150331845845
24195,-0.007592061850783928
24196,-0.0021738112121364728
24197,0.0008689026212111258
24198,0.006770962910928719
24199,0.003356233429592399
24200,0.004244989087005643
24201,0.000267421576841946
24202,-0.0012847949152973753
24203,0.0030012452696710494
24204,0.005365415524250705
24205,0.007311436121341488
24206,0.004380204182960641
24207,0.004785159027043514
24208,0.0011487900506472475
24209,0.0010405612783027103
24210,-0.0018380369264605235
24211,-0.002200047371753793
24212,-0.005514289683846593
24213,-0.005248710581993669
24214,-0.005605018328429245
24215,-0.004654230716635744
24216,-0.003976697258136227
24217,-0.0022773208978633273
24218,-0.0036177458729982335
24219,-0.0035889641213588974
24220,-0.01044590846495505
24221,-0.005397579422660602
24222,-0.00573125527520535
24223,-0.0063516895104623276
24224,0.0008896765376386042
24225,0.007852614674373587
24226,0.00503467348954082
24227,0.005433078207508044
24228,0.006878000979911739
24229,-0.0025657653776418334
24230,0.0022241785254946303
24231,0.004255261174034258
24232,0.0045341180712359505
24233,0.0050042870253495355
24234,0.007714819674221332
24235,0.0032690328669108333
24236,0.002627354331064739
24237,0.0018281842489533177
24238,-0.0013541068495211766
24239,-0.0023331984215973255
24240,-0.0036597151527616185
24241,-0.004555054986688141
24242,-0.006015490589016205
24243,-0.0018310886201640072
24244,-0.0006609312628250478
24245,0.0006674645180974453
24246,0.001107808219399678
24247,0.004548240619821005
24248,0.0038884461532133954
24249,0.004064680079636147
24250,-0.00012577339320452618
24251,0.0007745753090219874
24252,0.001391657989643103
24253,0.0013196216546979304
24254,0.0006435375737600584
24255,0.0033533011584571874
24256,0.00438381705744474
24257,0.0003428393932773354
24258,-0.00019586228046839904
24259,-0.0003492715883028277
24260,-0.0023220624942592773
24261,-0.004070080645809779
24262,-0.0013048556348439716
24263,0.0002371428921250762
24264,0.00032006260721128394
24265,0.0038450853458413276
24266,0.004645710484334522
24267,0.003749064265940956
24268,0.006824939198221818
24269,0.007372939873581908
24270,0.001712285236278279
24271,0.00045708687157788364
24272,0.0011477665946581673
24273,-0.0031009071401170447
24274,-0.0030034611771456348
24275,0.0028558909094646835
24276,0.0032778268284439755
24277,-0.0021747900875018706
24278,-0.0006569646436199573
24279,-0.001730829261312864
24280,-0.0018707431783541212
24281,-0.002669544582611529
24282,0.0014165659084307853
24283,0.0012698318901868968
24284,0.004269175294574269
24285,0.0024984643350233204
24286,-0.004238841933356332
24287,-0.0005678805112594932
24288,-0.004074410023632404
24289,-0.005728837988640901
24290,-0.007473831505532384
24291,-0.00023862554267149735
24292,-0.006952454441706713
24293,-0.005510702085538707
24294,-0.006468961921345002
24295,-0.0045736727398461696
24296,-0.0010227867600883758
24297,0.002002634363885299
24298,0.0019317097687841175
24299,0.003535920121572146
24300,0.004113832892712226
24301,-0.003164489526285485
24302,-0.0014553708870268698
24303,-0.0009214897816769492
24304,-0.0011882603365091422
24305,-0.002869111278986003
24306,-0.0020004009871149465
24307,0.00108390056708284
24308,0.003825558418298954
24309,0.0030499737405566673
24310,0.006977719582469568
24311,0.012760916589451192
24312,0.008563591874927069
24313,0.006543926813727981
24314,0.0064026431564763635
24315,0.001989369247822251
24316,0.00038326896380220523
24317,0.0006275895276162883
24318,-7.428321500315092e-05
24319,0.007602532213753295
24320,0.008609151084010301
24321,0.007885716848404146
24322,0.0003889959294698019
24323,0.00020941737779983554
24324,-0.006209052615056267
24325,-0.0040342558760021715
24326,-0.0075281192065567515
24327,-0.00022786617726644088
24328,-0.0013839782507641383
24329,-0.003444452331120206
24330,-0.004770930213251834
24331,-0.001446847566378705
24332,-0.002698204728724656
24333,0.0014448842537751686
24334,0.003373902944144221
24335,0.006565730129081691
24336,0.005999744077625965
24337,0.012352752367196318
24338,0.0050195467810235
24339,0.00438737716958695
24340,0.003921072401508532
24341,0.007709029561906468
24342,0.0013925240608309252
24343,0.013766026600685308
24344,0.016481476882953813
24345,0.01375365152780786
24346,0.009439032870055038
24347,0.010017803447783425
24348,0.0024758961455825846
24349,-0.0040596679102701235
24350,-0.004786051113222008
24351,-0.0017033025579310736
24352,0.0025350962079512397
24353,0.0058519397498751876
24354,0.00918422219496776
24355,0.012927083244827288
24356,0.011268825980834497
24357,0.006801529906469711
24358,0.0017608546829043289
24359,0.0014025673744942778
24360,-0.001865587018372571
24361,-0.0037329406165980015
24362,-0.0052017854214599195
24363,-0.003661091770537568
24364,-0.0037608724875653424
24365,1.1516358988023901e-05
24366,0.000539993817958884
24367,-0.0034625755555465036
24368,-0.004143774909322772
24369,-0.003924686009501724
24370,-0.008931611667867165
24371,-0.005496680347639367
24372,5.576413150807627e-05
24373,8.52706009227374e-05
24374,-0.0008416523856486968
24375,0.0003460879188936733
24376,-0.0013377679254482273
24377,-0.000422593363686593
24378,0.0018942878897544087
24379,0.0022574907862803724
24380,0.0020136478483415376
24381,0.001232633461342012
24382,0.003933754224978065
24383,-0.0006238736483779558
24384,0.00020197440154514544
24385,-0.000530755295490322
24386,-0.002079211083613826
24387,-0.004558286094417851
24388,0.0007673364502658978
24389,-0.0006897050485595479
24390,0.0008344869441352251
24391,0.011506405820488964
24392,0.009920988962915447
24393,0.007723477664042909
24394,0.009840797815481377
24395,0.015255684469872223
24396,0.005403865825768815
24397,0.009717022348871973
24398,0.012145074078650103
24399,0.01256838043425309
24400,0.007928790208530353
24401,0.012516047005381916
24402,0.008760891145742944
24403,0.006262059379302513
24404,0.004011227269482379
24405,0.0029855661923960516
24406,-0.0009390320989882259
24407,-0.0014986836216684066
24408,-0.0018361117833631591
24409,-0.005131325621442763
24410,-0.0018624843826580107
24411,-0.0023816663854955354
24412,-0.0028168446454914786
24413,-0.0013765633674136383
24414,0.0024897887069049657
24415,0.0006148525255885255
24416,0.0026142531688148796
24417,0.0036386237894472603
24418,-2.8743417298782605e-05
24419,0.000671616742135493
24420,-0.0006618360174461219
24421,0.00010247967257738065
24422,-0.0030503783762677117
24423,-0.0038349101895284454
24424,-0.004240729347962924
24425,-0.0024635015294072397
24426,-0.005278992142505324
24427,-0.006257124103606037
24428,-0.002272169848533279
24429,-0.001713772113448622
24430,-9.13412481443702e-05
24431,-0.002014884761897498
24432,0.004273431897144534
24433,0.0007583968997104387
24434,0.0011738006224587812
24435,-0.002053526569396743
24436,0.010874450448258542
24437,0.00782336338702725
24438,0.010296543654553523
24439,0.008140914601661518
24440,0.009350040270385954
24441,-0.00419291480363016
24442,0.00010131126593449259
24443,0.002127967758838822
24444,0.004007873730187246
24445,0.013064173858687893
24446,0.01798883895464846
24447,0.014743402734153524
24448,0.012334102690157752
24449,0.010063312694532122
24450,-0.006092474272731709
24451,-0.008312200831070147
24452,-0.007991430878934393
24453,-0.006272335314828597
24454,0.010034574520036267
24455,0.02060733003282376
24456,0.02224686303269787
24457,0.027984240751323317
24458,0.025403758298910197
24459,0.013658194351300541
24460,0.005398960720051026
24461,0.004287365254657327
24462,-0.0013278881199138021
24463,-0.002036150877102065
24464,-0.002977201207787402
24465,0.0004998539024538678
24466,0.0019275266470400942
24467,0.004356919453950011
24468,0.004023386375763602
24469,0.015029669554526899
24470,0.023625654276856155
24471,0.022605895242707907
24472,0.0108683482584323
24473,0.019418482592640857
24474,0.005840245953941634
24475,-0.008200606395627395
24476,-0.017619636232166037
24477,-0.00614437542620951
24478,-0.015195180517338204
24479,-0.007720730717060548
24480,-0.002596257711853955
24481,0.0033567188059045253
24482,-0.001425105664948108
24483,0.0017139813706583394
24484,-0.004081180741034746
24485,0.0011597710346237962
24486,0.004813550367336089
24487,0.010247358185134326
24488,0.01102234354363233
24489,0.009488149952277621
24490,0.009753268586459972
24491,0.008732221732794492
24492,0.005725841503501794
24493,0.004383408696948712
24494,0.006221756405446382
24495,0.0030474143856595525
24496,0.0019155451421700705
24497,0.00854101449562905
24498,0.009590479946903617
24499,-0.0011320942249406758
24500,-0.025136467561750867
24501,-0.02095548778421997
24502,-0.025272622095839407
24503,-0.021945223568461056
24504,-0.019250446765201275
24505,0.00010617725130328203
24506,-0.002080665296761011
24507,-0.0054146593008737014
24508,-0.005575900038196394
24509,0.0020957223453792456
24510,0.005166842335581076
24511,0.006187714377737406
24512,0.01602862054109061
24513,0.019560620696585915
24514,0.022549128335440653
24515,0.024360536644523388
24516,0.023388342278225456
24517,0.02204924196595046
24518,0.01925632260274438
24519,0.015430018769564766
24520,0.005049459223167615
24521,0.007570473583393658
24522,-0.0025117281476959834
24523,-0.013217153203383488
24524,-0.01846518733617647
24525,-0.00938120054131382
24526,-0.020621803777614453
24527,-0.020312500887238228
24528,-0.014123895079636479
24529,-0.015407629020194467
24530,-0.01622824947250801
24531,-0.010119647896061255
24532,-0.011387222361649484
24533,-0.01697476838756953
24534,-0.010968377083781768
24535,-0.004237641524454549
24536,-0.00024541755752257135
24537,0.0031606450154762844
24538,0.010408550187955917
24539,0.006202955588335805
24540,-0.004926005949511708
24541,-0.003220727210454603
24542,-0.006354849389747979
24543,-0.007604472876076721
24544,-0.004456950865413281
24545,-0.005112255669877391
24546,-0.0095084050231069
24547,-0.004914767948372583
24548,-0.0034310794052325494
24549,-0.004503100425408912
24550,0.0074363815033211015
24551,0.010158223679829022
24552,0.009610917434771656
24553,0.014101402174656942
24554,0.013286270400557324
24555,0.004785533348543147
24556,0.0022468591440837
24557,0.002473528850420827
24558,-0.0012599675916901126
24559,0.0036661011696858168
24560,0.011787623477525721
24561,0.011253841620006009
24562,0.0066164966527693
24563,0.001668482831200865
24564,-0.00015728399325734644
24565,-0.0024659794195561616
24566,0.00032061984576130546
24567,0.005425435292336185
24568,0.006198406589300255
24569,0.0038760174545818065
24570,-0.0003413653106828617
24571,-0.003285805862023362
24572,-0.004706311396705783
24573,-0.0030282344277712233
24574,-0.0022097498368540045
24575,-0.0007507387912700253
24576,0.0037718943417234816
24577,-0.0030675380152083674
24578,-0.002389535787088662
24579,-0.0012711920989271085
24580,-0.010977369031425108
24581,-0.011943646901368154
24582,-0.005818690409381542
24583,-0.00790496605868392
24584,-0.00420006981707746
24585,0.0025711174968164165
24586,9.385064824189748e-05
24587,0.0029180372843095642
24588,0.004032011228474703
24589,-0.001078526980250015
24590,-0.0006957217206660072
24591,-0.0005826379730863758
24592,0.003915363295320908
24593,0.00658354004136001
24594,0.006254320957351748
24595,0.010457424950154058
24596,0.012899221214418752
24597,0.0059950930752869355
24598,0.0010566550867393803
24599,0.0057113353803695125
24600,0.0026248618741345894
24601,0.0018765410421878214
24602,0.003421769964656122
24603,0.0077801906514381935
24604,0.00646686758989715
24605,0.005687277960260406
24606,0.003533902985427469
24607,-0.0008644678946868335
24608,-0.0011427648877588466
24609,-0.0028306734030591855
24610,-0.002707404248184357
24611,-0.004825202383332293
24612,0.0013096326404118087
24613,-0.003109242223227456
24614,-0.007668858152592441
24615,-0.007015178153224394
24616,-0.006850206640492409
24617,-0.010350313661993992
24618,-0.007719599497092316
24619,-0.002642626448878234
24620,-0.0039628985258504165
24621,-0.007978543315724892
24622,-0.004429259445492419
24623,-0.0030112074950777415
24624,-0.003095254359968704
24625,-0.002437438401850826
24626,0.004590269589354075
24627,0.0010977169530996822
24628,-0.0020538755199209944
24629,-0.0041578010746307695
24630,-0.003537289915966268
24631,0.00023999808701399378
24632,0.002132368401636458
24633,0.004114744114989618
24634,0.007881827056586506
24635,0.00954912583230184
24636,0.005220965377139635
24637,0.00011727515399282539
24638,-0.003788816893251569
24639,-0.008466013347603647
24640,-0.010614069486566085
24641,-0.008695084724870761
24642,-0.0058459028051371245
24643,0.0015999901844676978
24644,0.002864656201700875
24645,0.003209527500561364
24646,0.0018563786134650497
24647,-0.0008768759100587836
24648,-0.002776624901600433
24649,-0.004449051523452492
24650,-0.0031279569333163425
24651,-0.003966661702133898
24652,-0.007797159604051872
24653,-0.014040817138296231
24654,-0.01049647779443368
24655,-0.012904907106830264
24656,-0.010124000683729135
24657,0.0008130940620513901
24658,0.008594237601065115
24659,0.006313325663741428
24660,0.00825227221094552
24661,0.008108283422344266
24662,0.0045807796057367855
24663,0.0014896760888310468
24664,-0.0035814448618998293
24665,-0.005965062031991357
24666,-0.005170186910615794
24667,-0.0073211399494441795
24668,-0.010327349915553875
24669,-0.0035227389694790175
24670,-0.007899904321701923
24671,-0.008630356871251908
24672,-0.007163325901302636
24673,-0.005542487508037878
24674,-0.004822821849448898
24675,0.0009082519211873183
24676,0.00028926935803354144
24677,-3.0093576123833585e-05
24678,0.0018169128356283035
24679,0.007101666878434122
24680,0.012270416452939125
24681,0.010469952086306519
24682,0.005963772799177101
24683,0.012257481880205265
24684,0.003325885876209526
24685,-0.002439605323975767
24686,-0.0024324618264418597
24687,0.0024697047965232606
24688,-0.004842680558158829
24689,-0.00186995944829851
24690,-0.0006580821470912184
24691,-0.0009306843987158596
24692,-0.002808728153762017
24693,-0.0016835828203589811
24694,-0.0038625567398967407
24695,-0.005006137175255397
24696,-0.00545001916334268
24697,-0.0072792318924402915
24698,-0.007166553280896521
24699,-0.00429108609544421
24700,-0.005877110266250047
24701,-0.004297616403317599
24702,0.0027146198771064436
24703,-0.002129359324762176
24704,-0.0025468674901398826
24705,-1.0462930882134031e-05
24706,-0.0021925751080908167
24707,-0.005690477551234297
24708,-0.001555136494467568
24709,-0.0004400095415113154
24710,0.004508075673490939
24711,0.0036199222322784693
24712,0.009099930995358258
24713,0.012143388818991973
24714,0.010397708072286705
24715,0.0033283851974948253
24716,0.0024214757463259296
24717,-0.0023950145249486956
24718,-0.007321029263113629
24719,-0.00618140995341677
24720,-0.004800122917316746
24721,-0.00026298198365168763
24722,-0.0031623595353585682
24723,-0.0017042892720369465
24724,-0.0089243116164958
24725,-0.009226305880234967
24726,-0.011290965234099155
24727,-0.012728051085233033
24728,-0.014997020835049661
24729,-0.009481559744073276
24730,-0.006284758017864656
24731,-0.003093944866986013
24732,0.00014594878799041507
24733,0.00320090384166039
24734,0.0009356015502346839
24735,-0.0012423785494745515
24736,-0.002052929968822553
24737,0.0001758380936009541
24738,0.001724942640370617
24739,0.0030560481596577046
24740,0.0016440164801740458
24741,-0.0007429953178589425
24742,0.004259850261822764
24743,0.0017714300362035775
24744,0.0038021515409546636
24745,-0.0006627003495971462
24746,-0.0001867951849832987
24747,-0.008252552904200227
24748,-0.004258785570281984
24749,-0.005637525304595861
24750,0.00024527088958538784
24751,-0.002190484322927147
24752,-0.0011792141665839943
24753,-0.004746814395052508
24754,0.0013855853712214708
24755,0.004893922133781585
24756,0.011471119484151701
24757,0.008504131059451442
24758,0.0077615643542160145
24759,0.0033030278662368596
24760,0.0005479828417203107
24761,-0.004651920533616271
24762,-0.001308250650587418
24763,-0.0035571516502277685
24764,-0.001277570206098661
24765,0.0016701462635031416
24766,0.008162103880390415
24767,0.009259895733465489
24768,0.012711824671079777
24769,0.007624541417262
24770,0.00462123960679479
24771,-0.0006604666320835593
24772,-0.0029465903612082554
24773,-0.00038652676429002563
24774,0.003039374435600442
24775,0.003044413732684671
24776,0.005469130527920613
24777,0.0070841475084593266
24778,0.0022169636114961378
24779,0.002130757081453822
24780,0.0017665156686539297
24781,0.003406755069515797
24782,0.00556230047251444
24783,0.0020248141858047043
24784,0.001868863231322281
24785,-0.0002659096133620709
24786,-0.004337620936353176
24787,-0.014233111918193533
24788,-0.0068120162621898815
24789,-0.007594707133714556
24790,-0.001441595572276254
24791,0.0006126585927973119
24792,0.008578116169817972
24793,0.004872391459488391
24794,0.003705378101059615
24795,-0.00021386699262743451
24796,-0.003131664759171894
24797,-0.0001672345798260636
24798,0.0020786816173527004
24799,0.0011966381899213199
24800,-0.0008374519740535448
24801,-0.001875764772767357
24802,-0.002915189850436943
24803,-0.004112738361349221
24804,-0.0028960464226045284
24805,-0.0031026922147836004
24806,-0.001952582782090937
24807,-0.0039997707594072495
24808,-0.0019302712298465122
24809,0.001310504306455231
24810,0.010389871791953392
24811,0.007414068295753472
24812,0.010887403230408182
24813,0.009432349807841793
24814,0.00625190921070427
24815,-0.004444281071133455
24816,-0.000725387984385444
24817,-0.0021081366485222073
24818,-0.002856848013550609
24819,0.002073989401258351
24820,0.0053419376047395125
24821,0.005163580884686806
24822,0.003442651685526703
24823,0.01648657859629446
24824,0.012517979177469529
24825,0.013175182568229152
24826,0.010047205693120374
24827,0.008182146010271195
24828,-0.003784026691226522
24829,-0.0028437357966759487
24830,-0.003345167952688869
24831,-0.0003187887084863458
24832,-0.004040838309496429
24833,-0.0037006059701896127
24834,-0.004753662772399918
24835,-0.007315258914408554
24836,-0.005921034296116253
24837,-0.0002836524767696845
24838,0.00023728694653565218
24839,0.000671055097837767
24840,0.0037693846893899555
24841,0.002896256527939063
24842,0.0020746129198184965
24843,0.0011042276565559777
24844,-0.0009701243520355291
24845,-0.007923160998596083
24846,-0.010119982603199362
24847,-0.010996466273009955
24848,-0.010098411306923656
24849,-0.008669435611133569
24850,-0.0023298230705300575
24851,-0.0018249460824897401
24852,-0.0009300083179943962
24853,-2.3789953740413314e-05
24854,0.0018360033294287717
24855,0.002219868717249558
24856,0.004728101409376926
24857,0.005990360613155597
24858,0.006239955939957403
24859,0.007748196525110641
24860,0.006470365671807909
24861,0.005286228181044225
24862,0.006249907466902753
24863,0.0015861489916118192
24864,-0.0023911522066464306
24865,-0.0013910719598163146
24866,-0.0011546492914946082
24867,-0.003046543880913788
24868,-0.005933549206056925
24869,-0.005832180360908464
24870,-0.0058011562748475345
24871,-0.00525299696834625
24872,-0.010045384725277162
24873,-0.00540558189927061
24874,-0.0064633391196399085
24875,-0.0053426180253813805
24876,-0.005969799349812136
24877,-0.00040013226428649534
24878,-0.00010266468579534122
24879,0.0011595088393492599
24880,0.001492562714356159
24881,0.0025494987876446525
24882,0.0017574687200693638
24883,0.004228488196825997
24884,0.004959900109307719
24885,0.0038225880310243524
24886,0.002876227808915355
24887,0.0008995245115219192
24888,-0.0005284530977069929
24889,-0.0028295779430774384
24890,5.3755553008036014e-05
24891,0.0008310873585941464
24892,0.0018622849224534499
24893,0.00185829552459745
24894,0.003684658538191271
24895,-0.004515817686408188
24896,-0.004985646796072905
24897,-0.004068031743712893
24898,-0.00900175956839514
24899,-0.006693351413416796
24900,-0.0036959263070062472
24901,-0.003532336216867079
24902,-0.00777156500464213
24903,-0.0038536176412181894
24904,-0.007591071338916723
24905,-0.00862417956211364
24906,-0.009556185114170305
24907,-0.005003972408289126
24908,-0.005696047434989607
24909,-0.003623861595830015
24910,0.0009716455876657621
24911,-0.002770017827325949
24912,-0.0034940928087824367
24913,-0.0014300527598446594
24914,-0.0035871737006280473
24915,-0.004953086740120596
24916,-0.00446027438427733
24917,-0.007992161790060074
24918,-0.010330870083721425
24919,-0.008940314189484282
24920,-0.010875221367749396
24921,-0.007625232221459771
24922,0.0011749391527546163
24923,0.003026595855359892
24924,0.0005707921523882775
24925,0.005724416789783126
24926,0.008468518801877914
24927,0.003841991061290878
24928,0.007586215522714317
24929,0.009091982452265918
24930,0.0056317823348896795
24931,0.0007434426533575219
24932,-0.0004602106269137707
24933,-0.004073530649578924
24934,-0.00227797821022143
24935,-0.003381061448381976
24936,-0.0005241250984823187
24937,-0.0012249550221332
24938,-0.0012154443516191275
24939,-0.0016536719385878591
24940,-0.007736456790386351
24941,-0.0081830712144252
24942,-0.00878311556711779
24943,-0.006437397232670982
24944,-0.006161557142074559
24945,0.0010906168330179168
24946,-0.0006022885124424363
24947,-0.0008456692091010662
24948,-0.0035488184646396675
24949,-0.007854189498167843
24950,-0.010779158904716854
24951,-0.008891639583130707
24952,-0.006070421812075588
24953,-0.0027282780765302142
24954,0.0011033531751726148
24955,0.0030531818215584947
24956,0.001931242087895183
24957,0.0025054811266129002
24958,-0.00019113815681772567
24959,-0.004070354268492312
24960,-0.007494001096096117
24961,-0.0059904133619944734
24962,-0.008198673747582581
24963,-0.008370368291888051
24964,-0.0093090996890569
24965,-0.005560103559765847
24966,-0.0064584003947249224
24967,-0.0008968902825998512
24968,0.00031872277058089045
24969,0.00024934211800811717
24970,0.006026718158693107
24971,0.007492671198733663
24972,0.003143957899548477
24973,0.0023624597682426686
24974,0.007395305539762959
24975,0.0021633464897287628
24976,0.003086648723296394
24977,0.001648842488982336
24978,-0.0026037451009213995
24979,-0.003340885002731838
24980,-0.003859320406083047
24981,-0.007433868647381292
24982,0.0022305781963616353
24983,0.004335253825178163
24984,0.005348275733326713
24985,0.006527892271254502
24986,0.004808360805078467
24987,-0.0031841304275232267
24988,-0.002886568447800637
24989,-0.0034137857401487165
24990,-0.004583406145952045
24991,-0.0022013918257154834
24992,-0.0016384055664845105
24993,-0.0009100198117926396
24994,9.719654725571973e-05
24995,0.0027398996882269486
24996,0.006584229566779206
24997,0.006081556361431011
24998,0.000543836652601497
24999,0.0005104651567164602
25000,0.001348544117719926
25001,-0.0029184069396733176
25002,-0.003211084820444118
25003,0.005566170998637054
25004,0.006237594018563557
25005,0.0029815542825454406
25006,0.004861517545737724
25007,0.006659417057030229
25008,0.003705889856802182
25009,-0.0003429627105157487
25010,0.0011227423668791693
25011,0.00018993094653443405
25012,-0.0026824610564575246
25013,0.0019061118365113537
25014,0.00553371366302169
25015,0.004085601314098533
25016,0.004591386910817158
25017,0.005789468974142871
25018,0.0016177576778987719
25019,0.0013804174635235029
25020,0.001277751501120146
25021,-0.0010915080855064142
25022,-0.004096278341975305
25023,-0.0019193451840657904
25024,-0.0033030421692468222
25025,-0.002827207155841236
25026,-0.0007083969615730098
25027,0.010527583766719695
25028,0.005921808409803749
25029,0.006488408111217133
25030,0.006586213924531895
25031,0.006834144345514789
25032,-0.0009264902117940816
25033,0.001202190699332196
25034,0.007887943252013533
25035,0.0082533398158826
25036,0.011433632901212252
25037,0.009845954419205891
25038,0.009361923074693766
25039,-0.00013637152938254088
25040,-0.002463760697170981
25041,-0.003201404089646565
25042,-0.0016217696053723374
25043,0.0003781001720643525
25044,0.0024262288523316526
25045,0.010498211077382956
25046,0.007913073394217544
25047,0.007580854732518004
25048,0.005166020221771095
25049,0.00588807279755121
25050,8.624064987596129e-05
25051,0.0022730461793444116
25052,0.005460152332753024
25053,0.006024652261483953
25054,0.005972638282958139
25055,0.006288414342476146
25056,0.004618823406675351
25057,-0.002572594149447039
25058,0.00015416602306324352
25059,-0.002119097333857659
25060,-0.007555134747618215
25061,-0.00957594584472887
25062,-0.005752721055630044
25063,-0.010077199581665055
25064,-0.0056287908549964355
25065,-0.0014564611093894942
25066,0.002393782492697431
25067,0.003481364637095766
25068,2.1123638770271817e-06
25069,-0.003750581934933014
25070,-0.0024426260082573746
25071,-0.005102255512539949
25072,-0.0120431325173884
25073,-0.004906407389636769
25074,-0.0037139213562719106
25075,0.0004110711953563381
25076,-0.00461301184144346
25077,0.0016214759259748181
25078,-0.0003799766555442481
25079,-0.0005002918622021723
25080,-0.004814591288086616
25081,0.00027832444435268967
25082,0.0007536030508181246
25083,0.0005275583241664117
25084,-0.001974243168842521
25085,-0.00322151421786273
25086,-0.004809394735396784
25087,-0.007941129838306443
25088,-0.009078981958164992
25089,-0.006630933875276179
25090,-0.010333397551844342
25091,-0.009393914170541145
25092,-0.007296359245997026
25093,-0.00590830062843591
25094,-0.006212874538328469
25095,0.000527108086373131
25096,0.0024223039095738535
25097,0.000879461992127621
25098,0.0016384485987925776
25099,0.003978952680501642
25100,0.0020722814983253584
25101,0.001065756009730897
25102,0.0010207803695230966
25103,0.004096028183279737
25104,0.0029054138649736976
25105,-0.0026648990648008184
25106,-0.000787040757423918
25107,0.0009672008905129462
25108,-0.0024232912628994554
25109,-0.004323770918165608
25110,0.0009380363915063056
25111,-0.0011283868488292928
25112,-0.0016958771920938165
25113,-0.002896115064124115
25114,-0.005121876191772705
25115,-0.0018534206087958674
25116,-0.0022777615246375193
25117,-0.00446073885676203
25118,-0.0036303509523863665
25119,0.00039723062913782527
25120,-0.003745431340274582
25121,-0.0010404538818353944
25122,0.0015074734362240394
25123,0.0037041040051878733
25124,0.0048646061691419735
25125,0.005693496695633666
25126,0.0025400196467651685
25127,0.003443683121943873
25128,0.0009466833010541415
25129,-0.000947931374070324
25130,-0.0016861510100621643
25131,-0.00029955220942825514
25132,-0.0018700544205812431
25133,-0.002456528180607608
25134,-0.0021006529555233416
25135,0.0045758082912365754
25136,0.0036535400514252697
25137,0.004608614179740216
25138,0.0052523895506843025
25139,0.0028410807078969123
25140,-0.002823723319843296
25141,-0.0017342943371519385
25142,-0.0011959057238892263
25143,-0.0013882307215550625
25144,-0.0002351127527000695
25145,-0.0011972670237268813
25146,-0.0010921884422697634
25147,0.00023750367072045763
25148,0.0026891580673053714
25149,0.003443905351164289
25150,0.002665628222069566
25151,0.0011643894778291116
25152,-0.000965741634661806
25153,-0.0022778631861675768
25154,-0.0033551906809516866
25155,-0.0017694977608243916
25156,1.1360164814579678e-05
25157,-0.0028991043514817053
25158,-0.0024481340150104363
25159,0.0013199132927010297
25160,0.0014736099356035893
25161,0.0005670807041502057
25162,0.0011397925891615986
25163,0.0016455270269356977
25164,-0.0006557099257168963
25165,0.00696073199540063
25166,0.008641928712296472
25167,0.011259133568743319
25168,0.014459612330451361
25169,0.01504852549700468
25170,0.006805953083325639
25171,0.0007058017512402226
25172,-0.000918967787152394
25173,-0.00549902426901901
25174,-0.007023079290556075
25175,-0.006219040628381546
25176,-0.003038279155653936
25177,-0.0006116863452669558
25178,0.0007085657934384538
25179,0.002137642997161899
25180,3.2894947244643035e-05
25181,0.0010270271588915724
25182,0.00020351247915371715
25183,-0.001855018404191496
25184,0.003136064190781806
25185,0.0030301950453920324
25186,0.0030919330704632024
25187,-0.0015062341952017712
25188,-0.0010866190151015234
25189,-0.006412592352304538
25190,-0.005256228220510145
25191,-0.005392230402145673
25192,-0.002049067181765437
25193,-0.0058041476151501434
25194,0.0015118885394881875
25195,-0.0014698134206938907
25196,-0.001714130431463799
25197,-0.0008079208647168239
25198,0.0075667061248558985
25199,0.0004505968809189783
25200,0.0038956183388457128
25201,0.0009921957867770465
25202,2.110919972575172e-05
25203,-0.0030680853046478732
25204,-0.002096356894711972
25205,-0.004107064443181587
25206,-0.0003141079700314864
25207,-0.0010049602512981438
25208,-0.0011796933896849467
25209,-0.0021093054794336023
25210,0.0035766628026761707
25211,0.005949753830692702
25212,0.007713364656755471
25213,0.00851287665870516
25214,0.006664534146219175
25215,0.003692493504087715
25216,0.0002798373115200837
25217,0.00105023598401433
25218,-0.001076202669370762
25219,0.004456239449126256
25220,0.004820011517271553
25221,0.005491599787249404
25222,0.004182268843660508
25223,0.0033070676352097905
25224,-0.00013458510587467426
25225,-0.0027676227114847908
25226,-0.004265907960792569
25227,-0.003790899543580521
25228,-0.0031442782577333376
25229,-0.002226246539260471
25230,8.63400890665741e-05
25231,0.002499334815297042
25232,0.001595566158946007
25233,0.0019052047571539402
25234,-0.0019192682588922438
25235,-0.0050012344052210835
25236,-0.005945256429850054
25237,-0.004489129380968542
25238,-0.0030718559826668334
25239,-0.00010721916021581894
25240,0.002009635656495592
25241,0.0008971981964703049
25242,0.0003426843137929839
25243,-0.0029005140397641233
25244,-0.0030440748378858322
25245,-0.003023751274581582
25246,-0.0019153690956093805
25247,-5.354509607539724e-05
25248,0.0032877704265842542
25249,0.00332394053775383
25250,0.0038993406320131973
25251,0.004012104884619593
25252,0.0021769072582742237
25253,0.007641768520968219
25254,0.00696386147348641
25255,0.00790256818287369
25256,0.00792081311646579
25257,0.008388465078775345
25258,-0.00019172819453537485
25259,0.002644921810441434
25260,0.0010888059006955518
25261,0.0018888266507658103
25262,0.0009865849138912146
25263,0.0026657138722049035
25264,-9.865973160942734e-05
25265,0.0023292855152858938
25266,0.00047432227222610885
25267,0.0009417005831266002
25268,-0.0003428157987562621
25269,-1.0829575570901594e-05
25270,-0.005693217605960917
25271,-0.00361882328905809
25272,-0.0036743152801695647
25273,0.0003871537162695129
25274,0.0002072682881925215
25275,0.0031232820967348036
25276,0.002406837565602296
25277,0.0019449661146429406
25278,-0.0009198483979181001
25279,-0.004531888791274688
25280,-0.002799372954903412
25281,-0.0035534584478789802
25282,-0.0012542938569400396
25283,-0.0020665230193388107
25284,0.003769092834493743
25285,0.0011160118119800354
25286,0.0047428660785604655
25287,0.0032667062685859858
25288,0.002545223024451167
25289,0.002544028365976548
25290,0.003786532532798724
25291,-0.002167195220332437
25292,-0.0026402432063830305
25293,-0.0017659117068213202
25294,-0.003564671175371748
25295,-0.003164412507012419
25296,-0.001084294976411123
25297,-0.0039032297803269366
25298,-0.00396119332455754
25299,-0.004740771630335492
25300,-0.008557810410426017
25301,-0.009063886700964072
25302,-0.006631163383641162
25303,-0.00559991866986495
25304,-0.003496375413054699
25305,-0.00010513838003634982
25306,0.0005134785066049828
25307,-0.0017938123367288554
25308,-0.003033889744229495
25309,-0.009050955982921279
25310,-0.010172448112856329
25311,-0.012212874763991135
25312,-0.008682369867370704
25313,-0.0061695633450722836
25314,-0.002473485450031411
25315,-0.0017991564228348174
25316,0.00208101139431456
25317,0.001630051768524644
25318,0.0031040851209666316
25319,0.009396919101362505
25320,0.010260142186537775
25321,0.0124718106486485
25322,0.007886389796923724
25323,0.004653658912915571
25324,-0.0030794984990718064
25325,-0.0032317678363747515
25326,-0.0062224953932722565
25327,-0.0039386981819400455
25328,-0.0021355026399724197
25329,-0.003214233029451246
25330,-0.009016895415803219
25331,-0.010147584297360452
25332,-0.008836389589182135
25333,-0.009234255211617722
25334,-0.007962219138434291
25335,-0.00188568518981987
25336,-0.003272152410136125
25337,0.0011966108474609606
25338,-0.0020660112636603856
25339,-0.0010109099826820706
25340,-0.0012994368077828124
25341,0.0006352292642355353
25342,-0.006626054568922555
25343,-0.0026574313411967857
25344,-0.0007537710193284765
25345,0.0016931973415936317
25346,0.00159247633781157
25347,0.007278810886531524
25348,0.004284773291951508
25349,0.0009146135819498507
25350,-0.0016745925569686146
25351,-0.0019656652281015074
25352,-0.005254139013168339
25353,-0.0035495514108318106
25354,-0.001107600121424901
25355,0.007810970917104261
25356,0.007430538799903546
25357,0.005696600065411956
25358,0.004435801566734716
25359,0.00480079620244113
25360,-0.004544965056784405
25361,-0.004679495977752061
25362,-0.0012795793001949087
25363,-0.001773386144665872
25364,0.000822950969123331
25365,0.0012035318806502416
25366,0.0026339486926044934
25367,0.0007280282552669749
25368,0.0020530788157574857
25369,0.012289492245633499
25370,0.011421809672214093
25371,0.010622268703429593
25372,0.009022400240096096
25373,0.008709247399792475
25374,-0.004310739243139932
25375,-0.0032657399229248907
25376,-0.00210589962436618
25377,0.0011173720045634372
25378,-0.0017133138317037492
25379,-0.001332405575219709
25380,-0.0014714971101372257
25381,-0.0016865665038982912
25382,-0.002580600291552799
25383,-0.0006753679424738482
25384,-0.002164837667747444
25385,-0.00040947048035884064
25386,-0.0006222233360033696
25387,-0.0009272605109658503
25388,0.0005301303502380141
25389,0.0011241380535898346
25390,0.0033535878372631853
25391,0.0020201210910610304
25392,0.0034357623556889997
25393,0.0031858269552040913
25394,0.003620195605023078
25395,-0.00034515352013891735
25396,0.0034913100255836286
25397,0.00216958980658852
25398,0.001855597607636108
25399,0.0002344989772307997
25400,-0.00021381285976073146
25401,-0.0025585839075929423
25402,-0.0024333736866280083
25403,-0.0006364614811441498
25404,0.00048809472635144856
25405,-0.0022831920880256513
25406,-0.0024169643025928732
25407,-0.001841230066182397
25408,-0.00040295303967606154
25409,0.0007901387755499576
25410,0.006373871194902938
25411,0.005618607699048345
25412,0.004640302428248674
25413,0.0014247679267554508
25414,-0.00024053868486234142
25415,-0.001842777224792708
25416,-0.0017667672687595858
25417,0.001196177344626282
25418,0.0007211068899481019
25419,0.0016400157758248467
25420,4.6877430434957525e-05
25421,-0.0005632727302620586
25422,-0.0025220098394248152
25423,-0.0037762421465109205
25424,-0.005301484695444267
25425,-0.004509762680435344
25426,-0.007610600004204069
25427,-0.005843808606812776
25428,-0.004273989459690061
25429,-0.0006568944573270301
25430,0.004682157259698024
25431,0.008354450974583665
25432,0.009257511134758445
25433,0.009158452258349305
25434,0.007515358768912709
25435,0.001193311611673782
25436,0.005380910629695846
25437,0.0029332263576762998
25438,0.002892383764017002
25439,-0.0021069409130583445
25440,-0.0005240543691209657
25441,-0.0040137050388577246
25442,-0.0038944837734889515
25443,-0.003664184002061852
25444,0.0008220424194577093
25445,0.0018898963537530566
25446,0.0006132227485270737
25447,-0.0020566862364950925
25448,-0.002101302667830649
25449,-0.0022774549289177465
25450,-0.003950246264295827
25451,-0.0039335232743588164
25452,-0.0010076174416507847
