,close
16821,0.01865198911409377
16822,0.013941883831114622
16823,0.01489730656912107
16824,0.01971741446773474
16825,0.01682210907039009
16826,0.01962159639758299
16827,0.013989922160083585
16828,0.011074319238637926
16829,0.007269746593425288
16830,0.014237120186613422
16831,0.009007185129352018
16832,0.016717880126349925
16833,0.0185700316983701
16834,0.014818663723349059
16835,0.010997082415666022
16836,0.004767758720445885
16837,0.0059933532681297925
16838,0.0075624001834210695
16839,0.018079847428929582
16840,0.011676284449961055
16841,0.015041284396674343
16842,0.010039305913398711
16843,0.008946429244141286
16844,0.004219421148026127
16845,0.007617067825145773
16846,0.00941279497682501
16847,0.002695203725373322
16848,3.579278968351226e-05
16849,-0.005142115225718308
16850,-0.007071231037723244
16851,-0.00936518892634826
16852,-0.009698982015652785
16853,-0.005582011558431174
16854,-0.002987669133414374
16855,-0.005530895504280634
16856,0.001825463523715857
16857,0.0016609057209241032
16858,0.006258958723063152
16859,0.007858996557599258
16860,0.015571405826546536
16861,0.018244703173405437
16862,0.016613635206389185
16863,0.014098423977721803
16864,0.01498937571094154
16865,0.024646413254887437
16866,0.016194360735836192
16867,0.02411165725696996
16868,0.017931244699697205
16869,0.016908807160395656
16870,0.00792470465543396
16871,0.021082791543223116
16872,0.024354307247019463
16873,0.02218335731121963
16874,0.02000074926712319
16875,0.010420968821471335
16876,0.007899843964157474
16877,0.0019774576596022736
16878,-0.00034074061210914166
16879,-0.0014999961945126874
16880,0.003679713602809734
16881,-0.0059158922244880695
16882,-0.0063404483485350995
16883,-0.010693589695816864
16884,-0.006097807835996151
16885,-0.007365404824139241
16886,-0.003973907900224816
16887,0.003582715981615675
16888,0.007898174287325586
16889,-0.0005369562920542661
16890,-0.007362766149636273
16891,-0.012292088875324056
16892,-0.01908995082139543
16893,-0.026039117489242224
16894,-0.02667686543629133
16895,-0.021734322252516033
16896,-0.018725073211399254
16897,-0.020925824638168954
16898,-0.02021148271837413
16899,-0.012583941847067164
16900,-0.01119182476252207
16901,-0.01378040488057082
16902,-0.002052305834128793
16903,0.007421677771889242
16904,0.01100890000955633
16905,0.012630667371591391
16906,0.00972070363473519
16907,0.033207946409713175
16908,0.03406720468167441
16909,0.035181871623564336
16910,0.03439140272852167
16911,0.03580349887754975
16912,0.02721036485910972
16913,0.026585716568141845
16914,0.022471293970144218
16915,0.02213291412161999
16916,0.02143933095371673
16917,-0.0008334925939150073
16918,-0.0028572394706068496
16919,-0.008536233031472745
16920,-0.006109430119724992
16921,-0.0053243538705028985
16922,-0.0005168595762086497
16923,0.003331367561166143
16924,0.0023816971799226986
16925,0.0023469857340082272
16926,0.00778045878589246
16927,0.006137982751375585
16928,6.803125859497467e-05
16929,-7.79718945810772e-05
16930,0.0006896291255941487
16931,0.0063291007045934945
16932,0.0013046931450065018
16933,0.0011638874256434477
16934,0.002652510506156711
16935,0.0011353246768895358
16936,-0.0028064934261785948
16937,-0.008188385830517921
16938,-0.007345627915965578
16939,0.0027139680085428676
16940,0.005482787209304238
16941,-0.011599351435898757
16942,-0.009044586835482978
16943,-0.010087221272507186
16944,-0.014050951856423563
16945,-0.014498037586536517
16946,-0.006268861653209029
16947,0.0018925536751916799
16948,0.008496046739573944
16949,0.005985759271984903
16950,0.0007208582277589662
16951,0.014271309003385545
16952,0.011997964887805333
16953,0.006899433524175316
16954,0.00414388376487112
16955,0.003243073200343899
16956,0.0016524506237234828
16957,-0.007011121117382744
16958,-0.007316240424540261
16959,-0.007454362547133765
16960,-0.0071488875985234075
16961,-0.011785874589864026
16962,-0.006312233765533065
16963,-0.001625773008954784
16964,3.2297838079096904e-05
16965,0.0007039414213278866
16966,0.0051242106921402806
16967,0.017284157673782295
16968,0.0016841240587117828
16969,-0.0015771144881132557
16970,0.01226756201042418
16971,0.019095457805147525
16972,0.015393680827410815
16973,0.01898012645754805
16974,0.02106673797127897
16975,0.02341003637827966
16976,0.013213646147027098
16977,0.011930129708475425
16978,0.029393466135591413
16979,0.0315404575021651
16980,0.0215116841310218
16981,0.02191692451344203
16982,0.02085925273965991
16983,0.017260053426856
16984,0.01920748483125066
16985,0.027676602030546376
16986,0.024914313822058824
16987,0.021240003176988653
16988,0.01734205203488596
16989,0.018668044228492966
16990,0.015726336314696436
16991,0.017558672072491698
16992,0.013430789855094355
16993,0.01648352756118869
16994,0.019089754371158195
16995,0.006977792747331153
16996,0.008325289599377176
16997,-0.0003210621773798081
16998,0.0016335806387367535
16999,-0.0017422753949475815
17000,-0.010230086525888225
17001,-0.01906047130836802
17002,-0.013524513018345117
17003,-0.00864304783665957
17004,-0.01360775056847259
17005,-0.01226153127744007
17006,-0.008414150931628854
17007,0.0017101553063588375
17008,0.0003990624920306447
17009,0.008945692633744711
17010,0.01212719418890547
17011,0.01783564650364119
17012,0.029263950216184064
17013,0.022722343644586418
17014,0.024093467787802147
17015,0.020069378699351773
17016,0.01824299325177371
17017,0.010259544429150462
17018,0.012362019386740503
17019,-0.00580565978715086
17020,-0.004789779370601851
17021,-0.020782123524494205
17022,-0.030213393075981563
17023,-0.03144940640494995
17024,-0.024173611030904582
17025,-0.0166602526279542
17026,-0.024363852777987544
17027,-0.023343577588951437
17028,-0.03146749971475448
17029,-0.02444526642655152
17030,-0.025364390865326943
17031,-0.013709859734788886
17032,-0.015758817779812542
17033,-0.0186324991067412
17034,-0.020354666497621222
17035,-0.032607213942579504
17036,-0.03634684099643891
17037,-0.025287088143028047
17038,-0.020725395967810683
17039,-0.012782664148436962
17040,-0.010950498706526852
17041,-0.006872718371082494
17042,-3.609714397763979e-05
17043,0.006613258954408525
17044,0.0011485880598855627
17045,0.011494867971418413
17046,0.0243805581244403
17047,0.017569771982869947
17048,0.008990237363422198
17049,0.0005027376085291404
17050,0.003334776673147117
17051,0.00033629065421639226
17052,-0.010936188611103988
17053,-0.011875017379370753
17054,-0.01644427608449664
17055,-0.01957682646608652
17056,-0.02338025496329805
17057,-0.02040423464534095
17058,-0.01308141984909195
17059,-0.010313731330599232
17060,-0.0027146823881372523
17061,0.0036160245069137087
17062,0.011943422097135033
17063,0.005830809077265532
17064,0.012854884997712306
17065,0.01600164510487541
17066,0.019926735925143997
17067,0.019522205654644867
17068,0.023098493683359603
17069,0.018014108654900763
17070,0.003864259290372378
17071,0.003287769821155845
17072,0.0012693065127269629
17073,0.012564400912083922
17074,0.012053184801127919
17075,0.015403885206942457
17076,0.009634107504146314
17077,0.006256197873931842
17078,0.004170241285225933
17079,0.007678218697485124
17080,0.003482746836954537
17081,0.0023661840430041032
17082,-0.01252347512005682
17083,-0.02003542846438793
17084,-0.01609922911157746
17085,-0.021393024577440686
17086,-0.017657238809928658
17087,-0.020199698783348773
17088,-0.011031884892436521
17089,-0.008117087942128953
17090,0.006889827180937329
17091,0.0007645108306383569
17092,0.013213097072355278
17093,0.0077181814713887555
17094,0.001055309300681372
17095,0.002909393183707389
17096,-0.0021203107343409256
17097,-0.009537952901901504
17098,-0.016776492738031064
17099,-0.016499354348153784
17100,-0.02643045880913072
17101,-0.024114874649807383
17102,-0.017877974915031677
17103,-0.02166379599081936
17104,-0.019352482584022272
17105,-0.019602936921862036
17106,-0.01763072688823707
17107,-0.01076443760815858
17108,-0.01801892339320052
17109,-0.009063511436390637
17110,-0.0022551302329338247
17111,0.002148890204146689
17112,-0.0015273306371944332
17113,0.007772728955045005
17114,0.017625979142297323
17115,0.020585511728788388
17116,0.020093910058434142
17117,0.02382130017390342
17118,0.04277480923648303
17119,0.03362146931485245
17120,0.042998224286872534
17121,0.04097242286568806
17122,0.03877047569658977
17123,0.04837942318374498
17124,0.03659891558921513
17125,0.030038070199539527
17126,0.028088380108828418
17127,0.03981355871097991
17128,0.026711912749935528
17129,0.031993245743818205
17130,0.020815406151593368
17131,0.02035560291843648
17132,0.0258729718212733
17133,0.012383176872528844
17134,0.008638914060666025
17135,0.00914096966872781
17136,0.020735003792854034
17137,0.010050654474353143
17138,0.01585354607573182
17139,0.006871359202258015
17140,0.0057531552818058575
17141,0.026246830151175154
17142,0.018786137916913526
17143,0.020360296242703618
17144,0.023648393213366058
17145,0.02973384010859348
17146,0.022268719996873323
17147,0.02282318261331468
17148,0.023038081191329364
17149,0.0256303477281884
17150,0.012580466665034413
17151,-0.00625220644125611
17152,-0.007029269151223193
17153,-0.010268731948215076
17154,-0.004117765152004733
17155,-0.006816874877875449
17156,0.007235721251345697
17157,0.008221630188308737
17158,0.0034198071351667016
17159,0.01783315601240071
17160,0.027544474885208833
17161,0.022699851264865942
17162,0.027949434397458315
17163,0.03889860990734013
17164,0.03396349911938176
17165,0.0005877060332337424
17166,-0.009110570646166612
17167,-0.011723917678452864
17168,-0.006147263123362627
17169,-0.01880481723355297
17170,-0.022782768890870973
17171,-0.011455175384271989
17172,-0.024308497451519463
17173,-0.029200718680829484
17174,-0.03954566192428629
17175,-0.004929152257346775
17176,-0.008779903007596098
17177,-0.00911724055368613
17178,-0.01867028603980399
17179,-0.02301820478636524
17180,-0.017829598485833736
17181,-0.029552393241373688
17182,-0.019933844531755708
17183,-0.033467255631376716
17184,-0.018189731608785335
17185,-0.022830717530175116
17186,-0.03129411892646841
17187,-0.019611011908635085
17188,-0.010039035711270355
17189,-0.013399071267852756
17190,-0.008348269327254432
17191,-0.005699123547452828
17192,0.009208210439410213
17193,0.014716505216951134
17194,0.008465241506257729
17195,0.0034631137721456
17196,0.014143332169941198
17197,0.0024561559228088925
17198,0.005974712506477801
17199,0.007269995560065942
17200,0.006775703199001318
17201,0.005385019610107081
17202,-0.01650769500848501
17203,-0.007476002396414446
17204,-0.01693725573916941
17205,-0.012462188207515957
17206,-0.01563896689318768
17207,-0.021290922512434113
17208,-0.03604889538947721
17209,-0.032513295491084
17210,-0.03669307339950601
17211,-0.035952730041468255
17212,-0.027584503983482903
17213,-0.033672626220543254
17214,-0.0067283520756219965
17215,-0.00761184257916573
17216,-0.009040864321168011
17217,-0.010651477618387115
17218,-0.00506081509286793
17219,-0.0047350064231744685
17220,0.0043111394999005015
17221,0.0045852004033850955
17222,0.009672267130220777
17223,0.014808141789773771
17224,-0.0016738675173896417
17225,0.010696181890491825
17226,0.019743441447933406
17227,0.02750139154150955
17228,0.027893687585554282
17229,0.022162789385959312
17230,0.015428624690145151
17231,0.017302772736031466
17232,0.014747263357984512
17233,0.016077918149221382
17234,0.011841977663202384
17235,0.0023043627253774017
17236,-0.003920606184657445
17237,0.0013255915449785893
17238,0.0028114134448126286
17239,0.009365139058579731
17240,0.015180200385524343
17241,0.013245959697872718
17242,0.008713992373713966
17243,0.0066762829659756705
17244,0.015097556173818926
17245,0.0147344529207645
17246,0.00957565047170015
17247,0.007505179885459288
17248,0.005246792971820693
17249,0.009629830786183013
17250,0.003889000188914594
17251,-0.0018699626440835258
17252,-0.0009792411532311986
17253,0.005771448352021481
17254,0.0003387158734413813
17255,0.00635094909209491
17256,0.012566798105603521
17257,0.009443568089132095
17258,0.010856313097480547
17259,0.0030569724554658116
17260,0.005504197220194023
17261,0.011593661752658701
17262,0.008825364804857702
17263,0.0041756895224277415
17264,-0.0010643717817401851
17265,-0.008578083347878058
17266,-0.009979525725162324
17267,-0.005515326224309247
17268,-0.0048875556199190736
17269,0.001030358814438016
17270,-0.0028744217833905432
17271,0.0017226495247106423
17272,0.006424049957479081
17273,0.009990629869673556
17274,0.014880666491345987
17275,0.0163526151291211
17276,0.013756550550616824
17277,0.0037299673137488865
17278,0.006057579024993547
17279,0.0040513476812457224
17280,0.0028136199875055004
17281,-0.0014793593727328417
17282,0.004247321346924229
17283,0.0008116551194449159
17284,0.0010741273975606867
17285,0.002694613159496142
17286,0.008464911316967324
17287,0.013722000225123787
17288,0.013556297445386275
17289,0.01665627186192842
17290,0.020643045172652787
17291,0.02398412033097334
17292,0.01939692417379317
17293,0.019466442293447954
17294,0.01819194238097747
17295,0.017955403789596376
17296,0.017144626683298064
17297,0.02008539149269708
17298,0.012150064261611875
17299,0.008403297004925763
17300,0.007640194363638054
17301,-0.0019868469247873383
17302,-0.003281665208951386
17303,-0.003975276092498088
17304,-0.003019649318033768
17305,-0.004974933397387733
17306,-0.003975478702914444
17307,-0.012266060522795339
17308,-0.009348460151476978
17309,-0.022138155147410563
17310,-0.018951770687882324
17311,-0.012732661067761704
17312,-0.00782321531708817
17313,-0.004633638034240611
17314,-0.006828865340287681
17315,0.000653552080384914
17316,-0.004949261693258811
17317,0.0007576502586916522
17318,0.010591838364983364
17319,0.02413226830238854
17320,0.020478688472584303
17321,0.011300083783082745
17322,0.0011158168284625895
17323,-0.004048615575032242
17324,0.005538091143858579
17325,-0.004186719761561518
17326,-0.0010761052792853183
17327,-0.0035928640554148887
17328,-0.006918028330648181
17329,-0.006443932311227563
17330,0.0039442445173807
17331,0.015512672097529205
17332,0.01855324716859828
17333,0.020426556659017762
17334,0.015890556102572832
17335,0.01923416019356429
17336,0.010031619035145578
17337,0.013587489900425012
17338,0.014072739600202557
17339,0.012910406062755453
17340,-0.0034259488103394226
17341,-0.007636911368082132
17342,-0.006228259705952745
17343,-0.010917612192976928
17344,-0.01190767787112638
17345,-0.012763636076438526
17346,-0.008222561398114211
17347,-0.012193078915222639
17348,-0.015596385708856544
17349,-0.013817674200309698
17350,-0.008246374993890101
17351,-0.005751797685737525
17352,-0.010787309137322662
17353,-0.006236783930631918
17354,-0.007139585085751521
17355,-0.015167714387537903
17356,-0.013331347925950069
17357,-0.006726383924747182
17358,-0.005856145262079079
17359,-0.006783248113833486
17360,-0.010111235240717886
17361,-0.016039204867832172
17362,-0.010736612402367937
17363,-0.028552670418680814
17364,-0.031329875332876754
17365,-0.02089921798134251
17366,-0.01995869239199584
17367,-0.025326070578221
17368,-0.02819779753934052
17369,-0.023575002360230638
17370,-0.015551909849639443
17371,-0.010684198596884641
17372,-0.013524513119465871
17373,0.010457332838157477
17374,0.012278009078295045
17375,0.015146926849773824
17376,0.0230132450003846
17377,0.025571231982973494
17378,0.020149466866937575
17379,0.017058557684828488
17380,0.01181751512450988
17381,0.0046628863682109155
17382,0.01299560618101205
17383,0.00010219170930175683
17384,0.0014720118277235824
17385,-0.007568458903836406
17386,-0.015783675741624842
17387,-0.0016548701996169546
17388,-0.00014201745495407537
17389,-0.0015657972719461937
17390,-0.005024954276325927
17391,0.0032659599848699535
17392,0.0008296720836483709
17393,0.010839420087117926
17394,0.007731397593838892
17395,0.012104355532723638
17396,0.014534873447866711
17397,0.0018954095091790457
17398,0.0062818662967996115
17399,0.01155449596194764
17400,0.012878580174409352
17401,0.00961062642415742
17402,0.0009415695901119242
17403,0.0033522522461578406
17404,0.007306227714251721
17405,0.004127050303014548
17406,0.0030047371005012757
17407,6.985314052564113e-05
17408,-0.006488700790483909
17409,-0.009235514141599493
17410,-0.0010098734207390093
17411,-0.0003616838521062984
17412,0.0051558536420574005
17413,-0.0008811100522637582
17414,0.0003308816669049376
17415,0.0038312971327396817
17416,0.0025944263533675678
17417,0.0066203417046411485
17418,0.007960735114186268
17419,0.007746364139097983
17420,0.005839247215710727
17421,-0.0029247652731856175
17422,-0.005537918456832665
17423,0.004714066330480291
17424,0.0038490732512388892
17425,0.0030819001264472496
17426,0.008814811407950976
17427,0.006392977998356875
17428,0.011712389646360009
17429,0.0031362468261197157
17430,-0.0005337943479788066
17431,0.009173150805524945
17432,0.00820739570078642
17433,0.0004296634750543945
17434,-0.0014576717711678442
17435,-0.0037854038536927624
17436,-0.002876797855592441
17437,-0.007981028225675939
17438,-0.018985636061536297
17439,-0.013805610904072644
17440,-0.013712441677185506
17441,-0.011666933126802831
17442,-0.010126310908134943
17443,-0.01135999619434468
17444,-0.01906890910622239
17445,-0.017273108097763692
17446,-0.02684474267897617
17447,-0.02087810456255189
17448,-0.014974263620996289
17449,-0.014780460074183637
17450,-0.01445681926297508
17451,-0.030691643963291434
17452,-0.029074121476060335
17453,-0.041136802345175284
17454,-0.03393940697814281
17455,-0.03028223690661435
17456,-0.033203437153950674
17457,-0.04320819282617873
17458,-0.03649220415843874
17459,-0.03879386681622772
17460,-0.03558611633371244
17461,-0.022902466005854046
17462,-0.019968755471590095
17463,-0.002961322317929308
17464,0.0014730432677103975
17465,-0.004574438927355117
17466,-0.0023584881682137773
17467,0.005397459037946425
17468,0.014003715517600896
17469,0.01909652767302603
17470,0.015313889399960059
17471,0.01647178760459533
17472,0.01177963007907061
17473,-0.0008138143050288263
17474,-0.004952988956296246
17475,0.00251011700835417
17476,0.007913774345332351
17477,0.0015849010603855552
17478,-0.005313863480539328
17479,-0.006927181237545043
17480,-0.011591641950501209
17481,-0.01199608320729466
17482,-0.013063982674348936
17483,0.00013100692122757485
17484,0.005021932225957908
17485,-4.8741804146529076e-05
17486,-0.006314190903925286
17487,0.0005171525308926402
17488,-0.00362318106258079
17489,-0.005492511537068944
17490,0.0025809434239458394
17491,0.0035402959697206334
17492,0.017089522029313547
17493,0.012826029960302984
17494,0.008430888826358568
17495,0.005285608533669852
17496,0.02098826105492801
17497,0.023443521491623858
17498,0.021186143320481174
17499,0.019480239159058034
17500,0.015857797362621842
17501,0.009750482074696133
17502,-0.008846886571050401
17503,-0.011360872472657461
17504,-0.011422363031169842
17505,-0.006061187695825233
17506,-0.019421098275285785
17507,-0.03040785429734629
17508,-0.040084934486508836
17509,-0.03699621634825974
17510,-0.03961061275048447
17511,-0.034485766654211575
17512,-0.027421023040961157
17513,-0.03451483872171573
17514,-0.030832866789289655
17515,-0.03565998615032173
17516,-0.03739001069784377
17517,-0.029378399276460875
17518,-0.016117117304060936
17519,-0.026028163264967447
17520,-0.027787179503715183
17521,-0.026882698637066712
17522,-0.03234334583707166
17523,-0.018761570794196818
17524,-0.0250824546677165
17525,-0.02236535530917185
17526,-0.009911025445675117
17527,-0.009512708638292226
17528,-0.0035303695298676743
17529,0.004441391141835274
17530,0.009295034538628103
17531,0.019985769527964353
17532,0.026098296961854298
17533,0.024366005381651415
17534,0.023380844138006684
17535,0.020502328409559716
17536,0.01686934823408969
17537,0.019948455048064164
17538,0.016654422479692302
17539,0.019799299592383083
17540,0.008252236690048572
17541,-0.00981312733344403
17542,-0.009940835850956614
17543,-0.010584609159868986
17544,-0.0101827347724518
17545,-0.0065935753719787125
17546,-0.015203558298344024
17547,-0.016131685900720456
17548,-0.020276147327984457
17549,-0.01908309423419917
17550,-0.01408230070557658
17551,0.00022515886620757316
17552,0.006038332551390965
17553,0.004922663176620696
17554,0.00823244921402126
17555,0.006330453037209112
17556,0.015166307166491077
17557,0.012553444569147833
17558,0.00989676122995735
17559,0.0009579766177405246
17560,0.004902902734249724
17561,-0.0017028173887705467
17562,0.0015528130202066427
17563,0.0013269487891934076
17564,0.0027928370904567734
17565,0.0027538608244828066
17566,-0.000770986569099316
17567,0.0007222962052378871
17568,0.0008393374683695765
17569,0.0037554009297030865
17570,0.008690864977702958
17571,0.009790347450952327
17572,0.0011451381053379228
17573,-0.007405364239467171
17574,-0.007207290647537281
17575,-0.005200650800193667
17576,-0.010526890400791973
17577,-0.00800515853044795
17578,-0.010387997848018563
17579,-0.0029705514188906623
17580,-0.01680001279247528
17581,-0.019565421069238215
17582,-0.025363367665687104
17583,-0.018749870468129207
17584,-0.021184898823434082
17585,-0.020607757641275957
17586,-0.010816273786784234
17587,-0.014112722948870332
17588,-0.008770513535194343
17589,-0.005409554566512092
17590,0.006636497268212055
17591,0.00975456322478666
17592,0.01809728096780923
17593,0.01852968573070223
17594,0.02629183706254573
17595,0.02333428117204563
17596,0.017810169437716693
17597,0.01773701328705409
17598,0.019727586730140665
17599,0.012234507382015791
17600,0.019228058747961095
17601,0.006807598656813683
17602,0.004365778663363004
17603,0.00717982378739048
17604,-0.0019655785282763996
17605,-0.006970481391174516
17606,-0.006361832880597843
17607,-0.004892569101244549
17608,-0.007750061056374011
17609,-0.011458900970221661
17610,-0.02124350310684937
17611,-0.010636161135333052
17612,-0.014947584175804484
17613,-0.019768633767755214
17614,-0.01945513086366515
17615,-0.018064175040722063
17616,-0.025025065365084635
17617,-0.025836464400470563
17618,-0.020529656277960093
17619,-0.014248690068243865
17620,-0.012444601099144867
17621,-0.007134836762356741
17622,-0.009413549074051923
17623,-0.011330517618081458
17624,-0.014762181316953204
17625,0.006875666134802295
17626,0.014172595573160487
17627,0.003931473696289252
17628,-0.00522977104965006
17629,-0.008780751230308042
17630,-0.011002857044210727
17631,-0.010473957463936435
17632,-0.002968285294102396
17633,-0.0019380630598895107
17634,0.007573948198343545
17635,-0.009105738401220255
17636,0.0004605482605025563
17637,0.008604330675422813
17638,0.013975460442790322
17639,0.016785636269802597
17640,0.022979722990916048
17641,0.018026310169101008
17642,0.013212564274836455
17643,0.018493181778196185
17644,0.01376641454229604
17645,0.021872707055027224
17646,0.013974539352853352
17647,0.015926029664113682
17648,0.009964825738828873
17649,0.008241533089921262
17650,0.0014418285115616557
17651,0.0032959767997310084
17652,0.008713755588029887
17653,0.006877506635666767
17654,0.013644116702703738
17655,0.008488971536429767
17656,0.007538549666019001
17657,0.006209744564492892
17658,0.009846553069575461
17659,0.008677795048851843
17660,0.01470123748442838
17661,0.013799111916482788
17662,0.012557490952382584
17663,0.00934360705085026
17664,0.0032690351526514718
17665,-3.905357646767842e-05
17666,0.0013389830864188076
17667,0.009317496577614555
17668,0.010678426291152402
17669,0.009993300627603242
17670,0.0068854098953524505
17671,0.005744205695834715
17672,0.0049423207490169
17673,0.007768050518978722
17674,0.007620656371668852
17675,0.006673802971631224
17676,0.003845581500631909
17677,0.004223095784455568
17678,0.010467637825180698
17679,0.013688447868298315
17680,0.013917630325608452
17681,0.009047211269060058
17682,0.011092458753011368
17683,0.013785506727316396
17684,0.011778417595110897
17685,0.008052711081483243
17686,0.008886869673024895
17687,0.0016093422639504086
17688,-0.005753167895964573
17689,-0.006948374869448317
17690,-0.004129449026438967
17691,-0.00312350342444341
17692,-0.002896554196655383
17693,-0.010134659809445834
17694,-0.012500000000000018
17695,-0.0073301850465136275
17696,-0.004804534341369334
17697,0.00012119439767508
17698,0.0017893509705412395
17699,0.0043033263549662444
17700,-0.0007009017787835145
17701,-0.00034897129017742983
17702,0.0038193579849957844
17703,0.006114792261194953
17704,0.011739065384104061
17705,0.01604471693083041
17706,0.011059941949133269
17707,0.005858191200491964
17708,0.004637844330285939
17709,0.002000053576543392
17710,0.0004111260204550239
17711,0.0032917451487756043
17712,-4.2200364034735064e-05
17713,0.0023451327616140056
17714,0.00251252814210698
17715,-0.006440943689748164
17716,-0.003946876969325117
17717,-0.006459336340659191
17718,0.000597573337984959
17719,0.0009441497675306976
17720,0.004132286872812964
17721,0.004226760402059159
17722,0.0020493773330838108
17723,-0.003929518859242025
17724,-0.009982602864569453
17725,-0.006482285421671744
17726,-0.01135769981593603
17727,-0.0136869573818214
17728,-0.023748862359183952
17729,-0.02313933341510585
17730,-0.01946974363298516
17731,-0.020011976894540012
17732,-0.014931192999814255
17733,-0.019031038584898845
17734,-0.014560028288742642
17735,-0.01900823646602803
17736,-0.014079306114316166
17737,-0.015829871366298223
17738,-0.013930932444222159
17739,-0.014332394442032766
17740,-0.016132740006913227
17741,-0.02095495650033135
17742,-0.025293804811412378
17743,-0.016260155753668865
17744,-0.012043047434937726
17745,-0.002544600958859604
17746,-0.005941995581794004
17747,0.003410924166251546
17748,-0.0074469963966284445
17749,-0.00889040628200746
17750,-0.0029398095839071464
17751,0.0027148710677208114
17752,0.001249794054652086
17753,-0.004394126238229422
17754,-0.011246873618519735
17755,-0.016758283829055743
17756,-0.019154086623551714
17757,-0.021831465412392528
17758,-0.01033804334542245
17759,-0.033965977829525706
17760,-0.03441764895798356
17761,-0.034651776549988744
17762,-0.03303214870418519
17763,-0.03098773360555197
17764,-0.03140709340274278
17765,-0.03159671983406493
17766,-0.03371812086369707
17767,-0.03470050660876174
17768,-0.03804428172639612
17769,-0.02260811464655571
17770,-0.03054194413265309
17771,-0.07562202573649326
17772,-0.07241095817752674
17773,-0.06869772892771601
17774,-0.05659603420466758
17775,-0.059995654703270715
17776,-0.05278310616814367
17777,-0.057853978642248644
17778,-0.04466387171866688
17779,-0.03644849392240063
17780,-0.016596274494979836
17781,0.024605762960821106
17782,0.02152510535615246
17783,0.015817607568093767
17784,0.007883162635672842
17785,0.016360757248317502
17786,0.018679173889036883
17787,0.024049101203529637
17788,0.014281192364942978
17789,-0.0013555198742925857
17790,-0.023701227589061322
17791,-0.017380628354817802
17792,-0.018672958390796534
17793,-0.017831964133435813
17794,-0.01952274661555784
17795,-0.0143019179115908
17796,-0.013016353575401726
17797,-0.012927292201718203
17798,-0.016575566282089872
17799,-0.005991056306971884
17800,0.009906772800125408
17801,0.01587200820194437
17802,0.015464615840945977
17803,0.021244948387830104
17804,0.023565510907562644
17805,0.014362571614480063
17806,0.011793116035016109
17807,0.009014334339073575
17808,0.014226356624447517
17809,0.014350813829438541
17810,0.00608641307279633
17811,-0.00572088994325925
17812,-0.006264185053257326
17813,-0.012607263334394032
17814,0.0060163237241636644
17815,0.00866645868224418
17816,0.012968260035385286
17817,0.01174307364000401
17818,0.009809153307803574
17819,0.018366474949187642
17820,0.013755524055308594
17821,0.019156365697584617
17822,0.017342400534742765
17823,0.0232062769384367
17824,0.0016961502998751798
17825,-0.00224054487977152
17826,0.000195809221923345
17827,0.0016796994962521062
17828,0.008170885535119512
17829,0.012641070809982469
17830,0.013618535047235309
17831,0.019898958846043837
17832,0.019136173890375367
17833,0.01988697050258293
17834,0.017311432428685318
17835,0.01981666464414763
17836,0.011099288084923062
17837,0.019258507269303216
17838,0.004858341814931138
17839,-0.003257218378350907
17840,0.0025785123514979465
17841,0.00018094624696195512
17842,0.0026671555278110163
17843,-0.00130322888970036
17844,-0.0023849885187019605
17845,0.0010117825916514437
17846,-0.0005462413334302517
17847,-0.0023145666279432726
17848,0.006237922012373839
17849,-0.004822223660175256
17850,-0.012766219542157065
17851,-0.017455097107987736
17852,-0.008793991765389147
17853,-0.009754819582077086
17854,-0.009948172443503104
17855,-0.021577576449089295
17856,-0.02048840790746119
17857,-0.0223900773705904
17858,-0.020556417414606207
17859,-0.02381760362245196
17860,-0.022588226735452556
17861,-0.030886865304645853
17862,-0.041517542652629955
17863,-0.03758725473391565
17864,-0.03616724375901801
17865,-0.029030419125398423
17866,-0.027714074571841545
17867,-0.03911578933668871
17868,-0.030577567775810437
17869,-0.013922692972775373
17870,-0.008728553709411564
17871,0.0013221238159442903
17872,0.009855354483462581
17873,0.014563695903811473
17874,0.01694528415925172
17875,0.017420625787426043
17876,-0.0007892593717370418
17877,0.01103842831007734
17878,-0.0006768494750408403
17879,-0.0006432605744757806
17880,-0.008398621092120025
17881,-0.010711448699391835
17882,-0.015631634205354666
17883,-0.007009765826492662
17884,-0.006578546929106536
17885,-0.007889578353993862
17886,0.009904191384433672
17887,0.008975897057434077
17888,0.0043913685737747635
17889,0.00601710383200169
17890,0.01305232768507236
17891,0.010212419673484787
17892,0.005689114539639957
17893,-0.007210946818379809
17894,0.006735897645771401
17895,0.0034242541101360048
17896,0.003610681070497656
17897,-0.008511478724504053
17898,-0.0024892900696322586
17899,-0.00976213476869341
17900,-0.015949439786246234
17901,-0.0033523803730343377
17902,0.0009658408635843354
17903,0.0025806605403988084
17904,-0.03769248410828282
17905,-0.033625623247890396
17906,-0.048850617491370964
17907,-0.0352875317116937
17908,-0.0406642819642563
17909,-0.043984711477324676
17910,-0.029238917053643385
17911,-0.03691749051378732
17912,-0.03956626998718623
17913,-0.04472956406703393
17914,-0.017950713371942092
17915,-0.013278042782957621
17916,-0.006454167806375417
17917,-0.00878775267081801
17918,-0.010596678091746086
17919,-0.020366077803382718
17920,-0.03171939200743224
17921,-0.03994995301287017
17922,-0.03565337980224901
17923,-0.033182013112317374
17924,-0.026357392144128015
17925,-0.03084304793433799
17926,-0.027307152580584214
17927,-0.032651803704062086
17928,-0.017095336150204667
17929,0.00023116486355519462
17930,-0.0145602864083877
17931,0.0019767768686677805
17932,-0.0033225010484931317
17933,-0.006893671970573766
17934,-0.01007366910017061
17935,-0.007216496953443632
17936,-0.013212968956540927
17937,-0.016789845280698105
17938,-0.030243722266449002
17939,-0.055079767997899286
17940,-0.05156891208705081
17941,-0.05835634079454494
17942,-0.050058898440398236
17943,-0.0469798483741673
17944,-0.05612893921972637
17945,-0.0631767898120855
17946,-0.06804412478820226
17947,-0.0619178057699609
17948,-0.043288226408536
17949,0.0021400336619900226
17950,0.022464196771512065
17951,0.016353912238541206
17952,0.011475638827863477
17953,0.020631200661947992
17954,0.021873139725380488
17955,0.03578641762335758
17956,0.054219629135992396
17957,0.07495866492254452
17958,0.057571884101983654
17959,0.03507744400590392
17960,0.012781844829768607
17961,0.017864196823742413
17962,0.013971227332019501
17963,-0.005030286991531262
17964,0.002269200339577626
17965,-0.006202893905520134
17966,-0.007870146950420816
17967,-0.015612101490653807
17968,-0.012867675851101362
17969,-0.008229142785223388
17970,0.011553341263495673
17971,0.012039484182127743
17972,0.007516292675946985
17973,0.019569582224869715
17974,0.015876192809332435
17975,0.012163904068553692
17976,0.012784435994835456
17977,0.004171264469504064
17978,-0.004934955169947893
17979,-0.0066408349079963985
17980,-0.019617692047292357
17981,-0.010095583567228008
17982,-0.004191146361111377
17983,-0.0030629532922610463
17984,-0.008089077840397649
17985,-0.00696215420034677
17986,-0.00676422762511308
17987,0.001265595069718575
17988,0.007553024651509666
17989,0.00415617088406296
17990,0.012716984158321341
17991,0.0023788866884135035
17992,0.004716396860841513
17993,0.00893828867834344
17994,0.015057157877034759
17995,0.018619673310358402
17996,0.017099462493434303
17997,0.016675623699254453
17998,0.011831235421643788
17999,0.012253258108152634
18000,0.008495792487249635
18001,0.008820006466496498
18002,-0.002854985104711232
18003,-0.006356698601646503
18004,-0.007112554790231675
18005,-0.0028019926092067416
18006,0.0051125575038640965
18007,-0.006173820007726998
18008,-0.00014754933843940722
18009,0.004067745697055256
18010,0.005550496158582933
18011,0.004374054837238293
18012,0.010890339493040658
18013,0.007810735996597644
18014,-0.004045681833769194
18015,-0.002819279994435171
18016,-0.0010008334647940034
18017,0.0076008252652349706
18018,0.005025239614031234
18019,0.0014285907203150608
18020,0.0009578096770946527
18021,0.008608231228400879
18022,0.012604464578857257
18023,0.02314262508952565
18024,0.03467072350568307
18025,0.03340698014420792
18026,0.028498869129659026
18027,0.036143898668012264
18028,0.03632514275381842
18029,0.02822582841067612
18030,0.02962429243815954
18031,0.022159386951086754
18032,0.022135937431995288
18033,0.00749740301950764
18034,0.007348369904757049
18035,0.001423375020364724
18036,-0.0018922521620137569
18037,-0.014202323358150618
18038,0.0010804218351351024
18039,0.017456781753910196
18040,0.01711414633164015
18041,0.008952406952590189
18042,0.018225676694731945
18043,0.022014879678237904
18044,0.022613595141919695
18045,0.017832150731721258
18046,0.017696614478071422
18047,0.014934886448705258
18048,-0.0013700747077057935
18049,-0.010786008059078738
18050,-0.011598749495125482
18051,-0.00921768723614405
18052,-0.01951081063559275
18053,-0.019314752958722047
18054,-0.005252123982504661
18055,0.001271718236235399
18056,-0.004392605283079089
18057,-0.003428360617109935
18058,0.0009750666884016476
18059,0.013312468128984989
18060,0.009615042734357811
18061,0.020789648911402888
18062,0.02178905015559815
18063,0.009233755096590078
18064,-0.0064631370751442345
18065,-0.008606017175234154
18066,-0.010613025861637735
18067,-0.00987037617283976
18068,-0.005190787065909487
18069,-0.021154249903741998
18070,-0.020021120287926273
18071,-0.029258332648453043
18072,-0.030906540650323177
18073,-0.01898042025071767
18074,-0.019636769851547043
18075,-0.01541141327929255
18076,-0.006629308551287199
18077,0.0032819438700073386
18078,0.00048809105601424577
18079,0.006342153416751737
18080,0.010595447604325877
18081,0.009244254248517927
18082,0.012091538166091704
18083,0.022027453872130075
18084,0.03241605371336004
18085,0.03085695333501628
18086,0.036776541190667686
18087,0.02075479833055937
18088,0.017123110355300696
18089,0.019086549842960036
18090,0.017678695789252
18091,0.024362066437693963
18092,0.02560502188816383
18093,0.011580679557539735
18094,0.004197733723666774
18095,-0.0055789801168677905
18096,-0.009235018254526517
18097,-0.0067072831847368175
18098,-0.005250093592814948
18099,-0.01028548483646631
18100,-0.011679487346688874
18101,-0.011907812514601716
18102,-0.0188785241319434
18103,-0.014495159114052723
18104,-0.011784020169775243
18105,-0.005689549776105613
18106,-0.014880956804942247
18107,-0.00977051839948513
18108,-0.009262113719429947
18109,-0.006630979200066127
18110,-0.005133187249418869
18111,-0.010452970344465878
18112,-0.006115286514536867
18113,0.004159201833652534
18114,-0.004389130138793395
18115,-0.00031264651400391563
18116,0.010025983510580557
18117,0.008636885417370312
18118,0.008264769495623898
18119,0.008420412245904242
18120,0.012954615300681047
18121,0.018067849760884394
18122,0.01682860575930411
18123,0.0025881110378137757
18124,0.008688719667439206
18125,0.010756553692895117
18126,0.00822685923507955
18127,0.008004714689809237
18128,0.010757442524848271
18129,0.012848660072921195
18130,0.008051764519858914
18131,0.0018029823076494153
18132,-0.004411772717435134
18133,-0.0025153096075431302
18134,-0.007752488501381723
18135,-0.012497835819049676
18136,-0.013842721513673033
18137,-0.020959196825121547
18138,-0.022022283818275135
18139,-0.025294302501782894
18140,-0.018649069274413906
18141,-0.0056142534862822615
18142,0.0015654886120280275
18143,0.003904212597297023
18144,0.003077325787124237
18145,0.0039040016831264042
18146,-0.0018090650083905056
18147,0.005215609033930289
18148,0.002949208357809429
18149,-0.0010918082917528553
18150,-0.013829466548819648
18151,-0.02512158164011835
18152,-0.022481824114847553
18153,-0.038895999316869406
18154,-0.03599731457159259
18155,-0.031259005073903084
18156,-0.028474417580134817
18157,-0.027195639341102387
18158,-0.028408292798433214
18159,-0.03165043499600775
18160,-0.021162488271411838
18161,-0.007962150846622447
18162,-0.018641671546541342
18163,-0.0017030754795097733
18164,-0.0034435719774089774
18165,-0.011835329882617615
18166,-0.009320335700451866
18167,-0.012134432577957377
18168,-0.007201621920399806
18169,0.000590122473830886
18170,-0.012666615094326952
18171,-0.03150058184350797
18172,-0.02229567390146723
18173,-0.014395022282014598
18174,-0.006782654085420706
18175,-0.002426691679843538
18176,0.0025555161378862127
18177,0.006710696005862728
18178,0.0021929311321328753
18179,0.0029254684260043716
18180,0.009954239376043445
18181,0.019725791351058296
18182,0.015832471035805578
18183,0.012318927127232976
18184,0.010515645218686318
18185,0.02139774271083709
18186,0.012436655191303932
18187,0.011069726826537373
18188,0.010094782757836061
18189,0.010244535089820848
18190,0.011808569983005258
18191,0.016160119106813104
18192,0.021387312014225335
18193,0.017402758708315678
18194,0.010584751365204806
18195,-5.908680952197164e-05
18196,0.0057436418942256665
18197,0.008296712079843333
18198,0.011971354854354367
18199,0.012197729178381803
18200,0.017223800421677666
18201,0.013848477515803372
18202,0.012438944719770922
18203,0.010352405897703412
18204,0.017272902540457973
18205,0.017944266335078812
18206,0.01196784504997052
18207,0.002058955706623203
18208,-0.0016954018538998768
18209,0.004170316887792972
18210,-0.0033752400216898997
18211,-0.002558869369378514
18212,-0.001223747095963706
18213,0.0063230151090445915
18214,0.002110654046032687
18215,0.0027117017052735604
18216,0.004695603290404183
18217,0.012210770965065515
18218,0.011307465419039818
18219,-0.0013872784495610761
18220,-0.00020311424986843953
18221,-0.012721803409376597
18222,-0.01971296676717632
18223,-0.02415853953837671
18224,-0.02597849788600553
18225,-0.026130698351540766
18226,-0.023663625231422566
18227,-0.028888544335491973
18228,-0.029312820100219506
18229,-0.024889639823019144
18230,-0.02854676510896397
18231,-0.01843206517496751
18232,-0.016881820306892642
18233,-0.01883281983941179
18234,-0.020428418151339594
18235,-0.02307315802801071
18236,-0.015322818369685092
18237,-0.011324851299160688
18238,-0.00914190098389272
18239,-0.005407192561868781
18240,-0.004798164072001623
18241,-0.004024772322415695
18242,0.002176348944859668
18243,0.0013205491746174608
18244,0.007961772122110014
18245,0.014351669778043464
18246,0.0066092908850770545
18247,0.00630021093033019
18248,0.004375500439040043
18249,0.0003921269051983423
18250,0.005222723321273014
18251,0.0018945958596915452
18252,-0.01103527168931402
18253,-0.009957991113997582
18254,-0.019405356124820434
18255,-0.028354618275948186
18256,-0.030319741256870193
18257,-0.033664020923581166
18258,-0.02690149133462201
18259,-0.024438121791598946
18260,-0.026423098630268222
18261,-0.01908102038933912
18262,-0.008723706748388786
18263,-0.014346187233285203
18264,0.004898740107109734
18265,0.009118610084138258
18266,-0.0004753031060898196
18267,0.007862517859892334
18268,0.006385255043771092
18269,0.00764313581753506
18270,0.012318989388839609
18271,0.007454931706634846
18272,0.009130983962273525
18273,0.014853474759783583
18274,0.0030408903548861904
18275,-0.0008914910280141614
18276,0.01565122723196803
18277,0.01597830312383194
18278,0.009799760434354269
18279,0.007835967504436719
18280,0.004342156318155689
18281,0.00582441457732414
18282,0.0018871667116998213
18283,0.0011450235565429606
18284,0.004610920094030964
18285,0.004683311194060096
18286,0.0009084579651015879
18287,-0.001612905765468959
18288,-0.001562830634217648
18289,-0.0021065956330756064
18290,0.0007592680939609839
18291,0.0022352557373885233
18292,0.005710942929060195
18293,0.0036043999628694234
18294,0.005529748600927602
18295,0.012279689857356115
18296,0.007867648821195979
18297,0.0065671880322828715
18298,0.008514652921331769
18299,0.007989432132664655
18300,0.006200934344887685
18301,0.00442067261160671
18302,0.008590248726902052
18303,0.012432404025540716
18304,0.007807622279527501
18305,0.0035717097028623137
18306,0.008382990666808128
18307,0.007075087377707848
18308,0.011139662284144413
18309,0.014120903534880987
18310,0.01542664872210271
18311,0.014902088997847129
18312,0.008376220671272458
18313,0.007106644304951931
18314,-0.0004900030806867207
18315,-0.008385449118639601
18316,-0.011631053045687675
18317,-0.011419584617439173
18318,-0.015086216924501416
18319,-0.018434185121181768
18320,-0.022623810571015892
18321,-0.016721377952492546
18322,-0.01598053767783613
18323,-0.008461765242516494
18324,-0.0022590660605444814
18325,0.006851573682769992
18326,0.01244075394440556
18327,0.007545366364442842
18328,0.006250693872687466
18329,-0.006762641528766785
18330,-0.0006963275170950735
18331,-0.006765450513218015
18332,-0.006561715538159193
18333,-0.014419784377687636
18334,-0.014197976342691937
18335,-0.012586775522266046
18336,-0.023615185115930335
18337,-0.020092044823819433
18338,-0.021707621350600833
18339,-0.0032649422756196133
18340,-0.006886490102151822
18341,-0.0009740171634628738
18342,0.0013694180526949008
18343,0.0019342946351342896
18344,0.00295282814144229
18345,-0.0006117401953615924
18346,0.005597849772109973
18347,0.007284547402427561
18348,0.0025699017817079526
18349,-0.0019388968828504068
18350,-0.007674867546683432
18351,-0.013464668595678549
18352,-0.014998501861220136
18353,-0.00972491817819324
18354,-0.009079305800169038
18355,-0.007888686871722487
18356,-0.006805635164039766
18357,-0.019387225979542226
18358,-0.01163583544793249
18359,-0.013119493216365729
18360,-0.006801352253769704
18361,-0.006061429075131562
18362,-0.012637791055579923
18363,-0.012334729403534838
18364,-0.020585264887028717
18365,-0.020904311486012097
18366,-0.013333521010952032
18367,-0.0002808029997507534
18368,0.002351604728070879
18369,0.006654495408295747
18370,0.005508314398754813
18371,0.018082175422893754
18372,0.02750228626223055
18373,0.021224916625337032
18374,0.028566965122368875
18375,0.03326821010261318
18376,0.02593727196209424
18377,0.027756187001680227
18378,0.026505958767375125
18379,0.022954230718376597
18380,0.023061004201521077
18381,0.0066800953657779
18382,0.005337264418149403
18383,0.007688942879051811
18384,0.0063787766122949995
18385,0.00337212099818352
18386,-0.005541158978527193
18387,-0.00860935421728251
18388,-0.009956604111560989
18389,0.0007558998256119279
18390,-0.0028895732125474196
18391,0.0001844799607002509
18392,-0.00044343724668450917
18393,-0.002972718612361713
18394,-0.0007485698699710217
18395,0.006070830721146737
18396,0.015114671256559728
18397,0.016913013319011228
18398,0.01606779678924044
18399,0.004471578300073433
18400,0.005034422301811482
18401,0.009972411820806713
18402,0.015356237816125311
18403,0.01672523782758919
18404,0.020249601835881474
18405,0.009873480099921207
18406,0.009168980418421959
18407,0.004484062738967977
18408,0.007681863590836439
18409,0.005177870375985809
18410,0.0073119290980901645
18411,0.003926561480366994
18412,-0.002530391685214001
18413,-0.004040232064408517
18414,-0.007769762946670884
18415,-0.0046321213487487845
18416,-0.002143744176427794
18417,0.0003608667419420694
18418,0.0013141045154220383
18419,-0.000976741536374142
18420,0.002160607301914735
18421,0.0013623875965541744
18422,0.002766441506045913
18423,0.0013986564609640398
18424,-0.0009632845854520965
18425,-0.0015522612747956197
18426,-0.0023638556940815216
18427,-0.0022241114665646745
18428,-0.005018165666966739
18429,-0.0069742522643574415
18430,-0.010398919103948396
18431,0.0038756484824554543
18432,0.001977069300693796
18433,0.005075980640662472
18434,0.004460167538235371
18435,0.003926479993384191
18436,0.0018740413453256681
18437,-0.001727936501441378
18438,-0.005574543891538624
18439,0.002160452982544898
18440,-0.004451782803160129
18441,-0.019989178341650357
18442,-0.023285600767623767
18443,-0.02603764971217538
18444,-0.027277657280808946
18445,-0.026386523591075118
18446,-0.031176028426774402
18447,-0.03224059891334501
18448,-0.028402357927671273
18449,-0.02970892984301268
18450,-0.020412319190477098
18451,-0.017889769454720417
18452,-0.008094557858123694
18453,-0.006770956912236431
18454,-0.0024980410252953217
18455,-0.000455128711778841
18456,0.006663731305730977
18457,0.012857386804893
18458,0.007165116047222963
18459,0.0056381234207872125
18460,0.004924379617108082
18461,-0.005344688835821284
18462,-0.013537992309064998
18463,-0.012846269341230437
18464,-0.008837396010096994
18465,-0.012773287806814535
18466,-0.014199272747298512
18467,-0.011028595369996121
18468,8.195526094235584e-05
18469,0.0018356499393944444
18470,-0.0028934447774307615
18471,0.008243223076830043
18472,0.01127090394779549
18473,0.0008820252787960203
18474,-0.009266709573318587
18475,-0.008359342326370393
18476,-0.008966450408291145
18477,-0.014971364341915112
18478,-0.026675049541620297
18479,-0.02312912011348073
18480,-0.018087982410362132
18481,-0.019678044607159113
18482,-0.017709021776831448
18483,-0.011079277048161128
18484,-0.004812278081622923
18485,-0.0074093207932874414
18486,-0.011750058740808445
18487,-0.009934908377795494
18488,-0.0013574985942535916
18489,0.0028812808116898203
18490,0.0009173017985541379
18491,-0.00019314866326163791
18492,-0.003075325526911657
18493,-0.0008821362508447643
18494,0.00038735560251496113
18495,0.0016051026864307538
18496,0.0031385555021113372
18497,0.0018888112289183409
18498,-0.00035803903008649947
18499,-0.006941005262729895
18500,-0.013341323691948369
18501,-0.012413967618221042
18502,-0.011263335599322407
18503,-0.00806913552256308
18504,-0.008363967837172361
18505,-0.00984092199755231
18506,-0.0046098620923245865
18507,-0.012883685285077355
18508,-0.014159655524141387
18509,-0.0036026616151810216
18510,0.005823736239861961
18511,0.005781092139582718
18512,0.0034313705244115467
18513,0.002461778694859012
18514,0.004694713295678285
18515,0.005497469198230185
18516,-0.0015041893196791785
18517,0.009360321603935231
18518,0.016269861661039636
18519,0.003918575427286077
18520,0.0010040634004499813
18521,0.000991624878717673
18522,-0.001900804199056672
18523,-0.005841855274797673
18524,-0.007862521135919637
18525,-0.0017854115989866918
18526,0.0021522754846608834
18527,-0.006146791765058438
18528,-0.012888413929195158
18529,-0.010579403154327769
18530,-0.00915045816641976
18531,-0.012611809882014963
18532,-0.005836989871663813
18533,-0.005513418300050088
18534,-0.006065848105217306
18535,-0.0095210296878253
18536,-0.0076516833209278184
18537,0.0017785473444877026
18538,0.002749171150786621
18539,0.0018650072345124241
18540,0.006742440007705122
18541,0.010612210055796545
18542,0.0027220015879033527
18543,0.001847440498002315
18544,0.0009289319940908042
18545,0.0019855469684749395
18546,0.0026128204936729247
18547,0.0013932529668060868
18548,0.006094329989565254
18549,0.00624857243154376
18550,-0.00334164191478037
18551,-0.007356849142633366
18552,-0.006086435156533537
18553,-0.003757789417155263
18554,-0.018012690816037458
18555,-0.018708532708490138
18556,-0.019851423968574415
18557,-0.026582213563193388
18558,-0.03218078434881223
18559,-0.03083695483012473
18560,-0.03040229468742076
18561,-0.02690014178471935
18562,-0.023873271542231102
18563,-0.02479825882024911
18564,-0.024250920367273415
18565,-0.026267591866995586
18566,-0.022504465797214174
18567,-0.014147493554514662
18568,-0.013758305616044058
18569,-0.018328248289479706
18570,-0.021483029554292262
18571,-0.021874649544816393
18572,-0.011277416427811835
18573,-0.010332098907470446
18574,0.004446989596833968
18575,0.00832902784230387
18576,0.010446982513886536
18577,0.004306936610168001
18578,0.007916932874277388
18579,0.020183906016541905
18580,0.027566878522319184
18581,0.02498492086574846
18582,0.015611725181885144
18583,0.01677628616227597
18584,0.015045752231548049
18585,0.01601495057691351
18586,0.012738214643931716
18587,0.018947926745325677
18588,0.012317866512085832
18589,0.00465642532115799
18590,-0.00022827444577761287
18591,0.006190185586629019
18592,0.006266746497832293
18593,0.002093106446179256
18594,0.006129969978952077
18595,0.007514457395861593
18596,0.006320509242169253
18597,-0.0003815644028208036
18598,0.0036025728637551994
18599,0.0008621720938283191
18600,0.0096400154742114
18601,0.005250072190603456
18602,0.01032045309278813
18603,0.015064814030331228
18604,0.01852081758589486
18605,0.018195082358665127
18606,0.013779536365181661
18607,0.017938967961634612
18608,0.022877502661203183
18609,0.03059860202636997
18610,0.023690806220708353
18611,0.009003434732797471
18612,0.0012040285391519698
18613,-0.00011268019441082457
18614,-0.0085529003409109
18615,-0.008156405236152336
18616,-0.006044581581580454
18617,-0.00439577480256114
18618,-0.01429985555202341
18619,-0.0197433878070731
18620,-0.016631078180749458
18621,-0.001587999243043508
18622,0.0026568576435482922
18623,0.0013055680306124002
18624,0.011098937555233996
18625,0.00701987405577215
18626,0.013766466193577933
18627,0.014669792482798299
18628,0.020159343110699602
18629,0.015027415198843642
18630,0.015851382411924617
18631,0.01699607829840789
18632,0.01596325704810396
18633,0.01910974759137754
18634,0.011913460324217754
18635,-0.0003951898178819098
18636,-0.00510840162919249
18637,-0.007569452657529914
18638,-0.009516181384821534
18639,-0.0008488407906533167
18640,-0.0010411266939520194
18641,-0.010411446004714556
18642,-0.012255699614274078
18643,-0.013879432181249594
18644,-0.002472186875856688
18645,0.008767363935066183
18646,0.007572645928045238
18647,0.01689551252941423
18648,0.01925049679323755
18649,0.01714440686303307
18650,0.02000969881614171
18651,0.02312385346562325
18652,0.02441169600988442
18653,0.029912645099528602
18654,0.014380666038961926
18655,0.014244590671283855
18656,0.019930369034288825
18657,0.01352508187772186
18658,0.009216314469313586
18659,0.0029885208845632167
18660,0.00259416959175536
18661,0.008189796641057822
18662,0.011229227669170913
18663,0.007569458297635786
18664,0.010361363247131376
18665,0.009509787331277633
18666,0.005481542359745534
18667,0.0036656045750762165
18668,0.003997375273933643
18669,0.011729850997662978
18670,0.007898469226190055
18671,0.010194845473706565
18672,0.007249418250795431
18673,0.006021425263392322
18674,0.007411351884100612
18675,0.013224372306759278
18676,0.011961646690651943
18677,0.01036759230115735
18678,0.012307058384603844
18679,0.008495601674493904
18680,-0.002608646650916575
18681,-0.009418561509513956
18682,-0.009196226249153
18683,-0.006715115870977138
18684,-0.006282722513089018
18685,-0.013501459446358813
18686,-0.01412500578818198
18687,-0.005146535647343248
18688,-0.0034118643880129747
18689,-0.005469227552038154
18690,0.00881061964826811
18691,0.012800907471119826
18692,0.004682900901368154
18693,0.0049589187871715585
18694,0.00542551373190906
18695,0.00911526102562309
18696,0.01013060287508324
18697,0.0016919174941409747
18698,-0.0047245027632786376
18699,-0.0004345882389127296
18700,-0.005058449020566047
18701,-0.01778927481992807
18702,-0.010680950513050732
18703,-0.012138172008914738
18704,-0.011488086521960348
18705,-0.011448477748347766
18706,-0.013253998153824281
18707,-0.005432367056570287
18708,-0.004473436330543563
18709,-0.006568345302748425
18710,-0.004035630590180789
18711,0.01128399782377355
18712,0.01284437034610131
18713,0.005486906179464604
18714,-0.0021713647721378934
18715,-0.0024282701941143593
18716,-0.0002795215148567623
18717,-0.0050201976940301716
18718,-0.00033319085508575185
18719,-0.000663820906139536
18720,-0.004748063384646705
18721,-0.008901633663721783
18722,-0.005522222210418541
18723,-0.0005265421594372874
18724,0.004755397943103798
18725,0.00692712484335205
18726,0.010944827272216039
18727,0.00904296268446088
18728,0.007686775258636179
18729,0.010805611222444904
18730,0.01013020221563679
18731,0.008042989679214154
18732,0.0032335088511562357
18733,0.004267211643808011
18734,0.0005664293363371608
18735,-0.0006302760635809265
18736,-0.00667721563419506
18737,-0.005725149427088106
18738,-0.003523065037429119
18739,-0.005934802032281776
18740,0.003064695382750208
18741,0.011300505773096091
18742,0.011734400384172344
18743,0.013774843743512562
18744,0.019553981132559115
18745,0.01786979537642944
18746,0.008566044337860344
18747,0.01092322548156412
18748,0.00964774583612819
18749,0.006947766633541529
18750,0.00475179824923166
18751,0.0014289560882241772
18752,0.00918087030146065
18753,0.008102303992607082
18754,0.0055218694368468655
18755,0.007238202029358406
18756,0.014213218372415938
18757,0.012046057945769743
18758,0.013439526084029051
18759,0.015681547851696637
18760,0.01180436895579638
18761,0.008610389344143743
18762,0.0026352954917624005
18763,0.0016703551288547885
18764,0.0009996942050556168
18765,0.0001810332315628091
18766,0.0024203214180586684
18767,-0.0062696332524699
18768,-0.004135806031191026
18769,-0.00314430904244318
18770,0.004537883525922449
18771,0.007302214534278593
18772,0.00589796842264833
18773,0.004446592531658883
18774,0.002047872866387066
18775,-0.0011328132517304963
18776,0.0029830489782881817
18777,0.00809356449575574
18778,0.004441923636394966
18779,0.00224810069529671
18780,-0.0028856894706117456
18781,-0.003302299735505549
18782,0.0017611873396144884
18783,0.008904806856310498
18784,0.011211717211797123
18785,0.016161937526718673
18786,0.011223245309557896
18787,0.012686129760479895
18788,0.01348330315071228
18789,0.020119598534504148
18790,0.017581810459152095
18791,0.03039798085665651
18792,0.01987548597165686
18793,0.011397647198871557
18794,0.010064054018726499
18795,0.004776051334673343
18796,0.006562939803132229
18797,0.003933744863565135
18798,0.004780612328621005
18799,-0.00039695578790112433
18800,0.00011966031778107697
18801,-0.012138530589913266
18802,-0.008778548309721496
18803,-0.004242756924475607
18804,-0.00184478625420673
18805,0.0009031898769295206
18806,-0.0022109193633530265
18807,0.004405695935459428
18808,0.003512323883011256
18809,0.002289782547222352
18810,0.007175188531739534
18811,0.0032565374268483244
18812,0.0012076416068908889
18813,-0.002502342363639757
18814,-0.0034108585577501517
18815,-0.0015861620229093306
18816,0.005951660536014631
18817,0.0017331353091669392
18818,0.003384074962295331
18819,0.004583107560306809
18820,-0.0017426443564285488
18821,0.0026967119177129565
18822,0.00708235303715896
18823,0.008401309702303454
18824,0.017368757348054972
18825,0.0203354349048679
18826,0.015110560589081121
18827,0.019925894803116097
18828,0.02066072032733175
18829,0.020602512339531632
18830,0.024843046801397425
18831,0.02350703961515128
18832,0.021804209198688654
18833,0.028401994025218112
18834,0.023667039562553706
18835,0.018858539322864087
18836,0.013709652817820241
18837,0.004113271916769688
18838,0.004517837824147653
18839,0.003530087576669618
18840,0.000814052204811378
18841,0.001240041835004363
18842,0.0030947494803888085
18843,-0.00462969347489036
18844,-0.007583259402689503
18845,-0.01232206083589527
18846,-0.009766026796880382
18847,-0.006418430503856171
18848,-0.0062396738748911
18849,-0.0011601826693754347
18850,-0.0011453759096523794
18851,0.0024968004642357084
18852,-0.0007958145391511986
18853,-0.0003582434590879699
18854,-0.0024684305732263494
18855,0.0035992677703129312
18856,0.00806583796284536
18857,0.009796622652637817
18858,0.012364186839807091
18859,0.008893585444202318
18860,0.01867592801961307
18861,0.013952341897145436
18862,0.015165395282613018
18863,0.01370227813614963
18864,0.018131661230630768
18865,0.01689028483613505
18866,0.018018741527344118
18867,0.02383491353175944
18868,0.019967179595034894
18869,0.030050467220864817
18870,0.02099136932337726
18871,0.021872456298524197
18872,0.007723511016211862
18873,0.0088333097322662
18874,-0.011987268640261275
18875,-0.005446399741292357
18876,-0.003236838253481218
18877,-0.008467968563541314
18878,-0.03320384766588564
18879,-0.04269732785862008
18880,-0.04495721948946277
18881,-0.03893555541902479
18882,-0.032306881912176434
18883,-0.02948083755239538
18884,-0.01098355953188334
18885,-0.022209979922628676
18886,-0.028979701570173332
18887,-0.02985255165730024
18888,-0.008209132426234955
18889,-0.008099166473236384
18890,0.002058761855583494
18891,-0.004967297653300619
18892,-0.0009114001678474727
18893,-0.009969019186958151
18894,-0.003177495992622377
18895,0.0022561719197995286
18896,0.0031125365931831306
18897,0.0037803830507181853
18898,0.00460719857505695
18899,0.011464812383935768
18900,0.005201646213410504
18901,0.0013374839911558453
18902,0.00925527663485012
18903,0.025450564020466256
18904,0.017806653266577894
18905,0.020853966271080538
18906,0.017576229413520696
18907,0.016841561212174637
18908,0.015159612178404246
18909,0.001773918923514636
18910,-0.0026434313367533577
18911,0.005424856756326672
18912,-0.00254989278662893
18913,-0.010142237437707197
18914,-0.013146577871781508
18915,-0.01790567131215903
18916,-0.01390666061281487
18917,-0.008353080292064125
18918,-0.002827709035908583
18919,0.004847956208811095
18920,0.003035134492520205
18921,0.0015488751485925112
18922,0.0053186365541253704
18923,0.0037605468388454194
18924,0.005401952178811355
18925,0.001231058765362705
18926,-0.003188212682389205
18927,0.0010362928031559316
18928,0.0017480276018400293
18929,-0.0007407993777680681
18930,0.0022984751476911236
18931,0.00031833480029127133
18932,0.0006240530852596892
18933,0.002441192597364649
18934,0.005200398130341897
18935,0.018166404745347225
18936,0.023557403659024985
18937,0.012110662815644872
18938,0.008449675430763567
18939,0.009745624155525314
18940,0.01034003314024554
18941,0.009824008729818754
18942,0.0023117766597183552
18943,0.0017055365078770502
18944,0.0001364232291821815
18945,-0.0057547129683816435
18946,-0.0037267535778519253
18947,-0.004852156499049417
18948,-0.002923950152237697
18949,-0.003732801507491666
18950,-0.010121078604331537
18951,-0.008193821592033955
18952,-0.0005796274969965532
18953,-0.00016396086111460578
18954,0.0024210589036515774
18955,0.005258909523103444
18956,0.0014518138972145602
18957,0.004739132604509524
18958,0.002453294694085006
18959,0.011937810147064982
18960,0.01940645158742245
18961,0.018336298752551904
18962,0.01896338271072656
18963,0.019206264824455536
18964,0.01953513871193792
18965,0.016439929540363846
18966,0.012212264055117938
18967,0.013083079955499068
18968,-0.003914735538219193
18969,-0.01148206743638834
18970,-0.009627470945542647
18971,-0.009860213190135024
18972,-0.010741214914969113
18973,-0.010501099103926527
18974,-0.011651696101871051
18975,-0.013760052822586709
18976,-0.010303365314631208
18977,-0.010493449835445786
18978,0.0018303394233300414
18979,-0.0025242845591919643
18980,-0.004842803862898257
18981,-0.0031791403021797695
18982,-0.0037409985430489896
18983,-0.006346235449168331
18984,-0.01222782104733569
18985,-0.012176799278975638
18986,-0.008980603635730965
18987,-0.012369378204374103
18988,-0.011641579394865369
18989,0.0004949231652070674
18990,-0.0005331460852213313
18991,-0.0021378767403816747
18992,0.005303088848082055
18993,0.006814550320517875
18994,0.012563778846694804
18995,0.017137574326216876
18996,0.021682003365239396
18997,0.026056387628183113
18998,0.02655069872479249
18999,0.020574490374414663
19000,0.022372369382663713
19001,0.027531445601818524
19002,0.013525778046435987
19003,0.011367754673213642
19004,0.013353736940667632
19005,0.007574383373266886
19006,0.0005359399496297402
19007,-0.0008311875239499356
19008,0.0003092998490471137
19009,-0.0029674683695176214
19010,-0.003382287173420663
19011,-0.00790176788153205
19012,-0.00016108231908453934
19013,0.0007813452023158932
19014,-0.0022231901046394515
19015,0.0007791707627557014
19016,0.0008093881305499347
19017,0.002605316697360934
19018,0.005012731725004452
19019,0.0013306893429653286
19020,0.00378580891025785
19021,0.0017561645982386881
19022,0.006989546264684354
19023,0.007916095321062305
19024,0.009533485427520775
19025,0.00808208806420026
19026,0.00911704899971025
19027,0.007086136724715612
19028,0.0022971293694611324
19029,-0.0006721783522873848
19030,-0.004168824785580181
19031,-0.002274149997629246
19032,-0.00866863676790531
19033,-0.005786081253450765
19034,-0.0031289567096124188
19035,-0.0017930869403501924
19036,-0.002518667921503046
19037,-0.0005748771522379856
19038,-0.0005297404032213763
19039,0.00586928620076958
19040,0.013114184345811367
19041,0.012813622449348737
19042,0.011635932388367246
19043,0.011224448793159494
19044,0.004988992122996961
19045,0.004196410686811318
19046,-0.002613847694891954
19047,-0.003981068782960129
19048,0.0012997395722113354
19049,-0.0063955325567517434
19050,-0.016489757568307672
19051,-0.017177511992605275
19052,-0.01806082131452587
19053,-0.018151811255046214
19054,-0.01636001908474263
19055,-0.02143439655718893
19056,-0.013063403220208172
19057,-0.012870873721444614
19058,-0.007744223522857347
19059,-0.0008082397470428743
19060,0.0034766343911881176
19061,0.007920742652320813
19062,0.00705553676162201
19063,0.00387967177041378
19064,0.01153105787576846
19065,0.0183114901617445
19066,0.016842901973736633
19067,0.016997896005325745
19068,0.00949706787749493
19069,0.010676814530405499
19070,0.010712636542063298
19071,0.0068568606594743
19072,0.009908334402427634
19073,0.017469629240517967
19074,0.008633599107825515
19075,0.006969989393390477
19076,0.0027850496125827896
19077,0.005641261718088273
19078,0.004738070079706938
19079,0.006927185994788541
19080,0.00634942470429183
19081,0.006576862634503541
19082,0.002584827717949504
19083,-0.006994949884394222
19084,-0.006774141993862247
19085,-0.0012449830768277558
19086,0.0014587818980336224
19087,-0.004635404628087925
19088,-0.004013820036195158
19089,-0.005293645203469703
19090,-0.004697967623513351
19091,0.012858065696175468
19092,0.01572572626213894
19093,0.012717449972797392
19094,0.008188907700131524
19095,0.002878064289530953
19096,0.004691026054772281
19097,0.0074452678778552
19098,0.011172731621362104
19099,0.009359436203969585
19100,0.004624051697436857
19101,-0.015197028752863825
19102,-0.01980489843139796
19103,-0.016208568174724075
19104,-0.015551361159114268
19105,-0.016402441337708726
19106,-0.01951141571671006
19107,-0.016082715031602118
19108,-0.01755657623358474
19109,-0.018244670408556724
19110,-0.021348651685339833
19111,-0.023007822440820197
19112,-0.016040513935636064
19113,-0.01856876074841974
19114,-0.015452303584467088
19115,-0.009514522616518008
19116,-0.009367402917521373
19117,-0.012669288003831098
19118,-0.008393240360130366
19119,-0.00468478018635538
19120,-0.00024227667317017358
19121,-0.001646367232155531
19122,-0.013527062390779394
19123,-0.010053585073298591
19124,-0.005001203812267937
19125,-0.014424940924380915
19126,-0.011376025339607788
19127,-0.01694258901644606
19128,-0.023598991148891905
19129,-0.018930197544072706
19130,-0.01610038458310316
19131,-0.006078415164436477
19132,0.0049393778976516926
19133,0.005763437653965701
19134,0.008938723879745605
19135,0.014903262147516838
19136,0.0016947729892931283
19137,0.0013472234694216836
19138,0.005140075188605302
19139,0.00140882427322803
19140,0.008866340204940117
19141,0.002954264830387348
19142,0.0014599138030398908
19143,-0.0039820084391583134
19144,-0.013237382297414174
19145,-0.014482703412016058
19146,0.0021705189455226716
19147,0.001804946385462343
19148,0.0007793948958041611
19149,0.001136807404277449
19150,-0.006927459985102602
19151,-0.00989901870831126
19152,-0.010123442822750782
19153,-0.0040730818815124335
19154,0.0029276685799140313
19155,0.011166394010485284
19156,0.005905032557357096
19157,0.01430054765476797
19158,0.01754496499531165
19159,0.0135548287877806
19160,0.0163907679564251
19161,0.01807415247223486
19162,0.019364210683601696
19163,0.028938681614380877
19164,0.02162830039007815
19165,0.013732372442470461
19166,0.01455808197490004
19167,0.012290208059774769
19168,0.008159385186938881
19169,0.010989875503438674
19170,0.003804141895073875
19171,0.0058888007468322215
19172,0.003994392948861343
19173,-0.011409817333756218
19174,-0.011460872533440221
19175,-0.009470714248896658
19176,-0.0047641859292776425
19177,-0.004614887382972136
19178,-0.0052156492116433
19179,-0.007576936600436866
19180,-0.0030716745776054716
19181,-0.008371249221980615
19182,-0.006562508686881735
19183,-0.0004453540163100585
19184,-0.0008844734310471629
19185,-0.008259601510154967
19186,-0.013595144584302036
19187,-0.012004204157121562
19188,-0.011149141957444453
19189,-0.011269221275174669
19190,-0.005057809761512512
19191,0.0012473117233192572
19192,-0.0019180814027615239
19193,0.002623916992435694
19194,0.0062248634283903715
19195,0.010786181741682332
19196,0.01764383464805222
19197,0.016494189455062147
19198,0.01716409286072455
19199,0.020380979514751065
19200,0.01063928349707364
19201,0.008714473607160272
19202,0.012612772501293692
19203,0.008730214975263977
19204,0.00940930310855549
19205,0.008567235503159581
19206,0.002863805578644183
19207,0.002867405272874506
19208,0.005022956792509829
19209,0.0040411701858695205
19210,0.00865988668592048
19211,0.015194275132050924
19212,0.014319556827784519
19213,0.014557803062802466
19214,0.01745080336895204
19215,0.0189255388949071
19216,0.018933294530341555
19217,0.018867353417607244
19218,0.01501080309341383
19219,0.00824643206888993
19220,0.008204577712575049
19221,0.0030454311414612936
19222,0.004047784458681835
19223,0.003150519414764601
19224,0.0026601115295983566
19225,0.002329069391963516
19226,0.0006757976855757143
19227,0.00012071963995360693
19228,0.0013513877031505624
19229,0.00835267283161059
19230,0.005112098965465948
19231,0.0061818943095488564
19232,0.013398584424509084
19233,0.013660595028427525
19234,0.010449683602745268
19235,0.007435609585045606
19236,0.00978714129423037
19237,0.00808888985285312
19238,0.010864614019299324
19239,0.009950519991277091
19240,0.011721613446169388
19241,0.0066787697032876054
19242,0.001055074270417224
19243,0.0008720018377571847
19244,-0.000859042842110117
19245,0.007294472026792587
19246,0.005341722362654568
19247,-8.255272675399766e-05
19248,-0.004227803449100711
19249,-0.00552329098608597
19250,6.956976567785572e-05
19251,0.008893043859644961
19252,0.007226737039561432
19253,0.006910518145556888
19254,0.004291907578512612
19255,0.0019256912461110864
19256,-0.002801545462318851
19257,-0.00022920212867979874
19258,0.0013011633683416026
19259,0.001120479768426326
19260,-0.00046089671748933604
19261,-0.006302828842363321
19262,-0.008271952078896241
19263,-0.0123844339726341
19264,-0.007300955680369425
19265,-0.01275744661138642
19266,-0.0013097560162912338
19267,0.002891416096766195
19268,-0.0024930326948973975
19269,-0.005532793733644846
19270,-0.009708200016666163
19271,0.0033074469738072283
19272,0.0024634431797267023
19273,-0.0006755371434127655
19274,-0.0014060569977312613
19275,0.0017898698854450206
19276,-0.004019348495503253
19277,-0.009376074448774226
19278,-0.0039053481612495475
19279,-0.0011583536948051956
19280,-0.0021819486119721704
19281,-0.01439887065860068
19282,-0.0110031012907579
19283,-0.004682716693178174
19284,-0.003665160979757391
19285,-0.004253445590697845
19286,-0.00273051550193016
19287,0.0022324592654476166
19288,0.001906209593639142
19289,0.009947419538812901
19290,0.009394674560812652
19291,0.010162028966387992
19292,0.005360991632862345
19293,0.011598730794718525
19294,0.01030791794029822
19295,0.00924364055780782
19296,0.00843384106916965
19297,0.008452748552932599
19298,0.01232463169603012
19299,0.0037311355292580853
19300,0.004905423573524164
19301,0.006416425901054982
19302,0.008725072225249314
19303,0.0038492385824630965
19304,0.006103908228809516
19305,0.007288591010675572
19306,0.006294142680744489
19307,0.012054017093220555
19308,0.01019401337192872
19309,0.011289663350232489
19310,0.011029538979018629
19311,0.010654905225751117
19312,0.011747730407069614
19313,0.006738465999709919
19314,0.00488020597343319
19315,0.0049199905792336
19316,-0.0029856066813887163
19317,-0.010646660919388087
19318,-0.011993395973142022
19319,-0.011230186462131099
19320,-0.009834464474762786
19321,-0.01080601336267158
19322,-0.010305786490430343
19323,-0.006191251320376168
19324,-0.007166966460890473
19325,-0.0013979084784344548
19326,0.0061202713062568515
19327,0.011424356681910861
19328,0.010301969507843794
19329,0.005274991974705425
19330,0.005113724937087512
19331,0.004588795440038245
19332,0.004029457909311553
19333,0.004268452728201803
19334,0.00725535053108093
19335,-0.0005991847951383174
19336,0.00025291200715896715
19337,-0.002169114560029098
19338,-0.003642776452290426
19339,-0.0005580724358165604
19340,0.003481123967064138
19341,-0.000628717508571407
19342,-0.0008857385704991217
19343,-0.0021077236330792103
19344,-0.0062603322770489935
19345,-0.002983648526480445
19346,0.0028653037325772055
19347,0.012409435283778286
19348,0.013204706901643867
19349,0.018051260441689507
19350,0.013106160498026827
19351,0.01734020240124954
19352,0.015297501726041938
19353,0.019185189366981315
19354,0.01844906433825867
19355,0.01997002795216219
19356,0.00813220217255943
19357,-0.0021585705658329337
19358,0.006432665771904954
19359,0.003520776781163451
19360,0.004368353794431127
19361,0.006390862441916576
19362,0.011557740013868669
19363,0.007823829444876768
19364,0.007960618974700871
19365,0.007413678352249918
19366,0.013639817542482443
19367,0.013877918770894344
19368,0.008667599942572246
19369,0.007243206059952325
19370,0.00468162487101921
19371,-0.0014747114052917254
19372,-0.002028878856073014
19373,0.0016188876685224217
19374,0.005778107750411513
19375,0.003283254747782991
19376,0.006813344394005991
19377,0.005647512393464855
19378,0.003943189691131843
19379,0.0035390966458056913
19380,0.0025605103652187058
19381,0.005554368724631593
19382,-0.0003520176901284049
19383,-0.004731646597273673
19384,-0.006799991202070874
19385,-0.019052873001868847
19386,-0.022990852178602604
19387,-0.022252568068877532
19388,-0.02841792144864311
19389,-0.035059445083767064
19390,-0.028416376471602
19391,-0.02820189084585021
19392,-0.030898513542912426
19393,-0.03010858377875161
19394,-0.034282452518430415
19395,-0.015548735914470589
19396,-0.015843304865472852
19397,-0.012345893801642865
19398,-0.002426839221441223
19399,0.00842952436329362
19400,0.002264428630193716
19401,0.003748575305668102
19402,0.009234277302358016
19403,0.011715217201888202
19404,0.016207700043944222
19405,0.009452327000174371
19406,0.0004883292790375016
19407,0.001562208824208345
19408,-0.00554404247886934
19409,-0.010596712241970596
19410,-0.012011643156741676
19411,-0.013996659349160145
19412,-0.010833143361086685
19413,-0.01447801942223314
19414,-0.014128276563022764
19415,-0.009764423020471664
19416,-0.0070366442400504724
19417,-0.012006311291639508
19418,-0.01390129816134978
19419,-0.012240798836497905
19420,-0.00862114409003446
19421,-0.004555801741483392
19422,-0.002620617497270486
19423,-0.00024113394640240833
19424,-0.0048006607039505576
19425,-0.012410108323393855
19426,-0.007839751023008835
19427,-0.006435068535248345
19428,0.0012785112237943517
19429,0.002449375188196388
19430,0.0017069427514223407
19431,0.0037741956670639025
19432,0.000434334733063917
19433,0.00013508627642614058
19434,0.0035534412594405303
19435,0.003230739748292804
19436,-0.005847771102003054
19437,-0.010161512003187349
19438,-0.013611658743940392
19439,-0.015752030135461427
19440,-0.014844473715362665
19441,-0.019704621136881442
19442,-0.027223230066175063
19443,-0.019349780631291173
19444,-0.016648421767501715
19445,-0.011128379997263682
19446,0.0025052670647441266
19447,0.0057072603887833835
19448,0.006308836396909538
19449,0.001355453572675296
19450,3.957711613002736e-05
19451,0.002390028532068085
19452,0.009668941678816274
19453,-0.0004167737990587433
19454,-0.0009867080977840883
19455,-0.003023539755596606
19456,-0.005694903442531017
19457,-0.004243306928113783
19458,-0.007051672653534019
19459,-0.0008595538939100184
19460,0.006472748061811201
19461,0.005041195446800339
19462,0.005328277940705735
19463,0.00657413561452213
19464,0.0075005796594982055
19465,0.0075737992580203395
19466,0.01252231621544606
19467,0.010118599710992347
19468,0.01290965364297374
19469,0.013353850098766933
19470,0.00612887019060533
19471,0.00249162772857484
19472,0.002280229598141884
19473,0.005788247252891601
19474,0.0036505404926457127
19475,0.004304971423428172
19476,-0.0005316222354939365
19477,0.0007030385107826416
19478,-0.0027279529502258378
19479,-0.004716294485851067
19480,0.003970540075851036
19481,0.004521225685282506
19482,0.002892826432301871
19483,0.0010876452774085544
19484,0.003484238529086372
19485,0.001669867304473372
19486,0.002222191378057404
19487,0.008281367933850772
19488,0.012449088592280914
19489,0.011574529136453996
19490,0.0028815321646805847
19491,0.0024260791881645445
19492,0.003374837028759844
19493,0.0005228855946077056
19494,-0.0053787683284456725
19495,-0.004835223156468466
19496,-0.010742206067548422
19497,-0.02470912121026865
19498,-0.025786500143131507
19499,-0.02795611521041941
19500,-0.02972909397603655
19501,-0.02811917875617958
19502,-0.029114331315195002
19503,-0.026958144700374824
19504,-0.023930947762899783
19505,-0.03005796714998182
19506,-0.026161476694062016
19507,-0.019280682328238402
19508,-0.018219990399952365
19509,-0.015612309336675808
19510,-0.013467985879894265
19511,-0.017145811998547138
19512,-0.015926629152936328
19513,-0.019676194097987466
19514,-0.0201591738849273
19515,-0.012549244386206958
19516,-0.011126447760030411
19517,-0.0031566335780036153
19518,-0.0003867899650062183
19519,0.0018539977390748404
19520,0.003136070477797655
19521,0.00911410533011108
19522,0.008511784055603981
19523,0.014155684183597748
19524,0.012079576885561013
19525,0.011734053417463652
19526,0.015895695967988423
19527,0.00877302469280847
19528,0.005858953556272591
19529,-0.008626881876579487
19530,-0.012823341359640946
19531,-0.018334718218942142
19532,-0.0209376543139267
19533,-0.01772071119056098
19534,-0.014588878161374403
19535,-0.017283949414707858
19536,-0.02389212019404168
19537,-0.023634275011857546
19538,-0.029896895971222436
19539,-0.012311913608678076
19540,-0.00665443627851838
19541,-0.003075660860828369
19542,0.010052246126035974
19543,0.005213210461353703
19544,0.0004799933527967968
19545,0.0008772286315530623
19546,0.0034645082338908956
19547,0.006458727432160735
19548,0.009874298713152855
19549,0.005831314412210211
19550,0.0028722123758431837
19551,0.0021140829531561683
19552,-0.007790179510799171
19553,-0.008965790006721472
19554,-0.0119804822199707
19555,-0.010180055538829691
19556,-0.008492329269415982
19557,-0.011880596572743372
19558,-0.008024247672656429
19559,-0.011859482316291432
19560,-0.010362202907221105
19561,-0.009179885284908195
19562,-0.0027789993568416546
19563,-0.0007765698905451071
19564,0.0074037901301310365
19565,0.013402673781141326
19566,0.010432618778613878
19567,0.009677569266840408
19568,0.00803178893313719
19569,0.00772380572062354
19570,0.00604191583804151
19571,0.01197044189507015
19572,0.0020940374280275353
19573,0.0008032697452874314
19574,0.00037224922967510544
19575,-0.008971869515068764
19576,-0.004441977228564037
19577,-0.0013075709197613472
19578,0.0007564219780546677
19579,0.005352553232985463
19580,0.009252804281414773
19581,0.005751084572547438
19582,0.0094621783412867
19583,0.012261636883202415
19584,0.007667615520020356
19585,0.011167116469560345
19586,0.0070084861520953255
19587,0.006891327784821659
19588,0.00562029169835611
19589,0.001161239271387132
19590,0.0017193495205684466
19591,-0.0007831296417642781
19592,0.00010966303450891926
19593,-0.0066148008837724655
19594,-0.0027911498133033463
19595,-0.0035278942070168873
19596,-0.003949752034167952
19597,-0.006376351661786372
19598,-0.01794977014803615
19599,-0.010192686778708056
19600,-0.012575933471540762
19601,-0.014163240096165389
19602,-0.01745270378246809
19603,-0.014203055962426141
19604,-0.013469356799489353
19605,-0.01089453594838456
19606,-0.009091172355311632
19607,-0.01573025025645793
19608,-0.009415203829173303
19609,-0.01367874122961789
19610,-0.020112178349274555
19611,-0.0202345172183723
19612,-0.017492722312885775
19613,-0.016184631664599103
19614,-0.02086289247825036
19615,-0.02248639333295182
19616,-0.029052670282378772
19617,-0.030362207688421173
19618,-0.02618579922215499
19619,-0.03497438998921397
19620,-0.03242105830547762
19621,-0.028565365198481203
19622,-0.035970990331723456
19623,-0.03079358628437783
19624,-0.028357133284843402
19625,-0.022237726160287807
19626,-0.01788486245164178
19627,-0.008906404769251149
19628,-0.007251815873796915
19629,-0.0019259755704237797
19630,0.002032296539761544
19631,-0.004951373993170385
19632,-0.002265071482897989
19633,-0.007895632206255429
19634,-0.01048164448795056
19635,-0.01146247405261823
19636,-0.01053614279678364
19637,-0.002145738450847458
19638,-0.0050621891360187925
19639,-0.004168617971888633
19640,-0.00546117634656345
19641,-0.001286699736413698
19642,0.004219250638845105
19643,0.009187779040984835
19644,0.01492236375519325
19645,0.009167282068427061
19646,0.0035047935113006446
19647,-0.008280759684523993
19648,-0.0028941088304740856
19649,0.0017369019300198922
19650,-0.007298173004512205
19651,-0.007561512999294542
19652,-0.012192723230482346
19653,-0.012974188863904324
19654,-0.015013799014019133
19655,-0.009108905597256677
19656,-0.0062427502290512684
19657,-0.006803909039554788
19658,-0.012197442292407703
19659,-0.016638400052629863
19660,-0.007700321240721175
19661,-0.012025523125146957
19662,-0.00693006593745676
19663,-0.01852390960172602
19664,-0.02118697622934353
19665,-0.02887717480115102
19666,-0.025097870359038973
19667,-0.03655430731565673
19668,-0.03751637714917152
19669,-0.03460973101479652
19670,-0.035700098613732884
19671,-0.027786450286964366
19672,-0.021912040050896767
19673,-0.0028472131929094526
19674,-9.650462950378086e-05
19675,0.0029647614204598824
19676,0.00644940815754145
19677,0.02726464566025582
19678,0.029247689272336303
19679,0.03804423150912924
19680,0.043936298377202004
19681,0.042230991873384825
19682,0.03725972074857995
19683,0.036556865495716205
19684,0.037845428161681294
19685,0.03307159787352837
19686,0.03272706612213099
19687,0.027533984115713128
19688,0.023390523034231957
19689,0.01734106207229146
19690,0.011738781401426313
19691,0.007819107340935046
19692,0.0011331215099950334
19693,-0.009589225264503053
19694,-0.006671767831176441
19695,-0.005431209542273206
19696,-0.00850545888766221
19697,-0.009570887067409594
19698,-0.011153095264848794
19699,-0.01553277774132159
19700,-0.012939298678026918
19701,-0.008906251111897672
19702,-0.0038374555348965264
19703,-0.014107665981062957
19704,-0.026352598656103936
19705,-0.025480089145819756
19706,-0.02804382589285248
19707,-0.026349727602665417
19708,-0.015355023035195807
19709,-0.01103937690604158
19710,-0.025072884279016053
19711,-0.02747342900231017
19712,-0.036172945603504425
19713,-0.021294818129407707
19714,-0.01323336309111085
19715,-0.013429937828530712
19716,-0.004139213049313523
19717,0.0006853652116442377
19718,-0.005157528537621778
19719,-0.01564339191786839
19720,-0.004259245047108494
19721,0.024188657308031596
19722,0.0328813201478774
19723,0.026975767140774962
19724,0.017321434551300603
19725,0.015420294572381832
19726,0.009314677045061844
19727,0.010602176247607084
19728,0.014567183155412439
19729,0.02271588153418128
19730,0.024481794653211392
19731,-0.002685322780710741
19732,-0.003003386047584018
19733,0.002279389734521608
19734,0.004642392005566804
19735,0.007304726291383402
19736,0.0025996836132032336
19737,-0.0038682958224231256
19738,-0.006667709179594052
19739,-0.00370425418810763
19740,-0.004144457363894874
19741,-0.003778622766289112
19742,0.0016808603007027495
19743,0.0005371133037317322
19744,0.006510835950728937
19745,0.005506076008360945
19746,0.01873058563765425
19747,0.01795586106993605
19748,0.01712203123462626
19749,0.014230483786989703
19750,0.013863479395391317
19751,0.009671699128251787
19752,0.007697339345062098
19753,-0.0025967842693243428
19754,-0.003762279439703177
19755,0.004679368624707702
19756,-0.004119511102978719
19757,-0.0038752163898686247
19758,-0.012293867616245312
19759,-0.013176634967616256
19760,-0.020000551549163696
19761,-0.005076696035652597
19762,-0.007734001472713805
19763,-0.007516962288642155
19764,-0.0028669165755131946
19765,-0.00993798503648559
19766,-0.011813515093082406
19767,-0.014167162626389921
19768,-0.005444088016647069
19769,-0.00878695068801311
19770,-0.0049134551121958634
19771,-0.01950410481797822
19772,-0.025557560964399064
19773,-0.02066143269170238
19774,-0.020704156195506522
19775,-0.011867498500506229
19776,-0.013942401221816673
19777,-0.011049301990336477
19778,-0.008554687352455409
19779,-0.0068901835341140865
19780,-0.006221430162135053
19781,-0.0017826265121905858
19782,0.002884987452224246
19783,0.003508668807099269
19784,-0.010192427322726879
19785,-0.013601501620573235
19786,-0.01057736729377181
19787,-0.020854023743157257
19788,-0.02618484063613829
19789,-0.022620349393014775
19790,-0.025088850588456498
19791,-0.028452155926844615
19792,-0.028796141518842237
19793,-0.033929378391124504
19794,-0.02056095795586433
19795,-0.025854130595410106
19796,-0.020408427805303865
19797,-0.007614013104727316
19798,-0.004379118609815048
19799,-0.016125146793352037
19800,-0.009194681617204185
19801,-0.006340263231480656
19802,-0.010878807638985065
19803,0.003420020507090051
19804,0.0028179486352471156
19805,0.0010024608687900906
19806,-0.0047389295233450784
19807,0.0015944463860385703
19808,0.006442218606568978
19809,0.025487920786461005
19810,0.021284165520156103
19811,0.024496603253945707
19812,0.02765355797460777
19813,0.018918664032062493
19814,0.013342282545706767
19815,0.021889553039755358
19816,0.020577789407429915
19817,0.012095979731197366
19818,0.008907496564279157
19819,0.0008358034863048814
19820,0.0032251479440929148
19821,-0.0025788045588357724
19822,-0.0008570195552251466
19823,-0.00022224784014995353
19824,0.0002572571432707846
19825,-0.009666967050303659
19826,-0.012267141346117616
19827,-0.010595912055923765
19828,-0.013024224410601297
19829,-0.021095467126946845
19830,-0.021300819121912763
19831,-0.019399628580824602
19832,-0.015438752324587314
19833,-0.01819428114004673
19834,-0.011131025164912647
19835,0.0005850260160566595
19836,0.0032964680058514884
19837,0.0009980576220143084
19838,0.004949480182755272
19839,0.019737975383444167
19840,0.021125153178052615
19841,0.022325109101090593
19842,0.020499785577699953
19843,0.025970733519642422
19844,0.02531925979073211
19845,0.020809890596528418
19846,0.023283354655803903
19847,0.017061064625643083
19848,0.012725901117254126
19849,0.005970219518206342
19850,0.008950473071536081
19851,0.013219949729092606
19852,0.02525463508420873
19853,0.02312188354141146
19854,0.019708056449447738
19855,0.016235173830283837
19856,0.021779405887983615
19857,0.030146322018405343
19858,0.031781368051213905
19859,0.038166913456268395
19860,0.03064295673179072
19861,0.023400332221382773
19862,0.013389010085221385
19863,0.01000817339539627
19864,0.011512188608099633
19865,0.014413617613192542
19866,0.010029206710641694
19867,0.007561680334267111
19868,0.0007632997378323102
19869,0.0023299682655512225
19870,0.00824338222892168
19871,0.007292336583403951
19872,-0.0020714468578275002
19873,0.0004537498671903372
19874,-0.00416190688102652
19875,-0.00932086306272695
19876,-0.010035297018571225
19877,-0.003435819932523221
19878,-0.0018401693648710058
19879,-0.01290315583017624
19880,-0.021627861568176327
19881,-0.017435390230466245
19882,-0.011670486395343585
19883,-0.0020159288723654236
19884,0.0038428078315451164
19885,0.0064953847736096346
19886,0.0034474981559924605
19887,-0.00406294036006465
19888,-0.00612019809545785
19889,-0.0021335681750206054
19890,0.009449520525427649
19891,0.007881002410941543
19892,0.014151428579121834
19893,0.0073468403679101
19894,0.005920797419961492
19895,0.005184966391518882
19896,0.007294432006663324
19897,0.010567991163674599
19898,0.018780973441818286
19899,0.02365210655896418
19900,0.01915387083613972
19901,0.01630323988785789
19902,0.009861973786011374
19903,0.005811148912510985
19904,-0.004439737850604671
19905,-0.00646730016029276
19906,-0.008932173080771143
19907,-0.010333363261382863
19908,-0.009883829928724287
19909,-0.014485970028955146
19910,-0.013813088144814602
19911,-0.007713921864927787
19912,-0.0066125415074944315
19913,-0.0018941831782529853
19914,0.017577073502602913
19915,0.017848221506061128
19916,0.02242112105872368
19917,0.023979588705586807
19918,0.022639843215916645
19919,0.021754965124327872
19920,0.018692428476606994
19921,0.015692435679029688
19922,0.014675076269479668
19923,0.009391838130831186
19924,0.0034343647052337894
19925,0.0037753729038067932
19926,0.0038059334424001123
19927,0.00018501156191973113
19928,0.0024083427409221773
19929,0.0042437093464264995
19930,0.005283290247479848
19931,0.0026971614592843775
19932,-0.004124860094104482
19933,0.0030127383625762946
19934,0.0007251403153019069
19935,0.004141932515865428
19936,0.002658996570992659
19937,0.0077810326841931355
19938,0.0014610702963421013
19939,-0.0002895540271231135
19940,0.005314705862503409
19941,0.010499739854318386
19942,0.017911672904204406
19943,0.012820185540510311
19944,0.01145151676071926
19945,0.010075515722832641
19946,0.006035523813651587
19947,0.007119638361666245
19948,0.010443707769185734
19949,0.00553504242182962
19950,-0.009339288761947109
19951,-0.010450110069584186
19952,-0.006969689172498968
19953,-0.010403115919552636
19954,-0.011384116103321653
19955,-0.013369098083421523
19956,-0.011261324013047587
19957,-0.01729208047613346
19958,-0.015538689990233947
19959,-0.015886015278697742
19960,-0.00508102799660758
19961,-0.0037686968181490296
19962,-0.009061716424659054
19963,-0.005578118742224327
19964,-0.010537370234381562
19965,-0.013296156183641649
19966,-0.012974922663950237
19967,-0.0019572405755065533
19968,-0.007512665627181619
19969,0.0015151336331079238
19970,-0.006782756625251198
19971,-0.013061453018750528
19972,-0.012236618021248636
19973,-0.024585690950669693
19974,-0.019267979810039332
19975,-0.010973282568761253
19976,-0.012616260135092297
19977,-0.02057549407776698
19978,-0.015421268106983518
19979,-0.015282919949028915
19980,-0.009197045445853586
19981,-0.005837375342890486
19982,0.0014874744013571098
19983,0.015785952388671528
19984,0.021492932397922354
19985,0.023471388753655602
19986,0.023157178923583155
19987,0.021775193467014484
19988,0.01773855092467689
19989,0.017189402284190313
19990,0.018527564410571868
19991,0.01674808354931828
19992,0.003334775689020004
19993,0.0010007662693760837
19994,-0.0012689102806408199
19995,-0.004910437164330161
19996,-0.0017819453610022293
19997,-0.0038867827418686894
19998,-0.0075614366729679265
19999,-0.010090409757696778
20000,-0.00019993910351484388
20001,-0.004292260058029391
20002,0.005893915320148998
20003,0.0002429583579388028
20004,0.0003666484963206316
20005,-0.002263198055396122
20006,0.006687277317938073
20007,0.008471550324952315
20008,0.01543890243016342
20009,0.01823351620199434
20010,0.008907826632509025
20011,0.011120911419959573
20012,0.0025569968290935522
20013,0.00415800470571372
20014,0.0020193745403795167
20015,0.004415769885879112
20016,-0.006425687961593289
20017,-0.006978670095515981
20018,-0.010636307598154317
20019,-0.00932104430141713
20020,-0.010049032562969715
20021,-0.0003803916552003655
20022,0.004854341032739994
20023,0.009329430154418322
20024,0.011196400454662856
20025,0.007331621923799795
20026,0.009227426756366432
20027,0.011314184651709186
20028,0.019507769022796842
20029,0.011708303813190792
20030,0.005722785296485501
20031,0.0024067692302890743
20032,0.002374108799281232
20033,0.0016960589568288898
20034,-0.0004221426800770842
20035,0.0009148477292840199
20036,-0.00553792763715694
20037,-0.005706570839067955
20038,-0.012781268654290821
20039,-0.00797175054248743
20040,-0.0005355808645128733
20041,-0.0035681424122418095
20042,0.0005296154089554065
20043,-9.004382565340999e-05
20044,5.732981087907188e-05
20045,0.002617726997051648
20046,0.0017889722953447064
20047,-0.0014942106182553292
20048,0.002400109958222133
20049,0.0037721663687107503
20050,0.0021822685020879613
20051,0.0005471247306368008
20052,-0.006424862676174959
20053,-0.006093168198328048
20054,-0.0034022384321688403
20055,-0.003197417838552688
20056,0.002410317524861653
20057,0.00024492530692041986
20058,-0.02023230406562089
20059,-0.02384400856489196
20060,-0.01945137286691193
20061,-0.01661818719392342
20062,-0.014242796222688744
20063,-0.008484659855091016
20064,-0.01599950858838103
20065,-0.02277388896664496
20066,-0.024924649040440502
20067,-0.021436680774703842
20068,-0.002910751154722136
20069,0.004075819996198069
20070,-0.0003961299560627877
20071,-0.002123162479891871
20072,-0.0038123025894755665
20073,-0.0033652344603800842
20074,0.00021901731585814303
20075,-0.00023489566407582096
20076,0.005685074399591076
20077,0.006011641803785948
20078,0.011062190130058687
20079,0.0022697364321599234
20080,0.002213110126151826
20081,0.003345618814822368
20082,0.0045742569522488966
20083,-0.000905781065740823
20084,0.003211021669239334
20085,0.011514186486658197
20086,0.009714046453364015
20087,0.01153431562981052
20088,0.0062314660664724575
20089,0.00881816904735899
20090,0.010647290516357582
20091,0.005175634259056031
20092,0.006253724107781183
20093,0.006260527548357636
20094,0.005884813811439765
20095,0.0031951139980413777
20096,0.0060460584541608174
20097,0.0025921514017750572
20098,0.0031272564940473093
20099,0.004427713331523859
20100,0.0013077303955590812
20101,0.005805395770200548
20102,0.011226484347341322
20103,0.014585961028936247
20104,0.012034644219049295
20105,0.008650930035875075
20106,-0.0021400274408007185
20107,-0.0008495272559929184
20108,-0.005284047974522434
20109,-0.008601254419226028
20110,-0.0061205591772973515
20111,-0.006201216763601286
20112,-0.017596772110066175
20113,-0.02082599370000414
20114,-0.017419613288210307
20115,-0.012367956374967517
20116,-0.004959982671452955
20117,-0.004488344201122699
20118,0.007892341366567145
20119,0.010132479369639933
20120,0.00808240874977618
20121,0.009429983516866625
20122,0.015527953597102889
20123,0.012431463587240428
20124,0.008907438695638304
20125,0.006307825347566668
20126,0.007130549364108073
20127,0.00025656663371961493
20128,-0.003481688924265027
20129,-0.004671152627832925
20130,-0.0004382489034647987
20131,-0.0011767934762636526
20132,0.005692653504429817
20133,0.00872269177653537
20134,0.00820710566762825
20135,0.00864851560944591
20136,0.007096771498889554
20137,0.012510722575436423
20138,0.014331865304229504
20139,0.01597510368009665
20140,0.011664358761696372
20141,0.010223679355521239
20142,0.0006382912032645064
20143,0.000567314009081183
20144,0.009764781444713084
20145,0.009902439163385223
20146,0.005246320447533888
20147,0.0048182294830065725
20148,0.010113892559855406
20149,0.010697540594347327
20150,0.011325043796480918
20151,0.01731664910608962
20152,0.019889089982295032
20153,0.014511897259951268
20154,0.004002949676910736
20155,0.006472172326557856
20156,0.009352578089424423
20157,0.009398063609355509
20158,-0.0018500841771697462
20159,0.002448067526564033
20160,0.014378293388811417
20161,0.010141935811496992
20162,0.018712315317451184
20163,0.026200077682033494
20164,0.024680185955603708
20165,0.022663792672844848
20166,0.02410886016513675
20167,0.025817092566930336
20168,0.031301164824242576
20169,0.02659579340796255
20170,0.0144008054875346
20171,0.011484680933745547
20172,0.0075782700444545536
20173,0.0007176954961747693
20174,0.0031350151513261358
20175,0.0065362441453777455
20176,0.007343297015136128
20177,0.009599879056641862
20178,0.008410359228095021
20179,0.0071082100234758265
20180,0.011274197506686933
20181,0.01526801594320929
20182,0.010233371111975514
20183,0.015408949601027825
20184,0.011240838164947836
20185,0.007107799689236542
20186,0.0013399322084935651
20187,0.002798390598000582
20188,-0.0014126740559124594
20189,0.010702860380415945
20190,0.0013766494176939616
20191,0.0010576501319798331
20192,0.0006665667918039839
20193,0.0029443745461743796
20194,0.008364205331652292
20195,0.0033725904931740753
20196,0.010044575788113469
20197,0.005428635776511004
20198,0.003442920144310941
20199,-0.009801505511246417
20200,-0.004633439785600569
20201,-0.009226872851511147
20202,-0.005550860051836793
20203,-0.007256727949932159
20204,-0.006405692561867388
20205,-0.0011093927936510408
20206,-0.0015390672361329841
20207,-0.002150563986937226
20208,-0.0029367742632587135
20209,0.002920618494332079
20210,0.0013993553619903738
20211,0.004693418675995927
20212,0.001780748726244392
20213,-0.002144829316960623
20214,-0.004497089627688296
20215,-0.004952925986464444
20216,-0.004047811602042779
20217,-0.004901327504267449
20218,-0.00911483090964077
20219,-0.015517621031951322
20220,-0.014682522530310526
20221,-0.014624147184711557
20222,-0.021332227346985682
20223,-0.02827919460309885
20224,-0.027997507366727122
20225,-0.020064380935572078
20226,-0.02581091365527843
20227,-0.02276931005426505
20228,-0.006360876001817437
20229,-0.012137424639246004
20230,-0.011125697677229936
20231,-0.003938139452215279
20232,0.005966363150512731
20233,0.016452045561070827
20234,0.019281416624927817
20235,0.004418429971972604
20236,0.00970058645304586
20237,0.009053019415852445
20238,-0.005711431142258795
20239,0.0016426612877808624
20240,-0.001975084097346689
20241,-0.004734040569696626
20242,-0.008172770783049134
20243,-0.00952675471848696
20244,-0.015190068682737043
20245,-0.013195226898147377
20246,-0.011120261323387788
20247,-0.0074872609185154355
20248,-0.002021503158048301
20249,0.0012701880865118099
20250,0.004286049818289268
20251,-0.0007573881174051452
20252,-0.0024702491272523743
20253,-0.0004957749599653665
20254,0.0018945705231708453
20255,0.0008712598701967434
20256,-0.0046063609191864035
20257,-0.00859032908957343
20258,-0.012691562067496415
20259,-0.01314633684006238
20260,-0.012506032222314764
20261,-0.007763576192437871
20262,-0.0069370022782167945
20263,-0.005132770605334403
20264,-0.007463085515320054
20265,-0.00044070244622828784
20266,0.0028468431446644297
20267,0.0020889242752231475
20268,0.0017179103387664203
20269,-0.0005900044683412171
20270,-0.005616998953354178
20271,-0.011062242040374707
20272,-0.009783249415741647
20273,-0.008527008905058555
20274,-0.008521728349393382
20275,-0.009919923205831764
20276,-0.006424806034859838
20277,-0.007910297500496218
20278,-0.0035313783897179163
20279,-0.005943802289936564
20280,-0.0062930674843327174
20281,-0.0037724294137680687
20282,-0.004477465772318543
20283,-0.001296372582996838
20284,0.0031697516011473348
20285,0.0007760971307722374
20286,-0.003346107632831191
20287,-0.00044060528214607197
20288,-0.009441940418391219
20289,-0.00967136439165496
20290,-0.004943817329003658
20291,-0.004274276547031153
20292,-0.0037322513332503954
20293,-0.01086673835464584
20294,-0.009947676610596881
20295,-0.007856338028890245
20296,-0.00740812250827296
20297,-0.007298277912566054
20298,-0.004771522401519159
20299,0.00313098452529285
20300,0.008822804975994681
20301,0.008606706773215232
20302,0.008607573734337634
20303,0.011652362440152709
20304,0.006098907619829028
20305,0.006538492802316315
20306,0.006991047774868645
20307,0.007771993335786438
20308,0.015728337630310566
20309,0.00910499786274924
20310,0.003401212092582402
20311,0.0011821636825065356
20312,-0.002133272646288344
20313,-0.01013073716050066
20314,-0.00674867722900344
20315,-0.01164222519787631
20316,-0.008409972787421708
20317,-0.0058111641595663096
20318,-0.008578901909752128
20319,-0.0024878434341754022
20320,-0.0015223893581145446
20321,-0.004005701070653333
20322,-0.0021416856419483616
20323,0.003356482676718064
20324,0.004409203405295065
20325,0.006786538048502622
20326,0.002788259443510726
20327,0.002918318982379402
20328,-7.62708698100769e-05
20329,-0.004604732075727247
20330,-0.005864113694719636
20331,-0.010290500418092522
20332,-0.009730722516506295
20333,-0.01181272853727643
20334,-0.00731761234236604
20335,-0.006105694104673792
20336,-0.006544960241485612
20337,-0.011172258227594743
20338,-0.007003282216786111
20339,-0.010913698979861292
20340,-0.010350055780441647
20341,-0.0035610637635854116
20342,-0.001396225512772474
20343,0.0016445809547317905
20344,-0.001254572911789878
20345,0.0007605771157536004
20346,0.0077776832618238895
20347,0.0088950677854772
20348,0.013846877277190873
20349,0.017691476424604807
20350,0.018074707052743135
20351,0.02435578071195866
20352,0.023567050063714488
20353,0.022239217553878483
20354,0.018356884719759516
20355,0.012703174770517363
20356,0.005189282054528615
20357,0.004858092559447703
20358,0.0019274135543502979
20359,0.001511022865737786
20360,0.002540973582777931
20361,-0.003390852636842131
20362,-0.0018292813167163765
20363,-0.00029905720689733377
20364,-0.01650631519184889
20365,-0.011625057678947994
20366,-0.006174509908836603
20367,-0.005304857132617577
20368,-0.0068162541641971115
20369,-0.006028072741657625
20370,-0.0070707663569527625
20371,-0.007600099983174506
20372,-0.006193609065652333
20373,-0.00962000741761632
20374,0.007417041073819399
20375,0.0010952032324022737
20376,-0.0020448533349681636
20377,-0.0037547961150856965
20378,-0.004135929287673104
20379,-0.005921428464917413
20380,-0.011060760809280534
20381,-0.012508451482572628
20382,-0.01767821828495698
20383,-0.015865457224138298
20384,-0.014759556876675461
20385,-0.008791075276183303
20386,-0.009749347122343538
20387,-0.015805556395108673
20388,-0.013059076961224866
20389,-0.008522282022567863
20390,-0.0031466309764353966
20391,-0.005428222536541834
20392,-0.003699162286915213
20393,-0.002919411607806085
20394,-0.0006981883355862135
20395,-0.00041258644233644937
20396,-0.002321286970502776
20397,0.004467545529803546
20398,0.0027916768407021918
20399,-4.199688127509267e-05
20400,-8.420631119781402e-05
20401,0.004928698252597698
20402,0.009762593035227703
20403,0.008654573019426277
20404,0.006062849011831304
20405,0.017292472329382955
20406,0.019209218752816906
20407,0.01917483484859844
20408,0.016331529767192713
20409,0.017259877963936982
20410,0.016540502996484886
20411,0.015131170962916165
20412,0.014958562421715275
20413,0.015209660275201084
20414,0.02154426135776989
20415,0.011082460213324149
20416,0.009494087056433061
20417,0.011559808877416335
20418,0.01489967888512411
20419,0.013203587424627319
20420,0.011695244983566066
20421,0.018097475797961088
20422,0.0134012712027921
20423,0.010853555728126362
20424,0.006111264890891144
20425,0.0032689412531659457
20426,0.0017390050087813548
20427,-0.004894547108019963
20428,-0.0056314500939713755
20429,-0.001965776208261379
20430,0.0011633820370162715
20431,-0.003862007875852765
20432,-0.005036785455080982
20433,-0.002065978816257375
20434,-0.0020750276068780575
20435,-0.003854223185918404
20436,-0.006570788585891278
20437,-0.0019895061256717085
20438,-0.001226205219272913
20439,-0.0029084452180687384
20440,-0.00446225655670888
20441,-0.0058045836587994025
20442,-0.003399863082895617
20443,-0.008434329049567516
20444,-0.00789295168469475
20445,-0.005348615624059384
20446,5.078069578231085e-05
20447,0.0019156320526637666
20448,-0.005583930671416868
20449,-0.007890383086949582
20450,-0.010283604150170707
20451,-0.008687292119779724
20452,-0.015279095654951648
20453,-0.011272685733795307
20454,-0.007869320383597115
20455,-0.006972242955477692
20456,-0.011504943466604252
20457,-0.013232988477493162
20458,-0.007550584458072826
20459,-0.008538905997691323
20460,-0.006950785529228283
20461,-0.015254741961895812
20462,-0.008327304949610788
20463,-0.01189255244798628
20464,-0.017793539438084507
20465,-0.02056275443260725
20466,-0.012234884379477841
20467,-0.011806099624533163
20468,-0.00544348936780971
20469,-0.005901422660697691
20470,-0.003825285809486209
20471,0.00739254447697154
20472,0.0055233222856470405
20473,0.01042646491047264
20474,0.01678371550800355
20475,0.019914301051402118
20476,0.0158833364780483
20477,0.01050283299069245
20478,0.009121878986636639
20479,0.013539614608925814
20480,0.011109973802647968
20481,0.007257236842616315
20482,0.007935661030540374
20483,0.003304836047409894
20484,-0.0008254236664506406
20485,-0.0009965568113269592
20486,-0.0016975775498906595
20487,-0.0009267598613969442
20488,-0.009620976480885687
20489,-0.013419048679754
20490,-0.007696539242329586
20491,-0.006606914673433673
20492,-0.006432373608047187
20493,-0.0032077696557169986
20494,-0.0049700240595516336
20495,-0.005854753597968457
20496,-0.007166739033242645
20497,-0.0001746563991129478
20498,0.0021202694539396547
20499,0.00825208487070951
20500,0.003814809425243593
20501,0.0071793634775667945
20502,0.008009501018095553
20503,0.00980596703525977
20504,0.010005225180972643
20505,0.009970539586103756
20506,0.012598065920854735
20507,0.007253518064955527
20508,0.011435182233639155
20509,0.0061596281726882945
20510,0.0010408103411408234
20511,-0.0033414262850987642
20512,-0.005945603106810407
20513,-0.004118388942435813
20514,-0.0019394558710370644
20515,-0.0005944705519087713
20516,-8.714748840930479e-05
20517,0.004590856723544609
20518,0.0012391287971379571
20519,0.010602592149297327
20520,0.017004644892241832
20521,0.018233835226401082
20522,0.02187733669494763
20523,0.014772042232457584
20524,0.013060862546314946
20525,0.013258830623949582
20526,0.009365582765030933
20527,0.006638700423943792
20528,0.006524501878145463
20529,0.0015167064787317476
20530,0.00044567593000329245
20531,-0.0019743399115965754
20532,-0.009179637032660759
20533,-0.003097127281277761
20534,-0.004674672353517438
20535,-0.00356504387989832
20536,-0.0011885327918229683
20537,-0.005595403755523854
20538,-0.004683360822440894
20539,-0.008649462318738888
20540,-0.009803541684552886
20541,-0.011476717111888204
20542,-0.010980573302477415
20543,-0.01861835913258333
20544,-0.02075290152842804
20545,-0.0221512440329776
20546,-0.021961643021977357
20547,-0.01713667694971185
20548,-0.017760450287675523
20549,-0.01728477718123203
20550,-0.013033960524959516
20551,-0.006551104337450234
20552,-0.002721106320328173
20553,0.0029292347899132934
20554,0.005306043278301072
20555,0.005003655727900455
20556,0.00366559956990296
20557,0.003521354679130611
20558,-0.005503849417717545
20559,-0.004179809290025319
20560,-0.009299018218135629
20561,-0.01311006809515694
20562,-0.013422966233880344
20563,-0.013778999337689777
20564,-0.017333441271839774
20565,-0.01670262382979738
20566,-0.015721089115527484
20567,-0.013795341938227968
20568,-0.0066760565737543544
20569,-0.010909619809711621
20570,-0.01610586191328418
20571,-0.01651967646010899
20572,-0.014557343379143703
20573,-0.013912796853034703
20574,-0.008804065714915092
20575,-0.009371773948562045
20576,-0.0075395133658598444
20577,-0.01093586572057621
20578,-0.006442126823283747
20579,-0.004673717592139129
20580,0.0024246001204324113
20581,0.002516526182359967
20582,0.00918515785253767
20583,0.010452165129322871
20584,0.00990697917726048
20585,0.009758064880126358
20586,0.004716373268846869
20587,0.00814028095282599
20588,0.006665668600530198
20589,0.007595606876681987
20590,0.006153454455764526
20591,-0.0027682928772084295
20592,-0.01268860162221699
20593,-0.01674515024123823
20594,-0.01886181255981739
20595,-0.01713515230428466
20596,-0.013811133306255873
20597,-0.012946363185185661
20598,-0.01526537322712277
20599,-0.015174888317349831
20600,-0.019142187698928174
20601,-0.012950657038165532
20602,-0.009812446388002131
20603,-0.007681198041079195
20604,-0.005275084791547789
20605,-0.0069962397084221304
20606,-0.004341164931886569
20607,-0.0054318440086918215
20608,-0.003970462368816305
20609,-0.004436437217744201
20610,0.00034908600737514143
20611,0.0027309359147205097
20612,-5.335175675475421e-05
20613,0.0010488400880162532
20614,0.0005679154700388812
20615,0.003756611247850121
20616,0.0013540961408260016
20617,-0.0007084157917686574
20618,-0.0025424875049379543
20619,-0.004998297743462955
20620,-0.0010519967387026988
20621,-0.006353573770915153
20622,0.003937192469994739
20623,0.003682446618395164
20624,0.002272795810796617
20625,-0.005229749315583264
20626,-0.00513125264890153
20627,-0.003141527154378997
20628,0.001368113090891686
20629,0.0019023965339145174
20630,-0.00021944161253006325
20631,0.0072418684989956445
20632,-0.0008868296404017555
20633,-0.0015822152140082216
20634,-0.0023635485896213483
20635,0.00163450759042337
20636,0.0050829843053417055
20637,0.0072478251945027805
20638,0.007973383365355758
20639,0.010411263211364034
20640,0.013430837722008069
20641,0.012882454590342051
20642,0.010957393050100059
20643,0.00997386121582296
20644,0.0119997705712372
20645,0.013989973529060833
20646,0.014033410248343498
20647,0.011480822594827998
20648,0.007469161487264289
20649,0.003490283236991152
20650,-0.0013947704733328404
20651,-0.0012902243084947232
20652,0.0009590461516711754
20653,0.002535106541804454
20654,0.0016832826299654701
20655,-0.0007576423720795281
20656,-0.007503435379525126
20657,-0.009814863141607604
20658,-0.009389403055365895
20659,-0.005790442250704708
20660,-0.006734017472936029
20661,-0.008923136197264465
20662,-0.00974481001124854
20663,-0.009478761050436173
20664,-0.004926869969894752
20665,-0.00316925063878168
20666,0.0015048310892449334
20667,0.003925767690253732
20668,0.004237342458465172
20669,0.0059369149683409965
20670,0.004180833351618627
20671,0.00620795288229441
20672,0.0036519940793836325
20673,0.0012180248380589944
20674,-0.0037659720783616837
20675,-0.004304799313835119
20676,-0.008932328424192379
20677,-0.009919403186742013
20678,-0.011637101168976044
20679,-0.011706011621551148
20680,-0.008621576378255693
20681,-0.016754648488375278
20682,-0.014856934656359799
20683,-0.010392677079954107
20684,-0.00993433472542104
20685,-0.007878084156645575
20686,-0.006263839026592413
20687,-0.0021915921091938072
20688,-0.0010809423169139568
20689,-0.0022719699005644125
20690,-0.0014813225944836975
20691,0.008145972797437066
20692,0.007465523505837794
20693,0.0026266043018320882
20694,0.012939774792867302
20695,0.011416359092360738
20696,0.022117602520247134
20697,0.021232011846267718
20698,0.022045237508367777
20699,0.02541247973762487
20700,0.023244238673655968
20701,0.02162206768565475
20702,0.02052130598056334
20703,0.021808636912983452
20704,0.01232210949726402
20705,0.009095983230248555
20706,-0.0021104056730414434
20707,-0.005585125244159727
20708,-0.0031249168098964717
20709,-0.007835790412701578
20710,-0.0054033491346460235
20711,-0.004422645925740435
20712,-0.0008420800564163985
20713,0.00037331145210756225
20714,0.00024863691804246393
20715,0.002055632488569214
20716,0.0046714291206075365
20717,0.0057360616300531795
20718,0.005820211439744147
20719,0.008267803988339099
20720,0.012537883977821717
20721,0.013992072110547508
20722,0.013460880618950297
20723,0.01299214385548574
20724,0.011664822584130914
20725,0.011954491361932912
20726,0.0131030997615771
20727,0.011705357655944519
20728,0.009823672814468748
20729,0.011229977556850287
20730,0.006127444897797029
20731,0.0038255828227734207
20732,0.0023114350795368065
20733,-0.0011981664067903146
20734,0.00019354145386663856
20735,0.0009980693384282057
20736,-0.001872034328530407
20737,-6.305421594302118e-05
20738,0.0009264492005699254
20739,-0.0018239153105018174
20740,-0.0018509772479610835
20741,-0.0007119342984863048
20742,0.0007208038704101402
20743,0.004475234012717442
20744,0.007002132716624175
20745,0.004122768864078191
20746,0.00485340108644366
20747,0.0048591287807229905
20748,0.0035861151364278347
20749,0.004044711386377578
20750,0.0010352855489224493
20751,-0.002492765808627623
20752,-0.0036582880126088614
20753,-0.0014848388295480974
20754,-0.002918892545597547
20755,-0.0006807599284410616
20756,0.0004672059835607843
20757,-0.0008733595012722934
20758,-0.0016092681406111738
20759,0.002730348898066632
20760,0.008205897103418932
20761,0.011167856993084134
20762,0.013617862766427073
20763,0.014340977919252741
20764,0.008624135580013683
20765,0.010796733035115124
20766,0.011348919840855488
20767,0.010883972379999426
20768,0.01779251727430751
20769,0.014021019514133657
20770,0.011422690583722443
20771,0.005398480893184905
20772,0.004361832869682406
20773,0.0035842946361979446
20774,0.007819837052178617
20775,0.001253855348258351
20776,-0.0001658081517550602
20777,0.002093741599680252
20778,-0.005837700153727059
20779,-0.006999065585120212
20780,-0.007885882267798893
20781,-0.0029313536468975085
20782,-0.004695645718484047
20783,-0.0028009909233486494
20784,-0.006526567214213909
20785,-0.002460432407908333
20786,-0.00520405614486538
20787,-0.007310094345616955
20788,-0.006029738260723424
20789,-0.00492081683095916
20790,-0.002058417551053359
20791,0.0026236440437113068
20792,0.002173587630997819
20793,0.007711551443434092
20794,0.012147927306358617
20795,0.017034755335853698
20796,0.017707697067804673
20797,0.018121522834569307
20798,0.017527695989433347
20799,0.016738366542556553
20800,0.012950972751429183
20801,0.009785880365293004
20802,0.0126567659687827
20803,0.0032986175551027795
20804,0.007133734784847044
20805,0.003998981157741707
20806,0.006475020988794634
20807,0.007849112890284986
20808,0.005941275595040673
20809,0.009980355827116101
20810,0.01057225023160469
20811,0.009087226511360845
20812,0.008802755327803398
20813,0.008923229816434643
20814,0.0059420304481437765
20815,0.005011189582489904
20816,-0.0023074556843296957
20817,-0.006667941062544272
20818,-0.00209748370031523
20819,-0.002855604503673309
20820,-0.005074180439777401
20821,-0.00459161074610459
20822,-0.010396066467296948
20823,-0.010224891351739073
20824,-0.01125981342915784
20825,-0.010154897914573574
20826,-0.0020622966616398973
20827,-0.0002142189743317061
20828,-0.005912282944680762
20829,-0.006380358951227511
20830,-0.00294868882159349
20831,0.012355608653398591
20832,0.02241288883270097
20833,0.021753671201620733
20834,0.016684939415816544
20835,0.015165251938740382
20836,0.016502356666188333
20837,0.009838455428853933
20838,0.015348985452140565
20839,0.013045939093435183
20840,0.010326853545127333
20841,-0.00432935442074642
20842,-0.010117071596171185
20843,-0.002853471624472153
20844,0.00227501140250296
20845,0.0036848450860790215
20846,0.0028574643321041854
20847,0.014483488537154816
20848,0.012293571826941357
20849,0.015416741414731334
20850,0.014011983679236286
20851,0.012976099930158433
20852,0.008893311366983835
20853,0.003233973835321039
20854,0.004167776530304812
20855,0.0014597281073095388
20856,-0.004963664250075222
20857,-0.009587194395817566
20858,-0.00819369514508422
20859,-0.013954350212991615
20860,-0.00963942818561676
20861,-0.005890187755457582
20862,0.00010790224851870393
20863,0.000988290213245825
20864,-0.003080258776444295
20865,0.0022932449788731673
20866,0.007833002384824954
20867,0.011322203415257186
20868,0.013025739323650913
20869,0.015359553234789554
20870,0.015909901101155005
20871,0.008622133952636581
20872,0.004360620127365649
20873,-0.00047617276143002436
20874,-0.0010439340048696165
20875,-0.006326908862649529
20876,-0.005685530979584514
20877,-0.006763324133580229
20878,-0.0092678643154736
20879,-0.01196320445244139
20880,-0.01491516637953552
20881,-0.01056095558766335
20882,-0.006353749652858067
20883,0.0032804579391250634
20884,0.008298712836953952
20885,0.006736999596801689
20886,-0.0010749021062406085
20887,-0.004783860267842437
20888,-0.0053015638632132305
20889,-0.0037744731729187947
20890,-0.004778569005427101
20891,-0.003937055996096595
20892,-0.0011269250390587354
20893,-0.008775919381736079
20894,-0.01437019839198741
20895,-0.011905100782212845
20896,-0.0045100767744752175
20897,0.0008794216092516387
20898,0.000502737835829842
20899,0.0014554512161306082
20900,0.005649547464325352
20901,0.013458383942099342
20902,0.009748774295874776
20903,0.0017145854031696622
20904,0.007309894646140279
20905,0.007872534384407425
20906,0.005673025268018091
20907,0.00476695721289167
20908,0.006911231106256252
20909,0.009514469443742634
20910,0.010119489438797783
20911,0.0010971659018629714
20912,-0.003584066512687519
20913,0.004719243964513552
20914,0.0034661687359487255
20915,0.003999722614315362
20916,-0.0021997054779313665
20917,-0.0021546678054939023
20918,-0.007486535565320343
20919,-0.008619035182481263
20920,-0.010260582498861174
20921,-0.00959214855735175
20922,-0.005302489515481403
20923,-0.005889009949712158
20924,-0.0031211419389788266
20925,-0.00694068457688092
20926,0.0018021618458089286
20927,-0.002821697811094086
20928,0.00038690410772768596
20929,-0.000618681280849873
20930,-0.009234085335581857
20931,-0.008987954749935849
20932,-0.009250392524333281
20933,-0.010687949965461699
20934,-0.006777888066159014
20935,-0.00524987317189918
20936,-0.0032504570138078767
20937,0.0010041130206061115
20938,0.0011647576542554762
20939,0.006282254372516035
20940,0.014109899894142916
20941,0.01266149721336909
20942,0.011369203853919709
20943,0.01014450851753059
20944,0.0037261723815241914
20945,0.009112151640638425
20946,0.007292845561359936
20947,0.004931272047325378
20948,0.00336651046563542
20949,-0.004097525980393501
20950,-0.002858645409779711
20951,-0.00595457319019043
20952,-0.005140743776497019
20953,-0.0021427772909026637
20954,-0.006501830611291834
20955,-0.011148263711942146
20956,-0.0126995315585951
20957,-0.015202701445654394
20958,-0.009661746894145635
20959,-0.0072376606442084
20960,-0.009699398817555776
20961,-0.007276881766098468
20962,-0.00633590098926749
20963,-0.00484091717850405
20964,-0.002715635787561914
20965,-0.002468766214620402
20966,-0.005306382480572417
20967,0.002212070621022115
20968,-0.0019912574411763985
20969,0.001920395178889803
20970,0.0036095346026255733
20971,0.004289364495064707
20972,0.007764913819192041
20973,0.010664734081489739
20974,0.0126552970494127
20975,0.0260599670285071
20976,0.02944876381310533
20977,0.024366030313525237
20978,0.026733925431090686
20979,0.024302004461481924
20980,0.026950970129696303
20981,0.028360947859127853
20982,0.026308419053552815
20983,0.02194901876247387
20984,0.026239375714498588
20985,0.017598905046444235
20986,0.017039325502268058
20987,0.018923314046979132
20988,0.01630894559847561
20989,0.013782727437861415
20990,0.009493297213002993
20991,0.00926124027418676
20992,0.007926889035957969
20993,0.011459816436620383
20994,0.005007286804660017
20995,0.0005743707662160315
20996,-0.006252391081272682
20997,-0.008328170265884586
20998,-0.006960082672671773
20999,-0.004274952233250737
21000,-0.0047399538499165944
21001,-0.005474704571179171
21002,-0.006882896883234751
21003,-0.006512656081245191
21004,-0.0045712603122029
21005,-0.0025757140147713393
21006,0.0035968690878495587
21007,0.005543297282111468
21008,0.005677229149112153
21009,0.004779623859223469
21010,0.008312873298008854
21011,0.0017003710275615737
21012,0.00022548807355184867
21013,-0.0033337247576700566
21014,-0.0030849016046135273
21015,-0.01421919807984906
21016,-0.016339534145746726
21017,-0.023152825698069406
21018,-0.020616623659562308
21019,-0.0219665289615762
21020,-0.021028194368351075
21021,-0.013021239158964547
21022,-0.010428658709153077
21023,-0.011593981798862445
21024,-0.009532957907353106
21025,0.00045343248390323604
21026,-0.00397053717817457
21027,0.001004633327375702
21028,-0.0028685785924500054
21029,0.0019119733201103243
21030,-0.0006600072273620332
21031,-0.002076182515473854
21032,-0.0034893688891856423
21033,0.00047656265361103875
21034,-0.003183067571052698
21035,-0.014024067577367103
21036,-0.004864214744317721
21037,-0.003942883263638495
21038,-0.007048013573146662
21039,-0.011446996147437404
21040,-0.011220394523072894
21041,-0.011933296964533935
21042,-0.012238557269205468
21043,-0.011357129152798164
21044,-0.009230958412237797
21045,0.00018063924925628853
21046,-0.0018086856603053935
21047,-0.0008370202969984551
21048,0.0026702887694572764
21049,0.0022695773126871124
21050,0.0015848270855562618
21051,0.006798280730791463
21052,0.0025720629026876104
21053,-0.0001267260838061368
21054,0.0002152130559609025
21055,0.0013976518157673816
21056,0.00031910031604354014
21057,-0.00021042293272494878
21058,4.839884220045552e-05
21059,0.007088006224535669
21060,0.005659165521643432
21061,0.0031743440377468377
21062,0.011121821621493838
21063,0.00818803961710946
21064,0.007175203062068486
21065,0.005269230645190446
21066,0.007557084959691571
21067,0.006457471846906946
21068,0.007117263726426171
21069,0.00276643721491602
21070,0.008044041783737674
21071,0.0072500504246270905
21072,0.008291993099518722
21073,0.009892118694578601
21074,0.014526118405409046
21075,0.01379600013720979
21076,0.013413832768464693
21077,0.018376636715444976
21078,0.02081054852591038
21079,0.017240196740027518
21080,0.010284608002604844
21081,0.008714403882925789
21082,0.005561265173186946
21083,0.006353922153225924
21084,0.00023510570162918945
21085,0.002087343202795024
21086,0.0062991570385275905
21087,-0.0023372333230581056
21088,-0.00671625054528343
21089,-0.003797400135481545
21090,0.0020835011945245143
21091,0.0021455826745835796
21092,0.004877048583644149
21093,0.004623785086158597
21094,0.006026567013050278
21095,0.005896759223721842
21096,5.8029829267397514e-06
21097,0.0031497442850356838
21098,0.006405364416748384
21099,0.0035377444313820293
21100,0.00157372646948356
21101,0.0005855572238098937
21102,-0.006504333606439932
21103,-0.0065618999863113385
21104,-0.0045405789503664175
21105,-0.0030589650714825996
21106,-0.0016071751533189588
21107,-0.0011587241597737041
21108,-0.0014315814894194786
21109,-0.00018009520146606943
21110,-0.003939499234805802
21111,-0.003322508397030088
21112,0.0007476357477803706
21113,0.002323499913607069
21114,-0.0001045032917323555
21115,-0.003918342668949333
21116,-0.0035135296805831016
21117,-0.0076217145224134804
21118,-0.009505079508878914
21119,-0.004147287833816474
21120,0.00017308938330892474
21121,0.0004169408633613261
21122,-0.0008272252809372053
21123,-0.006040527834579575
21124,-0.0037676040371101265
21125,-0.0007665183239707311
21126,-0.0010987507391230678
21127,0.0036272734839716916
21128,0.008824741603518394
21129,0.006466199038895478
21130,0.005941787953898831
21131,0.006577492586424548
21132,0.007171899280816891
21133,0.010903853096429866
21134,0.013200094248137324
21135,0.011543100569780727
21136,0.011498114911565318
21137,0.015807467699322137
21138,0.007285467522890183
21139,0.003509160435717855
21140,0.002232864562069944
21141,0.002906746115476503
21142,0.0037963276262114975
21143,0.0014337900050214035
21144,-0.002709887775090785
21145,-0.0013990546576850326
21146,0.000962377787522139
21147,-0.009985406772741892
21148,-0.006649865001205074
21149,-0.004137276522524308
21150,-0.002293855174150565
21151,-0.0033941185763071927
21152,-0.005440458856589933
21153,-0.005270344607239815
21154,-0.005679006873585624
21155,-0.009903234814168648
21156,-0.013639601173832396
21157,-0.008822000101574664
21158,-0.011790877731747165
21159,-0.017020729115674222
21160,-0.016341720843071884
21161,-0.016255380481238917
21162,-0.014952206895551426
21163,-0.013254269886370481
21164,-0.016252475059228208
21165,-0.011970188776673475
21166,-0.014558846888847097
21167,-0.01245213999959011
21168,-0.008833506671330338
21169,-0.0058768364192944966
21170,-0.006455854412718896
21171,-0.005278031679962139
21172,-0.0050874548957734415
21173,-0.004801880984246941
21174,-0.0044202892483218145
21175,-0.001966372663085275
21176,0.000976045596261722
21177,-0.000428919661074486
21178,-0.0009398974361000726
21179,-0.0030242122239632304
21180,-0.004557375575844597
21181,-0.006248357349925232
21182,-0.006134436638982814
21183,-0.010077820925291707
21184,-0.006423517276436553
21185,-0.007538217953134584
21186,-0.010994504353221052
21187,-0.010807431799452339
21188,-0.01036194634528815
21189,-0.005668117908348774
21190,-0.004146162393840755
21191,-0.0038016644159694878
21192,-0.0025325566561516205
21193,0.0031371513220762237
21194,0.003759326428288834
21195,0.004195699519884019
21196,0.008396419272556691
21197,0.010133638386983867
21198,0.006499565896336628
21199,0.0040546126825752905
21200,0.006710147338805593
21201,0.007693859456874632
21202,0.006314622364283432
21203,0.000505739874335082
21204,-0.0014799925690334803
21205,-0.003826315532741325
21206,-0.009570950393615751
21207,-0.008184593935444908
21208,-0.0048118036347356815
21209,-0.0006737843775832288
21210,0.0005301955389846061
21211,-0.001674916025587534
21212,-0.0024562940866958063
21213,-0.002478014787648152
21214,-0.002895566358074562
21215,0.0001536106710201136
21216,0.005344433939831048
21217,0.0032683300464634154
21218,0.0008061773181150562
21219,-0.0042816018023405355
21220,-0.009818874553417673
21221,-0.01112295006481174
21222,-0.003697231538009581
21223,0.00179822989466975
21224,0.004968171367658435
21225,0.0023848246025623705
21226,0.0036334695044986038
21227,0.0013630857098251245
21228,-0.000789830963715768
21229,0.00162039225114804
21230,0.0012339112063410708
21231,-0.000513460372425233
21232,-0.007415683821733062
21233,-0.010190642884027967
21234,-0.005996386798925969
21235,-0.006250105370890618
21236,-0.006972247802137401
21237,-0.010171366548046302
21238,-0.0008296040217966738
21239,-0.0005079655977808785
21240,0.004089511311379817
21241,0.008406941663128671
21242,0.007347517211422427
21243,0.007336007833240888
21244,0.0010833171650407893
21245,0.003519816933592814
21246,0.0076762805675556905
21247,0.011438915034948541
21248,0.003817799761418767
21249,0.003997777766705371
21250,0.00036913045929911324
21251,-0.0011723856483105849
21252,-0.0001256543668872762
21253,0.0006989305988079286
21254,0.005509621971725775
21255,0.004213291446548396
21256,0.0002684557774828092
21257,0.00035634480985145806
21258,0.0012288933893341491
21259,-0.0016523462497894197
21260,-0.0022755473269893012
21261,0.00213241673814092
21262,0.0027769372117051054
21263,0.009052112769693976
21264,0.002282993593000758
21265,0.0005860045186964876
21266,0.001839567436734809
21267,0.0018381040582562277
21268,0.0037544127385833424
21269,0.008488659252646103
21270,0.008801147038613072
21271,0.0060354843400497685
21272,0.007360504663596972
21273,0.0010346870633025176
21274,0.00431408880106743
21275,0.00510369075498844
21276,0.00663845574226918
21277,0.007936977277782765
21278,0.013792366429587009
21279,0.01174091273957662
21280,0.011888896180503887
21281,0.012925748293849631
21282,0.011547382229585394
21283,0.013862258931436978
21284,0.01087659840488699
21285,0.007135521238182517
21286,0.004201522849493721
21287,0.0059456885166219685
21288,-0.0024857648662136196
21289,-0.0042933771156300855
21290,-0.003324838987778216
21291,-0.0031829568258973915
21292,-0.0025617677293250274
21293,-0.0019402556858243568
21294,-0.0025311481444779487
21295,0.001203070592036862
21296,0.002533738151217041
21297,0.0017094705400023693
21298,0.004128966415424159
21299,0.004906869298978428
21300,0.0011844668981620455
21301,-0.0003889103864478517
21302,-0.0036507204019894926
21303,-0.00458697940012867
21304,-0.0025192642801228344
21305,-0.00364588928058742
21306,-0.002640240365024697
21307,-0.004049196482624595
21308,-0.004535635728375493
21309,-0.006704901557895652
21310,-0.0055788799579354655
21311,-0.009823807838713476
21312,-0.009401869003141142
21313,-0.011566913873566413
21314,-0.016199642237508357
21315,-0.013056498772660706
21316,-0.015605378666072103
21317,-0.017846484859633086
21318,-0.01523465882435283
21319,-0.013802278451911471
21320,-0.013921635883127021
21321,-0.012212410697934488
21322,-0.01063673462117715
21323,-0.008628083474547367
21324,-0.001514062348425865
21325,-0.003891606047816525
21326,-0.006851524957955714
21327,-0.0033550135298871667
21328,-0.006034607228655749
21329,-0.008246065784120654
21330,-0.003636690733527686
21331,-0.0009309840021168549
21332,-0.0009794177252854341
21333,-0.006093246628758999
21334,-0.008549101532226724
21335,-0.008123173550835285
21336,-0.009716080375618392
21337,-0.010259603759788941
21338,-0.01352110196981052
21339,-0.007340829864101645
21340,-0.009305096270784125
21341,-0.008347899244990149
21342,-0.003701758873584049
21343,0.0004291949027325954
21344,-0.002003565411737255
21345,-0.0054891996322273436
21346,0.0008470390001606872
21347,0.003686508655884985
21348,0.004496661339205132
21349,0.000739158192727896
21350,-0.005990214216421558
21351,-0.007131702711045803
21352,-0.010973700500024178
21353,-0.007849038443183149
21354,-0.005305479878678624
21355,-0.0032732930616798895
21356,-0.00028362137051706675
21357,-0.003693344257569076
21358,-0.000735239202530333
21359,-0.0026530003221337784
21360,0.005327179535625938
21361,0.005501628973942032
21362,0.004528152167452532
21363,-0.002630630913444895
21364,-0.0006682092851730756
21365,-0.0002017829398608956
21366,0.0005164181078501803
21367,0.0001893663473781724
21368,0.0012682991862988688
21369,0.0035683265742193653
21370,0.0025437592264950354
21371,0.005804481655013628
21372,0.0036573712694572685
21373,0.008047746833952157
21374,0.005438656122838191
21375,0.008609706247684881
21376,0.0034437853939704214
21377,-0.0001252105670650503
21378,-0.0043795841324240255
21379,-0.005497277824235392
21380,-0.005599708524890963
21381,-0.01157788455017864
21382,-0.008021985192545506
21383,-0.011378089434814736
21384,-0.008523333428218868
21385,-0.010810976587697295
21386,-0.013578529581760729
21387,-0.01565883522927384
21388,-0.01306787758499195
21389,-0.013434719473285383
21390,-0.016267356280947953
21391,-0.014157997221610276
21392,-0.017235844379607138
21393,-0.016011691917564654
21394,-0.01834645373204718
21395,-0.01691923838141305
21396,-0.006559803730917002
21397,0.008271500347926711
21398,0.010686554676843327
21399,0.003797627356274448
21400,0.007216755607551509
21401,0.007920547594941476
21402,0.011071680356592676
21403,0.012273032125400657
21404,0.009634161713013626
21405,0.007142984548436053
21406,-0.0002842589065011845
21407,-0.0130219396406769
21408,-0.010534200920488844
21409,-0.0028932316650463886
21410,-0.0017857636050993921
21411,0.0005856200860017526
21412,0.00013955792343951404
21413,-0.0006198408921617432
21414,0.0017506351147308621
21415,0.0008485532628875092
21416,0.0014668645411160513
21417,0.005062801105604631
21418,0.0006189948263119668
21419,0.0013417393078545043
21420,-0.005517769302521478
21421,-0.008011143271547025
21422,-0.010735771422730012
21423,-0.007322445785934737
21424,-0.005674439100862164
21425,-0.009567750924577408
21426,-0.009256974377463667
21427,-0.008567997371978194
21428,-0.009570787976154205
21429,-0.01000957796713865
21430,-0.0049473820607745965
21431,0.0011452259921212995
21432,0.010495772033939504
21433,0.00797213348973966
21434,0.0051910616969393
21435,0.016408163455540654
21436,0.016273021137831176
21437,0.014921238457360105
21438,0.014425122386699159
21439,0.014669359492508888
21440,0.014522946187665075
21441,0.007692159221776833
21442,0.0013421892256718615
21443,0.00348082426900635
21444,0.0015438993572206086
21445,-0.003268703141837331
21446,-0.008002534831666552
21447,-0.008085556122184935
21448,-0.00653258083529526
21449,-0.005834503406373325
21450,-0.0023701477744266495
21451,-0.0003141228884493485
21452,-0.0028043515447677358
21453,-0.0059112986662180796
21454,-0.002070953351782171
21455,0.001262338728495923
21456,0.003716958056714353
21457,0.005552842054633683
21458,0.0037681308375194225
21459,0.0028942070688768523
21460,-0.0015135101951550577
21461,-0.0019203282210586779
21462,-0.005544594609126038
21463,-0.005741117046652135
21464,-0.00839706898000422
21465,-0.009985404023670073
21466,-0.008879433806056243
21467,-0.011223727684964976
21468,-0.010738727484727442
21469,-0.012270704799086676
21470,-0.015347359241795547
21471,-0.00651818133884558
21472,-0.0007945151166413689
21473,-0.0010184121176087628
21474,0.002851315410459541
21475,0.0006768254950495049
21476,-0.001476959737566888
21477,0.00020621503162874193
21478,-0.000482590015328969
21479,-0.0031815688709913204
21480,0.0032547366043913757
21481,-0.007684753025414311
21482,-0.008401605341243226
21483,-0.0076714283170269005
21484,-0.009573449167182313
21485,-0.014312456116618683
21486,-0.008233051373858312
21487,-0.0060611619293923814
21488,-0.005003496259998573
21489,-0.001363240233598788
21490,-0.004383140752965607
21491,0.0014505569598693925
21492,0.0033738372227478126
21493,0.004109585834581935
21494,0.00523003111540796
21495,0.01059632286475051
21496,0.0027091456256269062
21497,0.00021964682350397767
21498,0.0014130820539880189
21499,0.001735461346944871
21500,0.0009228396163092093
21501,-0.005885340470096027
21502,-0.007215737418944951
21503,-0.006855467667379687
21504,-0.009395504637076989
21505,-0.008075759684263948
21506,-0.005673756654898934
21507,-0.0023064348883685515
21508,-0.0027948949322685684
21509,-0.0049035120401446225
21510,-0.007437324020630996
21511,-0.006163238588502902
21512,-0.012007383219453037
21513,-0.013433667679729505
21514,-0.011513080136815443
21515,-0.017140951284723836
21516,-0.014945489280041638
21517,-0.018504293374280847
21518,-0.016138159886567242
21519,-0.0138650094347234
21520,-0.00997719049866285
21521,-0.006978970982269962
21522,-0.0027622245333168553
21523,-0.001314391503088161
21524,0.0017318295957893042
21525,0.008931402277649528
21526,0.007875811326298143
21527,0.012027018993549856
21528,0.00901007307261159
21529,0.00874182993557142
21530,0.008084700137309345
21531,0.0045356039892387
21532,0.004547710987234833
21533,2.9382436767627824e-05
21534,-0.005786349796135139
21535,-0.009116359746329308
21536,-0.017156555808004004
21537,-0.015145801547936755
21538,-0.014264342686470057
21539,-0.014510822419922716
21540,-0.01790145413029852
21541,-0.019487326529780222
21542,-0.022145661768543042
21543,-0.018938938737566427
21544,-0.017415506008800583
21545,-0.02064299982723182
21546,-0.012636169542992884
21547,-0.018562788470909124
21548,-0.01246824561922007
21549,-0.01355925883509169
21550,-0.006675620277387144
21551,-0.00222355470956012
21552,-0.005020192894429798
21553,-0.0040962364647067874
21554,-0.017024827085271345
21555,-0.005170891150871585
21556,-0.004128691327660636
21557,0.00605231229367117
21558,-0.004977685077163283
21559,-0.0011086151220934
21560,0.00046882085496120323
21561,0.0006778563605969252
21562,0.007713478474045034
21563,0.009436633111604573
21564,0.02592212594066816
21565,0.017464904441092874
21566,0.020390657136035818
21567,0.015983347050783994
21568,0.02196103445313917
21569,0.020095880272914892
21570,0.016725374147480945
21571,0.01545599497850122
21572,0.015246238977007148
21573,0.013905070318431854
21574,0.011526131333153463
21575,0.019573486309562647
21576,0.013335286244170927
21577,0.006207661911626532
21578,0.003638038381159093
21579,0.0018606445588601444
21580,0.0012286056239482201
21581,-0.002689780342984691
21582,0.0012688050303141447
21583,-0.00012202904926671132
21584,0.004291676218136744
21585,-0.002830569414463303
21586,0.004482871649595152
21587,0.006187566410293511
21588,0.008020587230622826
21589,0.009854580144898763
21590,0.010312541147840365
21591,0.013572996645753689
21592,0.010341725429675505
21593,0.007967272103455087
21594,0.004249878294387045
21595,0.0017921651888633074
21596,-0.0028383371836587313
21597,-0.0009262550979423403
21598,-0.0015460138970899197
21599,0.002755717747665598
21600,6.09772533907723e-05
21601,0.00015182808871993928
21602,-0.007326440672110303
21603,-0.0019509258624533928
21604,-0.0021190961427672433
21605,0.0005343746410450459
21606,-0.002409294630763682
21607,-0.004503049398924335
21608,-0.0042654053316254215
21609,-0.0091000622916267
21610,-0.007323889849869046
21611,-0.007890721309501723
21612,-0.005042595097411073
21613,-0.010052381647870607
21614,-0.014132672425152747
21615,-0.02211702150017867
21616,-0.01932327817779355
21617,-0.020169807446295627
21618,-0.01199350462768912
21619,-0.013540865220511749
21620,-0.011240217401906425
21621,-0.014717947987385382
21622,-0.014044544084970061
21623,-0.012721848819021546
21624,-0.014348340637962555
21625,-0.007743884681803528
21626,-0.006087701810619733
21627,-0.005327038060840831
21628,-0.013511303309815698
21629,-0.015954897062163496
21630,-0.014905731055894865
21631,-0.009617235731519626
21632,-0.017617207269752116
21633,-0.01081735591241529
21634,-0.005629950905745346
21635,-0.01274195762409679
21636,-0.012982013758382701
21637,-0.012714502630857225
21638,-0.016797242769315077
21639,-0.015992014853762285
21640,-0.021762218123967725
21641,-0.02042778334259306
21642,-0.011916757797014036
21643,-0.017741749333925666
21644,-0.017052986531929746
21645,-0.011283990670262953
21646,-0.013547970447364874
21647,-0.01893533757138172
21648,-0.010157822287900492
21649,-0.006278246175021551
21650,0.0027318571787058447
21651,0.012533960978959433
21652,0.018196770562638607
21653,0.02785717947616589
21654,0.029983290308323425
21655,0.03164432846572182
21656,0.03113293118043546
21657,0.032340764660251216
21658,0.02812576598629018
21659,0.028740499668165245
21660,0.022468279775347565
21661,0.008925256699257813
21662,0.012079902490548489
21663,0.004344168816778102
21664,0.0007996020810088215
21665,-0.0030335986578281667
21666,-0.002726233637549594
21667,0.0010541084668685985
21668,-0.001147720493568493
21669,-0.007971787113091757
21670,-0.008793489805963518
21671,0.0010903882117037891
21672,-0.0036739554632654902
21673,-0.0065829616106203945
21674,-0.0038107913228402324
21675,0.0076689656213946526
21676,0.009022919765969417
21677,0.01577741389839115
21678,0.014007400289181189
21679,0.01910993190222893
21680,0.017983126015828573
21681,0.013251760235543742
21682,0.01267176367185021
21683,0.01956089388494072
21684,0.017910062163257637
21685,0.009930954082953167
21686,0.008509558871339584
21687,0.0017615215801023724
21688,0.004577501813440125
21689,0.0050256462012356696
21690,0.002294630564479099
21691,-0.00043573518593586575
21692,-0.0038339083574462232
21693,-0.007023157948301722
21694,-0.007499433045299215
21695,-0.0076674671388587455
21696,-0.0030464225230438357
21697,-0.003056397031019579
21698,-0.00518201337132658
21699,-0.0011917500927152553
21700,0.0026501276501275936
21701,0.004597464706318065
21702,0.007081637601626949
21703,0.005229288499675609
21704,0.005975049683082664
21705,0.004346709137676155
21706,0.0010440371850756786
21707,0.004028647210897617
21708,0.005989048962417944
21709,0.0034215259303470606
21710,0.006761626068878717
21711,0.004038255876623766
21712,0.00459648612373535
21713,0.006080428402026268
21714,0.0036766686240540586
21715,0.005907285634556623
21716,0.002178945790083168
21717,0.0002997755397485411
21718,0.0013325918247349701
21719,0.0021054501019193064
21720,0.0005545739930701925
21721,-0.00014582277196941172
21722,-0.0011418158545134526
21723,0.0004951067303373756
21724,0.0032111165014533385
21725,-0.00018000796158562432
21726,0.003803538155286578
21727,0.003765166284456804
21728,0.006167892548344915
21729,0.0010056782998588121
21730,-0.0012887094993053708
21731,6.341045189284683e-06
21732,0.0034653420818296287
21733,0.0007206621650780544
21734,-0.001033038522059213
21735,0.0019859959788339453
21736,0.001621306209906754
21737,0.007916637382973164
21738,0.010141537832433684
21739,0.013367738321263773
21740,0.01725496150574129
21741,0.016172733203008063
21742,0.013509790538137447
21743,0.012632819234043828
21744,0.01924309186324153
21745,0.01889737643591805
21746,0.014542015940915866
21747,0.009167246211246425
21748,0.003918753677744156
21749,0.002613090275867387
21750,-0.00011389838547741025
21751,-0.0007532303493849835
21752,0.0035030674926418153
21753,0.0034688535941264343
21754,-0.005407831339021843
21755,-0.0057745224929032285
21756,-0.0023787870552582154
21757,-0.0033134636345027928
21758,-0.007600101431683373
21759,-0.004806832037085578
21760,-0.004862558662399671
21761,-0.0010774863889608972
21762,-0.005502341741899258
21763,-0.007764580573347242
21764,-0.004979231084308634
21765,-0.004854506749764716
21766,-0.004596346801039616
21767,-0.0030166859873568337
21768,0.0017794852085691822
21769,-0.000320139073640326
21770,-4.416686398025605e-05
21771,-0.003520129781668111
21772,-0.003220051165294087
21773,-0.0013756830376085837
21774,-0.006761641038301913
21775,-0.005838226221974574
21776,-0.00038759101186919384
21777,-0.004248948546001627
21778,-0.004095711916112133
21779,0.0025177524948127024
21780,0.003559640575616448
21781,0.0033391285799763346
21782,0.0030259678351019226
21783,0.0035193430350230555
21784,0.010100390386579066
21785,0.009570934939283198
21786,0.005334062706151339
21787,0.0068915402150026665
21788,0.00925088873138208
21789,0.002777670574319649
21790,-0.00214383430181759
21791,0.0008344790159660806
21792,-0.0020514609326911957
21793,-0.0013685729118567288
21794,-0.0038692610501251776
21795,-0.006686261271656974
21796,-0.00713854239579626
21797,-0.0032012189557633795
21798,-0.005190037914499654
21799,-0.003751118184276816
21800,0.00036746887802196874
21801,-0.0022441602633952343
21802,0.0011011161634447435
21803,0.00037879342017537826
21804,-0.0006733328273959489
21805,0.002297924779389549
21806,-0.00014855857499262016
21807,-0.002019284691938712
21808,-0.0032474652129174577
21809,-0.003913502536481068
21810,-0.004734641699441078
21811,-0.0047087000590936194
21812,-0.0013159717954598492
21813,-0.0008771622872966124
21814,0.002132129717913065
21815,0.0035766278436875454
21816,5.512709551872796e-05
21817,-0.00211877289396498
21818,-0.005044005248534437
21819,-0.0026417008769680887
21820,-0.0036043101782835987
21821,0.009289994356276017
21822,0.011758754526266048
21823,0.012593977838676319
21824,0.012417755658099812
21825,0.010688511566105879
21826,0.01701075890338829
21827,0.019753202505061376
21828,0.020689964157706055
21829,0.018058229316128317
21830,0.01651641736779643
21831,0.003044700188063403
21832,-0.00317088263033992
21833,-0.002831795819545613
21834,-0.003024483917426866
21835,-0.002751488076024157
21836,-0.004657245664030435
21837,-0.009535770278160795
21838,-0.006309732278552565
21839,-0.008097294510021417
21840,-0.004735619999233878
21841,-0.0065439847540924535
21842,-0.008036105217069153
21843,-0.014353721440165978
21844,-0.01446748382333215
21845,-0.014407807768149233
21846,-0.012414592144020159
21847,-0.009312924455391709
21848,-0.011939812948993553
21849,-0.0072259388620838525
21850,-0.008632960700643089
21851,-0.00661576069519304
21852,-0.005359887087691935
21853,-0.0002455488042035711
21854,0.0018112425228782605
21855,-0.00040303140570998957
21856,-0.0009854340609913987
21857,-0.003784284496717964
21858,-0.005018778341409953
21859,-0.007439189182105838
21860,-0.0026799314134808914
21861,-0.001798568701388799
21862,-0.0007291986692190048
21863,-0.0026877780176954064
21864,-0.004517428600347084
21865,-0.0026909382038316785
21866,-0.004907850010552739
21867,0.0017785220929331807
21868,0.004332570798758345
21869,0.0039002233565050585
21870,0.004922684113435585
21871,0.004053873969019333
21872,0.0016079303894113992
21873,0.0013651580480584077
21874,0.0016304722890830147
21875,-0.003415311527592189
21876,-0.0013372783440673884
21877,-0.004075447996810102
21878,-0.0066921467740505254
21879,-0.007222007422428684
21880,-0.01307698609048991
21881,-0.014056009373988793
21882,-0.012150700802176036
21883,-0.009103025319761959
21884,-0.008186163492903319
21885,-0.004742657792408415
21886,-0.00420895613180169
21887,-0.005907238294792105
21888,0.0009739301472711492
21889,-0.00027314644570504345
21890,0.000653682299794797
21891,0.0023394691627377203
21892,0.0026093413624028085
21893,0.007889668865909928
21894,0.0066633841591702886
21895,0.019075379501473477
21896,0.019090476647053923
21897,0.019839151919957013
21898,0.0161127071624325
21899,0.01789770295542516
21900,0.02028218507927852
21901,0.019989933908160087
21902,0.020579882669345243
21903,0.01172000409805087
21904,0.011834417713777304
21905,0.0034954423145115735
21906,0.0020049789572337733
21907,0.002412961586683078
21908,-4.480392940881097e-05
21909,0.0022548592333634966
21910,-0.0004753317127033782
21911,0.006227741602222878
21912,0.003999133105881747
21913,0.007208519125835217
21914,0.006909937059571251
21915,0.004254179218569675
21916,0.005335478657174993
21917,0.005278170033424205
21918,0.007844164951493687
21919,0.00452424981797276
21920,0.0036095613616336964
21921,-0.003604600653556451
21922,-0.0023511966543983405
21923,-0.001288148875273363
21924,0.0015886294974760263
21925,0.0021526191450116825
21926,0.006272712549098921
21927,0.009237351118349179
21928,0.009040579866726562
21929,0.010954158085767243
21930,0.011787406690258833
21931,0.012502697170619406
21932,0.015307782961420453
21933,0.01194057970039338
21934,0.009554859393757626
21935,0.009223987634569214
21936,0.003251916298636406
21937,-0.00020747105842767812
21938,0.0007520749943774067
21939,-0.001370771589140932
21940,-0.0043664456743217825
21941,-0.0050529651856812486
21942,-0.005143913452603322
21943,-0.002914629511896081
21944,-0.002038976017295607
21945,-0.0023335252782796284
21946,-0.0005035818379430452
21947,0.0007365470010496115
21948,0.0009160945448476077
21949,0.00027176432679548853
21950,0.00481305057700056
21951,0.0038791034195301477
21952,0.0010913098488789588
21953,-0.0007622707769441695
21954,-0.0011418537433179228
21955,-0.0007166694230875434
21956,-0.0020535465664568114
21957,-0.005670949745841519
21958,-0.007689276313484481
21959,-0.009995188440785915
21960,-0.008213724125387624
21961,-0.006686254475710156
21962,-0.0031419754699893976
21963,0.0011594225218530291
21964,0.0004078130831054186
21965,0.00013881796884426147
21966,0.0012828639133952366
21967,0.002936866257885976
21968,0.0010736247307883957
21969,0.0011970577417406642
21970,-0.001731973547102496
21971,-0.0039540745611491126
21972,-0.006699894937380185
21973,-0.010123263585324902
21974,-0.008544944345951086
21975,-0.008330487660641601
21976,-0.008458927819030956
21977,-0.009083863627553881
21978,-0.0014789628158627943
21979,0.002308582211206376
21980,0.014076450153926109
21981,0.016829459048109223
21982,0.0166485593419044
21983,0.01366637166055813
21984,0.00676371426074174
21985,0.001021923228470165
21986,-0.0010719181512078178
21987,0.0013639567751347773
21988,-0.00338847675555994
21989,-0.007370911743403555
21990,-0.02087572353157301
21991,-0.021595855893197406
21992,-0.022029983239688786
21993,-0.020708781608819532
21994,-0.014614736948091431
21995,-0.005734244009954459
21996,-0.006771056376505546
21997,-0.007985806230626087
21998,-0.01224702768606407
21999,-0.009214479035021792
22000,-0.007076404559875417
22001,-0.005711087216969821
22002,-0.009219667826456704
22003,-0.00865953462013525
22004,-0.0089569209170247
22005,-0.012092984083280982
22006,-0.00849256734074571
22007,-0.008631395570206143
22008,-0.004246449092240957
22009,-0.0034057312205831155
22010,-0.006586440612225553
22011,-0.0065499777671869965
22012,-0.0035222562616794837
22013,-0.0041534795030352826
22014,-0.0027840602882534845
22015,-0.002820416881769843
22016,-0.0036445771722248884
22017,0.00022860041042853025
22018,-0.00036454162047429
22019,-0.004400636190932997
22020,-0.0005532126167299074
22021,-0.0034178964578116507
22022,-0.001537321775078074
22023,0.0001316177566624466
22024,-0.0025061876618128827
22025,-0.0005501634262436758
22026,-0.001612447556509586
22027,-0.00603430273873814
22028,-0.004364254631248503
22029,0.0008639958075996054
22030,-0.00017843525479417543
22031,0.007775987277579739
22032,0.010496341687859116
22033,0.011936000964012863
22034,0.014669820625217697
22035,0.014768336863181833
22036,0.01746355687444257
22037,0.012940959188933003
22038,0.010927675075091294
22039,0.010909252134175063
22040,0.006540713599113813
22041,0.002801426104254977
22042,-0.002822403629065957
22043,-0.013637040228759452
22044,-0.017181451787332703
22045,-0.01863652021159133
22046,-0.020950589732433248
22047,-0.015837622961653808
22048,-0.015272337914886636
22049,-0.01668996210944456
22050,-0.011905823550826965
22051,-0.01453901414168472
22052,-0.008248518964099096
22053,-0.0006457285414397684
22054,0.0017796811952500088
22055,0.001960496330332625
22056,0.0022210222436731624
22057,0.001988270504587006
22058,0.004261227133600072
22059,0.0031216688901721766
22060,0.0025299984391573866
22061,0.0017308831113745872
22062,-0.0014691108866929589
22063,0.0011166479896362737
22064,0.000899376259537051
22065,0.002512039612647445
22066,0.0036240099600010705
22067,0.005544772875433013
22068,0.0037966800262857997
22069,0.004943449928844251
22070,0.003889611295706588
22071,0.007529487578306344
22072,0.008376726164991008
22073,0.011524502468307546
22074,0.006750896188146093
22075,0.0049346867277593
22076,0.002098828092729621
22077,-0.0016930895235244292
22078,-0.0026165236523363056
22079,-0.006226739927801112
22080,-0.004725410051176041
22081,-0.007894270375012762
22082,-0.007821664167561963
22083,-0.010535114213247765
22084,-0.006739773911960861
22085,-0.0010938677746290865
22086,0.0016474690213927749
22087,0.004442166861234622
22088,0.004017722653307551
22089,0.0074789948926264295
22090,0.008991119917551336
22091,0.009034130084580963
22092,0.0035965057981026585
22093,0.002829845710878758
22094,0.00609661605281797
22095,0.002934197466756898
22096,0.0027883338048924344
22097,0.0005051983146395672
22098,0.001589665830941622
22099,0.0011234775774025508
22100,-0.0028378730108953552
22101,-0.004983920675507647
22102,-0.001815790791384316
22103,-0.0034095391163672085
22104,-0.003975559443353338
22105,-0.006642138004527357
22106,-0.00514921365473815
22107,-0.0020263373971240815
22108,-0.003502741464283077
22109,-0.008231253908446508
22110,-0.00405254773714752
22111,-0.0025866871552778043
22112,-0.002281127891012745
22113,0.002952150765776017
22114,0.0003446482278985193
22115,-0.002097513807488944
22116,-0.005179028217256105
22117,-0.007613996830000932
22118,-0.007526499253041138
22119,-0.004657529818920626
22120,-0.006913873181217376
22121,-0.008257464317319144
22122,-0.009189830006139273
22123,-0.012231493900870758
22124,-0.016157008365524177
22125,-0.014512998175230782
22126,-0.010835104519877292
22127,-0.011473624318409736
22128,-0.009374741161254176
22129,-0.007314171883438471
22130,-0.004833432975730211
22131,-0.0036765186725989623
22132,-0.0030735274950910657
22133,-0.002719545047672203
22134,-0.000366275713372894
22135,0.0022742995828169514
22136,0.00016365730962915047
22137,-0.000436109782725533
22138,-0.002053859683114899
22139,-0.0017975725263134098
22140,-0.002283148400632108
22141,-0.0009189046549351841
22142,-0.003260085663981672
22143,-0.0013862409494023752
22144,0.00344307301508954
22145,0.0018667181451055297
22146,0.005682076859750719
22147,0.007608418283494687
22148,0.008135404059296641
22149,0.007364677377329224
22150,0.0062130992462476565
22151,0.006941563708763691
22152,0.007176079912808726
22153,0.0062487548208376795
22154,-0.00028255225144952753
22155,-0.00069617616223337
22156,-0.0050406911517482875
22157,-0.0069331488399392805
22158,-0.006765061097848706
22159,-0.005167742301917241
22160,-0.004187571203370964
22161,-0.0036286051041206076
22162,-0.0008921199363586902
22163,-0.0024473130852639036
22164,0.0014912386719873264
22165,0.0020362295895662978
22166,0.004257409047964476
22167,0.005655500383067004
22168,0.005709427702886686
22169,0.005809198921305827
22170,0.004180286883797873
22171,0.0031676830050545715
22172,0.003364396215615169
22173,0.005525306110346309
22174,0.0048189509270119375
22175,0.006853972827511341
22176,0.0048517982835214295
22177,0.004935466160098537
22178,0.005022887792483957
22179,0.002625996674199413
22180,0.004395592678632537
22181,0.0026272263885321412
22182,0.0011044835002303702
22183,-0.001174224341139288
22184,0.0016822241176361525
22185,-0.0024635797611118402
22186,-0.0013799516340611143
22187,0.001318222246751635
22188,-0.0006444902583533227
22189,0.004512092759441377
22190,0.005057623789966824
22191,0.011299544622213449
22192,0.013663573589288682
22193,0.014226945446353521
22194,0.011646503356543277
22195,0.013110424059958626
22196,0.014661829763421444
22197,0.012084755464162374
22198,0.00994864913588186
22199,0.005134799738576605
22200,0.004406088990005813
22201,-0.00031320846335513723
22202,-0.0011568608933798844
22203,-0.00425987548177323
22204,-0.005026082241263516
22205,-0.005156581999227261
22206,-0.009563859927589192
22207,-0.015461274940538575
22208,-0.008510186355520276
22209,-0.010171331576248374
22210,-0.010923259821048768
22211,-0.01125249041944187
22212,-0.010636537688798544
22213,-0.007879614844615983
22214,-0.01133655796832179
22215,-0.015065082707544003
22216,-0.013370117387257411
22217,-0.011997394842287774
22218,-0.015038949606791868
22219,-0.01313057867416576
22220,-0.012076809946602598
22221,-0.01147864209631156
22222,-0.012493330466429432
22223,-0.013145411290506682
22224,-0.01367418708305244
22225,-0.006133355033269968
22226,-0.002947798124712917
22227,0.000687730140614648
22228,0.0004231698978684463
22229,-2.9104973554944697e-05
22230,-0.003713744378801357
22231,-0.0040238380740651196
22232,-0.004664970997826333
22233,-0.004756596640712462
22234,-0.0018752928878322179
22235,-0.005986174108625416
22236,-0.009577437545167112
22237,-0.00864599514481498
22238,-0.005540050672803069
22239,-0.003948150675443713
22240,-0.0031728919604497763
22241,-0.005403893373683013
22242,0.0002706124591920605
22243,0.005098798856506795
22244,0.008145598374129545
22245,0.004219296099372963
22246,0.005608087581103711
22247,0.005105368777153421
22248,0.0013112170751525456
22249,0.0013144124322095913
22250,0.00476324386063877
22251,0.00817404221725853
22252,0.0027224024317212625
22253,-0.0012307879301572276
22254,-0.0025235223925012453
22255,0.0019831446198095666
22256,-0.002432488202378279
22257,0.006245633509594662
22258,0.0074462614530586505
22259,0.012799373974209926
22260,0.011910437008124478
22261,0.009725283691132436
22262,0.007027039980914345
22263,0.006517456482307363
22264,0.006303764892079073
22265,0.00492731417215434
22266,0.009188823937071624
22267,0.0006470852725324272
22268,0.001363927144564217
22269,-0.003538523024811527
22270,-0.0031764455411854293
22271,-0.002561976660864632
22272,-0.0017786600368886363
22273,-0.0012299425473987855
22274,0.0008390898123098349
22275,0.001980769493577446
22276,0.0022375062964192552
22277,0.0009823330194728647
22278,-0.0004213441763162962
22279,-0.0022578851276509647
22280,-0.010066783996646862
22281,-0.017384215738489
22282,-0.01575949268758904
22283,-0.017573306250917364
22284,-0.020974362113920536
22285,-0.020456639321793646
22286,-0.021124510811143835
22287,-0.02037331662006237
22288,-0.017848352380418993
22289,-0.014964263843768867
22290,-0.006343975572426777
22291,0.000772744748532845
22292,-0.00023840575134817608
22293,0.00158852922149534
22294,0.004129911437921416
22295,-0.0011316534808787368
22296,0.0015927411205774614
22297,0.0030436131833399805
22298,-0.0018307762491296408
22299,-0.00032718430256348545
22300,-0.003131367426278523
22301,-0.003551337379497973
22302,-0.003149285211072058
22303,-0.003738432226456213
22304,-0.010184956548319048
22305,0.0011433219529567958
22306,-0.003164056492750759
22307,-0.007539332834872584
22308,-0.005454567322016533
22309,-0.00845480040539442
22310,-0.009133561538342043
22311,-0.007952002038751066
22312,-0.006857797307072814
22313,-0.0068910311138674265
22314,-0.007774190215993639
22315,-0.014625070301024883
22316,-0.013932776051468376
22317,-0.014361565385908354
22318,-0.01374982238301128
22319,-0.01245737240304215
22320,-0.010653306313300678
22321,-0.010931159056560356
22322,-0.013037656213481368
22323,-0.015434759763435958
22324,-0.007020191391799411
22325,-0.009444064710379034
22326,-0.007102824374796116
22327,-0.002811898977840836
22328,-0.006649446455388815
22329,-0.011907617858587953
22330,-0.013100819190508881
22331,-0.016681400216512352
22332,-0.015169801144135821
22333,-0.01059113658361038
22334,-0.015207662279247565
22335,-0.01523873723310666
22336,-0.015308304782584556
22337,-2.235519214704777e-05
22338,0.007122341676022643
22339,0.01093743310567666
22340,0.010964218361290117
22341,0.010484959049668386
22342,0.010608537579954344
22343,0.00985503939389402
22344,0.008618875955635387
22345,0.01212037206406483
22346,0.00861652668487446
22347,-0.006113163953570638
22348,-0.009985386966823388
22349,-0.014679561619165036
22350,-0.012532640859820629
22351,-0.008876384652477002
22352,-0.007192194562662831
22353,-0.011370475020749818
22354,-0.008120182291410776
22355,-0.015612248677931718
22356,-0.012074967474243168
22357,-0.012940054787803313
22358,-0.0170709932390741
22359,-0.013571250834153318
22360,-0.016832889023115055
22361,-0.01743371117998391
22362,-0.02515288472111402
22363,-0.021570641886272782
22364,-0.023442251982343905
22365,-0.005384118020688049
22366,-0.006317857600478267
22367,-0.00048367690155104757
22368,0.00386583146005331
22369,0.004106320006306338
22370,0.0025191578003317225
22371,0.00226914091922615
22372,0.008679196825060784
22373,0.022824160670249467
22374,0.02581181262067988
22375,0.01418667189476837
22376,0.00932814329458567
22377,0.00022685107341034012
22378,3.4217943205545433e-06
22379,0.00166635739469289
22380,0.0071172440967881825
22381,0.008761258012969862
22382,0.0113270292612055
22383,-0.010228496147072266
22384,-0.01129602217840313
22385,-0.007747998845784148
22386,-0.0029057594224253446
22387,0.002629564983505688
22388,0.004142923297320971
22389,0.008111011327029252
22390,0.00598020549705758
22391,0.005568215183803726
22392,-0.004232666523205692
22393,0.003225796318491364
22394,0.00931495528129902
22395,0.006697678498899681
22396,0.013950422541627722
22397,0.0036928786692564343
22398,0.0042053424802632865
22399,0.000465912348543058
22400,-0.0009773971952260815
22401,-0.002478112643179842
22402,0.0049291575958057615
22403,0.007475234602699
22404,-0.0030292348485170422
22405,-0.008160573421536027
22406,-0.01861516536439136
22407,-0.008668914729340598
22408,-0.010050951818887781
22409,-0.011262311397611734
22410,-0.007212315144107723
22411,-0.005497015306859747
22412,-0.0026834026826660297
22413,-0.007747515912625172
22414,-0.004124995456115186
22415,-0.003663862573775042
22416,-0.0017560450785955978
22417,-0.0013826245704467053
22418,-6.598606751323704e-05
22419,0.0015096004817460817
22420,-0.0013989668904520027
22421,-0.007982660166793627
22422,-0.012280671351700571
22423,-0.012556425896243895
22424,-0.014603225662027203
22425,-0.016435492303190725
22426,-0.01598441573927783
22427,-0.012107636528373846
22428,-0.017653723402431883
22429,-0.018708294939160514
22430,-0.012344935617014142
22431,-0.0002852144321374734
22432,0.0014944884267747878
22433,0.0007777242697841337
22434,-0.0027156848161848375
22435,0.0032776949944707725
22436,0.00037752513629933946
22437,-0.013740624648066937
22438,-0.009578298379828924
22439,-0.01561246333240569
22440,-0.019977167465458617
22441,-0.025355987677979447
22442,-0.02729890628037973
22443,-0.022435338698351587
22444,-0.015791483585202704
22445,-0.013086516251808743
22446,-0.011207915717871452
22447,-0.0038879552642973997
22448,-0.005874141971839547
22449,-0.004728244830023854
22450,-0.011897822722618414
22451,-0.01528530125482559
22452,-0.011572471365551536
22453,-0.012618473197166207
22454,-0.016148049387928583
22455,-0.019861843182575185
22456,-0.01869075210045671
22457,-0.022996496170541256
22458,-0.025118673222737004
22459,-0.024647577955530724
22460,-0.029712125737648525
22461,-0.024704152772751037
22462,-0.026118357498024134
22463,-0.029521454041766183
22464,-0.027613270960259652
22465,-0.02720117386741258
22466,-0.02808036199268841
22467,-0.020781849994857347
22468,-0.02249659316961565
22469,-0.026621646502441424
22470,-0.006060367496847078
22471,-0.006659367636320414
22472,-0.0033540012606259714
22473,0.002988671287069596
22474,0.005431206616684664
22475,0.010107762275495306
22476,-0.0028842246712520807
22477,-0.010632704275043802
22478,-0.004826641648589717
22479,-0.0021938696709477754
22480,-0.014575152316962898
22481,-0.022356594982311528
22482,-0.017758936402665126
22483,-0.02010759174755787
22484,-0.020829208034600394
22485,-0.03681740593498483
22486,-0.020338394165195017
22487,-0.010053007901060208
22488,-0.003302818467379977
22489,0.002489157719036766
22490,0.011791327259803017
22491,0.016078161293004135
22492,0.006815294307480924
22493,-0.0005583558548336281
22494,0.004253331651242453
22495,0.01623810735633366
22496,0.016607494171256315
22497,0.01725265781127927
22498,0.011733627806738681
22499,0.02345325742291084
22500,0.01976991320155041
22501,0.02329919630806239
22502,0.020095245000851147
22503,0.02631406712343395
22504,0.02872173026136972
22505,0.030344704996327895
22506,0.036246195788036235
22507,0.03115031432579947
22508,0.02790780273268595
22509,0.011591667656663616
22510,0.008797005202310764
22511,0.003462027284629506
22512,0.011076058940118686
22513,0.008510865518987968
22514,-0.0038785951243635714
22515,-0.01041931500381366
22516,-0.018846620774580526
22517,-0.021331820625377258
22518,-0.01947959272892469
22519,-0.015001613644823582
22520,-0.0194570909653617
22521,-0.01523864916936278
22522,-0.015107061025055823
22523,-0.012506228759061839
22524,-0.01324465437961843
22525,-0.009162464998845364
22526,-0.013082217230617671
22527,-0.0012683236774278742
22528,0.0010124506300083235
22529,0.0110553084176656
22530,0.016051310542730422
22531,0.020110275208134996
22532,0.025460685881326956
22533,0.025950880190153066
22534,0.03246939414715466
22535,0.03332008057839639
22536,0.03597872678645629
22537,0.02529868764246506
22538,0.02099475521425012
22539,0.010431204975451447
22540,0.013281397837904933
22541,0.02136935904588153
22542,0.002696487157778209
22543,0.0008803684407623326
22544,0.001267784741735914
22545,0.005593392842046309
22546,0.0076009506871423955
22547,0.005102491110655646
22548,0.004146308409309564
22549,0.007916797423230622
22550,0.0013234007065507849
22551,-0.012211641286395725
22552,-0.0035306273731178653
22553,-0.002483629942718857
22554,-0.004135808635725926
22555,-0.008363621780351696
22556,-0.012831146224127003
22557,-0.005782934568423023
22558,0.002681627967041675
22559,-0.006410672369010964
22560,-0.005525631805580921
22561,-0.003877568893127876
22562,-0.0025965063773474243
22563,-0.0015359434701016617
22564,-0.0012109502965390506
22565,-0.0011779187565587005
22566,0.0035658289063687904
22567,0.0023092040027399494
22568,-0.0013064067233936785
22569,-0.002145884817243295
22570,-0.000540119960643177
22571,0.002639317306192097
22572,-0.0004139924036440499
22573,-0.0019100760405586204
22574,-0.01090906801475774
22575,-0.015337001024846135
22576,-0.013886325282143189
22577,-0.0191043438650466
22578,-0.022505433585027105
22579,-0.015916638795936303
22580,-0.014964904753913034
22581,-0.017892392463689778
22582,-0.016153890216285917
22583,-0.017676803300166126
22584,-0.012392489455441573
22585,-0.012864972313626901
22586,-0.015990123273722737
22587,-0.021566037845016307
22588,-0.020878511794419064
22589,-0.028072772357877362
22590,-0.023449624925478824
22591,-0.024417304625758158
22592,-0.02265646313973356
22593,-0.02026602770640712
22594,-0.01785980097667088
22595,-0.020113324325233346
22596,-0.020329205094205525
22597,-0.014384788022086216
22598,-0.009660849926739053
22599,-0.001940787615119496
22600,-0.007811458824579501
22601,-0.017837872111680707
22602,-0.013237004477832208
22603,-0.020181569254854995
22604,-0.02070612058674626
22605,-0.016639984078619264
22606,-0.015800723275207918
22607,-0.0077456053817889685
22608,-0.010316319307904089
22609,-0.011036794451693794
22610,-0.021830566567987417
22611,-0.020686606560765722
22612,-0.03049530975112816
22613,-0.016192105234679167
22614,-0.013613039926478195
22615,-0.00958158194572634
22616,-0.016584117589599025
22617,-0.026080904458805537
22618,-0.02922767221548167
22619,-0.024612789644539793
22620,-0.009522495613561131
22621,0.00142722515605302
22622,0.00879302660924841
22623,0.013891396244337387
22624,0.015018278282812018
22625,0.01669435965185416
22626,0.024129788188183184
22627,0.026941733693423463
22628,0.025682643922347422
22629,0.0216344304220076
22630,0.01686443355185257
22631,0.019821667898373255
22632,0.012404469137972874
22633,2.8718732878496312e-05
22634,-0.013121178713271621
22635,-0.007855049842994495
22636,-0.006816557148926222
22637,-2.1954972578544705e-05
22638,0.004550122699758527
22639,0.007808829987132632
22640,0.011022968375578564
22641,0.012951668451024216
22642,0.01729163388048101
22643,0.02088908729063453
22644,0.02750330630693181
22645,0.019299795433900098
22646,0.02723084213289959
22647,0.018456264257124516
22648,0.023872341020549855
22649,0.02655437522740067
22650,0.023274733312321248
22651,0.017616157430732356
22652,0.01630110077694521
22653,0.014824351331094188
22654,0.020653053655255462
22655,0.02749258251218164
22656,0.017217792924559255
22657,0.01510280467268409
22658,0.006644081053691769
22659,-0.0018529651915846512
22660,0.0006055301382411075
22661,-0.005296791201360682
22662,-0.006771358060065054
22663,-0.012109360923757258
22664,-0.016156882357633014
22665,-0.02363889942220317
22666,-0.0210418167461251
22667,-0.011774754006531118
22668,-0.00954267378017103
22669,-0.0060621344053323
22670,-0.013102935198133976
22671,0.0027671623452560747
22672,0.006713072196534569
22673,0.009876196800633476
22674,0.015417130186386688
22675,0.01785577145816236
22676,0.021920398838390667
22677,0.02116815896783777
22678,0.021327895022588365
22679,0.0086148035201703
22680,0.013357536230117551
22681,0.002146263861802891
22682,-0.003752100153993231
22683,-0.002451849043649213
22684,-0.0050304992706562
22685,-0.008815152799266738
22686,-0.02570269143630559
22687,-0.03166452155984859
22688,-0.028027455640924674
22689,-0.019091437352705
22690,-0.01830983396024378
22691,-0.02169996537535026
22692,-0.018148022100844846
22693,-0.019837239256930657
22694,-0.01419744690712539
22695,-0.012282073206500457
22696,0.0002694126427148152
22697,0.01338001530098506
22698,0.017343346198026747
22699,0.02262927783420654
22700,0.026804051160717178
22701,0.039637897031936646
22702,0.04163426986527657
22703,0.052571604665018694
22704,0.04812078942306847
22705,0.049361084774937426
22706,0.05203700613259391
22707,0.04028886319558405
22708,0.027622146543794752
22709,0.017599931161435788
22710,0.012514128114075025
22711,0.0034113051557039275
22712,0.00793359756433884
22713,-0.004520571901840809
22714,-0.003706166929836541
22715,-0.0006259180431068656
22716,-0.007571790256689844
22717,-0.005460303005586634
22718,0.005543613700623793
22719,0.01320131913531397
22720,0.013568813787960024
22721,0.024527305159373153
22722,0.023441465192301676
22723,0.026727704839932954
22724,0.026645823689844982
22725,0.025420149666507918
22726,0.033952834956664145
22727,0.02597369435329517
22728,0.023868610329789697
22729,0.02333163336932966
22730,0.034239803846507044
22731,0.03585601869095998
22732,0.03237461432561124
22733,0.06672806466864886
22734,0.06876349249345386
22735,0.06664330398957691
22736,0.06158335402793639
22737,0.06768373168363569
22738,0.062399191198750766
22739,0.09629156047476876
22740,0.059486842135607516
22741,0.04327613481465948
22742,0.025038603017552112
22743,-0.00763762443467541
22744,-0.010837917019934935
22745,-0.007702977910707159
22746,-0.01110107382506157
22747,-0.011177023751312678
22748,-0.0070916345368827035
22749,-0.041728095459879704
22750,-0.018832974315901082
22751,-0.007629866405646694
22752,-0.00996901963625902
22753,-0.008393408371450419
22754,-0.014292579433182821
22755,-0.009689096574241893
22756,-0.005690634164604084
22757,-0.004345398739146464
22758,-6.518346660046983e-05
22759,0.005895832438030082
22760,0.0006408599669669255
22761,-0.012356633031474308
22762,0.005096113319747875
22763,0.007878982409011534
22764,0.014813210246253853
22765,0.0067416714947048295
22766,0.005274160101857351
22767,-0.001404741245436992
22768,-0.0109736337787275
22769,-0.014852331142073625
22770,-0.0018897556619922886
22771,0.004395189784813241
22772,0.00793226093012045
22773,0.015016433716971629
22774,0.016274126976778647
22775,0.008055956198839481
22776,0.010085411513699584
22777,0.021530892271060423
22778,0.020254785110593726
22779,0.018825096211282945
22780,0.010601724130271568
22781,0.012247296342401608
22782,0.003943913825150642
22783,-0.009749884870241582
22784,-0.01201791476167524
22785,-0.001080448150863475
22786,0.0017840142435477165
22787,-0.007294936906919361
22788,-0.01081790583913439
22789,-0.008753108995897032
22790,-0.0005942688089649725
22791,-0.005832625758712746
22792,0.0005285501156221633
22793,-0.0011202677381935667
22794,-0.0014933866082233462
22795,-0.00460643767076625
22796,-0.009010021767615927
22797,-0.011066690066110881
22798,-0.005479037334330305
22799,-0.000554635933593277
22800,-0.00613288307358353
22801,-0.0034008457453452
22802,-0.005406440661151598
22803,-0.01966107258490999
22804,-0.026749729024266082
22805,-0.03461095107240675
22806,-0.046587997675898586
22807,-0.04197812516862842
22808,-0.03256059337880436
22809,-0.04186166156582272
22810,-0.04292678744058236
22811,-0.03973170655466648
22812,-0.033702196137039724
22813,-0.021100471389012262
22814,-0.001119091953049932
22815,0.007853274150400817
22816,0.020774150973456484
22817,0.0274148634990998
22818,0.01468199274270194
22819,0.02216195667708354
22820,0.017496016013400766
22821,0.017554179664668094
22822,0.013897383359096264
22823,0.012995370210413635
22824,0.0029705231607799814
22825,0.002468690832075285
22826,0.0017529480429724473
22827,-0.013100056602915142
22828,-0.010354547366618836
22829,-0.01155085620286432
22830,-0.014192874022904884
22831,-0.011268565785957292
22832,-0.01315825568271313
22833,-0.006387468930263084
22834,-0.007539298016659219
22835,-0.008584688880168306
22836,-0.005031687142010222
22837,0.0033370271423376363
22838,0.002442934465826843
22839,-0.0010640408871169873
22840,0.008351408603290696
22841,0.005095204008589856
22842,-0.0005318809010911358
22843,-0.003459558295588291
22844,-0.005304684323422033
22845,-0.004061813235527902
22846,-0.006752256670752051
22847,-0.009384460659637661
22848,-0.008573864613686085
22849,-0.0034666893689817156
22850,-0.011763152788973425
22851,-0.004741481841269817
22852,0.0012570079483388125
22853,0.013892014531559218
22854,0.014471563025325998
22855,0.014879678921713635
22856,0.010782921235770035
22857,0.01975108186134601
22858,0.020713496252682016
22859,0.020279088069535923
22860,0.025273746635092225
22861,0.015138604285316458
22862,0.02925689949487853
22863,0.021733948185284627
22864,0.023186136399031533
22865,0.022370455006549012
22866,0.03355204747976804
22867,0.029701448642369167
22868,0.02744426596703776
22869,0.02164792144882577
22870,0.021875411566996187
22871,0.022499111810384168
22872,0.005126597123084775
22873,0.0014356210813793045
22874,-0.0036887358918790466
22875,-0.004616206402187595
22876,-0.01605508874321306
22877,-0.01859914091119602
22878,-0.016704837689336737
22879,-0.012678319918406622
22880,-0.005965557296368364
22881,-0.004743082131982277
22882,-0.000734092652347074
22883,-0.0028095732459120894
22884,-0.0018638350447653836
22885,-0.006309814008826943
22886,0.0006280197960332636
22887,0.005711766445755423
22888,0.005238535881762826
22889,0.0051382382863595245
22890,0.0001365964333337871
22891,-0.0019500522840105164
22892,-0.0032886690779509982
22893,-2.0810684371917686e-05
22894,0.0011724291853329172
22895,0.008001918423355896
22896,0.004266346674379822
22897,-0.00030188192525052875
22898,-0.0018530138791156478
22899,-0.006277903958107699
22900,-0.012075196615091844
22901,-0.00590461775588429
22902,-0.008382204047192783
22903,-0.00432316280148717
22904,-0.005170659274345381
22905,-0.008608788948371339
22906,-0.00812530545999852
22907,-0.004953637677343164
22908,-0.01266455312243567
22909,-0.009029330212746677
22910,-0.003656524421975203
22911,-0.008830083106500297
22912,0.0030631129063585696
22913,-0.0035409890523632553
22914,0.003522207987974246
22915,0.0066621809717493955
22916,0.007874585144319818
22917,0.005825573167991722
22918,0.015664469025674834
22919,0.017420700572284713
22920,0.02008358548391047
22921,0.020408778521856127
22922,0.011456695245535727
22923,0.008148660474438088
22924,0.003028724435914735
22925,0.0009459977425116643
22926,0.0013220605010926063
22927,0.0002189266537366615
22928,-0.0042497214071521225
22929,-0.010603053526214616
22930,-0.015420050184625925
22931,-0.010915487804844418
22932,-0.01213993872708128
22933,-0.009103410470739131
22934,-0.013561457092582383
22935,-0.011197019241377178
22936,-0.011571780253376098
22937,-0.004765612261875546
22938,0.00025021367187585345
22939,0.004944866755364499
22940,0.00937137857319968
22941,0.0050581905474174705
22942,0.007353621790166131
22943,0.01137412867964694
22944,0.01689960192861725
22945,0.01589403117371618
22946,0.016539523853677598
22947,-0.0013195609278232729
22948,-0.00874329618808234
22949,-0.006524984947817636
22950,-0.010768524162204656
22951,-0.012616971693475133
22952,-0.013879215073145178
22953,-0.022272633532687162
22954,-0.02349593448689129
22955,-0.028368580469950146
22956,-0.027785256121446496
22957,-0.015590163100616457
22958,-0.0143489302657688
22959,-0.010519052102447697
22960,-0.009413279324082058
22961,-0.008580215066588782
22962,-0.009152854900801588
22963,-0.003630757818770732
22964,-0.003054878425473775
22965,-0.0019318034930196862
22966,-0.0019403917345283321
22967,-0.005752738966914405
22968,0.006761852079562096
22969,0.001739205990705683
22970,-0.0006347834653101557
22971,-0.00017790741720706714
22972,0.0003517333236355216
22973,0.0020106722482049356
22974,0.004874073408713223
22975,0.010356650464401932
22976,0.011676664275748278
22977,0.00791438145731061
22978,-2.2114058644208195e-05
22979,0.0008472589655956106
22980,0.002712042554098112
22981,0.0013406446332497352
22982,-0.00020278617986621276
22983,-0.003934722458148023
22984,-0.009562538948146128
22985,-0.010593255033765554
22986,-0.014459254787488168
22987,-0.008503803170016581
22988,-0.00805196351666674
22989,-0.014420947333719172
22990,-0.013896931586516037
22991,-0.01775137866943733
22992,-0.013362456380765313
22993,-0.012123827945503084
22994,-0.007971795973203508
22995,-0.018485484679660116
22996,-0.017746693351275444
22997,-0.014576283196359136
22998,-0.016486742180644824
22999,-0.011378716395041552
23000,-0.0007667955959673472
23001,0.006093887415429968
23002,0.006441327687430296
23003,0.0029635389317887177
23004,0.00338483666874724
23005,0.013228433907983258
23006,0.013697964735026973
23007,0.011940563353818935
23008,0.014627109265657138
23009,0.0128554864502469
23010,0.0002590532051005132
23011,0.0008159137890291442
23012,-0.0027660732773405043
23013,0.009381570353444574
23014,0.0075608525104377735
23015,0.005164729594167506
23016,0.004340736324083872
23017,0.0026936206375866353
23018,0.00138915144328536
23019,0.006933754392248309
23020,0.00814613370524625
23021,0.002654644352447499
23022,0.00567916463467111
23023,-0.002037708133467293
23024,-0.00033546535138425976
23025,0.0010194168798420983
23026,0.0005593884552849578
23027,0.001215316821065003
23028,0.005538886616573979
23029,0.002576161203451245
23030,0.002987205795013833
23031,0.004691630201454922
23032,0.002551846323284617
23033,0.003603079861661775
23034,0.002068732512487235
23035,0.0031743415330264006
23036,0.0017129189034692821
23037,-0.0065327112192872456
23038,-0.012713213134199283
23039,-0.013968027271993323
23040,-0.014295996779776258
23041,-0.013868640754301104
23042,-0.007620404120702985
23043,-0.0028099252950975723
23044,-0.0028198010930104724
23045,-0.006897433965804192
23046,-0.004282243242133915
23047,-0.0014002274723250517
23048,0.0013201335345899288
23049,0.0035345550323875267
23050,0.003742201104087787
23051,0.006520110573321479
23052,0.0016738057146788398
23053,-0.0037356517594987534
23054,-0.002056900452004985
23055,0.0022550954336464806
23056,0.0020522818001336516
23057,0.002736487370932466
23058,0.004573229945074564
23059,0.00243502202896289
23060,0.0013417789748117969
23061,-0.002061754032801194
23062,-0.0035916098071441136
23063,-0.005549243816824653
23064,-0.003317535545023648
23065,-0.004094193585239778
23066,-0.004342132252909167
23067,0.00041371383912958484
23068,-0.0008100048777874993
23069,-0.0005705937040386873
23070,0.001642983147801947
23071,0.0027374537200306535
23072,-0.002806256553150606
23073,-0.0007146443105365222
23074,-0.006164734383012015
23075,-0.0009518306034043817
23076,0.0007732798110843588
23077,0.0003323828350505445
23078,0.000868279256266788
23079,0.0011280749289505482
23080,0.00020825873354636163
23081,0.00124613357772944
23082,0.012114198931203558
23083,0.013554267597673765
23084,0.015592802496647977
23085,0.005959273703470376
23086,0.004803818971572777
23087,0.001253690402402237
23088,0.0014798636016563234
23089,0.00138945736691661
23090,0.012567673575579131
23091,0.011766183221675594
23092,0.008027758597429161
23093,0.0066838046272494145
23094,0.004701208456211697
23095,0.009907527837813386
23096,0.013123019569965798
23097,0.016720520547749144
23098,0.015906117330458287
23099,0.014998246638723527
23100,0.0034436839583442164
23101,0.004502294968879793
23102,0.0028348456745591415
23103,0.004896190159086638
23104,0.006995214797102381
23105,0.002932644952454336
23106,0.00204219235305853
23107,0.0018578540307433733
23108,0.0002719346546091782
23109,-0.00555236491913098
23110,-0.005947063859198501
23111,-0.005058246388273663
23112,-0.0028093755094421723
23113,-0.005030701995770041
23114,-0.0051996511672620675
23115,-0.0019543570159782555
23116,-0.004227556721803992
23117,-0.007992201194782297
23118,-0.01334143849784283
23119,-0.008061776061776082
23120,-0.010477990435370703
23121,-0.013276802116412948
23122,-0.016023656429495377
23123,-0.017778889072014137
23124,-0.017796893754158192
23125,-0.017750682555705426
23126,-0.018328127478614408
23127,-0.01162980485322335
23128,-0.005146490870776135
23129,-0.005055956046492589
23130,-0.00506450052499088
23131,-0.005025939593544215
23132,-0.0044129757959224395
23133,-0.005243910357893852
23134,-0.005355719882406207
23135,0.003177011712267012
23136,0.002531144754279378
23137,-0.0057480030068859
23138,-0.004437128871413609
23139,-0.001364447639896068
23140,0.0016722778896118133
23141,0.021671925644554932
23142,0.025424757124151716
23143,0.028554659552817607
23144,0.02844770272526104
23145,0.018212470708216674
23146,0.017105403541940827
23147,0.022687787724430412
23148,0.018547013346811192
23149,0.017082924091483022
23150,0.01943142584632383
23151,-0.000716061060633298
23152,-0.0038667327752331397
23153,-0.0011572500974436708
23154,-0.0022583581999857105
23155,-0.001080095602106156
23156,-0.0005199760765887683
23157,0.0010770803228421849
23158,0.0037992324628680243
23159,0.002673440022163328
23160,0.00044735359042162375
23161,0.001164468307044765
23162,0.0011503862696304996
23163,-0.003944719386815553
23164,0.001317495986435951
23165,0.0007925697850090666
23166,0.0023487271591573185
23167,0.0005354258409860848
23168,-0.007417320244132473
23169,-0.00895302221945297
23170,-0.008887247383616004
23171,-0.017102510194865236
23172,-0.01764153474644475
23173,-0.015584231567799773
23174,-0.020018647229773166
23175,-0.019505866394243065
23176,-0.019242861541804514
23177,-0.01971035479089031
23178,-0.011445651671131004
23179,-0.008704466341137076
23180,-0.012055671143593372
23181,-0.004857594777877652
23182,-0.002628022871832331
23183,-0.0024873389430114614
23184,4.273732264724935e-05
23185,0.0008972496971854614
23186,0.0010589961290678237
23187,0.0005392944030545533
23188,0.00022850332047470753
23189,0.0018077224963732128
23190,0.0038597998605230856
23191,0.004956527352837384
23192,0.005185323687200741
23193,0.0029571818011444742
23194,0.00087478700370529
23195,-0.0016928077322571344
23196,-0.0014652583825909406
23197,5.74018872591971e-05
23198,-0.0008165118498972257
23199,-0.004904041888464254
23200,-0.0030971927065958547
23201,-0.004029577575462431
23202,-0.013173739746381072
23203,-0.011704147221371981
23204,-0.015318030967903812
23205,-0.009805805636729592
23206,-0.010395028898846467
23207,-0.02159277650193457
23208,-0.019857595413916292
23209,-0.016818787019511103
23210,-0.02052920587469451
23211,-0.015888669892582984
23212,-0.009094515567191385
23213,-0.009059466651123388
23214,-0.006174335937306712
23215,-0.009755830101358606
23216,-0.009475441749678284
23217,-0.00019828884936146617
23218,0.002275847618433626
23219,-0.0002930969661974428
23220,0.001428808947916046
23221,-0.003177543021913673
23222,-0.008857819226972664
23223,-0.0023525135813104547
23224,-0.0016246244812871632
23225,0.0011393205325540183
23226,0.003358381088090838
23227,0.004596460839573605
23228,-0.0012093139394775702
23229,0.00022523241554290473
23230,0.0010888510685231076
23231,0.0007910475142176228
23232,0.006180917550168096
23233,-0.0005083368117103948
23234,-0.0002501910162946991
23235,-0.001011609366033843
23236,-0.0051719240742746616
23237,-0.002484405659900741
23238,0.0023597878796305293
23239,0.0031712845019941107
23240,0.0013396585218632495
23241,0.003132359799036194
23242,0.0034146729400081543
23243,0.002890746792885156
23244,0.0016153534267730478
23245,0.002293291777367087
23246,0.003161776745403493
23247,0.0005202520631493032
23248,-0.0012672142839202341
23249,-0.003027277901834609
23250,-0.0008494806843367957
23251,-0.002074994517944655
23252,0.004245042016118547
23253,0.0066239932765122045
23254,0.006737163625116052
23255,0.000675979973691462
23256,0.0014467618830603117
23257,0.0018048655875513785
23258,0.0012141391060696263
23259,0.0034648141593024836
23260,0.0037428843463381094
23261,-0.0003671092388766931
23262,-0.0072828978291675315
23263,-0.009925841083051527
23264,-0.012483383274431045
23265,-0.007753185444443543
23266,-0.007967601497247732
23267,-0.005030381788510799
23268,-0.005191802582991835
23269,-0.005884201413760551
23270,-0.000918518267805304
23271,0.0038518127729417115
23272,0.003877915624019095
23273,0.0075025706404961865
23274,0.010153373031130388
23275,0.009657788969128422
23276,0.010383245243331235
23277,0.007589005908040105
23278,0.007402344569994254
23279,0.0049801211923409935
23280,-0.0029931856765156844
23281,-0.0035567447056123074
23282,-0.0029167077000674816
23283,-0.006131171753827541
23284,-0.0041285012417587325
23285,-0.0030624348995722823
23286,0.0007742739396935171
23287,-0.001860308732583524
23288,-0.00263369875405672
23289,-0.0006676179589815229
23290,0.002121058203289994
23291,-0.0019233135845010652
23292,-0.0010263690684835978
23293,-0.0009726474072510196
23294,-0.006118408528459817
23295,-0.01309531746560879
23296,-0.017327464236098693
23297,-0.017049828056818706
23298,-0.01377891036300882
23299,-0.013881176961553823
23300,-0.013531308469812197
23301,-0.006835577413119603
23302,-0.0069173595859324455
23303,-0.011443035923783243
23304,-0.008045535675083397
23305,-0.005335424796940097
23306,-0.004424325105963354
23307,-0.0033595343156252056
23308,-0.0059153732744234525
23309,-0.0017579791419272523
23310,-0.003916960090505824
23311,-0.006292026158937674
23312,-0.01042202125409306
23313,-0.009102496840091158
23314,-0.00767529266936323
23315,-0.00400925593285869
23316,-0.005119320344744502
23317,-0.004552581285878505
23318,-0.0015892039048159658
23319,-0.005805728956533343
23320,-0.004062063450888805
23321,-0.008572977095694344
23322,-0.006260915254338549
23323,-0.00503787470185661
23324,-0.0028759865154640695
23325,-0.007601562782729524
23326,-0.007021436172392937
23327,-0.009816695746188254
23328,-0.01184605560857679
23329,-0.011554445254343208
23330,-0.015769412626342752
23331,-0.009296991874358255
23332,-0.007058014875485757
23333,-0.0052464879610253125
23334,-0.006002740472893603
23335,-0.001969195086234442
23336,-0.008251206407903623
23337,-0.003362410948104377
23338,-0.004348476266001972
23339,0.0018555067191880846
23340,0.006312626284390896
23341,0.0033722803702087765
23342,0.003274230576993027
23343,0.002447408272143168
23344,0.00014467723686406635
23345,0.0035342720815757884
23346,0.016263316568259405
23347,0.015349174380937365
23348,0.01905920113018928
23349,0.013934853084275823
23350,0.011017680340102242
23351,0.01346823400154845
23352,0.011531272673977914
23353,0.013874249887502016
23354,0.011792660096632823
23355,0.008723016468383476
23356,0.0015917859659180893
23357,0.00946072098042586
23358,0.008170800153042465
23359,0.007875982787811726
23360,0.016423080605772983
23361,0.014914482517074303
23362,0.016413436747972084
23363,0.013793709470347944
23364,0.015934175156834613
23365,0.015483258190131688
23366,0.017192021545837512
23367,0.013111110782301653
23368,0.010316342029665217
23369,0.00878758943683415
23370,0.003588811266795578
23371,0.0029749800014906946
23372,0.007039529008579133
23373,0.009107023911557089
23374,0.009073278705044496
23375,0.007853896838289473
23376,0.005739052669011564
23377,0.0015288447495253172
23378,0.003536769954731363
23379,0.008435794797244076
23380,0.008581586331688313
23381,0.008691029441538932
23382,0.0030317602296786594
23383,0.002239975867775972
23384,0.006412074253467824
23385,0.008838481730481707
23386,0.013810655734835453
23387,0.013006549939423706
23388,0.015401613216596438
23389,0.011248098317527674
23390,0.008424489672846204
23391,0.01543190807974365
23392,0.01678384587865243
23393,0.010705948830730066
23394,0.004683743187381277
23395,0.003708508247068177
23396,0.00017236775163381184
23397,3.4548977494188825e-05
23398,-0.00314984031342346
23399,0.0009172827778006856
23400,0.001561166683150393
23401,-0.004877742230347355
23402,-0.004633978261484236
23403,-0.002693336736653279
23404,0.00038210944570511886
23405,6.99468576591213e-05
23406,-0.001050140013873252
23407,-0.0007220486835854298
23408,-0.009266424377487733
23409,-0.016523469000011996
23410,-0.015362564796512062
23411,-0.014127410782254952
23412,-0.013703837918159642
23413,-0.00784041669524836
23414,-0.006325280917311066
23415,-0.005537504004393401
23416,-0.005357312064219806
23417,0.000729196857798243
23418,0.0077712012422769036
23419,0.010959165155851408
23420,0.010899159524221078
23421,0.0058305294382776495
23422,0.007207190958415202
23423,0.004156713532457079
23424,0.0016583728711633751
23425,0.0014983777463263204
23426,0.000941370375818378
23427,-0.006624781594674831
23428,-0.005517277159446854
23429,-0.005769940796066727
23430,-0.005358091470831934
23431,-0.004584121790123234
23432,-0.0031239223247804225
23433,0.0054670766154462525
23434,0.005319407363535766
23435,0.001842065031773816
23436,0.003192615442295576
23437,0.004897315200109474
23438,0.00915595438456062
23439,0.0068528494158886346
23440,0.007788309677875754
23441,0.009793825975362146
23442,0.010196152511170514
23443,0.003666140137357897
23444,-0.016636088160451114
23445,-0.0156968413910837
23446,-0.013211975558883293
23447,-0.0156349499330903
23448,-0.01752340810255518
23449,-0.015299354793756485
23450,-0.015085385937070234
23451,-0.012697361316102133
23452,-0.01678784176396528
23453,-0.017541334941742946
23454,0.008689862645993885
23455,0.008744489635150907
23456,0.007666687999551037
23457,0.012605371932304103
23458,0.010272738248045405
23459,0.01294584586738778
23460,0.009595961808948316
23461,0.008005460456175657
23462,0.006253507716685034
23463,0.010099960842007724
23464,0.004770063674317831
23465,0.0045804179144717724
23466,0.0015553123356018574
23467,-0.0008367639110553021
23468,0.005105552856577796
23469,0.0019244919090226301
23470,0.0031896625305793814
23471,-0.003058688034076784
23472,-0.007966734636018028
23473,-0.011811346611372934
23474,-0.012924361113195615
23475,-0.004827622107634531
23476,-0.003814051937936244
23477,-0.003915118380206638
23478,-0.009846600988114693
23479,-0.008968993574684527
23480,-0.010545718736417268
23481,-0.012102776068455431
23482,-0.004697683769555182
23483,-0.006758518598203699
23484,-0.008226695853200239
23485,-0.014349991587034126
23486,-0.013682237362053509
23487,-0.013547747517268678
23488,-0.013444466346967419
23489,-0.010128125629573928
23490,-0.005314483512479496
23491,0.000790077403492398
23492,0.002460338058669993
23493,0.006251199323787339
23494,0.00827075915733316
23495,0.005221808176754207
23496,0.005165471615986984
23497,0.004947012503687584
23498,0.0026093055604673615
23499,-0.0005759197976614853
23500,-0.0046794141237541656
23501,-0.0034869249854601225
23502,-0.006947600995309361
23503,-0.007953815573497176
23504,-0.010367101784920705
23505,-0.007107308866420597
23506,-0.007465340537447111
23507,-0.0013167367802120668
23508,0.000686341999956508
23509,-0.0005180681787126343
23510,8.508946907402928e-05
23511,-0.003456996425747324
23512,-0.0024596734473827913
23513,-0.004504990574309567
23514,-0.0007821394453871752
23515,-0.0010655154648920397
23516,0.001445929332308525
23517,-0.003149358896241445
23518,-0.0023299061311016452
23519,-0.0019992567469035577
23520,0.003953821251951102
23521,0.008375357940862206
23522,0.010244344619161712
23523,0.010267690286490702
23524,0.008674142285149922
23525,0.008092597340496784
23526,0.007384092257203828
23527,0.00883516509413118
23528,0.0136655501241426
23529,0.012626146572772586
23530,0.007389424024322747
23531,0.005557229940027179
23532,0.004757383953896546
23533,0.006062999258614911
23534,0.009767536902010649
23535,0.011224488299268878
23536,0.007422784854602637
23537,0.0031170404146554868
23538,-0.0019100110604046872
23539,-0.0005809753694953438
23540,0.0029592387135724636
23541,0.003695521669168657
23542,0.0027577288058579447
23543,0.0007118578382308777
23544,-0.005121780559821873
23545,-0.0036646719302026376
23546,0.0023887955924554853
23547,0.010376381426547938
23548,0.010725668269924835
23549,0.013937250787843688
23550,0.010069629770231384
23551,0.011207836625803002
23552,0.010831526626558927
23553,0.014172578580604951
23554,0.015609036063885973
23555,0.011179448239477812
23556,0.0067100335907611
23557,0.001017560993879409
23558,-0.00891888242317669
23559,-0.014906099411317974
23560,-0.01444254417269803
23561,-0.014409587815293237
23562,-0.013471769398893932
23563,-0.014933759328575184
23564,-0.015011970727749027
23565,-0.010329101356952483
23566,-0.010074576462547532
23567,-0.014755177392816456
23568,-0.00689294338298348
23569,-0.0038073211077836477
23570,-0.010340702653485832
23571,-0.009723328176316388
23572,-0.010408268125702034
23573,-0.012625886521205235
23574,-0.013594864745652708
23575,-0.01608929542961713
23576,-0.014457548789244604
23577,-0.010507669626084003
23578,-0.008911247045112678
23579,-0.009808321290028024
23580,0.007795908230821159
23581,0.00935935275980084
23582,0.01299404280269376
23583,0.015123176906219291
23584,0.016775450934696894
23585,0.015834626765575587
23586,0.016727004133335378
23587,0.016277383597385238
23588,0.013584901650695803
23589,0.009978452994111988
23590,-0.001970805650851167
23591,-0.002350290709965654
23592,-0.003422296181167199
23593,-0.0029948704229283887
23594,-0.00438186602630052
23595,-0.002909431535792671
23596,-0.006049947197979495
23597,-0.008578130560134713
23598,-0.007590741200191496
23599,-0.001965500910203331
23600,0.003710392555314701
23601,0.0028953881021353415
23602,0.0006755553067537183
23603,0.0008137477282875813
23604,0.001682165886447161
23605,0.0018047611596246696
23606,0.0061151082289147346
23607,0.007041426099746611
23608,0.007567521570664179
23609,0.0059215979609279394
23610,-0.0028690971506876786
23611,-0.003497600991370607
23612,-0.0014982133325253549
23613,-0.00465790495985429
23614,-0.0038439933666324726
23615,-0.011596163384297335
23616,-0.013454917316426365
23617,-0.01229336128813197
23618,-0.009042526082809789
23619,-0.007245732820777508
23620,-0.0028949116630524988
23621,-0.00472448590433808
23622,-0.010767604741948105
23623,-0.007129497439236745
23624,-0.010572833743126174
23625,-0.0012026158590212783
23626,-0.0008641002262081641
23627,-0.0006616147110590975
23628,-0.0052828247948335854
23629,-0.006603007146286926
23630,-0.0053009299887470645
23631,-0.004151858889103701
23632,0.00018642814876260142
23633,0.006379757466592829
23634,0.007972340930463504
23635,0.007068820265348676
23636,-0.0016030314438064152
23637,0.0034402571099188166
23638,0.005896449042454872
23639,0.00360634842596752
23640,0.0035643923109448168
23641,0.003882647152120481
23642,-0.001369342650643921
23643,-0.004990810719576963
23644,-0.00351546629027458
23645,-0.0061486539761949925
23646,-0.0037452321607282326
23647,-0.009185846687131877
23648,-0.011320504231347856
23649,-0.00709639945678174
23650,-0.007825866315492107
23651,-0.006432823655390012
23652,-0.007568734522826758
23653,-0.010249319715870906
23654,-0.010401835257531446
23655,-0.009411430917366055
23656,-0.005530577057596697
23657,-0.006925831929982723
23658,-0.0064224440639256255
23659,-0.007923057217270085
23660,-0.008194005701517789
23661,-0.008319335139539056
23662,-0.001785200423639235
23663,-0.00038353541097060483
23664,-0.0009553174026440568
23665,-0.0009566050257343105
23666,0.003452047598471384
23667,0.00450154051923857
23668,0.005916798847077782
23669,0.004038295667080948
23670,0.003925137642748151
23671,0.004914266587551525
23672,0.006083040584210448
23673,0.0038147988955657903
23674,0.0049346163335800474
23675,0.009901535967385253
23676,0.004099597607905229
23677,0.005853299562087346
23678,0.008903693866304708
23679,0.01368694779367502
23680,0.010375514951372424
23681,0.009702691068857443
23682,0.013511267142801677
23683,0.014365293900658459
23684,0.013751747990478107
23685,0.009283618073250885
23686,0.010510392907989698
23687,0.01692436704634235
23688,0.014176459340969401
23689,0.010580658877408347
23690,0.015362804310480994
23691,0.014774343664681762
23692,0.009160302665381407
23693,0.002445912648148357
23694,0.0024107726026019465
23695,0.001456629315322814
23696,-0.005957050272976685
23697,-0.013329676086691855
23698,-0.014064282908940476
23699,-0.015483986446572144
23700,-0.014561466160996529
23701,-0.016007892255072875
23702,-0.018236583662225105
23703,-0.011811875505952482
23704,-0.011095798355618292
23705,-0.013029285529312448
23706,-0.003249272422495487
23707,-0.004338141187044465
23708,-0.0031602893700723935
23709,-0.0014255344204582568
23710,-0.004631939777128856
23711,-0.007940265600073522
23712,-0.005475102506938332
23713,-0.005245714322812642
23714,-0.007521015556926653
23715,-0.003053618921492537
23716,-0.006055678948058153
23717,-0.003955086169236486
23718,-0.006297758941283614
23719,-0.006818639269155415
23720,-0.006203279095801151
23721,-0.004403034844077372
23722,-0.004152225315637707
23723,-0.007446687007456436
23724,-0.001944672708699181
23725,0.0013886185500449496
23726,0.00038965860322831504
23727,-0.00013719005663098314
23728,0.002047020190603119
23729,0.0005100730499600607
23730,0.00211866109190065
23731,0.0036223718352318053
23732,0.0026332984431718504
23733,0.006488745717383004
23734,0.0025775936719821535
23735,-0.0023787117740900116
23736,-0.0014656975705105027
23737,-0.000980954397648526
23738,-0.0027080522031012575
23739,0.007926789186372374
23740,0.006712876344564962
23741,0.008806555489646367
23742,0.013284656999748944
23743,0.011713723788813227
23744,0.012694984044734263
23745,0.012278921788180758
23746,0.01286991682585454
23747,0.013140394301013124
23748,0.01224923870121281
23749,0.003746901067587968
23750,0.0010708394201065616
23751,-0.005074448705049915
23752,-0.004516995039869048
23753,-0.000941604937438184
23754,-0.002206909015907052
23755,-0.002472236484999613
23756,-0.0029013312543003386
23757,-0.002467702730141846
23758,5.3515670829163274e-05
23759,-0.0003657356284126432
23760,0.002179169905707799
23761,0.0038105982337362848
23762,0.001927593995616783
23763,-0.0016872611635256438
23764,-0.0006959994001525302
23765,0.0006047371863955428
23766,0.0007601209128044987
23767,-0.00016090043057779595
23768,-0.0018450157377636165
23769,-0.0021146312483088995
23770,-0.004548222538283461
23771,-0.0028972193239547076
23772,-0.0016130881847023833
23773,-0.0012374933710967244
23774,-0.005003386790282032
23775,-0.005111585358684058
23776,-0.004886436175689275
23777,-0.005261437610452978
23778,-0.0045826239108278715
23779,-0.003609859325126085
23780,0.0009824479732358316
23781,0.000823761711106253
23782,-0.002691842362883874
23783,-0.0034159419858548535
23784,-0.002500669822273862
23785,-0.003922598700956758
23786,-0.005656558370745576
23787,-0.007573671612957142
23788,-0.007375955952004405
23789,-0.0067368063603733324
23790,-0.007994400290136707
23791,-0.007536563114506056
23792,-0.010852835421746011
23793,-0.00814026373366439
23794,-0.005028701129367647
23795,-0.005724049044632284
23796,0.002150333683744785
23797,0.0033418971807845804
23798,0.003992489635685405
23799,0.005127003219565013
23800,0.003826090474456661
23801,0.004108567145394124
23802,0.008555768486123343
23803,0.007025434409604693
23804,0.005502259186025553
23805,0.007997809015614341
23806,0.0012720649726170841
23807,0.003396704222683038
23808,-0.0001953861549014018
23809,-0.0024070233884810276
23810,-0.001943684994420002
23811,-0.003244766572471012
23812,-0.004895194527517615
23813,-0.002519658188474611
23814,-0.007853510194864948
23815,-0.010694267602640837
23816,-0.00880455441701717
23817,-0.008617829045929044
23818,-0.005226561553320537
23819,-0.03381973086419083
23820,-0.028642866495702548
23821,-0.026828732200159473
23822,-0.03062997780272562
23823,-0.034611143227160475
23824,-0.028231442874039732
23825,-0.022860695274596627
23826,-0.020572009656048083
23827,-0.021256952580919863
23828,-0.029501103768577123
23829,-0.007482336999958301
23830,-0.013836810188381942
23831,-0.017208867057704653
23832,-0.018780767580751385
23833,-0.01736101077927655
23834,-0.01308951535567631
23835,-0.020056157363083915
23836,-0.02315111951401515
23837,-0.03265633980531583
23838,-0.01833526014405848
23839,-0.010495892110566498
23840,-0.006295905058049395
23841,-0.004384157697822741
23842,0.0014523824044058659
23843,0.005170466152185198
23844,4.235529050278136e-05
23845,0.003069355435358596
23846,0.019218086051961715
23847,0.029475738430889336
23848,0.01943202504778245
23849,0.01740305950299498
23850,0.012975402943062821
23851,0.014610014895812116
23852,0.012161832569315157
23853,0.009289652349956245
23854,0.0104871617520521
23855,0.005104507216330411
23856,-0.015709775311896514
23857,-0.014583026354767197
23858,-0.005008255382906183
23859,-0.004343640776385315
23860,-0.0037056082968182098
23861,-0.006166215052214327
23862,-0.0024605896837887435
23863,-0.0029818124856228756
23864,0.0016146111989112338
23865,0.0042675844560883455
23866,0.008584730851279115
23867,0.00847379908659043
23868,4.078181205333082e-05
23869,-0.00033401516509190234
23870,0.0016346899188866676
23871,0.005656199702879216
23872,0.0043784359247017735
23873,-0.0003349494204725798
23874,-0.007354500008153902
23875,-0.0028475724814891017
23876,-0.002893519948027211
23877,-0.005024973820875892
23878,-0.0023760615582528234
23879,-0.0025354689010196507
23880,-0.004498937750808814
23881,-0.006432623169764088
23882,-0.011169060572036663
23883,-0.010205303379296246
23884,-0.009829263431389365
23885,-0.010952127341883345
23886,-0.009250769142632426
23887,-0.009071796104713687
23888,-0.009607708215527323
23889,-0.010344284768720876
23890,-0.010318379138208057
23891,-0.008024324703040469
23892,-0.002580500497507808
23893,0.0035511392496065104
23894,0.002910119081346475
23895,-0.0031648579678076956
23896,-0.004196135991688284
23897,-0.0054708347728484414
23898,-0.006044113586810865
23899,-0.005060252733964299
23900,-0.0009549324500390799
23901,-0.0050190511430685675
23902,-0.008052220628784546
23903,-0.010192125124898137
23904,-0.008578919094899665
23905,-0.003134415448468395
23906,-0.0025942051138955944
23907,-0.00038196532635076326
23908,0.0013168395975492028
23909,0.00810655243201294
23910,0.003342166567863475
23911,0.006051986526571836
23912,0.009235016194879944
23913,0.008333509026263683
23914,0.008936512789093076
23915,0.008352500917052787
23916,0.006761847157771004
23917,0.005587316044081999
23918,0.0017250972271834562
23919,-0.005125632470393103
23920,-0.004601144568299676
23921,-0.006516046126525779
23922,-0.012551036734597046
23923,-0.011968320821276938
23924,-0.009139456282237198
23925,-0.01021464111049561
23926,-0.008850110763138692
23927,-0.0011165084373009236
23928,0.0032247138152736877
23929,0.006822946361864092
23930,0.012173777113437109
23931,0.01521646562303095
23932,0.019877594221401142
23933,0.01977621781255678
23934,0.015269839280264782
23935,0.017434813471093973
23936,0.014455087206735209
23937,0.005918160191715591
23938,0.0016343720828740644
23939,-0.00336155196115985
23940,-0.007958592864463892
23941,-0.009598318065626832
23942,-0.009111602497398489
23943,-0.00713397015520802
23944,-0.006089463717113331
23945,-0.0027891351789481674
23946,0.0007274556368641394
23947,0.0027866658366533783
23948,-4.057415551254431e-06
23949,0.0003174006543769152
23950,0.0005201784862430171
23951,0.016958279862406
23952,0.02365278247897584
23953,0.022025802313698207
23954,0.014266881472497777
23955,0.004992818761332021
23956,0.0071577440540337035
23957,0.005585778922220183
23958,0.008965052089624354
23959,0.010525292400494385
23960,0.007187166269966049
23961,-0.00694599604095747
23962,-0.01359421375743955
23963,-0.018626705858293603
23964,-0.011859327531419222
23965,-0.007404528853900788
23966,-0.008493950782092443
23967,-0.009916508964120354
23968,-0.007756004925881283
23969,-0.008082201739501584
23970,-0.0065681857593244556
23971,-0.008999707849923969
23972,-0.011237217525775455
23973,-0.005762032355836395
23974,-0.005766189830554866
23975,-0.0017290371005788928
23976,-0.002735077619337645
23977,-0.0015537990448999052
23978,-0.0017586094234779115
23979,-0.00031499412582743444
23980,0.0002023484915668404
23981,-0.002778457879365503
23982,0.0007350388446741948
23983,-0.0004855068995473507
23984,0.011954751785977673
23985,0.008823151960736741
23986,0.008136961739279093
23987,0.007548776976979581
23988,0.005503111017558704
23989,0.0010516631470840587
23990,0.0016980722088114637
23991,0.007924555600128846
23992,0.006041160095434782
23993,0.00391943055428195
23994,-0.007014637763784058
23995,-0.006135839007271642
23996,-0.005872220264265403
23997,-0.008001700748788034
23998,-0.006082069108605198
23999,-0.005595602053123137
24000,-0.005716096984151122
24001,-0.009154449962467483
24002,-0.014186040075881944
24003,-0.01397137450391724
24004,-0.013935443572191276
24005,-0.00958103786012598
24006,-0.011304608464325638
24007,-0.008318666014369334
24008,-0.008311443023006468
24009,-0.009509482687025053
24010,-0.010483542587275855
24011,-0.007984747952387504
24012,-0.0021533383841792148
24013,0.0004875403714728545
24014,0.004075755827644832
24015,0.003905963811191843
24016,0.006802078621035719
24017,0.011608617279796944
24018,0.014072386227098624
24019,0.018685183732050033
24020,0.02331201042608115
24021,0.01905066860200487
24022,0.019403849855812942
24023,0.017949934220443577
24024,0.014021814720009157
24025,0.007660631937925667
24026,0.0027365940660434556
24027,0.0014337247945950286
24028,-0.0009297391292459167
24029,-0.001633159663875928
24030,0.003077125011763674
24031,0.004622373316665944
24032,0.008765002007761221
24033,0.010115619946497434
24034,0.010185596545689563
24035,0.013537157945942731
24036,0.018100102030379633
24037,0.016097915928130313
24038,0.012708721149943356
24039,0.013248117456291786
24040,0.005189141011064607
24041,0.005709853719926748
24042,-5.532925208385057e-06
24043,0.00045240232704453346
24044,0.0016316171695667106
24045,-0.0004299695525127285
24046,-0.001478743974225497
24047,-0.006201516225423805
24048,-0.00175646311780651
24049,-0.0019260936407591682
24050,-0.005315252305619608
24051,-0.0057670817369094175
24052,-0.006315869070592532
24053,-0.00885564170455212
24054,-0.010700381941717007
24055,-0.01020650484430066
24056,-0.009303074594223247
24057,-0.0070054604960885485
24058,-0.00671147134256497
24059,-0.011110947037726887
24060,-0.010631132841317026
24061,-0.011274990389054072
24062,-0.009493031648285188
24063,-0.005739548832656734
24064,-0.005285860764416825
24065,-0.006789773678343771
24066,-0.008781723562253181
24067,-0.006904785902018057
24068,-0.004707843597623891
24069,-0.0016665313407130996
24070,0.0014185932746137088
24071,0.0012392328374215358
24072,0.0002932543076997543
24073,-0.0019352417244101329
24074,-0.0006800283984349183
24075,0.0006257560568817278
24076,0.0014990255865144479
24077,0.0018998785251895765
24078,-0.0003753217543771607
24079,-0.0018768478678159648
24080,-0.0007642137368431631
24081,0.0015895449366162728
24082,0.002606357038444065
24083,0.004337437454320625
24084,0.004797447019348976
24085,0.004931180248829646
24086,0.0025406928799468612
24087,0.003141758774016029
24088,0.000701112720681738
24089,0.0006665457414282572
24090,0.0008471083269782327
24091,-0.0003438133068830456
24092,-0.0019032873434505927
24093,-0.0008785441481650923
24094,-0.0024984365364205583
24095,-0.004785006792493563
24096,-0.0021133302513286073
24097,-0.006089531871315461
24098,-0.003975995935648661
24099,-0.003746705370246503
24100,-0.006216942218916094
24101,-0.009103594115904234
24102,-0.009107773868126974
24103,-0.011732730065035323
24104,-0.01796898736383875
24105,-0.023139713371684294
24106,-0.021042753615281403
24107,-0.019130162947911426
24108,-0.02032728941258637
24109,-0.017320518212568116
24110,-0.016834046885687213
24111,-0.014955737995088583
24112,-0.013587923357248167
24113,-0.019602661771801567
24114,-0.015207733358270078
24115,-0.007642568265607214
24116,-0.010138312247278654
24117,-0.00812096835878731
24118,-0.0077046171269190885
24119,-0.009437524917149989
24120,-0.010250797162004376
24121,-0.008956165187164637
24122,-0.009107109968089652
24123,-0.0051911645794173985
24124,-0.005092269214303471
24125,-0.0051280648954360715
24126,-0.0014570975029550531
24127,-0.0033342983530294666
24128,-0.0071722661237825155
24129,-0.008484743194398212
24130,-0.007620104835633872
24131,-0.0004660093369334835
24132,0.0017440347183387843
24133,-0.001109593332106241
24134,0.007843797013766486
24135,0.006286611402951323
24136,0.0026893664185224458
24137,-0.0017412346678823912
24138,0.0030019961526810326
24139,0.006015421595425247
24140,-0.0011215227519798456
24141,-0.005289593738451038
24142,-0.007941254972328662
24143,-0.003002398168365711
24144,-0.011066439728624547
24145,-0.010638885871783212
24146,-0.019897161101421274
24147,-0.013816596644965172
24148,-0.010092539413142662
24149,-0.014759143105309588
24150,-0.007272247494295001
24151,-0.011038395659012748
24152,-0.0013944826848490785
24153,-0.00014462174118751552
24154,0.00097675111608991
24155,-0.00046414503931593897
24156,0.0067351205571170945
24157,0.007843428774652151
24158,0.0034919185212493307
24159,0.013487125211682646
24160,0.014058530836715958
24161,0.01232335433680538
24162,0.0030307918978496173
24163,0.0019296498317962424
24164,0.0008207858919520011
24165,-0.0018909126358717598
24166,-0.0037148196128928544
24167,-0.004549014001215237
24168,-0.00020268597900244595
24169,-0.005940133531876092
24170,-0.003881209111399107
24171,0.005625780751792973
24172,0.005272406595362507
24173,0.0026059983602052077
24174,0.0058914619166011714
24175,0.007156691565216164
24176,0.012394472270645263
24177,0.009356669789364752
24178,0.004541866063683595
24179,0.005520064987814729
24180,-0.00165439347601843
24181,-0.010040670377545063
24182,-0.006525360053722347
24183,-0.0009472271169106179
24184,-0.003215495194957507
24185,0.0025912288068613504
24186,-0.0005488855202384805
24187,0.0011654924965760632
24188,-0.005535234362114041
24189,-0.005278740780381128
24190,-0.00085567246571953
24191,0.0038365901829440366
24192,0.004043003533294058
24193,0.00038358030691606375
24194,-0.0018992612691279243
24195,-0.0033793009834827345
24196,-0.0019069709593166329
24197,-0.00041700865575587025
24198,0.009792529501007311
24199,0.008739656540789249
24200,0.011587462174892565
24201,0.004648797120912084
24202,0.0034942161637593035
24203,0.004153483121023647
24204,0.006411559846189955
24205,0.005459960505304482
24206,0.0021705201545063803
24207,-0.000755517409861471
24208,-0.004105950197841743
24209,-0.004570289415163275
24210,-0.0064837129951748245
24211,-0.006167995707538997
24212,-0.007779052774576025
24213,-0.008847467953945332
24214,-0.009173866240107851
24215,-0.015051521513550036
24216,-0.009352812141506163
24217,-0.007995524265659462
24218,-0.009946456584947519
24219,-0.002702480600893493
24220,-0.0026753214846805323
24221,-0.0003900809831467423
24222,-0.00032931542583469026
24223,0.00048262454277235676
24224,-0.0016783715412608026
24225,0.010094258816795943
24226,0.00931135851419906
24227,0.009991830496827094
24228,0.011916707496325387
24229,0.005129259879364631
24230,0.005500482305107183
24231,0.006893795583974408
24232,0.0063705915234299965
24233,0.0036434038364903626
24234,0.005363621047537205
24235,-0.0004026460149686942
24236,-0.0019396683990709148
24237,-0.004198303765207453
24238,-0.0031827159800425393
24239,-0.0029925876006431655
24240,-0.002994693364674985
24241,-0.0034522928946425333
24242,-0.001494609867840314
24243,0.0020502374435481187
24244,0.0034010623426730855
24245,0.0005416071756156343
24246,0.001883241609315544
24247,0.0059462282048615015
24248,0.005213199085658233
24249,0.004710833427752765
24250,0.0032271060091875257
24251,0.005161787962918694
24252,0.0017349744981012573
24253,0.0011235009101228867
24254,0.00029404121606671095
24255,0.0010234520893459005
24256,0.00029589392267468485
24257,-0.0009624635974808006
24258,4.1234164309028696e-05
24259,-2.932076986672083e-05
24260,0.0015140943231132461
24261,0.0005567214221964178
24262,0.002439316643464179
24263,0.007063700576166938
24264,0.007695362283151943
24265,0.005563954464989521
24266,0.005104920849183947
24267,0.004901133911324797
24268,0.003702868555414142
24269,0.0043473343577645415
24270,0.004573066245583661
24271,0.0037364119516324467
24272,-0.0010295196442565316
24273,-0.0037558345973827964
24274,-0.004729091959967878
24275,0.0009798050926735579
24276,0.0005995319409798349
24277,-0.0007613049125670334
24278,0.0006120330119117456
24279,0.002530956819739881
24280,0.0006230471715580932
24281,-0.006897070738448123
24282,0.0008478809569989798
24283,-0.002809751949227213
24284,-0.0014841201076743577
24285,-0.00499404027197161
24286,-0.004476455980071183
24287,-0.007516386789583341
24288,-0.00956265924935654
24289,-0.01216074027518383
24290,-0.012013321385959497
24291,-0.0012611682397142099
24292,-0.004963743301999723
24293,-0.0035896373938060834
24294,-0.0029559155323962234
24295,-0.0004786551724916239
24296,-0.004184039688383938
24297,0.000544348901107871
24298,0.0010084399362940682
24299,0.002343458191429475
24300,0.0012329185693738787
24301,-0.005158560265428335
24302,-0.0003730477972737943
24303,0.0029005434236303337
24304,0.001858089241224227
24305,0.004088588449527899
24306,0.010734988652194216
24307,0.009656774524099408
24308,0.010394519406337925
24309,0.009472144790530438
24310,0.00898097009104911
24311,0.013149076416531803
24312,0.009196555823122841
24313,0.006469157494802361
24314,0.014053851671079937
24315,0.010615647112248938
24316,0.008272008162731676
24317,0.0010168295868577108
24318,0.00013511860660058412
24319,0.0013462750761741736
24320,0.00454016368966007
24321,0.0002982330253834553
24322,0.00016104111318794055
24323,-0.0011748507020605098
24324,-0.009632118160422495
24325,-0.008785938936007199
24326,-0.008964074731982042
24327,-0.0029254560763940806
24328,5.8906314628933904e-05
24329,-8.217063483691586e-05
24330,0.0017634752755849637
24331,0.0045442157961296525
24332,0.009621217383621728
24333,0.006471683698903657
24334,0.007776082698480711
24335,0.01051254723379512
24336,0.013755025843990725
24337,0.01376247793291605
24338,0.01885467259621976
24339,0.020941164507938106
24340,0.017728652992742046
24341,0.017220828215392565
24342,0.011424277540952064
24343,0.016276005998468516
24344,0.012354899649868101
24345,0.00890177473538032
24346,0.007719652783292005
24347,0.012578295751267142
24348,0.008342324690528669
24349,0.005087269392571935
24350,0.008079162450450662
24351,0.009546329202785388
24352,0.00935386864709511
24353,0.007623098848292158
24354,0.010599671059872806
24355,0.011037379627767746
24356,0.007493819506031263
24357,0.001564364385898694
24358,-0.001906683738221933
24359,-0.002363579990121757
24360,-0.001854092144154374
24361,-0.0031949625634948883
24362,-0.008646349401960877
24363,-0.007789695939640858
24364,-0.007670798253431598
24365,-0.008920198168525451
24366,-0.004959654703087505
24367,-0.0034070045115570636
24368,-0.004058857650576641
24369,-0.004763035173807602
24370,-0.00858861487186799
24371,-0.006827094990422082
24372,-0.0003668527977304238
24373,0.0019797200177438263
24374,0.0014139383781258228
24375,0.002360432666428428
24376,-0.00010678344161463281
24377,0.003509498482861623
24378,0.0012692324450795935
24379,0.0024599211431760703
24380,0.0014818237985924556
24381,-0.0008491405274266695
24382,-0.0006424630466223609
24383,0.0001429840808971812
24384,-0.0004878699497788279
24385,0.0003032887402802858
24386,0.009403270490360618
24387,0.005317480162465066
24388,0.008496740620243241
24389,0.009144305518986639
24390,0.016102902083521404
24391,0.01697245071944855
24392,0.019734413783262985
24393,0.019962353951067612
24394,0.022532861140456006
24395,0.023305433800051727
24396,0.01798754786983683
24397,0.018563043269674135
24398,0.018483186632999152
24399,0.016630022334066574
24400,0.010938028328919592
24401,0.011565261936503191
24402,0.007249077720003192
24403,0.004414449754924898
24404,-0.0011406812652217087
24405,0.0011175212393313115
24406,-0.0033184620232987
24407,-0.004311306708224903
24408,-0.003210147626557343
24409,-0.0026543128311215173
24410,-0.0012487770102960316
24411,0.00022636050442400226
24412,0.0008115297060175193
24413,-0.001405267217577113
24414,0.003163077632820396
24415,-4.739042340444855e-05
24416,0.0027170007492010348
24417,0.0005771462338528456
24418,-0.0038635433784033474
24419,-0.0035719607506563876
24420,-0.0031237071128121666
24421,-0.005177053459314246
24422,-0.009288415883810484
24423,-0.006098366470757245
24424,-0.005947233817714323
24425,-0.0025546177582471082
24426,-0.007283240343576712
24427,-0.002010431600190244
24428,-0.0015154961553915834
24429,-0.0005419831177633592
24430,-0.002144680245861167
24431,0.00883765492185884
24432,0.012130227894812861
24433,0.011062749421049307
24434,0.009324271034747113
24435,0.0072773131448690435
24436,0.006635940000362537
24437,0.007925467247810349
24438,0.012446422126316711
24439,0.01218141608962046
24440,0.022536364680751902
24441,0.013720498481865238
24442,0.014846207672883195
24443,0.014488317021855438
24444,0.014111518911306443
24445,0.006892106442827633
24446,0.009527111281469498
24447,0.0066341509713488496
24448,0.005984403747448956
24449,0.020198868275720098
24450,0.014389306132037382
24451,0.013749741808238626
24452,0.01976917574672526
24453,0.018972082093773976
24454,0.02382982304036407
24455,0.02611754891826713
24456,0.026629608714946705
24457,0.026619192690571024
24458,0.023315881537066117
24459,0.010640329950794253
24460,0.005901513314090006
24461,0.006223155912471367
24462,0.0030232458324538874
24463,0.0019790432769636055
24464,0.012007721996389114
24465,0.024137317554798334
24466,0.024576995355208516
24467,0.015272620230341778
24468,0.023519997026705694
24469,0.02095769247527344
24470,0.015231303189665093
24471,0.004587951359662904
24472,0.004657193620260191
24473,0.003928234726934685
24474,-0.0019255757294507
24475,-0.010775573219884822
24476,-0.01432206159055522
24477,-0.007560724706930159
24478,-0.013507243403010372
24479,-0.011770401760586111
24480,-0.0014394977417227855
24481,0.00818642690828182
24482,0.00880764895198583
24483,0.012755217005785451
24484,0.00536824635638959
24485,0.01092435117948325
24486,0.013587805089260135
24487,0.01603187443743381
24488,0.015454067677130957
24489,0.015768939315465424
24490,0.012830405223117103
24491,0.010664493839885169
24492,0.014315760494411927
24493,0.014015927637059498
24494,0.0050826185660101135
24495,-0.02216565440894366
24496,-0.019080083824876765
24497,-0.01694746143187348
24498,-0.012565208848121082
24499,-0.02036074767053154
24500,-0.025032959231480766
24501,-0.022992551724771652
24502,-0.030550438758424406
24503,-0.027398759233723837
24504,-0.017195068011266395
24505,0.005273568188001468
24506,0.004094174518404367
24507,0.010527171720923914
24508,0.013875652592700283
24509,0.024692107392941306
24510,0.02965324603215686
24511,0.02972077703774928
24512,0.03843128143973198
24513,0.039193608921773676
24514,0.03832708057845859
24515,0.029533003404132004
24516,0.03113587668899579
24517,0.01948213211657324
24518,0.005784655633386645
24519,-0.003320086753792434
24520,-0.0043791113077439265
24521,-0.013207447014961153
24522,-0.022773209554705635
24523,-0.027154370597923895
24524,-0.03358831160010674
24525,-0.025457209551085762
24526,-0.030532766280464585
24527,-0.03146842028456353
24528,-0.030858913619498846
24529,-0.026207009418915725
24530,-0.02039712149312865
24531,-0.010362581914314186
24532,-0.008262568313770667
24533,-0.006742900928304558
24534,-0.0048334578513727815
24535,-0.009142772826604896
24536,-0.003465354344971738
24537,-0.0032142897973195038
24538,0.002724925774295602
24539,0.0017183584546449707
24540,-0.010013078617543858
24541,-0.012698508254775557
24542,-0.011238384728023092
24543,-0.011009460731036515
24544,-0.008939981193484124
24545,0.0022861091499399864
24546,0.000553230151658993
24547,0.004648914057436201
24548,0.010621939738838026
24549,0.008723340565255566
24550,0.012257501903540882
24551,0.012427906921675393
24552,0.012108219166746403
24553,0.012823667273229374
24554,0.017001080381699386
24555,0.016629566891320637
24556,0.01352598656103969
24557,0.009106391598549465
24558,0.0004064130052161479
24559,0.0035082405573968168
24560,0.009292576021068505
24561,0.011578069670731744
24562,0.012077829319557044
24563,0.00787723135547617
24564,0.003718123825821268
24565,-0.002806502930408329
24566,-0.00296623951083074
24567,0.0006935901076819895
24568,0.0031514019332979882
24569,0.0016577025887898964
24570,-0.0010918478257721635
24571,0.00047369476716115186
24572,-0.0077594126227933475
24573,-0.0054105341403230325
24574,-0.003478132919247899
24575,-0.011719866685937157
24576,-0.008216802733811486
24577,-0.008868379370560403
24578,-0.010275612646479635
24579,-0.005465922820438157
24580,-0.0084344756401944
24581,-0.011850917172130323
24582,-0.002917632280632407
24583,-0.003904827742118541
24584,-0.005274066908710824
24585,0.0018736069938614897
24586,-0.0004888420057959428
24587,0.006844825755707835
24588,0.010642096177204588
24589,0.005169048523206086
24590,0.009754427771807994
24591,0.012309067665229616
24592,0.009933929337986855
24593,0.007647151659172845
24594,0.01200137686228517
24595,0.013109736120341931
24596,0.014799968174627691
24597,0.009437376869363393
24598,0.008845066716205217
24599,0.012215137419933006
24600,0.008327068153480489
24601,0.005417075541606555
24602,0.0025543440596918396
24603,0.006628534834982813
24604,0.003617888596750137
24605,0.002964475951565835
24606,-0.0013083511950125733
24607,0.0004440326103535052
24608,-0.004248453978146061
24609,-0.010477823522847249
24610,-0.00970358947827494
24611,-0.01164235539041668
24612,-0.009054236130192432
24613,-0.010804839615617007
24614,-0.01029121867408394
24615,-0.010950276239912819
24616,-0.014774095285814467
24617,-0.014733728882935216
24618,-0.010707561676305415
24619,-0.005729701207809279
24620,-0.006390677606651698
24621,-0.0034248973911203337
24622,-0.0033364045655757306
24623,-0.005058898369639193
24624,-0.00724018598269534
24625,-0.005966106391537438
24626,0.004831369332288392
24627,0.003232426091680871
24628,0.002052417422860107
24629,0.003691254912949807
24630,0.005978057889822679
24631,0.0054622164858565084
24632,0.002249893629461955
24633,0.0003103372097237686
24634,-0.0006509139440817066
24635,-0.001166298739384258
24636,-0.0035195160840309717
24637,-0.005729313230295998
24638,-0.0021948887786238194
24639,-0.0056256093635426675
24640,-0.007438608133914723
24641,-0.006854847480731227
24642,-0.006717652583853538
24643,-0.0011810772897212446
24644,-0.0015971403247899624
24645,7.153130344697094e-05
24646,-0.00211764671461954
24647,-0.008667198372686978
24648,-0.016778455957391653
24649,-0.01489882994736396
24650,-0.01599249804648799
24651,-0.014050503900078507
24652,-0.006990405366175403
24653,-0.005567249655830741
24654,-0.00424941981333074
24655,-0.004759129702187273
24656,-0.0020978055282965514
24657,0.005397598272485166
24658,0.010096716320152202
24659,0.002709269974081692
24660,0.0022379848633109936
24661,0.0028961751709107053
24662,-0.0027738968722785524
24663,-0.00885305823295302
24664,-0.007091567335996792
24665,-0.013817842934367532
24666,-0.013755923223738012
24667,-0.0144320221393199
24668,-0.01581259821569366
24669,-0.008328571276456007
24670,-0.006998827503791986
24671,-0.008343584011010114
24672,-0.007193203907333158
24673,-0.003735644889104238
24674,0.0022445949547964038
24675,0.013189813003443594
24676,0.010762250080658708
24677,0.00593349975180255
24678,0.014096665491994195
24679,0.010451172088212177
24680,0.009800876155657369
24681,0.008012022501090043
24682,0.008448206353987865
24683,0.007355442252853181
24684,0.0014497071561928357
24685,-0.003096082010357328
24686,-0.003360882370885378
24687,-0.0003459600866322326
24688,-0.006518110324725607
24689,-0.005725293363724892
24690,-0.00566092487284569
24691,-0.006375631314250514
24692,-0.010067514662648248
24693,-0.008838070615270598
24694,-0.008137068271821516
24695,-0.010853825821318495
24696,-0.009724213474905503
24697,-0.004584372362919134
24698,-0.009280652438603616
24699,-0.006827024757910215
24700,-0.005887511705333678
24701,-0.006480768664658378
24702,-0.0029913051575986625
24703,-0.0036811843748339713
24704,-0.0029857563856545716
24705,0.004497565574924621
24706,0.0014194101728079345
24707,0.003357670491077093
24708,0.01056936769740548
24709,0.009953123440013733
24710,0.007851465483326598
24711,0.006050163532493448
24712,0.006683122003499649
24713,0.004733457450981137
24714,0.00415202562269918
24715,-0.001487714377886074
24716,0.0021578569581791086
24717,-0.00554980016328697
24718,-0.009012841383517182
24719,-0.015050556741258969
24720,-0.013982141395253823
24721,-0.011550977897316237
24722,-0.015850159946875685
24723,-0.016675750845364917
24724,-0.018321254966802543
24725,-0.015453078798243544
24726,-0.01434997647715581
24727,-0.012583959940871988
24728,-0.011844121014993643
24729,-0.00855482915583379
24730,-0.007519328518789174
24731,-0.005140523183669246
24732,0.00032181254494801276
24733,0.004931367857555213
24734,0.003994508953288156
24735,0.0003995954398895433
24736,-0.002794399969326768
24737,0.004436437399372783
24738,0.0034994282917780754
24739,0.006869819258831842
24740,0.0009802266402807447
24741,-0.0009296517148944
24742,-0.004027857282027125
24743,-0.002494899674755354
24744,-0.0018568084891652376
24745,-0.0004175920011160325
24746,-0.002376870335986142
24747,-0.009422035543489103
24748,-0.008985384300684036
24749,-0.004259751205966329
24750,0.005140393360002287
24751,0.009255507853828096
24752,0.007314888701047656
24753,0.0029779072537587867
24754,0.004693189864550525
24755,0.005444586760859923
24756,0.00676583621426354
24757,0.007184754873872817
24758,0.0041768036425372974
24759,0.002021237810146381
24760,0.0022190443167190155
24761,0.0034722138881354467
24762,0.007939530818260392
24763,0.009109455132745872
24764,0.00633723032421348
24765,0.006299104016359973
24766,0.007496246451046258
24767,0.00628602025274321
24768,0.012320384446331416
24769,0.010687089689129245
24770,0.007679722304800413
24771,0.0048050517176168525
24772,0.004116683066485268
24773,0.0018295799314348119
24774,0.00517660768565611
24775,0.004816307405899253
24776,0.008894517585588247
24777,0.012685852138007433
24778,0.004246266736670812
24779,0.004003602406340512
24780,0.001500136321793409
24781,-0.0009456430789519381
24782,-0.008749980290827011
24783,-0.004800995143546791
24784,-0.005740037371307135
24785,-0.0017071218515170767
24786,-0.0037276198242948183
24787,-0.005777089035867845
24788,-0.00197281561255928
24789,-0.003917470294152168
24790,-0.001655154255194061
24791,-0.002520924807699049
24792,0.00840944703233855
24793,0.006961201227400476
24794,0.004906450287924761
24795,-0.0010511398633458186
24796,-0.005001555265503879
24797,-0.0030819369097132556
24798,-0.002042605817625238
24799,-0.001702873752432282
24800,-0.0039375458331169936
24801,-0.0038246849688597356
24802,-0.006903300518722294
24803,-0.006035070890660935
24804,-0.0015893373974578146
24805,0.007254943002848298
24806,0.005447008931563001
24807,0.0068440853539140705
24808,0.007483871584531355
24809,0.007570606671103697
24810,0.005899415210283455
24811,0.006683302235310875
24812,0.008756314448128712
24813,0.006548555004479536
24814,0.008338865005403252
24815,0.0008739154614261379
24816,0.004434447300771207
24817,0.00132725745681814
24818,0.013582630933430782
24819,0.014617930734867125
24820,0.018587501176179196
24821,0.015262666137068693
24822,0.011652965974551384
24823,0.012640166251612557
24824,0.009638645555304566
24825,0.009785941417042218
24826,0.009725214048907221
24827,0.004108244971722568
24828,-0.0074706294696512245
24829,-0.007583880408084667
24830,-0.01063595609741132
24831,-0.006237935445726437
24832,-0.004323344592471399
24833,-0.003464197129144958
24834,-0.0040857976441989715
24835,-0.0035734482499694934
24836,-0.003041926602409468
24837,0.0017903719739557672
24838,0.0013417766219005344
24839,-0.0002997202610897322
24840,-0.004183641750965807
24841,-0.007253036140937445
24842,-0.008944666764193792
24843,-0.00900533459542006
24844,-0.009631149532564333
24845,-0.010234524505840087
24846,-0.01192646026308253
24847,-0.011916247785901906
24848,-0.010121961019926226
24849,-0.006849349394351107
24850,-0.00011512625463149502
24851,0.0028945267967425293
24852,0.00505478120996318
24853,0.006216017537953836
24854,0.009598425569156584
24855,0.008704597751401479
24856,0.010039323413334234
24857,0.01227770727958395
24858,0.007836002431391088
24859,0.005338517201245662
24860,0.005070292967735784
24861,0.004125475149925695
24862,0.0031843229686393947
24863,-0.004356811707534972
24864,-0.008209386936615349
24865,-0.0071841584088353965
24866,-0.006401580890613133
24867,-0.013061324900824732
24868,-0.011307056819140841
24869,-0.012257824121068918
24870,-0.01111278093814686
24871,-0.011191436980272187
24872,-0.010441497507027903
24873,-0.005507691622698721
24874,-0.005311324579131583
24875,-0.0038580295034869524
24876,-0.003435520558372312
24877,0.0013566332358444944
24878,0.004125389394618539
24879,0.006125159996676011
24880,0.005320856197747963
24881,0.005433059535871827
24882,0.0026585741177832184
24883,0.0036978005414327743
24884,0.002116287742281116
24885,0.003876549069365918
24886,0.003709705564081928
24887,0.0027634846049105536
24888,0.0013288604048640284
24889,0.0008446545665863945
24890,-0.004462304883677168
24891,-0.00415870294550539
24892,-0.002213322655439822
24893,-0.00716019197331714
24894,-0.0030333555896600857
24895,-0.008195053864029595
24896,-0.008500372032197709
24897,-0.01180798177521781
24898,-0.012820687870138557
24899,-0.014233613044257833
24900,-0.012288231536999926
24901,-0.013054765672263513
24902,-0.0127366487160788
24903,-0.009527714687327105
24904,-0.011187423942850432
24905,-0.007660913620466643
24906,-0.012299732138368775
24907,-0.008480580873064414
24908,-0.007117954546479653
24909,-0.007198035875446785
24910,-0.003986253797331197
24911,-0.007217937172044065
24912,-0.011458329243805236
24913,-0.011746149154291263
24914,-0.01249541743017646
24915,-0.015774442193117518
24916,-0.012051495977785558
24917,-0.006826612941107748
24918,-0.007335541596939186
24919,-0.008374625098275247
24920,-0.005213058877756424
24921,0.0007787121579820253
24922,0.005021444319767939
24923,0.010635771786533122
24924,0.009667964236887601
24925,0.011388437794027052
24926,0.009218257313323512
24927,0.0033800123092621935
24928,0.003481782191689304
24929,0.00679329290413051
24930,0.002231679484369529
24931,0.00021892789792129624
24932,-0.0016846019117282935
24933,-0.005284023851378874
24934,-0.003927883120166331
24935,-0.01109136080296728
24936,-0.00870290735990137
24937,-0.009997311667727073
24938,-0.0076450172861845305
24939,-0.007805039886518564
24940,-0.006654277467371946
24941,-0.008780431157078689
24942,-0.009621357165823768
24943,-0.009963370543147127
24944,-0.013967352602844759
24945,-0.009700298003846197
24946,-0.009488572763195445
24947,-0.006910957452363926
24948,-0.0062674143775552195
24949,-0.006759502267916439
24950,-0.007758887815177932
24951,-0.006977569403828861
24952,-0.003580150012743422
24953,-0.0029188947553051054
24954,-0.0029714921316259155
24955,-0.004463699822454962
24956,-0.0040707402125078635
24957,-0.005713734243307505
24958,-0.00855990655193858
24959,-0.013341562623894038
24960,-0.013012437233690671
24961,-0.012410125268697725
24962,-0.00908821071936802
24963,-0.008054313348279935
24964,-0.009062078721682
24965,0.00043310542183940437
24966,0.0009858801333812951
24967,0.002244247831659618
24968,0.002681935508546279
24969,0.007646491618917678
24970,0.008203102527995063
24971,0.010602447166019708
24972,0.00479798427989916
24973,-0.00024743657572641654
24974,0.004029713671662707
24975,-0.0017043229636075222
24976,-0.004370165665254491
24977,0.0038830985574491296
24978,0.0017202208283482053
24979,0.0019895227564069294
24980,0.002643378637320291
24981,-0.002661252564936996
24982,-0.0009606546830675963
24983,0.0014361713704725597
24984,0.0019162321257451824
24985,0.0019145661437462772
24986,0.0025963838931915926
24987,-0.004817319096990871
24988,-0.0037939614251176826
24989,-0.0033169210010800102
24990,-0.0018560645307954073
24991,0.004368343271916781
24992,0.004433186739151043
24993,-0.00036667806131938897
24994,0.0006077113194229071
24995,0.004092138681554575
24996,0.0036466071658457977
24997,0.002850943147670027
24998,0.006113034739042257
24999,0.006751243249688237
25000,0.004334119157754756
25001,0.001928922719521582
25002,0.003426948283561274
25003,0.009292688472084311
25004,0.005892492045896105
25005,0.004107644166736773
25006,0.005052371844901214
25007,0.003959092373658511
25008,0.005619065533834394
25009,0.005188853095068853
25010,0.005212930758667219
25011,0.0047821899038134694
25012,0.003091477892624639
25013,0.0035269531414685753
25014,0.006921769961523766
25015,0.005368573198430747
25016,0.003494867289373898
25017,0.0016694753557972468
25018,-0.00030469254157507896
25019,-0.0019271842828165024
25020,-0.001553068122908444
25021,-0.001799131826068119
25022,0.006388181511367445
25023,0.0039910972312856416
25024,0.0031639344563676778
25025,0.003740386177553321
25026,0.006120906096852465
25027,0.009591339851611905
25028,0.0071311182521294385
25029,0.01442753155820785
25030,0.014893912002033754
25031,0.018345916344367552
25032,0.008910342027016644
25033,0.010575368590874223
25034,0.007750496031746032
25035,0.005769244864452851
25036,0.008195625132436227
25037,0.008208216944220604
25038,0.009743562991483514
25039,0.0022895264544098874
25040,0.008008585300368914
25041,0.004686336359045057
25042,0.0059467907273577265
25043,0.005546073666970188
25044,0.00832858746198891
25045,0.010585357099804767
25046,0.010204106354807554
25047,0.01308239968692305
25048,0.011221795958667012
25049,0.011895878409512848
25050,0.006375197309291692
25051,0.006902368384917372
25052,0.0028735114273596555
25053,0.006179747081226688
25054,0.0038408843472389673
25055,-0.0013142302228483314
25056,-0.00500135204086221
25057,-0.008310515788545969
25058,-0.009924587120384932
25059,-0.0077359602331604285
25060,-0.009000592097071606
25061,-0.007205086083545571
25062,-0.0022913837381844247
25063,-0.010075108504500406
25064,-0.009358261548633184
25065,-0.0038955295278610587
25066,-0.002720686709761705
25067,-0.008603694415958527
25068,-0.004904305389877478
25069,-0.007450573924858329
25070,-0.0020325589060940594
25071,-0.009691730588885993
25072,-0.01044118424086385
25073,-0.005284519724910366
25074,-0.004212355173842682
25075,-0.004405499232526224
25076,-0.004335971311048333
25077,0.0023763009259975855
25078,0.00014738120877454234
25079,-0.002473547333253313
25080,-0.008020595231661577
25081,-0.004532408863161496
25082,-0.007193511247161409
25083,-0.008556213326505567
25084,-0.00859208596821239
25085,-0.013521622582574977
25086,-0.014158129864581358
25087,-0.015179547748184079
25088,-0.014933641231791918
25089,-0.012802611253365605
25090,-0.009811736282880497
25091,-0.0069943651759887945
25092,-0.006423314124507168
25093,-0.004279532476529239
25094,-0.002258642591624729
25095,0.0026004819010334982
25096,0.0034906415042537733
25097,0.001901140099188023
25098,0.005741187913709824
25099,0.006895927049761343
25100,-0.0005981399875023514
25101,0.00027787645888985134
25102,0.0019889685597184637
25103,0.0016628110510711496
25104,-0.001430919397166519
25105,-0.0017293624455969874
25106,-0.001914539519813041
25107,-0.0007303165555112639
25108,-0.005312388196692327
25109,-0.009423501290613881
25110,-0.00091712279326938
25111,-0.003403578177317642
25112,-0.006149051183568777
25113,-0.006515952102429218
25114,-0.0047266801287369035
25115,-0.005591910089435554
25116,-0.0033158455006527094
25117,-0.0029599898658704917
25118,6.030585529853481e-05
25119,0.005263769168848875
25120,0.0019267407543995087
25121,0.0014969229916283588
25122,0.004956347818997016
25123,0.004654293919649094
25124,0.003912063482261424
25125,0.003997745590367374
25126,0.0022397065688397337
25127,0.0015671888265173576
25128,-0.0015121704337606166
25129,-0.0030465930547510915
25130,0.0028819417774022917
25131,0.0033528934160023754
25132,0.002729941399839397
25133,0.0027829587271299095
25134,0.0007344596277876464
25135,0.0017391641548141824
25136,0.0019129094004515864
25137,0.0034071969877742417
25138,0.003856867300593405
25139,0.002605299980890966
25140,-0.0040176095927552
25141,-0.002824588603191171
25142,-0.000958686085168028
25143,0.001297194173906158
25144,0.003207982892397069
25145,0.0014651697295748852
25146,7.092930282936288e-05
25147,-0.000728467331124548
25148,0.0004051693469744942
25149,7.715971107229672e-05
25150,0.000891413638075032
25151,0.0011757628703000678
25152,-0.0038620462003680564
25153,-0.004720420686830416
25154,-0.0020397059490299915
25155,-0.0002984953747021815
25156,0.0005784473110950477
25157,-0.0017626161399751318
25158,-0.0008066354587619988
25159,0.0006633378867370236
25160,0.008444599334831717
25161,0.009213910087466061
25162,0.012411759234906953
25163,0.01612893304027583
25164,0.014382948103751994
25165,0.01381405949411257
25166,0.009353829951955927
25167,0.010329819000530004
25168,0.008881074302306594
25169,0.007919759218677188
25170,0.0005445859562040323
25171,-0.0023346218271625306
25172,-0.0015300920123722083
25173,-0.004794354896074871
25174,-0.004900449129658146
25175,-0.006186350256150286
25176,-0.0020143723919715142
25177,-0.0004082983519178284
25178,-0.001147767013340451
25179,0.00528041097359978
25180,0.0030631896707428346
25181,0.004122135728591616
25182,-0.0013030282535033055
25183,-0.0029396217210216615
25184,-0.0032966384627688755
25185,-0.0022419605718293515
25186,-0.0023169697471864224
25187,-0.003552215001909767
25188,-0.006884459733086588
25189,-0.00491039893770221
25190,-0.0067183159664233
25191,-0.00709711784738369
25192,-0.002855332562352906
25193,0.001718640230396631
25194,0.0019631666726673564
25195,0.0024200790860354855
25196,-0.0007236353976788374
25197,-0.0007868287195539681
25198,0.004475405520341765
25199,-0.0016467046256710435
25200,-0.00022744565989955313
25201,0.0006777761601411017
25202,-0.0009838722654790532
25203,-0.004244159294379937
25204,-0.0042012405170607095
25205,-0.0005450912251275372
25206,0.00563377699556327
25207,0.0067006527805735195
25208,0.007323140684698736
25209,0.004541171128393081
25210,0.00728236311092908
25211,0.006231256105328973
25212,0.008771701493890149
25213,0.007427512408750276
25214,0.011150472355317862
25215,0.008530302882576422
25216,0.005772973853289897
25217,0.005236897196909272
25218,0.002227305890822226
25219,0.004321054599793518
25220,0.0020390488324419434
25221,0.0012022651672069216
25222,0.00037551473902942346
25223,0.00015239103661420894
25224,-0.002360532025508956
25225,-0.0026815215792096287
25226,-0.0017772350777807886
25227,-0.0022013820156582147
25228,-0.0012450639944738468
25229,-0.004141242033833444
25230,-0.0049153261231785
25231,-0.003460780800934005
25232,-0.0029007259249459382
25233,-0.0011725037401443621
25234,-0.0020262816367771154
25235,-0.003001649407712717
25236,-0.005053392306726164
25237,-0.004147983421397003
25238,-0.0059634600610250985
25239,-0.003150967614953899
25240,-0.0010201922564637635
25241,-0.0010198893648372313
25242,0.0002891208686530811
25243,0.0003777201625383017
25244,0.0002697473761143923
25245,0.0008637987212255374
25246,0.0020890511273058687
25247,0.002123245599490535
25248,0.010954663328102516
25249,0.010310949472691263
25250,0.01183272362009962
25251,0.011964697134080115
25252,0.010583633247565335
25253,0.007448575183951262
25254,0.009627202153023961
25255,0.008999978446437403
25256,0.009824600810141717
25257,0.009383325925763982
25258,0.002473474585161663
25259,0.0025460011315560607
25260,0.0034206275557948935
25261,0.0023640448355407516
25262,0.00192921456460653
25263,0.002321984224618286
25264,-0.00010948823873730966
25265,-0.0033771932199799593
25266,-0.003146217505317232
25267,-0.0027360748018848908
25268,4.420519510276641e-05
25269,0.0001964364679940295
25270,-0.002587717033847627
25271,-0.0012206956432911755
25272,-0.0017364955842410685
25273,-0.0005330508043742458
25274,-0.004325559819914213
25275,0.00031516591039925816
25276,-0.001155173479556846
25277,0.0006882326986533478
25278,-0.002984470529368311
25279,-0.0007798770663508602
25280,-0.0016864852762071864
25281,0.0011725540531474664
25282,0.002008315002040831
25283,0.00047344024314297667
25284,0.006322709879555242
25285,0.004906770159811809
25286,0.0025653921415318957
25287,0.0006178381631700725
25288,0.0007748166784944971
25289,-0.0010297114339807246
25290,0.0006101378748813071
25291,-0.0032491403178532513
25292,-0.006533167510799507
25293,-0.005720109913714041
25294,-0.008288543513727563
25295,-0.011695142475143043
25296,-0.01013835375055858
25297,-0.010508510209570858
25298,-0.009538929633969356
25299,-0.008220571526022978
25300,-0.008662049036139156
25301,-0.008555062305366337
25302,-0.008413080657685578
25303,-0.008616818878273421
25304,-0.01251568585601265
25305,-0.010276516978177089
25306,-0.01170566730608132
25307,-0.010460607661919426
25308,-0.009184735314342789
25309,-0.011502054025020058
25310,-0.011953302710332948
25311,-0.010157278501217778
25312,-0.007066470811203352
25313,-0.0030846290738879515
25314,0.006900190508658751
25315,0.00844252616298885
25316,0.014578776023030631
25317,0.009529296789084119
25318,0.0077721893872718375
25319,0.006288482804022153
25320,0.006995215952647939
25321,0.006171709471069264
25322,0.003916629505828465
25323,0.002508218372049089
25324,-0.006283833302733191
25325,-0.012219522739589223
25326,-0.01630693639408954
25327,-0.012740283899512355
25328,-0.011350038075207554
25329,-0.011150859740143054
25330,-0.010885577579479354
25331,-0.013386532265080908
25332,-0.007650352461355981
25333,-0.01128118839999939
25334,-0.008965080034305017
25335,-0.0031826716688591393
25336,-0.002639001712868547
25337,-0.005437372530234635
25338,-0.004717952321773855
25339,-0.0017639190073624514
25340,0.00039156033086231254
25341,0.0022287171896194858
25342,0.0006045265194779432
25343,0.001615955459918767
25344,0.00016015315340941612
25345,1.5769368959305407e-05
25346,-0.0003763191656537481
25347,0.0019864279891147842
25348,0.0007200128580361558
25349,-0.00019399956558947487
25350,0.0061232981663751655
25351,0.005450267620057008
25352,0.0004125303235975176
25353,0.0008705050501935325
25354,0.0036878787185594696
25355,0.003230505270442058
25356,0.0027162716457248045
25357,0.0044097315136918565
25358,0.00265454903302991
25359,0.005627697991451824
25360,-0.003346903186476445
25361,-0.0020578728374602163
25362,-0.0005524826148133304
25363,0.0002760517695658425
25364,0.013122556864310407
25365,0.012639088064939564
25366,0.013284195906797979
25367,0.009756997057668188
25368,0.010780206986887666
25369,0.00792577620599205
25370,0.008118769089450603
25371,0.008493999647390945
25372,0.010149853622101784
25373,0.006981011894054932
25374,-0.0056374011653587625
25375,-0.004732431506203073
25376,-0.0037889143884974434
25377,-0.0014661117775101112
25378,-0.0023875246569402676
25379,-0.0034943588011892004
25380,-0.0018803650558675317
25381,-0.0023077404188652137
25382,-0.0035054679137737055
25383,-0.00014559562527971726
25384,-0.001043133190559769
25385,0.002942744161681695
25386,0.00139664078857325
25387,0.002505315997965656
25388,0.0037176462090016656
25389,0.004748403258253958
25390,0.0030072768144771417
25391,0.005518483985662774
25392,0.005612806357262283
25393,0.005047336175716619
25394,0.003855543514420631
25395,-0.0005588925816384513
25396,0.00092379330834281
25397,-0.0002690633027856172
25398,0.0012179551100901945
25399,0.0007227081612963695
25400,-0.002496516771956659
25401,-0.004969364204215975
25402,-0.004270123352016328
25403,-0.0010391580567317474
25404,0.001278619164470838
25405,0.00407612633459499
25406,0.0031880634222165977
25407,0.0027905284977192066
25408,0.0010212407725124703
25409,0.0005494100317456867
25410,0.004519348345438501
25411,0.003841913658110079
25412,0.005842030397511841
25413,0.002146902226672113
25414,0.001399082603724635
25415,-0.0017959861790189128
25416,-0.0023290448271984327
25417,-0.001328849265831378
25418,-0.00305785833079278
25419,-0.0036701634381552427
25420,-0.004463096656086717
25421,-0.008169585891022827
25422,-0.008351080303431494
25423,-0.008034091987069556
25424,-0.005954896636859256
25425,0.00015127916118896396
25426,0.0006802685857573066
25427,0.003359603404698704
25428,0.004845319670239985
25429,0.0068535275140655565
25430,0.005881056143997486
25431,0.013780316158333921
25432,0.012217891868101701
25433,0.012077325780981881
25434,0.005392583438987831
25435,0.000668631882388996
25436,0.0013456082027300678
25437,-0.0009726808182665919
25438,-0.0007823984643607846
25439,-0.0012866304884064602
25440,0.001364851576190721
25441,-0.003402943585566356
25442,-0.005943160278808856
25443,-0.005757787110273547
25444,-0.0014572846740200107
25445,-0.0020678154665540894
25446,-0.0033227126517854397
25447,-0.003062231325221981
