,close
16821,0.03351643701082724
16822,0.031143301054516927
16823,0.03717030404274267
16824,0.03608987043686156
16825,0.030105470483353602
16826,0.03601391328077982
16827,0.02451521230914277
16828,0.025133288281459585
16829,0.028225698596209013
16830,0.03468851698831943
16831,0.03310320784251149
16832,0.03386037841035918
16833,0.03635388912583147
16834,0.03128591887788647
16835,0.038031988279613044
16836,0.03253157842027219
16837,0.03474201176256604
16838,0.03208555915971684
16839,0.038065296994556234
16840,0.02824881592179923
16841,0.045467190881160045
16842,0.04162556046036641
16843,0.0400303020724314
16844,0.036552093065210844
16845,0.03744046892702707
16846,0.035750209683435716
16847,0.03061135236258423
16848,0.02399006305387974
16849,0.018101090613882903
16850,0.020121251174654246
16851,0.023881821982642784
16852,0.024733573570944557
16853,0.019785208538441318
16854,0.025902682116958568
16855,0.022014545778950848
16856,0.022014223394305567
16857,0.03152357394621796
16858,0.03204077542194931
16859,0.022813841454549337
16860,0.01982173204254482
16861,0.020856691410792293
16862,0.015016082778913451
16863,-0.0011937502899678478
16864,0.0015270457562798268
16865,0.005362306153509993
16866,0.0010495527940981447
16867,0.008263461975488261
16868,0.004892122807070383
16869,0.0020675660016213054
16870,-0.007053506879906256
16871,-0.01125056703913234
16872,-0.003620525761638259
16873,-0.007769813993878909
16874,-0.0024006348335988935
16875,-0.006427300324505398
16876,-0.005327624443243477
16877,0.017218985455066872
16878,0.02082139029369971
16879,0.020073944844114715
16880,0.019019884232304638
16881,0.0030039979678837623
16882,-0.0008424662935457132
16883,-0.0034964576404240707
16884,1.5651457484551614e-05
16885,0.005089354089241701
16886,0.008034173128583136
16887,0.01436527657849561
16888,0.018251618804785458
16889,0.012885680607980038
16890,0.00908112392094668
16891,0.003600844179746202
16892,0.005013344769114156
16893,0.010630530158763458
16894,0.0085473136264436
16895,0.014923607700986342
16896,0.019930250346913134
16897,0.01694799730730381
16898,0.010341042103805109
16899,0.013350829096210609
16900,0.01726691405403182
16901,0.022521662137715736
16902,0.025909133700232297
16903,0.03885772877907221
16904,0.03893810807761552
16905,0.03865023442051379
16906,0.03647591010267816
16907,0.030178162306271294
16908,0.023608089960914624
16909,0.02905054301885021
16910,0.03442143551574439
16911,0.024782998664077495
16912,0.018720936376239533
16913,0.020802473967687914
16914,0.013185975642282495
16915,0.01082445679773843
16916,0.02006265921625941
16917,-0.0010454010153718109
16918,-0.0017044274660933739
16919,2.735772841311643e-05
16920,0.0007499134156938431
16921,0.0034799019560996344
16922,0.003634260001607495
16923,0.001227093061659817
16924,-0.0049749987531201
16925,-0.00785639470840202
16926,0.00030244717492244384
16927,-0.007221719355302517
16928,-0.00616858353926478
16929,0.0011185726753454265
16930,-0.0002967178870180021
16931,-0.0030388121626007793
16932,-0.00218518391964644
16933,-0.0037196509586975668
16934,-0.007307155345388504
16935,-0.009482713669038986
16936,-0.002334090818367353
16937,0.0037764544190061226
16938,-0.004562569001783003
16939,-0.000382363848992772
16940,0.011269803008339175
16941,0.009608702979725329
16942,0.01185469899443549
16943,0.01400968293382908
16944,0.010924157749555416
16945,0.012555752504738577
16946,0.013693638009744224
16947,0.02413767212143722
16948,0.03227952873975373
16949,0.028355110850173882
16950,0.02739095360252838
16951,0.04384413568516025
16952,0.04238921163759984
16953,0.042022657352294816
16954,0.0450250650528889
16955,0.05588816135099835
16956,0.04550323456199518
16957,0.0439146949384779
16958,0.04133415042815398
16959,0.04131940227485721
16960,0.04279634094331249
16961,0.047227347485685474
16962,0.04386506568067852
16963,0.05194106906676837
16964,0.060579419020616185
16965,0.059818859963300164
16966,0.05246820003321534
16967,0.0509478561208391
16968,0.05072259284348808
16969,0.04731218180519782
16970,0.039560142759072325
16971,0.039518333386757004
16972,0.036288594869858845
16973,0.04454728887430622
16974,0.04611353162307135
16975,0.04608747356046783
16976,0.038292146031138084
16977,0.03485848298374834
16978,0.049374619776054715
16979,0.05835025419459232
16980,0.039415990364929654
16981,0.038233275216304374
16982,0.0504442886138318
16983,0.04838340178328807
16984,0.049214507200752905
16985,0.042672791246283114
16986,0.043445976734445745
16987,0.033150045516474526
16988,0.03201258228090181
16989,0.020033509137362564
16990,0.01265353413630297
16991,-0.0051475235840992145
16992,-0.002108469229583947
16993,-0.0018163372367077167
16994,0.0045562057319642486
16995,-0.0023110411291137824
16996,-0.006723197396724881
16997,-0.011953483873605201
16998,-0.017500825171749536
16999,-0.02313759238796415
17000,-0.028312884289013247
17001,-0.035718317343838624
17002,-0.03085050325595288
17003,-0.036300166212458324
17004,-0.034325686265553004
17005,-0.04153089721313337
17006,-0.05072863046616393
17007,-0.036629001225814126
17008,-0.03943267379440487
17009,-0.03394135625863533
17010,-0.029020134756418087
17011,-0.02373753099930367
17012,-0.017598991556949297
17013,-0.021469483594375855
17014,-0.019879286077001998
17015,-0.018478464413843813
17016,-0.019333387776519682
17017,-0.02137639080064232
17018,-0.031183563829607176
17019,-0.04202542831561364
17020,-0.037455102637562625
17021,-0.04052213115176072
17022,-0.055968796421079124
17023,-0.05457189282540921
17024,-0.05867641125618319
17025,-0.05662646197824665
17026,-0.05942060672850764
17027,-0.05107994402619168
17028,-0.05553258290808802
17029,-0.0463692650598793
17030,-0.03544811560045171
17031,-0.016615824251730693
17032,-0.014931573713744454
17033,-0.018181678631654794
17034,-0.022957150984623035
17035,-0.025292052782371528
17036,-0.01672147635224356
17037,-0.009431519358632377
17038,-0.0023223882779716772
17039,-0.004864095057057419
17040,-0.006521869399406801
17041,0.0003317241908122411
17042,0.0021108625330515237
17043,0.01302955261504868
17044,0.009364606982817597
17045,0.02308209324202824
17046,0.03019590126973119
17047,0.02262487850392207
17048,0.02304109997612696
17049,0.015760906578721916
17050,0.007976003338291994
17051,0.009637648368381223
17052,-0.010403326307809766
17053,-0.013788997263464638
17054,-0.008024756003073058
17055,-0.010182548049415693
17056,-0.012080541558789648
17057,-0.015332224308003897
17058,0.0027401563019689096
17059,0.007009624361528456
17060,0.011547498801042706
17061,0.010069850234839365
17062,0.013758969905247309
17063,0.00576624992214625
17064,0.009624630869691791
17065,0.01251913142796181
17066,0.009425385078370803
17067,-0.0044096806907585875
17068,-0.001014153365233241
17069,0.0007157289034008162
17070,-0.012507437030387336
17071,-0.017839374482719685
17072,-0.016115930268062625
17073,-0.02172659040731907
17074,-0.022480019152375977
17075,-0.022963410005173934
17076,-0.027745379279105784
17077,-0.03398538651607505
17078,-0.04116250463665523
17079,-0.025901780712874772
17080,-0.01852702741649263
17081,-0.01895427167440975
17082,-0.01886400885464338
17083,-0.026355990037445997
17084,-0.017097379287734752
17085,-0.017977572565228233
17086,-0.017672827956157544
17087,-0.01712273707852248
17088,-0.0043007199291222875
17089,-0.0008230663376027509
17090,0.02012174182052254
17091,0.0188308075577591
17092,0.03210058625851171
17093,0.04161760047236224
17094,0.03554730406413669
17095,0.0336330227063918
17096,0.028072065009122973
17097,0.04307898585602155
17098,0.033699971463808265
17099,0.039582227203901414
17100,0.03423032201660799
17101,0.038775567745331
17102,0.04499645602971004
17103,0.0464395252974708
17104,0.04339220672968086
17105,0.04005550043191239
17106,0.0516189020228092
17107,0.06370821115164944
17108,0.06800516244177657
17109,0.06428559527132012
17110,0.06841921983710993
17111,0.09238280812466411
17112,0.08400776724589158
17113,0.09138897207015943
17114,0.08914440402047769
17115,0.09239448456044647
17116,0.09433095916169688
17117,0.09982440913409973
17118,0.1126588669736323
17119,0.10154749346497327
17120,0.08430568274344948
17121,0.08322527311710418
17122,0.07803450000771807
17123,0.07185058717035199
17124,0.06587251640558835
17125,0.06306405056064716
17126,0.08053701925910767
17127,0.08306670168878735
17128,0.0706663949078202
17129,0.08472162687777514
17130,0.06823989480083424
17131,0.06421102170363882
17132,0.0668044389697883
17133,0.06215751703520307
17134,0.06316267565403658
17135,0.032669423093087416
17136,0.04144033832578768
17137,0.029385419983187205
17138,0.036400487465802586
17139,0.031328101539982195
17140,0.022616259381332913
17141,0.031032999471109907
17142,0.014620771357217678
17143,0.018529127845595208
17144,0.012373397136931936
17145,0.018271251649291456
17146,0.011326729593160357
17147,0.009850605975368689
17148,0.0011783665489146198
17149,0.0007125248801515189
17150,-0.001361897999657308
17151,-0.025026458129459105
17152,-0.02394090218433051
17153,-0.03520182353133869
17154,-0.02900390080721859
17155,-0.033708178194031546
17156,-0.04166279229716424
17157,-0.032045391085022745
17158,-0.031191976725236565
17159,-0.037368669299259215
17160,-0.022002463245243336
17161,-0.02448382428270781
17162,-0.007979968807687355
17163,-0.010846008944375353
17164,-0.016735331338104075
17165,-0.023706529243791814
17166,-0.03509052681853303
17167,-0.03758060003191762
17168,-0.028725199804118286
17169,-0.04735894043807106
17170,-0.041769790156131546
17171,-0.04099981217314171
17172,-0.05088321037214774
17173,-0.055000108686608554
17174,-0.0651402449576467
17175,-0.036439572498752425
17176,-0.04144775618926191
17177,-0.04689729929897144
17178,-0.0579475391177606
17179,-0.060668483209587606
17180,-0.05540982185427599
17181,-0.06476520847338771
17182,-0.054069988974088594
17183,-0.05935317344501115
17184,-0.03319746430683683
17185,-0.03903731138258097
17186,-0.04170011694489141
17187,-0.04837303946695986
17188,-0.04488278074503442
17189,-0.043089870655685744
17190,-0.03411624224122668
17191,-0.031866301769692656
17192,-0.025495071480414157
17193,-0.012370699597682016
17194,-0.01693405802887098
17195,-0.00606646386795416
17196,0.008789189555452572
17197,-0.002642789695438239
17198,-0.008285178919328106
17199,-0.008598209755169334
17200,-0.010957188481719948
17201,-0.009469750139676677
17202,-0.02014648799422628
17203,-0.011045628708479067
17204,-0.013642368663398519
17205,-0.007214210615795799
17206,-0.00917938071944583
17207,-0.0037676035112649826
17208,-0.01140363758828171
17209,-0.006536072468838814
17210,-0.002700724305693681
17211,-0.0017249570530528387
17212,0.004981882441140365
17213,0.0030557577634787677
17214,0.018499812884298358
17215,0.02012695901712207
17216,0.01620070032007808
17217,0.025544079358819378
17218,0.03094785420627563
17219,0.03673860567891606
17220,0.03931337470917803
17221,0.03356789335752774
17222,0.03247816076200075
17223,0.04399903142333563
17224,0.025746377707529546
17225,0.034480032560453816
17226,0.03835874993059353
17227,0.04637430721440018
17228,0.047441052385516776
17229,0.04485528351874357
17230,0.040548012857390285
17231,0.040778551676541104
17232,0.03161212909637796
17233,0.03306073736394127
17234,0.02637261398716686
17235,0.014752202487847428
17236,0.008093193140876658
17237,0.012751145763619473
17238,0.014036411130933072
17239,0.02325370306059434
17240,0.021792190760011834
17241,0.024838893882029107
17242,0.02315058580666739
17243,0.026871705591583618
17244,0.029454940145287045
17245,0.028974923248078214
17246,0.025983555585436958
17247,0.015182956490549269
17248,0.01731891275659349
17249,0.017866795494894356
17250,0.009345065340994775
17251,0.009945096809421806
17252,0.018619988320940792
17253,0.020889424592885973
17254,0.015233166145643401
17255,0.016766120089171735
17256,0.024854764388097465
17257,0.021447152624120207
17258,0.025728206987319535
17259,0.024950561092364414
17260,0.026190167364878798
17261,0.03610521959495803
17262,0.039395902238283764
17263,0.0347902710601169
17264,0.033352216608801034
17265,0.02849067442001816
17266,0.02948814703226445
17267,0.03221552101828126
17268,0.02704099204359114
17269,0.030413579143409517
17270,0.028370107808868533
17271,0.022195646554457035
17272,0.026921991665007024
17273,0.02639080470569625
17274,0.03132957338821815
17275,0.03222854430202579
17276,0.03573154846106423
17277,0.02520866319038526
17278,0.02243695775442384
17279,0.006565000341926994
17280,0.011788981632400742
17281,0.0074449013614351625
17282,0.012384550879329815
17283,0.011529068707148394
17284,0.00926817943164344
17285,0.016284254144771727
17286,0.016620254067900263
17287,0.022172741883035578
17288,0.027045038267809244
17289,0.026696193750078995
17290,0.029612155646737713
17291,0.02033856056659384
17292,0.009227672361349502
17293,0.00661675072593706
17294,0.013768681881933725
17295,0.009309657688964771
17296,0.007002080339394831
17297,0.004713534829188103
17298,0.006298233425142907
17299,0.003367865035799526
17300,0.01276661084955407
17301,0.011897272147362335
17302,0.008392411669477462
17303,0.007564763493106676
17304,0.011477293356010318
17305,0.010577553299667964
17306,-3.9999332712426906e-05
17307,-0.0016864486743405963
17308,0.00820979265434215
17309,0.007852467978163765
17310,0.001644168156045804
17311,0.006168605365757365
17312,0.005411305144868263
17313,0.0005419928095365643
17314,0.0024600253045351027
17315,0.002667111280706011
17316,-0.004303863046826
17317,-0.0016126853612403898
17318,0.0018511292118075465
17319,0.016428134675298307
17320,0.012574310879211213
17321,0.013283117612193831
17322,0.002407673652597241
17323,-0.0010694890038251046
17324,0.002146399472057578
17325,-0.013185991437226598
17326,-0.012691385974251103
17327,-0.009078993302165656
17328,-0.014454594171719832
17329,-0.014254816791070239
17330,-0.017778670788839324
17331,-0.014109779987368447
17332,-0.009460050153872824
17333,-0.025646841281493693
17334,-0.03459721092512523
17335,-0.02974745701379674
17336,-0.031354410264688166
17337,-0.030692538718954686
17338,-0.03557286978139483
17339,-0.031251210183646544
17340,-0.03685297572306018
17341,-0.03954248931950536
17342,-0.040655574938897286
17343,-0.035165943520100794
17344,-0.038030221451654606
17345,-0.03363826905726041
17346,-0.01890470621400276
17347,-0.019232323660634418
17348,-0.029793638755730024
17349,-0.027283912740748095
17350,-0.02212080713910329
17351,-0.027638143771990364
17352,-0.022097683001534398
17353,-0.02441630099110755
17354,-0.02500425530618589
17355,-0.028552941380393448
17356,-0.026384382005633512
17357,-0.00876921163522596
17358,-0.014562156291350195
17359,-0.015199334184064139
17360,-0.018944453444265406
17361,-0.018818893641895887
17362,-0.010613527008137147
17363,-0.007652482396010716
17364,-0.010400848206640752
17365,-0.0016515364472375145
17366,0.0011131859843954775
17367,-0.00016515031283053305
17368,-0.0025304408806611205
17369,0.002983023837079314
17370,0.0038402136115201838
17371,0.006758476889002719
17372,0.0010661079984261863
17373,0.024938858216810016
17374,0.029070024106240887
17375,0.02386671146860471
17376,0.024570352413911863
17377,0.025886361692895734
17378,0.01975203914267231
17379,0.01771253535979113
17380,0.018668705942593018
17381,0.017262988398248073
17382,0.0200227696678164
17383,0.013437916680344181
17384,0.016924713645101914
17385,0.012453884142683372
17386,0.00412045470311328
17387,0.006929648329467063
17388,0.007568055850886292
17389,0.00839435399100184
17390,0.012649958151213688
17391,0.009580175299065853
17392,0.001360677732322832
17393,0.018111287708648723
17394,0.019338453099501118
17395,0.02331911456030464
17396,0.029216405149020117
17397,0.01504669794878561
17398,0.019513874281953187
17399,0.013143304605625199
17400,0.01722089983767905
17401,0.015524543973083098
17402,0.008742315714736345
17403,0.00762664445232595
17404,0.010043543985509999
17405,0.007253286548601962
17406,0.011552766159775019
17407,0.005040618057499822
17408,-0.0060858807027773364
17409,-0.012256634377353847
17410,-0.009484120591151723
17411,-0.0058776514815942265
17412,-0.0024118212929088293
17413,-0.007148279803104492
17414,-0.016403266263747704
17415,-0.014213498830140505
17416,-0.018551103465653484
17417,-0.01601145974569444
17418,-0.014574884012694777
17419,-0.017784672206546923
17420,-0.022816998496455868
17421,-0.03604025198333417
17422,-0.03638408381472889
17423,-0.047151460348339544
17424,-0.050100260521585525
17425,-0.047713810545114754
17426,-0.05359396099013929
17427,-0.0647197014974582
17428,-0.058033960653949765
17429,-0.06314581646869442
17430,-0.0630621581515946
17431,-0.05535444081632808
17432,-0.05036730599019621
17433,-0.05443062873065061
17434,-0.052348596773007
17435,-0.05498243531224591
17436,-0.06407604162076602
17437,-0.06564487614673835
17438,-0.05590059629282104
17439,-0.04824010856603645
17440,-0.048205933373685964
17441,-0.04852248652302068
17442,-0.04700261081859759
17443,-0.05560591825437035
17444,-0.05566577436435221
17445,-0.0490104511468796
17446,-0.053947749524315684
17447,-0.056634992971960875
17448,-0.04274328400891136
17449,-0.041601849876842394
17450,-0.04615930449823569
17451,-0.048839362392749414
17452,-0.049830843909672344
17453,-0.04462918729679897
17454,-0.03247372121655444
17455,-0.032342348883857966
17456,-0.033988986969033914
17457,-0.03602107661243908
17458,-0.03171220166099621
17459,-0.03256675431115754
17460,-0.029669604474200882
17461,-0.015248324401136574
17462,-0.004654099565150969
17463,0.009137100825993418
17464,0.009960857863471811
17465,0.0031499346278063664
17466,0.020158678937555945
17467,0.031131304217195375
17468,0.026252290513573816
17469,0.026084876735507575
17470,0.022089908707622945
17471,0.017660412154693408
17472,0.00664156746294766
17473,0.0006356275320077664
17474,-0.0030438412601506435
17475,0.0016516488812643145
17476,0.0027109589102520732
17477,-0.005590470942903034
17478,-0.028489718917003196
17479,-0.03039251747783433
17480,-0.03320114953047161
17481,-0.033356729985197446
17482,-0.032360015222835596
17483,-0.033114284344734
17484,-0.028973373540213405
17485,-0.036485768505554
17486,-0.04235896958875359
17487,-0.03633194964672444
17488,-0.03904126052733014
17489,-0.049042162043063636
17490,-0.049042605100598644
17491,-0.047921496757783906
17492,-0.051262438834694564
17493,-0.05137885508450468
17494,-0.058059466400157723
17495,-0.05798919133203094
17496,-0.04582533320716272
17497,-0.04599241047318085
17498,-0.03895174815431083
17499,-0.03954326663644801
17500,-0.04267422692882682
17501,-0.03231935112065989
17502,-0.04285908497698024
17503,-0.04057041970402252
17504,-0.044095228454276644
17505,-0.043730243950431305
17506,-0.049674703878977634
17507,-0.04925035274653349
17508,-0.043216594891979515
17509,-0.039242678425155456
17510,-0.049841567937985685
17511,-0.05106787026728466
17512,-0.04391549452720183
17513,-0.03981709125115162
17514,-0.0428965703791407
17515,-0.04424245478966683
17516,-0.04558728682315499
17517,-0.035251619230198296
17518,-0.02347243261189848
17519,-0.021371343425736784
17520,-0.024585207062063533
17521,-0.016953083202008428
17522,-0.01102359350649966
17523,-0.0005961722715192327
17524,-0.004317519723424221
17525,-0.0026257236535530944
17526,0.006521478393221247
17527,0.0064264955187290215
17528,0.0023469712723797886
17529,0.005743824409166726
17530,0.008212539609279097
17531,0.008483731652488996
17532,0.023619377465061087
17533,0.019864240577668023
17534,0.024151492624436822
17535,0.02300067998276318
17536,0.015813214468520628
17537,0.01682620498105828
17538,0.006742451516935133
17539,0.005056944691204508
17540,0.007609018035774664
17541,-0.0015967200647497531
17542,-0.0012734978180596907
17543,-0.011767503916510304
17544,-0.006459676303196304
17545,-0.0027652241971318986
17546,-0.011554570075653973
17547,-0.011041837438012788
17548,-0.020036316109204665
17549,-0.017383742312220507
17550,-0.01742724926132743
17551,-0.011429936724639505
17552,-0.016831044085867098
17553,-0.019923003253330053
17554,-0.01750322344728995
17555,-0.016833413778869537
17556,-0.007151029260929023
17557,-0.009012429779966242
17558,-0.00852786579809887
17559,-0.003686514444464746
17560,0.0032212555090742347
17561,-0.002011573482891523
17562,-0.005046221042470096
17563,-0.006652400163025809
17564,9.518886479388769e-05
17565,-0.00022098233593485984
17566,-0.004565289450386125
17567,-0.003939263325021947
17568,0.0011236054352203899
17569,0.007537692698269154
17570,0.01752243919790216
17571,0.006496210437847171
17572,-0.002251789475455313
17573,-0.0008461654075993985
17574,-0.004650425972984281
17575,-0.009916475604647193
17576,-0.010134906029777782
17577,-0.009527973494380115
17578,-0.007468232732694375
17579,-0.007733938834738778
17580,-0.012674018693004595
17581,-0.013863662813536811
17582,-0.018289908472731892
17583,-0.013291133083476039
17584,-0.01692980960164246
17585,-0.02271902058665982
17586,-0.024638824513463845
17587,-0.02733190646056273
17588,-0.017639813253749276
17589,-0.018958195280519185
17590,-0.00830032953508787
17591,-0.0013607879242768053
17592,-0.0022243335189817788
17593,-0.005830506049044934
17594,-0.010479171361201117
17595,0.004705157535102268
17596,8.580319620993151e-07
17597,-0.009529653851324668
17598,-0.014130752539943357
17599,-0.02228346838594622
17600,-0.025677944897053644
17601,-0.021366633599813358
17602,-0.022869422951691407
17603,-0.02580872734444069
17604,-0.02852641701823299
17605,-0.027144312941417753
17606,-0.01704518511508991
17607,-0.018417658502342584
17608,-0.019691889149368064
17609,-0.017887536496009052
17610,-0.022091574620177253
17611,-0.01046186348426257
17612,-0.014262533994297803
17613,-0.0148659201527455
17614,-0.013213101818967246
17615,0.0011129134420441316
17616,0.003072535465344018
17617,0.002117982462918879
17618,-0.002190202803459619
17619,0.0016847825971418396
17620,0.0005741006449150037
17621,0.0034727288955882112
17622,0.009415260939677279
17623,0.011913493271560783
17624,0.020096851520457086
17625,0.02818463977610321
17626,0.0365745945776612
17627,0.03508378450742911
17628,0.02875476605949308
17629,0.024981846500434553
17630,0.028077796191758635
17631,0.02463033154408333
17632,0.03180392078927319
17633,0.03307367479518647
17634,0.038766036564849705
17635,0.02112358066562016
17636,0.023457501177111494
17637,0.04063693738042326
17638,0.045206438372841246
17639,0.04439537419725989
17640,0.04667292579744457
17641,0.04142384801671999
17642,0.0399904149706719
17643,0.04312027616507976
17644,0.038814190711914616
17645,0.0373845102242491
17646,0.026920344032202437
17647,0.03611655736596582
17648,0.04159057297212003
17649,0.04121408492234909
17650,0.03740094627461166
17651,0.03223838037723426
17652,0.037814277900162376
17653,0.03829876985848319
17654,0.03677707505074893
17655,0.02335472974832922
17656,0.02176771810801883
17657,0.021515339926103372
17658,0.025380390618432523
17659,0.025527420966442463
17660,0.03162961894901892
17661,0.025633715330532696
17662,0.025869020686567455
17663,0.020755710870494794
17664,0.010036308347552486
17665,0.007302388903073126
17666,0.00925031638197536
17667,0.015334175981993518
17668,0.017199249621825924
17669,0.021079878233015215
17670,0.01597052396407676
17671,0.011320474202690951
17672,0.017016012348788377
17673,0.017490389613332734
17674,0.01856347082024542
17675,0.023504242097955947
17676,0.019048078152410726
17677,0.011854249213201244
17678,0.01111969426768559
17679,0.012998890249717758
17680,0.009437822709268288
17681,0.008854416183794147
17682,0.011971605638873156
17683,0.012015154812089974
17684,0.01339986804374749
17685,0.010170231813454602
17686,0.011137608679584556
17687,0.0010906406255244143
17688,0.0012432606115071927
17689,0.0002632614080970966
17690,-0.0003042860124038642
17691,0.00403488634330771
17692,0.0029206612418260494
17693,-0.005668935404740496
17694,-0.008396026075791119
17695,-0.004395296978435109
17696,-0.009152124686109722
17697,-0.014197737552911455
17698,-0.016879067988919118
17699,-0.01604527743355033
17700,-0.015703503063735674
17701,-0.012974860199327537
17702,-0.009184189019268242
17703,-0.014605449716006282
17704,-0.010464615683399698
17705,-0.01610787526000701
17706,-0.018386378882760075
17707,-0.02992042876938682
17708,-0.03230640275468366
17709,-0.03430341220762152
17710,-0.030903661190839957
17711,-0.03332058570619002
17712,-0.03792021784445492
17713,-0.03651960106963294
17714,-0.03372480494901526
17715,-0.03410893679911188
17716,-0.03489314843548188
17717,-0.032280645921299
17718,-0.043946839217596574
17719,-0.044799299795005805
17720,-0.034149706083093825
17721,-0.03387640837840052
17722,-0.03667716367824019
17723,-0.042997553361150145
17724,-0.046986852301853746
17725,-0.044138966290835586
17726,-0.049627886865713365
17727,-0.047253265925921946
17728,-0.054395626196360215
17729,-0.07811402403081719
17730,-0.07122994674402262
17731,-0.07127978502419637
17732,-0.07040288212004124
17733,-0.06899448651415535
17734,-0.06761055166783633
17735,-0.06830150399519833
17736,-0.07112273955184323
17737,-0.0675516798494846
17738,-0.06824227953974059
17739,-0.07761270060809194
17740,-0.08171766824059243
17741,-0.12398060921555072
17742,-0.12464581790879804
17743,-0.11613151568075944
17744,-0.10738357639908905
17745,-0.10722937000417358
17746,-0.10758721381015614
17747,-0.10736726365478153
17748,-0.09728249019393027
17749,-0.09830893649709783
17750,-0.08215030336106152
17751,-0.08321427882957448
17752,-0.08259916937159377
17753,-0.08731035507271344
17754,-0.08938029971484757
17755,-0.09030816372954382
17756,-0.08548362795394018
17757,-0.08900757471949317
17758,-0.07752090932093542
17759,-0.0914538522749193
17760,-0.10126235035781563
17761,-0.10158766438708025
17762,-0.10085350485349553
17763,-0.09962906051669221
17764,-0.09700219519824371
17765,-0.08803554247552213
17766,-0.07976095807966907
17767,-0.08071489911044818
17768,-0.08333500013044512
17769,-0.06514369486957015
17770,-0.0600063905842734
17771,-0.05456712779690839
17772,-0.05575821465510393
17773,-0.05109635294519626
17774,-0.045752448603638696
17775,-0.044754771796079666
17776,-0.03641830833680527
17777,-0.03908387967427218
17778,-0.03352536358808036
17779,-0.029793199500812936
17780,-0.024491267997855767
17781,0.016926171938959816
17782,0.011576072764839074
17783,0.006054208177374162
17784,0.017579582431835855
17785,0.025020603709450823
17786,0.030469025586537236
17787,0.031899734276345536
17788,0.02158277636202073
17789,0.025400378873484376
17790,0.005616859264496399
17791,0.011517618816767756
17792,0.007434104941834856
17793,0.013371862308867933
17794,0.011333047453815408
17795,0.006260810199972262
17796,0.011771740645129543
17797,0.009358842779510197
17798,0.01542848279666306
17799,0.0397719692404447
17800,0.04405732805473313
17801,0.04989357634827069
17802,0.046249105164236366
17803,0.0522891408605818
17804,0.049326404683356
17805,0.04109114329007223
17806,0.036493046644301474
17807,0.04227133347177904
17808,0.03755992475919234
17809,0.0426316699148325
17810,0.03648125843192109
17811,0.03367702050303479
17812,0.033063681278339516
17813,0.029055535511736605
17814,0.022722788234267873
17815,0.027388559424543116
17816,0.023852460431802325
17817,0.03056903320129107
17818,0.029387706042028804
17819,0.022924073861681327
17820,0.017059069518921915
17821,0.021477850091710635
17822,0.03043375550164039
17823,0.03202833744156456
17824,0.006493176797238985
17825,-0.0034168425171056307
17826,-0.009963694666617616
17827,-0.004199248740630476
17828,-0.0015666035779698085
17829,-0.01944879540108177
17830,-0.0194031153816483
17831,-0.028679371838422056
17832,-0.02918360859848727
17833,-0.029289354633924743
17834,-0.031551541413220786
17835,-0.030175133132411727
17836,-0.03759008339839853
17837,-0.044755305180893476
17838,-0.039940802238544564
17839,-0.045170772641279985
17840,-0.04102218099397605
17841,-0.04637138232062325
17842,-0.03802440125868124
17843,-0.034355954630479156
17844,-0.031900103039330344
17845,-0.03245371726011905
17846,-0.0489061392013351
17847,-0.05245912787238269
17848,-0.04522922060377262
17849,-0.04266673312753331
17850,-0.05152193473795835
17851,-0.056756802653700054
17852,-0.055580565448119776
17853,-0.039873628835601936
17854,-0.03596959218924108
17855,-0.04105749080610777
17856,-0.038961364553721047
17857,-0.04173613297908341
17858,-0.04698132637041093
17859,-0.032239602372110474
17860,-0.026716943046322335
17861,-0.030195983993123482
17862,-0.04178108587120336
17863,-0.03740712925185056
17864,-0.019724027619351166
17865,-0.016553434527540153
17866,-0.015316768845161031
17867,-0.028132179807598
17868,-0.029401641287219563
17869,-0.01830539686171018
17870,-0.0201061992092529
17871,-0.0026418697113560386
17872,0.0006906164634286008
17873,0.002768303862536076
17874,-0.021275288931864533
17875,-0.02120768714360976
17876,-0.036722817038525535
17877,-0.024260162397123027
17878,-0.03950059083767353
17879,-0.048233802185558346
17880,-0.04038114808242651
17881,-0.040730102602403506
17882,-0.04828249205017043
17883,-0.05583560831320777
17884,-0.05485976553365941
17885,-0.05074082226003463
17886,-0.04218400437046122
17887,-0.04339414788066101
17888,-0.04903503374568756
17889,-0.06701739569485578
17890,-0.06294974458461397
17891,-0.0690814031364849
17892,-0.06764012938027632
17893,-0.08072095268748003
17894,-0.07367734023592912
17895,-0.07270288533761735
17896,-0.07747608531499844
17897,-0.08286119786159146
17898,-0.06937880020175564
17899,-0.07238328896502953
17900,-0.08849078168788868
17901,-0.07667061199476378
17902,-0.07599466819585507
17903,-0.08042717011716194
17904,-0.08914423936408707
17905,-0.08253635081214739
17906,-0.09294046784396821
17907,-0.09051878645096137
17908,-0.09527211917426436
17909,-0.11483510318458137
17910,-0.12148449020886525
17911,-0.1276282143746968
17912,-0.12309630667946224
17913,-0.12588435797917014
17914,-0.10659495139391328
17915,-0.11059185576548203
17916,-0.11124427381730516
17917,-0.11562443685333412
17918,-0.09774670200470284
17919,-0.07212866766829351
17920,-0.07469441158103722
17921,-0.07937433344127005
17922,-0.07649357194059583
17923,-0.06607630292484663
17924,-0.070365780519753
17925,-0.06636629621583275
17926,-0.05696979274709862
17927,-0.04090453158560857
17928,-0.03558265959956375
17929,-0.019614709867616542
17930,-0.032168264927758566
17931,-0.023934317166190103
17932,-0.028970572721682387
17933,-0.03888239001223335
17934,-0.04303310244543005
17935,-0.04262929652893481
17936,-0.0381255260328753
17937,-0.024010200011323108
17938,-0.031434516802267186
17939,-0.02790715411473063
17940,-0.006521239310539213
17941,-0.014131831208617404
17942,-0.01841069987043124
17943,-0.01327153757179885
17944,-0.01794723689325948
17945,-0.023940198550328657
17946,-0.012784455036357325
17947,-0.0032030213888839866
17948,-0.006156827144766775
17949,0.021924713935381306
17950,0.02694756922194637
17951,0.036395503507709016
17952,0.028985180345831706
17953,0.03219869753798659
17954,0.0320359446737588
17955,0.034628852127603776
17956,0.052128990634476124
17957,0.06393504331669465
17958,0.046657648081940215
17959,0.023980654607058224
17960,0.01715761634984341
17961,0.022144902937227477
17962,0.022108929898023478
17963,0.020373261952561506
17964,0.02515217604116015
17965,0.017481292880708044
17966,0.015082437542093754
17967,0.006249690370590565
17968,0.0013890469691574434
17969,0.0014011607230051961
17970,0.012853045916908732
17971,0.013062676542291466
17972,0.005147677424227003
17973,0.01901298442490422
17974,0.015556224491266417
17975,0.020963244505151246
17976,0.028365492419271776
17977,0.015897582054557064
17978,0.014292884736626096
17979,0.013817454577431752
17980,0.006842487995085291
17981,0.00538949729350434
17982,0.00851379204329164
17983,0.007260557521075418
17984,-0.004359375402247226
17985,0.005849802746877576
17986,0.014368145192999346
17987,0.019367191914118963
17988,0.024445542346768868
17989,0.022053070493492595
17990,0.027973315407903425
17991,0.024385895978755814
17992,0.025523688286787007
17993,0.033737500652208645
17994,0.0385612078565763
17995,0.046739770827434204
17996,0.05038150983790313
17997,0.054876050475513076
17998,0.05370005045960977
17999,0.046551717311689646
18000,0.04513532811127847
18001,0.04460067279975364
18002,0.04330398086547498
18003,0.03226119872531706
18004,0.030673919849718224
18005,0.029068750128755993
18006,0.030768338609500342
18007,0.02283789978179409
18008,0.042504376297736846
18009,0.05193155339907097
18010,0.05406679430086106
18011,0.04473776924507189
18012,0.0653604902458557
18013,0.06173543697933362
18014,0.06153136257439481
18015,0.05036236678307104
18016,0.043673607182091144
18017,0.04456281044894459
18018,0.04122970017252263
18019,0.03636972270641202
18020,0.03609012335301877
18021,0.030599803189984
18022,0.03332122452162161
18023,0.03315855062499767
18024,0.06024548414136351
18025,0.054671546150326066
18026,0.04013015805129209
18027,0.03312903914452612
18028,0.03703362610912924
18029,0.04866824388787882
18030,0.0450512139998755
18031,0.04304682303175837
18032,0.04269371649342887
18033,0.01911352150554773
18034,0.018094885950708274
18035,0.011794041263410942
18036,0.0005759468216689668
18037,-0.012751348332902169
18038,-0.004510686062858667
18039,-0.001693572143399065
18040,-0.005338038876106871
18041,-0.009421597999730098
18042,-0.011415582062912686
18043,-0.007669582484446754
18044,-0.009178134588507868
18045,-0.005215086856029881
18046,-0.004172823731522127
18047,0.004758653623267371
18048,-0.005099708630945592
18049,-0.012599003323576828
18050,-0.011712841235774473
18051,-0.009135065527002885
18052,-0.017371151545864664
18053,-0.0076573735085081
18054,0.0003195782656083319
18055,0.00751478920174789
18056,0.014497091517590304
18057,0.010520212226380114
18058,0.013324408994151351
18059,0.01721880524570274
18060,0.017561224535786176
18061,0.024447488375104576
18062,0.027843134384821045
18063,0.023605312192409147
18064,0.009822365759010493
18065,0.0006213757742020881
18066,0.009562803261467755
18067,0.0071953960285561815
18068,0.007022446964540324
18069,-0.006470118237182051
18070,-0.003900904283628854
18071,-0.008367139271085008
18072,-0.013065394647829064
18073,-0.0004615033653476395
18074,0.004414265712546692
18075,0.0035649881743919634
18076,0.005207839592170144
18077,0.007296974940205837
18078,0.00290113679198188
18079,0.008271022972874317
18080,0.011231928620994815
18081,0.010842930560802872
18082,0.012182269940792531
18083,0.023114930325013997
18084,0.020035972417739863
18085,0.018954759998502126
18086,0.022061598511582646
18087,0.012673346412449972
18088,0.010696571557545281
18089,0.010353265228708976
18090,0.01359258213984941
18091,0.019680502940588127
18092,0.016919762201669276
18093,0.0036549032835252156
18094,-0.003406838423257624
18095,-0.0009135620096585315
18096,-0.006082878545175388
18097,2.4206884882666102e-05
18098,0.004371124238129851
18099,0.004168832416533493
18100,0.004004304264130076
18101,-0.002775481135040476
18102,-0.012842837416052353
18103,-0.010330643226076876
18104,-0.015266564201211799
18105,-0.007864878162724612
18106,-0.010705241309532185
18107,-0.014324291189797446
18108,-0.01256328655616057
18109,-0.011059182005830823
18110,-0.003075878899903923
18111,0.0035762454077390513
18112,0.007726943297710097
18113,0.008146479981401295
18114,-0.00045759069397681884
18115,0.0017076847563456705
18116,0.0024220595276895547
18117,0.0005929194716913917
18118,-0.00039265302560965364
18119,-0.005544703403845012
18120,-0.011790141438651994
18121,-0.011300328831042638
18122,-0.008867537615965168
18123,-0.03507968316636263
18124,-0.032190591787218774
18125,-0.029301215252821606
18126,-0.03578849345220091
18127,-0.03495383781875382
18128,-0.03675082363145872
18129,-0.045060629296366186
18130,-0.045073822253406955
18131,-0.036579442641791506
18132,-0.04344145015979554
18133,-0.039209647414195116
18134,-0.043831195838919285
18135,-0.05099774925181169
18136,-0.05256964454880322
18137,-0.05423470674439357
18138,-0.05386576467213227
18139,-0.05661828903575838
18140,-0.06470031739029204
18141,-0.06860703579450347
18142,-0.060624255373127975
18143,-0.05065234266461819
18144,-0.04289662517686427
18145,-0.04131925050781834
18146,-0.036815374448158834
18147,-0.02750525458797242
18148,-0.03043901015480643
18149,-0.029305413108998334
18150,-0.03743925851242454
18151,-0.044872243178160166
18152,-0.04724314610938214
18153,-0.04269492060592107
18154,-0.035799225556776115
18155,-0.024613556804286906
18156,-0.023069248135787222
18157,-0.021841694709704273
18158,-0.02353131220702495
18159,-0.018289258424339164
18160,-0.012415019177270442
18161,-0.004426893799575842
18162,-0.004485250499525612
18163,0.013381307339005244
18164,0.010792412340441117
18165,0.00680038919705192
18166,0.011339186571981939
18167,0.013845993093386322
18168,0.017051024246450067
18169,0.02616391770549554
18170,0.026314312022831906
18171,0.01746145959893059
18172,0.027043714017888805
18173,0.02561894844413977
18174,0.03180482535016315
18175,0.03714159645610753
18176,0.033071308648952
18177,0.02841266118598204
18178,0.02269175340355502
18179,0.0298356172790387
18180,0.03597252004172779
18181,0.047866307000152486
18182,0.04917902567616656
18183,0.04717810470169318
18184,0.04104364732714929
18185,0.04248380186017345
18186,0.03527653579067816
18187,0.03403130291488961
18188,0.03199271608426736
18189,0.02540715227282386
18190,0.025553494285380715
18191,0.014523283237258305
18192,0.01246674401092451
18193,0.00944453736080379
18194,0.003447004441362531
18195,-0.006025831423030348
18196,-0.0016381423429877942
18197,-0.006834427801413743
18198,-0.00826920765007677
18199,-0.010254346496508656
18200,-0.015350048286236005
18201,-0.0200131797787749
18202,-0.02546815428037707
18203,-0.026507603037901867
18204,-0.027347119463206948
18205,-0.02890257544181518
18206,-0.022549982624397707
18207,-0.026161537557174024
18208,-0.02896017468299736
18209,-0.0274687644608977
18210,-0.03666681876128263
18211,-0.03728947861870959
18212,-0.03534650443132555
18213,-0.0352099565920195
18214,-0.03624984143667435
18215,-0.03232983701142377
18216,-0.027725758601078655
18217,-0.02203972671724211
18218,-0.023055075264442705
18219,-0.03112791242621721
18220,-0.02835606459184919
18221,-0.032991081749993316
18222,-0.04482282254392968
18223,-0.050819012993211295
18224,-0.05694222518699949
18225,-0.062310489345049576
18226,-0.061611163738242956
18227,-0.06636223868719124
18228,-0.05996575540508942
18229,-0.053492256708214656
18230,-0.053837729090731166
18231,-0.03921974106197497
18232,-0.03411505021681852
18233,-0.04127473902743899
18234,-0.027046561394198764
18235,-0.02837071249611416
18236,-0.03932410860397996
18237,-0.031029343339470918
18238,-0.025394975244030508
18239,-0.02191375512305035
18240,-0.014035879975061208
18241,-0.013880979795830695
18242,-0.008558228398014914
18243,-0.008358940136238545
18244,-0.0037358153129995707
18245,-0.006309329415114672
18246,-0.009105048567225068
18247,-0.004270346205867192
18248,-0.006764014449764743
18249,-0.008890382540132432
18250,-0.004980402357474228
18251,-0.00412926081178856
18252,-0.008844313123384531
18253,-0.008532768996621082
18254,-0.007047780068103926
18255,-0.01578075634821748
18256,-0.014716884868078747
18257,-0.012100340537932549
18258,-0.01263648357460146
18259,-0.011365919754432928
18260,-0.009398553003434122
18261,-0.0037906491398464097
18262,0.007939001162262644
18263,0.00504914591817782
18264,0.018201559958698686
18265,0.02537939196259115
18266,0.024084967923730948
18267,0.029028623391601876
18268,0.023298838922961276
18269,0.021496152518628346
18270,0.023795963245447232
18271,0.02007738360826049
18272,0.025543992935734748
18273,0.03235467644519761
18274,0.021148949827429268
18275,0.019743109682794954
18276,0.03316092724966649
18277,0.028224656093741186
18278,0.02813315002247091
18279,0.02806297619356921
18280,0.026938855074886896
18281,0.027617846695845154
18282,0.024776953798619633
18283,0.024474251490682334
18284,0.017554312601411336
18285,0.012094378780653075
18286,0.005408303875234891
18287,0.0004965209417941583
18288,0.0027953560400851302
18289,0.0012655883604804315
18290,-0.0006338192263407524
18291,0.0045835492222870726
18292,0.006501031834493076
18293,0.014643600054007982
18294,0.01059581364497364
18295,0.014278635503237729
18296,0.01699244630911116
18297,0.00967414298511608
18298,0.010642986647434164
18299,-0.003406191724227332
18300,-0.002087388604061883
18301,-0.004438246188500959
18302,-0.005781268062366996
18303,-0.0035788422629213787
18304,-0.009231303621821303
18305,-0.01063693361045823
18306,-0.01477541958073031
18307,-0.017067378501636823
18308,-0.019643067645369872
18309,-0.01453333204313222
18310,-0.015067008738180865
18311,-0.009785355183950734
18312,-0.012899208301734206
18313,-0.013910927912538121
18314,-0.014004018129075748
18315,-0.014761153912183635
18316,-0.017496597243170882
18317,-0.016862939831891792
18318,-0.027951933799629743
18319,-0.03013935884974731
18320,-0.037474777482416545
18321,-0.03746209277229516
18322,-0.035780754538704156
18323,-0.03039122811177011
18324,-0.022477187976886925
18325,-0.01426758565776704
18326,-0.012699816139260021
18327,-0.02478670949526358
18328,-0.024546623914048313
18329,-0.02488804465340144
18330,-0.021892737140836123
18331,-0.027026998737398493
18332,-0.03250526990725798
18333,-0.03417853544102364
18334,-0.040432026553898354
18335,-0.04144127879662254
18336,-0.037834073431019674
18337,-0.03236173751136378
18338,-0.028326377501236937
18339,-0.011715754543422613
18340,-0.015819702998717537
18341,-0.0026862534483816777
18342,0.0006691534496995957
18343,0.0007515664226492873
18344,0.001194859201445525
18345,0.0030737178549892184
18346,0.010996761554782637
18347,0.014887373654853436
18348,0.019561007772626465
18349,0.014281119348046614
18350,0.01385840886310245
18351,0.004954740654084842
18352,0.0046342250725768235
18353,0.006499421621486455
18354,0.0046148026929684
18355,0.007072270389125125
18356,-0.00020205094901961144
18357,-0.0011264926489167855
18358,0.006822208263770068
18359,0.017019710615994048
18360,0.01874754322126807
18361,0.018858729807822563
18362,0.019479396463214723
18363,0.01336224699439147
18364,0.013060665900579804
18365,0.02124229636278323
18366,0.021863999944758992
18367,0.03584972090494955
18368,0.03504321544546905
18369,0.035148011195545927
18370,0.030887779495230406
18371,0.03529457327647415
18372,0.04838402274945977
18373,0.04317829355147148
18374,0.05529833681891777
18375,0.053344963063214346
18376,0.045169236931165216
18377,0.040786792094951035
18378,0.040547320239086165
18379,0.03362959005656594
18380,0.03273691821028376
18381,0.020899634783412703
18382,0.01774099631394937
18383,0.017370017365274226
18384,0.018017255472758745
18385,0.01470821527364109
18386,0.016561821047326272
18387,0.013044134982150716
18388,0.015010871853340529
18389,0.009448878643932937
18390,0.011638849380734749
18391,0.015506813424892801
18392,0.015138454893757185
18393,0.01101929887458755
18394,0.01059028546529901
18395,0.009728197349115895
18396,0.01980974351492491
18397,0.019568841208267056
18398,0.020073850639986054
18399,0.001651579262209191
18400,0.004020088375843382
18401,0.01925452882984408
18402,0.01759669424521272
18403,0.01918095144674135
18404,0.015858128237951442
18405,0.007576051268828558
18406,0.00650787351334464
18407,0.0008792076225690902
18408,-0.0016538193687151757
18409,-0.0006530576973482355
18410,-0.005456542748921037
18411,-0.010982422305259134
18412,-0.021130410329389903
18413,-0.02368522201671097
18414,-0.03146455868070297
18415,-0.02860146211072105
18416,-0.03373074840983313
18417,-0.03571365792728074
18418,-0.0374037381036652
18419,-0.035337483362766806
18420,-0.03282936436068018
18421,-0.03247476607170997
18422,-0.026590820364074726
18423,-0.0263620841846143
18424,-0.02631872727286847
18425,-0.024525055158725637
18426,-0.025202072367690845
18427,-0.023667781263404967
18428,-0.03177896781088124
18429,-0.02895013229488068
18430,-0.030162087870892338
18431,-0.03895520289916498
18432,-0.04241792115990811
18433,-0.04021211262184947
18434,-0.03399299460984231
18435,-0.03548790259965331
18436,-0.03676654913809365
18437,-0.032283043872028135
18438,-0.02681601856023528
18439,-0.020335195180756896
18440,-0.022806504200978094
18441,-0.03477397303646367
18442,-0.03353587208469426
18443,-0.04421709098573219
18444,-0.04719437369925869
18445,-0.04729138073282555
18446,-0.04718894142490732
18447,-0.04512111692554916
18448,-0.0474658058045182
18449,-0.04505708938177608
18450,-0.036191295950286514
18451,-0.034467533177065864
18452,-0.02801781731318408
18453,-0.029537923013062593
18454,-0.025188978369151217
18455,-0.028721645295597655
18456,-0.028084047983556383
18457,-0.023112306842305447
18458,-0.02095158615558926
18459,-0.01298239388321054
18460,-0.015205247670952217
18461,-0.01706962671424397
18462,-0.023099400507072935
18463,-0.023784086906648242
18464,-0.02236921805764563
18465,-0.02671967597911826
18466,-0.031487542607085
18467,-0.03369135442711983
18468,-0.028264719750259956
18469,-0.025328605896341398
18470,-0.03310507091258938
18471,-0.024055573257184944
18472,-0.020846791196158298
18473,-0.019059884477055717
18474,-0.021902253350717923
18475,-0.023828735215728536
18476,-0.022066304194853805
18477,-0.03550393405769945
18478,-0.042102661305599955
18479,-0.030619460443979785
18480,-0.024652014338634773
18481,-0.026438830502182546
18482,-0.028437343121528055
18483,-0.017511606598832316
18484,-0.008118890683755866
18485,-0.010188087137038606
18486,-0.014702682076858169
18487,-0.011679433405657311
18488,0.00016155490720977576
18489,-0.0037791581717886557
18490,-0.005687597883644017
18491,-0.005911709297659833
18492,-0.01280177870032408
18493,-0.0123082510777581
18494,-0.011158998994726504
18495,-0.004579922126031946
18496,-0.0008418842631263218
18497,-0.007897991570462963
18498,-0.01138690031541929
18499,-0.017150445649959763
18500,-0.01568892224552302
18501,-0.018259339929772807
18502,-0.01553649898438869
18503,-0.016886568844760048
18504,-0.01753772057523033
18505,-0.015637349374268826
18506,-0.011589307569353707
18507,-0.008007178358432674
18508,-0.00831397139864594
18509,-0.00843496600133595
18510,0.004347055309089853
18511,0.004630549282274571
18512,-0.0016116042111523853
18513,-0.007058142866679618
18514,-0.008330790557998237
18515,-0.003880112989154599
18516,-0.0044172687635053755
18517,0.006340290171634543
18518,0.012060113076580111
18519,0.0013684917621139335
18520,-0.004804866870458003
18521,-0.008492363118786239
18522,-0.011081575974405691
18523,-0.01321864658159527
18524,-0.03074380138203168
18525,-0.02786036219210207
18526,-0.022710975944848857
18527,-0.02949470402757807
18528,-0.036189833250883506
18529,-0.03329875493111827
18530,-0.036028970609054814
18531,-0.03611986665185265
18532,-0.03285193494111047
18533,-0.03203439098380659
18534,-0.0467542413450519
18535,-0.05170302902450525
18536,-0.04675598708059702
18537,-0.03730745081334662
18538,-0.0370391905713591
18539,-0.040869668922476926
18540,-0.0480269996072874
18541,-0.045162173637818014
18542,-0.03814452575697107
18543,-0.03672456699487262
18544,-0.03667176462181615
18545,-0.03461316039031831
18546,-0.029370514098084558
18547,-0.03487771071363482
18548,-0.03207648189469572
18549,-0.02333216504030889
18550,-0.02833546538121565
18551,-0.03158267418970721
18552,-0.025780130460251287
18553,-0.022370495017235426
18554,-0.023085254037685084
18555,-0.02109619734415842
18556,-0.019568119875975194
18557,-0.01795887598551452
18558,-0.02608906383023108
18559,-0.02487750772584456
18560,-0.02530017377068048
18561,-0.018366259878239765
18562,-0.013671718375531959
18563,-0.016628910926724968
18564,0.0009326951932383671
18565,0.005062987348447037
18566,0.006611378122364106
18567,0.008473880134081877
18568,0.009919523681374016
18569,0.007016539207797927
18570,0.01495284306559712
18571,0.014065904738650964
18572,0.02087936672269552
18573,0.023568098274120007
18574,0.0448083511802038
18575,0.05095628186087467
18576,0.04397614158419601
18577,0.041296597663738305
18578,0.04743488959596435
18579,0.05720658225788449
18580,0.061808763235414114
18581,0.04607858333347848
18582,0.033766752775537576
18583,0.03413757412156936
18584,0.03128609095935227
18585,0.033773924738740725
18586,0.02693734612929694
18587,0.03227335640732369
18588,0.02434703525650169
18589,0.015830319024237753
18590,0.016137986252114954
18591,0.01895880619669885
18592,0.020580304632330793
18593,0.01840269602072059
18594,0.027276128777521058
18595,0.024621622842685435
18596,0.027980014315683373
18597,0.02793927426394436
18598,0.032281690537751095
18599,0.026316656134637247
18600,0.03248086705318278
18601,0.02990182640819526
18602,0.03041474239518912
18603,0.03569629190318844
18604,0.033181172608817505
18605,0.01657767319534583
18606,0.016305113671948396
18607,0.020547741282040177
18608,0.018788052538370903
18609,0.024562127817785395
18610,0.021558087886467632
18611,0.013856240697831982
18612,0.0073895720101791115
18613,0.0061637457456271035
18614,0.011885999656159172
18615,0.007164930760564474
18616,0.01008276032490769
18617,0.019501611682921496
18618,0.015175547389752088
18619,0.011186737246208134
18620,0.01788464956049808
18621,0.028044571639770893
18622,0.030740618884019653
18623,0.03637754400727013
18624,0.0352923465504695
18625,0.029911962259469727
18626,0.036479165366019535
18627,0.03785262085492854
18628,0.039394921718129534
18629,0.03463590789740337
18630,0.0377846933359579
18631,0.03811256959415348
18632,0.03955309537401171
18633,0.04286083484089333
18634,0.03453712368569501
18635,0.03245847751055774
18636,0.02800862384904265
18637,0.026597013025642453
18638,0.02292821246535408
18639,0.031274640723678644
18640,0.029660068302728083
18641,0.031170118748254438
18642,0.030636928345834098
18643,0.029467479726894168
18644,0.029934360209589478
18645,0.046525669097006395
18646,0.045646884048501625
18647,0.045151577701633444
18648,0.04546629660967898
18649,0.04091951423174076
18650,0.028044373453737507
18651,0.032204723300505736
18652,0.03382925882058643
18653,0.03694671796265732
18654,0.026000032232009265
18655,0.023423320505613052
18656,0.023129319682365725
18657,0.022497056028693008
18658,0.02222104444533377
18659,0.017777300410847352
18660,0.016757078499818952
18661,0.021790154646075973
18662,0.013919094085153952
18663,0.011822563284435587
18664,0.01694230187171286
18665,0.018247571355740216
18666,0.013298817142268105
18667,0.010559141553701473
18668,0.008100586276347998
18669,0.014303718520168795
18670,0.00899635698444696
18671,-0.0045393713361563314
18672,-0.008049365098890005
18673,-0.007968255947746342
18674,-0.005049463204695397
18675,-0.0028920974072286785
18676,-0.005582385785004435
18677,0.001398681775019391
18678,-0.00040484446980314616
18679,-0.004041028876003619
18680,-0.0029507424568804208
18681,-0.003466104839137165
18682,-0.002539392908667219
18683,-0.008495342037308696
18684,-0.014513649868117769
18685,-0.018295767078683606
18686,-0.01761133304988784
18687,-0.01385251267542435
18688,-0.01288636556563604
18689,-0.013086590477215209
18690,-0.005089425390894561
18691,-0.002946070746362938
18692,0.001159295364449534
18693,-0.002317859867611057
18694,-0.0035669577987199855
18695,0.0020335358501822804
18696,0.0073698461315112925
18697,0.00021281315164104015
18698,-0.0018932399931009822
18699,0.0030635951875517616
18700,-0.003788024885413487
18701,-0.0076300126687003375
18702,-0.00028501340441190975
18703,-0.0030045584482541864
18704,-0.008382582805709317
18705,-0.0076436094328343395
18706,-0.00939203544826289
18707,-0.0071933016837219125
18708,-0.0006883845342586101
18709,-0.002455867727993367
18710,0.00434549182438966
18711,0.02176065112523985
18712,0.02236588190926251
18713,0.023148044932085908
18714,0.022757006441769045
18715,0.021787507753144603
18716,0.012513407126299178
18717,0.009133332412277448
18718,0.01348648721526929
18719,0.011116196429038749
18720,0.013206867603145014
18721,0.011803513583015976
18722,0.018667942162869083
18723,0.025809381586785977
18724,0.030642437779024537
18725,0.03168863091739985
18726,0.0271916034398258
18727,0.02644235455089476
18728,0.02744960210749359
18729,0.027654241816967292
18730,0.03005791556986204
18731,0.029681382229701864
18732,0.027023887319640682
18733,0.028064166674907926
18734,0.02678997013955537
18735,0.02477664508715127
18736,0.018530101248365165
18737,0.010865716479930152
18738,0.015395155487412916
18739,0.013471797067888928
18740,0.024355272365951745
18741,0.028924705795295644
18742,0.029751531086098876
18743,0.028247798143552567
18744,0.02831024037188
18745,0.024261331923895773
18746,0.02843551210644844
18747,0.02491501496354132
18748,0.02351136031780056
18749,0.02181445019517406
18750,0.01827858745698686
18751,0.014067413352593115
18752,0.019600713442079216
18753,0.023308235145863564
18754,0.01989633039128714
18755,0.02254274987752067
18756,0.03114506182551679
18757,0.02670231890498905
18758,0.027399584206594364
18759,0.03518075241851825
18760,0.03128132776851301
18761,0.04340203947427214
18762,0.030405751555875018
18763,0.026653284380695134
18764,0.024503447877069356
18765,0.020043187870357315
18766,0.02336706522144391
18767,0.018472524828137802
18768,0.01862139452381958
18769,0.0187935712881656
18770,0.01937169166836776
18771,0.02193739306094183
18772,0.018675773214507113
18773,0.020592691812113238
18774,0.021592178218543114
18775,0.02077968550649183
18776,0.018639049252950225
18777,0.029413651148940075
18778,0.026444297290969452
18779,0.02434725135195133
18780,0.022047941224819498
18781,0.01783293597082697
18782,0.013925865723230714
18783,0.013532055415164702
18784,0.01602697771575443
18785,0.020316391464793263
18786,0.021653999164460893
18787,0.02291870577636873
18788,0.02536327636444802
18789,0.026733744139916416
18790,0.023219569084676185
18791,0.023959158236914514
18792,0.019311647888407023
18793,0.013026249018041327
18794,0.022213336887467235
18795,0.024506951677100985
18796,0.02558141204757975
18797,0.03023162423145808
18798,0.03262482667235536
18799,0.027219789011365823
18800,0.030521035212280976
18801,0.017111277588657176
18802,0.02123930482095247
18803,0.030057977072979705
18804,0.035979942271614274
18805,0.03886597906598638
18806,0.032863158409646376
18807,0.030415853966301337
18808,0.032354770230375605
18809,0.031255327598157995
18810,0.031236535041609503
18811,0.03088597911593329
18812,0.03347216999999742
18813,0.029657711764193406
18814,0.030024011771804825
18815,0.025139114001382842
18816,0.025042475384193495
18817,0.019311425214512092
18818,0.022322485459132388
18819,0.02770566055415899
18820,0.022717192883627994
18821,0.030105319181653444
18822,0.03140415125472809
18823,0.03187093798578492
18824,0.030998057557634285
18825,0.030463345999920326
18826,0.027196775384896527
18827,0.027516409642561156
18828,0.031472092796346586
18829,0.03211535298043443
18830,0.043636072073507524
18831,0.04166862060146043
18832,0.03968240506543809
18833,0.03729528166467274
18834,0.031771181771797406
18835,0.02698399916372101
18836,0.030139582009118843
18837,0.03145452015602791
18838,0.03077120571767825
18839,0.041669884905833364
18840,0.0397137645878873
18841,0.04000503248453909
18842,0.025355341211553157
18843,0.017557373722647825
18844,-0.004165393587114829
18845,0.002485226707903021
18846,0.012918426838912431
18847,0.01853070197183561
18848,-0.007936347070519703
18849,-0.006314432766449109
18850,-0.007836548178394619
18851,-0.0017260425638435553
18852,-0.01083192011622537
18853,-0.007847708924220573
18854,-0.007577404290202524
18855,-0.007550932260801411
18856,-0.006735398167923925
18857,-0.005491857022102198
18858,-0.009902443113373209
18859,-0.013217609769936177
18860,-0.0046538744352925985
18861,-0.00915869946911672
18862,-0.010946344791445201
18863,-0.017386479283731503
18864,-0.008282838148751416
18865,-0.008879106032478053
18866,-0.011615971169618251
18867,-0.011417009810292254
18868,-0.0174888188757377
18869,-0.010702734562064779
18870,-0.017819567097377895
18871,-0.02148602659989319
18872,-0.016704445371359886
18873,-0.005998496042345187
18874,-0.00859941407695699
18875,-0.005015869707195734
18876,-0.012045601674466177
18877,-0.018169572216761527
18878,-0.022119839202022807
18879,-0.03786054167618362
18880,-0.04055593827681129
18881,-0.0372357474987485
18882,-0.02672881433745797
18883,-0.02469506587545139
18884,-0.00976269853161517
18885,-0.017480534743646192
18886,-0.022621130881209175
18887,-0.018055808064767052
18888,0.008604552135478245
18889,0.009924965655748593
18890,0.0076575867880198335
18891,0.0033202867538399097
18892,0.011113588676864147
18893,0.008710236635160488
18894,0.006643039771276068
18895,0.006073885248241592
18896,0.0033392494350361263
18897,0.013208636804258067
18898,0.01873051443156776
18899,0.017417043880696183
18900,0.007898639435470261
18901,0.008649943011876573
18902,0.012667522581480385
18903,0.021354596163562636
18904,0.015103471566223032
18905,0.02204472204871953
18906,0.02378873723259523
18907,0.021617160767604938
18908,0.02262701092239291
18909,0.01568773863566121
18910,0.013050812844615784
18911,0.017198442225051767
18912,0.0057005469503931035
18913,-0.002295586338584003
18914,-0.0025198282980156764
18915,-0.004594994380768434
18916,0.0023556952396677146
18917,-0.00017844155633483814
18918,0.004410427962270936
18919,0.010104534365502307
18920,0.005455498510106053
18921,0.0034202883351546116
18922,0.007687109350949126
18923,0.007761788526498443
18924,0.013215445710828532
18925,0.01888354433281844
18926,0.017967457108872088
18927,0.013021696962306258
18928,0.00972976471538597
18929,0.017231476871350605
18930,0.021866320249914917
18931,0.020239079560485644
18932,0.02136400174349621
18933,0.0232690770240144
18934,0.027458468475448444
18935,0.034360559378318015
18936,0.033694783312478986
18937,0.025212720256613613
18938,0.004021881759290339
18939,0.006297020662253309
18940,0.009707544244597839
18941,0.0098578318398908
18942,0.009763165675435082
18943,0.010057881213673158
18944,0.0102332196965594
18945,0.0019263046680619309
18946,-0.0005013449377715275
18947,0.0023159910041596096
18948,-0.0025683907710087922
18949,-0.005930982399155404
18950,-0.00546578806161826
18951,-0.003145752720414825
18952,0.0036653929143123836
18953,0.0019389725857931973
18954,-0.0022558468092398146
18955,-0.004545395313180388
18956,-0.005772204198127123
18957,-0.00525537798626447
18958,-0.011289128738251568
18959,-0.0017125858500813404
18960,0.0041672354384348015
18961,0.0029410155192737555
18962,0.009573095993347854
18963,0.00893216151857587
18964,0.007839551158247793
18965,0.00721741669850341
18966,0.014312053880327929
18967,0.015849826442198352
18968,0.012477928999453672
18969,0.006807591066470107
18970,0.007088815411121158
18971,0.011997149460634161
18972,0.004185601733140312
18973,0.001172667427024227
18974,0.0017290592780399786
18975,-0.0015676892861489944
18976,0.0026115077540015967
18977,0.0018975588703329872
18978,0.016771479715948476
18979,0.015479728104167471
18980,0.013439410306050083
18981,0.013998827502546189
18982,0.014925376782296483
18983,0.012588218117326555
18984,0.011285213121531234
18985,0.013151275040782092
18986,0.013869275130884299
18987,0.015160353554460161
18988,0.020001333716449892
18989,0.01940428264661202
18990,0.022226540896604387
18991,0.01901918129400771
18992,0.025856974104018323
18993,0.02712232307022835
18994,0.03356452805380854
18995,0.03392960615070595
18996,0.0323842043304344
18997,0.035158181667657155
18998,0.034386298961338845
18999,0.01821512290409852
19000,0.01850807114733526
19001,0.018880018718541804
19002,0.01159959011462689
19003,0.014267532711580327
19004,0.0175463224276881
19005,0.014686416594485056
19006,0.0079300290700972
19007,0.00829068007806575
19008,0.0070991564571538535
19009,0.0035439142699254514
19010,0.009284879611062218
19011,0.004286114081101026
19012,0.009713336075023513
19013,0.01412381594711561
19014,0.009146969845278657
19015,0.011284600255031871
19016,0.004756964090275274
19017,0.005112042117036847
19018,0.008096319044636414
19019,9.346220975086554e-05
19020,-0.003989188779704079
19021,-0.005103582127336538
19022,-0.008363180908212371
19023,-0.005061758370901167
19024,-0.005150955288888541
19025,-0.01116214844205288
19026,-0.009170546868711962
19027,-0.01040284205221714
19028,-0.004699777185421601
19029,-0.002042824055929326
19030,-0.004295968533725108
19031,0.0010187826161461942
19032,-0.008298196513174429
19033,-0.009046209228066286
19034,-0.0031824390677164787
19035,-0.001128025117550552
19036,-0.0015847046863651905
19037,-0.0006632096050320224
19038,0.0024498994836171005
19039,0.009290602915359552
19040,0.010583592788357023
19041,0.01017992961059074
19042,0.010285716491329915
19043,0.01413324343957214
19044,0.008579485685927715
19045,0.007640889672569854
19046,0.0037239788325737853
19047,0.00555237986266189
19048,0.007733414464083511
19049,0.010352101000227326
19050,0.003835730396823273
19051,0.003959387695364319
19052,0.0012466921998513568
19053,-0.004138563473756903
19054,-0.0032256742219177723
19055,0.0021808314661259367
19056,0.00782248768982535
19057,0.004891781006881382
19058,0.0023857135154888376
19059,0.011472561141996643
19060,0.01587121265336992
19061,0.03464092027470227
19062,0.035697572393139004
19063,0.027171273610283028
19064,0.021651049395802435
19065,0.02708001261517735
19066,0.025952642289225895
19067,0.025573496469856564
19068,0.021495791813144097
19069,0.02176520530114069
19070,0.01703280244068526
19071,0.010910292191367866
19072,0.008073189717788042
19073,0.006616954612422892
19074,-0.005702319155500063
19075,-0.007932835169460419
19076,-0.01072736818312834
19077,-0.007786059198608426
19078,-0.005879407671865137
19079,-0.007473584558704824
19080,-0.015228970724963018
19081,-0.01907462095641268
19082,-0.017828505933761497
19083,-0.029037037740034716
19084,-0.02944588392389191
19085,-0.024173381824814627
19086,-0.022716067757509086
19087,-0.0258521264826679
19088,-0.01887195418845138
19089,-0.01891947988291347
19090,-0.021679331196987294
19091,-0.02708829102310094
19092,-0.03361234660521952
19093,-0.03202777931093147
19094,-0.02771341548700571
19095,-0.03705076764630546
19096,-0.03524104743066522
19097,-0.037896976738191764
19098,-0.03816495347623594
19099,-0.03236923397205799
19100,-0.03288720561400356
19101,-0.045277931388400416
19102,-0.04387475663889557
19103,-0.0386745402086917
19104,-0.026990300794192214
19105,-0.025504343949769453
19106,-0.03811821254324257
19107,-0.0437205655210317
19108,-0.04390326128380374
19109,-0.039991153812494
19110,-0.028803318227323
19111,-0.027681070834829655
19112,-0.023132127196916978
19113,-0.0267271875694728
19114,-0.024703209535838294
19115,-0.023602370675367804
19116,-0.01684773739163863
19117,-0.026335361494850704
19118,-0.026059015219440852
19119,-0.021038987634541373
19120,-0.01449197685881874
19121,-0.014634970466173005
19122,-0.017257701721953147
19123,-0.012352008163482728
19124,-0.0064959373782730425
19125,-0.0032156023400977812
19126,-0.0016906251212689984
19127,0.00026117294696967753
19128,-0.0005829068511454517
19129,-0.003099077030327502
19130,0.001903994434291027
19131,0.004828984832978713
19132,0.015509183270093877
19133,0.02654972763813841
19134,0.020093562741726585
19135,0.0252619553919558
19136,0.024497554737587798
19137,0.0300055516223984
19138,0.0319240896318164
19139,0.027303803948902364
19140,0.02217275384157944
19141,0.016927530230185915
19142,0.014554259107846197
19143,0.009021549967027255
19144,-0.0005315718587175334
19145,0.0006392040097339085
19146,0.017891562776105315
19147,0.02387280652317427
19148,0.02129241576069019
19149,0.01808568433268006
19150,0.010077282955716341
19151,0.00544422791249795
19152,0.006426941385657953
19153,0.012604377343315772
19154,0.011980396254125576
19155,0.006957794008213767
19156,0.0018785833627208114
19157,0.009759466623276996
19158,0.009119379143951016
19159,0.005469626163049226
19160,0.011978947881314924
19161,0.016763289105900286
19162,0.014769493532192885
19163,0.019413521921549104
19164,0.01530735257791781
19165,0.006579164230052144
19166,0.013570397230179884
19167,0.011943287364919246
19168,0.008741660747998327
19169,0.012241324175467956
19170,0.0062524287358953
19171,0.0074156616813961995
19172,0.008048487013551124
19173,-0.0006078695542715333
19174,0.0031639558294891774
19175,0.0014504740896962229
19176,0.0018875053555224748
19177,0.0025237138548254664
19178,0.005603420868570054
19179,0.005284017438386402
19180,0.01112001672959159
19181,0.016735261052702656
19182,0.0184153435412505
19183,0.025643489123730115
19184,0.032503362193942925
19185,0.030159813210012713
19186,0.02574336870492157
19187,0.026174362190458843
19188,0.02604985191051532
19189,0.021312443431248648
19190,0.022556791183225046
19191,0.028440994151477862
19192,0.029292409721458402
19193,0.029333216530944742
19194,0.03616639794118692
19195,0.04115868272796183
19196,0.04058344610126496
19197,0.03876782260438375
19198,0.03902063158142151
19199,0.041580938198647256
19200,0.03300896552713608
19201,0.03350959904188173
19202,0.04508803489459767
19203,0.04066390504741428
19204,0.04051693315564707
19205,0.03770743126053685
19206,0.03254964806041275
19207,0.030178344320395827
19208,0.03258579129322068
19209,0.03093377009730773
19210,0.03411525197308312
19211,0.031423855671970695
19212,0.033159672483984264
19213,0.03255692198200343
19214,0.02993214083773959
19215,0.036397894254802055
19216,0.0351009138345092
19217,0.027148050552851244
19218,0.02308132821644405
19219,0.021113130956456533
19220,0.025308142794098314
19221,0.025021888665586255
19222,0.025935109652615463
19223,0.024773967721701217
19224,0.016611821400541762
19225,0.01910653621800852
19226,0.013021202768811278
19227,0.007896290511813496
19228,0.0092626807926442
19229,0.013896241083965932
19230,0.01649566396715533
19231,0.015468810802051836
19232,0.013346814104126433
19233,0.00890415006914811
19234,0.0065121489761844
19235,0.003767494842007919
19236,0.011011153156459876
19237,0.010688528114851025
19238,0.005387887104159256
19239,-6.556289149751545e-05
19240,0.0015075152128622641
19241,0.012567832724184852
19242,0.002412231490246418
19243,-0.005364712028331244
19244,-0.005297392006542283
19245,-0.0018576884857209317
19246,-0.0028120721477077355
19247,-0.006821474466535128
19248,-0.009302053431267247
19249,-0.011064265438131273
19250,-0.01225567982458176
19251,-0.008633111670885294
19252,-0.009662291663025718
19253,-0.01088481755178863
19254,-0.008091044903922606
19255,-0.013300683065752519
19256,-0.010818840364189222
19257,-0.004522064446960999
19258,-0.0031992980553718214
19259,0.0043202461733124475
19260,-0.0030455012781101386
19261,-0.007386170952774006
19262,-0.01149675252716185
19263,-0.006279460644432158
19264,-0.002149212149147146
19265,-0.006093945430119862
19266,0.00032621569521565916
19267,0.004122607271303374
19268,0.007774624046087017
19269,0.006939246073303326
19270,0.0023069428015051706
19271,0.005319217086907451
19272,0.0054450025812499666
19273,0.010054560812987712
19274,0.01132521808159339
19275,0.014087395107032078
19276,0.007942570469839457
19277,0.01329645665746531
19278,0.02059226191662069
19279,0.023972680807402544
19280,0.0232962913689983
19281,0.012681408008247044
19282,0.01475690343785533
19283,0.017548170713406586
19284,0.0176916258840656
19285,0.017255939765102587
19286,0.008988727721736691
19287,0.011996790118689225
19288,0.01230529943209027
19289,0.01364743892591682
19290,0.015448376520050695
19291,0.016372982294130277
19292,0.01547238091652618
19293,0.016005942244045262
19294,0.014114757973746896
19295,0.0201731600917075
19296,0.017943523050126416
19297,0.021278240339707596
19298,0.02078820149670169
19299,0.008957893567122635
19300,0.011141752505745062
19301,0.010765481895413346
19302,0.01412745533081324
19303,0.00864372850537114
19304,0.011050688491140041
19305,0.010223742685424936
19306,0.009685446603210437
19307,0.010521288479840287
19308,0.004687297363824577
19309,0.004646350285931981
19310,0.009708613857684154
19311,0.003689894106712641
19312,0.0044651723517084565
19313,0.002658315209511343
19314,-0.0013743441261423895
19315,-7.842926767421865e-05
19316,0.0062450521520532945
19317,0.010876168399099074
19318,0.007681579160708088
19319,0.011363529434715284
19320,0.011782522239809396
19321,0.010329119008756832
19322,0.007989392424123233
19323,0.015054593987748461
19324,0.012110059291782594
19325,0.01489675000092092
19326,0.017465793021019423
19327,0.01954891241753116
19328,0.026474573986132257
19329,0.026451557046440876
19330,0.026295412030197782
19331,0.027893423499138485
19332,0.03025708126830377
19333,0.02936929199657572
19334,0.027531364662314206
19335,0.023852119624858222
19336,0.025070133468773518
19337,0.02202218344649721
19338,0.024814041933457695
19339,0.02846123243728483
19340,0.025854205921534205
19341,0.021689254352570797
19342,0.024040486422329307
19343,0.02665350330265448
19344,0.026024385037377522
19345,0.027829546794077134
19346,0.0317933363924257
19347,0.03002831581097515
19348,0.03261666978788272
19349,0.03267736490779153
19350,0.024913066807977044
19351,0.028010421344131814
19352,0.024587522743446968
19353,0.023953953694560298
19354,0.02546719361727022
19355,0.011263696409115396
19356,0.005191349790052495
19357,-0.005236907617096657
19358,-0.009803405427050453
19359,-0.021196369708112502
19360,-0.017093380656787706
19361,-0.0180093332643461
19362,-0.022031188289103148
19363,-0.02557046486223393
19364,-0.027627695955185532
19365,-0.023951883907268396
19366,-0.01871421758446873
19367,-0.015392802999096412
19368,-0.01851998624995633
19369,-0.016408526681098334
19370,-0.019152348328079914
19371,-0.02058755749457795
19372,-0.024277500068596327
19373,-0.02180801843824526
19374,-0.019671796617469636
19375,-0.021976708053555297
19376,-0.031445927830235955
19377,-0.027352957594812377
19378,-0.03234856862932624
19379,-0.03382953425991021
19380,-0.0354496034369919
19381,-0.03286982191062502
19382,-0.03288548359726032
19383,-0.03752843429499237
19384,-0.03907447581624366
19385,-0.034695880533288204
19386,-0.04476961187327415
19387,-0.044427468477449744
19388,-0.049547992251934604
19389,-0.04902183620253022
19390,-0.04620732741229194
19391,-0.042593663074787236
19392,-0.035080251999959365
19393,-0.03318589619747753
19394,-0.03714011446917916
19395,-0.0281590469646915
19396,-0.0299562477715382
19397,-0.028968703178671066
19398,-0.020497400768652644
19399,-0.01205575694852099
19400,-0.01663560506831062
19401,-0.011091124050319255
19402,-0.0038826070834201065
19403,-0.0030381845350559967
19404,0.000583818835048573
19405,-0.009620126663180531
19406,-0.020104051342475514
19407,-0.026821085832481273
19408,-0.0314796126253461
19409,-0.035746086295199354
19410,-0.033421879151665404
19411,-0.03419758188450927
19412,-0.03986628105181845
19413,-0.03365017505432172
19414,-0.03176715019695588
19415,-0.02981198460844571
19416,-0.01812862683519275
19417,-0.022793500980296096
19418,-0.019935858723072065
19419,-0.024097729344479797
19420,-0.021631815266196276
19421,-0.01814661924766118
19422,-0.01996595480914527
19423,-0.01986247420719633
19424,-0.018860706099319422
19425,-0.02320757217490771
19426,-0.016801874068688688
19427,-0.015115255256000848
19428,-0.013128150398470276
19429,-0.012853103357422397
19430,-0.006736012539382642
19431,-0.008680650034246805
19432,-0.01215529791414208
19433,-0.013180961622643296
19434,-0.006733256042093905
19435,-0.003442151560139149
19436,0.003376263857698324
19437,0.0012937934221166733
19438,-0.0016643599510301806
19439,-0.0021150862226761084
19440,-0.0023513556172289735
19441,-0.009947303849973712
19442,-0.01033263209813798
19443,-0.0076030682409024926
19444,-0.0066371521025912076
19445,-0.002375065032101299
19446,0.008741737507243951
19447,0.01228407833210721
19448,0.009351171088029483
19449,0.009073551655537046
19450,0.016702258255941467
19451,0.014519673634523885
19452,0.02030633800027316
19453,0.013079167243533543
19454,0.013700474043203589
19455,0.010536470068949718
19456,0.008456900839132982
19457,0.01487501924147178
19458,0.01550998687102977
19459,0.019371392284444233
19460,0.01959156602119573
19461,0.014556160529660753
19462,0.013945921628733003
19463,0.014031513512534264
19464,0.009243843111526519
19465,0.008700145720478386
19466,0.003337760667323472
19467,-0.005983734516254509
19468,-0.003650531248614219
19469,-0.008273829709099317
19470,-0.017082147089568293
19471,-0.018918150857292676
19472,-0.020791928635270372
19473,-0.019749196478074153
19474,-0.02224206982101719
19475,-0.02897368848146692
19476,-0.034995132870289825
19477,-0.034914361621725766
19478,-0.03427123290057178
19479,-0.03662177387701996
19480,-0.03622691100928479
19481,-0.03813620230732389
19482,-0.038579671540666695
19483,-0.04456708350709203
19484,-0.045437530899074714
19485,-0.0452694228219746
19486,-0.045224629295615215
19487,-0.0386366588051943
19488,-0.032004119879622824
19489,-0.03026210332912436
19490,-0.03702796971577232
19491,-0.033738361281608946
19492,-0.03319307394876653
19493,-0.03209501416942352
19494,-0.037261231671554255
19495,-0.035676854920996114
19496,-0.03219845054404649
19497,-0.03816788014921145
19498,-0.03830490441898445
19499,-0.049628025721700136
19500,-0.05210787043986856
19501,-0.05375017316497269
19502,-0.056619498603061764
19503,-0.04974385413309243
19504,-0.04617611254718347
19505,-0.04773977669727644
19506,-0.04506315309669769
19507,-0.037107866547101055
19508,-0.04236248266990428
19509,-0.03433261468635053
19510,-0.02956541730850426
19511,-0.029367117183388598
19512,-0.01856250934441625
19513,-0.018325855208589877
19514,-0.022321510561811253
19515,-0.017368522080875033
19516,-0.016012192432846118
19517,-0.011836339075971765
19518,-0.014959047058714668
19519,-0.013296788788037164
19520,-0.013491845190780415
19521,-0.010346709489211637
19522,-0.010447853510623103
19523,-0.007600698160108595
19524,-0.014160867833462225
19525,-0.0150108961179269
19526,-0.013391088377043838
19527,-0.02048434085943186
19528,-0.022485166704661684
19529,-0.026802883326819637
19530,-0.0267663721089708
19531,-0.02828789960150793
19532,-0.021526374493691974
19533,-0.022212614998108123
19534,-0.01871542427590499
19535,-0.013386385337463847
19536,-0.01869667305597613
19537,-0.019606030721306657
19538,-0.020373559700832208
19539,-0.010751971985444222
19540,-0.008167570625064631
19541,0.0017099941142314197
19542,0.0014914680569800456
19543,-0.0037733431072783825
19544,-0.0038169486864602174
19545,-0.005041338779750206
19546,0.0008569955460582476
19547,0.002812787847961403
19548,0.010580676628585957
19549,0.006940393883714143
19550,0.0077154388989339245
19551,0.01057911162795316
19552,0.000906401438626186
19553,0.003212070750712922
19554,0.0033398035022951687
19555,0.0051877010410559445
19556,0.004391764401748468
19557,0.0032438210874293906
19558,0.006323694058701634
19559,0.0022651692865211415
19560,0.006557008458986635
19561,0.007657425783818701
19562,0.008875485004093816
19563,0.005591948904830399
19564,0.012671626209542156
19565,0.011943142567059093
19566,0.00899336991517846
19567,0.008832315430842072
19568,-0.0037453912182847915
19569,0.003955790288034155
19570,0.004305431143627772
19571,0.0025893872909558903
19572,-0.005969710453746298
19573,-0.007920110449589911
19574,-0.00831066892615407
19575,-0.012319073633307224
19576,-0.010502611750132092
19577,-0.01655423387949906
19578,-0.020988544797031685
19579,-0.017366729648111326
19580,-0.021803519612249158
19581,-0.02931702903165098
19582,-0.025398857549067008
19583,-0.024759938879309974
19584,-0.02936149624749061
19585,-0.0257879520568894
19586,-0.03496348288246159
19587,-0.045165304399601924
19588,-0.04734535111308042
19589,-0.05678235153547275
19590,-0.06219501075671582
19591,-0.0624369469992119
19592,-0.06926302506710093
19593,-0.06624049780160839
19594,-0.06406243109887785
19595,-0.05797194975577161
19596,-0.05881928029260858
19597,-0.06014628868082536
19598,-0.05953948961726087
19599,-0.059690889550305284
19600,-0.061902031214982334
19601,-0.06634800176188471
19602,-0.07147303593160327
19603,-0.0674444501245802
19604,-0.07128040042204298
19605,-0.0654730094823866
19606,-0.0650428458314883
19607,-0.05614461507522348
19608,-0.04719769624688736
19609,-0.053968071881285176
19610,-0.05514268694377646
19611,-0.05415307444100794
19612,-0.05099260295731574
19613,-0.04531691855676097
19614,-0.044552444705096395
19615,-0.04651819516080215
19616,-0.05315811126045437
19617,-0.049001002469941005
19618,-0.040925326267283894
19619,-0.039182128161808556
19620,-0.0427867759996604
19621,-0.041918797679001966
19622,-0.045873314329387585
19623,-0.04220154190743051
19624,-0.0388448660543026
19625,-0.03346958789492969
19626,-0.030914486787464897
19627,-0.02589555157247175
19628,-0.02714869531680271
19629,-0.02092608744521211
19630,-0.018330873327802814
19631,-0.025606313841057254
19632,-0.017130692828145496
19633,-0.03007628433419037
19634,-0.03175210234330117
19635,-0.04003276710801515
19636,-0.03803180043278268
19637,-0.053069518783786546
19638,-0.056806687537990015
19639,-0.05298764955048236
19640,-0.05529647565967467
19641,-0.047967386036013374
19642,-0.03648493395224498
19643,-0.025140733714096305
19644,-0.02159019905085695
19645,-0.026022501486486205
19646,-0.021518251452454933
19647,-0.025160043169737786
19648,-0.024281189448773947
19649,-0.012844217110368771
19650,-0.008374256682213324
19651,-0.006483747352098162
19652,-0.004783698669434116
19653,0.0012973664039307158
19654,0.0005081916084173476
19655,-0.0029517320261352705
19656,0.006975344777144264
19657,0.010045125673213843
19658,0.0014396592253088398
19659,0.0025328114206769514
19660,0.010642061763004368
19661,0.008913575992350223
19662,0.008642096246852657
19663,0.004731273703226582
19664,0.008981681414398658
19665,0.0007488164019094504
19666,0.004682539535059084
19667,0.007231207359080109
19668,0.00249842397868089
19669,0.003659988487774786
19670,0.005306243287895316
19671,0.012098957755789072
19672,0.01178320135165862
19673,0.0092521561998873
19674,0.0036568458481262404
19675,0.004249536764539742
19676,0.0016465936723096223
19677,0.01789955246971184
19678,0.025581125902158074
19679,0.028164711700194432
19680,0.016385374276181024
19681,0.012424820850422348
19682,-0.0029689940183179804
19683,-0.009419290448224458
19684,-0.009529324606297856
19685,-0.012166163726148394
19686,-0.008891498235309124
19687,-0.008437417061853757
19688,-0.008701527715837447
19689,-0.025011943192860722
19690,-0.03053822203703203
19691,-0.005101531256242146
19692,-0.007177584276077916
19693,-0.018575422178811377
19694,-0.029116455080107604
19695,-0.029044524036407855
19696,-0.03136037565907742
19697,-0.02477648457985909
19698,-0.017248180382099385
19699,-0.019860883260056424
19700,-0.01832769446728812
19701,-0.015471290439142601
19702,-0.011279753445929812
19703,-0.006814493519840753
19704,-0.018057943649194587
19705,-0.016610968149822426
19706,-0.020511217530357128
19707,-0.019161442565925144
19708,-0.01279044145824288
19709,-0.008084362553571776
19710,-0.009580864471852909
19711,-0.010377627681332553
19712,-0.005802664768131129
19713,0.007938621023577105
19714,0.015085459714325311
19715,0.014657202579507068
19716,0.026625693187696975
19717,0.025471246307978646
19718,0.019771201731446357
19719,0.017261004483482795
19720,0.02997421511222197
19721,0.027420465365047473
19722,0.03944997697166499
19723,0.02719515589627846
19724,0.0248283502242825
19725,0.03328207163954582
19726,0.026646003781886602
19727,0.020797704092435698
19728,0.012456040500469284
19729,0.019810218490304118
19730,0.013691724184086497
19731,-0.0019372342510277163
19732,-0.001423639676931203
19733,-0.007304942077972491
19734,0.004491027254019458
19735,0.007477726554538642
19736,0.005155011409452047
19737,-0.004221521918283599
19738,-0.00751359060196016
19739,-0.01160311026663834
19740,-0.015393928262869986
19741,-0.018768632103757173
19742,-0.024013551802347852
19743,-0.030026392085251822
19744,-0.02085170210166016
19745,-0.011697790984667365
19746,-0.011429234269898567
19747,-0.011399981717315804
19748,-0.009398961900872502
19749,-0.01476378085038845
19750,-0.017447438978457176
19751,-0.016802669337365534
19752,-0.022840312072640902
19753,-0.027145608979462773
19754,-0.037100878185396556
19755,-0.030478444458759926
19756,-0.03986951659760208
19757,-0.049090665864903786
19758,-0.05157662683644726
19759,-0.050561142628764925
19760,-0.05519681289437089
19761,-0.053926887592767696
19762,-0.05822788032357275
19763,-0.05770702214988962
19764,-0.053337397298284746
19765,-0.059943452484682525
19766,-0.05557369560489061
19767,-0.05265975354657745
19768,-0.04397666091105099
19769,-0.053397953954852945
19770,-0.044779031162653506
19771,-0.05512841432847633
19772,-0.061212655347181844
19773,-0.04732312469704151
19774,-0.04794027490220055
19775,-0.04955558015895699
19776,-0.04881239618741947
19777,-0.037513568513710946
19778,-0.03255087135971172
19779,-0.020665673555405134
19780,-0.019630950636160188
19781,-0.012726381835652403
19782,-0.009948544658207156
19783,-0.00882056375468771
19784,-0.01484073372311047
19785,-0.01708604675322421
19786,-0.015512944463227714
19787,-0.014987653263599798
19788,-0.015511328785963134
19789,-0.013046854196950427
19790,-0.010311839640181548
19791,-0.013513831144481745
19792,-0.013642666646249128
19793,-0.012505641895063585
19794,-0.004440122770516935
19795,-0.013165411295036214
19796,-0.017194289346926465
19797,-0.004668082013607294
19798,-0.0022064654803841378
19799,-0.011507035613107005
19800,-0.006466391882432902
19801,-0.00432211395369904
19802,-7.686511945350258e-05
19803,0.003578399387337257
19804,0.005145019671884383
19805,0.013618128069894955
19806,0.006588384611204741
19807,0.00396955393397366
19808,0.007142490267066019
19809,0.024524420864483015
19810,0.023936931861154212
19811,0.02440147851030116
19812,0.03164440578211796
19813,0.026132671783400733
19814,0.027698545837628766
19815,0.03367519149117839
19816,0.03492959738615706
19817,0.01947284857674161
19818,0.013430544896392898
19819,0.005025057504718516
19820,0.011571202879223936
19821,0.01312587202530384
19822,0.029236166779218514
19823,0.03036565034927834
19824,0.03415450518787984
19825,0.027955599295790882
19826,0.03614811151936592
19827,0.03765475448077699
19828,0.03640696257971362
19829,0.042512426375401556
19830,0.03921710656547167
19831,0.03951405760349585
19832,0.043911272570813224
19833,0.04090906823084097
19834,0.0457908497350571
19835,0.05295100085826166
19836,0.05953734954094426
19837,0.05669784547179633
19838,0.05088501399454108
19839,0.06746001489892961
19840,0.07058817547354548
19841,0.06780965469073942
19842,0.05808436834681967
19843,0.0606796849701918
19844,0.05316112862688384
19845,0.04252668353519916
19846,0.04545825783761622
19847,0.052017248118694605
19848,0.04378501434224243
19849,0.03329133308779339
19850,0.025764216421409778
19851,0.026280160126243846
19852,0.02472927863371999
19853,0.03174622392741277
19854,0.031101497767267693
19855,0.027907649746946827
19856,0.025192551486920033
19857,0.030167215345598977
19858,0.024360927414738897
19859,0.02496745487934571
19860,0.02627158029521797
19861,0.020872394803381166
19862,0.013631761584655963
19863,0.01583820603787736
19864,0.017160190404346687
19865,0.01673051963956673
19866,0.010659192088560698
19867,0.01058848740507206
19868,0.011454029993252362
19869,0.010637192095237284
19870,0.014831224290975019
19871,0.013792833249067568
19872,0.010103880404219027
19873,0.01161695522655133
19874,0.0011191928397209197
19875,-0.004198089765676999
19876,-0.008314014481656548
19877,-0.007360314531674916
19878,0.0006931615522128703
19879,-0.00631811523715227
19880,-0.0073693626183415
19881,-0.001310267128329506
19882,0.0055073816744568484
19883,0.009242823609949878
19884,0.02297345875422791
19885,0.02311148535726221
19886,0.024198836583076193
19887,0.01994713154337519
19888,0.025235304436002248
19889,0.028571214169401234
19890,0.03353854311036968
19891,0.03236122813948178
19892,0.03231084890800072
19893,0.020779287281540996
19894,0.022557231756965605
19895,0.02034656916747827
19896,0.02456468432698274
19897,0.02429749318101577
19898,0.03403290867750665
19899,0.035144723282573384
19900,0.02927289189732914
19901,0.027051477882724252
19902,0.013707304561985933
19903,0.016387392277041536
19904,0.01727564620895247
19905,0.01928780279896701
19906,0.019849773479709624
19907,0.02147267128967003
19908,0.016453713252384955
19909,0.010934267930100494
19910,0.015296319996392823
19911,0.0211866010896552
19912,0.02178765515192463
19913,0.02347012989474333
19914,0.03351352443533319
19915,0.03625945401521704
19916,0.03525215248210463
19917,0.039486579739356854
19918,0.037321972754531134
19919,0.0314717001224643
19920,0.01990217310113824
19921,0.018370720877059567
19922,0.02142029690510142
19923,0.01474496433490883
19924,0.004098768618920359
19925,0.004477463468777602
19926,0.0011470043751254486
19927,-0.002410101318585166
19928,-0.0014046929870820415
19929,-0.006527240304373619
19930,-0.0038995154570227314
19931,-0.0011417287918072945
19932,-0.0024742900501249355
19933,-0.00030438298433798364
19934,-0.009882217424405796
19935,-0.012606006297656866
19936,-0.015589401798634928
19937,-0.004546795098256776
19938,-0.01128796308251547
19939,-0.009226550858893564
19940,-0.015855344478598175
19941,-0.016840010405827308
19942,-0.01059949245851181
19943,-0.02781153993830594
19944,-0.029663417044346694
19945,-0.02746911688470889
19946,-0.030586648762101248
19947,-0.03255644653006824
19948,-0.027955382002497142
19949,-0.024085882306836007
19950,-0.030061505404218362
19951,-0.03273511396082902
19952,-0.02656365788390286
19953,-0.024964751983070667
19954,-0.020030179290503707
19955,-0.014571170121348818
19956,-0.01408826409677734
19957,-0.018478255847323464
19958,-0.020937758978166462
19959,-0.01277483511054842
19960,-0.002777559136180973
19961,-0.006149433017436718
19962,-0.0164625154787912
19963,-0.013728674669862348
19964,-0.010003437258582066
19965,-0.00612281489990933
19966,-0.00463598829418163
19967,-0.0050891389473635175
19968,-0.013004255212615893
19969,-0.006960907349197969
19970,0.0021148306131489034
19971,-0.006671745076036369
19972,-0.001618579514745169
19973,-0.007955308722639621
19974,0.000906465489357279
19975,0.004990352882447734
19976,0.015192328840126718
19977,0.005306925987265573
19978,0.009820318184195013
19979,0.00961598390213072
19980,0.017945975600267488
19981,0.017667182551537174
19982,0.01333406043715185
19983,0.02127845422205097
19984,0.022631717815033644
19985,0.020627796223800916
19986,0.021557251744900495
19987,0.019263061695669024
19988,0.014727950440514915
19989,0.01572860758847336
19990,0.017070648318344005
19991,0.023253183349542114
19992,0.01674075370265571
19993,0.014787020636517998
19994,0.012323707044998243
19995,0.0045328718007727805
19996,0.007649281753036429
19997,0.008827772268320369
19998,0.016491934965770845
19999,0.010255380571457882
20000,0.004284185339628538
20001,0.008820114069356755
20002,0.015767250938476703
20003,0.015491889222583311
20004,0.013181999056964298
20005,0.010413438115391303
20006,0.003857812719536371
20007,0.006984756092758268
20008,0.01114559181974912
20009,0.012417584971597735
20010,0.003947038218225468
20011,0.009553767546897901
20012,0.010350297827403954
20013,0.015153810345140928
20014,0.012868717797005835
20015,0.015356377229008481
20016,-0.0010267247895839671
20017,-0.0029663122833809134
20018,-0.0018380721890883733
20019,-0.001961164736281612
20020,-0.0027454504186578705
20021,-0.0010036307512462513
20022,0.0012986185165079476
20023,0.0047903842854197
20024,0.007388402426441734
20025,0.007660262792332802
20026,0.007857294486711386
20027,0.004286470457304764
20028,-0.01151940414698554
20029,-0.016592021942564105
20030,-0.012217158567086769
20031,-0.017231302409916483
20032,-0.01773094265534144
20033,-0.012943594147777765
20034,-0.01970509133113928
20035,-0.022455069988968283
20036,-0.026248416278900052
20037,-0.028236806228310072
20038,-0.03325565065392243
20039,-0.024011003727862218
20040,-0.018226925456148086
20041,-0.021672488586666844
20042,-0.023793270512611767
20043,-0.017930917442786465
20044,-0.019076300011829087
20045,-0.023577968532777854
20046,-0.015259142468363887
20047,-0.016784122936693548
20048,-0.00990669229571231
20049,-0.013935102564577511
20050,-0.015526888563178864
20051,-0.014884344706809034
20052,-0.019846954249585914
20053,-0.018732099907301018
20054,-0.01598294626688895
20055,-0.01491394952153907
20056,-0.007468934612024113
20057,-0.003955099812284841
20058,-0.006122375031053699
20059,-0.008978115032456154
20060,-0.007211448525285359
20061,-0.010327220824865932
20062,-0.007339641027581068
20063,-0.006535498882072027
20064,-0.006813130580925039
20065,-0.008596556236086742
20066,-0.003869025717488549
20067,-0.0016177297120065503
20068,0.017573593580383608
20069,0.01972415732042192
20070,0.013806785030474177
20071,0.012239812022572984
20072,0.01830799826588408
20073,0.016580475161941537
20074,0.021482741938086317
20075,0.023284165561053862
20076,0.019407603406991134
20077,0.01938637770237112
20078,0.01515153940985285
20079,0.0068495130275182566
20080,0.008001020008116646
20081,0.008103060124594708
20082,0.004217445249462724
20083,-0.0012297272695324887
20084,0.003469130477440454
20085,0.010865679607302522
20086,0.008617294996177504
20087,0.008746796354904909
20088,0.011968869853649861
20089,0.014748184023854534
20090,0.013904214587761372
20091,0.014216274315224384
20092,0.01516725128381719
20093,0.012103192916654248
20094,0.009167013093209896
20095,0.005662656395706442
20096,0.006036604101613247
20097,-0.0024998741674076962
20098,0.0022003316890516446
20099,0.0011795696852164481
20100,0.002782950775740336
20101,0.007806712273540241
20102,0.014601210643634325
20103,0.014579653245367776
20104,0.011496882581109076
20105,0.011129471648684651
20106,0.0070873072722298916
20107,0.007368321967953771
20108,0.013394587047297212
20109,0.01268961779193916
20110,0.013154837497298146
20111,0.012233787205470248
20112,0.003977681939832125
20113,0.0005610933808595434
20114,0.0092282259365535
20115,0.012384056089327397
20116,0.014541957634004484
20117,0.013082695079151125
20118,0.029081667924446955
20119,0.032402865799623135
20120,0.030938782229377324
20121,0.03618791035174982
20122,0.04228676711032748
20123,0.03667083341600688
20124,0.031231774459087636
20125,0.03169635568026361
20126,0.029135032445287836
20127,0.02721420159407796
20128,0.019134423445354157
20129,0.024549035761679133
20130,0.03737741421669011
20131,0.03691873504735967
20132,0.04555503567059252
20133,0.05076909207547077
20134,0.04735352906327356
20135,0.04846497404739869
20136,0.046484297094359486
20137,0.05346360211255755
20138,0.05470667857281193
20139,0.05673389556631872
20140,0.05277786332017836
20141,0.050063123306774086
20142,0.04751539191053987
20143,0.04243042502440236
20144,0.04208450063437787
20145,0.04626932054522984
20146,0.04674046421641386
20147,0.050435024113210145
20148,0.048549470838994635
20149,0.047511280719367166
20150,0.0523718461180878
20151,0.055306389665030035
20152,0.05755997443286177
20153,0.057893025372778135
20154,0.04360780176200594
20155,0.043374045288534106
20156,0.042672829691850565
20157,0.04832348846863121
20158,0.03658430986598323
20159,0.04751679427381256
20160,0.04201967475386151
20161,0.03844022953483649
20162,0.03762744320613425
20163,0.04583086855352677
20164,0.048141095641502624
20165,0.040160818609127034
20166,0.043387671278720154
20167,0.04420098756143464
20168,0.04208112466777258
20169,0.034716496786631156
20170,0.022489879855820873
20171,0.01852881966185418
20172,0.012913756874924102
20173,0.011734047812545681
20174,0.01634347994163927
20175,0.01598089141023035
20176,0.017256922600282436
20177,0.015732116448895533
20178,0.007485304079622165
20179,0.010854043613975826
20180,0.009384753060865341
20181,0.011690261983437988
20182,0.007085535610553617
20183,0.008840011033550409
20184,0.008610881823515961
20185,0.004383914768794196
20186,0.005753710010043839
20187,0.0011428305974174747
20188,-0.010023809500374485
20189,-0.011855941852205678
20190,-0.016523469960558528
20191,-0.01809656264930955
20192,-0.024381706058487468
20193,-0.03456550346210584
20194,-0.030525415677893936
20195,-0.022714774326028964
20196,-0.02151681329483701
20197,-0.024382659314480363
20198,-0.014929341530433642
20199,-0.034186433644903445
20200,-0.02880233121163174
20201,-0.022996762916851814
20202,-0.019214572016727636
20203,-0.021563016089297234
20204,-0.020029248891585003
20205,-0.02169612633749462
20206,-0.0218500538159367
20207,-0.02086573986140802
20208,-0.023916083744356567
20209,-0.02302409436479998
20210,-0.02620852411539339
20211,-0.018566372585578132
20212,-0.02180045774516225
20213,-0.02380032981113659
20214,-0.028693179029614175
20215,-0.03353287626343389
20216,-0.031236344429115617
20217,-0.026102344316046723
20218,-0.023020070952239718
20219,-0.024631829526121914
20220,-0.023401413805230403
20221,-0.02389098702431169
20222,-0.025951390132018463
20223,-0.02218706331042752
20224,-0.022456870690211895
20225,-0.027875973891679406
20226,-0.03177964588936249
20227,-0.029712750092926392
20228,-0.026546609305853997
20229,-0.022282498371672264
20230,-0.021244182855553406
20231,-0.01709493538514775
20232,-0.01162410833243435
20233,0.0011044754704794193
20234,-0.001805397934405686
20235,-0.008408726279709604
20236,-0.003297471508855437
20237,-0.005031139012492498
20238,-0.018631943139841303
20239,-0.010853666992341398
20240,-0.015791850938114485
20241,-0.024124937026699163
20242,-0.027098320924233806
20243,-0.02349741630421772
20244,-0.029033353610975258
20245,-0.022563968225068114
20246,-0.019215278907648233
20247,-0.02175768537434801
20248,-0.01648021958530873
20249,-0.018345483104434245
20250,-0.020050055687583897
20251,-0.023182061066302845
20252,-0.023473527871843747
20253,-0.015383124011723303
20254,-0.010931613810784925
20255,-0.008725288184492922
20256,-0.011504764816899818
20257,-0.014812347094386722
20258,-0.023793149521142063
20259,-0.029072681956293252
20260,-0.02905626243379652
20261,-0.02662002464635349
20262,-0.024708958254710003
20263,-0.02559961467062977
20264,-0.022622257323638078
20265,-0.017369204179624093
20266,-0.014287109280632362
20267,-0.01352840474052518
20268,-0.015962165118555763
20269,-0.013058052261760173
20270,-0.008084892903436117
20271,-0.01056084233122208
20272,-0.009442569548703237
20273,-0.009159792728480786
20274,-0.009267398634572236
20275,-0.010508208340711152
20276,-0.010213709684576687
20277,-0.007933905024645775
20278,-0.002199018432806172
20279,-0.0034839990436081364
20280,0.0009109364359976339
20281,0.0016897714077034347
20282,-0.0017899608372361003
20283,-0.010762497442882114
20284,-0.007495680989228982
20285,-0.01222948697648034
20286,-0.012191306194242232
20287,-0.005834821634179938
20288,-0.007253290904160894
20289,-1.9488378772032592e-05
20290,0.005716200195866268
20291,0.0014552207492391285
20292,0.0005521249471115748
20293,-0.006153743864220829
20294,-0.006269406705281656
20295,-0.006297154733708648
20296,-0.0061113809810730505
20297,-0.0024940241205896213
20298,0.002133072199845562
20299,0.005096524016815964
20300,0.0047860447130899115
20301,-0.004595621026724274
20302,-0.005472142220898794
20303,-0.007104241474406042
20304,-0.0036295711491922504
20305,-0.004543759620458716
20306,-0.005247091062144438
20307,-0.006386752851385518
20308,-0.00011417089098964744
20309,-0.008975678706168328
20310,-0.01431009668089145
20311,-0.016604119476454203
20312,-0.01533629285189647
20313,-0.016926473061112026
20314,-0.01091194716147567
20315,-0.010258058942049907
20316,-0.00447001569424363
20317,-0.0052794570958712385
20318,-0.0019662857482985936
20319,-0.00054304869532744
20320,0.00010439241312783255
20321,0.006157811718736634
20322,0.010023982564485619
20323,0.015221252646253958
20324,0.014088383383308372
20325,0.014121436049401175
20326,0.009183274060428735
20327,0.005395505701261304
20328,0.008610105117234243
20329,0.003463613974875812
20330,0.004174375637431507
20331,0.006778934304846994
20332,0.010340195654260967
20333,0.011522485713646108
20334,-0.00702869157965629
20335,-0.004424296529895312
20336,0.0001633470374799042
20337,-0.002847981482218068
20338,0.0018115713281086035
20339,0.0020287361785102354
20340,0.0029555385544926182
20341,0.009515735844959818
20342,0.013948999822222927
20343,0.013766986104905267
20344,0.0077102503656258665
20345,0.0027887827577633977
20346,0.004693840925500262
20347,0.004631923262879541
20348,0.004704377811779255
20349,0.007086331769098243
20350,0.0022352782754758655
20351,0.00045092678486856997
20352,-0.0025831931338335386
20353,-0.003954967339154941
20354,-0.005915955475551561
20355,-0.006782227626199606
20356,-0.01277955600435829
20357,-0.019964327000098283
20358,-0.021958948394973817
20359,-0.01885425872222846
20360,-0.01865589353903992
20361,-0.028638022791435597
20362,-0.02915280423689419
20363,-0.028468923734817703
20364,-0.024516845179144663
20365,-0.01964562872866903
20366,-0.020155865541201506
20367,-0.020345226575739388
20368,-0.021115289501113868
20369,-0.020375698502833092
20370,-0.02122556887923707
20371,-0.02052923167424071
20372,-0.017878241181118942
20373,-0.019767591528451135
20374,-0.002131506219524929
20375,0.009037238203856301
20376,0.004870759241317773
20377,0.0037643182162685235
20378,0.001699231847401409
20379,0.002576099045609289
20380,0.0020491076499847484
20381,0.001905892934509206
20382,0.0030252346402439606
20383,0.004807667610837273
20384,0.011861812784712237
20385,0.01910372755344328
20386,0.016489661985290113
20387,0.01919450947752157
20388,0.02084637717095953
20389,0.021864598339096333
20390,0.025106778328579667
20391,0.03295857277478697
20392,0.034759756684051686
20393,0.032087950863269925
20394,0.03329656781881222
20395,0.0315031395168096
20396,0.028282424899002526
20397,0.03049353766297575
20398,0.028529173376295833
20399,0.028622048414839483
20400,0.029538948286636207
20401,0.03458523753365478
20402,0.03337049897028395
20403,0.03297134756287809
20404,0.03187289053047184
20405,0.027951615099904365
20406,0.023902570173611862
20407,0.02386918226898075
20408,0.024408168974973794
20409,0.02567343262230413
20410,0.02503119546008938
20411,0.023535204794887042
20412,0.019900309105580737
20413,0.015470464038664295
20414,0.017559060715032392
20415,0.005073294889721673
20416,0.004655909521234943
20417,0.006530483108582775
20418,0.0023185495519670684
20419,0.00031515875128416786
20420,-0.00201696104192556
20421,-0.0004804457797293723
20422,-0.010484573549567196
20423,-0.011018685191159021
20424,-0.011739774138416991
20425,-0.01287410378070423
20426,-0.016242479463590153
20427,-0.018139048124517384
20428,-0.019853410750485516
20429,-0.021150759874880753
20430,-0.02041026899501944
20431,-0.03322406279092118
20432,-0.031701007659706695
20433,-0.03327262676689234
20434,-0.035220444865120736
20435,-0.03632233684656578
20436,-0.02996553378024163
20437,-0.02495861032576852
20438,-0.019668138333455
20439,-0.025010752295513708
20440,-0.025291438124363283
20441,-0.02230124839693477
20442,-0.02142390240106777
20443,-0.021170837417253056
20444,-0.016988082416923678
20445,-0.013328517641827254
20446,-0.008040191772404446
20447,-0.012753781050861845
20448,-0.009511127099005624
20449,-0.008927292958194274
20450,-0.010045018429348025
20451,-0.009456162422896522
20452,-0.010293387222252922
20453,-0.009582460088416088
20454,-0.009985345886038494
20455,-0.009011374582942554
20456,-0.009774404817950253
20457,-0.015554556465633038
20458,-0.013532229610321926
20459,-0.014450180229903664
20460,-0.00745732987139012
20461,-0.0073773985344369524
20462,-0.0014018736242436027
20463,-0.001503757066469322
20464,-0.007092233208045755
20465,-0.00789617993258132
20466,-0.00542860557631108
20467,-0.0025269467415448372
20468,-0.003919663421104175
20469,0.0022406996485106476
20470,0.0033027736621786133
20471,0.015236165654983536
20472,0.015049021829207277
20473,0.020422896998245347
20474,0.021009403673565144
20475,0.023031985983404897
20476,0.01957545826161901
20477,0.016711640992552384
20478,0.012984869111782222
20479,0.014400536008102541
20480,0.008203688828247825
20481,0.004418619527128438
20482,0.003471447005200371
20483,0.005734146831437335
20484,0.0022084199903820863
20485,0.002460522947945624
20486,0.0035469312407776727
20487,0.010763339913285375
20488,0.005071943195470836
20489,0.011461018781176445
20490,0.01408141656404182
20491,0.015364284043081154
20492,0.017351374061592158
20493,0.017229118663222808
20494,0.01613686982734451
20495,0.016765241555901395
20496,0.01466821105958846
20497,0.01841732322378967
20498,0.021456950271318574
20499,0.026773430913857553
20500,0.02240232788044905
20501,0.02009931897115544
20502,0.014538347403216316
20503,0.01734202950021715
20504,0.016438486628169127
20505,0.019107049519086077
20506,0.02077789339075854
20507,0.012895775837617241
20508,0.014522038719562251
20509,0.009561406405435388
20510,0.008531807396176273
20511,0.0012039207987147073
20512,-0.004574725041834469
20513,-0.011294424051022278
20514,-0.014515554979307572
20515,-0.013305317818626435
20516,-0.014060990938711663
20517,-0.011631043934303519
20518,-0.01476269761106428
20519,-0.013962263376891298
20520,-0.005648287914261482
20521,-0.0020203952662521127
20522,-0.001345781424344808
20523,-0.004297583458731092
20524,-0.0073613530122165205
20525,-0.0077783907927994715
20526,-0.010360688750739568
20527,-0.012683275907223502
20528,-0.021397909395538626
20529,-0.02838534696119558
20530,-0.0313660588008454
20531,-0.032740820344943536
20532,-0.03584385195685172
20533,-0.032312093026441245
20534,-0.037142940410978945
20535,-0.037117787256759974
20536,-0.034957085839495285
20537,-0.03272509603245397
20538,-0.03423226571182379
20539,-0.04044066329010924
20540,-0.04739129807148043
20541,-0.046837762798782455
20542,-0.04107683750107705
20543,-0.04281080151332523
20544,-0.041137629824985256
20545,-0.04272898853284579
20546,-0.041093347788986774
20547,-0.037919857655537174
20548,-0.03593881756569475
20549,-0.03659241503908494
20550,-0.035627335280034055
20551,-0.033345080011303596
20552,-0.021524757763027393
20553,-0.014456906699023645
20554,-0.011115987760765078
20555,-0.01149117569924737
20556,-0.014937188261554277
20557,-0.013177394805832944
20558,-0.011964754350116357
20559,-0.012200861757371373
20560,-0.016879153707453628
20561,-0.029664293485295472
20562,-0.031304316361751953
20563,-0.033790229140718324
20564,-0.034889053095658255
20565,-0.03326662594222684
20566,-0.03208999257642581
20567,-0.029371087315409054
20568,-0.021662860842832133
20569,-0.02310737850549776
20570,-0.02664701029396143
20571,-0.029507556410965963
20572,-0.027759235875698812
20573,-0.027816157214053963
20574,-0.023046122513114557
20575,-0.02372374939342004
20576,-0.020899320522739573
20577,-0.021139679325976272
20578,-0.018998087370193255
20579,-0.016714025139283595
20580,-0.01036835577816504
20581,-0.010511168382592976
20582,-0.0134495530107837
20583,-0.013065472234775059
20584,-0.013808803188374975
20585,-0.010785564977698892
20586,-0.012125430551025716
20587,-0.011017742264449206
20588,-0.015147729244971897
20589,-0.017034678894897078
20590,-0.013800584262570744
20591,-0.01926600145503979
20592,-0.0185798133536416
20593,-0.01967762981358616
20594,-0.021263711992932248
20595,-0.02546845057920009
20596,-0.021807983231977333
20597,-0.022085158440556668
20598,-0.020330492237546603
20599,-0.02258872090788715
20600,-0.020047093034442978
20601,-0.009421443242094684
20602,-0.006848461644158988
20603,-0.004559917036960965
20604,-0.004805837002988605
20605,-0.006857930748141728
20606,-0.0030670750391044136
20607,-0.002077941210223294
20608,0.002788732590134626
20609,0.0028048162755792637
20610,0.012495881645063052
20611,0.016504035170915476
20612,0.013983549336094024
20613,0.013150675180695704
20614,0.012477167535063565
20615,0.014131205520903821
20616,0.015331013075171677
20617,0.014891758628786125
20618,0.014305987324596807
20619,0.010789191906065563
20620,0.010730850287915525
20621,0.0124276419466072
20622,0.01501015893204563
20623,0.014654909340760799
20624,0.013605810344196213
20625,0.009570293628213994
20626,0.006349847984258029
20627,0.0056431484015107124
20628,0.007343417640668211
20629,0.009984478603031153
20630,0.004981808666814241
20631,0.00980951143310434
20632,0.0011772502429789659
20633,0.0013498206456007522
20634,0.0063247356723633965
20635,0.011661448096019902
20636,0.013062514231816506
20637,0.012772722791293604
20638,0.010229768103940955
20639,0.014051542432307672
20640,0.009404975585796883
20641,0.008772960177227737
20642,0.00572545077313194
20643,0.004158284113129196
20644,0.004910098662446449
20645,0.0056626852959010135
20646,-0.001064068521288334
20647,-0.004488670279568448
20648,-0.009424615206638086
20649,-0.008145415851227675
20650,-0.01255983512247038
20651,-0.020743898435835243
20652,-0.019955281716153177
20653,-0.016090980678528197
20654,-0.01687034492925073
20655,-0.0160257832181152
20656,-0.02105912135287903
20657,-0.017945221741980252
20658,-0.017831346340069526
20659,-0.013840854347227904
20660,-0.012645419533860065
20661,-0.011491507184184842
20662,-0.013584752582018926
20663,-0.016001182854241087
20664,-0.005822350568833308
20665,-0.0040377970557685765
20666,0.008157347400472383
20667,0.012846728971962583
20668,0.01333540949314282
20669,0.01710940825087173
20670,0.017154421638006827
20671,0.01897453894790015
20672,0.016563999574264705
20673,0.015080192664998196
20674,0.011411106294008067
20675,0.008216750019202307
20676,0.004518096354097231
20677,0.0032513215143114282
20678,0.005906450525896994
20679,0.003183735565356771
20680,0.007446415599739695
20681,0.00820906100854564
20682,0.012012109073551176
20683,0.014223783965507423
20684,0.01548687565400666
20685,0.014657168609268509
20686,0.018306479351634885
20687,0.019115045959497184
20688,0.023673632380586323
20689,0.023458478903520617
20690,0.028948822736944435
20691,0.0397364130132864
20692,0.04110227167965473
20693,0.03819030182282712
20694,0.03764061913015616
20695,0.03494022515762077
20696,0.03815226943929907
20697,0.0333087433533015
20698,0.03484847872614108
20699,0.03730862863382709
20700,0.03678946961798608
20701,0.03528064282098914
20702,0.03577610116179216
20703,0.034229864468232035
20704,0.024583565016388503
20705,0.024279623273181956
20706,0.013786290538070144
20707,0.011761849310500018
20708,0.013465133693250508
20709,0.009756255169901128
20710,0.011362054909013286
20711,0.01264804642133771
20712,0.015679620317627475
20713,0.016685754656756636
20714,0.0191991515727077
20715,0.019231578070255554
20716,0.0208610329372871
20717,0.022388297119296647
20718,0.02028785100597144
20719,0.021847409930631192
20720,0.017909222344894594
20721,0.01461101727681571
20722,0.012816844603611667
20723,0.014797304715375737
20724,0.015971610716595565
20725,0.016448281942791614
20726,0.01658906157433003
20727,0.015669442070539566
20728,0.012751506370101508
20729,0.016235374993862
20730,0.01355425502929318
20731,0.011785078246174379
20732,0.012973726991779845
20733,0.016148542413241155
20734,0.012917979114216608
20735,0.015285382353685475
20736,0.014828845738588739
20737,0.014844838426177115
20738,0.02074345530930359
20739,0.019040232081797778
20740,0.018888587994378328
20741,0.013370448079815597
20742,0.015045936305778823
20743,0.02101406293446186
20744,0.020641296257757787
20745,0.015544819214500561
20746,0.01656362083867427
20747,0.01703378954979841
20748,0.013845384837044792
20749,0.01375690941178431
20750,0.012728289567807366
20751,0.011119751752328108
20752,0.009551951247060972
20753,0.013618033910311893
20754,0.006929359226559411
20755,0.00888673301934806
20756,0.006388957421666945
20757,0.004717126688730526
20758,0.004131232318457841
20759,0.004704656983402313
20760,0.009598449197444113
20761,0.016305982871698217
20762,0.015461150234313492
20763,0.02295352263403381
20764,0.02214499529236063
20765,0.02677185681369119
20766,0.0237314947321751
20767,0.02381829247561317
20768,0.023378229272193657
20769,0.018740255465078855
20770,0.014350078829168333
20771,0.014916983898580559
20772,0.014498305659969834
20773,0.011817404032305735
20774,0.02063461530042905
20775,0.019866669955467556
20776,0.018797921700051984
20777,0.020744601779590494
20778,0.011461947202361747
20779,0.014680786600485602
20780,0.013497177024372664
20781,0.018640652322907503
20782,0.018984047911304095
20783,0.017200138261244717
20784,0.018732931735116896
20785,0.023693851177199344
20786,0.016615653807044925
20787,0.01181984762865172
20788,0.015267248024482257
20789,0.018914710460636246
20790,0.01636947952909647
20791,0.01694447485233331
20792,0.013148006117217842
20793,0.009627334364067971
20794,0.01387934065351856
20795,0.015797646070988273
20796,0.019826324187109196
20797,0.019052466290400718
20798,0.015387219959332517
20799,0.017420207347685786
20800,0.01546276859151023
20801,0.026815444580679807
20802,0.033608940141814675
20803,0.02369614990952002
20804,0.018424113924275752
20805,0.013930416716095373
20806,0.01861847455138741
20807,0.010761825066410591
20808,0.013213092567736884
20809,0.01372530369840552
20810,0.012832142405222605
20811,0.012462162994939475
20812,0.010363905003028587
20813,0.017418985865999364
20814,0.013510922274982006
20815,0.01361317324869741
20816,0.014957270878770614
20817,0.01741537424479469
20818,0.019611308712335657
20819,0.019181847084651572
20820,0.016279567956705116
20821,0.016364042921436596
20822,0.010454601180140261
20823,0.01168182283954212
20824,0.011723318546148978
20825,0.010031314486484491
20826,0.012255097536758651
20827,0.014425343674589744
20828,0.013382477711451256
20829,0.007837812857075601
20830,0.011616337879102216
20831,0.015038127856304278
20832,0.02117988546802595
20833,0.023143185998075622
20834,0.02009300584102259
20835,0.02273331614623359
20836,0.02229236425984834
20837,0.026130690429299677
20838,0.0326880778108926
20839,0.02988881169414956
20840,0.03075041599657327
20841,0.011294760270578972
20842,0.003149387329451687
20843,0.0008831109744667783
20844,0.002304702821333529
20845,0.001080931132488051
20846,-2.1905815944282078e-05
20847,0.009261065953055111
20848,0.007650846639625274
20849,0.004463866848113658
20850,0.004998133508341956
20851,0.0049653724994523085
20852,0.006963145495627406
20853,0.007040026061072126
20854,0.008328582702059412
20855,0.004125167273457606
20856,-0.003942981777888924
20857,-0.009907097169107582
20858,-0.009863591729202363
20859,-0.01452034015576676
20860,-0.01362538443782328
20861,-0.0118140323125093
20862,-0.0030379206789189713
20863,-0.005015430087466533
20864,-0.010286205002191443
20865,-0.009275232830134789
20866,-0.0034889290240178506
20867,0.0005561381249408892
20868,-0.0011818008650582327
20869,0.0008806160514015607
20870,0.00160205686814745
20871,0.0074192423326239
20872,0.006572626164267751
20873,-0.004293491065560532
20874,2.884619927700121e-05
20875,-0.0037603396339946364
20876,-0.005624641096215844
20877,-0.005929323978578152
20878,-0.007210553984768182
20879,-0.0048811173631481
20880,-0.004106803951935079
20881,-9.675137512823887e-05
20882,-0.001389557871100323
20883,0.0008820836527939686
20884,0.0045437923452296795
20885,0.006592964613744495
20886,-0.0021386021293916145
20887,-0.00131679785773712
20888,-0.005425526206484036
20889,-0.0015129776316445149
20890,0.0005988500780451894
20891,0.0008823016573650754
20892,-0.00033304570672448153
20893,-0.008265464327377733
20894,-0.006833534709339639
20895,-0.00708276267843976
20896,0.000735398196567383
20897,0.0006522002394562731
20898,0.0002622328502838188
20899,0.001649978109473561
20900,-0.00388074047096612
20901,-0.00419303539900587
20902,-0.008462969520740996
20903,-0.01017847955796034
20904,0.0008168305671474221
20905,-0.00039505462751264275
20906,0.0020016551956170098
20907,0.0007768633431518231
20908,0.0009240935296478187
20909,0.006477718844282121
20910,0.004499435325854883
20911,-0.004976042740048327
20912,-0.006871765893675345
20913,-0.0018486424607916995
20914,-0.00274379122121092
20915,0.00083439403531298
20916,0.0036155620761514876
20917,0.0009405256565119883
20918,-0.0025995500492714332
20919,-0.007093329930236525
20920,-0.008406492401786257
20921,-0.011985002085786314
20922,-0.008423306861782795
20923,-0.008665806432420091
20924,-0.012650103509407592
20925,-0.014265834953016199
20926,-0.006945457911013992
20927,-0.01214798137878504
20928,-0.004785471788221357
20929,-0.005709829498424089
20930,-0.007844257448714018
20931,-0.009675329044928536
20932,-0.009453476054956672
20933,-0.007620641242085519
20934,-0.012248473508540145
20935,-0.00982690301358522
20936,-0.013991931256557032
20937,-0.007161292141742534
20938,-0.007151337349021522
20939,-0.003183687855805926
20940,0.005017379279225726
20941,0.0035927809397010993
20942,0.0075583424966373615
20943,0.013798245651624354
20944,0.007077675226835248
20945,0.02133887480465014
20946,0.018354906325496117
20947,0.016010056983089518
20948,0.018205442180263806
20949,0.014666553218596931
20950,0.017743316336563855
20951,0.01915163784910213
20952,0.022441266405517826
20953,0.02564545332952704
20954,0.02966605151743862
20955,0.029928456408773965
20956,0.02820842182594172
20957,0.030156353137667253
20958,0.03133928484878913
20959,0.03288369353089078
20960,0.03035046274588711
20961,0.034751751078528445
20962,0.03587119326010312
20963,0.0396268507605601
20964,0.04159415350219142
20965,0.04213804697738137
20966,0.034922694073723254
20967,0.037347520274375275
20968,0.03415280077361385
20969,0.03596613641279011
20970,0.03551047821115933
20971,0.03663022653048941
20972,0.035300963048549384
20973,0.03788041174316891
20974,0.039656082751941886
20975,0.04202631677004251
20976,0.04418602595493683
20977,0.04079553274364402
20978,0.042099010608117764
20979,0.0389225230711903
20980,0.040363318218875864
20981,0.033957860398191375
20982,0.027555530926177685
20983,0.023504995510840457
20984,0.023496197624136354
20985,0.0011203742236390137
20986,-0.002257762761462439
20987,-0.007485464082089112
20988,-0.005960140002302306
20989,-0.008006430765973512
20990,-0.008242471380070482
20991,-0.00764955150995311
20992,-0.009226187653063322
20993,-0.010089076217438302
20994,-0.01218051514730286
20995,-0.015747452405231788
20996,-0.022868988767405646
20997,-0.024939722742676036
20998,-0.024717451491501456
20999,-0.01962204763146129
21000,-0.018217392607286404
21001,-0.018797008819405027
21002,-0.020448161697280875
21003,-0.020838334588157155
21004,-0.020230796718793704
21005,-0.03010775439814987
21006,-0.02150402432802062
21007,-0.02062789393797009
21008,-0.024803810026754105
21009,-0.026683548939134192
21010,-0.02461007758018016
21011,-0.02516908422493149
21012,-0.025730667617215524
21013,-0.025612952352359445
21014,-0.024817191016022883
21015,-0.027427485134123412
21016,-0.02677438111196669
21017,-0.026842151525571872
21018,-0.02771961314600854
21019,-0.029114997128030427
21020,-0.031118442837619005
21021,-0.020207920060201973
21022,-0.023444987118739536
21023,-0.0224776421213833
21024,-0.021589017333180534
21025,-0.012019882401672483
21026,-0.010292464437776047
21027,-0.003986396908774944
21028,-0.00720446396363544
21029,-0.0002728221790876676
21030,-0.004706149186232947
21031,-0.004130264921380128
21032,-0.0021779710697098767
21033,-0.0029134469808686308
21034,-0.005084229694705977
21035,-0.007264125982400166
21036,0.0011619903979650183
21037,0.001439253642771214
21038,0.002737956328113901
21039,0.0005797784493619905
21040,0.003962658747585175
21041,0.005176771311858028
21042,0.009618895071123021
21043,0.006470205438480647
21044,0.012591180738299516
21045,0.020746678672840663
21046,0.01955072357349256
21047,0.023879375854592478
21048,0.03087107656685986
21049,0.029615980850052674
21050,0.025797878034535524
21051,0.026182022484781832
21052,0.027812596798401566
21053,0.02450062468504855
21054,0.022265739223336672
21055,0.022692588892866437
21056,0.02783205879597287
21057,0.022342051906473957
21058,0.021220534412569728
21059,0.02338346908127283
21060,0.026308607459519816
21061,0.02143974670550179
21062,0.030175612292238464
21063,0.02936814318780843
21064,0.028205209020723224
21065,0.027287370790352383
21066,0.027510144476021375
21067,0.02577801516009279
21068,0.02771208401036725
21069,0.01977576130641307
21070,0.02213928110300216
21071,0.018803824282626513
21072,0.012217306115861588
21073,0.014308335547686213
21074,0.016244799296264892
21075,0.018776764854748877
21076,0.01816440082209034
21077,0.01801561422280662
21078,0.01898842108739172
21079,0.016779248632459193
21080,0.009988177089641807
21081,0.008109991747779322
21082,0.0046435783393699
21083,0.006706619506921743
21084,0.0015893922639053678
21085,0.000975391745026346
21086,0.0011576881760327917
21087,-0.007973520395944539
21088,-0.011273094127209848
21089,-0.0045985445031467564
21090,-0.00012037467588635431
21091,-0.00018249951038206403
21092,-0.0017390819045216544
21093,-0.005692174369862557
21094,-0.0024187370166806263
21095,-0.0018753030363389386
21096,-0.006202421584775304
21097,-0.0020427100179441415
21098,0.004196601304647887
21099,0.005656800702939435
21100,0.0037294265779587578
21101,0.004239114641352282
21102,0.0005406594499859794
21103,0.000523406886325482
21104,0.004694570518000557
21105,0.0037274118479774993
21106,0.005218543904630373
21107,0.01054949511177625
21108,0.005074772843903794
21109,0.005628156349709625
21110,0.0043899833420020075
21111,0.006568779166942886
21112,0.010914363866735081
21113,0.008576122994581143
21114,0.006542245516299597
21115,0.005398621603788183
21116,0.007805664125646389
21117,0.0016193478763773602
21118,-0.00017751134416000455
21119,0.001647986583996494
21120,0.006049388979911161
21121,0.006496458309556056
21122,0.004663403587573557
21123,0.0009349070936075163
21124,0.0009306857369136535
21125,-0.0006422509180225507
21126,-0.0024354304704164173
21127,0.00040788519459743157
21128,-0.0024848351077387783
21129,-0.011300370520270057
21130,-0.010562450424420318
21131,-0.010277180460152548
21132,-0.009539197267459009
21133,-0.006329459746899745
21134,-0.011613064661232478
21135,-0.011847314689794148
21136,-0.01587751499214628
21137,-0.015619949503854948
21138,-0.019945123018200138
21139,-0.023425521465052043
21140,-0.02275668773579723
21141,-0.021934189473836473
21142,-0.021595143017532677
21143,-0.02176745142258185
21144,-0.02880192690317957
21145,-0.025044401640081725
21146,-0.026114810395219564
21147,-0.031354009665768505
21148,-0.02794812643970082
21149,-0.029783535173100548
21150,-0.02937762085231846
21151,-0.03086253074387119
21152,-0.03127470422253456
21153,-0.03301236108209653
21154,-0.03241839694704293
21155,-0.031038198914219592
21156,-0.037748245066818724
21157,-0.03215829199809438
21158,-0.0315806176411326
21159,-0.03127495309903612
21160,-0.03117964527585445
21161,-0.03125884382110484
21162,-0.02844233642284206
21163,-0.02483934181618235
21164,-0.0232338803477693
21165,-0.017240225538203438
21166,-0.016250829546573052
21167,-0.013648945006017038
21168,-0.013656455920461509
21169,-0.010505225723609476
21170,-0.008475501385394841
21171,-0.007674862849901746
21172,-0.007466754230772091
21173,-0.01124088401153575
21174,-0.008566234398218612
21175,-0.009139790772431803
21176,-0.011271497169393628
21177,-0.009386570762602353
21178,-0.009654322219363085
21179,-0.005326397793458903
21180,-0.0015036524681381587
21181,-0.004080429078690823
21182,-0.0048418857528085
21183,-0.008932053395480172
21184,-0.007047860991999097
21185,-0.0070350449277494535
21186,-0.006956558679384968
21187,-0.005722453939325289
21188,-0.007923477817228389
21189,-0.006580883846817781
21190,-0.0067812921660448475
21191,-0.008965656007302175
21192,-0.002401510996170372
21193,0.00295774314480106
21194,0.00433666934134855
21195,0.002893028559550205
21196,0.007731138773416571
21197,0.006510626526923781
21198,0.0016722232601635116
21199,0.0007009356856000953
21200,-0.0014154547836543474
21201,-0.005694497021378394
21202,-0.00728527969910369
21203,-0.010367667423868843
21204,-0.0054246551830619836
21205,-0.007539225738750245
21206,-0.007627388960927674
21207,-0.01372155113961183
21208,-0.005621794715900095
21209,-0.0038464029716992684
21210,-0.004014938500533799
21211,-0.004990888921457377
21212,-0.006266343974142473
21213,-0.003611630208988936
21214,-0.0028714718280296253
21215,-0.00022047356827639288
21216,0.009653686981800113
21217,0.00579240666964793
21218,0.0030007849818117884
21219,0.0008103280947182204
21220,-0.004175271905773562
21221,-0.0044900277170151605
21222,-0.00394460597317543
21223,-0.00043829520339285963
21224,0.005533919608943754
21225,0.0038376887779041397
21226,0.004555951426066458
21227,0.0028730953033828514
21228,0.003424428001675374
21229,0.003453029200730311
21230,0.0034110490118220856
21231,0.008854249854673927
21232,0.0025279552894496623
21233,0.006799393301723062
21234,0.00284723020969255
21235,0.002036261470551239
21236,0.002760400507126554
21237,0.003348829957690897
21238,0.007987837461446516
21239,0.01033386287916898
21240,0.010994739455777764
21241,0.015464574699774443
21242,0.017452170580505032
21243,0.018217405567755647
21244,0.013249437767369088
21245,0.013484731035140033
21246,0.01650450232821389
21247,0.021704517978913505
21248,0.022738843329955988
21249,0.022715608946731133
21250,0.01884776150694642
21251,0.02001500752984563
21252,0.021694164237971096
21253,0.02481415422919038
21254,0.023161736314379986
21255,0.017136339147710254
21256,0.012999302361692593
21257,0.01615553793807544
21258,0.016316462298604846
21259,0.01426987958145189
21260,0.015085557748717882
21261,0.017961787589409143
21262,0.01920488864379751
21263,0.02211136782916868
21264,0.014979807336647024
21265,0.014087380280044318
21266,0.01529341595788851
21267,0.017530034347633085
21268,0.019260236672021074
21269,0.020933705293674283
21270,0.01860577864753084
21271,0.015400634368562168
21272,0.012671930196805428
21273,0.008295757141450566
21274,0.010116714974508077
21275,0.009798383554966705
21276,0.010753448168913724
21277,0.011550520195285614
21278,0.010842124975354866
21279,0.0055526514835042735
21280,0.0040859908392095
21281,-0.0006062914204584341
21282,-0.004178825036490553
21283,-0.004397250325763379
21284,-0.01051553826142278
21285,-0.008446629570293204
21286,-0.011581315817577209
21287,-0.014325377926815501
21288,-0.018100428609599328
21289,-0.019834306092819713
21290,-0.02152551034340161
21291,-0.02540862069679264
21292,-0.02601805243794131
21293,-0.02648254499302186
21294,-0.022643988267509907
21295,-0.019303147879911938
21296,-0.022460645037317886
21297,-0.023438659169888004
21298,-0.021593718902490906
21299,-0.023725301434727793
21300,-0.021831667243570402
21301,-0.023206859284795718
21302,-0.024472913813015328
21303,-0.03053341388786036
21304,-0.028540596378029734
21305,-0.02843837582883316
21306,-0.03440506071674954
21307,-0.03510724730892034
21308,-0.038791647004855545
21309,-0.03562403471425588
21310,-0.03208008684610405
21311,-0.030984169685642084
21312,-0.024522885657726416
21313,-0.025647991177789993
21314,-0.028038350572982856
21315,-0.03023581870564099
21316,-0.03102884739516705
21317,-0.027612774892469483
21318,-0.03007017017484912
21319,-0.028396703864731133
21320,-0.0324804590945678
21321,-0.028349595651008547
21322,-0.02607072388276807
21323,-0.021983080072536576
21324,-0.01727528474172384
21325,-0.02062290523597905
21326,-0.015947150985156627
21327,-0.013600369596917631
21328,-0.015789184625978822
21329,-0.01741242034457026
21330,-0.013593922552814875
21331,-0.010924944849317306
21332,-0.011142408137393502
21333,-0.016066420559144035
21334,-0.016442783572312776
21335,-0.01699505885138548
21336,-0.008646686303902891
21337,-0.010092425395717863
21338,-0.00855794747271898
21339,-0.005707223327470235
21340,-0.007475237385239958
21341,-0.004256855898887902
21342,-0.006552788983725786
21343,-0.0020673222861714463
21344,-0.0025663929164139337
21345,-0.00041184702207456544
21346,0.0045273906248895456
21347,4.36796108122007e-05
21348,0.0006295630011602622
21349,-0.00386063737752331
21350,-0.003763005618381627
21351,-0.0075001664517925426
21352,-0.010860652443043869
21353,-0.013845142181404266
21354,-0.009082484061278965
21355,-0.005760793655445967
21356,-0.009951224189572208
21357,-0.01923145133436584
21358,-0.0168673561868082
21359,-0.017969366259092946
21360,-0.014063174960402425
21361,-0.014523853431462919
21362,-0.017123512100557584
21363,-0.021958464335343625
21364,-0.022073939382281072
21365,-0.019372683203572882
21366,-0.01616671369790195
21367,-0.007453206944341754
21368,-0.005629955595641077
21369,-0.011617801568869865
21370,-0.012210044287176584
21371,-0.012153109781929568
21372,-0.010721023538006125
21373,-0.007343616579500732
21374,-0.011992245615616959
21375,-0.012168749938197762
21376,-0.01695403980673842
21377,-0.020563563674496018
21378,-0.017351142179503256
21379,-0.017981582657515007
21380,-0.01647585226485323
21381,-0.01727879401326636
21382,-0.014188440692458993
21383,-0.015878863359434652
21384,-0.015616328827608935
21385,-0.019770014736070488
21386,-0.018890774167255975
21387,-0.01548159969460958
21388,-0.012417687796441671
21389,-0.011228417854165083
21390,-0.016394809243709823
21391,-0.013732624582218793
21392,-0.016885357151564997
21393,-0.011841683326409572
21394,-0.012787815407880808
21395,-0.018538048908916537
21396,-0.01459249213667158
21397,-0.008389485096602652
21398,-0.008918294308845023
21399,-0.007795616545469153
21400,-0.005076301645857031
21401,0.001577201690046783
21402,0.010856149302547661
21403,0.012243782270291022
21404,0.01088298180449721
21405,0.01473447366373423
21406,0.00805571269326337
21407,-0.0018496292855511634
21408,-0.005252245675289686
21409,0.0029505537854223707
21410,0.0021407170468692224
21411,0.001350250678641552
21412,0.0011287322159498265
21413,0.00345182846670434
21414,0.002782712574374439
21415,0.004244306338508086
21416,0.0002730482630769474
21417,0.003142632687503856
21418,-0.0012292641865812505
21419,-7.955990540057532e-06
21420,0.0015540341995122196
21421,0.00044982013584050895
21422,-0.001818088885481365
21423,-0.0018611877366303924
21424,-0.0010428131747097903
21425,0.004659495726081422
21426,0.0025204595149268
21427,0.003631737415280995
21428,0.0019140550061911813
21429,0.0015424192197019653
21430,0.005586767755897869
21431,0.006592585531248359
21432,0.0034198835823888354
21433,-0.0002711592496106299
21434,-0.003778125221173533
21435,0.004235843172042949
21436,0.0029024880907979984
21437,0.0009433279015027895
21438,0.0007325722764507983
21439,-0.0007450922420570401
21440,-0.004923309047735744
21441,-0.0011125193815905102
21442,-0.0077913445412525345
21443,-0.009188179313081895
21444,-0.006096994260944621
21445,-0.011307099131046125
21446,-0.014613966260779722
21447,-0.013569034200888003
21448,-0.01397391817770829
21449,-0.01832483643004022
21450,-0.015975530929178007
21451,-0.01635507634080039
21452,-0.017446263119866648
21453,-0.020199634063676954
21454,-0.017129527254599916
21455,-0.022261786918551706
21456,-0.014842946464053803
21457,-0.011555831216417243
21458,-0.01245628685586548
21459,-0.013909748578432798
21460,-0.017961071300219556
21461,-0.014618712534503744
21462,-0.011358789242421433
21463,-0.01032278274475952
21464,-0.009938713359688222
21465,-0.013147099770824257
21466,-0.01583212326051768
21467,-0.01679828641789949
21468,-0.014773269781378029
21469,-0.015049078980602624
21470,-0.01556485424248459
21471,-0.0185332786610827
21472,-0.01302016152909406
21473,-0.011431998302474624
21474,-0.010935596749546915
21475,-0.011243554042904282
21476,-0.012648933865626844
21477,-0.007931267858079613
21478,-0.006861834866753411
21479,-0.0077026093269194195
21480,-0.007656566229467019
21481,-0.018182628562713198
21482,-0.024095836068851535
21483,-0.023717834728775918
21484,-0.025102514708072055
21485,-0.028849079817831615
21486,-0.025966770777562
21487,-0.02648955121307206
21488,-0.022417485804614883
21489,-0.018337595462554267
21490,-0.02074458415529112
21491,-0.017484313110521652
21492,-0.018545710895098412
21493,-0.017463594104730116
21494,-0.013974493324479647
21495,-0.0059480148624563795
21496,-0.010145949589005717
21497,-0.008773136023768698
21498,-0.008649175775855092
21499,-0.008404286495830823
21500,-0.008481633199513366
21501,-0.014457596434314749
21502,-0.017397481393507632
21503,-0.02145613479786376
21504,-0.024780410610876085
21505,-0.025337983773468055
21506,-0.02975696551931906
21507,-0.024000436598378833
21508,-0.024169072826018878
21509,-0.024486122434769154
21510,-0.02712905760933496
21511,-0.027942292496303422
21512,-0.03217428821997739
21513,-0.0333619612925301
21514,-0.03267585473741122
21515,-0.03768651919412599
21516,-0.03655074437516601
21517,-0.039903309538415005
21518,-0.0336350841026918
21519,-0.03297153186121894
21520,-0.02638246552356974
21521,-0.024088943306225765
21522,-0.025329720421794984
21523,-0.024213142910467812
21524,-0.03806959925611131
21525,-0.025966679764535608
21526,-0.025971191850860664
21527,-0.01588209816518827
21528,-0.02267308632938632
21529,-0.020462294719105493
21530,-0.0161095508779456
21531,-0.016564044794770787
21532,-0.015091082626324937
21533,-0.013708627345201547
21534,-0.014840446732793553
21535,-0.0177283442079941
21536,-0.013876626021179683
21537,-0.012034875518378414
21538,-0.010128788256568698
21539,-0.009436955942586693
21540,-0.007676254914395087
21541,-0.005873029861013383
21542,-0.004601709643190928
21543,-2.355819854424674e-05
21544,0.002314373231486396
21545,0.010712152178165043
21546,0.016716972929912442
21547,0.00938603858047949
21548,0.007848700443396478
21549,0.007018800787294638
21550,0.011652979019288082
21551,0.011157748167941803
21552,0.019232842508360746
21553,0.019156151545100232
21554,0.024457426456392282
21555,0.029094866423161628
21556,0.03434494268522997
21557,0.034841220403140236
21558,0.028759059497383808
21559,0.030921073947274672
21560,0.028954602199715015
21561,0.027166149020307968
21562,0.03496921380760042
21563,0.03150131923762447
21564,0.046629939580234404
21565,0.036297757321806554
21566,0.03568514725935375
21567,0.02766295630299786
21568,0.032307083258027135
21569,0.034909317566643394
21570,0.028535146298575603
21571,0.02662619659619338
21572,0.019522508343268196
21573,0.01986484625919794
21574,0.01802271703102578
21575,0.01905385044553221
21576,0.01254345026520359
21577,0.0069410509680178385
21578,0.005815134303300083
21579,0.005289402831666779
21580,0.004206538109143879
21581,0.003022662160148906
21582,-0.0008517833435978296
21583,-0.004233428600697496
21584,-0.007800881894065718
21585,-0.022615409378322383
21586,-0.02008959424574843
21587,-0.019455643991233618
21588,-0.00985031671544802
21589,-0.010164816927238233
21590,-0.008299370666091356
21591,-0.009074401014180597
21592,-0.016132700298870276
21593,-0.01678143915487353
21594,-0.026216456496602165
21595,-0.027431239551079203
21596,-0.030401581857287974
21597,-0.030676792813539897
21598,-0.031000474628100985
21599,-0.03546264603902888
21600,-0.033053073502190715
21601,-0.03174646803364303
21602,-0.04335901286733615
21603,-0.03510484650641645
21604,-0.03579655732176054
21605,-0.041541385646849574
21606,-0.04026486995565435
21607,-0.042114008498587374
21608,-0.04580179120775273
21609,-0.053495840042415733
21610,-0.05415365854296798
21611,-0.05166972457854477
21612,-0.04778270831520633
21613,-0.05037111890936695
21614,-0.050226444165120836
21615,-0.05286274983711986
21616,-0.05098086643179515
21617,-0.05600102910408626
21618,-0.051448410030921474
21619,-0.05080045114252443
21620,-0.044572294147932304
21621,-0.03214632630373172
21622,-0.025541629732096907
21623,-0.014005544160289313
21624,-0.007725619132686023
21625,-0.0007917165015533753
21626,-0.0021534526441926295
21627,-0.005410705998668207
21628,-0.01293125644181532
21629,-0.010116097313329181
21630,-0.012000143972933093
21631,-0.008921339644147808
21632,0.0002781834059163172
21633,0.0030382836120895107
21634,0.007524104580668868
21635,0.00395157178878268
21636,0.0012213213843156245
21637,0.0009699037723469346
21638,-0.0005604039452221687
21639,-0.0020856198399169445
21640,-0.005869874347663837
21641,0.0017938080503725534
21642,0.014475429826531749
21643,0.007331989752199568
21644,0.00936732897336383
21645,0.024707622987572578
21646,0.023542909164209
21647,0.029856736428725075
21648,0.030752954147580253
21649,0.03351240168854803
21650,0.03452116829640184
21651,0.0362373719252964
21652,0.039720722753785465
21653,0.04558684359658977
21654,0.04527013816926695
21655,0.04669484217361366
21656,0.04642980792002624
21657,0.051582929040033455
21658,0.046097298114499516
21659,0.045268924994238
21660,0.034070080416305173
21661,0.022964055289490266
21662,0.017224331023049714
21663,0.01010484995052722
21664,0.007231102208719261
21665,0.006809532323567786
21666,0.011743402851169192
21667,0.01552598714133733
21668,0.01220730221621423
21669,0.014855763910070763
21670,0.014027054566807428
21671,0.01857604377114378
21672,0.012200659823377124
21673,0.010995046471043433
21674,0.012439809108503138
21675,0.014262706502750001
21676,0.015568377256809988
21677,0.01854352772058385
21678,0.019439492907266858
21679,0.0265112483629951
21680,0.02994029582560819
21681,0.0215754006914103
21682,0.02060287562140477
21683,0.023882508714567534
21684,0.020049410229767545
21685,0.012489498859761604
21686,0.008680006924953972
21687,0.0030237414377868427
21688,0.006696784806707793
21689,0.009383271003359004
21690,0.012307029057832064
21691,0.008067759484830959
21692,0.006681109958547661
21693,0.00473590736926697
21694,0.005319571700164608
21695,0.0023529218471668493
21696,0.003973190845025369
21697,0.005029910735149789
21698,0.008290530671536405
21699,0.0053458731867386975
21700,0.008687893303277903
21701,0.008513596547558212
21702,0.014057407541573867
21703,0.012571431621821418
21704,0.011869485311291679
21705,0.012103863836405384
21706,0.008673785352022591
21707,0.016091948512157315
21708,0.023821604478688023
21709,0.02000065962253623
21710,0.023380674651034303
21711,0.02013398787117476
21712,0.02053008647711924
21713,0.02002903736463081
21714,0.025215270593098988
21715,0.02676691441442037
21716,0.022274642877271822
21717,0.02129228725288082
21718,0.021714610329710397
21719,0.019178866508154827
21720,0.016391652947700862
21721,0.015265689354699961
21722,0.0194193254645547
21723,0.017381254879150126
21724,0.015935819970204785
21725,0.014842859129099752
21726,0.01762551835078501
21727,0.017603219844391515
21728,0.012600093051245787
21729,0.012148816053186174
21730,0.010888776286054502
21731,0.014319665298498183
21732,0.014969039698920817
21733,0.008982162292486471
21734,0.0076415862306507005
21735,0.010098123323687975
21736,0.009109970280016947
21737,0.010727871964117673
21738,0.008183631630131454
21739,0.010808239756786872
21740,0.012148493877740977
21741,0.01074271927129167
21742,0.008207005297248902
21743,0.006868510605768998
21744,0.001863238848859779
21745,0.0022105558394901518
21746,0.007086053453174706
21747,-0.0014716456558273349
21748,-0.006026022778016602
21749,-1.4341878572225908e-05
21750,-0.001478078591446164
21751,-0.0020223077865090507
21752,-0.0022219649901348386
21753,-0.002193088063223339
21754,-0.007123563795534628
21755,-0.006963143428480012
21756,-0.0020542296872728227
21757,-0.0037233605939920827
21758,-0.0007467076273300839
21759,0.00014980712332871997
21760,-0.0035052449939467325
21761,-0.000436614866137821
21762,-0.007744804567977833
21763,-0.007003220023341432
21764,-0.00558764763469614
21765,-0.007873792201169015
21766,-0.0068155335250215665
21767,-0.0036111620769603433
21768,0.001679999497335451
21769,0.0012107790434087182
21770,0.001731916021281621
21771,-0.0016040372351274
21772,-0.0011562366010397656
21773,0.0011464025313403874
21774,-0.0012843822673126303
21775,-0.0007430612500755602
21776,-0.0023776613491624573
21777,-0.0026143555068636306
21778,-0.003346451702770234
21779,-0.0023880873263539535
21780,-0.0029668898542141264
21781,-0.0027948929683033748
21782,0.0007517851301346597
21783,0.0016461823256880654
21784,0.007658433598207802
21785,0.008720044755981135
21786,-0.0019358246235634902
21787,-0.00048068302669119985
21788,-0.004295458475703904
21789,-0.007522292814250648
21790,-0.010084250708816989
21791,0.0031195915507892798
21792,0.009464771783118239
21793,0.010703878492847927
21794,0.00997019654949406
21795,0.0098366794628773
21796,0.009656433704823457
21797,0.012286809194522417
21798,0.006990079619929375
21799,0.007601312696332413
21800,0.008427512457534172
21801,0.005334859115882632
21802,0.008332432063875638
21803,0.009222966689167824
21804,0.010826710351739816
21805,0.013836904309665679
21806,0.012179703381544876
21807,0.005853833083625618
21808,0.005856676095859398
21809,0.003205610928468337
21810,0.003283307570391541
21811,0.0010023728738384184
21812,-0.0008707907756196299
21813,-0.005639795748361165
21814,-0.003126180861268353
21815,-0.0030611533950330836
21816,-0.00023757153068774343
21817,-0.0014973465540848475
21818,-0.002915065832187495
21819,-0.00013049965645573605
21820,-0.0006464166472470526
21821,-0.0009156306514241394
21822,-0.004916508714417698
21823,-0.005011193049723741
21824,-0.003445384321711342
21825,-0.007014490680796501
21826,-0.001277828133166055
21827,-0.003163895347187958
21828,-0.0028897849462365976
21829,-0.004940067330159275
21830,0.0002807062221283339
21831,-0.01189206962475882
21832,-0.01719864218663329
21833,-0.020027257099493496
21834,-0.020115218434949643
21835,-0.020159588890753918
21836,-0.022802281544489746
21837,-0.020734627520805366
21838,-0.018869293496924462
21839,-0.01877823891135209
21840,-0.011127852940597925
21841,-0.010897923884392155
21842,-0.012487078446460043
21843,-0.01590267673660168
21844,-0.01554006019682795
21845,-0.020811824553089973
21846,-0.01954283702019709
21847,-0.015336043329425729
21848,-0.019246874536341572
21849,-0.017912377035189907
21850,-0.019415645372255628
21851,-0.018377026163049013
21852,-0.01658321171162222
21853,-0.01066023214998071
21854,-0.00926557596330124
21855,-0.011209475179019357
21856,-0.011396428070665638
21857,-0.011951062851881158
21858,-0.006428633229708967
21859,-0.011034426004375614
21860,-0.010230009303823801
21861,-0.009527822585300131
21862,-0.008703906477710452
21863,-0.002609761005258385
21864,-0.004467083447615097
21865,0.008058358506668629
21866,0.008470266282337092
21867,0.011478713330168018
21868,0.014672909670709323
21869,0.014210691275049042
21870,0.012558275564055976
21871,0.012091967715150602
21872,0.012435117157660509
21873,0.011799148191949183
21874,0.011885589838496333
21875,0.014311417692942526
21876,0.01547603199959438
21877,0.012119296082414783
21878,0.010250466665982377
21879,0.012548428586082627
21880,0.007119244598997404
21881,0.014283238549796214
21882,0.014852168310057182
21883,0.017703395721988386
21884,0.017219108008234306
21885,0.022117329344712527
21886,0.022261130366822368
21887,0.021625013435745185
21888,0.02503472076871596
21889,0.024528603811015466
21890,0.02414726282138827
21891,0.025035054865078933
21892,0.024919541988219832
21893,0.02572968553609376
21894,0.027244281927622023
21895,0.029198695891313683
21896,0.033021422437983235
21897,0.03718904524313849
21898,0.0332952716119377
21899,0.036034441225800566
21900,0.03554238738965551
21901,0.03542840492178903
21902,0.037900551051973375
21903,0.029852298977567845
21904,0.03019487241080138
21905,0.01924944202248591
21906,0.016966349296367884
21907,0.016801381455023925
21908,0.017674889663811647
21909,0.01642264408735345
21910,0.010525090890955978
21911,0.010006458879635052
21912,0.011740186122686326
21913,0.014955379862743668
21914,0.016069736089603017
21915,0.013328964742771942
21916,0.014420332093425577
21917,0.015100903975298062
21918,0.018652815727509
21919,0.014411516328938969
21920,0.015871675286042802
21921,0.007649000785393074
21922,0.008809942912066325
21923,0.0069232832909206345
21924,0.007944698630908957
21925,0.00831319780629477
21926,0.006964534918919109
21927,0.004044798593742915
21928,0.002952785670511606
21929,-0.000250832920450227
21930,0.0039039327519941776
21931,0.004532541800640184
21932,0.008010317303197496
21933,0.009390978677240492
21934,0.0067563887700847905
21935,0.006287017097991268
21936,0.001971255713286273
21937,-0.00222327010759559
21938,-0.004966102832423083
21939,-0.009899789664960294
21940,-0.009510109465682393
21941,-0.011794686545261803
21942,-0.013839181690271306
21943,-0.01261727439049028
21944,-0.011293242590591212
21945,-0.011216372434932072
21946,-0.009724639400806786
21947,-0.01108176593996599
21948,-0.007184392759090481
21949,-0.006251860215290598
21950,0.008837506271745494
21951,0.00993946325612747
21952,0.007762819940544845
21953,0.003802376940847396
21954,-0.0025721811942811404
21955,-0.007890799579998472
21956,-0.010287732411780073
21957,-0.010461765633512053
21958,-0.011454126848509126
21959,-0.01384469188224157
21960,-0.016954155964318953
21961,-0.01568928690624713
21962,-0.015512558932861078
21963,-0.01623525214295528
21964,-0.016025771734962526
21965,-0.012872351617447486
21966,-0.01496631743546434
21967,-0.01276546881726197
21968,-0.015994586003758023
21969,-0.01306701816227329
21970,-0.015826859389024752
21971,-0.014722958206819193
21972,-0.02151482971603786
21973,-0.025883609517124012
21974,-0.025236672319882202
21975,-0.02494502570854691
21976,-0.024583109446953088
21977,-0.02415261383773338
21978,-0.021223953070669186
21979,-0.0176042310917661
21980,-0.020612784582332674
21981,-0.017290795458399278
21982,-0.01838458508518897
21983,-0.020008873493662212
21984,-0.01957277612767792
21985,-0.019527271250246767
21986,-0.0198470485114132
21987,-0.01498176339274719
21988,-0.020131568702571517
21989,-0.024180157795299105
21990,-0.03474200006828292
21991,-0.03685874015772088
21992,-0.035943790844349066
21993,-0.033093986205388254
21994,-0.02860018154442212
21995,-0.021067085770199643
21996,-0.02037741851662154
21997,-0.022259257745336904
21998,-0.02109095349197574
21999,-0.016084700708600335
22000,-0.014337825065991548
22001,-0.007945091124459949
22002,-0.0038802255304626982
22003,-0.0008620658165334223
22004,0.00026874412040777925
22005,-0.0008806807547860165
22006,0.003525201867691943
22007,-0.0016335940372773613
22008,0.0018762527011727667
22009,0.00389949017553338
22010,-0.0008202912269721333
22011,0.0005482959772348034
22012,0.0025515143442552935
22013,-0.005878722399074669
22014,-0.008032349281339014
22015,-0.007498483095127972
22016,-0.009083820539694218
22017,-0.008890688229288585
22018,-0.009217432243522238
22019,-0.009482116597135942
22020,-0.0061705498833161615
22021,-0.007497822651902035
22022,-0.002203556061756563
22023,-0.002377048400447855
22024,-0.0034926265015498663
22025,-0.002739998569838963
22026,-0.0032502422499808433
22027,-0.007147061407130856
22028,-0.00463262984821802
22029,-0.0019982049173010085
22030,-0.0031046678504280125
22031,-0.0023701217681118686
22032,-0.002135390687774298
22033,-0.0013944889542838027
22034,-9.043040111438235e-05
22035,0.000315495057948169
22036,0.0019776251731215577
22037,0.004419051267979981
22038,0.003526105016249814
22039,0.002069583066894113
22040,0.0009514725251747682
22041,-0.002614139752341314
22042,-0.004228509908855319
22043,-0.0018005666758065943
22044,-0.007894159421732475
22045,-0.009378099278911901
22046,-0.01315325037727385
22047,-0.010091880677891017
22048,-0.009918929014984777
22049,-0.014916567158490268
22050,-0.010252091230418809
22051,-0.013252074797333214
22052,-0.009220721059495977
22053,0.0013385828230913057
22054,0.002646188666358038
22055,0.008330054793155118
22056,0.009624783698556868
22057,0.010306306727154378
22058,0.009476000732680567
22059,0.009295978441953267
22060,0.010679826587201775
22061,0.010351854216164235
22062,0.00261269216683813
22063,0.004821058153119823
22064,0.006966857534883284
22065,0.00930994584059533
22066,0.010196286191094327
22067,0.008810922768137575
22068,0.006790566956433554
22069,0.007285488071062038
22070,0.005268318308418886
22071,0.003579262324315881
22072,0.0022645951010864637
22073,0.0002781228953889899
22074,0.0020623698292667647
22075,9.369491299965932e-05
22076,0.0013656107333730764
22077,0.0012152204717627293
22078,-0.000530625519269166
22079,-0.005919919642055307
22080,-0.002684748208915054
22081,-0.006497249878891678
22082,-0.008328657899418907
22083,-0.008198919280933366
22084,-0.004314043677853563
22085,-0.006904629962784849
22086,-0.00590692050244253
22087,-0.004722935872780008
22088,-0.005450869696887283
22089,-0.004350225050935918
22090,-0.004877698455625267
22091,-0.006860955247920351
22092,-0.00969612461821175
22093,-0.009899304238158579
22094,-0.013754276807630519
22095,-0.02024569959970294
22096,-0.018295350918803785
22097,-0.020493502303735856
22098,-0.01871703317076408
22099,-0.018969699249445374
22100,-0.018512229643678168
22101,-0.01937137604392131
22102,-0.016277813355681427
22103,-0.015378255303083026
22104,-0.020089651822475314
22105,-0.020890345869865292
22106,-0.020864843433697197
22107,-0.021415054135007067
22108,-0.0222866881383852
22109,-0.021832122043375254
22110,-0.017966224730181283
22111,-0.015365138205715084
22112,-0.01770118280705462
22113,-0.013379256266475143
22114,-0.012791041046126191
22115,-0.01250353632171869
22116,-0.01020465450960802
22117,-0.011967483302776992
22118,-0.010867921346686387
22119,-0.006450069452300458
22120,-0.007843991835478183
22121,-0.005958959391138399
22122,-0.008390139085886098
22123,-0.010136331923457845
22124,-0.013410005653343738
22125,-0.011116811678523275
22126,-0.010067016293856432
22127,-0.011289622116746516
22128,-0.010109046772559636
22129,-0.006959363079602056
22130,-0.005120243296108318
22131,-0.0013193721358106523
22132,-8.573186704240354e-05
22133,-0.0003313978205185683
22134,0.004287517318325444
22135,0.005489448054997564
22136,0.005037216636475341
22137,0.005842690963649769
22138,0.0049639408807853275
22139,0.006168698320460166
22140,0.0038908787793237426
22141,0.005541021859482599
22142,0.00637148634616433
22143,0.0079331969495737
22144,0.009496883772144462
22145,0.010083812217579296
22146,0.009748201804917082
22147,0.011248008676628906
22148,0.01209045376998563
22149,0.010627570330694577
22150,0.010610948947984008
22151,0.009110081718296373
22152,0.010778230667198876
22153,0.008147192176292973
22154,0.007725411605386
22155,0.00571799814477731
22156,0.0026576204603754963
22157,0.004935091772681049
22158,0.0032761147553821827
22159,0.007765746081462084
22160,0.009450423261891444
22161,0.01347744784379479
22162,0.017288926771443853
22163,0.016140434840422387
22164,0.01975002165865744
22165,0.019613218002259254
22166,0.022512585947097548
22167,0.02418028094080289
22168,0.020158793374178155
22169,0.018202228097031047
22170,0.01816177659381967
22171,0.016849764374844946
22172,0.017019368248871312
22173,0.014294098335168894
22174,0.013113879587902185
22175,0.01229423536074568
22176,0.008440076893207367
22177,0.002674521885881964
22178,0.005734881337075839
22179,0.002024794269389832
22180,0.0028479388828689814
22181,0.002232915968186571
22182,0.0028278930399970098
22183,0.0007722783166724057
22184,-0.0031749954164639587
22185,-0.009743253849707867
22186,-0.009846908383199534
22187,-0.014220242884041046
22188,-0.014341168573073555
22189,-0.013722332998611954
22190,-0.013599081734884118
22191,-0.011867405000306877
22192,-0.010793329674397271
22193,-0.01122223797378927
22194,-0.01845694242215961
22195,-0.013386248377406255
22196,-0.011401461641407866
22197,-0.014840951008034507
22198,-0.013288141245276372
22199,-0.01818109654937012
22200,-0.022207628559779823
22201,-0.026839758135799974
22202,-0.028679657086494365
22203,-0.029729441262416875
22204,-0.031576372169223384
22205,-0.03198339821901206
22206,-0.03501810270273669
22207,-0.035020176556653015
22208,-0.028420478707183533
22209,-0.027053351711473043
22210,-0.029585789482816566
22211,-0.031795362431595565
22212,-0.027291517295535587
22213,-0.0206101480295169
22214,-0.018756170052849602
22215,-0.022860348810936543
22216,-0.020236074765465954
22217,-0.014862110938338186
22218,-0.018796300715357674
22219,-0.01576350277839979
22220,-0.014195268739920972
22221,-0.012772448281646101
22222,-0.014157462046704011
22223,-0.014046636478941051
22224,-0.01000927357197259
22225,-0.005947049656271959
22226,-0.009374560542362725
22227,0.003328021705893762
22228,0.0036031355489632775
22229,0.01009726989958241
22230,0.00974054102338235
22231,0.008403725176404276
22232,0.005330012962135611
22233,0.005598274573687006
22234,0.010042910938857074
22235,0.00511569292806752
22236,0.002683831727243239
22237,0.0032872695972617303
22238,0.004546883105980246
22239,0.006552313131198826
22240,0.010285095779532493
22241,0.009883827362698007
22242,0.008245307763606838
22243,0.009161621247761065
22244,0.012789704986051672
22245,0.013171617132206348
22246,0.014645042640453092
22247,0.013031497216683993
22248,0.00971750929365018
22249,0.008260397602996633
22250,0.003298130517541653
22251,-0.002280641935144172
22252,-0.007912598002977562
22253,-0.01360212931421155
22254,-0.016464399023786894
22255,-0.011724297029195389
22256,-0.012327789788566652
22257,-0.012648109734830546
22258,-0.009602910192239201
22259,-0.008131201689577918
22260,-0.007792892726525614
22261,-0.00960518854130715
22262,-0.010842003480534847
22263,-0.01081773387873877
22264,-0.00990395455430317
22265,-0.014796483721255839
22266,-0.008342488448061382
22267,-0.015790007415189433
22268,-0.01872295112527339
22269,-0.020986485686096765
22270,-0.022541811919571247
22271,-0.022627638146597736
22272,-0.0208377563642177
22273,-0.02089698602552013
22274,-0.02612710551741685
22275,-0.01850620718816738
22276,-0.020480778505364026
22277,-0.02384195162546096
22278,-0.025404669875632443
22279,-0.02581667943359299
22280,-0.02838319857493265
22281,-0.027909231299021068
22282,-0.025819917380121696
22283,-0.026446600610425683
22284,-0.034508312883853746
22285,-0.03477251606260569
22286,-0.03628451991121281
22287,-0.03880532253398902
22288,-0.03840001800779647
22289,-0.035775335316618063
22290,-0.02895886865858976
22291,-0.02152529473817957
22292,-0.023125902186148004
22293,-0.02432736951065275
22294,-0.02074704319749733
22295,-0.023920888548649683
22296,-0.0224799896876021
22297,-0.021574328878098237
22298,-0.027435450812962902
22299,-0.03278326777842124
22300,-0.035561931398514476
22301,-0.03859054700437816
22302,-0.03771547382736831
22303,-0.036191888949373995
22304,-0.03960553553421804
22305,-0.03770611842606959
22306,-0.03897482824550289
22307,-0.024565048450005927
22308,-0.01871199501859012
22309,-0.021884375392592924
22310,-0.021924909339076863
22311,-0.02504782415445181
22312,-0.024434708925240443
22313,-0.023041227889237525
22314,-0.021360615165495478
22315,-0.02715503355338235
22316,-0.02761745590616661
22317,-0.023163345571836937
22318,-0.02318241821304528
22319,-0.02802482789554338
22320,-0.02528010907788352
22321,-0.025956277014009013
22322,-0.0247631879236152
22323,-0.027447825912327806
22324,-0.021701869614336664
22325,-0.028129659034519916
22326,-0.025785430069705097
22327,-0.021754529105146716
22328,-0.02647182505721872
22329,-0.029121147334854294
22330,-0.03136833095530146
22331,-0.03236004772947142
22332,-0.03673448237242981
22333,-0.03350884173396784
22334,-0.03788112223713474
22335,-0.02414629814288285
22336,-0.02501523342978606
22337,-0.01947053404039084
22338,-0.016166380235642177
22339,-0.013386187829120154
22340,-0.016037479864040513
22341,-0.013711665888505226
22342,-0.013407702384990306
22343,-0.0008675439441225215
22344,0.002193936884955094
22345,0.005012946347925542
22346,-0.0006216474025011742
22347,-0.01922617449120539
22348,-0.02312068203811421
22349,-0.022434197182219638
22350,-0.019781705844988885
22351,-0.015394091944198827
22352,-0.012706285038645388
22353,-0.02073783364765725
22354,-0.017594102620754885
22355,-0.014715902649075787
22356,-0.012038397974612348
22357,-0.010598794195968014
22358,-0.009179823071895353
22359,0.00017701016818799377
22360,-0.0014047635512265406
22361,-0.001044480938999396
22362,-0.009763194325009418
22363,-0.006279863365379943
22364,-0.0003254964174166314
22365,0.007614339098515115
22366,0.013987955409387947
22367,0.006073591810877107
22368,0.012267323748284998
22369,0.01440981503644084
22370,0.01469953696300683
22371,0.014160577354973598
22372,0.020793746373906876
22373,0.023219938652967106
22374,0.02057073098060939
22375,0.004801598698477817
22376,0.0014393531707892065
22377,-0.0021653447936823564
22378,-0.0017659310189076253
22379,-0.0011165194056268633
22380,0.004849828841361729
22381,0.006302279458210416
22382,0.009294678527016004
22383,-0.007363567525796563
22384,-0.009213123841755154
22385,-0.012883750624941176
22386,-0.009558202488988043
22387,-0.0037709711297755784
22388,-0.00183521607416604
22389,-0.0012728408091117545
22390,-0.0036472088204050983
22391,-0.010400823379568401
22392,-0.01426558033234748
22393,-0.009698235549954649
22394,-0.012527294596462908
22395,-0.021526278882047438
22396,-0.02254960023689663
22397,-0.01841409403697419
22398,-0.02350209699179865
22399,-0.027842503532509024
22400,-0.021796974986771994
22401,-0.016161296951500332
22402,-0.008596129677389541
22403,-0.01211477037016372
22404,-0.02429758360549447
22405,-0.02485037911314202
22406,-0.035633902683880565
22407,-0.035463613378521
22408,-0.036905427791109495
22409,-0.043465937830797725
22410,-0.04040079105731771
22411,-0.03872535212464921
22412,-0.04039043778194718
22413,-0.041443742993020144
22414,-0.03678757565568253
22415,-0.029693432489252963
22416,-0.02835510625117133
22417,-0.030811878518681016
22418,-0.03284192280544194
22419,-0.03714468871849428
22420,-0.044929664082657916
22421,-0.04818659183207692
22422,-0.04894342419594527
22423,-0.046149285843844985
22424,-0.048416299012373765
22425,-0.0454682361671877
22426,-0.04483857356775459
22427,-0.05178878932500798
22428,-0.05707343048494665
22429,-0.062292304052740985
22430,-0.07200860475516031
22431,-0.06423040500736583
22432,-0.062267474886928326
22433,-0.06253716322405199
22434,-0.06097991539241129
22435,-0.05591613758284837
22436,-0.05657983200131434
22437,-0.06011458144248483
22438,-0.06172196500374696
22439,-0.0698541846060518
22440,-0.06610368374714776
22441,-0.0701968454845977
22442,-0.0668072766832349
22443,-0.06046609328262411
22444,-0.05330898889120393
22445,-0.0494890473251763
22446,-0.05965587127057979
22447,-0.05715279561449214
22448,-0.05722047323163549
22449,-0.05717498228200666
22450,-0.06095592404192228
22451,-0.06733544711267495
22452,-0.05765479343013128
22453,-0.058228903996734166
22454,-0.05815467796333326
22455,-0.07234461767862795
22456,-0.06833898265153768
22457,-0.06298818599470142
22458,-0.054781957889613174
22459,-0.050337907231048515
22460,-0.0384429122633534
22461,-0.037629797535751415
22462,-0.040124299448998535
22463,-0.046725883513665564
22464,-0.03862435606594124
22465,-0.038177686021061495
22466,-0.03482661119217152
22467,-0.02438655085535866
22468,-0.019050983390906613
22469,-0.0035040254904616566
22470,0.010593880341953958
22471,0.009737360752886602
22472,0.00542467913081223
22473,0.008119797855576039
22474,0.01707272047576926
22475,0.018718877669004867
22476,0.029053445692837652
22477,0.027354440622542553
22478,0.03153108338005624
22479,0.03561685036977189
22480,0.02570020011905662
22481,0.02002582602013235
22482,0.01998184252235059
22483,0.013670242733140775
22484,0.007655124004181033
22485,-0.0019831918613738503
22486,0.012579773208588394
22487,0.01624452750862855
22488,0.01634280047862071
22489,0.02232377161288595
22490,0.02061873149117984
22491,0.0274523462832013
22492,0.02273561126002417
22493,0.021533632020331206
22494,0.01546031429012379
22495,0.0266719105588897
22496,0.02007976907554358
22497,0.02526257326199703
22498,0.020743126636375512
22499,0.031059406729730756
22500,0.02491588112792365
22501,0.03152959649917922
22502,0.04167583401615184
22503,0.04862883696576995
22504,0.043991254429517984
22505,0.04392926585491735
22506,0.03951716512674075
22507,0.03337195807010705
22508,0.030086724482988568
22509,0.017940576364493248
22510,0.018394623386297763
22511,0.0295842375469308
22512,0.023908997364528256
22513,0.02264214271329788
22514,0.016129804458202612
22515,0.01885162047966678
22516,0.01078149970024712
22517,0.007268014052113464
22518,0.006274861404103903
22519,0.014242642066407336
22520,0.010849915584284364
22521,0.013502550680383349
22522,0.0091169177721363
22523,0.011493592131023753
22524,0.01586742447748403
22525,0.02096811931971979
22526,0.0169786249573769
22527,0.023271288613792757
22528,0.029018171098640595
22529,0.02308864536765097
22530,0.025211973772533248
22531,0.02519521492714355
22532,0.02193517633215279
22533,0.02273049670378693
22534,0.02825615693083222
22535,0.029195469286431793
22536,0.03413375921902769
22537,0.026936718925181496
22538,0.026634438157722037
22539,0.00973033470799294
22540,0.008470955836157965
22541,0.007637169609336134
22542,-0.0038505454217376786
22543,-0.005043006058057782
22544,-0.014945289086869557
22545,-0.019267392198585174
22546,-0.015642488512729775
22547,-0.017537251476072425
22548,-0.01710603324002712
22549,-0.016599233281510722
22550,-0.019641250540460883
22551,-0.031096712325369858
22552,-0.022577840650422006
22553,-0.023490353407054482
22554,-0.02838436867711683
22555,-0.03726942037789884
22556,-0.038689361227163856
22557,-0.04360507688552598
22558,-0.04160121346576752
22559,-0.05171341195884928
22560,-0.043895604739922045
22561,-0.04306902120453006
22562,-0.04133809180103182
22563,-0.04089827118869175
22564,-0.04177419190627648
22565,-0.04867662385477211
22566,-0.04599101355784812
22567,-0.05187969744727126
22568,-0.05339859311877724
22569,-0.04744733175415214
22570,-0.04609323730800601
22571,-0.05648007009373838
22572,-0.05156528699176517
22573,-0.05880883272365286
22574,-0.0604776161286434
22575,-0.06340339497906367
22576,-0.06440123069104707
22577,-0.06139090304899445
22578,-0.061938545698619396
22579,-0.05593460415857313
22580,-0.06641331358628419
22581,-0.07843060970660871
22582,-0.08010726874076493
22583,-0.07227667705872444
22584,-0.06304607778799941
22585,-0.05792892708945391
22586,-0.06696082521591665
22587,-0.06806670306684173
22588,-0.06838960247428245
22589,-0.06427712412877026
22590,-0.0612551616179226
22591,-0.06030187504056595
22592,-0.056781987249147646
22593,-0.042463113580747155
22594,-0.037041186098751636
22595,-0.02971901578227747
22596,-0.028919084001524265
22597,-0.02186429267919212
22598,-0.02408778976863989
22599,-0.016421517850977223
22600,-0.022501795405821017
22601,-0.017690131589016608
22602,-0.02294526390577877
22603,-0.02262816974323943
22604,-0.0323951100305623
22605,-0.01758090744311946
22606,-0.015524916682768425
22607,-0.007610454372640419
22608,-0.010083837986629991
22609,-0.006813356367409303
22610,-0.003946230602680188
22611,0.013104040452225471
22612,0.007283018700941202
22613,0.01833993362993832
22614,0.015238882364954447
22615,0.01832448326193285
22616,0.027518707654565332
22617,0.018594984118315935
22618,0.024112853417894833
22619,0.030938349089725016
22620,0.04198375088114685
22621,0.052728419348951464
22622,0.05590292754221367
22623,0.050445079856844655
22624,0.05050726278671025
22625,0.05644325071996917
22626,0.06283651777842982
22627,0.061667883849696806
22628,0.06195563338406455
22629,0.054994411746678
22630,0.05263844845393125
22631,0.04565994454239369
22632,0.03961169742441562
22633,0.02350692105507531
22634,0.018242097348768332
22635,0.0145331142823886
22636,0.015957663316263398
22637,0.021642193766315182
22638,0.02548458184235107
22639,0.0263934560160128
22640,0.021616806330950943
22641,0.02817334478459411
22642,0.03376735060911285
22643,0.03358559356565699
22644,0.04768736142981026
22645,0.04082411097726953
22646,0.04535357286937361
22647,0.04329138356592868
22648,0.04261199683731762
22649,0.027214292205791503
22650,0.02397583657093558
22651,0.01720556683005526
22652,0.012382799261964826
22653,0.009954372666357845
22654,0.01451446873580679
22655,0.012115465953455768
22656,-0.0085138308061973
22657,-0.00805160072858385
22658,-0.010237707627532905
22659,-0.01846086362922688
22660,-0.01763722263509925
22661,-0.02209469259732472
22662,-0.021933506628557774
22663,-0.024540882529312552
22664,-0.02012642802788722
22665,-0.027063935329837627
22666,-0.025033483486842045
22667,-0.009735093426734452
22668,0.00028212693492055076
22669,0.005614025979163178
22670,0.00808365447312206
22671,0.022081167821279075
22672,0.02573318436810072
22673,0.039326143955903385
22674,0.04389190041937454
22675,0.04567996782619636
22676,0.047747363123098914
22677,0.04243598116738655
22678,0.037815602165694615
22679,0.029554058692721406
22680,0.034250661876093276
22681,0.02273771727829006
22682,0.026976769463691406
22683,0.024509537575466468
22684,0.024232339461136294
22685,0.026693061208400242
22686,0.017509818797510904
22687,0.015252929443268523
22688,0.02177650883950568
22689,0.034235792244864616
22690,0.034466295496237906
22691,0.045578629740290415
22692,0.05500910950059841
22693,0.05447774635543067
22694,0.05684028809431372
22695,0.06215480942746207
22696,0.07981121624247009
22697,0.07568381197993428
22698,0.07633173410569567
22699,0.07896519907076845
22700,0.089841026783316
22701,0.10709279188227173
22702,0.10929615364338925
22703,0.14760634728984792
22704,0.1457794603673063
22705,0.14702819959345478
22706,0.14600086553392974
22707,0.13332618479287883
22708,0.1240000419217937
22709,0.1566854845896884
22710,0.12453026124236842
22711,0.11096708968913829
22712,0.0916224749502824
22713,0.08196093829914315
22714,0.08132727552952307
22715,0.08465301717677381
22716,0.07722353749523887
22717,0.07725749140964307
22718,0.08603054941798208
22719,0.08924850359077802
22720,0.08971517638974423
22721,0.0987424135535941
22722,0.07223340076540619
22723,0.07775165213785769
22724,0.06983731522875612
22725,0.07481645635686715
22726,0.0792654238505466
22727,0.078465124425054
22728,0.07997280613753185
22729,0.08139469378740163
22730,0.07581598445846097
22731,0.05918666226703449
22732,0.05301344564774799
22733,0.05796622933797283
22734,0.057506897954828204
22735,0.05523820277438617
22736,0.04932991700129816
22737,0.04968593825580076
22738,0.04322133650327483
22739,0.04104420010194421
22740,0.038234025723042464
22741,0.02701723933568264
22742,0.028082450240098544
22743,0.006679344683019339
22744,0.005570368972485261
22745,-0.0027226988285922547
22746,-0.0015736051189061413
22747,0.004311090719664141
22748,0.0018376984041011367
22749,-0.03251835955963088
22750,-0.009670479407309798
22751,-0.0035280314360218944
22752,0.006925120469166907
22753,0.0045366103317051
22754,0.00437079735023535
22755,0.003933069009870459
22756,0.011435623314406116
22757,0.008253983397736949
22758,-0.0019220836613222541
22759,0.0007735420880368427
22760,0.00873854577198799
22761,-0.0017233621248377204
22762,0.01760182341755635
22763,0.0119045888222459
22764,0.01741232999452831
22765,0.00908564214023303
22766,0.008059061668068176
22767,0.0014476383606058692
22768,-0.0073258838874196925
22769,-0.005644078775099658
22770,0.0019099862182800204
22771,0.00732884590948911
22772,0.006968593480764556
22773,-0.015745464915512278
22774,-0.024257059463241477
22775,-0.03236326067051742
22776,-0.043946769358394075
22777,-0.03924163905580623
22778,-0.028992461010572
22779,-0.03290586752430284
22780,-0.03928327091635236
22781,-0.03692693708837553
22782,-0.03462605756708019
22783,-0.05076778225238906
22784,-0.040956599610422986
22785,-0.03255781593827393
22786,-0.033829799272990166
22787,-0.03370771482927008
22788,-0.034296257161706055
22789,-0.029738436539959823
22790,-0.03272929283660189
22791,-0.03187785827714303
22792,-0.025054984927912284
22793,-0.02896467554876971
22794,-0.026407183496048748
22795,-0.029120515344010004
22796,-0.033859761057984605
22797,-0.03935837844052982
22798,-0.03384389655608501
22799,-0.03247695365797902
22800,-0.04589064670041043
22801,-0.03717138735263624
22802,-0.038391818828159015
22803,-0.03408505015774274
22804,-0.03230224301546217
22805,-0.03300079208096043
22806,-0.029981185845115325
22807,-0.025366726913964265
22808,-0.026147868324043182
22809,-0.032970088200571415
22810,-0.031985771562209976
22811,-0.028963232887883387
22812,-0.033678922287786156
22813,-0.018121912895202267
22814,-0.010979544965109044
22815,-0.0024007017612213064
22816,0.010548425861679245
22817,0.0077920878864361385
22818,-0.0020021422145113134
22819,0.005781191325233084
22820,-0.00046588221965713155
22821,0.0064193731172761765
22822,0.0012811238105232357
22823,0.016977046839189654
22824,0.004457206860645738
22825,0.004554215833219378
22826,0.0006572844429698846
22827,0.00027467815039877995
22828,0.0039301869538768625
22829,0.00392849682918231
22830,0.007174547809489188
22831,0.004030230693620899
22832,0.01644951642109477
22833,0.025749972642998952
22834,0.024702785309230077
22835,0.024497383422215996
22836,0.032421603731792044
22837,0.043656240962337466
22838,0.04227459568704198
22839,0.03764717538091142
22840,0.0440246154058926
22841,0.038320400858983486
22842,0.0352829614991017
22843,0.03382609297612979
22844,0.028678440694257807
22845,0.02859828832982311
22846,0.020983251562562914
22847,0.02083856547290171
22848,0.02236599461344035
22849,0.025582814576835512
22850,0.02920114742673352
22851,0.02815689279675923
22852,0.03507350371181489
22853,0.03450039727556228
22854,0.03223684437310186
22855,0.026276568188644964
22856,0.028569615302219898
22857,0.036395368501233434
22858,0.03660944459574928
22859,0.03443858069107285
22860,0.04159416392703176
22861,0.031040593350623796
22862,0.030374300800880695
22863,0.020304779786893115
22864,0.01870481799776296
22865,0.019321571859841256
22866,0.021938368919957454
22867,0.01601510201971436
22868,0.01369149786528284
22869,0.007513029180967299
22870,0.003650696198622737
22871,0.009667732494205694
22872,-0.00730566521534581
22873,-0.005715883355856454
22874,-0.00952778147540023
22875,-0.011565286703532055
22876,-0.01927066954890608
22877,-0.018179363870421072
22878,-0.025880448027225895
22879,-0.022739790894922104
22880,-0.021425888520579865
22881,-0.021268311192515568
22882,-0.00934362650074478
22883,-0.010656954261010938
22884,-0.002359098514931774
22885,-0.00036563721947759195
22886,0.004580800976671337
22887,0.006255797452727159
22888,0.006186804780974399
22889,0.007052500363343577
22890,0.004218108966750639
22891,0.003465928391686209
22892,0.0027421272913272397
22893,0.00021504373850905902
22894,0.0025310333350587926
22895,0.006933578228916929
22896,0.005277583350945694
22897,0.0007599863569383846
22898,-0.0033104030395543255
22899,-0.008718770368360058
22900,-0.011402023627400297
22901,-0.005548158627643496
22902,-0.006162698691725819
22903,-0.008869698263770006
22904,-0.012222847020255397
22905,-0.01224501126343385
22906,-0.010576491631716665
22907,-0.003708485304671654
22908,-0.0012102464000391625
22909,0.002476434002194347
22910,0.010059165279512105
22911,0.005418580679826138
22912,0.00960834812478581
22913,0.006755915048590415
22914,0.009690961594074258
22915,0.012167937473556977
22916,0.01402738432880479
22917,-6.986104916764751e-05
22918,0.002756501942331019
22919,0.00500985621865139
22920,0.0028492615694318386
22921,0.0015772532914385283
22922,-0.007444532740520195
22923,-0.012169292784312967
22924,-0.017493264164743824
22925,-0.02305441837410776
22926,-0.02185015053246721
22927,-0.021360073501567857
22928,-0.026875460386485722
22929,-0.022589077833528846
22930,-0.02614925336822004
22931,-0.02687675179469655
22932,-0.02766894943741071
22933,-0.02371131189258009
22934,-0.023452396384832843
22935,-0.025863216459309873
22936,-0.025037104349874047
22937,-0.02720290475414056
22938,-0.016114095202815343
22939,-0.010396338307653828
22940,-0.011525105236363744
22941,-0.01631244816254996
22942,-0.015373644581472027
22943,-0.01276107414642945
22944,-0.005201717453176137
22945,-0.004629236698672931
22946,-0.002105372591662224
22947,-0.014808778094395606
22948,-0.016381967593025088
22949,-0.014431393171933751
22950,-0.018046576530687496
22951,-0.019950947578349153
22952,-0.022759569721013822
22953,-0.027704598332735895
22954,-0.031088729550329264
22955,-0.030581422144295944
22956,-0.03253558601314476
22957,-0.02189598248544982
22958,-0.01569596236412578
22959,-0.02226451683416399
22960,-0.021151967387471236
22961,-0.025047217766595423
22962,-0.02224746461724688
22963,-0.017612176515304837
22964,-0.015685298780145775
22965,-0.02072083460744103
22966,-0.022546072576052734
22967,-0.020888597176547518
22968,-0.017830852655561204
22969,-0.023113976628478992
22970,-0.012607946546462717
22971,-0.010616845023345005
22972,-0.0068593680392032156
22973,-0.011110413355682951
22974,-0.009327169228442764
22975,-0.00584599471056291
22976,-0.0072305815742801215
22977,-0.003464647687531841
22978,-0.010157724270576273
22979,-0.012273491452435559
22980,-0.011724818726075717
22981,-0.009633400100690163
22982,-0.009954699725926164
22983,-0.003836035365143674
22984,-0.006678360657499847
22985,-0.010954655029586794
22986,-0.014429408218562381
22987,-0.0086264677969943
22988,-0.00876076312200712
22989,-0.006266787808892838
22990,-0.006368966607474865
22991,-0.008333800967123417
22992,-0.004130120821444858
22993,-0.0019388330901013446
22994,0.0025755824049279443
22995,0.000653775130462573
22996,0.0005896898557059353
22997,0.0010914497767385662
22998,0.004820375626305783
22999,0.01087094580964262
23000,0.010644065206068051
23001,0.014324386398627946
23002,0.011933097949813936
23003,0.013950219001578675
23004,0.012722863150912415
23005,0.022735961924532252
23006,0.02041256778229622
23007,0.009262910433307063
23008,0.008675655505596054
23009,0.008223360552692661
23010,-0.0030396342778281266
23011,-0.005801448168108587
23012,-0.0022053634186594037
23013,0.008113510995738331
23014,0.006460481770142187
23015,0.0024212449755867177
23016,0.002313261253620001
23017,-0.004042579893172032
23018,-0.00455326608121808
23019,-0.0010549431375317347
23020,0.0004320267804864617
23021,-0.00013496734563933792
23022,0.002237011962477344
23023,-0.004987232298157801
23024,-0.003146767515107384
23025,-0.0004804476641765012
23026,2.9426461130819113e-05
23027,-0.004000001143020642
23028,-0.0013880824554729765
23029,-0.005517983965042378
23030,-0.006320262561618175
23031,-0.004838243645250234
23032,-0.007002031265109342
23033,-0.008488389473792326
23034,-0.006120451395041345
23035,-0.005586396216912656
23036,-0.004869498079640488
23037,-0.004797428585128097
23038,-0.007693237625353557
23039,-0.008639334028475058
23040,-0.007652011161622972
23041,-0.00677388403581602
23042,-0.012309073780751039
23043,-0.012754093449485963
23044,-0.01428663211303984
23045,-0.009676534425339323
23046,-0.005802962652157504
23047,0.0020796566828398685
23048,0.005957311456725042
23049,0.006538350210401189
23050,0.0069500080461938505
23051,0.008449634071306094
23052,0.007332289713463289
23053,0.0034469126146512022
23054,0.003914240222595691
23055,0.003144195004210749
23056,0.003269222786654607
23057,0.004742822834019289
23058,0.0061177812440024815
23059,0.004386831805363709
23060,0.015803685381274944
23061,0.01370576356834192
23062,0.013722136257913608
23063,0.013941488036195344
23064,0.01071278592425632
23065,0.01080341587410391
23066,0.014353405398425471
23067,0.018754836105340348
23068,0.017468093168892054
23069,0.01697451787554581
23070,0.017935947185810323
23071,0.02037352515803827
23072,0.020260258822515545
23073,0.02459164723499682
23074,0.02117070908490041
23075,0.017935367862883612
23076,0.020857608915528864
23077,0.02022545249520845
23078,0.018569824529619947
23079,0.011905291026986922
23080,0.01022243866107107
23081,0.012440714858517615
23082,0.020257067720310783
23083,0.020166288023939875
23084,0.02216233691885686
23085,0.016913888494984857
23086,0.015756411542927628
23087,0.011735321960195028
23088,0.004108791025616792
23089,0.0026165106260119145
23090,-0.0005708022478096267
23091,-0.002244596677699489
23092,-0.008107168086834812
23093,-0.011371273558777912
23094,-0.011443346249469329
23095,-0.007054262548346283
23096,-0.00762767844022364
23097,-0.0012830442594434512
23098,-0.0025349579103756343
23099,-0.0038368006791485473
23100,-0.017974191745454202
23101,-0.018804184801892002
23102,-0.020348770724514895
23103,-0.023085062556786468
23104,-0.02133866969663556
23105,-0.013671737033380676
23106,-0.018002611392566228
23107,-0.0233537067384312
23108,-0.022508926550618775
23109,-0.019895856875627324
23110,-0.0197077882633293
23111,-0.0020329241966671667
23112,0.0017189053402630187
23113,-8.536131986573768e-05
23114,-0.0004897917023952332
23115,0.0013551185306119994
23116,-0.003240723954683886
23117,-0.0030479543315638674
23118,-0.004650056708008673
23119,0.0024129503028585235
23120,0.00531938574266242
23121,0.002322464426124991
23122,0.0006567465745979183
23123,0.0038073429707378374
23124,0.0024654267490620725
23125,0.002232278956960008
23126,0.0004705309858908211
23127,0.006066529216477277
23128,0.012641604799246114
23129,0.013261528739644911
23130,0.016419149102013385
23131,0.016992039228188146
23132,0.018121924274379832
23133,0.01794554562124437
23134,0.02197413604401776
23135,0.021152776759965346
23136,0.021543339851685134
23137,0.018449573021054468
23138,0.010330172734364956
23139,0.009292715365655898
23140,0.012513857642088209
23141,0.004648223794745151
23142,0.004593939711854954
23143,0.007364173940771804
23144,0.00690831522018524
23145,-0.0019365521350773085
23146,-0.0006435929234606662
23147,0.004147412949167248
23148,0.0032176916885178343
23149,0.0018743660105762024
23150,-0.001362675571359036
23151,-0.02143924606864422
23152,-0.022888966840033064
23153,-0.02303829119007207
23154,-0.020901748219738656
23155,-0.01890912876320749
23156,-0.016409982525532874
23157,-0.01759954886688045
23158,-0.014825121360836038
23159,-0.013172423736144447
23160,-0.01661667551407586
23161,-0.015884295990571406
23162,-0.014009769112932785
23163,-0.01901399165061114
23164,-0.017827147678887975
23165,-0.019510905016679493
23166,-0.017340236475210838
23167,-0.01860020363644563
23168,-0.019355225784208497
23169,-0.020630154049498053
23170,-0.020100764615662237
23171,-0.02098989280521305
23172,-0.028116988679023985
23173,-0.026656027475982873
23174,-0.03414461244316086
23175,-0.029894267003256127
23176,-0.029833669125010752
23177,-0.04030519549615941
23178,-0.031645880340114625
23179,-0.028403239516917377
23180,-0.03161100519491905
23181,-0.01978085326977757
23182,-0.019661111286440144
23183,-0.02020464706595795
23184,-0.020499860314925306
23185,-0.020247532993874797
23186,-0.020171723827585045
23187,-0.02120305726513981
23188,-0.018204767681592654
23189,-0.020159018738726758
23190,-0.018393436411057056
23191,-0.018125995743807664
23192,-0.025784515368130357
23193,-0.020072216403160828
23194,-0.022132971639979005
23195,-0.020010576105228804
23196,-0.01792110482374182
23197,-0.017234055621280723
23198,-0.019616087321135033
23199,-0.021706809396372255
23200,-0.02110295971498251
23201,-0.02219580001640387
23202,-0.02481959583055752
23203,-0.023458161521186592
23204,-0.023232089059732387
23205,-0.01934187693162395
23206,-0.02156668468747305
23207,-0.01973191413400158
23208,-0.01649954947437726
23209,-0.01376783953593824
23210,-0.016746245596065114
23211,-0.015164494380081276
23212,-0.008426948371130298
23213,-0.009036847708106603
23214,-0.006434801183530893
23215,-0.0073592999497833775
23216,-0.008162921894334018
23217,0.0024231718706734214
23218,0.002154523781962856
23219,6.646654478201367e-05
23220,0.003009487596916044
23221,-0.0013406539711242488
23222,0.004921595993656257
23223,0.006646970205981729
23224,0.0064733144887044285
23225,0.003097756572698865
23226,0.0027737544831868007
23227,0.004431578539717863
23228,0.0010929437876612638
23229,0.0038257292741511674
23230,0.005327215586058265
23231,0.0014749587231700871
23232,0.006518412833206471
23233,-0.000994674049919108
23234,-0.004473520961930182
23235,-0.005812144989344034
23236,-0.008545628794396062
23237,-0.005193684054975282
23238,-0.0028987246723858693
23239,-0.00230569659914138
23240,0.003311347540589699
23241,0.004537815618978274
23242,0.004214638429391331
23243,0.007012335418192814
23244,0.005886094406347377
23245,0.004805982653118061
23246,0.006956789148958297
23247,0.004852367864173536
23248,0.0021173780959718416
23249,-0.0005067355546798243
23250,-0.0010300282496952292
23251,-0.0021606607704114825
23252,-0.0021217898606228584
23253,-0.002046660583845395
23254,0.00011774878384839454
23255,-0.0005631705185056121
23256,0.004560254297798397
23257,0.0024614995659016786
23258,0.0007462627646170081
23259,0.0018588900707631815
23260,0.001939973858383739
23261,-0.0020089928579234426
23262,-0.007359780627748032
23263,-0.009577866862795732
23264,-0.012653296476133969
23265,-0.014317414775415547
23266,-0.01427234078598202
23267,-0.01640555240584688
23268,-0.014239780318056354
23269,-0.015459340888912078
23270,-0.01530319126742387
23271,-0.008466836659925531
23272,-0.0069942706942933116
23273,-0.011095594941050035
23274,-0.008216212457754482
23275,-0.01191564887349838
23276,-0.010751583249836537
23277,-0.014753807199735808
23278,-0.014956769990631455
23279,-0.011372861626710522
23280,-0.018258461831406687
23281,-0.018486196665617474
23282,-0.021139336571002573
23283,-0.0273941383456736
23284,-0.025720664818490363
23285,-0.025290668945977222
23286,-0.025929871820799665
23287,-0.026626160398528585
23288,-0.023748752657887878
23289,-0.02198320499843175
23290,-0.01931097390579941
23291,-0.023427272141254014
23292,-0.02442242560729277
23293,-0.02632423144140661
23294,-0.024495306711183332
23295,-0.029728590093140703
23296,-0.03351756521566957
23297,-0.03438513346065967
23298,-0.03276607644249018
23299,-0.032637818148662075
23300,-0.036818827144345034
23301,-0.0306420816041823
23302,-0.030312809701319474
23303,-0.030489617879619003
23304,-0.024381777361171555
23305,-0.018789987167365633
23306,-0.024590844008685626
23307,-0.020939107586762717
23308,-0.023517201247724395
23309,-0.017200456742659048
23310,-0.01744334719781343
23311,-0.020678909799906216
23312,-0.02036131721964415
23313,-0.016866801643835392
23314,-0.016326446948776278
23315,-0.010040268312430609
23316,-0.00432225407246396
23317,-0.002560398651060495
23318,0.0010151591334963913
23319,-0.0017503874988606541
23320,-0.0027115128784219607
23321,-0.0012047382802763168
23322,0.0013714783844378851
23323,0.005929907830235027
23324,0.0029717828811296233
23325,0.0026149064923435363
23326,0.002394228959849083
23327,0.011480948348603517
23328,0.010800622244804043
23329,0.01198713226456557
23330,0.017801410241590557
23331,0.022457279023170757
23332,0.024219980304611623
23333,0.024969078517226392
23334,0.021892259304938353
23335,0.02593737935515645
23336,0.026837284594765417
23337,0.03490190423764137
23338,0.03347094142970435
23339,0.03281364845730415
23340,0.037819917927664516
23341,0.03512259533846966
23342,0.03876160140191037
23343,0.03975857728197208
23344,0.037391363705283655
23345,0.036035141003988164
23346,0.04132252494407251
23347,0.03998095191876049
23348,0.041655705517228074
23349,0.03959727273467415
23350,0.040159918309814024
23351,0.04060964879846558
23352,0.03851055450108058
23353,0.039543424227689895
23354,0.04389216672500236
23355,0.04151113494300956
23356,0.03880938594726516
23357,0.03758149677746987
23358,0.037917014659621946
23359,0.03684251692415848
23360,0.03749197981074897
23361,0.04262591149354501
23362,0.043903222882873835
23363,0.03629490841825261
23364,0.03655771672537709
23365,0.036333632235628
23366,0.03733722434985247
23367,0.027892737767426755
23368,0.026262357179752897
23369,0.029683822644190696
23370,0.022322001094632955
23371,0.02229327586439639
23372,0.022286562213744143
23373,0.01944193144713089
23374,0.020689942889141288
23375,0.02060384763393136
23376,0.018733781894873278
23377,0.013857747918796555
23378,0.0063705122426201575
23379,0.0038484657471338783
23380,0.0030168748486737703
23381,0.004861476020892406
23382,0.0012291313449173393
23383,0.0023209213105474837
23384,0.005114111804121236
23385,0.007043037611639671
23386,0.007494045722781019
23387,0.01304825629518068
23388,0.010616900528019618
23389,0.006360357407533602
23390,0.005321661146886841
23391,0.002011836070167045
23392,0.005397058071949871
23393,0.0042378137796493685
23394,0.00036654123646764913
23395,-0.0002840030856083458
23396,-0.005295056757621674
23397,-0.00658388347781522
23398,-0.01020341714643407
23399,-0.010575427147439838
23400,-0.008418512274277708
23401,-0.017739659506398556
23402,-0.01428776645160811
23403,-0.0009675316388019812
23404,0.000999473915631141
23405,-0.0021430220381534804
23406,-0.002291319197393795
23407,-0.001753300033108204
23408,0.0020153034135263195
23409,-0.0047080137391813945
23410,-0.002253417300159177
23411,-0.003257720760886959
23412,0.00039853085859732737
23413,0.005402950092604736
23414,-0.016029226107996394
23415,-0.0178749213152889
23416,-0.014438043856746295
23417,-0.01665081122070028
23418,-0.006335704623478386
23419,-0.003469193064411123
23420,-0.0019725481701452752
23421,-0.001811904354277223
23422,-0.002729569031798698
23423,-0.004427456212745644
23424,-0.001160716173755782
23425,-0.0037701117488213825
23426,-0.0015329482527170664
23427,-0.004980893762525268
23428,-0.0038691844419816825
23429,-0.001510866159797222
23430,-0.003259152360830627
23431,0.0003465012492282217
23432,-0.0036738435624266894
23433,0.0014649844417726112
23434,0.0019422170193272846
23435,-0.0007042849831240077
23436,-0.0009205239522819676
23437,0.0008167022271221103
23438,0.006771250111946124
23439,0.00621652789349455
23440,0.005306639504280564
23441,0.0018794909816130174
23442,-0.008513984362731767
23443,-0.015744664934586705
23444,-0.016240264787426073
23445,-0.007357019991513322
23446,-0.0078984636493324
23447,-0.007959946472243986
23448,-0.01218640092776566
23449,-0.009595315841254205
23450,-0.012982241520386417
23451,-0.019845494798228894
23452,-0.02313196756809467
23453,-0.02596771178890078
23454,-0.007827487533882101
23455,-0.005998758574365103
23456,-0.008371257649519464
23457,-0.005856470331787556
23458,-0.008085301553772885
23459,-0.004394131489443396
23460,-0.003190474729903624
23461,-0.006455705987104357
23462,-0.004007985634259288
23463,-0.002379241945621161
23464,-0.008239728180612743
23465,-0.009469954480535404
23466,-0.010832664865137516
23467,-0.013375202391547603
23468,-0.01560947916995201
23469,-0.017684426625823327
23470,-0.017285054388317626
23471,-0.01778321801761138
23472,-0.017074473111908267
23473,-0.02020997435983356
23474,-0.023180897183529538
23475,-0.020994213100199274
23476,-0.019741743628648268
23477,-0.013849152110457383
23478,-0.019937610941230744
23479,-0.020079182750122576
23480,-0.02032626430229212
23481,-0.018175643511476953
23482,-0.011617971591812385
23483,-0.0129657151342875
23484,-0.0111648432880818
23485,-0.01729322193927154
23486,-0.014565862480608958
23487,-0.013091029606716806
23488,-0.012497521429098954
23489,-0.013187581817341478
23490,-0.005970049189287731
23491,0.002176605952053526
23492,0.003220165611872525
23493,0.003954089591105622
23494,0.005685925793140169
23495,0.00508235160921965
23496,0.006481594176290327
23497,0.009302246078064673
23498,0.014638516580023821
23499,0.009496362395403461
23500,0.006725485604969832
23501,0.006950363063550121
23502,0.0055189525822278394
23503,0.003766319156428731
23504,0.007178866353194296
23505,0.011084198967105574
23506,0.008741863048543332
23507,0.007464343266533616
23508,0.010064977628484026
23509,0.009491255873080048
23510,0.014451666090079961
23511,0.014208037295729668
23512,0.015346120882627599
23513,0.012534369717028843
23514,0.012517185940873591
23515,0.014589910953983536
23516,0.01875690841108459
23517,0.01926027505869264
23518,0.020198394503160477
23519,0.024091337808532298
23520,0.02457963784999274
23521,0.029132823775728466
23522,0.02887456487404932
23523,0.031531632920817176
23524,0.029126523659977675
23525,0.027026779263954005
23526,0.02411200789555733
23527,0.02352086911182928
23528,0.01346063311700262
23529,0.010847073352376153
23530,0.005805326695881472
23531,0.005878848575965365
23532,0.0047210948538544475
23533,0.005799747477634623
23534,0.004960139173548544
23535,0.008259080808747557
23536,0.006363432734214678
23537,-0.00041288010738379713
23538,-0.007093704399066771
23539,-0.005557522525523515
23540,-0.011896919754446613
23541,-0.009406596892496436
23542,-0.010444009483697834
23543,-0.012884248069198424
23544,-0.01829103652110292
23545,-0.01897460547411997
23546,-0.015493892716658497
23547,-0.013989645450105037
23548,-0.014058578672167085
23549,-0.014738921429872976
23550,-0.007131892559270594
23551,-0.00381670076008674
23552,-0.00034246097861930636
23553,0.00133127255912985
23554,0.0033163401542430954
23555,0.00022506220509708636
23556,-0.001411478848838658
23557,-0.00823095062149876
23558,-0.011269457240067015
23559,-0.01858575650873257
23560,-0.018967278929626026
23561,-0.017173381287730737
23562,-0.014438718420421917
23563,-0.01561880469632194
23564,-0.016432596699688204
23565,-0.013711188847231097
23566,-0.014068520023145115
23567,-0.017737986523251623
23568,-0.00994446600678161
23569,-0.005693495496146649
23570,-0.0008976830796797157
23571,8.306800150625734e-05
23572,-0.00030526026350245793
23573,0.00011775105968667037
23574,0.00023746233858987792
23575,-0.0016187924227481375
23576,0.0020558459226984066
23577,0.003992628185185639
23578,0.0044715662387680806
23579,0.0040170030015622814
23580,0.006645214146643748
23581,0.006370446590557304
23582,0.008695759672903133
23583,0.008188572130280295
23584,0.01012506986937012
23585,0.0029404207013423683
23586,0.003075277127725974
23587,0.0021807684972682726
23588,0.004338514521435216
23589,0.006615371024787069
23590,-0.004033399046342939
23591,-0.007671687132566527
23592,-0.014965063696608752
23593,-0.013912087656446312
23594,-0.017044339015943044
23595,-0.013880564560707843
23596,-0.014279629163439932
23597,-0.014523271773941741
23598,-0.014357091855336011
23599,-0.009910875254902302
23600,-0.0073566411281842025
23601,-0.00946364586825537
23602,-0.011398137076790346
23603,-0.004640112046353901
23604,-0.004847255364350366
23605,-0.004012104920207468
23606,-0.00986953286742863
23607,-0.0025769533350229997
23608,-0.0009618586936269518
23609,-0.004383383532429689
23610,-0.0075010315559832655
23611,-0.00848855316012512
23612,-0.01341836223313631
23613,-0.010413038986457663
23614,-0.010011007003767659
23615,-0.011919339450268358
23616,-0.01957321722345565
23617,-0.018649237396700574
23618,-0.019689991336065953
23619,-0.01726802043502367
23620,-0.012434775228780618
23621,-0.011409074850082305
23622,-0.019416413331286738
23623,-0.015972123811408816
23624,-0.01652825053446798
23625,-0.009735321320147304
23626,-0.011698021693153727
23627,-0.01331624800241549
23628,-0.017098061112784557
23629,-0.017938506946115783
23630,-0.017683169862799743
23631,-0.014979779927088979
23632,-0.010512541717722982
23633,-0.009286242147684642
23634,-0.006968622556321615
23635,-0.009491412152337253
23636,-0.007428675116015071
23637,-0.00821847386527665
23638,-0.0060314664396089535
23639,-0.007418630397150353
23640,-0.008571950415998333
23641,-0.0060122310172104725
23642,-0.004679005201909407
23643,-0.011811272809106762
23644,-0.009961319595957769
23645,-0.006705277606876047
23646,-0.0017593208897449537
23647,-0.005833467972915464
23648,-0.0030598815110961576
23649,0.002551229939534058
23650,-0.001843196300553086
23651,-0.00024955299444492094
23652,0.01015228726224041
23653,0.007412152053810276
23654,0.00719420009598161
23655,0.008718351331774453
23656,0.012524721013112984
23657,0.02036508858898029
23658,0.02265011449234193
23659,0.020400048863102628
23660,0.021485298737013093
23661,0.02108959297650619
23662,0.027180040989082506
23663,0.02033392276983381
23664,0.02023462881200379
23665,0.01978531913480977
23666,0.012090504873873077
23667,0.013785258783348055
23668,0.014784671756546814
23669,0.012623260367857917
23670,0.014927295168737306
23671,0.013173026753263631
23672,0.01025128726141846
23673,0.008668725673810896
23674,0.009879066141737853
23675,0.007461988234382607
23676,0.005331494934560371
23677,0.004863879726493399
23678,0.005627562542839086
23679,0.00711271215349527
23680,0.006276439527551258
23681,0.00021285122678886862
23682,-0.0013547417293936334
23683,-0.00043559947858536356
23684,-0.0026378495832696364
23685,-0.005461871802854437
23686,-0.004836240801817522
23687,-0.004934857866874378
23688,-0.009524527817165885
23689,-0.01325988655273781
23690,-0.010235094648188642
23691,-0.01376029993819894
23692,-0.018759149119798823
23693,-0.021929315550795168
23694,-0.018080502021018314
23695,-0.013241526507758923
23696,-0.01480327139077398
23697,-0.02162966949086305
23698,-0.021370505762245442
23699,-0.023092897816673112
23700,-0.02314534515525333
23701,-0.024598687231727805
23702,-0.025105577095397864
23703,-0.017984787015889465
23704,-0.017917091106874967
23705,-0.017020577150519658
23706,-0.010351888288348664
23707,-0.009384826783567642
23708,-0.010098429784622387
23709,0.00013694574970860417
23710,-0.002056317487177124
23711,-8.833313604721246e-07
23712,0.006195122455031993
23713,0.005393854995070412
23714,0.005709586528562646
23715,0.008185284236812635
23716,0.005652439333987532
23717,0.008005115702242112
23718,0.005203845868505271
23719,0.005317474603007113
23720,0.0036612182667553044
23721,0.0028878684889027846
23722,0.007164472807731016
23723,0.009743999738941736
23724,0.01109453469966833
23725,0.008773220787975813
23726,0.008843943511382305
23727,0.009510359185542439
23728,0.011628633297243215
23729,0.011849229072497334
23730,0.012126872056857151
23731,0.011161651212485529
23732,0.013313382477511338
23733,0.015603176885121084
23734,0.01235952144276136
23735,0.00798355879933722
23736,0.009217536594938363
23737,0.009486420033209304
23738,0.007699381567909716
23739,0.009194778015697128
23740,0.005393405914601071
23741,0.004593084441999421
23742,0.009021763194688967
23743,0.0078069715156898045
23744,0.004704575031346092
23745,0.005222298916394533
23746,0.005760199796338493
23747,0.005161087404639799
23748,0.005805247403131007
23749,-0.0023563837933913622
23750,-0.0003295117444240209
23751,-0.0033563676911259398
23752,-0.006887522952300018
23753,-0.007264270759556498
23754,-0.010371181441544097
23755,-0.010866280349152749
23756,-0.012636231063852704
23757,-0.015389838346398451
23758,-0.013695013015775736
23759,-0.012776345019233425
23760,-0.009382070514932454
23761,-0.0058227337875706095
23762,-0.01320827589782788
23763,-0.014417371944575062
23764,-0.01316988472050486
23765,-0.014090729402463172
23766,-0.007633886673096207
23767,-0.009655496588146026
23768,-0.009810191249479877
23769,-0.007351799348258251
23770,-0.007754148988690926
23771,-0.0055276244128244926
23772,-0.006680231583713882
23773,-0.005815777407756029
23774,-0.007048996350740866
23775,-0.006806236551553845
23776,-0.007126236611647289
23777,-0.006131675390128685
23778,-0.008173725543334192
23779,-0.007642656936630005
23780,-0.005157999551606725
23781,-0.0058742548149846975
23782,-0.009945680152580924
23783,-0.007092064837189528
23784,-0.009893260198007205
23785,-0.012379409488753297
23786,-0.011035535957058085
23787,-0.009485130517773763
23788,-0.008815340094453596
23789,-0.03773025679433902
23790,-0.03460157987598362
23791,-0.03334168431402202
23792,-0.03768060989208292
23793,-0.038172195612323274
23794,-0.03543333932199994
23795,-0.03115671946167778
23796,-0.025870300957527334
23797,-0.023142056855165738
23798,-0.030908404679608054
23799,-0.038452524146737936
23800,-0.040287286979988374
23801,-0.04276249790880429
23802,-0.04539351967262491
23803,-0.047113753134438316
23804,-0.04324782871424843
23805,-0.04512222554370366
23806,-0.05046431261471357
23807,-0.058190093658861776
23808,-0.052459994833253615
23809,-0.053398053937589805
23810,-0.049964468999720915
23811,-0.05085878847027263
23812,-0.0521169340813821
23813,-0.04886899553494779
23814,-0.048443018341451954
23815,-0.0497909567097184
23816,-0.033445574094456976
23817,-0.0337117465985876
23818,-0.03385860306643957
23819,-0.03460054487690671
23820,-0.03576320258055387
23821,-0.0338569124368453
23822,-0.03586933176744685
23823,-0.03760842134251945
23824,-0.030852677984731312
23825,-0.034616538717097724
23826,-0.04017913188827383
23827,-0.03952595252000825
23828,-0.03364658028789345
23829,-0.0051482757518302525
23830,-0.011008741885580573
23831,-0.013343618657349659
23832,-0.007852196546727502
23833,-0.0060772913417196
23834,-0.0010871302466251343
23835,-0.0078146360012724
23836,-0.011606078778750825
23837,-0.010350148447615056
23838,-0.00423088258185655
23839,0.002016856485113503
23840,0.004507126597533126
23841,0.009611374802568348
23842,0.015564948295624175
23843,0.01114428159519886
23844,0.004717631915708032
23845,0.00960891962687839
23846,0.008890938384841006
23847,0.01791837531485749
23848,0.011957614819833432
23849,0.010077943020403112
23850,0.006323629594324529
23851,0.007534113721045104
23852,0.002765642698075643
23853,-0.004322867470966879
23854,-0.005200137399725719
23855,-0.00450397695558569
23856,-0.01928945835760057
23857,-0.02019640705648882
23858,-0.01686920098160828
23859,-0.017469625432895028
23860,-0.016817192248830652
23861,-0.014942373749594413
23862,-0.011839833043976152
23863,-0.009983983935832183
23864,-0.012659550337407273
23865,-0.012694289599502242
23866,-0.007817692032201324
23867,-0.011136122638485782
23868,-0.017892711085268964
23869,-0.01817679011735341
23870,-0.014102716261842122
23871,-0.013805339997695319
23872,-0.01737888935696133
23873,-0.01714365773426976
23874,-0.022707811087011896
23875,-0.019971271239919167
23876,-0.018814827074281174
23877,-0.019819685406614006
23878,-0.016639536539785862
23879,-0.00988687598889626
23880,-0.01242206701195553
23881,-0.01341721247246328
23882,-0.012627514647670665
23883,-0.008620953697450091
23884,-0.006668772420779305
23885,-0.00896353221038264
23886,-0.009313632133826953
23887,-0.009365194243819762
23888,-0.012597013853061022
23889,-0.012457949809983953
23890,-0.012523460371925291
23891,-0.013500048981737879
23892,-0.014007452495402549
23893,-0.010386793175286126
23894,-0.005976763500545208
23895,-0.008224563177636314
23896,-0.008912999176088189
23897,-0.0014122620110272825
23898,0.00019667601893979438
23899,0.004672616270586605
23900,0.009918581751488263
23901,0.009612451747104768
23902,0.008193350712316624
23903,0.00561294156635368
23904,0.006273436034394323
23905,0.012270549081411718
23906,0.009649878042541098
23907,0.01002321028810254
23908,0.007923372896194708
23909,0.0063879343633293385
23910,0.002838694144264548
23911,0.004965845286750065
23912,0.007116618874196278
23913,0.008719928581610453
23914,0.008800185631621358
23915,0.012621165105708975
23916,0.01301231526628535
23917,0.013224824213086612
23918,0.006593760809347328
23919,-0.001387938483669375
23920,1.8122123112953544e-05
23921,0.01586036410682929
23922,0.021504122080836113
23923,0.022417469110990667
23924,0.014129834077427683
23925,0.009247260389038194
23926,0.013410670083387357
23927,0.013223275416673428
23928,0.013868903873294654
23929,0.014321786140921526
23930,0.011861138018859987
23931,0.015420730356410508
23932,0.020424967948788866
23933,0.015527356859152993
23934,0.011346089587718133
23935,0.01211262717879952
23936,0.0137748292574623
23937,0.004296943734583792
23938,0.0027716799706888388
23939,-0.0006943758362195741
23940,-0.006875035857549738
23941,-0.00880031548651222
23942,-0.010706543283286232
23943,-0.009904489107942473
23944,-0.009608640828348114
23945,-0.006950977577151577
23946,-0.003403808447873798
23947,-0.0031629731075698024
23948,-0.0006251541037637699
23949,0.0023603351125489505
23950,0.0012948192848670655
23951,-0.0019749602913902357
23952,-0.0008757511629019476
23953,-0.003274577895460526
23954,0.008371684829660704
23955,0.004612845881818496
23956,0.003975109279780243
23957,0.0015708839256143143
23958,0.004878593831392574
23959,0.0030960971794379622
23960,0.0024736249775822064
23961,-0.010840499020074005
23962,-0.018065367882494538
23963,-0.020932724092777914
23964,-0.01278614039368633
23965,-0.006511604306334326
23966,-0.009013680140354674
23967,-0.011962346465729183
23968,-0.010107584291994324
23969,-0.012906279437036197
23970,-0.010369252217030233
23971,-0.01304029195200815
23972,-0.01865451158621394
23973,-0.016288331775620966
23974,-0.014860309170163169
23975,-0.008690071268621329
23976,-0.011822864527175668
23977,-0.01036780518402725
23978,-0.010661706022605993
23979,-0.014326618968447224
23980,-0.01426962811594822
23981,-0.012029470328555683
23982,-0.009638775991277193
23983,-0.010104925173438936
23984,-0.005108386429544952
23985,-0.0030943637304351153
23986,-0.002372617634232643
23987,0.0026784169800021028
23988,0.00502809644076353
23989,0.004407251640123414
23990,0.008505658991884015
23991,0.00959715198267345
23992,0.008836510479279355
23993,0.008153091586604199
23994,-0.003076177406205932
23995,-0.0042431505725730205
23996,-0.007716687805380765
23997,-0.003407075833933932
23998,-0.0014017147322611103
23999,0.001713429133281615
24000,0.009894083901956124
24001,0.006289489905994742
24002,0.011567920762401311
24003,0.01437541112908904
24004,0.01419227788974463
24005,0.015467311112010697
24006,0.016211157138103855
24007,0.020804162706959166
24008,0.017477561260056916
24009,0.020695652991477118
24010,0.020970533295842815
24011,0.02138547794348222
24012,0.026118887493352626
24013,0.02921384905535105
24014,0.03020339267002465
24015,0.02484981597445496
24016,0.026310479142485407
24017,0.022983487096320993
24018,0.024203004365281996
24019,0.028510298461748677
24020,0.026303109672477468
24021,0.023668801776195313
24022,0.02183841883879712
24023,0.0196024026366178
24024,0.015042756460848744
24025,0.010442927853560307
24026,0.00989326282559587
24027,0.00416010632732271
24028,0.0032115153411617563
24029,-0.0015732129512232716
24030,-0.007739248017514228
24031,-0.006794287017061711
24032,-0.007127475011511784
24033,-0.004125536259176505
24034,-0.004284358459232848
24035,-0.004047377410716702
24036,-0.0017072626172164134
24037,-0.004201105783283958
24038,-0.0005822497795568257
24039,-0.0016065866318552824
24040,-0.00937989548883598
24041,-0.010138981044446499
24042,-0.01546575549634638
24043,-0.016006498366034707
24044,-0.014994343583724706
24045,-0.016734770736063713
24046,-0.017985361414767163
24047,-0.01811550293366251
24048,-0.013494575357611806
24049,-0.01650981269944495
24050,-0.015246963348952779
24051,-0.014194358483151625
24052,-0.012894246156286288
24053,-0.012185377731042536
24054,-0.011881062956562645
24055,-0.0114610710172203
24056,-0.014032370123048137
24057,-0.008884238221994451
24058,-0.011065897578529089
24059,-0.013955056608393978
24060,-0.009146132548082667
24061,-0.00881705854108161
24062,-0.008510876555633106
24063,-0.004235079125684205
24064,-0.0036889061744982982
24065,-0.006046444730175888
24066,-0.0068769475034800515
24067,-0.007970042563748655
24068,-0.008342414080847663
24069,-0.006611994981429206
24070,-0.00472531641462489
24071,-0.006640264261405727
24072,-0.008125236766157586
24073,-0.010237328967401448
24074,-0.016392394781896736
24075,-0.02240862088982815
24076,-0.01916153898294286
24077,-0.020182305897929968
24078,-0.023904821390725788
24079,-0.0221884363984464
24080,-0.02286597286153344
24081,-0.02270778480880394
24082,-0.02188959012007097
24083,-0.027757788147398425
24084,-0.030691679786635895
24085,-0.030486608617432326
24086,-0.030558802724211645
24087,-0.029982290205005906
24088,-0.031061597360179768
24089,-0.02959525531823899
24090,-0.032142725749536555
24091,-0.032997668983150305
24092,-0.03331687056213624
24093,-0.036981888307028296
24094,-0.040232094382896204
24095,-0.04019132578239368
24096,-0.0344246036066923
24097,-0.03624450593666441
24098,-0.03868507156637136
24099,-0.038469794235396336
24100,-0.040330843378973774
24101,-0.03311587346932537
24102,-0.02978434244131518
24103,-0.0372045885078137
24104,-0.030281088592589607
24105,-0.029513597598893746
24106,-0.029777416825535856
24107,-0.03202813489117273
24108,-0.031950245962138545
24109,-0.029047913273395638
24110,-0.03541033596623597
24111,-0.029394297327113742
24112,-0.028642164848541363
24113,-0.02869927446309124
24114,-0.023465080856958514
24115,-0.017094336345793115
24116,-0.028642045763962544
24117,-0.02678443945845329
24118,-0.02183692228523447
24119,-0.026517105872432504
24120,-0.026029200631671672
24121,-0.025534374522245735
24122,-0.01663481577501727
24123,-0.009421775777285394
24124,-0.007416301055470959
24125,-0.009984284443529456
24126,-0.012084032283283674
24127,-0.011120432851498224
24128,-0.010799848084964486
24129,-0.003987729567912847
24130,-0.0021074075601232607
24131,-0.004610819403508051
24132,-0.004589124232998284
24133,-0.002331243965213813
24134,-0.0015170584143519908
24135,-0.006762933536408962
24136,-0.014317726716939948
24137,-0.01232565891917717
24138,-0.0038557333077880247
24139,-0.0014315788380718877
24140,0.001652257831426251
24141,0.0014557096004338224
24142,-0.0010830591920146695
24143,0.0013798035299434918
24144,-0.003451260218792821
24145,-0.0059041365911219265
24146,-0.0047772337994352885
24147,-0.0013454242817755443
24148,-0.002326391801808062
24149,-0.0019232685825385381
24150,0.001117907381373471
24151,-0.003327584911234215
24152,0.00034262394186097757
24153,0.0034440078770208177
24154,0.0044601396926138535
24155,0.007389292963216912
24156,0.014869525276127574
24157,0.013826126794948518
24158,0.002266666797047329
24159,0.00768064593112691
24160,0.007588712845358055
24161,0.01166337934707337
24162,0.005789568843316396
24163,0.003974105720811893
24164,0.0015741188145140027
24165,0.004451232391505635
24166,0.006157605789478109
24167,0.005516654265188042
24168,0.008559584805567583
24169,0.0029603764991650103
24170,0.005133409905137491
24171,0.003993825488850386
24172,0.006254267730295633
24173,0.00620247678279122
24174,0.007169101028753846
24175,0.011848814158151174
24176,0.012101264780092809
24177,0.009348509428480924
24178,0.004622112195137754
24179,0.004342485783915526
24180,0.002507354030157626
24181,-0.007780811728100202
24182,-0.006809939150293173
24183,-0.005292074608179156
24184,-0.007915362445451312
24185,-0.01046286212471056
24186,-0.009639721230730411
24187,-0.008003544339001877
24188,-0.009867367828694027
24189,-0.0038704302618074015
24190,0.0014821701359922777
24191,0.0018918078318438977
24192,-0.0006156693686991395
24193,-0.003868441326108539
24194,-0.006385486373438657
24195,-0.0030575242082212274
24196,0.00013083571718155486
24197,0.0007419588553613151
24198,0.007508549072407413
24199,0.006552305879532409
24200,0.007853197322141594
24201,0.004943090357412508
24202,0.001701118813999774
24203,-0.0006224733219951237
24204,0.0008447510170037869
24205,-7.990817353850332e-05
24206,9.80715190599694e-05
24207,-0.0030437204805324435
24208,-0.005437348591274803
24209,-0.005154498068472106
24210,-0.006675128338206536
24211,-0.0031603727222483825
24212,-0.003278792915363135
24213,-0.0027157155389305665
24214,-0.002149094388354172
24215,-0.004971162431525945
24216,-0.0001886129455657331
24217,0.00364267858471075
24218,0.0038693420372239904
24219,0.004121177767769733
24220,0.0030338197358297063
24221,0.008203698149304123
24222,0.006278385628363616
24223,0.007316938596007188
24224,0.00738593875973241
24225,0.011268328919953404
24226,0.009549350591345014
24227,0.010758251165604958
24228,0.013996406990037534
24229,0.006812627757046123
24230,0.0072472176699995595
24231,0.009158640340576573
24232,0.009065318017283028
24233,0.013942970073221686
24234,0.01684478186119705
24235,0.006732758827003289
24236,0.00534192106308687
24237,0.005663691563626888
24238,0.005765686900153947
24239,0.006029392684169056
24240,0.006318190521811589
24241,0.005994154684371069
24242,0.0016453918075146016
24243,0.006467799345009989
24244,0.0066368109920990175
24245,0.008125078256413235
24246,0.00789964675060711
24247,0.009134728987157588
24248,0.009594501255293233
24249,0.011602919991583057
24250,0.009969723854653821
24251,0.002516723197302
24252,0.003995249067414927
24253,0.0015863845753615316
24254,0.001735874898358966
24255,0.0025474741105425774
24256,0.0015017585660644193
24257,-0.004370557829336969
24258,-0.005245758840701504
24259,-0.005384388848827842
24260,-0.005373133366313827
24261,-0.0038893311141665826
24262,-0.0027185834505266304
24263,-0.003128932914982417
24264,-0.0015187663697680365
24265,0.0010430799446964987
24266,-0.0029835756405371125
24267,-0.00286888563709096
24268,-0.004283666468020608
24269,-0.003024316652977859
24270,-0.005652375526259831
24271,-0.009579216497814512
24272,-0.0055164772948181375
24273,-0.007249954167875746
24274,-0.007302664764154772
24275,-0.0004256530320630192
24276,0.0026011846699746963
24277,0.001849983775732194
24278,0.002354738441738915
24279,0.0020628789898501335
24280,-0.001289339262478751
24281,-0.00029142101369688666
24282,0.004663666917878675
24283,0.0029391758874532147
24284,0.011431709906903412
24285,0.00919665947134611
24286,0.010289009322819271
24287,0.003632765035262857
24288,0.0018769934234666072
24289,0.0008787503696128041
24290,0.0026202908794989354
24291,0.006951742498531967
24292,0.003974208460506821
24293,0.00458350254698073
24294,0.0031783172781373616
24295,0.0053506810353530524
24296,0.005734830840230047
24297,0.008275268371775465
24298,0.011609689054637726
24299,0.013116757281031233
24300,0.01660114322819893
24301,0.012804865842562727
24302,0.01869017912108007
24303,0.014727352473558499
24304,0.013976343257130958
24305,0.016405985538594788
24306,0.02385257925730588
24307,0.021595530098861004
24308,0.02964492347589106
24309,0.031914353815699056
24310,0.03335007563160641
24311,0.03558834936331734
24312,0.030712483477185228
24313,0.028260546583058193
24314,0.02460012076446353
24315,0.02127821634245935
24316,0.02079810954826827
24317,0.024551597053564786
24318,0.027553629599555932
24319,0.027431995499823364
24320,0.032426487356662564
24321,0.031905808336429954
24322,0.03087315018828693
24323,0.02943947229382478
24324,0.021110016303489538
24325,0.021704398375612482
24326,0.020010253192839746
24327,0.0251120048671191
24328,0.02545585163804379
24329,0.023625496301042603
24330,0.02585472514307687
24331,0.028302234223421114
24332,0.021795309688536452
24333,0.022621879849875612
24334,0.023132217789349353
24335,0.021566009248808544
24336,0.024131748068475622
24337,0.02461691542288556
24338,0.02123351520653776
24339,0.018833650265189978
24340,0.015253679232563697
24341,0.01666198573660574
24342,0.011686802568813635
24343,0.01805783655065126
24344,0.016673129366700064
24345,0.013324723014094335
24346,0.010128050317887554
24347,0.01425415648606863
24348,0.003607016212092559
24349,0.0003905574667572951
24350,-0.0009536399450177474
24351,-0.0013980556965834414
24352,-0.00038307005887421687
24353,0.001896528703684671
24354,0.0037755785541101206
24355,0.0046885419135004585
24356,0.011815691783670913
24357,0.006981323934431221
24358,0.0037607069842457755
24359,0.0044286353091118405
24360,0.006998203692899162
24361,0.005947560022736047
24362,0.009897337023767503
24363,0.014165656781822623
24364,0.015628189553450057
24365,0.016879558493921767
24366,0.022354435365263967
24367,0.024071940150610024
24368,0.024266355469889048
24369,0.02355155191424095
24370,0.01990377414750352
24371,0.020843162736929464
24372,0.026090094786492216
24373,0.02663985240662174
24374,0.022311627753832306
24375,0.027178579481822902
24376,0.024040679167740563
24377,0.023142703732918553
24378,0.025139203358372015
24379,0.025720267609793433
24380,0.027454553217566836
24381,0.0280931307729719
24382,0.027299665135724356
24383,0.023171555867040432
24384,0.024097268366675202
24385,0.024711139406920088
24386,0.026932657863764805
24387,0.020152981350734858
24388,0.01988406363351182
24389,0.0195484263422872
24390,0.022729581088807987
24391,0.02363985175742273
24392,0.018411970666035286
24393,0.016786496474241314
24394,0.018503619769442523
24395,0.02178349870295674
24396,0.009956367591945826
24397,0.012716931367261146
24398,0.009758774857154257
24399,0.00976227357633887
24400,0.004362994207355536
24401,0.015451723201500985
24402,0.010817646270101624
24403,0.00791460264891517
24404,0.0053470774753289685
24405,0.005779216247552796
24406,-0.0013056843596447544
24407,0.002140410436886453
24408,0.0037737217778584724
24409,0.005343719474105487
24410,0.015885896205023987
24411,0.017615240224322707
24412,0.018441691987533353
24413,0.01802357502178741
24414,0.020698343249135862
24415,0.011580690756696635
24416,0.011565830313594212
24417,0.013156790883232754
24418,0.013032693496710131
24419,0.02838016750947674
24420,0.03179226782419729
24421,0.03137372476094932
24422,0.03773329338971799
24423,0.03879738977805781
24424,0.04172634285176136
24425,0.0380498925562323
24426,0.03568946351594297
24427,0.039526248066451365
24428,0.04067312955021044
24429,0.04304819903462515
24430,0.04113360006203844
24431,0.0431927890916617
24432,0.05062929810466917
24433,0.04723966603461795
24434,0.060542396780291996
24435,0.06582841665100743
24436,0.06892886448041007
24437,0.0575286266417487
24438,0.06676643889985741
24439,0.06548555761132664
24440,0.05926320245099516
24441,0.03879836538014458
24442,0.042872007058322344
24443,0.03984987070306014
24444,0.048721676925332094
24445,0.04672615053319718
24446,0.04667393402129068
24447,0.041280310826765206
24448,0.039420301121058515
24449,0.04027237389518473
24450,0.03442618961861126
24451,0.0331273894916778
24452,0.03666668865107099
24453,0.03807344430426601
24454,0.03968000913572722
24455,0.050917916447539395
24456,0.05088404617693253
24457,0.05100148351138581
24458,0.049204708211902794
24459,0.03575528133708389
24460,0.03283649627557291
24461,0.029983167552055892
24462,0.031122910641390288
24463,0.03302438317904466
24464,0.020642574124032666
24465,0.0014677501449192575
24466,0.0040944482167876205
24467,0.006400117746624039
24468,0.012415863587143952
24469,0.003983810397474335
24470,0.0010736926459855272
24471,7.758754461274085e-05
24472,-0.003391339671493436
24473,0.0027363382130483
24474,-0.008809385695225954
24475,-0.016978444827028812
24476,-0.015978895982126352
24477,0.001696139875581722
24478,0.0028761503160307103
24479,0.007656138982956989
24480,0.015294518512074275
24481,0.02509757274182835
24482,0.03011217638286304
24483,0.037959844199473805
24484,0.031165644385717523
24485,0.023077379318686062
24486,0.02940263166411677
24487,0.02899123587358323
24488,0.022488443775384857
24489,0.0162725696263069
24490,0.012305642491667613
24491,0.003344841654667831
24492,-0.0021356232072405343
24493,-0.0029429807236929584
24494,-0.008790525240531168
24495,-0.013741549579729388
24496,-0.015406344973599837
24497,-0.01911491925802657
24498,-0.024145362400520013
24499,-0.025724191282271273
24500,-0.0209046685410945
24501,-0.017529947280383273
24502,-0.02434774972908142
24503,-0.023354628281617665
24504,-0.018569730169348
24505,-0.0006064750476106142
24506,0.0002668647526500563
24507,-0.005412026849830706
24508,-0.009034543018310621
24509,-0.0037659664309089872
24510,-0.005821189435396935
24511,-0.007178348171779509
24512,-0.004912134174225919
24513,-0.006897182149069408
24514,-0.010326189849849086
24515,-0.003576459848942601
24516,-0.0032605825823439514
24517,-0.011197565862330708
24518,-0.012214732854085383
24519,-0.019291243607430793
24520,-0.02261760150258474
24521,-0.023851543717936723
24522,-0.03013648972610014
24523,-0.03209755206368586
24524,-0.03065290988322372
24525,-0.016064925830797994
24526,-0.020283044920953813
24527,-0.02126106492425406
24528,-0.017496727167169625
24529,-0.01257233586523816
24530,-0.009196361847304949
24531,0.0006666225143729573
24532,0.004451950981591168
24533,0.002756048817130441
24534,0.006766840991921761
24535,0.006804079940138818
24536,0.007574929778440574
24537,0.011239900930106666
24538,0.016982511005981988
24539,0.01568252708375283
24540,0.010329647931581242
24541,0.01162366616421636
24542,0.004961557354510204
24543,0.004101157608338877
24544,0.00813796445984596
24545,0.004185510341200674
24546,0.0027708416339844626
24547,0.005503822531940741
24548,0.0037971200101609235
24549,0.008398095387787958
24550,0.011940688800789929
24551,0.01249213765504536
24552,0.013418637614033594
24553,0.011314341077038213
24554,0.011867049777389322
24555,0.0037722264651327453
24556,0.001726459843106592
24557,0.007701602846695057
24558,0.003817140330308779
24559,0.004844949364968429
24560,0.009438398073161826
24561,0.012373290859166362
24562,0.011241532642142709
24563,0.006145539590202195
24564,0.006892585789551134
24565,0.00029691108495014535
24566,0.0029856096908720976
24567,0.008032127349061434
24568,0.012284564295491447
24569,0.01356344412501297
24570,0.008472750709512996
24571,0.006207453452769558
24572,0.001725916795922881
24573,0.004898988526927825
24574,0.00679203354625603
24575,0.006085850108859939
24576,0.004653394864389621
24577,0.007780739734096429
24578,0.004817336614077475
24579,0.0012836746886174533
24580,-0.00022144882604589606
24581,-0.0059780343203994024
24582,0.0004187154159966894
24583,-0.0005512321942847754
24584,-9.126795311845762e-05
24585,0.0068693061675460815
24586,-0.0019889905295632127
24587,0.001816863547171618
24588,0.0043788005132715194
24589,0.00101810611829816
24590,0.0018392777590043102
24591,0.0024980639638852373
24592,-1.458127251380304e-06
24593,-0.0017091882799685927
24594,-0.0020676310546730104
24595,-0.0010094988252252336
24596,0.0033232357979275707
24597,-0.0017774965853126152
24598,-0.004157645056051119
24599,-0.0004535848009017969
24600,-0.0019074903373411981
24601,-0.00428242953441097
24602,-0.007609900898611603
24603,-0.008977877959803206
24604,-0.01454402765418185
24605,-0.015086575286774862
24606,-0.014789066922783294
24607,-0.01677568439439754
24608,-0.015055309763113256
24609,-0.018071039660697872
24610,-0.01751314440455919
24611,-0.01643596230603261
24612,-0.016787894812333937
24613,-0.01666641262011244
24614,-0.01966468308996072
24615,-0.017927453592241526
24616,-0.015587438266892614
24617,-0.02573009219295312
24618,-0.02744932408066147
24619,-0.022458120966479304
24620,-0.02375245814806318
24621,-0.018832431119166868
24622,-0.01474017084577097
24623,-0.011459858513660687
24624,-0.013680105694448323
24625,-0.011779982035025298
24626,-0.002921613288316317
24627,-0.005823446825393847
24628,-0.006997116175633081
24629,-0.01416113396377329
24630,-0.015274568160597487
24631,-0.01260908540024275
24632,-0.014184099332439186
24633,-0.015229608624452157
24634,-0.013532451119964317
24635,-0.01958579557649803
24636,-0.021365491774530464
24637,-0.023328443473521268
24638,-0.024700792889747653
24639,-0.02596716670792038
24640,-0.027977299570030662
24641,-0.026166752467063525
24642,-0.023472357443014704
24643,-0.0192127358868129
24644,-0.010674265120605935
24645,-0.0054944249557473904
24646,-0.00733949785616803
24647,-0.01187206860471075
24648,-0.008776701317117717
24649,-0.01021926216097458
24650,-0.011094545303652
24651,-0.011588971728445821
24652,-0.008562316491972522
24653,-0.010830325965611507
24654,-0.007655118496597541
24655,-0.008644408733464708
24656,-0.008576227743983799
24657,-0.0035777319694767734
24658,0.001567146115091324
24659,-0.0010021481381961705
24660,-0.0007115461428468039
24661,-0.0038949379727425694
24662,-0.011634554795894482
24663,-0.01408383597033954
24664,-0.011529470292751845
24665,-0.014715312024406929
24666,-0.016153124735570387
24667,-0.013470592104644888
24668,-0.017646594127160364
24669,-0.01050314532377839
24670,-0.008813129824101845
24671,-0.013208385817295255
24672,-0.011850031342324145
24673,-0.008939256675213733
24674,-0.007442010672660203
24675,0.0035834286584692167
24676,-0.0010146770684471922
24677,0.004336454523839204
24678,0.008686209992632588
24679,0.0077384606115487135
24680,0.006010030344073452
24681,0.0011147498409627347
24682,0.0019612067231667856
24683,-0.0005143895027608796
24684,-0.005553015153956235
24685,-0.010954936280197341
24686,-0.009518815842332329
24687,-0.007128614216589973
24688,-0.01430000197144006
24689,-0.017694804907293082
24690,-0.01768370450309031
24691,-0.018314391689904255
24692,-0.022180856564582047
24693,-0.024357842069050447
24694,-0.02518572714161035
24695,-0.023214519631124943
24696,-0.020440011639956335
24697,-0.019283579223833086
24698,-0.019584294298714628
24699,-0.020490277516359574
24700,-0.019519637768397928
24701,-0.017094123835461276
24702,-0.011918658706169422
24703,-0.010804007658295298
24704,-0.013262673811332627
24705,-0.012101724799208874
24706,-0.01358518581342386
24707,-0.010395978891921166
24708,-0.006937128480223258
24709,-0.0069818633567108246
24710,-0.012746075761978438
24711,-0.011602307172923064
24712,-0.012945929399719534
24713,-0.009626203874315039
24714,-0.012145362763949936
24715,-0.016935659552382232
24716,-0.017324585404286625
24717,-0.023000505525176577
24718,-0.02615312571089978
24719,-0.020956415214348652
24720,-0.015401741486848598
24721,-0.008453204825183904
24722,-0.012326481356085512
24723,-0.011356663729332974
24724,-0.011612981618288581
24725,-0.010110607777982039
24726,-0.012806187534648229
24727,-0.010489417653999291
24728,-0.013191611053597448
24729,-0.003986984904267897
24730,0.0007761188821601636
24731,0.00661706924567634
24732,0.011548386706875562
24733,0.014568021934161665
24734,0.01321400671970627
24735,0.011759609437838844
24736,0.009074252363662126
24737,0.008420590217782457
24738,0.010939942693236606
24739,0.015343586436032045
24740,0.01610220787412362
24741,0.01668018438142757
24742,0.015385846917861417
24743,0.011436489830260504
24744,0.014406960448317296
24745,0.016226475272350188
24746,0.020902290375385636
24747,0.016702726717354274
24748,0.01169231862230534
24749,0.01245324764262758
24750,0.016629971921025218
24751,0.016663911150031567
24752,0.010571679267091773
24753,0.00909818689285461
24754,0.010460458142274245
24755,0.014915473433837444
24756,0.019520021655531346
24757,0.020443802317668746
24758,0.018851205850805786
24759,0.012801273567252035
24760,0.009756745626605792
24761,0.004801034013474804
24762,0.011669776459256579
24763,0.013105787357025252
24764,0.010674942750391672
24765,0.008358559657672697
24766,0.007603555298871693
24767,0.010041955039730058
24768,0.012540909889794718
24769,0.009037096929909302
24770,0.0035538516892893784
24771,-0.0025055275585607597
24772,-0.003227986156043838
24773,-0.0020987148731854196
24774,0.002714208379343648
24775,0.009316354829936258
24776,0.005554099514240638
24777,0.010602103103482833
24778,0.007703343434527556
24779,0.005925701712516051
24780,0.0017808339314190412
24781,-0.0006409424770492593
24782,0.001377708375044978
24783,0.0026017565285424296
24784,0.005868719060170834
24785,0.005356306971060169
24786,0.0011087963821032828
24787,-0.0007331196103283078
24788,0.01707184768316166
24789,0.016560350479203324
24790,0.018872987983824353
24791,0.015572310095195918
24792,0.02198911333755701
24793,0.020172653369628812
24794,0.02142696004105635
24795,0.01693068949584957
24796,0.01462693719852788
24797,0.00920236544683627
24798,0.011469122842272085
24799,0.01281856499530334
24800,0.0097075213151964
24801,0.011787876742965305
24802,0.00908485657831417
24803,0.009610472532007365
24804,0.012286880915668147
24805,0.01436297766485605
24806,0.016625223767721947
24807,0.01413471227917678
24808,0.01489932773621402
24809,0.014242129050737958
24810,0.00945805412749405
24811,0.008305794723077742
24812,0.007010625774696184
24813,0.006593455276485412
24814,0.004133301203351461
24815,-0.0032499101776171492
24816,-0.0009413976958964744
24817,-0.004761465716765023
24818,-0.0028360903468546356
24819,-0.0002733072311573276
24820,0.003422234609323896
24821,0.004510912836063034
24822,0.0033154981714254724
24823,0.006260902976077505
24824,0.005387608411811994
24825,0.0045485079401185605
24826,0.004633480495659726
24827,0.0061223982250108175
24828,-0.008489630935983428
24829,-0.009416529642063047
24830,-0.009893722292300983
24831,-0.006508333963872179
24832,-0.005083351100100594
24833,-0.010629000228479528
24834,-0.012385275759077
24835,-0.012333573459982535
24836,-0.011411991979335226
24837,-0.011081612301907691
24838,-0.01232211953543634
24839,-0.014081842198019355
24840,-0.010370904853248906
24841,-0.011460487671284707
24842,-0.01119683398849501
24843,-0.012657802589910484
24844,-0.013600589731937571
24845,-0.012615652805648527
24846,-0.011802281476232761
24847,-0.011509777939724736
24848,-0.009576490792503818
24849,-0.007745536971127692
24850,-0.00092546079431779
24851,0.0011718419053875914
24852,0.000380038599065243
24853,-1.4868721088096398e-06
24854,-0.001900236682061817
24855,0.0014614730542021558
24856,0.003835849467924826
24857,0.0031759932798342185
24858,0.0018806405835337528
24859,-5.847583478710089e-05
24860,-0.005269116348771779
24861,-0.005869272412967215
24862,-0.006854259631585066
24863,-0.013295043513442628
24864,-0.014388150158938854
24865,-0.015316828580012752
24866,-0.014589978611271799
24867,-0.020693133608590444
24868,-0.018653988127590355
24869,-0.019525536346237857
24870,-0.022449069373243022
24871,-0.022878506548903544
24872,-0.022615914642713383
24873,-0.018419525516299735
24874,-0.017347634271764303
24875,-0.015789678442105687
24876,-0.02043952228548026
24877,-0.01614781160150998
24878,-0.014496014879216822
24879,-0.014502977537393347
24880,-0.015404238472050592
24881,-0.01895197090586012
24882,-0.02362023642309183
24883,-0.024576987019344163
24884,-0.024444795433977776
24885,-0.027563358010322336
24886,-0.028908486584253816
24887,-0.02418800866235254
24888,-0.025744404059161764
24889,-0.02870547997503178
24890,-0.02572099264232006
24891,-0.02349343518186681
24892,-0.021319294997236386
24893,-0.017834462713503987
24894,-0.017093276056810568
24895,-0.020286730368027604
24896,-0.02357894974183216
24897,-0.02358805150781451
24898,-0.023649691541248918
24899,-0.02293247635003951
24900,-0.019169951453863274
24901,-0.01920079812252765
24902,-0.020800698385401193
24903,-0.015978465747401506
24904,-0.01797518833483559
24905,-0.023147726728309313
24906,-0.02377840494263352
24907,-0.02179896609209986
24908,-0.01853079621085361
24909,-0.01656063192629886
24910,-0.013575251036130104
24911,-0.0149530812936337
24912,-0.01771085279722204
24913,-0.0164112842623737
24914,-0.02073603400455707
24915,-0.025155283719989843
24916,-0.02099991578100394
24917,-0.020250426322372252
24918,-0.017690032712100196
24919,-0.016126233899851544
24920,-0.017311564493825884
24921,-0.014714586322479347
24922,-0.009882503029760454
24923,-0.007625699657408022
24924,-0.011291584809767136
24925,-0.013952346192321708
24926,-0.013091446326848645
24927,-0.019152589384802313
24928,-0.018901626306202225
24929,-0.02105434450795193
24930,-0.02501608754060753
24931,-0.02769924415143243
24932,-0.02378291919443078
24933,-0.025978068212715016
24934,-0.029632813556198394
24935,-0.024633187873526394
24936,-0.02114183918991221
24937,-0.020262848342783076
24938,-0.019683631813389495
24939,-0.02022474504498468
24940,-0.01920701013744708
24941,-0.01760555030986717
24942,-0.01744382898288074
24943,-0.021046261963014956
24944,-0.0218805728510478
24945,-0.015374693398120481
24946,-0.01686346533208933
24947,-0.006526366878519031
24948,-0.01043200676432253
24949,-0.01055278489962413
24950,-0.010026846854129188
24951,-0.011540852563231669
24952,-0.00885153276229254
24953,-0.009774331373568389
24954,-0.00612445885542001
24955,-0.0038263821652581337
24956,-0.0048684877053125014
24957,-0.004431917726186167
24958,-0.007968919702551943
24959,-0.007123351187440929
24960,-0.004137515614430913
24961,-0.00024707829911304506
24962,-0.0008805891493151735
24963,-0.007239662459487095
24964,-0.0025565741473056033
24965,0.004734933574438096
24966,0.0028426780145933525
24967,0.0041438010975473685
24968,0.006712767971999721
24969,0.013096085453730793
24970,0.013365019772237778
24971,0.014268567808064592
24972,0.011738231642782714
24973,0.010121585857072474
24974,0.012496173333916494
24975,0.008425272710321077
24976,0.0069167129425999115
24977,0.005861895783966937
24978,0.00966170540962474
24979,0.010625155431465446
24980,0.01035953856855029
24981,0.008427196639642488
24982,0.010019938233002854
24983,0.013935121992170785
24984,0.015412616828245372
24985,0.01556993676639433
24986,0.014870907219181837
24987,0.0036439092142513036
24988,0.007620738836450384
24989,0.0066746923074543175
24990,0.006130796722117701
24991,0.009298902468878854
24992,0.017449546600261955
24993,0.016521935948390586
24994,0.016677126422896874
24995,0.01742064140622906
24996,0.018438579219407718
24997,0.018175073262030772
24998,0.018670999957114492
24999,0.02459703060803731
25000,0.02301480175905671
25001,0.023345093047969737
25002,0.02198472094320291
25003,0.027648846388464685
25004,0.023934621796789575
25005,0.019120009803387555
25006,0.023054641647816208
25007,0.023614209234887353
25008,0.022346843244689166
25009,0.020056224911984725
25010,0.02675761322065393
25011,0.02616144623782552
25012,0.024551166344284975
25013,0.023834091336423145
25014,0.026414412090744833
25015,0.0256945707144641
25016,0.028298652856129897
25017,0.03291612907605793
25018,0.02804277121552365
25019,0.026862451325633384
25020,0.027944790576743764
25021,0.028326736823499784
25022,0.024328536802380837
25023,0.026540566597812697
25024,0.023273884702379993
25025,0.01887665799161921
25026,0.019592429061232652
25027,0.022624816348007885
25028,0.01815009390893125
25029,0.020886119922112065
25030,0.0202772388746781
25031,0.022757629965099165
25032,0.015494245486675603
25033,0.012158436272439071
25034,0.010500662190163393
25035,0.011125593690753173
25036,0.010632451158141284
25037,0.00419489045437383
25038,0.005982991245467097
25039,-0.0011312775981883116
25040,0.0032609844683726234
25041,-0.005401482638005279
25042,-0.003983564134083207
25043,-0.0037262965798405584
25044,-0.0014948358150779558
25045,0.0008966627324437885
25046,-0.001929434367735501
25047,-0.0016138107331732036
25048,-0.0035774516314401074
25049,-0.005878095063017031
25050,-0.012692700525286624
25051,-0.014527664609557345
25052,-0.01699414964367966
25053,-0.017698543160694108
25054,-0.018250663242394157
25055,-0.022979198265480595
25056,-0.0259990562694824
25057,-0.029465778164169718
25058,-0.029350103569092918
25059,-0.03014275520899938
25060,-0.028572938566121826
25061,-0.028128632197439402
25062,-0.026106798251000228
25063,-0.027909606916327233
25064,-0.02421595776280861
25065,-0.01914940986398136
25066,-0.017686271378707243
25067,-0.019471962904005127
25068,-0.013991694788768135
25069,-0.015841277661106455
25070,-0.020336435802805055
25071,-0.02080337605501719
25072,-0.021928618433693307
25073,-0.016383157856618993
25074,-0.01640751030041132
25075,-0.017016414456416468
25076,-0.01689222156595876
25077,-0.011684897635215921
25078,-0.014396050911413206
25079,-0.017797526513344902
25080,-0.019241458078154753
25081,-0.014585779168826704
25082,-0.0176863112131826
25083,-0.017600850403389486
25084,-0.01691553644988956
25085,-0.01818779738104448
25086,-0.015884960491656584
25087,-0.016946331664872527
25088,-0.014481860077008893
25089,-0.010179070495263986
25090,-0.009406642263632555
25091,-0.008617338403180918
25092,-0.0056648619048579475
25093,-0.004510858556341727
25094,-0.004516366662472151
25095,-0.0007512981651163793
25096,0.0004841529923455398
25097,-0.00022963900809495804
25098,-0.001054233787500243
25099,-0.000397125048793456
25100,0.003292228882907563
25101,0.0017130085791670579
25102,0.0034953808073606234
25103,0.0025499918872274765
25104,-0.001530037339539507
25105,-0.0016097364516660518
25106,-0.0010888521780416632
25107,0.0012732148952623373
25108,-0.0029258227422732557
25109,-0.004656674658804279
25110,-0.00014055168226827656
25111,-0.0013939076932900172
25112,0.0005432945936662845
25113,0.0021840511802434905
25114,0.003108404492696949
25115,0.0015851785346115699
25116,0.0008982591657467242
25117,0.0012750678273360566
25118,0.0028054530031238856
25119,0.004889705178268805
25120,0.0016693904954639643
25121,0.0031946677508578967
25122,0.0028456997011613635
25123,0.003995306179167973
25124,0.005816531324296845
25125,0.006916798194494669
25126,0.004809017532240413
25127,0.0024775275545532837
25128,0.0019361319510998601
25129,0.0002909857410841804
25130,0.008185574928949942
25131,0.01092473673850997
25132,0.010285452974200885
25133,0.015462418684368186
25134,0.016307279700557054
25135,0.016761652338284735
25136,0.011941378463802776
25137,0.011248122208329096
25138,0.01236527001460541
25139,0.011294050928637105
25140,0.005835858253194565
25141,0.005194300430784219
25142,0.0059933204589065515
25143,0.007789295450686165
25144,0.010584683925479416
25145,0.008717283687766707
25146,0.00797478724279676
25147,0.007402811442030846
25148,0.007318217856488434
25149,0.01399234489591594
25150,0.012986709385619695
25151,0.012196887563564227
25152,0.005646582124392433
25153,0.003525009352065589
25154,0.004032233358536148
25155,0.00498330818773124
25156,0.005568015916512067
25157,0.004556086353451208
25158,-2.1784373363268752e-05
25159,0.008935388799610469
25160,0.005285019825354838
25161,0.003832937471906915
25162,0.006662905340856873
25163,0.010017414904722435
25164,0.008059460856634644
25165,0.007716245912108133
25166,0.004259440132634662
25167,0.005538050371249067
25168,0.005264405568036171
25169,0.006606250165110133
25170,-0.0033598545982923213
25171,-0.004657683108399572
25172,-0.0066566607369263255
25173,-0.010233143252200576
25174,-0.010408877157697132
25175,-0.006556538452807076
25176,0.0005581629507484386
25177,0.0019260964759376543
25178,0.0037120568800581683
25179,0.003232065010679077
25180,0.0033516296248239604
25181,0.0038882491992360125
25182,0.0035922389845824574
25183,0.0019219316766823547
25184,0.005553193572893183
25185,0.008154632842027013
25186,0.008365582855276815
25187,0.007584475522856713
25188,0.007103550891768022
25189,0.0022746634086298666
25190,0.0023271942854991914
25191,0.0009690587527172998
25192,0.005279009614478194
25193,0.0050290207380758525
25194,0.006497611795842754
25195,0.007710491628931794
25196,0.008911096658758567
25197,0.008950405947373492
25198,0.01282237739579631
25199,0.003049374023744845
25200,0.004146603401718959
25201,0.0046349367918676635
25202,0.005233245949404542
25203,0.002128322401407888
25204,0.0024901089959413186
25205,0.002260149202735574
25206,0.00453959349295395
25207,0.005556497121561341
25208,0.002296767114718075
25209,0.0015380352454203669
25210,0.0033503885037978547
25211,0.00293055788188036
25212,0.006514161226715267
25213,0.006779780235911618
25214,0.006991140050324182
25215,0.0036729935796499676
25216,0.0009987244766192316
25217,0.000984292347286551
25218,0.005910169069043687
25219,0.007290564492438548
25220,0.007882986464322063
25221,0.008645191744283784
25222,0.00832203804021991
25223,0.006800829468662177
25224,0.005474135767035271
25225,0.004140407080111191
25226,0.005031118984423287
25227,0.005113179815001611
25228,0.006157242354202676
25229,0.0055102626638189565
25230,0.009272622618073774
25231,0.009815608069835629
25232,0.009888079743107183
25233,0.008984844865583923
25234,0.007742857463334327
25235,0.00343997685679543
25236,0.003652799445573489
25237,0.004574567356633913
25238,0.007456067006448966
25239,0.00988998038466459
25240,0.01163341883139123
25241,0.012085536751028296
25242,0.011067242514280361
25243,0.009630800572262824
25244,0.005421071705110225
25245,0.006778222184952036
25246,0.00758512928969521
25247,0.009453143325314788
25248,0.01047527299801199
25249,0.012292089941705383
25250,0.010958686188867613
25251,0.014306742408542813
25252,0.012804960975400488
25253,0.009727406024047614
25254,0.01150520657289406
25255,0.010845084831482988
25256,0.008064082853617488
25257,0.007936724785726958
25258,0.00030025358766864985
25259,0.0009291908891642442
25260,-0.0002542053057225563
25261,-0.0009423052599244426
25262,-0.004349463610310736
25263,-0.0034710664061558274
25264,-0.006443864116673487
25265,-0.00988788019373212
25266,-0.011864068494781194
25267,-0.01192660329712503
25268,-0.011686109434621532
25269,-0.00982001847044285
25270,-0.012292631444979264
25271,-0.011825395156274782
25272,-0.014626947923461945
25273,-0.01434664726987442
25274,-0.01877146760989283
25275,-0.016742132399266994
25276,-0.020348662775884097
25277,-0.019579948843983203
25278,-0.020806796353563372
25279,-0.02140135457398041
25280,-0.021567089100532146
25281,-0.020667092411878828
25282,-0.01988809784395107
25283,-0.016862960268641987
25284,-0.007708587942226415
25285,-0.008753359277036837
25286,-0.004917051918247977
25287,-0.010917953804391265
25288,-0.010242418996369622
25289,-0.014478868491311735
25290,-0.013058276909145152
25291,-0.015776988911640078
25292,-0.018021484832645405
25293,-0.014863441175284847
25294,-0.02013935633561536
25295,-0.02564684711956479
25296,-0.023648530646313278
25297,-0.024122074497804413
25298,-0.022233794789451557
25299,-0.02446375557456471
25300,-0.02439695996784864
25301,-0.02578696716243888
25302,-0.01912575080614149
25303,-0.020373380356351733
25304,-0.020807808339653153
25305,-0.017254545183826527
25306,-0.016251533895361166
25307,-0.019120706250064564
25308,-0.01747460855489361
25309,-0.01811284894272849
25310,-0.015487053095906249
25311,-0.015190616192419192
25312,-0.010205565901632975
25313,-0.010261953891402805
25314,-0.008238411132033429
25315,-0.0070348244225966715
25316,-0.004974297462434238
25317,-0.0067826026503491205
25318,-0.007652730630637707
25319,-0.0068804195559184055
25320,0.002524896792652065
25321,0.0003375657546760567
25322,-0.0027502091448830222
25323,-0.006335294884801954
25324,-0.01140242626969942
25325,-0.012166852382952993
25326,-0.016608186353892523
25327,-0.011819446370050602
25328,-0.012692040590395736
25329,-0.00753255693703506
25330,-0.0077713109333790095
25331,-0.007844298489966409
25332,-0.007189642656221449
25333,-0.008547770681186258
25334,0.007904002343379148
25335,0.012693083930559517
25336,0.012973883844449016
25337,0.01069881826576928
25338,0.009408164674320397
25339,0.011613882422489908
25340,0.011292871687408916
25341,0.014159145816212353
25342,0.010618827378854986
25343,0.009764917396940366
25344,0.011288323907588528
25345,0.01111864192957718
25346,0.011805970209251481
25347,0.014734510376999273
25348,0.011771668283727856
25349,0.009860252242752535
25350,0.008996189028625123
25351,0.009568686678149299
25352,0.006467699091324151
25353,0.00798903465831209
25354,0.010071649331885013
25355,0.014078114037949147
25356,0.013600537005759852
25357,0.015260000099109067
25358,0.014802406609573219
25359,0.014852356871253662
25360,0.0058712701695480506
25361,0.009637182464417858
25362,0.011699450689386754
25363,0.012195572819745537
25364,0.01024038052858592
25365,0.010247742645742162
25366,0.011788601708889047
25367,0.010530661984590932
25368,0.013348407351577647
25369,0.009902373393764853
25370,0.006729521917967579
25371,0.006691570829944807
25372,0.00793623648727551
25373,0.010864690648616514
25374,-0.0015698630078683942
25375,0.0017050023344105086
25376,0.0017073709835833525
25377,0.0035588557915232403
25378,0.0035646454591534435
25379,0.0025115417648389994
25380,0.0031350613882089157
25381,0.0020477992717376514
25382,0.00363785331880156
25383,0.006011937006033882
25384,0.00549540419118195
25385,0.004660440717450929
25386,0.00317529492194241
25387,0.0036968090555918173
25388,0.002890312296361156
25389,0.00233467756019465
25390,0.0005393518844276828
25391,-0.003839636757396802
25392,-0.0012424946010105244
25393,-0.0019251401026598993
25394,0.0005514914599924406
25395,0.0018641948958746327
25396,0.002457650317834441
25397,0.004552111796107237
25398,0.004017056250680481
25399,0.004434744637017576
25400,0.0034060602067731752
25401,0.004345304513453933
25402,0.005317563789305287
25403,0.005056079226822676
25404,0.002083472429659889
25405,0.0030946954223584353
25406,0.002880111618808084
25407,0.0038451011044022786
25408,0.0020111102955263273
25409,0.00241795263555312
25410,0.007290277621917708
25411,0.005926388689797512
25412,0.0036284175189988705
25413,0.00030865909106141554
25414,-0.0006546305980431389
25415,-0.003043241003054202
25416,-0.0036286658217306146
25417,-0.002013813703061964
