,close
16821,0.024017243332785536
16822,0.02072637838113189
16823,0.023994999167423203
16824,0.019977301827493864
16825,0.02718143905202451
16826,0.023415174893667193
16827,0.024089291179792617
16828,0.020700289979081278
16829,0.02193568553383199
16830,0.015049498665945068
16831,0.010059884504216915
16832,0.012724662558572363
16833,0.01659434157408624
16834,0.018339317434853123
16835,0.021983189041947543
16836,0.018817821498996985
16837,0.02009932668076463
16838,0.01855214132858264
16839,0.018840947073069377
16840,0.008424143808676916
16841,0.010465917525319557
16842,-0.0012429389796068241
16843,-0.0019039470203033994
16844,-0.0016907103297944658
16845,0.003718534351171404
16846,0.00448724728630237
16847,0.004186954491592886
16848,0.005264360121452534
16849,-0.002242319215977256
16850,-0.008727721841857926
16851,-0.002690332146024373
16852,-0.009527751563926302
16853,-0.004562516040263038
16854,0.0019274450905402297
16855,0.011642096521205295
16856,0.013276059154763068
16857,0.018126092993794488
16858,0.019400516091862247
16859,0.017947850671698302
16860,0.022937008296442938
16861,0.02304143671485728
16862,0.024288733821071037
16863,0.01897484643843992
16864,0.021922007888007924
16865,0.02533005474332353
16866,0.0327534932547349
16867,0.0411925260556636
16868,0.03553288440371236
16869,0.030211144561282387
16870,0.017749216880532635
16871,0.012647845081079193
16872,0.009542057947168168
16873,0.004466249271992129
16874,0.005320009433954316
16875,0.004349366162409187
16876,0.010282948382801069
16877,0.010232518390060143
16878,0.00641308138999306
16879,0.0069035765659792095
16880,0.0023100706060368236
16881,-0.012201866329592193
16882,-0.010929174364306236
16883,-0.009571334210015213
16884,-0.014922099565807723
16885,-0.013327506643452013
16886,-0.009956726784113974
16887,-0.011008459601024362
16888,-0.019458916910181083
16889,-0.01848518616778573
16890,-0.023069284707521256
16891,-0.024930049964909565
16892,-0.025447195295136546
16893,-0.01910002419855449
16894,-0.021350646885588995
16895,-0.01713094379905963
16896,-0.01970431918777853
16897,-0.01656155334904089
16898,-0.019922480017302343
16899,-0.007146668881177299
16900,-0.0033922076798122893
16901,-0.0031989164474349498
16902,0.026511761053024482
16903,0.041434532190382206
16904,0.040846593535741695
16905,0.03925888934700869
16906,0.034769837076045335
16907,0.031789205580337626
16908,0.026888522775539592
16909,0.02810160095087314
16910,0.03019539331367183
16911,0.03239870401740842
16912,0.027765460152607394
16913,0.030808575248956863
16914,0.020724629084424108
16915,0.020026000661509943
16916,0.019351542049060616
16917,-0.001889291470987582
16918,-0.003633940594396223
16919,-0.004474232128667675
16920,-0.0017190354819377192
16921,0.004467778600950628
16922,0.0066816907180598335
16923,0.004181809483879317
16924,-0.0017861163728169315
16925,-0.0013730834823929324
16926,0.004272196621096033
16927,0.00024663489065757446
16928,0.0003840541387347639
16929,0.006760351396125476
16930,0.005557722166474639
16931,0.007010426244108437
16932,-0.00104508796157002
16933,-0.006504236008886266
16934,-0.0014552270966199554
16935,0.001751079908783484
16936,-0.015040149050882466
16937,-0.014847034564818269
16938,-0.009774407466203491
16939,-0.007308187770962931
16940,-0.009703828567711037
16941,-0.005596065444202575
16942,-0.0004586069750707831
16943,0.0007717647646024382
16944,0.001864365780302229
16945,0.0013363585391859148
16946,0.001828141431027859
16947,0.005203792615828669
16948,0.00443579983447992
16949,-0.005892564064928897
16950,-0.01190971437340707
16951,0.007736224581291433
16952,0.0015924773921336451
16953,0.0035731422727436576
16954,0.008567438091298915
16955,0.008803589826410812
16956,-0.0037338245810014147
16957,-0.0030281115167745793
16958,-0.0056452690480035235
16959,-0.011775729136054222
16960,-0.011926417664800413
16961,-0.0013519377636590547
16962,0.006824316893971057
16963,-0.001624938423221254
16964,0.002821237128839689
16965,0.01787809724256044
16966,0.01361538475964598
16967,0.019466559049051528
16968,0.020695362158894202
16969,0.01662119560019921
16970,0.018485458908551477
16971,0.023911537326187574
16972,0.025307844383547044
16973,0.029394326651696296
16974,0.03441726829933273
16975,0.03904294398751661
16976,0.03054996150157551
16977,0.023049323842536353
16978,0.03656691136840076
16979,0.037784636980341
16980,0.03398914961762191
16981,0.02975789231101625
16982,0.03121124941649197
16983,0.02773951074946304
16984,0.03198721144151235
16985,0.03124187300815053
16986,0.03496933180638596
16987,0.024566473399846425
16988,0.02356700842141457
16989,0.02525856654365638
16990,0.01927773101525802
16991,0.016061971452447334
16992,0.009816156067413718
16993,0.011952059503441777
16994,0.010774764557076233
16995,-0.006796323472372544
16996,-0.009436872077179824
16997,-0.010311280748932256
16998,-0.002577090198955328
16999,-0.007226044409911145
17000,-0.008807993608928444
17001,-0.009872648800950849
17002,-0.0018626741449260455
17003,-0.004060701265832819
17004,0.0007134705735904309
17005,-0.0017173589902118403
17006,-9.404493605644513e-05
17007,0.018978075980526556
17008,0.01842301978935562
17009,0.018467774253296123
17010,0.02153500562790142
17011,0.027780213047469648
17012,0.022202551815491734
17013,0.01704145762323933
17014,0.008628838266317492
17015,0.005834154353370883
17016,-0.012565793559025146
17017,-0.013495784583620182
17018,-0.013999255566373959
17019,-0.014964097981673611
17020,-0.007520023043312214
17021,-0.014831588289175489
17022,-0.030044055243678133
17023,-0.03684737899116039
17024,-0.03917692228334883
17025,-0.03896558000140725
17026,-0.043551855080108545
17027,-0.03890234880655515
17028,-0.04418669614859521
17029,-0.0293790804140325
17030,-0.03526114371380768
17031,-0.030490889818427177
17032,-0.02511689011138524
17033,-0.026183136122939796
17034,-0.027961110981830475
17035,-0.033385341774611034
17036,-0.02640472179311078
17037,-0.015966171664954808
17038,-0.006606030816227945
17039,-0.003914665427925851
17040,0.0012238347544937945
17041,0.006951446485589259
17042,0.00789481456322874
17043,0.0012270711404886415
17044,-0.0072656539405948715
17045,0.002527738698679346
17046,0.010656873897447952
17047,-0.0014780383544533765
17048,0.0023719541928272016
17049,-0.007609168976384105
17050,-0.007508675547548927
17051,-0.009785872241756078
17052,-0.012634866669565453
17053,-0.01836222534460221
17054,-0.018631637252311137
17055,-0.011555840804259743
17056,-0.009829476089759207
17057,-0.0069990690291959435
17058,-0.0007667504130789868
17059,0.0046428292957825116
17060,0.005021296819357691
17061,0.009606342014172285
17062,0.017771216506201712
17063,0.016381678691154148
17064,0.01575011437840533
17065,0.012077019910019146
17066,0.017208572451315136
17067,0.014971061210805218
17068,0.025199076285203497
17069,0.02734776379528912
17070,0.023280410815462105
17071,0.015660345350516823
17072,0.012051239489900261
17073,0.014703692030950323
17074,0.010558650660908947
17075,-0.0003935201846735205
17076,-0.0003051795490048025
17077,-0.016931567729225352
17078,-0.018023406609111694
17079,-0.007078341866734868
17080,-0.002465384567878291
17081,-0.005542957768994867
17082,-0.009648949739092652
17083,-0.008942446725752099
17084,-0.009581835939005816
17085,-0.008775118577498171
17086,-0.009087459969299407
17087,-0.010134980535119173
17088,-0.014553881149859208
17089,-0.013604264584843111
17090,-0.003035339674531883
17091,-0.00999405198714536
17092,-0.006654736722548418
17093,-0.005646620569322629
17094,-0.009984611619165674
17095,-0.013877504187231379
17096,-0.015601431044869225
17097,-0.007789407422669591
17098,-0.025147928994082754
17099,-0.024777504113162825
17100,-0.029266957922954057
17101,-0.028191534571416422
17102,-0.03016210212157502
17103,-0.031042388621754735
17104,-0.019991839140856386
17105,-0.01895558278128523
17106,-0.011389906008697978
17107,0.00023535666341047064
17108,-0.0008077261487268421
17109,0.009060595583732812
17110,0.017612031379291612
17111,0.01583257247741467
17112,0.011015609264958837
17113,0.032778490893613496
17114,0.032947575125600516
17115,0.043686913843924535
17116,0.04758553934791081
17117,0.050321072907647584
17118,0.06675438525716182
17119,0.05555818280755701
17120,0.050548256147352595
17121,0.042126249012103045
17122,0.052875828091552085
17123,0.05218761072435695
17124,0.04753115838841423
17125,0.043922012028143144
17126,0.047854284855736985
17127,0.05242584838511977
17128,0.035663869057302955
17129,0.030045418793978214
17130,0.016445916403343773
17131,0.021866398544594885
17132,0.023766023510587146
17133,0.01954358494114941
17134,0.017490087430525526
17135,0.0193097593587426
17136,0.045977329477933176
17137,0.031143378096907957
17138,0.029256872464627603
17139,0.021716316685070288
17140,0.025326175970037158
17141,0.02378234829127618
17142,0.02072249799062515
17143,0.030273849523334003
17144,0.03463062710922512
17145,0.022783915062450966
17146,0.018322737457629915
17147,0.013706777202787982
17148,0.00278993312633182
17149,0.010565172543154012
17150,0.012511519721861803
17151,0.004816893645027503
17152,0.010137910786846198
17153,0.01316877106242268
17154,0.028753001010348823
17155,0.020609326399385584
17156,0.01875220454826648
17157,0.018787338793069087
17158,0.018336547492783913
17159,0.018775920784099513
17160,0.0005195756811499248
17161,0.0019266908592695416
17162,0.005362097857173311
17163,0.0173878390448534
17164,0.013581178101795556
17165,0.004202543076356741
17166,-0.0001523991614422069
17167,-0.014083689933610314
17168,-0.014768911857976172
17169,-0.038656044102923004
17170,-0.03109997991339235
17171,-0.02891364415032487
17172,-0.030890103703028898
17173,-0.038989072123683875
17174,-0.042277256576241616
17175,-0.014281297893447214
17176,-0.020779026788213292
17177,-0.022274013400823123
17178,-0.04185190408406056
17179,-0.038053402693634414
17180,-0.03114752045617646
17181,-0.04840221655349119
17182,-0.026224305430285408
17183,-0.020020592145798887
17184,-0.0162050285254756
17185,-0.01766828048684278
17186,-0.01773554142066884
17187,-0.004191884631005986
17188,-0.009253797641009967
17189,-0.007054468853681003
17190,-0.010143530684592105
17191,-0.005555230113514663
17192,-0.003978013052559976
17193,0.019970103260581917
17194,0.009306164797926127
17195,0.012094552530188707
17196,0.019456979921163273
17197,-0.0010397601260710148
17198,-0.00668873132545325
17199,-0.01061540657110229
17200,-0.01425000182956057
17201,-0.015496511935495186
17202,-0.034078647082918884
17203,-0.031058130371562354
17204,-0.031706542743725176
17205,-0.02840704411947121
17206,-0.030901562769948362
17207,-0.03097565771985182
17208,-0.04583698012425512
17209,-0.024365195153368848
17210,-0.02833707522579045
17211,-0.029622774781804303
17212,-0.028327056149557488
17213,-0.028700327328964395
17214,-0.019687616947313493
17215,-0.011904539757009327
17216,-0.010990972791056847
17217,-0.00031886177453134963
17218,0.004503648093079283
17219,0.006733960165741531
17220,0.019463247938549772
17221,0.026439098976198405
17222,0.026716774896608984
17223,0.03318277985606781
17224,0.008826580346548405
17225,0.011036263133919389
17226,0.015300822623129037
17227,0.025345140055310494
17228,0.02584559037443303
17229,0.02350196963516575
17230,0.017426194790397205
17231,0.0177482557836146
17232,0.01822919717760755
17233,0.020968832578541208
17234,0.019981695786394138
17235,0.015521790421220708
17236,0.008831647831037752
17237,0.00659716697268702
17238,0.004670461826546879
17239,0.016427479951480927
17240,0.016730657433384654
17241,0.010017749765628406
17242,0.010962263719003947
17243,0.010085571530977715
17244,0.017751753391474213
17245,0.017127324562331445
17246,0.010908544627614567
17247,0.004280200259807624
17248,0.0076359841544515325
17249,0.0073379005554628455
17250,0.007887921465126032
17251,0.009340751987758642
17252,0.011693465548650287
17253,0.014279758079167723
17254,0.0056796869022191
17255,0.007875302756306744
17256,0.012929220191771413
17257,0.005596159325530886
17258,0.006562334990976361
17259,-0.0033320254257238227
17260,-0.004628823822714997
17261,0.0011401045849097763
17262,0.007099839655550769
17263,0.0035305844098026187
17264,0.006375022637317877
17265,-0.0013640420990417442
17266,0.002081190228476155
17267,0.002588149831793675
17268,0.005700329066045365
17269,0.00841635727867919
17270,0.006110268588360024
17271,0.003280642628259803
17272,0.0020131574850746035
17273,0.005411264944105034
17274,0.011528840505994136
17275,0.010110552502285857
17276,0.010684908067565968
17277,0.012430347528759409
17278,0.011460178767820267
17279,0.00846044880374351
17280,0.011729483825208066
17281,0.010033390753614417
17282,0.009279122752061887
17283,0.00896076554504635
17284,0.013298581620396162
17285,0.014374632308085951
17286,0.020881488713678523
17287,0.028233106333483447
17288,0.024941048572238507
17289,0.022663139244004222
17290,0.0270058909311199
17291,0.02887210777172635
17292,0.025196549866900165
17293,0.020391497700916764
17294,0.020717250192827438
17295,0.01937782276075396
17296,0.010301044720258999
17297,0.010986038868782404
17298,0.007212551980258398
17299,0.002870963777889101
17300,0.0012282059416256423
17301,0.0007790436125376394
17302,-0.006646574140698741
17303,-0.008449551147868602
17304,-0.019712873574329434
17305,-0.017580923195154103
17306,-0.01937522179724777
17307,-0.016673617944539493
17308,-0.009489275365289354
17309,-0.012277631409112612
17310,-0.00571397774452156
17311,-0.002191581182976563
17312,-0.0026208953527682988
17313,0.006052125901001003
17314,0.006984418185597092
17315,0.007550226298614753
17316,-0.004335837972393829
17317,-0.003351454439773085
17318,-0.004190184130173213
17319,0.015677695495618014
17320,0.009250305677328909
17321,0.009589431964618655
17322,0.0016316370777898412
17323,0.0037432115133883017
17324,0.007374704963757769
17325,0.01086359874673244
17326,0.016138710085264033
17327,0.014371073859710651
17328,0.00550068080829565
17329,0.007504021534614264
17330,0.008019471010996948
17331,0.008323112872122946
17332,0.014109736121058848
17333,0.022006339136898583
17334,0.01476048540483023
17335,0.011635867681918969
17336,0.009464839261447715
17337,0.011688165418326336
17338,0.0014510812674226837
17339,0.001963573639162137
17340,-0.008756230478275331
17341,-0.015244081492513559
17342,-0.01650245692651238
17343,-0.01407237247059724
17344,-0.014914697636863185
17345,-0.015639802762097872
17346,-0.00630972058684977
17347,-0.012640958576053175
17348,-0.018605659739143555
17349,-0.017869731125353203
17350,-0.020435193980976058
17351,-0.020894866136928928
17352,-0.016995431243919282
17353,-0.009027049508105794
17354,-0.009805862840914703
17355,-0.01299512930271738
17356,-0.014141440014190904
17357,-0.011185152436915102
17358,-0.03152233771597716
17359,-0.03530997757569207
17360,-0.03293253139833778
17361,-0.03488538028698913
17362,-0.03144295001563486
17363,-0.03092640148622881
17364,-0.026197143611593785
17365,-0.013380172317587865
17366,-0.011496464094327604
17367,-0.017952765081204483
17368,-0.015630030924618735
17369,-0.01679618932837356
17370,-0.008256681197813276
17371,0.0034190831529011144
17372,0.004104932469490548
17373,0.017656732151110795
17374,0.022447687160897692
17375,0.019587810317127724
17376,0.013337711235942528
17377,0.020658811121703407
17378,0.013035946031373351
17379,0.008424713306309114
17380,-0.00021406908275917657
17381,-0.0017530900539527838
17382,0.016186699488517572
17383,0.006981862632458425
17384,0.008464801375207652
17385,-0.0006723151517651585
17386,-0.006222806380559995
17387,-0.00396423828200767
17388,0.0037908183775242554
17389,-0.0008232682082743679
17390,6.936048854586601e-05
17391,0.008055852558546529
17392,0.005051535475172573
17393,0.01320404700338303
17394,0.018617686567907424
17395,0.019916804981897334
17396,0.019418180990027623
17397,-0.0013738045667306673
17398,0.00729883241966138
17399,0.008055354845565736
17400,0.009268223722540134
17401,0.007793382517786808
17402,0.0042885113395284445
17403,-0.004164609037590198
17404,0.0014674852132406213
17405,0.006701347088747051
17406,0.00444992140310614
17407,0.0018760006414138724
17408,0.0001286170409286539
17409,-0.0031294350357543538
17410,0.00025318928138461035
17411,0.0007898112233695642
17412,0.009986272094406898
17413,0.00040934824247054475
17414,0.0019050704345111593
17415,0.00841793358840592
17416,-0.0014881245232039263
17417,-0.0037418987111450465
17418,0.011406000596240105
17419,0.010035792637219619
17420,0.0043501362195939456
17421,0.009976876995712525
17422,0.011229341626568273
17423,0.013019113659127802
17424,0.004714850307300821
17425,0.00403289743394099
17426,0.005063811452404099
17427,-0.0021711819917063463
17428,0.0038491873381569387
17429,0.0008108467213605705
17430,-0.0052602658793295095
17431,0.010025465087093191
17432,0.008745039480794019
17433,-0.01087649238014181
17434,-0.012955060260905815
17435,-0.012777366672580864
17436,-0.015341777357859344
17437,-0.018549895758853838
17438,-0.01904387596043497
17439,-0.02134283477558491
17440,-0.02192041948398363
17441,-0.026022847919552703
17442,-0.020355971121361158
17443,-0.02610633507337193
17444,-0.026124447682901362
17445,-0.023352460495172554
17446,-0.04280891168245517
17447,-0.039418265375143265
17448,-0.04119372719535269
17449,-0.04132275355115132
17450,-0.038352319319357606
17451,-0.04724652601067718
17452,-0.053095974661421054
17453,-0.0508636764996058
17454,-0.04570752977968752
17455,-0.04155218066356117
17456,-0.038931306263580226
17457,-0.03852613526218592
17458,-0.02950054695566107
17459,-0.025507127492691913
17460,-0.028709547378866915
17461,-0.019397274072712203
17462,-0.01947726177046467
17463,0.0037174864110008417
17464,0.0066823445763218225
17465,0.0035140329214286494
17466,0.010449613367762204
17467,0.016730770373737602
17468,0.006436741759261664
17469,0.008801532362257855
17470,0.009658323877101043
17471,0.01152951495281911
17472,0.002087204096908021
17473,0.001349186408935831
17474,-0.0017615748649102013
17475,-0.0035601893820428896
17476,0.0006882872144892933
17477,-0.0019387773614566153
17478,-0.007332442145535691
17479,-0.005130880386514374
17480,-0.005618733428839244
17481,-0.011145673940288757
17482,-0.00906738362351867
17483,-0.001466261960221028
17484,-0.0023028278563547457
17485,-0.003489791828001723
17486,-0.003653838765189024
17487,0.013511296760479963
17488,0.01077063887725773
17489,0.01025496982986623
17490,0.011360505542598412
17491,0.02186706109200066
17492,0.02758795774155977
17493,0.019555248130146585
17494,0.01205010463059092
17495,0.012362009473765092
17496,0.012453843469200724
17497,0.004025642877266706
17498,0.00292116753132762
17499,0.00423122238526186
17500,0.0026426956185360367
17501,-0.0015136567027409262
17502,-0.020399688262513416
17503,-0.03370725687033109
17504,-0.033540036502971333
17505,-0.032850245044929734
17506,-0.042556478107663824
17507,-0.045873844443300595
17508,-0.05178354454080808
17509,-0.04532931831750441
17510,-0.048204902803028735
17511,-0.04812827990447791
17512,-0.04069188729226911
17513,-0.03835599546176021
17514,-0.04781905782908899
17515,-0.05399066877427922
17516,-0.04984203250493992
17517,-0.04777846290591447
17518,-0.030720051461891343
17519,-0.0335186492650553
17520,-0.031113968958425057
17521,-0.02390077462575011
17522,-0.023027932283580344
17523,-0.007494797147027864
17524,-0.013163037210676335
17525,-0.00989017678347282
17526,0.006791552569653475
17527,0.006646562176539405
17528,0.009162214774867498
17529,0.01551037027351521
17530,0.017010298359054155
17531,0.019985341672521216
17532,0.02976727003904494
17533,0.02832784956381391
17534,0.03226744485496098
17535,0.021118113242143834
17536,0.006891102200989527
17537,0.00621145029720339
17538,0.0020181213967219985
17539,0.0007250859820526533
17540,0.0010002325678522214
17541,-0.01520397139285039
17542,-0.012613712655253314
17543,-0.0164869614067001
17544,-0.010565232161655393
17545,-0.013487384703427016
17546,-0.009589762530524454
17547,-0.0075113260469499244
17548,-0.009544741221698513
17549,-0.01062541930271694
17550,-0.0009077283703279443
17551,0.009639468337007967
17552,0.009819839636127717
17553,0.003872227477099812
17554,0.0005711740975088913
17555,-0.002070687164429344
17556,0.003987938854301789
17557,0.010328119163381331
17558,0.012294984428336278
17559,0.011439130971087324
17560,0.01615341058744619
17561,0.008633946991364513
17562,0.004483821318656792
17563,-0.0002068299712603824
17564,-0.0038718543547330477
17565,0.00027001936857547985
17566,-0.0013288241982788293
17567,-0.001055114851811815
17568,-0.005048228764383347
17569,0.003188364185806802
17570,0.005936741538981332
17571,-0.00028149396718340906
17572,-0.005102121292102799
17573,-0.011903832283340854
17574,-0.009596938635457351
17575,-0.019235418910648342
17576,-0.020112766366187175
17577,-0.02709444724039602
17578,-0.024522200663632594
17579,-0.021737846411395843
17580,-0.023281884297951805
17581,-0.020682580836529553
17582,-0.020264771559954802
17583,-0.013262794682362463
17584,-0.007803529697821073
17585,-0.0075652709798712005
17586,-2.7796603551982277e-05
17587,-0.0014943057207029546
17588,0.00398246407157116
17589,0.006973729977581351
17590,0.016587819207022916
17591,0.016650421917106147
17592,0.02306107950871555
17593,0.025429825518017
17594,0.026072752795965975
17595,0.03280103572921106
17596,0.017788289622682477
17597,0.01722070309526665
17598,0.020138015522138345
17599,0.010460585711113054
17600,0.002846325828945389
17601,0.00042396303585534595
17602,-4.085904771729212e-05
17603,-0.0010279562629789032
17604,-0.011669926522451291
17605,-0.012189132802058673
17606,-0.010657429441001346
17607,-0.015447313079337468
17608,-0.019374101756700183
17609,-0.021173517047862862
17610,-0.03384652158233549
17611,-0.031206866863782386
17612,-0.0301105902856089
17613,-0.0285116243012068
17614,-0.02383360371599678
17615,-0.017634484460336636
17616,-0.011427091550145685
17617,-0.01992034065558805
17618,-0.02291261387360036
17619,-0.02444433531446763
17620,-0.006089430559927098
17621,-0.006913930133432318
17622,-0.011522139558133342
17623,-0.014102438252804772
17624,-0.013206888889127622
17625,-0.01057007646369384
17626,0.0033269606290441435
17627,0.0030867175737090504
17628,-0.004366252222323013
17629,-0.0028474090260039893
17630,-0.002729081430075771
17631,0.0006831448176900601
17632,0.006457386820217095
17633,0.011132589744351287
17634,0.01839072995462082
17635,0.005254951670053618
17636,0.007139463322919056
17637,0.012359998597225984
17638,0.019377293518148146
17639,0.019834721892234702
17640,0.030421513838344603
17641,0.0254073032824723
17642,0.02553032359656998
17643,0.023191359176422458
17644,0.01906548168500863
17645,0.01595538084605632
17646,0.009993820730869003
17647,0.012469830967566112
17648,0.012241526210463207
17649,0.01668378169427429
17650,0.015825347643836817
17651,0.014843503400766499
17652,0.018442369679637458
17653,0.014504844687222651
17654,0.013950263424853806
17655,0.00882543887919321
17656,0.009819081997454644
17657,0.009112752085354888
17658,0.011618907148091481
17659,0.011669647837045506
17660,0.014323195927118742
17661,0.012863985489724915
17662,0.019051933493652164
17663,0.018334557218632253
17664,0.0102983447089387
17665,0.007221342233629418
17666,0.008020676585215285
17667,0.007841671635774206
17668,0.009536756674489453
17669,0.010609373566599373
17670,0.006298752150641118
17671,0.0029196361919298646
17672,0.010664082348145618
17673,0.01946860054429651
17674,0.02079076005379741
17675,0.02127936114252547
17676,0.01578033991519939
17677,0.009614038459898345
17678,0.012640327330254242
17679,0.01239557941485103
17680,0.007465373213418722
17681,0.00605347419450272
17682,0.007312127143805964
17683,0.00579039591373959
17684,0.006031304320307678
17685,0.010319367680609827
17686,0.008728399273583442
17687,0.0024561682615084793
17688,-0.008006268997547162
17689,-0.013759467443339243
17690,-0.013647227656309074
17691,-0.007757174741838325
17692,-0.003618117206805357
17693,-0.006111153445552176
17694,-0.001401326836334985
17695,0.001546071886962892
17696,-0.0005059909745282092
17697,0.004668052474278745
17698,0.0038347967172664456
17699,0.004799800334266309
17700,0.006334128858572593
17701,0.006360343283430771
17702,0.005130292738921728
17703,0.008721396502436115
17704,0.013261695201475958
17705,0.00935660422468772
17706,0.007625258739757995
17707,0.004503914869805357
17708,0.00439171329930056
17709,0.0030081168463197976
17710,0.0005536772536782435
17711,0.002738289696348924
17712,-0.005161825015469998
17713,0.003189883776614618
17714,0.002450533636756303
17715,-0.0024774122817365156
17716,0.0008152902713081875
17717,0.0007002291472129912
17718,-0.004173550930939173
17719,-0.008986594759650095
17720,-0.006340716448917877
17721,-0.011903074054468598
17722,-0.01873672305079107
17723,-0.022926102700397126
17724,-0.0231997416315834
17725,-0.015558187049676424
17726,-0.015326617497597393
17727,-0.007832676661487384
17728,-0.023708568236760146
17729,-0.024336950016303163
17730,-0.029239886351600547
17731,-0.029915109547072855
17732,-0.036245091964545444
17733,-0.03273677406854181
17734,-0.02749146170540115
17735,-0.025120483592845803
17736,-0.024885345867208843
17737,-0.019508416765305337
17738,-0.01621955253981446
17739,-0.01325426791717566
17740,-0.012483388202603486
17741,-0.015987310473368137
17742,-0.018299842539391386
17743,-0.021314579832967858
17744,-0.021896239298420786
17745,-0.009152173959099067
17746,-0.00827523881106706
17747,-0.0024925902303594657
17748,-0.006704880814101998
17749,-0.010165372140662175
17750,-0.013111252286400024
17751,-0.014177303035300737
17752,-0.014812659273317843
17753,-0.015422895050207618
17754,-0.043600525713808236
17755,-0.04081408119784737
17756,-0.03691763246206278
17757,-0.03872125223465366
17758,-0.030263219045684745
17759,-0.032653093738804526
17760,-0.04147582098742995
17761,-0.04999652881987354
17762,-0.0501862307029666
17763,-0.04870029280848681
17764,-0.054590007978423644
17765,-0.05426051319449812
17766,-0.09236291265257886
17767,-0.08842740178726942
17768,-0.08744793070762065
17769,-0.05531390538788622
17770,-0.06686685773465538
17771,-0.0678396507689659
17772,-0.07456771952157427
17773,-0.06212644501905231
17774,-0.05951074443292784
17775,-0.03961112717175616
17776,-0.03757877442099787
17777,-0.035331209842844186
17778,-0.036352253850586956
17779,-0.025842936693412963
17780,-0.021721567687834755
17781,0.02725547441061938
17782,0.021668058073111666
17783,0.02143797688622829
17784,-0.004440899400086868
17785,-0.0025296348142296123
17786,-0.0016080307534099873
17787,0.0047864646431357025
17788,-0.009286903233193703
17789,-0.008730892151213409
17790,-0.019439168807954304
17791,-0.01046393589122078
17792,-0.012789160769924512
17793,-0.011134423627352561
17794,-0.018145468981291994
17795,-0.008863663532409059
17796,-0.004359291160195369
17797,-0.0036365442615289697
17798,-0.002484958815318031
17799,0.016006087265818127
17800,0.01879079894380427
17801,0.018915163515803787
17802,0.01506413821492993
17803,0.0211425072807211
17804,0.01577567369677793
17805,0.011637153143362531
17806,0.0030001626750676105
17807,0.0030892788839661134
17808,0.0015402023893298167
17809,0.028279187302949427
17810,0.017539573934594842
17811,0.016002716855151127
17812,0.011344063711003204
17813,0.009707859325593957
17814,0.010616204960370822
17815,0.011031736616996206
17816,0.010299422269079078
17817,0.011368441657390595
17818,0.010407799992142884
17819,0.01545075856571008
17820,0.009117822942700568
17821,0.02204868761510913
17822,0.019428707900246284
17823,0.030955595344630674
17824,0.01727124285668251
17825,0.01599542538057212
17826,0.01721186097084524
17827,0.018758804363145518
17828,0.02049159163449906
17829,0.014398736769905558
17830,0.015151235190943158
17831,0.013968744362831671
17832,0.021348744076449298
17833,0.012468700956925063
17834,0.012240855637845814
17835,0.020902560137843817
17836,0.01719674513624501
17837,0.01976309697941601
17838,0.010901695469643976
17839,-0.0006534036587412578
17840,0.002525419970983676
17841,-0.006357576959903833
17842,-0.00014856653736390512
17843,-0.0010810695508501223
17844,-0.009782479855685693
17845,-0.011715018134502193
17846,-0.011529837920310265
17847,-0.00830328960417087
17848,-0.003799351451781563
17849,-0.007361836661292661
17850,-0.021629389623793207
17851,-0.026891808512445044
17852,-0.025135432910667454
17853,-0.020338540932932626
17854,-0.03105616833670627
17855,-0.035014978430151444
17856,-0.0415370305836696
17857,-0.047270945200792336
17858,-0.0471873698739863
17859,-0.03862686681014268
17860,-0.03774757276189116
17861,-0.037052255100665316
17862,-0.05495733251291319
17863,-0.040938735996391216
17864,-0.034945951723261086
17865,-0.022342420864881966
17866,-0.020195183106902485
17867,-0.015846182521138282
17868,-0.013022168185784215
17869,0.0015176239018231516
17870,0.0016407551713466463
17871,-0.007146126783588944
17872,-0.003138298569999405
17873,-0.004156866578530541
17874,0.0006230446209405538
17875,-0.0015685118612129186
17876,-0.0030610723541202567
17877,0.008206685312764054
17878,0.010972426219459718
17879,0.008976766955644708
17880,0.0024885067248846767
17881,0.0013633616446781722
17882,-0.004006440153003092
17883,-0.01414149579740712
17884,-0.010129735535034086
17885,-0.005855280051695902
17886,0.007915593191679785
17887,0.0028723540409001298
17888,0.004362159819767684
17889,0.016426958574104325
17890,0.01444118928343263
17891,0.015860300877860466
17892,0.0031978029438498733
17893,-0.009653486434805696
17894,-0.013301942987347297
17895,-0.013931668033887326
17896,-0.005314875104822413
17897,-0.005089247355677846
17898,0.002551504443679695
17899,-0.02773491835765195
17900,-0.03230075559314909
17901,-0.04353294507376169
17902,-0.03767733520474443
17903,-0.043024516990262385
17904,-0.06301302072808185
17905,-0.04602987432525768
17906,-0.04548261163298314
17907,-0.03625122763621651
17908,-0.039902225448768716
17909,-0.035774874537637724
17910,-0.02967374742292704
17911,-0.04650968171864063
17912,-0.04705438259055529
17913,-0.05560244762327763
17914,-0.04614251225011102
17915,-0.044148111211735626
17916,-0.036550430033556416
17917,-0.036616710264185344
17918,-0.03241401299270659
17919,-0.017996179573583775
17920,-0.031277159769643015
17921,-0.03699506164770845
17922,-0.04019382559914203
17923,-0.028282752357103397
17924,-0.02848258322981298
17925,-0.04539023923198445
17926,-0.028374873598834987
17927,-0.03130489929601358
17928,-0.028792661867931595
17929,-0.007678871813067265
17930,-0.006763073775732033
17931,-0.010175785128016025
17932,-0.021419106503745008
17933,-0.025329571994052058
17934,-0.05714226612352723
17935,-0.06580500505331151
17936,-0.05938997924403455
17937,-0.048736231109259016
17938,-0.05832152528254795
17939,-0.06359326843785565
17940,-0.05576425136017017
17941,-0.07934743222321039
17942,-0.07895050026887017
17943,-0.06104850253547879
17944,-0.04550929531639262
17945,-0.03787589922176656
17946,-0.031206689577988514
17947,-0.021389146853088056
17948,-0.008919607579526999
17949,0.012666312386951489
17950,0.03120466625333319
17951,0.03071899765533261
17952,0.04226476666083285
17953,0.04195981854096188
17954,0.04672326547926137
17955,0.040134158872841295
17956,0.05809733167550735
17957,0.05777857627950944
17958,0.030712698259321148
17959,0.01279683580551799
17960,0.0022925167938161206
17961,0.006152557062412182
17962,0.014352480631714383
17963,0.007760899998960533
17964,0.015888949336705503
17965,0.015799363525455485
17966,0.015762036835713554
17967,-0.008585925746304677
17968,-0.006324457981916627
17969,-0.005991097955391586
17970,0.0016809760124036266
17971,0.0011312444322801873
17972,0.004548832982020071
17973,0.00785745739267949
17974,0.006857836395048488
17975,0.002087567293942615
17976,0.013483591102235671
17977,0.002916547693275907
17978,0.0035452552922309957
17979,-0.005850716937933417
17980,-0.01665381545238359
17981,-0.0174697920843358
17982,-0.001683454308325364
17983,-0.004021062105784997
17984,-0.004758142010298536
17985,0.002635141337480568
17986,0.0030708585367861026
17987,0.0034609989390947792
17988,0.01753673063527525
17989,0.01586453443252808
17990,0.021699148515437094
17991,0.009522666800277385
17992,0.019235863420457428
17993,0.01085881251123257
17994,0.015652505531727715
17995,0.01824248261602469
17996,0.01880940874277777
17997,-0.000668616138465189
17998,0.003489177824887499
17999,0.004464416509947597
18000,0.006042528159265091
18001,0.012275820012517397
18002,0.008188268668792574
18003,0.0017556795135288798
18004,0.0046566478814443635
18005,0.005178144927037357
18006,0.006062607148333347
18007,-0.006355204797679595
18008,-0.0004981745331406132
18009,-0.011709110290144934
18010,-0.005245019305563258
18011,0.002421337814568514
18012,0.01875987580410201
18013,0.013230543013721894
18014,0.013299035957849774
18015,0.008968035259174579
18016,0.009561585043686007
18017,0.01241965253444711
18018,0.022783832567797316
18019,0.01841300477218381
18020,0.022312399536349514
18021,0.02649924833113933
18022,0.04421002781723511
18023,0.04189829461666819
18024,0.046132560169893366
18025,0.04179511151263556
18026,0.03296667847745887
18027,0.027024278533584255
18028,0.0252996786012343
18029,0.024433184506096706
18030,0.022787897323187235
18031,0.015812503990131295
18032,0.01656654237295992
18033,0.01943165958206148
18034,0.028727926457650647
18035,0.02537002928970317
18036,0.013335306273697419
18037,0.009263763784262639
18038,0.011141662427754993
18039,0.018841652139525093
18040,0.011074051885153863
18041,0.011377442160807343
18042,0.00940472834074213
18043,0.010459142622049895
18044,0.010208671751257534
18045,0.012036511689726217
18046,0.005898111230866399
18047,0.0038289124181251485
18048,-0.009458491662524085
18049,-0.0038981629107869777
18050,-0.004674296541510627
18051,-0.0019996450511468237
18052,-0.01206171878441033
18053,-0.010342777014708704
18054,0.001020373052546698
18055,0.0038661927350232637
18056,0.008955287063229546
18057,0.010608074107502955
18058,0.0010594522749428198
18059,0.0004548079971032751
18060,-0.0016605980055797449
18061,-0.0034051489903844287
18062,-0.002348042839163378
18063,0.00391040452869786
18064,-0.014982025550941856
18065,-0.017481819350472046
18066,-0.016243809714371445
18067,-0.017257128458908397
18068,-0.018897716979277158
18069,-0.03207634561470445
18070,-0.026407552114980033
18071,-0.03017422120473275
18072,-0.020417967159052742
18073,-0.004789129231948386
18074,-0.002286531530290559
18075,0.0015477375843655735
18076,0.0035004589501859457
18077,0.004540941452944433
18078,0.007945498761918374
18079,0.020896213175581126
18080,0.02413895380236032
18081,0.035798349153143956
18082,0.031802506490762605
18083,0.03183666996096811
18084,0.03712210438643771
18085,0.03520781075706191
18086,0.034807864425965056
18087,0.026892032236047303
18088,0.019120768862264683
18089,0.018720780161375506
18090,0.007747764307094805
18091,0.016832870903820917
18092,0.012637569074129646
18093,0.0042973180244861965
18094,-0.005774080114031371
18095,-0.007508160157279946
18096,-0.013784045293415105
18097,-0.012979583468673703
18098,-0.012559599781060775
18099,-0.012138709812509661
18100,-0.015392444210294723
18101,-0.022121710971241375
18102,-0.02229069312920717
18103,-0.016395407539781352
18104,-0.01649526251289749
18105,-0.007063232129456138
18106,-0.014996405242845578
18107,-0.012391325052887307
18108,-0.0032194446507660306
18109,-0.006253395946941277
18110,-0.004068306720449353
18111,-0.00041464436281523926
18112,0.00512902263526903
18113,0.006320635421935026
18114,0.0036128468524991506
18115,0.011555175236996522
18116,0.017948539974167354
18117,0.014137400109643662
18118,0.008703056525487102
18119,0.009072125994984706
18120,0.011838442202755118
18121,0.01845468022099131
18122,0.019408770394304067
18123,0.012933078700755793
18124,0.02098918155466722
18125,0.020018884655355097
18126,0.009661038260958318
18127,0.0010175822375505497
18128,-0.002081708617492842
18129,-0.007111226843166859
18130,-0.013585962901105798
18131,-0.013468015963483772
18132,-0.018474917328787505
18133,-0.011931252678373408
18134,-0.013408246824176373
18135,-0.00965620439761562
18136,-0.004199763118147505
18137,-0.005377009400689034
18138,-0.008847885359827615
18139,-0.016690000547060338
18140,-0.01764469443525359
18141,-0.01702500298394398
18142,-0.008983526801592834
18143,-0.006518318051158143
18144,-0.006785532139373249
18145,-0.010991667021492476
18146,-0.015588911513331463
18147,-0.0069238704748795146
18148,-0.025948907726231596
18149,-0.02748749441574538
18150,-0.030267536017825964
18151,-0.03962284271638555
18152,-0.03744172740195358
18153,-0.03849535510878463
18154,-0.041171828748304454
18155,-0.03568622686187194
18156,-0.02165705510713872
18157,-0.030493038767659054
18158,-0.03046714465741994
18159,-0.029777113835692533
18160,-0.02830663879240808
18161,-0.02405663941217602
18162,-0.027252691975961835
18163,-0.006787765647102808
18164,-0.004780783491558372
18165,-0.017178805552393508
18166,-0.024704454486765687
18167,-0.02560968215903269
18168,-0.01648356896840605
18169,-0.004861224946464858
18170,-0.009707587420937193
18171,-0.013709607521038988
18172,-0.00212278114359393
18173,-0.00291160281742975
18174,0.0015797107282952301
18175,0.00449293715699948
18176,0.003890619530201027
18177,0.0019757312817416457
18178,0.0028544770588666297
18179,0.005010222236784509
18180,0.02445886090295408
18181,0.031034740226729755
18182,0.0319310451469684
18183,0.021863536316947953
18184,0.018750259831976625
18185,0.018826941164175957
18186,0.01751333975177132
18187,0.016583317270511946
18188,0.018074344617538613
18189,0.012685426318480606
18190,0.014301726710169582
18191,0.01689752612926485
18192,0.024275861997061342
18193,0.021512686972564594
18194,0.020446050965055154
18195,0.014663504456577903
18196,0.018932241409639578
18197,0.01796000181662961
18198,0.018334002932536213
18199,0.019730775281876455
18200,0.020452541784390613
18201,0.012702209823202451
18202,0.004892843836287694
18203,0.0023373769538354103
18204,0.013969024349715337
18205,0.011298525991163023
18206,0.01052085697849376
18207,0.008348300693545665
18208,0.012650149930993422
18209,0.00956862943969372
18210,0.005894380624927267
18211,0.003559683933133136
18212,0.004666370749243236
18213,0.0032848600793895675
18214,-0.004630552484964205
18215,-0.006730377793748813
18216,-0.014133488356367355
18217,-0.013560271555884773
18218,-0.010135781122864137
18219,-0.02074226214765046
18220,-0.017072726536889415
18221,-0.017674533778550876
18222,-0.02316157505877651
18223,-0.032243388211607285
18224,-0.03144921515726745
18225,-0.03769449785988752
18226,-0.036827719084294545
18227,-0.04191216096196628
18228,-0.039636987179648336
18229,-0.039414348921734677
18230,-0.03955688316432808
18231,-0.020262500617439203
18232,-0.014802968625944686
18233,-0.017351162540990898
18234,-0.010993451220137973
18235,-0.016615267744465645
18236,-0.0174536598565824
18237,-0.011263880273573817
18238,-0.00932943247118064
18239,-0.007052273590666788
18240,0.002855355562604515
18241,0.004732158129017964
18242,0.008428082155012279
18243,0.005892204544794043
18244,0.010027631661034792
18245,0.011867661077954379
18246,-0.0002735041127495302
18247,-0.010974282805519804
18248,-0.01014536814668094
18249,-0.021027283845909794
18250,-0.02088225765679291
18251,-0.021794004521688448
18252,-0.02763586556058748
18253,-0.02245868725303404
18254,-0.022438667181663555
18255,-0.028807255491504882
18256,-0.02578815523030714
18257,-0.025740294772792074
18258,-0.02859638497301889
18259,-0.016617161806485585
18260,-0.017087544541794748
18261,-0.024107870058627464
18262,-0.009055291095388267
18263,-0.0063217979491261645
18264,0.004526154622177371
18265,0.01184740453161619
18266,0.012163049304936077
18267,0.017405619017087166
18268,0.01308585443875932
18269,0.011082146211772224
18270,0.008688883683669645
18271,0.01044638754403604
18272,0.01563845589405314
18273,0.01802072632706535
18274,0.007462292986101774
18275,0.00705803458275383
18276,0.0185424229012258
18277,0.011373689338146187
18278,0.007810733040578158
18279,0.008039581763585714
18280,0.0010805865014644825
18281,0.00388047522865479
18282,0.004825283226878055
18283,0.0015531873606506887
18284,0.00229211688818517
18285,0.008721928165900618
18286,0.0050882609357011405
18287,0.0011528628421257681
18288,0.0016275757228025206
18289,0.005732896932020233
18290,0.00899234314815117
18291,0.005919760549247728
18292,0.009519029094885464
18293,0.008925821301086
18294,0.00566283077890958
18295,0.010245651844671192
18296,0.008615142623029048
18297,0.011384282487919136
18298,0.015667530758560956
18299,0.0157250013576261
18300,0.011827922232357338
18301,0.012090096318938925
18302,0.010888338824511321
18303,0.01650103791680906
18304,0.014255122754916253
18305,0.013386287324666136
18306,0.015654799953378467
18307,0.013201972553058662
18308,0.014249535858295644
18309,0.00718049278537782
18310,-0.0028400328142103633
18311,-0.0040841950009871866
18312,-0.009167087266657952
18313,-0.011128171348456027
18314,-0.012154567942119394
18315,-0.013065415905134208
18316,-0.009630605219046332
18317,-0.009993919270208745
18318,-0.005412178059805097
18319,-0.009087376056912235
18320,-0.011260849379934374
18321,-0.00649948462123128
18322,-0.009983486717594036
18323,-0.011968623820867821
18324,-0.0183540029222447
18325,-0.005412583437992319
18326,-0.004755154760818407
18327,-0.005129044493162608
18328,-0.004739199666573733
18329,-0.004810828633770422
18330,-0.001107123909455405
18331,-0.01346495790238066
18332,-0.01412005121134531
18333,-0.025167632170094323
18334,-0.0193436529671572
18335,-0.018983307987224144
18336,-0.017942081248274563
18337,-0.011227302500382749
18338,-0.009008456806851835
18339,0.004923732927034117
18340,-0.0010225713601014963
18341,-0.0011850498245214807
18342,-0.0003791342240613784
18343,-0.008363220185228145
18344,-0.007148563291369816
18345,-0.014103219697718068
18346,-0.0077325870240971175
18347,-0.006087680775346343
18348,0.003129793237417715
18349,-0.0009383984913439794
18350,-0.002030685681252858
18351,-0.007015435963378977
18352,-0.0210995338129132
18353,-0.021793881426482784
18354,-0.02305900982843475
18355,-0.020209273616039688
18356,-0.01923730778452718
18357,-0.025745539790695524
18358,-0.011783161532680648
18359,-0.019603458398390113
18360,-0.015335376518125561
18361,-0.006883431033501057
18362,-0.0064729953721933174
18363,-0.00986454096860936
18364,-0.007547177830443987
18365,-0.006978643713454754
18366,0.005338985616635194
18367,0.020839939869426543
18368,0.021072692299516943
18369,0.021809113139893657
18370,0.024389889540444742
18371,0.025088806602778947
18372,0.03417319065829728
18373,0.02907328924179581
18374,0.03657192079067212
18375,0.037611990200848905
18376,0.025731356509095082
18377,0.02657669837349491
18378,0.02650971680252406
18379,0.021529243552361292
18380,0.022213582402739226
18381,0.0013028920134462547
18382,-0.002172899227747305
18383,-0.002347869394165335
18384,0.008544412275011733
18385,0.0013022023451197693
18386,-1.6266659880119476e-05
18387,-0.0015905630085200936
18388,-0.0029690684985597417
18389,-0.002140538758508462
18390,0.00523748222133066
18391,0.009692414435937416
18392,0.00931637544039064
18393,0.005947529215302216
18394,0.006633109845357638
18395,0.0029610743841674394
18396,0.015583492531178463
18397,0.02254469926274242
18398,0.02390108874226767
18399,0.017296743588724645
18400,0.018104562168151275
18401,0.018762323179186725
18402,0.014291988237931496
18403,0.01669743630632136
18404,0.012603329947343289
18405,0.004198336536637736
18406,0.004390215630488005
18407,0.002993616267158634
18408,0.0036380386773292067
18409,0.00489910401733288
18410,0.008312308318285059
18411,0.006540718819231107
18412,-0.0006876653799086567
18413,0.0012867243990083421
18414,-0.008463932360502517
18415,-0.003471192554185039
18416,-0.0033794102694720022
18417,0.001278543628685678
18418,-0.002619953957327448
18419,-0.0012403478152787969
18420,-0.0005606852381993025
18421,0.0002339218209468183
18422,-0.0003808193388914154
18423,0.0003035602541203449
18424,-0.007668978221583357
18425,-0.009244716306586315
18426,0.0026325284506641647
18427,0.002896228804142807
18428,0.0011271421497576451
18429,0.0041951266547229065
18430,0.0012003923574072015
18431,0.0007449989715240903
18432,-0.004861091389757275
18433,-0.006662014438804769
18434,-0.004566207677928375
18435,-0.012121898719836868
18436,-0.01508106574071848
18437,-0.018273342876004236
18438,-0.020022164566729336
18439,-0.016336647489612152
18440,-0.014974606027672052
18441,-0.034197367073019395
18442,-0.038845235383662545
18443,-0.03974936906069762
18444,-0.03842825147584054
18445,-0.03607162731485363
18446,-0.03451040582417316
18447,-0.024534443562088892
18448,-0.021201195367988045
18449,-0.02090915862768784
18450,-0.011020196082547732
18451,-0.007930871087753867
18452,-0.003278026852595734
18453,-0.007014041293695031
18454,-0.0058897937749581636
18455,-0.0050721920070275085
18456,-0.008767969313040355
18457,-0.005682910280574659
18458,-0.005529810163016042
18459,0.00015166347994406291
18460,-0.0033079229415762116
18461,-0.004202951614037763
18462,-0.006226311571960842
18463,-0.0001628063126285771
18464,-0.001570838428693432
18465,-0.007499245086962312
18466,-0.0072126904378502325
18467,-0.007240352658849799
18468,-0.011733705005763533
18469,-0.01467185321633787
18470,-0.016482825136661463
18471,-0.00782887050608286
18472,-0.007670307793679847
18473,-0.014169265852066529
18474,-0.015967340129331868
18475,-0.01284233228365582
18476,-0.012730291535198088
18477,-0.013946368356259724
18478,-0.022763070792900086
18479,-0.02121024162095941
18480,-0.02093715511562452
18481,-0.027503445597955284
18482,-0.02847893299577999
18483,-0.016375111704174165
18484,-0.0039015102978795916
18485,-0.0036076258325524794
18486,-0.003990309866911
18487,-0.002037950822923442
18488,0.003133509139333245
18489,0.002352427773648718
18490,-0.0013012126136212636
18491,-0.00486897855641781
18492,-0.009095972086216503
18493,-0.00571128769566949
18494,-0.006032185630168729
18495,-0.009562348736548262
18496,-0.004659431763772208
18497,-0.003376973846152591
18498,-0.0036083107756883404
18499,-0.008886890877291212
18500,-0.012035591008615969
18501,-0.009265036195161353
18502,-0.018845097010555225
18503,-0.018924631205816684
18504,-0.009996598685732244
18505,-0.0053907510709664
18506,-0.0020374371211584756
18507,-0.0018425220228904166
18508,-0.0007976615072872556
18509,0.0027260276486134813
18510,0.006828132922237441
18511,0.0016795280790590466
18512,0.001620415305421499
18513,0.005148004794438329
18514,0.002265722583576835
18515,0.005502976029040789
18516,0.0035785259878433778
18517,0.009263205561918971
18518,0.0076328774809282275
18519,-0.001560888675847505
18520,-0.0007886132686580781
18521,-0.001934490302073016
18522,-0.007940460676787248
18523,-0.01024332065775617
18524,-0.012971466542634591
18525,-0.009145031558245408
18526,-0.007585636497311162
18527,-0.005932643697751618
18528,-0.013965272672112913
18529,-0.011490816463699934
18530,-0.011294857193868581
18531,-0.010552532241035957
18532,-0.004283373472776765
18533,-0.0016903295343186407
18534,-0.00329402942714001
18535,-0.0006800539544217949
18536,0.0007920929037697604
18537,0.0029380606365705412
18538,0.0007545061321274273
18539,6.9176826206204355e-06
18540,-0.00018295262881089558
18541,0.004703850328205184
18542,0.002958168341542511
18543,0.009962042235289372
18544,0.009054732761719862
18545,0.005554490787106335
18546,0.0010894357917411157
18547,-0.0049360252254441106
18548,-0.005739510813425048
18549,-0.019833914579827392
18550,-0.02545884781570327
18551,-0.02558168362312615
18552,-0.026352948703946912
18553,-0.02434179891925512
18554,-0.02296903777360629
18555,-0.026948712200723084
18556,-0.028378684056627718
18557,-0.030042853369346808
18558,-0.036268736102473546
18559,-0.04954284464238521
18560,-0.04787603972515089
18561,-0.040451191466836456
18562,-0.03424963712549563
18563,-0.03413568793624264
18564,-0.023283002545891607
18565,-0.029699910818860854
18566,-0.03038430763749133
18567,-0.014792466982289136
18568,-0.014512336875871803
18569,-0.014939918316438528
18570,-0.009842719316460908
18571,-0.003624150212721824
18572,-0.006368988583008829
18573,-0.0017337399230637925
18574,0.021195902035120773
18575,0.023944797915775955
18576,0.016722254917429617
18577,0.014947282406322015
18578,0.015998909674966925
18579,0.018549275624475916
18580,0.028101331894963794
18581,0.03163454332138029
18582,0.024006405694973223
18583,0.021113011239918888
18584,0.02140883004987374
18585,0.01525497056762968
18586,0.0124390216102854
18587,0.016927855921259314
18588,0.010128384924271011
18589,0.0045178580669755245
18590,0.008038481195186227
18591,0.012849045730459753
18592,0.007880921342239304
18593,0.007883109796960755
18594,0.007136336457799513
18595,0.008884803921568669
18596,0.004953091377276855
18597,0.00831748629077573
18598,0.01286939123450966
18599,0.01838033808517854
18600,0.02661417416287082
18601,0.020488622029138485
18602,0.019571866475814863
18603,0.028787596373803195
18604,0.031629442889055004
18605,0.02508315461770177
18606,0.007632371229947418
18607,0.009916877651115399
18608,0.009119833187274934
18609,0.008800472928393189
18610,0.008518558427945801
18611,0.009022753004971197
18612,0.004720883407211468
18613,-0.000974057680574115
18614,-0.007127232684550455
18615,-0.009978604300114522
18616,-0.0076419816144551005
18617,-0.005244798659662513
18618,-0.012161959617155115
18619,-0.010286755311339693
18620,-0.00790529179368709
18621,0.013785875658244136
18622,0.01823394753756045
18623,0.019280501792234294
18624,0.01648699055759523
18625,0.013985076627496545
18626,0.015361649290020126
18627,0.015096871569475444
18628,0.021320105983665724
18629,0.021675489565076044
18630,0.008474663450403916
18631,0.01021126496345522
18632,0.007848763187370033
18633,0.008264485776136306
18634,0.004475543602636129
18635,0.005868320768465029
18636,-0.008854307367358483
18637,-0.011839953588518172
18638,-0.012757399480061982
18639,0.004061271220676937
18640,0.001442086369724844
18641,0.0008507003179263104
18642,0.008773572748439339
18643,0.008403737139369939
18644,0.009668040860701404
18645,0.02640106616615223
18646,0.0192716493462726
18647,0.020003577866765813
18648,0.02654240175069658
18649,0.019365620163741666
18650,0.016765800987964142
18651,0.03153782448493461
18652,0.035103232199545815
18653,0.032021373759573445
18654,0.015195207154850468
18655,0.020119961639823658
18656,0.019895965843638574
18657,0.01431997442919701
18658,0.014777794963705869
18659,0.012567763914946087
18660,0.006299281969957331
18661,0.013750426453504614
18662,0.014140618844660727
18663,0.006053042858872701
18664,0.012542263526213411
18665,0.01373707803889065
18666,0.010160770671231922
18667,0.008039388893220867
18668,0.011565299706687602
18669,0.01703283604899768
18670,0.01696876887078311
18671,0.017543079988616768
18672,0.01327650277539933
18673,0.010783512747663948
18674,0.010672474642078805
18675,0.0015678984928528482
18676,-0.004808674090855398
18677,-0.004878491349963441
18678,0.0007720600205277841
18679,-0.0010741504198867593
18680,-0.004623742459006977
18681,-0.006953675730110784
18682,0.0008063751318571341
18683,0.001305569822027733
18684,-0.0022498009201325714
18685,-0.002795076871199941
18686,-0.003983321616649725
18687,-0.01047740280068024
18688,-0.0064923492724150295
18689,-0.0041151058799206615
18690,0.0070764786303830155
18691,0.01264413327411934
18692,0.011804439491653218
18693,0.0033122569507128973
18694,0.0036220675363178544
18695,0.005739564809975994
18696,-0.007685284939718423
18697,-0.015982161811050537
18698,-0.015191683605393469
18699,-0.010142159938017483
18700,-0.013147793466918457
18701,-0.013406739241378338
18702,0.0016174710289595907
18703,-0.00610464290917038
18704,-0.008350277940993921
18705,-0.007367334393093254
18706,-0.006552232662513899
18707,-0.0050264853657982144
18708,-0.005087666700687169
18709,-0.011862069258228641
18710,-0.010538999235834935
18711,0.004181141002102276
18712,0.007348593790264737
18713,0.005772439114735148
18714,0.0025083468697631246
18715,-0.0006392579895871405
18716,-0.0021703078538585006
18717,-0.005116377189411862
18718,-0.0011432077255426173
18719,-0.0005986671245232251
18720,0.0003521724722693937
18721,0.0038443526496807403
18722,0.0035678128781207598
18723,0.00797293290127141
18724,0.015546183520669592
18725,0.011941736369954662
18726,0.00613646284993479
18727,0.0031365315131161265
18728,0.003453467127698708
18729,0.0006316633266533154
18730,0.004491061672943141
18731,0.006097377730457524
18732,0.003363030802990661
18733,0.004950927734309782
18734,0.004741173855331781
18735,0.008060071571644704
18736,0.00649044963450821
18737,0.005812214887082116
18738,0.009515959540276122
18739,0.009291979254230793
18740,0.012187447875384037
18741,0.006619422847443156
18742,0.0110537402103525
18743,0.010335125053096833
18744,0.011149136524049993
18745,0.013488947479159128
18746,0.01470407822546147
18747,0.020891201054421295
18748,0.021293447969356144
18749,0.020924140450882835
18750,0.016398912061858437
18751,0.00951865315427113
18752,0.01136518809944102
18753,0.010000945120030257
18754,0.007308626221847568
18755,0.007449626274243812
18756,0.01474869311109768
18757,0.012521549840291645
18758,0.013224042679412278
18759,0.014893509138502606
18760,0.011775162595229826
18761,0.01051802688565162
18762,-0.004118757239697496
18763,-0.0022602139325430927
18764,-0.0013729515776050227
18765,0.004748740960693436
18766,0.007834040466272334
18767,0.006370571746326952
18768,0.0042330212568628635
18769,0.0012704121377141232
18770,-0.0011616461725098132
18771,0.004880043236865243
18772,0.0013027432235899398
18773,0.0005004788998096314
18774,-0.00012750415559468367
18775,0.0016680129009641954
18776,0.0020805134516807436
18777,0.01450354401052412
18778,0.017383222015528766
18779,0.01569001615325166
18780,0.010396455471406474
18781,0.008791645453303795
18782,0.008059894328759646
18783,0.009501687494936555
18784,0.017904989038874684
18785,0.020435112464715594
18786,0.029470775969978675
18787,0.026360381027963207
18788,0.024428563595679183
18789,0.02361079520169303
18790,0.018160255138759185
18791,0.018776589959880297
18792,0.010246112097720153
18793,0.0053750530424426825
18794,0.006219477526908325
18795,0.004325374101816176
18796,0.005687436658091117
18797,0.004605866459875747
18798,0.006511068354679584
18799,0.0015712408082795655
18800,0.001472153589758501
18801,-0.013464529283058961
18802,-0.005077616586813431
18803,-0.0024633153469797537
18804,-0.0015252029684379843
18805,0.00672343520186375
18806,0.00238391017318443
18807,0.0018779381097807873
18808,-0.0007844292078158314
18809,-0.001448596270400536
18810,-0.00023597558813400637
18811,0.00460137952137495
18812,0.005473314592042535
18813,0.005177145867479501
18814,0.004904748890152794
18815,0.004062215460213768
18816,0.0073141411495189655
18817,0.004547858948471399
18818,0.004083623370867253
18819,0.013574136392710556
18820,0.012827432869565357
18821,0.016471292726426657
18822,0.024271317426275116
18823,0.028518535260243463
18824,0.029118488984307134
18825,0.030640943594391505
18826,0.02489329757760427
18827,0.024675329620880433
18828,0.029118984653477353
18829,0.03282886977672121
18830,0.03372930137272354
18831,0.027635524283586146
18832,0.02125155978524892
18833,0.024557589583740613
18834,0.01511999451333071
18835,0.010922392617938015
18836,0.010889107042212612
18837,0.007765807596447729
18838,0.0036189879794972396
18839,0.004305445210999296
18840,-0.0037580591292067935
18841,-0.005771754536603979
18842,-0.006955815520127719
18843,-0.009954579751887887
18844,-0.009499934352042397
18845,-0.008925707062339312
18846,-0.0002925466705673257
18847,0.00283886397845523
18848,-0.0012527301508515887
18849,-0.0016977075750672901
18850,-0.0009855675213941435
18851,0.001006239774966449
18852,-0.0003210921480125451
18853,0.006948389190943773
18854,0.006945088424069557
18855,0.02217887538228083
18856,0.02365273354187933
18857,0.024623788333471314
18858,0.01878929568061859
18859,0.017583754433475388
18860,0.017052978779313333
18861,0.01650510206599388
18862,0.024321337993701488
18863,0.02742237586672532
18864,0.03977086097935922
18865,0.0398929564671969
18866,0.037672832297381435
18867,0.022520236538088
18868,0.015236009374871767
18869,-0.0034769582141234304
18870,-0.007030917413281715
18871,-0.0007273541367809233
18872,0.0004748209742305472
18873,-0.020118607569594722
18874,-0.02235097725262873
18875,-0.02335357571265135
18876,-0.020381036666933007
18877,-0.033549468839492405
18878,-0.03398264060187472
18879,-0.04317535597001091
18880,-0.04904655575872989
18881,-0.05045486174117674
18882,-0.03683095205302364
18883,-0.03667195864512438
18884,-0.018503659132848564
18885,-0.0159835463493462
18886,-0.02208173238723907
18887,-0.026184049157398123
18888,-0.010766528705801455
18889,-0.003675258291683576
18890,-0.002035324334156226
18891,-0.008910757629969401
18892,-0.0009123989625520531
18893,-0.002836499906239651
18894,0.0037740240200956152
18895,0.011602633285672442
18896,0.008450821495487214
18897,0.013071660950140795
18898,0.02280637405759562
18899,0.02234610219980979
18900,0.016683088989081586
18901,0.013543426145409031
18902,0.016840544669730947
18903,0.022473166650126896
18904,0.008759968513707478
18905,0.006657339163023157
18906,0.010775447181058105
18907,0.006682790271752817
18908,0.007789741498115991
18909,-0.0025300562088527655
18910,-0.006688160997072839
18911,-0.0018865390736908588
18912,-0.0009001515275707037
18913,-0.005723000394715136
18914,-0.0040835463071253065
18915,-0.01091369291193662
18916,-0.005144791230563317
18917,-0.004725014433857333
18918,-0.0035265687392688713
18919,0.00108238973216552
18920,-0.002829383695701295
18921,-0.010436974731717204
18922,0.0026919654649854075
18923,0.006220348938051898
18924,0.008436163961915984
18925,0.009434296101032589
18926,0.009206599470690923
18927,0.004284962922975266
18928,0.0017386402291902356
18929,0.0014335109131041952
18930,0.012213417463115876
18931,0.011308170807241787
18932,0.009466245692193873
18933,0.010920968645445917
18934,0.012792944746172166
18935,0.018617901679200147
18936,0.022380620775466983
18937,0.005564586116265954
18938,0.001696149533410954
18939,0.002312642288210385
18940,0.004080565556659352
18941,0.007218641718213999
18942,0.003941644606849888
18943,0.00551044147896348
18944,0.003792270269684614
18945,-0.009682125506082764
18946,-0.009334100124908871
18947,-0.007043626596784894
18948,-0.0068598017621953646
18949,-0.004958005066521015
18950,-0.0009690784323115806
18951,-0.0011319526770436597
18952,0.006372947696374684
18953,0.0062610399697681255
18954,0.01563679536795511
18955,0.01537964881430502
18956,0.012604774244532222
18957,0.016719467097100635
18958,0.015183056545708134
18959,0.018281320376459777
18960,0.02583750151501047
18961,0.019419428598473412
18962,0.020130701241107357
18963,0.0024861626103501403
18964,0.0015503727452724067
18965,0.00034339533853057036
18966,0.0011667674666950621
18967,0.0010545346089205665
18968,0.0020641599734988717
18969,-0.0054560608433450175
18970,-0.007538237833086623
18971,-0.009250697384843232
18972,-0.009359876881266159
18973,-0.014604710334959133
18974,-0.02011991870506304
18975,-0.020602300689301956
18976,-0.014056682292188184
18977,-0.015569788119209265
18978,-0.0003819347562102569
18979,-0.00620636056926744
18980,-0.010092944083427119
18981,-0.008370546355454492
18982,-0.010990313634309424
18983,-0.01574046087053753
18984,-0.008077372339637253
18985,-0.007467158410135614
18986,-0.005922160446349849
18987,0.00014571161206827812
18988,0.004591269845161482
18989,0.008826006847789402
18990,0.011771472458582352
18991,0.016361121398142508
18992,0.018590250765741362
18993,0.016845458313768588
18994,0.024862768749672963
18995,0.027246730189843447
18996,0.030702570771724554
18997,0.02636900694558571
18998,0.02797851039256391
18999,0.021791895483043548
19000,0.01997881518944534
19001,0.019084506990328202
19002,0.012374897229710745
19003,0.010275395937333204
19004,0.009142873018983332
19005,0.00652292530689586
19006,0.000857600441685966
19007,0.00014354904789178193
19008,0.0021733147205704666
19009,-0.001032979495718183
19010,-0.0015638299407073817
19011,-0.007417878781355252
19012,0.001466836304728174
19013,0.00392723692640313
19014,-0.002830214317546302
19015,0.0027383044251259986
19016,0.002078217378113091
19017,0.007971912333311034
19018,0.009794284988207985
19019,0.011492229233095314
19020,0.009921463524435572
19021,0.009609238910956082
19022,0.008725855132117082
19023,0.005447785863485164
19024,-0.0012801461646834633
19025,-0.0022193773606168986
19026,-0.0010092300692725355
19027,-0.003362386662204243
19028,-0.0010559055477705392
19029,0.0069873265317985855
19030,0.004308466595924303
19031,0.005300894665868074
19032,0.0011483887044658448
19033,-0.0029773666548330927
19034,-0.004905096271825965
19035,0.0027612965552234695
19036,0.002650249036962343
19037,0.0011402048501202992
19038,0.007841548865974365
19039,0.012691887936431409
19040,0.01274491347476639
19041,0.004958617878137933
19042,0.005882377065098165
19043,0.00412847204426747
19044,-0.008165852013512205
19045,-0.012002428581445726
19046,-0.01208455670407183
19047,-0.016375746390678406
19048,-0.00992811962690725
19049,-0.009688194094035731
19050,-0.021791074785903412
19051,-0.020717715235139822
19052,-0.01848504958987707
19053,-0.014707093069018616
19054,-0.013887200782074005
19055,-0.012710594060302585
19056,-0.001649997863691981
19057,-0.005476482781396132
19058,-0.0073771169433345255
19059,0.008178990209842871
19060,0.012822587247705998
19061,0.01318015454717533
19062,0.016558521273343146
19063,0.01303878944740908
19064,0.01321760198673493
19065,0.019723026230071095
19066,0.01850063344507298
19067,0.017473359928862647
19068,0.017846064232597294
19069,0.017705753681166343
19070,0.016348477866626004
19071,0.008017663046091585
19072,0.015130900556861487
19073,0.013905019543070303
19074,0.008606053986521643
19075,0.0077443795133397
19076,0.008217857659663604
19077,0.003053553285364887
19078,0.001217650040680072
19079,0.00013343124668065688
19080,0.004324181286989594
19081,0.002613360855130525
19082,0.0005119510972086805
19083,-0.007503164478125014
19084,-0.005320809980876324
19085,-0.003932550512421448
19086,0.018345446518207863
19087,0.013112068562083828
19088,0.009169071633282903
19089,0.0013866400943456578
19090,0.000859806865022566
19091,0.0007349499543680905
19092,0.005362342139577947
19093,0.010655218906867069
19094,0.010836375582279232
19095,0.0019206911729771157
19096,0.0014087844797917343
19097,-0.0023278991819656084
19098,-0.00318708641923964
19099,-0.00893996500507207
19100,-0.010910024723762067
19101,-0.031247094182791178
19102,-0.026121559677664816
19103,-0.019557159267938964
19104,-0.0156666161536752
19105,-0.022282897357588507
19106,-0.026199574193802113
19107,-0.02558584681278485
19108,-0.03250621532397708
19109,-0.03330187496599902
19110,-0.024829980248420893
19111,-0.02551247808931694
19112,-0.019031933191237974
19113,-0.011768432962835886
19114,-0.00480130739328118
19115,-0.006219346533483916
19116,-0.008456387684369888
19117,-0.023054877856458475
19118,-0.025117395633753467
19119,-0.020261523728068363
19120,-0.017930899006520163
19121,-0.013910500721548563
19122,-0.019931265796565033
19123,-0.01683351778223434
19124,-0.008316825772152588
19125,-0.01282711853846335
19126,-0.005164375280215026
19127,-0.005631434980738763
19128,-0.011199480091741005
19129,-0.006851228326672488
19130,-0.0030533288246176954
19131,-0.01061040426288867
19132,-0.005153544118241456
19133,-0.0017439156719888523
19134,-0.0019281577425332502
19135,0.010501922607248552
19136,0.00925595392389937
19137,0.012982808823259459
19138,0.008666622592073207
19139,-0.0010883229193010303
19140,-0.0014141963020838516
19141,-0.0023990828580267454
19142,-0.008256495549629447
19143,-0.006690755874781644
19144,-0.009646042848445285
19145,-0.0112341260485002
19146,-0.002425352213340274
19147,0.0013788541835690073
19148,-0.0005788589629052772
19149,0.0004267339454288025
19150,0.0008624195254322108
19151,0.0005359349128940176
19152,0.004459555327651517
19153,0.014777673301872277
19154,0.01724367894790653
19155,0.019741114066738105
19156,0.013405348564638247
19157,0.018930650096155445
19158,0.027542210082486834
19159,0.020903692988222127
19160,0.021684312224368955
19161,0.02525079588132947
19162,0.02720340721048736
19163,0.027241674670482708
19164,0.025420967588210913
19165,0.0123164298419853
19166,0.013388995725085416
19167,0.008577449618484752
19168,-0.0016970491644053294
19169,-0.004293386771211385
19170,-0.0043118611894963094
19171,0.0022514646775089278
19172,0.0030399031579948386
19173,-0.006856326135481361
19174,-0.0038926901893020036
19175,-0.004464145928002255
19176,-0.009513913755487446
19177,-0.010206121360796842
19178,-0.010217662734035796
19179,-0.015988229665623292
19180,-0.016278066265680742
19181,-0.01716202589056102
19182,-0.012943484204076055
19183,-0.006594450076568803
19184,-0.0036995716631977415
19185,-2.893669089744025e-05
19186,-0.0035311057634454125
19187,-0.0075244637618881284
19188,-0.0024175157429062394
19189,-0.002303406951361771
19190,-0.002603786111140833
19191,0.00862243458121272
19192,0.009965117829519213
19193,0.010906666374660673
19194,0.017505963948316657
19195,0.019026794188687534
19196,0.01900613180998227
19197,0.01720413044106449
19198,0.017637377381847775
19199,0.018562630367238358
19200,0.011054865310396388
19201,0.010250835425592658
19202,0.014807580681689862
19203,0.013325524817682807
19204,0.015297788640336174
19205,0.01688316413783075
19206,0.01655329312315223
19207,0.015027979004483652
19208,0.015029874882231271
19209,0.015637675882175607
19210,0.019344528073350242
19211,0.0204852205214973
19212,0.02107571821681454
19213,0.019634724399995276
19214,0.01412813388144858
19215,0.016517516128846145
19216,0.0167373979467285
19217,0.01622267123710534
19218,0.013138793823423246
19219,0.014240666232011019
19220,0.012946649014205492
19221,0.00589107630543041
19222,0.00678230567062461
19223,0.006362223173451572
19224,0.005059714933728616
19225,0.002736721448304916
19226,0.004013478186463912
19227,0.01076809757164901
19228,0.011791075980222132
19229,0.01645701655322044
19230,0.012174064059526049
19231,0.012651912725362957
19232,0.010834417003548119
19233,0.014101015354428467
19234,0.012367571071604877
19235,0.012133085495380292
19236,0.01003647267568679
19237,0.011712399428159855
19238,0.011306692229909836
19239,0.00717126437213775
19240,0.014371770577088236
19241,0.011806338248369887
19242,-0.0026126092922114427
19243,-0.0037951553639541022
19244,-0.0036357210761325163
19245,0.004732699267887958
19246,0.009142154475219735
19247,0.010847147662974356
19248,0.007350867123979228
19249,0.0015282237423798713
19250,0.004550188420054238
19251,0.002277734624415433
19252,-0.0038921803363685557
19253,-0.003367995052630975
19254,-0.00166169968872886
19255,-0.003002945857396646
19256,-0.002546415917852895
19257,0.0025682332398281656
19258,-0.000900607318821488
19259,-0.0002620458009265871
19260,-0.008334296927766273
19261,-0.00785816551754473
19262,-0.008179643062549369
19263,-0.012675554720402459
19264,-0.011428158558933787
19265,-0.014579608097466048
19266,0.003564139481442935
19267,0.005268412776316365
19268,-0.002872961244949769
19269,-0.0027850934748602984
19270,-0.006101259682479488
19271,-0.00557825927840441
19272,-0.009283868202990417
19273,-0.004198968300366841
19274,-0.005311094791363986
19275,-0.004023629379392035
19276,-0.009588853803227134
19277,-0.008659036612782377
19278,-0.0050618112405681
19279,-0.0009123004753972884
19280,-0.0006266374016501688
19281,-0.011562747057942638
19282,-0.009512145345283057
19283,-0.0016263243194575081
19284,0.005997983563842292
19285,0.003537043759294621
19286,0.004513221659247225
19287,0.00608869651787198
19288,0.010424267523492186
19289,0.010556795744624925
19290,0.010816760973821754
19291,0.01133566710326689
19292,0.009973035040329842
19293,0.015433249757765853
19294,0.013466014473236882
19295,0.012767569784758969
19296,0.013726602515541484
19297,0.01260629076393087
19298,0.01238381585647002
19299,0.006710965359099614
19300,0.00870771026636079
19301,0.007463286985224453
19302,0.01669676442117767
19303,0.0140232076786361
19304,0.014450828696866745
19305,0.014559703944685351
19306,0.015959323919489232
19307,0.015914843750910027
19308,0.006797323572693125
19309,0.007863447109614575
19310,0.008722332389627227
19311,-0.001948525467429374
19312,-0.0028280584980501975
19313,-0.0019799913005654293
19314,-0.0030270745098620313
19315,-0.002686954320851029
19316,-0.0013050744665585267
19317,-0.006530258961323361
19318,-0.009532847087473963
19319,-0.01053065224451108
19320,-0.003676755175698366
19321,-0.006426609971264765
19322,-0.003146773525182043
19323,0.001552651905489697
19324,-0.0026353950317598044
19325,-0.0024946864743604735
19326,0.0062820947993133276
19327,0.00820692278786876
19328,0.00676950040561671
19329,0.007967962884259683
19330,0.005615957494191229
19331,0.004681275962342144
19332,0.005048755513857992
19333,0.004120984862748258
19334,0.004003663859238664
19335,0.002378987264729365
19336,-0.00046797951689658677
19337,-0.004064012919447879
19338,-0.005596802878697597
19339,-0.0035982626560876496
19340,-0.0024854620434472873
19341,0.002957625593532286
19342,0.013437240298935697
19343,0.01305592682696526
19344,0.014764721717338189
19345,0.01612517390583215
19346,0.016606995908983138
19347,0.013369433955826177
19348,0.017186393406698385
19349,0.015351056540255245
19350,0.013905400771272575
19351,0.011749984705049975
19352,0.01214616139583838
19353,0.021726093245758308
19354,0.02475277465909825
19355,0.023618084755139088
19356,0.020180863341690714
19357,0.01251693108150316
19358,0.011784370206125497
19359,0.0052871787447199645
19360,0.008208427821705272
19361,0.008069933218414836
19362,0.010730984626080802
19363,0.011182282694862437
19364,0.013477557502713183
19365,0.008275000691870784
19366,0.010459133030150062
19367,0.012648530199438452
19368,0.006944994843733624
19369,0.007548483078494934
19370,0.007119180037544339
19371,0.008493120042861329
19372,0.0048255874887378515
19373,0.007288711169896973
19374,0.009031834558804332
19375,0.0034176833250018873
19376,0.002399055415546283
19377,-0.001564151599130525
19378,-0.006431368428709388
19379,-0.006498970420120544
19380,-0.016672902393956867
19381,-0.013237806742474276
19382,-0.01553700614137905
19383,-0.02291812609703241
19384,-0.03193782916486549
19385,-0.02828619528543944
19386,-0.032462658451298615
19387,-0.03784809996253141
19388,-0.04013125734319717
19389,-0.043942203235430355
19390,-0.03443473561991642
19391,-0.034235592619691446
19392,-0.027348691248197797
19393,-0.020655434329465976
19394,-0.01709377180645101
19395,-0.007169546176604354
19396,-0.005982461576627188
19397,-0.006863484599967716
19398,-0.00048196143111704364
19399,0.0068530023007946795
19400,0.0031993946741580652
19401,-0.005723504382928217
19402,0.005230934863857482
19403,0.0041485278748363465
19404,0.007013547872910468
19405,-0.0036023473360060425
19406,-0.004117313435543007
19407,-0.005342336971688531
19408,-0.01255663672343831
19409,-0.015669533026902653
19410,-0.008840678134836388
19411,-0.01640694698817647
19412,-0.015925398417325688
19413,-0.021276399766778396
19414,-0.021177562849842086
19415,-0.021442084476729406
19416,-0.009138224329845344
19417,-0.009496327824298345
19418,-0.00729112265331333
19419,-0.009903198724590646
19420,-0.009240422182051428
19421,-0.010265089239869334
19422,-0.011549964987748533
19423,-0.00562856166171217
19424,-0.004718446411462755
19425,-0.010105998358525171
19426,0.001649734726962764
19427,0.0029759234790641682
19428,0.006839352735458641
19429,0.005928419527250833
19430,0.002604058218158862
19431,-0.011549648617457539
19432,-0.01902334730260385
19433,-0.018927036349660396
19434,-0.01567072054523179
19435,-0.012546043279623472
19436,-0.010328616566978236
19437,-0.018009142366783745
19438,-0.013903503309686531
19439,-0.013235657166887588
19440,-0.010242759675531121
19441,-0.012799205468247877
19442,-0.013852976014767092
19443,-0.012870955115584753
19444,-0.017826603378186725
19445,-0.015687021763255215
19446,-0.0021279463644556414
19447,0.0016640916553198846
19448,-0.0007125223601237101
19449,0.0015674145623161791
19450,0.001633390497629919
19451,0.0013091997504606607
19452,0.009442792875304293
19453,-0.0004915976829378674
19454,-0.0020566525981289955
19455,0.0018329660993819908
19456,0.0003962618822344668
19457,0.0012866328016766706
19458,-0.0004490742253173547
19459,0.007713841413020868
19460,0.009179620308360264
19461,0.011430562277123182
19462,0.009892350191669699
19463,0.012833832208282128
19464,0.01226854684243885
19465,0.011029959578158005
19466,0.008632944173929165
19467,0.007846397820360534
19468,0.01247622458014841
19469,0.012262635886434465
19470,0.007006013512697314
19471,0.005822316418738215
19472,0.005246112718222537
19473,0.0034738956917108616
19474,-6.143304388880602e-06
19475,0.007414340565455438
19476,0.0006625879962942336
19477,0.0006368784901765147
19478,0.0006592749105766633
19479,0.0024036522532974785
19480,0.002543123267082252
19481,0.005551984890066104
19482,0.011265009236090005
19483,0.010119410217931798
19484,0.007888975210113761
19485,0.005986494280722081
19486,0.003623823416006304
19487,0.003308500366094882
19488,0.003921154906860296
19489,0.0017364392810966904
19490,-0.0062501201810900965
19491,-0.009727108973602834
19492,-0.01656736038708862
19493,-0.01699719245953355
19494,-0.023689384164222792
19495,-0.02554777865057591
19496,-0.02675997986012403
19497,-0.03390276240928065
19498,-0.035154148340095136
19499,-0.033423728338483755
19500,-0.0388896916911832
19501,-0.03796807576269336
19502,-0.038772598530224925
19503,-0.035411863417395606
19504,-0.033734529397182314
19505,-0.034000866026625005
19506,-0.033059900470785976
19507,-0.025203059069206175
19508,-0.029102596559201284
19509,-0.025670643735323927
19510,-0.021872041843633908
19511,-0.021147546598067397
19512,-0.013073125205154471
19513,-0.009071358729884208
19514,-0.008208566410414751
19515,-0.0009417650540694041
19516,0.001965798325367716
19517,0.002421573915701483
19518,0.0029142076947560407
19519,0.0017382907044044334
19520,0.003115306652387707
19521,0.011759431397223016
19522,0.011698149885352808
19523,0.016740020140371334
19524,0.0034643789483549377
19525,-0.0012190840362324847
19526,-0.005337906428944482
19527,-0.01545894712935328
19528,-0.014476954904587745
19529,-0.01470268616044063
19530,-0.01730429056791969
19531,-0.02133331777008847
19532,-0.020549473790270008
19533,-0.027424817598425615
19534,-0.02071948210311049
19535,-0.019372147600422895
19536,-0.023912736085304264
19537,-0.014210454172170935
19538,-0.01510964271733106
19539,-0.00565162401548202
19540,-0.0036659096061336153
19541,0.00039932065944379123
19542,0.006857770125994185
19543,-0.00010242355405284675
19544,-0.0004263310356629769
19545,0.000741183852252888
19546,0.0020929177977524736
19547,0.0017865675465408436
19548,0.006140515483469037
19549,-0.00531795768128985
19550,-0.007202135857185026
19551,-0.0050362286429913306
19552,-0.015005705923799758
19553,-0.013269881132954506
19554,-0.012754628502474294
19555,-0.010496719960702956
19556,-0.010534192669101232
19557,-0.007408276076603359
19558,-0.004470973927566304
19559,-0.0037629122813441283
19560,0.0032225418461197066
19561,0.00322295253992862
19562,0.002335014275732647
19563,0.003653876814707542
19564,0.0069342204705853125
19565,0.0057200616630051085
19566,0.009886438444702174
19567,0.00662960841985757
19568,0.0043881638054930365
19569,0.008569042936598475
19570,0.00463196032607884
19571,0.008020168541659737
19572,0.0038139885878815034
19573,0.005193665800517301
19574,0.004883939693141568
19575,0.0016016523503612748
19576,0.005207434800167862
19577,0.006414867704953148
19578,0.008602722574754466
19579,0.008512805605969728
19580,0.00974997805123308
19581,0.0030775820220740563
19582,0.008619512807771451
19583,0.010031819413343737
19584,0.005676488089105927
19585,0.012406938620584548
19586,0.008901745641853639
19587,0.007843060490901745
19588,0.0011737065985700519
19589,0.00034350342354290235
19590,-0.003037016409844333
19591,-0.006597467675924451
19592,-0.007205795715961932
19593,-0.02011303770556713
19594,-0.012148522673719476
19595,-0.01136522338198532
19596,-0.012309785208041813
19597,-0.01652398151495381
19598,-0.018561987498472505
19599,-0.014275142561360227
19600,-0.01559100860118084
19601,-0.01485716676140487
19602,-0.022929845480583567
19603,-0.02287538844102252
19604,-0.022933949681429696
19605,-0.02781907086354926
19606,-0.02845786935888793
19607,-0.027526823452373107
19608,-0.01679794941537409
19609,-0.024901339045797402
19610,-0.0254712071168699
19611,-0.02973611633555684
19612,-0.03576738625314096
19613,-0.03475271614414759
19614,-0.04423266755246026
19615,-0.0489772539560483
19616,-0.04755145120974316
19617,-0.04752497619637139
19618,-0.038017000575245416
19619,-0.03941271686589493
19620,-0.027585130258595058
19621,-0.027409248121373436
19622,-0.027340774465542683
19623,-0.025988494261900114
19624,-0.025747731766925158
19625,-0.025123026645951948
19626,-0.023909340075561905
19627,-0.019925164505481794
19628,-0.019949047045834258
19629,-0.015032617919825799
19630,-0.006521795684037002
19631,-0.009358568906053171
19632,0.006787289076115544
19633,-0.00012952704238277025
19634,-0.0014942568368765147
19635,-0.008395983126978786
19636,-0.0074129935894632236
19637,-0.0069454372357756365
19638,-0.0037197142502336756
19639,0.001594470123504394
19640,0.0005522803066441267
19641,-0.0009398548259014616
19642,0.0007170210687162181
19643,0.004911147815618396
19644,0.010835265605519596
19645,-0.0042187642168387334
19646,-0.004428974653981396
19647,-0.016944095819394545
19648,-0.011642389681479803
19649,-0.009313474288895672
19650,-0.00311750485701095
19651,-0.005897626514090508
19652,-0.010267695176382246
19653,-0.016383449446401945
19654,-0.020598402826373506
19655,-0.020862628089889743
19656,-0.019836507689868537
19657,-0.015605201292782476
19658,-0.02713505969460153
19659,-0.031984474194927816
19660,-0.024787384541664865
19661,-0.023463384696548666
19662,-0.034676754851086254
19663,-0.040840867187489666
19664,-0.04008323122341652
19665,-0.047138402484451614
19666,-0.041085508178582655
19667,-0.03057945030676149
19668,-0.01792622539492572
19669,-0.0157007271005864
19670,-0.014305950980087724
19671,-0.00520233920898826
19672,-0.001437454340397132
19673,0.00584449356390587
19674,0.018004501737083393
19675,0.024305868593384888
19676,0.025139213000656274
19677,0.043692339171827056
19678,0.05765468556752185
19679,0.058173604127328096
19680,0.05599152791734443
19681,0.05671688068645053
19682,0.04904363712209827
19683,0.03231093166328414
19684,0.03575773640818604
19685,0.03326658237253222
19686,0.026534347551415493
19687,0.017142927896233742
19688,0.017745881242769147
19689,0.012590488545349788
19690,0.00605393096013846
19691,0.005275247878213526
19692,0.0016810044379046499
19693,-0.015203600034698351
19694,-0.01751309585587578
19695,-0.012752998389905727
19696,-0.014849316676263897
19697,-0.013911264443693505
19698,-0.019545481697771483
19699,-0.030899140363540873
19700,-0.030955810791667277
19701,-0.030497162898316346
19702,-0.025816885016060692
19703,-0.020936713034223838
19704,-0.021833036213462158
19705,-0.032250075592102856
19706,-0.033695924443509745
19707,-0.040396744244849125
19708,-0.029601131321905196
19709,-0.02863561684158214
19710,-0.03143749445829187
19711,-0.025833974444719462
19712,-0.021393856236410148
19713,-0.012048571112630729
19714,-0.011074118534183877
19715,-0.011176652623864993
19716,0.018232817549219408
19717,0.017979767193145615
19718,0.01211720559952527
19719,-0.0007794196545318969
19720,0.008791333044012339
19721,0.011016147829173354
19722,0.02609850394375735
19723,0.024152233857443906
19724,0.024953790293848182
19725,0.02682166868634443
19726,0.01971936948901389
19727,0.014227264879585342
19728,0.01968326068441663
19729,0.019812683469792754
19730,0.02050686643341538
19731,-0.01029516123950946
19732,-0.010409781405264388
19733,-0.00939874419938575
19734,0.0037703583567238624
19735,0.00703723918653596
19736,0.006491095164052964
19737,0.005273947654847341
19738,0.005582442511392331
19739,0.003653639378857211
19740,0.0016047724443918885
19741,0.010957336765638129
19742,0.0103937656142019
19743,0.005270957143367064
19744,0.01335012763580351
19745,0.013594250631010857
19746,0.013590559443860619
19747,0.016945729280905257
19748,0.009703571616304934
19749,0.0035951855962484272
19750,0.010479539760551394
19751,0.010611406059000275
19752,0.004789360586693994
19753,-0.007620731029921106
19754,-0.006471120636289494
19755,-0.012117549289607926
19756,-0.01009660209844297
19757,-0.008718640853082707
19758,-0.014755715467740474
19759,-0.013322930122331367
19760,-0.013242483286469348
19761,-0.010893804567828728
19762,-0.017012045547533126
19763,-0.010453692831867891
19764,-0.011482129446211659
19765,-0.021549993627961846
19766,-0.02538886031978837
19767,-0.030295560083459457
19768,-0.023102424469282574
19769,-0.02084933540594865
19770,-0.005053344769831437
19771,-0.019707673829478124
19772,-0.020296346812566847
19773,-0.011488347295202775
19774,-0.01547063544676174
19775,-0.01787702861614456
19776,-0.01549577242479548
19777,-0.013522386159360683
19778,-0.014308623809053555
19779,-0.02223770835150926
19780,-0.013740169909215507
19781,-0.010782789660438878
19782,-0.015567414231270157
19783,-0.01706349086452403
19784,-0.01739706910114644
19785,-0.031017972344465503
19786,-0.029982669403105424
19787,-0.031224845894236193
19788,-0.03953605068904463
19789,-0.03569721454669271
19790,-0.03322433306309011
19791,-0.029240656338450088
19792,-0.025873240318590594
19793,-0.024789576816129158
19794,-0.023286605310966574
19795,-0.02668896191978117
19796,-0.025828666617942482
19797,-0.02135528430393989
19798,-0.0103370784005026
19799,-0.010599268594359619
19800,-0.00735074955697913
19801,-0.005546675398664685
19802,0.004608810037852592
19803,0.01596396781310506
19804,0.0226341255843141
19805,0.020408937241477975
19806,0.018827897632140104
19807,0.0134239472934414
19808,0.012821286462191096
19809,0.019033662916885363
19810,0.023791334221082306
19811,0.02139287538318847
19812,0.027943335654211587
19813,0.02152004386740167
19814,0.020612812270239173
19815,0.022674715643622598
19816,0.02103917228308139
19817,0.010943527898330885
19818,0.006114579057273892
19819,-0.006038202942271686
19820,-0.007235780836386201
19821,-0.015259492899582824
19822,-0.010316919959248662
19823,-0.010504397292677669
19824,-0.014072021420276628
19825,-0.020548841577005733
19826,-0.018956318698985043
19827,-0.016559850952757138
19828,-0.020912173900304507
19829,-0.01792284023223735
19830,-0.009848373423159864
19831,-0.009458915459332725
19832,-0.008479406679951673
19833,-0.005385857571216897
19834,0.005129623975098148
19835,0.00990493187548053
19836,0.015401664257525798
19837,0.014348407753838596
19838,0.0177711347816857
19839,0.0286423166875353
19840,0.032755103251470755
19841,0.03365676115972913
19842,0.024250134383509925
19843,0.02593770264932988
19844,0.022512076125259014
19845,0.01834829852499934
19846,0.025444876985101554
19847,0.038928496135613944
19848,0.03617539086895344
19849,0.02861213650172106
19850,0.027809430225510228
19851,0.03310500926515757
19852,0.03393212195995478
19853,0.031748150108980716
19854,0.035324554675176284
19855,0.028157653097648123
19856,0.025562101647067636
19857,0.03517749018907082
19858,0.033394734640684015
19859,0.03427884169376126
19860,0.03337468999639436
19861,0.02985164596874712
19862,0.016089418672057824
19863,0.009201053961891317
19864,0.01768032670590304
19865,0.02007210173267022
19866,0.011021400242149867
19867,0.0028023718083691677
19868,0.002018130369034889
19869,-0.007891451638906087
19870,-0.006695054449526833
19871,-0.0037947548801033583
19872,-0.0007802449831150795
19873,-0.002637820530743537
19874,-0.006883900976585589
19875,-0.016170419838163124
19876,-0.016470176310289502
19877,-0.01633895004605993
19878,-0.00076458304240616
19879,-0.006394039495958176
19880,-0.008417153049700806
19881,-0.007597273840008814
19882,-0.002774315243112561
19883,-0.009191453888222241
19884,-0.004861106471007126
19885,0.002470185294697406
19886,0.001329665205283521
19887,0.0010205855290540357
19888,0.008432326329400334
19889,0.012554042711027835
19890,0.018757721661754236
19891,0.017380160479893887
19892,0.019664335739654266
19893,0.011455918291037431
19894,0.01477643385243476
19895,0.015078047248787916
19896,0.01415827416388918
19897,0.015016576116035798
19898,0.02053837375730144
19899,0.010213928489608877
19900,0.002694130914350691
19901,0.0004085228172951825
19902,-0.0049535549463066595
19903,-0.005845037794045677
19904,-0.005809984831204476
19905,-0.004106987093196131
19906,-0.0009523486856105769
19907,-0.0022395863591472146
19908,-0.00017244757158749497
19909,0.004218646527848519
19910,0.0014095683396847234
19911,0.006430721925499278
19912,0.008956942629609797
19913,0.010788631426331076
19914,0.020348664863958123
19915,0.0211125129395277
19916,0.023870531119183785
19917,0.02297337934519823
19918,0.01929228252773056
19919,0.022479101219317437
19920,0.0192695226492849
19921,0.01811478819318415
19922,0.015861034586525092
19923,0.015145829042278909
19924,0.0069789844051886705
19925,0.008507285302171205
19926,0.004118610335368779
19927,-0.005103452732672895
19928,-0.0002705739735963069
19929,0.0014343721957436417
19930,0.004710783762421782
19931,0.005050265281741294
19932,0.008958933201732825
19933,0.0071698522370843
19934,0.0032419109751614114
19935,0.01005387485323808
19936,0.010814501810267139
19937,0.012529479135077253
19938,0.010113443379499145
19939,0.008622016017319331
19940,0.00950028007656289
19941,0.008396462018730448
19942,0.020351161716840677
19943,0.014631620241597584
19944,0.008063909730419955
19945,-0.003506717876209886
19946,-0.0024012326950723618
19947,-0.0022907449354656424
19948,-0.0018532464368976017
19949,-0.002571444662422598
19950,-0.00926131289160609
19951,-0.013319307860417733
19952,-0.014936959654178657
19953,-0.013777975300411844
19954,-0.01918206199770862
19955,-0.01845945533151725
19956,-0.012123233742901677
19957,-0.01832090343387632
19958,-0.017680089630193296
19959,-0.018514283708452536
19960,-0.013218491762192799
19961,-0.01583679976606284
19962,-0.009964726882737907
19963,-0.010897382419115014
19964,-0.006384558200385739
19965,-0.011907095001360356
19966,-0.013921793528402466
19967,-0.01327073367657972
19968,-0.026707411559668243
19969,-0.021887216043578774
19970,-0.019062553456908465
19971,-0.024577185859598213
19972,-0.02146801239743007
19973,-0.020687879777850415
19974,-0.011150025166448217
19975,-0.007802213620594242
19976,-0.0067910933845392665
19977,-0.009865066885535652
19978,-0.003859389776032975
19979,-0.0023762374163379587
19980,0.010817540060689456
19981,0.011218842172304932
19982,0.012225933040091709
19983,0.02180549218030541
19984,0.025609130876395547
19985,0.021793220510078693
19986,0.02274648811165221
19987,0.014306671939800819
19988,0.012755488054339799
19989,0.011821453816495617
19990,0.015190739412202385
19991,0.015343848593875366
19992,0.006794050375307639
19993,-0.0016802533305021086
19994,-0.006101479222841052
19995,-0.0018392938823191068
19996,-0.004691932785334993
19997,-0.0014585242464945794
19998,-0.00465444239648979
19999,-0.004912522330538232
20000,-0.00553190988888356
20001,0.005296937383315584
20002,0.011948535465315503
20003,0.01271921260411043
20004,0.01330658069657436
20005,0.01202161719936124
20006,0.008173309818247355
20007,0.005000963541379568
20008,0.007099326899576625
20009,0.007260604216649179
20010,-0.0009408166466252314
20011,0.003142963429366117
20012,-0.0010015318933168475
20013,0.0017042471292696214
20014,0.0034935757563655952
20015,0.00412431120218434
20016,0.0010952078277934572
20017,0.001396202630838423
20018,0.0010400303708643294
20019,0.00029932338390013607
20020,-0.00250163493697077
20021,0.001264418741790204
20022,0.00772457270461143
20023,0.01701650280696216
20024,0.013196759675023546
20025,0.005430947346552021
20026,0.009994522615830942
20027,0.010827860327654112
20028,0.013517941866459042
20029,0.009284641200012773
20030,0.008545834105444731
20031,-0.003901603637126932
20032,-0.0028665049957156577
20033,-0.005262591515702282
20034,-0.00600930995748499
20035,-0.0024214112811998577
20036,-0.0028107722378592818
20037,4.8477206510021726e-05
20038,-0.005964729621453085
20039,-0.002338421565443341
20040,0.005432059953827633
20041,-0.0045155126360141955
20042,-0.006714600059964323
20043,-0.004563431463803872
20044,-0.0018384451117645932
20045,-0.0011582150875226365
20046,0.0032909674263945526
20047,-0.0006739721598655658
20048,0.0007695507704915206
20049,0.0022570389641829525
20050,0.0027543295806092983
20051,0.001457263204494705
20052,-0.0069972288972358805
20053,-0.02461557945175756
20054,-0.025694474527179344
20055,-0.023144200878493906
20056,-0.015143790154581442
20057,-0.013433030292664896
20058,-0.01009751327718063
20059,-0.017484791962993875
20060,-0.022216073247282343
20061,-0.02403768073091914
20062,-0.02200039917712122
20063,-0.02149246981542114
20064,-0.018383687841180375
20065,-0.020398968911813614
20066,-0.01959788031789504
20067,-0.017434777194736142
20068,0.006944030565547817
20069,0.006734993692848938
20070,-0.0030537777549315107
20071,-0.0019026944736901608
20072,-0.001905357285589758
20073,-0.0022020573251192222
20074,-0.00015870819989730623
20075,0.004648755252269677
20076,0.008826826041470311
20077,0.008682534093091753
20078,0.008968816877204747
20079,0.005867905051834074
20080,0.008824872717672296
20081,0.009937129738079448
20082,0.013470638089848594
20083,0.007405843556178849
20084,0.008437196123819237
20085,0.015584098717630739
20086,0.00831579441425747
20087,0.008925259109091751
20088,0.004177095990600088
20089,0.009495960632002354
20090,0.009813355028527858
20091,0.012655310001432702
20092,0.011470979266124986
20093,0.011472432600549505
20094,0.009660226076600165
20095,0.005336576093768173
20096,0.004412556430666803
20097,0.00861822181769374
20098,0.012514534018323996
20099,0.012714596847050596
20100,0.007818641844651
20101,0.0052852112703837
20102,0.004330898746909475
20103,-0.0001319378063053006
20104,-0.004880213071014633
20105,-0.003998982705735593
20106,-0.007814833068462057
20107,-0.011692047023386158
20108,-0.011662870993298527
20109,-0.009312977936309901
20110,-0.005945969821654882
20111,-0.005474599510742666
20112,-0.01127676988522583
20113,-0.0067284577444357355
20114,-0.006750585681735601
20115,-0.004560373928849623
20116,0.003689379515585507
20117,0.004507709688317693
20118,0.005939036164403596
20119,0.008183145716772476
20120,0.0064845979294202325
20121,0.007866914154841434
20122,0.006691423062392233
20123,0.010865559501841943
20124,0.006136299967136404
20125,0.0074636421216861875
20126,0.007505453994784928
20127,0.014780709133351524
20128,0.006767777347166849
20129,0.006261487562798631
20130,0.007049807509603674
20131,0.005537315039472726
20132,0.003700446221084656
20133,0.012763021911905504
20134,0.013184552387659422
20135,0.012826327898954918
20136,0.010599735404708632
20137,0.015167976502842571
20138,0.010858425394844638
20139,0.02085598518290734
20140,0.017467961181264577
20141,0.01200360525674407
20142,0.0028277543729035457
20143,0.014159795000176167
20144,0.015687282414351276
20145,0.015513942239570647
20146,0.02085516060117028
20147,0.02256570784860333
20148,0.011037840855904884
20149,0.008826315336261001
20150,0.01224598879439529
20151,0.011130969186288775
20152,0.011606693743946983
20153,0.011709557005514083
20154,0.008327654298687034
20155,0.0200146664611277
20156,0.025826792038125098
20157,0.03670519626484965
20158,0.027138739965726393
20159,0.022783072953534687
20160,0.023595063098893674
20161,0.017881880966890088
20162,0.01748655573487444
20163,0.028452448336599056
20164,0.03101781584711597
20165,0.028049982619439064
20166,0.027993694138108167
20167,0.03483617202864676
20168,0.029781094522270617
20169,0.023483955548227003
20170,0.015681760002333484
20171,0.015061798341671465
20172,0.008385083959228748
20173,0.010623683851901022
20174,0.013337157536381802
20175,0.01660040046301194
20176,0.019119313235346255
20177,0.019115437042595676
20178,0.013912303382356956
20179,0.008175544555019836
20180,0.008379544817909895
20181,0.004881172694160381
20182,0.0036013770451099854
20183,0.008472226018801729
20184,0.020981969707517385
20185,0.011389215970749792
20186,0.012760186060148617
20187,0.010097927609527027
20188,0.008416495977779045
20189,0.00943287096858352
20190,0.000500555219182975
20191,-0.00028882831653240823
20192,-0.001171816097086264
20193,-0.0034120580103702888
20194,-0.0002630717138408443
20195,-0.0004019378567199015
20196,0.0020728668847025556
20197,0.0016879013693931267
20198,0.0025149186224475662
20199,-0.007654184378372641
20200,-0.001983311979233696
20201,-0.00288205295475841
20202,-0.003983771360634628
20203,-0.009255933440829518
20204,-0.0056600847720458865
20205,-0.0023677499906897773
20206,-0.003236056579696089
20207,-0.0019464135822514156
20208,-0.003067663190620246
20209,-0.0023382654634650363
20210,-0.0023036488006613945
20211,0.002330174526172758
20212,-0.003333215256335256
20213,-0.011110294517068063
20214,-0.01477885096734295
20215,-0.015923780912556886
20216,-0.01629889705900375
20217,-0.021132001326276222
20218,-0.02840675671814858
20219,-0.0330942699830167
20220,-0.023688015859138205
20221,-0.02810240538432716
20222,-0.0277579490927056
20223,-0.015288461135813442
20224,-0.022340275008048284
20225,-0.02202849493602215
20226,-0.01619057397281147
20227,-0.010441569416876378
20228,-0.0033376516334806833
20229,0.0010834762401132566
20230,-0.004761640083916994
20231,-0.004110392545105515
20232,0.0024277946862509264
20233,0.007581006063841559
20234,0.0074724048514204135
20235,-0.00397545501150317
20236,0.005094438047367052
20237,0.00433910483105522
20238,-0.006513162782541677
20239,-0.0020100223770053156
20240,-0.006844488088750678
20241,-0.011291272382269069
20242,-0.0109785051663774
20243,-0.010731315589960546
20244,-0.010330152356000696
20245,-0.0041067288694924455
20246,-0.00531582833756776
20247,-0.007130331353784299
20248,-0.0013017121766947175
20249,-0.0017590317773570798
20250,-0.004012031548720945
20251,-0.011164433939134836
20252,-0.011394882261433458
20253,-0.01389227406862794
20254,-0.008276334947133174
20255,-0.003411186692488983
20256,-0.0019394404529511813
20257,-0.006579874828290599
20258,-0.004415223622480009
20259,-0.010465883933523186
20260,-0.008699728232510516
20261,-0.007597740507668581
20262,-0.006876498569717552
20263,-0.011708259112840558
20264,-0.01073568734725086
20265,-0.009871684081766795
20266,-0.008412618571843406
20267,-0.007775214247013072
20268,-0.00021576014213098502
20269,-0.005828714264096714
20270,-0.006103651036586725
20271,-0.006258746597101337
20272,-0.007849853091326974
20273,-0.010117451159926344
20274,-0.009221413516474314
20275,-0.015668831238016784
20276,-0.014957573255645023
20277,-0.014276967534831236
20278,-0.003224224429878889
20279,-0.0020886660933073366
20280,0.00028631625961353916
20281,0.0014948668288819154
20282,0.0015110325371913544
20283,-0.011030915012765798
20284,-0.01037023826179746
20285,-0.010721619160503307
20286,-0.012825512392669828
20287,-0.010125733702466076
20288,-0.010561845464359038
20289,-0.006108068188811661
20290,-0.0012873047781041935
20291,-0.00216004905481445
20292,-0.0013267480072384104
20293,-0.01447219192602422
20294,-0.010408482090401669
20295,-0.00276735833130013
20296,-0.0009863839578937634
20297,-0.0011652260902108554
20298,0.010508608599069907
20299,0.009718946754620173
20300,0.010237199162811326
20301,0.009129194964878736
20302,0.01020527383199354
20303,0.012025943317568843
20304,0.008635324592227898
20305,0.008547934883444876
20306,0.0076594785208254626
20307,0.004031689310053737
20308,0.005067111725558153
20309,-0.00022559868832684147
20310,-0.010256523482689149
20311,-0.007896299740523798
20312,-0.004236304281973268
20313,-0.008212791991499125
20314,2.6925983548485153e-05
20315,0.00047096006889296927
20316,-0.0033445698583419773
20317,-0.005845195458638296
20318,-0.0071748865176970164
20319,-0.004877973914222277
20320,-0.006917276688508865
20321,-0.006304767644503939
20322,0.0008046409780818843
20323,0.0018611555739143472
20324,0.00218549635939931
20325,0.00631988736053656
20326,-0.005234703908911338
20327,-0.00976461964824722
20328,-0.01041329277578297
20329,-0.009696170253795013
20330,-0.011475817321736966
20331,-0.008838165410418257
20332,-0.00825259573013617
20333,-0.008483169904495201
20334,-0.013103481957875227
20335,-0.010808763569891034
20336,-0.011533228368691183
20337,-0.014024602269300872
20338,-0.008710230791094885
20339,-0.006363147124978088
20340,-0.004888521601775113
20341,0.009256532166449246
20342,0.010400996383120961
20343,0.017262892358583165
20344,0.01175984082331055
20345,0.01325721686324404
20346,0.019212355909275784
20347,0.02061449801324022
20348,0.02048200149892366
20349,0.023042103598956417
20350,0.01829193171852587
20351,0.018119437212094344
20352,0.016729201195998977
20353,0.017550135073026826
20354,0.01456147442058346
20355,0.015059845394325321
20356,0.007917097069554735
20357,0.009765573754467469
20358,0.006243488900094406
20359,-0.011335486745662583
20360,-0.01141416999553303
20361,-0.012224983047009167
20362,-0.011949829785805726
20363,-0.011372057172821002
20364,-0.0097326004435019
20365,-0.004760111848560437
20366,-0.004906991932277616
20367,-0.0013401016787749722
20368,-0.005353675734227179
20369,-0.005505225786321104
20370,-0.012839815549663548
20371,-0.010890914935407945
20372,-0.013855821605309715
20373,-0.01516643085972612
20374,0.000925188635970648
20375,-0.004191895547838375
20376,-0.011249011770142738
20377,-0.01376278181237499
20378,-0.014416204796793137
20379,-0.014241302837668232
20380,-0.014550129248242474
20381,-0.013033035134498182
20382,-0.023393661156802335
20383,-0.01858624058783094
20384,-0.01491142056013293
20385,-0.008411327295452463
20386,-0.014601176096146558
20387,-0.013707706865245485
20388,-0.013212245193152125
20389,-0.009061778268594648
20390,-0.003939525848346863
20391,-0.0028512823345290864
20392,-0.0013767480407565016
20393,1.9313110940269015e-05
20394,-0.00019612911033278384
20395,0.00029887741018816904
20396,4.952773996641714e-06
20397,0.011914942090677966
20398,0.008498034939012055
20399,0.005515416507330734
20400,0.016483320241815463
20401,0.02184999468229741
20402,0.0215505692314099
20403,0.019326993347307406
20404,0.017770959501316887
20405,0.017264033337803526
20406,0.017498103768973088
20407,0.022483742245442345
20408,0.020986682562267857
20409,0.027221643545238688
20410,0.027835006390311123
20411,0.026492256897550776
20412,0.02336876578501847
20413,0.02563817772647623
20414,0.024994798641264936
20415,0.011666962465671133
20416,0.016388227280779103
20417,0.01669143383985532
20418,0.015483617491965715
20419,0.01596385495824984
20420,0.014415987955685303
20421,0.012950209280230026
20422,0.0033511483682414044
20423,0.00458298164506779
20424,0.0014053496740574344
20425,0.0017421501145917597
20426,0.0029409195395293844
20427,1.0645278780820635e-05
20428,-0.0014918016693200424
20429,0.000643616441046612
20430,-0.0011752972594481293
20431,-0.011593338036414191
20432,-0.011886995243386137
20433,-0.007421845563911044
20434,-0.007572172266919072
20435,-0.005977282231586027
20436,-0.004611720137134794
20437,0.0015126970785258413
20438,-0.004306349269760308
20439,-0.005299055826729848
20440,-0.007672083143523316
20441,-0.007710917807855033
20442,-0.004982444347962047
20443,-0.01092091673060724
20444,-0.013355493424563677
20445,-0.012392960426894356
20446,-0.0067323974714785535
20447,-0.011823528075647413
20448,-0.014321847186073927
20449,-0.010248036878079764
20450,-0.010173976809366258
20451,-0.013400347379626896
20452,-0.014799954934322984
20453,-0.010039388339691873
20454,-0.013997891112896831
20455,-0.01398378340446428
20456,-0.021934105313815153
20457,-0.02192600479648077
20458,-0.020575035214028006
20459,-0.020127659323568196
20460,-0.02045426567646798
20461,-0.016931073116555305
20462,-0.011325269030343968
20463,-0.004202920876221503
20464,-0.012042149450313453
20465,-0.010859046198614266
20466,-0.0032359961723554143
20467,-0.003334929508021067
20468,-0.0028339083928399194
20469,0.004898977179821219
20470,0.006045509539922782
20471,0.014153998994534681
20472,0.007447942791632083
20473,0.016975048679506263
20474,0.01947447843413036
20475,0.021127477448404597
20476,0.016433705141425933
20477,0.016576064951111625
20478,0.005937371438063807
20479,0.01003012444605823
20480,0.00890226756214982
20481,0.00500286555064275
20482,0.0009855148738930222
20483,-0.0032023203749381
20484,-0.010808212759639833
20485,-0.006516205624089235
20486,-0.006068730410587877
20487,-0.00046092408169340403
20488,-0.006353368267727822
20489,-0.008415422603414944
20490,-0.008025418235158276
20491,-0.009388827611385745
20492,-0.007068878458923342
20493,-0.004379204198586591
20494,-0.0018213979364356753
20495,-0.0017314229314659235
20496,0.0027693421684978113
20497,0.008479503489376034
20498,0.013137671557691582
20499,0.015127651754475153
20500,0.009635805195887977
20501,0.009762371066380861
20502,0.006608245681596389
20503,0.010246539230339606
20504,0.00934347244461078
20505,0.005192741144651365
20506,0.006632937898872364
20507,0.00265860536182709
20508,0.00683042477902716
20509,0.004866611905243483
20510,0.005200956358964269
20511,0.0024772244396178782
20512,0.003194353716816636
20513,0.0016759633328548313
20514,0.009940448019687147
20515,0.012193570690703953
20516,0.012235507372677605
20517,0.01721571271329193
20518,0.010152093066874427
20519,0.011758977498946261
20520,0.017469752542116083
20521,0.015258419022655728
20522,0.015894365192011293
20523,0.012380777837895363
20524,0.01343774903262376
20525,0.013247026520740592
20526,0.010325057701792215
20527,0.0032721629319234272
20528,0.0057772359246571195
20529,-0.0035357680641695598
20530,-0.0031093433843094546
20531,-0.004107194224201213
20532,-0.011417525597429099
20533,-0.007028779440147961
20534,-0.008280652670019522
20535,-0.009815077119367636
20536,-0.010537054287505062
20537,-0.014288186032756367
20538,-0.01934695847242089
20539,-0.025693029840049626
20540,-0.02562596664668469
20541,-0.02405178299632286
20542,-0.019356593569912515
20543,-0.021634272253522914
20544,-0.020845072143875706
20545,-0.019224600982782718
20546,-0.015849434063201457
20547,-0.011439014830784593
20548,-0.011846516153539025
20549,-0.011977451083109547
20550,-0.01105537457450553
20551,-0.009102092662552727
20552,-0.004977482632552481
20553,-0.008560065128675824
20554,-0.004273539830556108
20555,-0.006333909222025271
20556,-0.006942541596755951
20557,-0.0077037757209536244
20558,-0.007841093415119993
20559,-0.012026377992682668
20560,-0.014731392504914663
20561,-0.018248530659097102
20562,-0.01602666242797114
20563,-0.018055320739615882
20564,-0.020334683513005214
20565,-0.02720528790127231
20566,-0.026914471410950498
20567,-0.025580250137228047
20568,-0.016230278318519697
20569,-0.01661419757277345
20570,-0.01480374928917422
20571,-0.012706980265553666
20572,-0.01354612567392673
20573,-0.010750261403934995
20574,-0.00771362492995564
20575,-0.008282363090486536
20576,-0.008884257285564719
20577,-0.0028743617855663097
20578,0.0007331966981137902
20579,0.004082341700686111
20580,0.011094406537912894
20581,0.008611396078435578
20582,0.00917478995707152
20583,0.009894202397724554
20584,0.008704089373915772
20585,0.007259938673908919
20586,-0.004119501608185987
20587,-0.004641383603436785
20588,-0.009644233584572176
20589,-0.01023056841855098
20590,-0.00863451498648087
20591,-0.007815528567104404
20592,-0.012956503711774217
20593,-0.015809134961933168
20594,-0.01634790336660314
20595,-0.02156881511662877
20596,-0.021631161033032285
20597,-0.0223664980385256
20598,-0.02375865364646195
20599,-0.022873554443482096
20600,-0.02159094114108737
20601,-0.009380439928281414
20602,-0.005701715183718199
20603,-0.0030222861497102597
20604,-0.001885566784867458
20605,-0.004163447483258369
20606,-0.005220262873031245
20607,-0.009596533526484565
20608,-0.007585149497771635
20609,-0.0072538167607352905
20610,0.001250689975615038
20611,0.004976054407235339
20612,0.003440110497416288
20613,0.0021405505035375708
20614,-0.001607836586903541
20615,0.0017977529300705023
20616,-0.007230894894133024
20617,-0.000266729279173553
20618,3.998634560222314e-05
20619,-0.0005635704213325783
20620,-0.004333173492153708
20621,-0.002903737627371391
20622,0.0003411460999940923
20623,0.0024601716948816133
20624,-0.0002762573749409897
20625,-0.0021705405550485773
20626,-0.001393600656645735
20627,-0.0004452219866621111
20628,0.0010027448357431091
20629,0.0020829218220263655
20630,-0.0016554933415874797
20631,0.00857252697866079
20632,0.003639920324906076
20633,0.006745882979942518
20634,0.007841511682479586
20635,0.016547433232199617
20636,0.016687782815196308
20637,0.013691833010710914
20638,0.009605352989333625
20639,0.012182115229542758
20640,0.012533511866031617
20641,0.01537304097479604
20642,0.016063607522928496
20643,0.015872759892757025
20644,0.013755223745553843
20645,0.01347305348896779
20646,0.010240988434831398
20647,0.007362820630767275
20648,0.004158271268024816
20649,0.00343883794412877
20650,-0.0016424052690739445
20651,-0.0050629760554855305
20652,-0.00481356663656749
20653,-0.003603598329054411
20654,-0.004065848654105575
20655,-0.007240372668662458
20656,-0.012629701956505233
20657,-0.01377639689475833
20658,-0.012733954566380367
20659,-0.004977883745961177
20660,-0.003416445397739154
20661,-0.0022784793309374497
20662,-0.001863954424044383
20663,-0.0019117855126370364
20664,0.000163370088504148
20665,-0.0023339360253221016
20666,0.0010108666834877632
20667,-0.0003634178905206612
20668,-0.002162340027969399
20669,-0.0029517589924050527
20670,-0.000979113494212314
20671,-0.002287733186984158
20672,-0.0020399370833966506
20673,-0.004086614027626196
20674,-0.00665044987709263
20675,-0.007790830652112685
20676,-0.0172396069136329
20677,-0.019065872773959276
20678,-0.016699127144273195
20679,-0.01868276692569657
20680,-0.012976066691573248
20681,-0.014654222381381638
20682,-0.007850383009686598
20683,-0.006373400828052318
20684,-0.005160773405898759
20685,-0.004977239215245073
20686,-0.0003044585850335
20687,-0.0018415498784657722
20688,-0.0025084750506027703
20689,0.005789035205589941
20690,0.0069738549653201466
20691,0.024301068217237914
20692,0.028495235926052433
20693,0.026196259895071152
20694,0.030356464284825017
20695,0.026236081537091255
20696,0.027748678357512737
20697,0.020879316147270628
20698,0.020348393196998604
20699,0.020501025441839734
20700,0.0176407264645622
20701,0.01388033579671346
20702,0.015172169526312786
20703,0.02030953254488946
20704,0.00922367984746192
20705,0.009169923462516992
20706,0.0010622137115783867
20707,-0.0011871521819423955
20708,-0.0012875521774919586
20709,-0.004542289232867428
20710,-0.003431846217510932
20711,-0.0029418528226368853
20712,0.0004644231065923468
20713,0.004344563830185973
20714,0.00518178341296139
20715,0.012612076411015487
20716,0.0172158865707018
20717,0.01794308796089857
20718,0.014859214233117757
20719,0.015023056286355961
20720,0.013960401224983614
20721,0.01460996015441391
20722,0.013028267902089613
20723,0.013832440957516439
20724,0.016217283147900313
20725,0.01672678450184731
20726,0.0163594789265559
20727,0.014476895329508343
20728,0.007777764342257432
20729,0.006894697329955685
20730,0.0024043742683885973
20731,-0.0012638132652696102
20732,-0.0004898940151672627
20733,0.0017567375692515937
20734,0.0026678463479092997
20735,0.002856210451241618
20736,0.002500039722448173
20737,0.003462249675414096
20738,0.002440161507766736
20739,0.002684977834651105
20740,0.0004071163311549176
20741,-0.00024120604058846813
20742,0.002050679216033501
20743,0.006555173163933286
20744,0.006528543405138472
20745,0.002893495745756002
20746,0.0018765892683415145
20747,-0.0001456592121633889
20748,2.5226859687621938e-05
20749,0.0015850544428349833
20750,0.0015799810110942213
20751,0.0009384896915533797
20752,0.0004543973328174842
20753,0.00045807199988161896
20754,0.0022587685904268177
20755,0.0069716253136803364
20756,0.008172339016504096
20757,0.008569451139710818
20758,0.010741929623931456
20759,0.006153260199296361
20760,0.01134674001449984
20761,0.014827788389231641
20762,0.015056685063924687
20763,0.01977293798380059
20764,0.019286646537450047
20765,0.019167759187040202
20766,0.013141592311599948
20767,0.013854121653099362
20768,0.015999742517365228
20769,0.011260121784400366
20770,0.004373040707913536
20771,0.0034531009387384977
20772,0.0035162055010772636
20773,-0.000513800175317737
20774,0.003498287165470666
20775,0.00033042171677464676
20776,-0.001163993758837396
20777,-0.0017712720167006092
20778,-0.004557491566434689
20779,-0.009231519569583093
20780,-0.009413316453580184
20781,-0.0071289208872719065
20782,-0.008145894477886937
20783,-0.01008857456795283
20784,-0.009187734560885692
20785,-0.002978796348664975
20786,0.001622673583844519
20787,-0.0016917339465901083
20788,0.009009207753546722
20789,0.00987242725910804
20790,0.015468953957098384
20791,0.01342324132334449
20792,0.014592177759396665
20793,0.010091549214587946
20794,0.01401488058726089
20795,0.012424600389783257
20796,0.016715477667838
20797,0.0183881334777281
20798,0.018478703244186368
20799,0.022106186647989166
20800,0.021632741936978343
20801,0.01731610274789931
20802,0.02033803217406007
20803,0.008317092355698549
20804,0.011843310922994638
20805,0.005991389417041603
20806,0.008103411683893317
20807,0.009066925709615481
20808,0.009866195118338566
20809,0.011252851829165442
20810,0.013624908717532866
20811,0.0051325837084250335
20812,0.000866742189816558
20813,0.002893999935638282
20814,0.0018072593138318566
20815,-0.003099777619172288
20816,-0.0029811249167674934
20817,-0.009200299818398582
20818,-0.006363047979908149
20819,-0.010014078373799709
20820,-0.007164850394524405
20821,-0.0059732441522044365
20822,-0.008079297704032377
20823,-0.01185285720313356
20824,-0.010464480785229775
20825,-0.010995415631373516
20826,0.011672038519772481
20827,0.019806392638564936
20828,0.01738615444399019
20829,0.009386184485406894
20830,0.013032052207056234
20831,0.015091444694267025
20832,0.012202595374346172
20833,0.013678956107978165
20834,0.013860823039797408
20835,0.00946894394050908
20836,0.009373779884063111
20837,0.00970523637012007
20838,0.020516655136077106
20839,0.01817889640023836
20840,0.019771908413586153
20841,0.005567632153886906
20842,0.0043523817800345125
20843,0.004293618008311627
20844,0.012596147800389926
20845,0.008322146914331948
20846,0.005872252251444949
20847,0.008760216992749374
20848,0.00833998355884023
20849,0.00925574947100887
20850,0.010821888528301361
20851,0.004927017271885417
20852,0.004890004374540947
20853,-0.0010848817887300361
20854,-0.003800339058155214
20855,-0.005063688188356387
20856,-0.002901697008720246
20857,-0.005534268533903382
20858,-0.002921144431835826
20859,-0.009129021066554695
20860,-0.0008599828646681529
20861,-0.00017521334947542006
20862,0.007309258535030536
20863,0.008664730799527093
20864,0.007302630404645571
20865,0.009292357711470632
20866,0.010712254407934784
20867,0.008470622652544205
20868,0.00483740514427446
20869,0.0038445737658380354
20870,0.0024819016037806846
20871,3.061996466507043e-05
20872,0.00038855534228794756
20873,-0.0016700767580570969
20874,-0.0016728308839346604
20875,-0.0080362216832386
20876,-0.007734252787073485
20877,-0.009155490307679181
20878,-0.004829104677446054
20879,-0.0031361911238136997
20880,-0.006569755175369725
20881,-0.009583816061814238
20882,-0.008719760285178613
20883,-0.0064897040615548495
20884,-0.0044016510298772555
20885,-0.006490545274581084
20886,-0.00598938042523106
20887,-0.0035326662286451855
20888,-0.004334955691536048
20889,-0.005564688885567601
20890,-0.0035341889974840066
20891,-0.0035269615870753717
20892,-0.001503812215030402
20893,-0.00924037412596315
20894,-0.011158716058843566
20895,-0.0075637093438556385
20896,0.008472405248016854
20897,0.011018238884567787
20898,0.0026880115881946207
20899,0.0054997603418672865
20900,0.009132732761656532
20901,0.006087076295062681
20902,0.004387846202187514
20903,0.006439425883353351
20904,0.012803775305215587
20905,0.014557650294236807
20906,0.01415277365425238
20907,0.006509536034958313
20908,0.006913727307038603
20909,0.0075185980064255455
20910,0.0074771935495457345
20911,-0.009457125277071503
20912,-0.007452398499196889
20913,-0.0028050945019450772
20914,-0.003212031104257942
20915,-0.003695741707199561
20916,-0.0012411148028704279
20917,-0.0035773742500064933
20918,-0.005886545481589798
20919,-0.005092032004938545
20920,-0.009538354035158354
20921,-0.008759561910827102
20922,-0.006692989500609777
20923,-0.007104989482582699
20924,-0.007269695904873501
20925,-0.01682811507039089
20926,-0.008035885572701537
20927,-0.010662982036932408
20928,-0.009093120750049507
20929,-0.0032443347005856153
20930,-0.004523988314568623
20931,-0.0024125392224545184
20932,-0.0003952030424154993
20933,-5.98499263098372e-05
20934,0.0020945677710503654
20935,0.004012878505534879
20936,0.002716807325568358
20937,0.0034163298621067008
20938,0.000572017103086712
20939,0.0010891038195767807
20940,0.013909466595625261
20941,0.013976285030305777
20942,0.013913215379058964
20943,0.014145596446435104
20944,0.004798873538644892
20945,0.006426372511575648
20946,-3.497647831863994e-06
20947,-0.002743334793287694
20948,-0.002733559612847502
20949,-0.011629005959248583
20950,-0.011343704871987832
20951,-0.011417671202360848
20952,-0.01272552924394859
20953,-0.005739109690633628
20954,-0.006176676742945716
20955,-0.012335110499185889
20956,-0.014467688902524624
20957,-0.013924461026814279
20958,-0.010891089355002886
20959,-0.010257566265930548
20960,-0.010957143308916267
20961,-0.010773042834343848
20962,-0.005428772544479002
20963,-0.005588135926792569
20964,0.002248305488445518
20965,0.0024049751038865918
20966,0.0024907817211037827
20967,0.009072965585198718
20968,0.009410159629376177
20969,0.00957487860161918
20970,0.02475680587744376
20971,0.02582326278095479
20972,0.02530118693727524
20973,0.025962998599562595
20974,0.029400424913565138
20975,0.0319684504908965
20976,0.03642202217168359
20977,0.03333427163544535
20978,0.033623933511095085
20979,0.03407965157569236
20980,0.0390409493395922
20981,0.03884660750920972
20982,0.03665375621309337
20983,0.03169264561050708
20984,0.03054649833490719
20985,0.015306382845073324
20986,0.016097752810918253
20987,0.01675120701237507
20988,0.018247325970721002
20989,0.014600752945295267
20990,0.012353826351121384
20991,0.003880334424200181
20992,0.0016680250685342747
20993,0.002507914479824279
20994,-9.589812712888535e-05
20995,-0.006982149415007506
20996,-0.006395433824760318
20997,-0.008999991090548252
20998,-0.004617802773236279
20999,-0.0037680447139698363
21000,0.00025061602724543307
21001,-0.0017538370013250653
21002,-0.000700765436626949
21003,-0.0032234941512379075
21004,-0.00032240505496443486
21005,0.000697910533942462
21006,0.0015561835417871202
21007,-0.00045212753687378824
21008,-0.0009828913800669099
21009,-0.002577388249802694
21010,-0.009276160333505664
21011,-0.012659315709908431
21012,-0.017071974189390972
21013,-0.017374156066935986
21014,-0.017791923096288326
21015,-0.017815132303947018
21016,-0.015028133912780895
21017,-0.016328852759242955
21018,-0.018139723337184062
21019,-0.016785173069001198
21020,-0.016998500875994155
21021,-0.01824892968065514
21022,-0.016306303132921685
21023,-0.016915562599387934
21024,-0.012868764726793111
21025,-0.0043054027093203185
21026,-0.000745766612670596
21027,0.0034719672940433876
21028,0.003006808500572625
21029,0.0020977980021627913
21030,-0.009965543342401557
21031,-0.010135110247624445
21032,-0.009859050510664512
21033,-0.012394069879470665
21034,-0.014776356652621003
21035,-0.015923701075985352
21036,-0.00873430683458704
21037,-0.009803865882699858
21038,-0.005531759057866254
21039,-0.009047200410494014
21040,-0.009132724698357462
21041,-0.009869773615297258
21042,-0.0072236556925304694
21043,-0.010228564957172824
21044,-0.009387127714517565
21045,-0.0003448793369570312
21046,0.002882833089893016
21047,-0.0033272548535896473
21048,0.0014000973547965664
21049,0.0026433197886936797
21050,0.003511962880292521
21051,0.002408212127875833
21052,0.004865545929267152
21053,0.0011899827751919564
21054,0.006929264656456024
21055,0.005130768388027556
21056,0.007889283125234669
21057,0.00860178179588528
21058,0.006910858267837716
21059,0.007550774827076174
21060,0.007203455550893656
21061,0.0031637076476881223
21062,0.008759843131791917
21063,0.008443512019877059
21064,0.009497614180456651
21065,0.011801935474747973
21066,0.014872685055788612
21067,0.017179138628155823
21068,0.01682212697901359
21069,0.014992304906641827
21070,0.015352785088196206
21071,0.013403087811837477
21072,0.01599771099264784
21073,0.02106921944180566
21074,0.019585816385743533
21075,0.016849905075997196
21076,0.01603840695941214
21077,0.016273384775750643
21078,0.01605142963320399
21079,0.012430111047930577
21080,0.009352897937046738
21081,0.012446385657047964
21082,0.005287252327035154
21083,0.004277035106445071
21084,0.0011709138301173858
21085,0.0051021240268903445
21086,0.004740973961748521
21087,0.002801677325712959
21088,-5.9869527883026054e-05
21089,0.0012695056902999908
21090,0.004969095743493303
21091,0.003705565191518974
21092,0.002876388572093974
21093,0.004328371204762214
21094,0.004476642469583597
21095,0.0045869620770974786
21096,-0.0009637787477355978
21097,-0.0013868874812895048
21098,9.551539426205719e-05
21099,0.0005225469042855011
21100,-0.00018817874219586033
21101,-5.3034339129183646e-05
21102,-0.0031473672492700016
21103,-0.0017252147646128976
21104,-0.0017204575142574232
21105,-0.005236488403728376
21106,-0.004288863076510987
21107,-0.003778132753156618
21108,-0.003960757086364558
21109,-0.0031087574373878297
21110,-0.005670586579635947
21111,-0.0041495051330916405
21112,-0.004268523732938459
21113,-0.004682723547253558
21114,-0.0013260522099415486
21115,-0.002011493417591287
21116,-0.0022701838451740907
21117,-0.0034475032126553722
21118,-0.00855802988526811
21119,-0.006685757778854524
21120,-0.0025031200999984936
21121,-0.0019275926461053794
21122,-0.0014033199275559154
21123,0.0017730745787220628
21124,0.005236622847485959
21125,0.007867512949587768
21126,0.007833429290735855
21127,0.01140833652896292
21128,0.011870416471744284
21129,0.010617405105318164
21130,0.00883646782065508
21131,0.009127612045904157
21132,0.015221781961135938
21133,0.015203826752139184
21134,0.012579156751788594
21135,0.010892812466840615
21136,0.011874743318495225
21137,0.01157870133799461
21138,0.004457151348798998
21139,0.0014034711909676598
21140,0.0014745013333487458
21141,0.00349827160255673
21142,-0.002072654904889018
21143,-0.0024245577196997685
21144,-0.004747588848523452
21145,-0.0029352479490556004
21146,-0.0030230352495820624
21147,-0.009580770939006613
21148,-0.008063405823653681
21149,-0.007765416349057216
21150,-0.010652414975927593
21151,-0.01305783490532121
21152,-0.014617205968059153
21153,-0.015598273144711313
21154,-0.019029189733993607
21155,-0.017854927150846807
21156,-0.020172239614823083
21157,-0.01454960107765878
21158,-0.014658412616863152
21159,-0.019836476639312973
21160,-0.020247682411324963
21161,-0.024114303002550356
21162,-0.021564190708266193
21163,-0.01912444014892215
21164,-0.019224363134827067
21165,-0.014435233445570309
21166,-0.011866048571230917
21167,-0.010836636238621316
21168,-0.007689696184059293
21169,-0.007272130775571994
21170,-0.005929416613209228
21171,-0.007020535052766878
21172,-0.007138388835183884
21173,-0.006883326148882114
21174,-0.006036062704126593
21175,-0.007040914540616578
21176,-0.0035328499418896776
21177,-0.004508597912030961
21178,-0.008935446382135724
21179,-0.007818044342761859
21180,-0.007012353653134742
21181,-0.01272699389982014
21182,-0.012846574456481102
21183,-0.012431762698594539
21184,-0.007281866203933341
21185,-0.009209621043342511
21186,-0.008289038764426585
21187,-0.0066036490623737586
21188,-0.004891026534690339
21189,-0.0010671234790950311
21190,0.0017191344551154954
21191,0.0018223079772430575
21192,0.0033116330324412086
21193,0.0041062046573864
21194,0.003187211717546539
21195,0.005014748602407398
21196,0.010450447840660263
21197,0.010591168886726648
21198,0.006036738457788007
21199,0.0031403812462203087
21200,0.0020408651235727044
21201,-0.003979548126158143
21202,-0.002373519691579233
21203,-0.003850429170956658
21204,-0.0012433723392935472
21205,0.0013462549376505682
21206,0.00035859798095476224
21207,-0.002004466078066586
21208,-0.0029367139872852823
21209,-0.003803469381525508
21210,-0.004485261281499777
21211,-0.006301757240730833
21212,-0.005393511466991626
21213,-0.003551299821913657
21214,-0.004045645472588078
21215,-0.0046774200764672326
21216,-0.0012089612659812394
21217,0.0025108576448220157
21218,0.0036857738753664202
21219,0.0018208169140282071
21220,-0.0026399291007426053
21221,-0.0010179739743268745
21222,-0.001585377642605842
21223,-0.001864932401489342
21224,0.0004651043445529329
21225,-0.0036023377046833353
21226,-0.007028670559047975
21227,-0.008165089741655121
21228,-0.00734268722419758
21229,9.552258460665043e-05
21230,0.0009547141351633141
21231,0.0031751428100777407
21232,-0.008073235817601165
21233,-0.004483157414849219
21234,-0.004986495115634329
21235,-0.0019078329497005755
21236,-0.002305909571668386
21237,-0.0022376013350633283
21238,0.0007298620293953814
21239,-0.0004407348568981185
21240,0.0032399824307650766
21241,0.011395107973494774
21242,0.010768872534336983
21243,0.009606061374276003
21244,0.005017823360447875
21245,0.004740326179349492
21246,0.003521206723283843
21247,0.007888630159387908
21248,0.0022607823270161358
21249,0.005577257485089655
21250,0.003363657839414268
21251,0.003232505683710751
21252,0.003753955313326004
21253,0.0034851844155171265
21254,0.0022714081086130503
21255,-0.0010620865675138222
21256,-0.001999797419902299
21257,-0.0007429429716875976
21258,0.007486976415091939
21259,0.0038597756292947506
21260,0.0035811810944826484
21261,0.006257741667472739
21262,0.005725333312097995
21263,0.00654917395798232
21264,0.005240851488479614
21265,0.0035016678971029128
21266,0.003754153572437489
21267,0.006253520037441378
21268,0.007291556221461742
21269,0.009859152829171956
21270,0.0110037359392076
21271,0.01078232999175649
21272,0.010900545089295176
21273,0.011277669488921897
21274,0.014726682094195588
21275,0.014837495685479742
21276,0.014861520903771163
21277,0.016005590054888576
21278,0.017435021587524732
21279,0.012250337090060575
21280,0.009334473456848853
21281,0.008939715195961857
21282,0.009480757031735993
21283,0.007721194904336673
21284,0.006029975129429109
21285,0.006327340867487954
21286,0.004959878820166027
21287,0.005422801789107299
21288,0.0016458706216364006
21289,-0.002028909957224499
21290,-0.0013243767237376947
21291,-0.0014114006398058025
21292,-0.0003370554746065022
21293,-0.001953142095767774
21294,8.88677445877186e-05
21295,0.00038106197744528533
21296,0.00036597896684413875
21297,-0.004168618952793803
21298,-0.0004640469986408669
21299,-0.0002507623787929978
21300,-0.0016460714080404838
21301,-0.0008677196561953229
21302,-0.0018278018278019086
21303,-0.004548488628169466
21304,-0.004095848718192232
21305,-0.006395320449596182
21306,-0.011964846541972812
21307,-0.015214756508594383
21308,-0.01608813233785497
21309,-0.02124894585440806
21310,-0.015846775168914248
21311,-0.016076899315134185
21312,-0.016049538826636147
21313,-0.015196579778372823
21314,-0.0153610293379926
21315,-0.01664271121188792
21316,-0.021447523873234214
21317,-0.021728442050964872
21318,-0.020133086682546104
21319,-0.016134112049089575
21320,-0.014176923205445622
21321,-0.01312338678746541
21322,-0.010043262370643324
21323,-0.009684588544880303
21324,-0.007400673082424031
21325,-0.007257131507733613
21326,-0.006860218210575886
21327,-0.004928041920857895
21328,-0.011037145774669067
21329,-0.01089335610155432
21330,-0.00837996204585602
21331,-0.010629358677952786
21332,-0.009665905286280314
21333,-0.014572392550239816
21334,-0.013193088674944077
21335,-0.012652331312426428
21336,-0.00835657939950866
21337,-0.005274239988165013
21338,-0.004605875378843382
21339,-0.004667518845113539
21340,-0.010223651920176404
21341,-0.008868595677719367
21342,-0.005040549151799176
21343,-0.004072828444666043
21344,-0.003948335450218133
21345,-0.010529111604009614
21346,-0.005768653798947212
21347,-0.005991933663547817
21348,0.0011174489823332317
21349,-0.002626687498406378
21350,-0.004197441297541413
21351,-0.0008085521922205806
21352,-0.005032145843047079
21353,-0.0052320224894078365
21354,-0.004596504823472528
21355,0.00023245307732502922
21356,-0.0011448311014552656
21357,-0.005158406030902605
21358,-0.005985866451898024
21359,-0.004029321493338731
21360,0.0016014298589719777
21361,0.006888276213830808
21362,0.006197982893252323
21363,0.003909364119470291
21364,0.0042836264932832255
21365,0.006069965445938956
21366,0.004938027303020277
21367,0.002181500321796514
21368,0.0027509694673951367
21369,0.004051168609247962
21370,0.004871791503692634
21371,0.0048275947437573154
21372,0.00153688485728438
21373,0.0021489425862242003
21374,-0.0005693707895562118
21375,0.0006381785972089715
21376,-0.007209724032985308
21377,-0.006046206233416232
21378,-0.009914145827265365
21379,-0.008046308995806708
21380,-0.008513955681068571
21381,-0.01453659075668031
21382,-0.017738511147160737
21383,-0.01884311929770398
21384,-0.019329968000028196
21385,-0.024042268540374955
21386,-0.02462462945648425
21387,-0.023055515370385648
21388,-0.021481591802390974
21389,-0.020862550906367728
21390,-0.019800311867011075
21391,-0.009533530874964084
21392,-0.0016046219614281722
21393,0.0030549158955725476
21394,-0.007143299958128609
21395,-0.006255673460757691
21396,-0.003366302264276552
21397,0.0034741378713344555
21398,0.0036432836261399474
21399,0.002032645107562198
21400,0.0035259535838309194
21401,0.004405287479096058
21402,0.0026763064696529604
21403,0.008638543491816654
21404,0.00848628252011636
21405,0.009041955469571374
21406,0.0038020911501326147
21407,-0.0046191127172379295
21408,-0.0075843199492143945
21409,-1.0747897570467523e-05
21410,-0.002818913392383048
21411,-0.002025887476552827
21412,-0.003282678407935439
21413,-0.002973650880754504
21414,0.00020328798447528885
21415,-0.003642670268269628
21416,-0.003956376947233145
21417,-0.0023134807679024423
21418,-0.004362989652623735
21419,-0.0027999953803925525
21420,-0.01059284637016704
21421,-0.011842792974116171
21422,-0.011960438549413525
21423,-0.011903516068672028
21424,-0.011538759766297287
21425,-0.009412596820648773
21426,-0.004276273727643312
21427,0.0030796169058120403
21428,0.0029535384498591134
21429,0.001033405499142328
21430,0.011221193188507169
21431,0.0123475715798451
21432,0.01366480904143024
21433,0.00974369007013273
21434,0.008685055430089909
21435,0.014681874169642365
21436,0.012758067194332147
21437,0.013106231085590149
21438,0.016170192931415465
21439,0.012715757665350023
21440,0.012927148902591641
21441,0.0030974516023187285
21442,-0.004974792408066387
21443,-0.00478651694587597
21444,-0.0023788339847325935
21445,-0.004064543576339778
21446,-0.0037717073592831627
21447,-0.004587659829649201
21448,-0.004201211964647235
21449,-0.003992324082718543
21450,-0.0003126002394134826
21451,-0.000859624099610152
21452,-0.0007907025431669992
21453,-0.004501577399609591
21454,-0.0010338150048891138
21455,-0.0023107520640478227
21456,0.002336439606743367
21457,-0.0020377378463492836
21458,-0.0034078908488250886
21459,-0.0065596380662785985
21460,-0.007943562465867963
21461,-0.009420261161572487
21462,-0.009227080029474276
21463,-0.009335852014735855
21464,-0.01124416695870288
21465,-0.018861176898229984
21466,-0.007884622315421126
21467,-0.008337180955077215
21468,-0.008160214411054278
21469,-0.006602125403788072
21470,-0.00576733209718976
21471,-0.008980224309801239
21472,-0.003497565735441408
21473,-0.004096337145460427
21474,-0.006043641633803415
21475,-0.005739738036303622
21476,-0.006688742405017627
21477,-0.005506819954896262
21478,-0.005084920317013728
21479,-0.003889390219162986
21480,-0.004722360040472127
21481,-0.010690844560231607
21482,-0.008749965215545052
21483,-0.008069142993266292
21484,-0.01022081557347697
21485,-0.010767258649454721
21486,-0.0037765058565284964
21487,-0.002357290769129477
21488,-0.0005138893814920932
21489,0.004516236853958687
21490,0.0025608516705440338
21491,-0.00032843288960705217
21492,-0.0001317417954354097
21493,0.0010117264031721583
21494,0.0010807031671234608
21495,0.004522833486429705
21496,-0.0014182454173953848
21497,-0.0035161687355491347
21498,-0.0023742172238336544
21499,-0.003563317531647251
21500,-0.0011575216638097519
21501,-0.007440090780618397
21502,-0.005792168219937683
21503,-0.005871452793447046
21504,-0.009011011359628781
21505,-0.013402434652331912
21506,-0.010254108772714434
21507,-0.015697530880239452
21508,-0.0171648172171971
21509,-0.01674177954383539
21510,-0.019183768001290746
21511,-0.016486069928100422
21512,-0.01709691101582392
21513,-0.015163342372048508
21514,-0.01348225095108671
21515,-0.01529365470313525
21516,-0.011553310645673652
21517,-0.016147202892378407
21518,-0.015705648134493436
21519,-0.010185375930711301
21520,-0.00300875675108795
21521,-0.0025928414902920923
21522,0.006813680800163217
21523,0.007241049408907164
21524,0.006732309191565368
21525,0.009979408664386123
21526,0.007994868604781356
21527,0.006960161527976556
21528,0.0004690015404754647
21529,-0.0020765718322285384
21530,-0.0021418669039457417
21531,-0.012815380253210542
21532,-0.005688808638453423
21533,-0.005819840133073288
21534,-0.009591423456294114
21535,-0.01688131981179811
21536,-0.01937150157485046
21537,-0.027041428838911027
21538,-0.027243427389616607
21539,-0.02795337953733876
21540,-0.030578137240015783
21541,-0.029690551882244825
21542,-0.028563808001703675
21543,-0.018244368928800818
21544,-0.01733458386783956
21545,-0.014459706952415973
21546,-0.004472153636291574
21547,-0.017038123026601983
21548,-0.017209203625025
21549,-0.03043309194248177
21550,-0.018011897192719433
21551,-0.014491738802075898
21552,-0.0005509113216049602
21553,-0.004273231005666306
21554,-0.0010263500039827918
21555,0.006785405849377529
21556,0.008951959264518734
21557,0.009278964172308045
21558,0.004590513818859349
21559,0.008372933159094214
21560,0.005853124700423171
21561,0.007844419462140734
21562,0.020546972984540442
21563,0.021779408947950347
21564,0.03669851786840056
21565,0.02894483016546951
21566,0.028793888084143373
21567,0.018502377991096455
21568,0.023654847010872056
21569,0.02112760952899404
21570,0.025060607275887582
21571,0.020592498168797428
21572,0.019021979454660044
21573,0.015909912535738983
21574,0.012384292202035421
21575,0.01252533927590444
21576,0.005523376102614252
21577,0.003751352708642356
21578,0.0015351827291677728
21579,0.005307421035882512
21580,0.005344341809150267
21581,0.009563869251007981
21582,0.00992961733030923
21583,0.010013793782553744
21584,0.010711322899333986
21585,0.003328413534113058
21586,0.005759253969277836
21587,0.007875324335474944
21588,0.0058553456976127025
21589,0.007704874631808608
21590,0.005910217990351394
21591,0.00941348713727995
21592,0.007715570288985521
21593,0.008575373915106082
21594,0.009165546254590453
21595,0.006237819741255124
21596,0.0014227070119954758
21597,-0.005661350859034107
21598,-0.004094748453658568
21599,-0.004243312958342298
21600,-0.003825341256712454
21601,-0.006503215875982708
21602,-0.007090618899976469
21603,-0.003664683435489037
21604,-0.0042497404933971835
21605,-0.0029186896282167338
21606,-0.0036512668247804803
21607,-0.009758181523799416
21608,-0.012579402160788714
21609,-0.02101382560695156
21610,-0.02591715449856464
21611,-0.025848734129175675
21612,-0.019937036773371997
21613,-0.013690018013181579
21614,-0.015647122164121844
21615,-0.01465264496332572
21616,-0.015944596256337082
21617,-0.019249307582182656
21618,-0.02096523763203609
21619,-0.026199002984509685
21620,-0.026329282640668073
21621,-0.02407835080049238
21622,-0.020217221645844226
21623,-0.017136229609473703
21624,-0.01746654757293152
21625,-0.007386309295455634
21626,-0.0062051140134284635
21627,-0.016694309369598308
21628,-0.019799769101858482
21629,-0.018389600673337714
21630,-0.02780810540951627
21631,-0.02235890834012319
21632,-0.01889550705577944
21633,-0.021193401399430576
21634,-0.01910502186207374
21635,-0.021409694468638822
21636,-0.02054350153219339
21637,-0.023208720803489204
21638,-0.024003247746416146
21639,-0.019484973273328942
21640,-0.024233801144203218
21641,-0.026239072572850665
21642,-0.02021192217500255
21643,-0.020540785962299152
21644,-0.01974453184586985
21645,-0.006071733666446905
21646,0.004776996796711701
21647,0.007373985176418676
21648,0.020323897153080923
21649,0.026327132167126267
21650,0.029037810242444638
21651,0.025015759219005156
21652,0.023674049173950197
21653,0.025196025588977405
21654,0.025923560776034214
21655,0.027858470084950872
21656,0.02766770106233562
21657,0.03922096446221396
21658,0.03527247018176902
21659,0.03363721436525149
21660,0.0231211017958124
21661,0.009567447781088048
21662,0.006439169994849409
21663,-0.003733779801623613
21664,-0.011881914850713098
21665,-0.012430952224114642
21666,-0.0022738807969488167
21667,0.002966218487985921
21668,0.0003224754001005421
21669,0.0009309820794722552
21670,0.008312338626805837
21671,0.0096651730113247
21672,0.010116073669349957
21673,0.005851730218566775
21674,0.0061963977343186824
21675,0.008387669893329808
21676,0.013711360525299789
21677,0.014606064536350966
21678,0.02106157048176028
21679,0.027045103107159768
21680,0.02735992115673097
21681,0.017147892170224065
21682,0.015626782497723056
21683,0.017151890182938407
21684,0.015121601428641123
21685,0.003009501675231372
21686,0.004208755785400354
21687,-0.004982642814391228
21688,-0.00011529155686830476
21689,0.000228547688904882
21690,0.001473056544190041
21691,0.0007870400210516365
21692,-0.00014727364001578826
21693,-0.007532554890700914
21694,-0.003927883362051979
21695,-0.004221426402226489
21696,0.00031334480053256413
21697,0.000301656561879949
21698,0.0005334503665345467
21699,0.0011734195629788961
21700,0.0035234530426837924
21701,0.0022686226098060035
21702,0.007744379857447671
21703,0.005472976760200516
21704,0.007032375084918433
21705,0.010257774245648166
21706,0.007421898806369803
21707,0.007980317294922488
21708,0.011860597521595975
21709,0.006053366654910495
21710,0.006783448067369363
21711,-0.00014428973378540643
21712,0.0009580547745054904
21713,0.0015753354458175395
21714,0.00315870837909489
21715,0.006443320555529926
21716,0.006224458001856612
21717,0.002789504248190768
21718,0.006334589385189459
21719,0.005842405350170496
21720,-0.0001583364260480881
21721,-0.0003780296860293173
21722,0.00012974579601159454
21723,0.001662407939442846
21724,0.0004890964537863095
21725,-0.0007565092306285476
21726,0.004043083067702869
21727,0.005962949830226704
21728,0.005719602928330731
21729,0.002692212976318388
21730,0.0012720656496834379
21731,0.0013886888964336412
21732,0.009199730582153155
21733,0.011320093759941354
21734,0.010618160237451262
21735,0.01666840714503819
21736,0.016415229866072505
21737,0.015728910324258986
21738,0.012181649220460325
21739,0.02096035366847806
21740,0.0215099103140911
21741,0.01594445702370663
21742,0.014934218730268435
21743,0.01455205881345079
21744,0.014306814737393639
21745,0.014537742378160183
21746,0.014005621456412628
21747,0.011281131243058205
21748,0.0054954886339449935
21749,0.0020441088386912586
21750,-0.00161590083871337
21751,-0.0026028957637877857
21752,-0.0019126795331843554
21753,-0.005719209238822736
21754,-0.009626633426992454
21755,-0.009120529270373144
21756,-0.001605622748350746
21757,-0.003419184840150579
21758,-0.006206195231048116
21759,-0.005543903890407716
21760,-0.006349387986512625
21761,-0.006438898377499632
21762,-0.008397246936864725
21763,-0.007393109259000333
21764,-0.004560521832994104
21765,-0.003409458812878051
21766,-0.00274785002437382
21767,-0.003325782279452229
21768,2.696586383444779e-05
21769,-0.007497265097628071
21770,-0.007323597806605622
21771,-0.005752705803473409
21772,-0.007147502270899778
21773,-0.0037228670573063324
21774,0.002939616510811141
21775,0.005016906671873449
21776,0.005202361791068484
21777,0.0027149981296156647
21778,0.001763779972041971
21779,0.0028484509587248397
21780,0.002221508435590238
21781,0.003081649195971667
21782,0.002924248038363789
21783,0.006878727831974236
21784,0.01257210144679491
21785,0.008751637213282046
21786,0.0064312657814637065
21787,0.00492785422939375
21788,0.004506964342367691
21789,-0.0035406694572016496
21790,-0.0080107316720007
21791,-0.007393332973801242
21792,-0.0033023072352777023
21793,-0.001859808671106808
21794,-0.0013133017025217873
21795,-0.00044435995346730464
21796,-0.0011552279210223317
21797,-0.0008512770720449806
21798,-0.004323428207118981
21799,-0.0069699286442405405
21800,-0.003595087922409805
21801,-0.008368289060128693
21802,-0.0032701713247929635
21803,-0.0037377767281861992
21804,-0.001357656707551665
21805,0.0015195234346060203
21806,0.001289257456472418
21807,0.0010384145371758302
21808,-6.795500646825724e-06
21809,-0.0011056891045510165
21810,-0.00039864076023512693
21811,-0.0060831145045338346
21812,-0.006476000802682779
21813,-0.009138260518504936
21814,-0.0033246768482712683
21815,-0.004378127748607759
21816,0.010741383306832983
21817,0.014858668098052743
21818,0.01588615169355435
21819,0.015271604375354813
21820,0.01509170544685972
21821,0.015606351692868189
21822,0.014484312689536163
21823,0.012250541356783223
21824,0.012514702004960278
21825,0.008459095752913303
21826,0.013762901982339837
21827,0.01378865830455554
21828,0.018144897744043775
21829,0.01488194626356492
21830,0.015960529600826313
21831,0.0015718267967380528
21832,-0.006867577040723063
21833,-0.006646757282756206
21834,-0.008002312628084984
21835,-0.006931012666399745
21836,-0.009716618835518283
21837,-0.013838109546356215
21838,-0.016811407248200686
21839,-0.017542288523830357
21840,-0.014946784447248666
21841,-0.013864765071128535
21842,-0.012986841389387603
21843,-0.015719929002764258
21844,-0.012182790003370731
21845,-0.012787835708524148
21846,-0.01166517864436028
21847,-0.009680365391796605
21848,-0.010811312238711023
21849,-0.00772810154405924
21850,-0.010658647132704573
21851,-0.008347175354538583
21852,-0.008756240839194988
21853,-0.006397925099473549
21854,-0.005138202138868567
21855,-0.0010406827887987325
21856,-0.0010410994009674597
21857,-0.00109982326706309
21858,-0.0015487102102579025
21859,-0.005020961294725528
21860,-0.004728766127261789
21861,-0.006642241465260274
21862,-0.0016422068697499155
21863,-0.0018479787289373386
21864,-0.0030637123152110527
21865,0.004281635411253831
21866,0.003997927837547033
21867,0.004306921797197894
21868,0.004857490613688396
21869,0.004070797067716421
21870,-0.005462635520438984
21871,-0.006183189473332797
21872,-0.004985398814824638
21873,-0.005855719414322694
21874,-0.005772240669299593
21875,-0.006177025355637438
21876,-0.005232104822759707
21877,-0.00965745721502896
21878,-0.00858512769133971
21879,-0.008017643392013057
21880,-0.015028091468238929
21881,-0.014361773979222635
21882,-0.012451097062885474
21883,-0.00624412615770424
21884,-0.007661790400132898
21885,-0.0021193074355058106
21886,-0.001569696785361472
21887,-0.0030101351074767546
21888,0.005968898881358033
21889,0.005856620105485863
21890,0.017060710246370615
21891,0.018774432530702337
21892,0.019529027827131704
21893,0.019044357819656785
21894,0.01843586661777373
21895,0.022971497200736667
21896,0.02269333035153919
21897,0.023554177770256646
21898,0.01676859690943059
21899,0.018038421084292745
21900,0.019949064639146103
21901,0.018434457821750676
21902,0.01932933401463203
21903,0.011022071269739952
21904,0.013975785945354851
21905,0.003346039924073243
21906,0.009785120882534784
21907,0.007656457622345807
21908,0.007858661315896583
21909,0.00704913619703841
21910,0.003926291895750141
21911,0.0038023504919993977
21912,0.0040463710488510786
21913,0.007148905862326679
21914,0.0066501473746794675
21915,0.0034601419809254397
21916,0.004131985275088094
21917,0.002867378669135089
21918,0.00660548919616846
21919,0.0063797195572952445
21920,0.0065658155048981355
21921,0.003847213041809586
21922,0.00928483551834778
21923,0.00898085816974309
21924,0.010693324964052205
21925,0.010987413128751629
21926,0.011290623866474628
21927,0.01287293924530003
21928,0.01069686930795889
21929,0.011419621237118323
21930,0.01219677975392557
21931,0.010755008318812426
21932,0.011453564361874698
21933,0.011042060135595742
21934,0.007707022168626291
21935,0.0044108774276929875
21936,-9.153085091032502e-05
21937,-0.0015601311319543836
21938,-0.0012779639465084183
21939,-0.0015794951600942345
21940,-0.001929865597823204
21941,-0.002228820449478788
21942,-0.0030623576044548247
21943,2.736381133392977e-05
21944,-0.0015590815991810235
21945,2.097665784023818e-05
21946,0.0005335661000495074
21947,-0.0002631073982879941
21948,-0.0027892378472213165
21949,-0.0013506251604075846
21950,0.0017288426264836566
21951,0.0007791119820479602
21952,-0.00359049662550784
21953,-0.004761371030683925
21954,-0.009519119965608593
21955,-0.005873099511921251
21956,-0.005655522114663176
21957,-0.004137755540900883
21958,-0.002546810656046005
21959,-0.0012147970682010074
21960,-0.002931042730346276
21961,-0.0018091103034761663
21962,-0.0017535713352204922
21963,-0.002932823053950336
21964,-0.007199824563428378
21965,-0.006883164536499445
21966,-0.007549190367189943
21967,-0.005168287302604089
21968,-0.00499341161396006
21969,0.000248309298200336
21970,-0.00304842819854116
21971,-0.003590487425944902
21972,-0.0077037352370567715
21973,-0.005560423974636616
21974,-0.005313509903382549
21975,0.006956611423415259
21976,0.00786027231768722
21977,0.008432595837379733
21978,0.007523016600167079
21979,0.005809690775023363
21980,-0.00029816309314496087
21981,-0.0007072789410284102
21982,0.00035196705588360223
21983,0.0012054068740308367
21984,-0.004135650794159868
21985,-0.005782015755210363
21986,-0.005492868845819483
21987,-0.004742372787391403
21988,-0.011880165022917253
21989,-0.011172742292594087
21990,-0.019828039112872228
21991,-0.023900768338095242
21992,-0.023887516521023753
21993,-0.024389439972690927
21994,-0.01994086193017583
21995,-0.013825299266439576
21996,-0.010111506365741124
21997,-0.01526145831770304
21998,-0.017106310522763468
21999,-0.012752676953389741
22000,-0.011035901941028017
22001,-0.010828348351599187
22002,-0.010514377814282723
22003,-0.007988981003764009
22004,-0.008792442216755758
22005,-0.014670560932294704
22006,-0.009891171292988702
22007,-0.010830645014069601
22008,-0.0090525788129584
22009,-0.006345221899310333
22010,-0.0067968859333944346
22011,-0.008772473919300838
22012,-0.0010784561761911077
22013,0.0003116228205812507
22014,-0.004235401305786102
22015,-0.003160898218182735
22016,-0.004823658656699519
22017,-0.00375230869315541
22018,-0.004695643254204674
22019,-0.005448331576655287
22020,-0.0007618874759733508
22021,-0.0038459897015255293
22022,-0.003596663291993542
22023,9.990263457511295e-05
22024,-0.0005926545649436248
22025,-0.0005198186809112289
22026,0.006583390760440564
22027,0.0064745669814441865
22028,0.007551605002198315
22029,0.01360205689640863
22030,0.014556463012034596
22031,0.017026493763561006
22032,0.010851756039997636
22033,0.010895617599787808
22034,0.012848520616809278
22035,0.006571273633748078
22036,0.011033498241214737
22037,0.009726887232034976
22038,-0.0018321581411721037
22039,-0.00467305628226133
22040,-0.00417364848792699
22041,-0.011963768222385002
22042,-0.015491470858767483
22043,-0.01628474806429293
22044,-0.0184549723067269
22045,-0.019887419100039664
22046,-0.020766826309515925
22047,-0.011395356491492469
22048,-0.013259483355130533
22049,-0.013661902631140607
22050,-0.008705110544333745
22051,-0.012535626247703383
22052,-0.010741915982347375
22053,0.0015654747296160684
22054,0.0018218399124795886
22055,0.001252119562969699
22056,0.00191890375057014
22057,0.0030380115065415485
22058,0.0031630028218817725
22059,0.003981601322156149
22060,0.005759456104752743
22061,0.005664322281357597
22062,0.0030166976606786967
22063,0.006017712712832086
22064,0.004985741789552305
22065,0.003179870661975629
22066,0.007225768853805263
22067,0.009433160083462944
22068,0.010418335297361227
22069,0.007613939798318472
22070,0.008171890634403886
22071,0.0060337120511547776
22072,0.002791712820339171
22073,0.002266264962998501
22074,-0.0021694681471092388
22075,-0.004062400284199059
22076,-0.004333847746808293
22077,-0.0039849642480714546
22078,-0.004008000200136739
22079,-0.004100330496803923
22080,0.0031671535998283136
22081,0.0001604259229355084
22082,-0.0011210544629881283
22083,-0.00517180712395562
22084,-0.0014478207959284955
22085,-4.228396439744253e-05
22086,0.002556935133442259
22087,0.00129248742344814
22088,0.0014307707865067328
22089,0.00824939417517723
22090,0.010887502083608783
22091,0.01092975990367842
22092,0.0072620429253203575
22093,0.007018694220404416
22094,0.006457325009877216
22095,-0.0017881251766500945
22096,-0.004080475668079949
22097,-0.004945846839003312
22098,-0.005977353901952466
22099,-0.003213919232194708
22100,-0.004775138288855824
22101,-0.0032802294847075987
22102,0.0016186628506071384
22103,0.000659655650259104
22104,-0.007875681824872516
22105,-0.008741973242174498
22106,-0.009418679292383748
22107,-0.007716992323970341
22108,-0.004625162554142164
22109,-0.0039893742807144755
22110,-0.004036217439493512
22111,-0.003475671094424447
22112,-0.004199493082690873
22113,-0.0034741145135022897
22114,-0.008554981816243413
22115,-0.009013134004425218
22116,-0.01251359069888813
22117,-0.014839637197181966
22118,-0.013344083216744454
22119,-0.011949027866493647
22120,-0.014496839394928277
22121,-0.011716736731845164
22122,-0.01337431462624642
22123,-0.01572202373180445
22124,-0.01614566474537397
22125,-0.011730092825218844
22126,-0.011022158775679585
22127,-0.010332227375815694
22128,-0.008565305944742871
22129,-0.007689209846383471
22130,-0.005378825302688711
22131,-0.003324988609304865
22132,-0.004657563954370309
22133,-0.005580354758562917
22134,-0.001786063343174886
22135,0.000534292680753813
22136,-0.001107834095951388
22137,-0.0021092050008328016
22138,-0.0005702783671279962
22139,0.003063970951399495
22140,0.0013176538589676802
22141,0.006036908890469541
22142,0.006007409066408333
22143,0.0052434557216914125
22144,0.005933909414133027
22145,0.004466254357215217
22146,0.005661455663624872
22147,0.005490243219840701
22148,0.007744679091273
22149,0.004586369826768796
22150,0.002910353547206308
22151,0.001886425645735392
22152,0.0023001944602350976
22153,-0.00017107387468648835
22154,-0.002698280440995378
22155,-0.0016037440113483938
22156,-0.0036490353876277846
22157,-0.0029924253318378076
22158,-0.0028339364893495422
22159,-0.0012708699592847174
22160,-0.001252806152504311
22161,-0.0007842537818607317
22162,0.000786976276494753
22163,-0.0007069601061851929
22164,0.0033787505575098766
22165,0.003268290230376888
22166,0.00457081987308333
22167,0.007345982811462199
22168,0.009505074763761
22169,0.008754942295326458
22170,0.00982127848200211
22171,0.007720358697604397
22172,0.006624356187954236
22173,0.006776273452966308
22174,0.004515647239656106
22175,0.005630554290798833
22176,0.0029401284627194263
22177,0.002787315779972437
22178,0.002595443134648838
22179,0.00461588069756532
22180,0.0031400898577495966
22181,0.0031520855291273194
22182,0.004571534140625793
22183,0.0005988012816578734
22184,0.004208881696944614
22185,0.003836387979618067
22186,0.009375608353653758
22187,0.011496766003876118
22188,0.01177727011013916
22189,0.013654290129478218
22190,0.011844027627571882
22191,0.015192988824284596
22192,0.015589833263132857
22193,0.011741419082618679
22194,0.007670166144048443
22195,0.01074944230608261
22196,0.010453840799167294
22197,0.008996523287613224
22198,0.008116946475465863
22199,0.004029306936980577
22200,0.0015608529317946238
22201,-0.0057507386149249
22202,-0.01359036106651551
22203,-0.010939991718365717
22204,-0.014061912480930663
22205,-0.013228232784793013
22206,-0.015353007938385949
22207,-0.013655439082299194
22208,-0.009678983110019307
22209,-0.012423934824293185
22210,-0.01785516171282932
22211,-0.018736627958933667
22212,-0.02429595312569767
22213,-0.02164675232873834
22214,-0.022092808136326445
22215,-0.020092313541226505
22216,-0.017256598111042465
22217,-0.010682050819723237
22218,-0.014308743908323892
22219,-0.015918818705356583
22220,-0.013098826767218524
22221,-0.01049479646411032
22222,-0.013128031153689925
22223,-0.01345918100265091
22224,-0.01090837556287176
22225,-0.008798913861066538
22226,-0.007947135171477172
22227,-0.003339865199509007
22228,-0.004018768069516177
22229,-0.0046953329096943355
22230,-0.007014491755395978
22231,-0.008591699701150106
22232,-0.009283168631954285
22233,-0.005856238503927611
22234,-0.0011550658311853565
22235,-0.005846390775485164
22236,-0.010390915269901024
22237,-0.003755304054281302
22238,0.0006361008203655677
22239,0.003441224298617159
22240,0.0008922661534876257
22241,0.000996050897147782
22242,0.0004418383066249731
22243,0.00020487090025079409
22244,0.0020369411171578615
22245,0.0049045388321827576
22246,0.00734598441941723
22247,0.007669177746930394
22248,0.004972126490508343
22249,0.004876421421513543
22250,0.006069329553514362
22251,0.003986576219210912
22252,0.0064178821582875955
22253,0.0025409034634162795
22254,0.006662518091823822
22255,0.012600927895829533
22256,0.011470295887994381
22257,0.009595750723204144
22258,0.01019740051001867
22259,0.009883522670466858
22260,0.006233613139040308
22261,0.004997143027938007
22262,0.004334916528824855
22263,0.005145417062559418
22264,0.005638170034176372
22265,0.007386662753107857
22266,0.011339002789662362
22267,0.0015447417078115603
22268,0.001497503490285562
22269,-0.0020423278108220697
22270,-0.003640348878758105
22271,-0.002455572092561863
22272,-0.0016936308890037612
22273,-0.0017839249344502866
22274,-0.0029178170928694613
22275,-0.007644130322413535
22276,-0.015290653434361949
22277,-0.014876554198830284
22278,-0.01744225602618607
22279,-0.01950434695766518
22280,-0.02091250077519046
22281,-0.021020086454530063
22282,-0.020289871377210555
22283,-0.018393117123950243
22284,-0.018661848796918245
22285,-0.01588890894625295
22286,-0.016729797726640218
22287,-0.016077952410032192
22288,-0.015466606926516694
22289,-0.013226966588827296
22290,-0.012075263625749198
22291,-0.0021133480499486495
22292,-0.0015733146672878868
22293,-0.002663723875618661
22294,0.0020340988032978313
22295,0.0015171528089850251
22296,0.0009222713930367152
22297,0.0012216011231731834
22298,-0.0013224698181120269
22299,-0.008439230078943788
22300,-0.0046311519290668825
22301,-0.006038796090646863
22302,-0.008864493354080025
22303,-0.009676918889493707
22304,-0.010524346321156348
22305,-0.006505974766012681
22306,-0.008616082481423072
22307,-0.00866182361957213
22308,-0.006385301560626778
22309,-0.015825805767686302
22310,-0.01610756257804956
22311,-0.016394319328107133
22312,-0.02001249056858311
22313,-0.019628633445939025
22314,-0.012795983005360848
22315,-0.018212470173254565
22316,-0.016340704188367115
22317,-0.014153928295991521
22318,-0.01635615415038338
22319,-0.014401861432551061
22320,-0.01641588034006501
22321,-0.015552368156508274
22322,-0.01602018230061727
22323,-0.019390147349053994
22324,-0.016908490795915162
22325,-0.016693768319244188
22326,-0.019082616347065044
22327,-0.014962334319211618
22328,-0.013205815708812131
22329,-0.017146735938986298
22330,-0.020974602841792058
22331,-0.019909062620877514
22332,-0.003044212541587374
22333,0.0030763333012939495
22334,0.0008703079428915402
22335,0.0035651501399236382
22336,-0.0017070381658531818
22337,-0.0017054217209194762
22338,0.0031897362870796017
22339,0.0032709211644062004
22340,0.004045366031379672
22341,0.005305825916762324
22342,0.0061239332692688145
22343,0.0036904506060523646
22344,0.0014070305086915213
22345,0.006322919069135419
22346,0.004813724249582878
22347,-0.008863193505000855
22348,-0.01523086976795748
22349,-0.015642169525978997
22350,-0.02234921657755722
22351,-0.017138472104330345
22352,-0.017320161545859896
22353,-0.023071213961802294
22354,-0.02062443202379343
22355,-0.0224644969517501
22356,-0.021138296001969065
22357,-0.027850232425011164
22358,-0.026754741497071393
22359,-0.02439629918677112
22360,-0.015271758381798185
22361,-0.014601273142919112
22362,-0.010680079734069429
22363,-0.008015233922859664
22364,-0.008552064567167643
22365,-0.0044593018150801715
22366,-0.006925781972977938
22367,-0.006557553563371412
22368,0.012747368128774323
22369,0.014554575357780118
22370,0.015797057221772385
22371,0.012237727571470274
22372,0.01507644946838514
22373,0.013857722296263884
22374,0.016939391497755724
22375,0.008053684349918213
22376,0.008144108394784464
22377,0.005181381112653228
22378,-0.0014716567073440841
22379,-0.0010080363132877368
22380,0.005393916866786129
22381,0.007011357579236534
22382,0.008988449607135235
22383,-0.004659748742141975
22384,-0.0006083125500275033
22385,-0.00010315592116407259
22386,0.0043885910260723655
22387,0.0006997737132397061
22388,0.0017459645777064155
22389,0.00662014024049454
22390,0.00497506920796962
22391,0.01219152045246078
22392,0.0013719521271211722
22393,0.009855298933025593
22394,0.011280766343394217
22395,0.00671961008488381
22396,0.004819366301450972
22397,0.0029949402304959355
22398,0.005070321425153627
22399,-0.0045036308933813565
22400,-0.009151580794399414
22401,-0.01215114706342105
22402,-0.0030892652445986004
22403,-0.0035091844248914053
22404,-0.009336578032030814
22405,-0.007190686596690321
22406,-0.014452939070364946
22407,-0.003376907243348447
22408,-0.006892832641740675
22409,-0.00907173460789186
22410,-0.011816065027401287
22411,-0.011436081434828878
22412,-0.009350685116252495
22413,-0.010968183790821354
22414,-0.004826457678256572
22415,-0.0004224681152103417
22416,-0.0037753395416313053
22417,-0.007007944450537344
22418,-0.009406299641304332
22419,-0.012420050763960126
22420,-0.020996472517382393
22421,-0.021860852226474346
22422,-0.01871191587052624
22423,-0.020842237564947012
22424,-0.019399485155663785
22425,-0.009131783416257575
22426,-0.002307484160052886
22427,-0.0041470385425762145
22428,-0.00857047034316155
22429,-0.01658656802753024
22430,-0.016411589936271904
22431,-0.013617624815781078
22432,-0.020162363109490808
22433,-0.017889100037199287
22434,-0.02040381052484143
22435,-0.012699758189943794
22436,-0.011809312519735582
22437,-0.019460722026949206
22438,-0.01339629878753981
22439,-0.013663450009494947
22440,-0.01715011712437209
22441,-0.024394658619007397
22442,-0.025428413964389756
22443,-0.024416893554745755
22444,-0.02238067518683443
22445,-0.027633601916787057
22446,-0.027281330623321973
22447,-0.017305143578415897
22448,-0.016424753961948108
22449,-0.014200096485145988
22450,-0.017034460168062655
22451,-0.01772284886202574
22452,-0.021117730372489166
22453,-0.027094788874167434
22454,-0.031177478764942125
22455,-0.04401415024032064
22456,-0.040558178161139546
22457,-0.039236112134330155
22458,-0.03982109819692307
22459,-0.03686732926245762
22460,-0.03225825702349403
22461,-0.030486236903497103
22462,-0.0302381738985496
22463,-0.03682808257720154
22464,-0.04149108007108366
22465,-0.030552766893915475
22466,-0.028794900219733265
22467,-0.01992011203498352
22468,-0.012137647460161776
22469,-0.007165388238050988
22470,0.00745713966768393
22471,-0.00879566920106924
22472,-0.0148180297121263
22473,-0.012319194769025613
22474,-0.01643446201221845
22475,-0.017970245895321098
22476,-0.023075341222212258
22477,-0.016894538198603835
22478,-0.009723328953930195
22479,-0.001257168297973644
22480,-0.0237181922702313
22481,-0.022445277295999044
22482,-0.02143998030375297
22483,-0.018514662220121728
22484,-0.019312528545023636
22485,-0.0163334790380558
22486,-0.00449693448540569
22487,0.00044302973809868146
22488,-0.0054760449893393025
22489,0.005196085404680859
22490,0.006809173592953007
22491,0.016515277413865576
22492,0.013440404556271119
22493,0.013378318954522588
22494,0.02503852791587373
22495,0.041457278071329415
22496,0.03984629059258464
22497,0.030910933287710288
22498,0.02407626311248763
22499,0.031499491308485845
22500,0.02527119278900411
22501,0.03669198818336129
22502,0.03793555542623586
22503,0.042241422774042324
22504,0.03252874666773069
22505,0.03383151601902913
22506,0.02640032933562008
22507,0.024651403506276894
22508,0.020814184765152084
22509,0.003952759892512359
22510,-0.005080895079836152
22511,-0.006005427257453621
22512,-0.004216022655478088
22513,-0.004262908334197856
22514,-0.011356405318038758
22515,-0.01613881523989398
22516,-0.02459533369779763
22517,-0.021314430880110043
22518,-0.019320948464350587
22519,-0.020696013768964065
22520,-0.022793298987886217
22521,-0.022393580282816464
22522,-0.016373701904306107
22523,-0.011666348484358107
22524,0.003465390507409531
22525,0.010178817477103076
22526,0.014133308460259958
22527,0.025478907072620224
22528,0.026116874922817435
22529,0.026500558129099686
22530,0.029804303032204837
22531,0.028451668155542013
22532,0.023980082157729576
22533,0.02186312864652283
22534,0.027542184779445523
22535,0.033060787547020035
22536,0.04953493121035015
22537,0.02954990029174751
22538,0.025981480239987306
22539,0.016563516671133035
22540,0.019204829819411573
22541,0.015840055486030423
22542,0.0036512814139558155
22543,0.000145433999542519
22544,0.0031067593588700293
22545,0.0010721366647139605
22546,0.0007139725047303195
22547,0.0006010498177254391
22548,0.00238842235798402
22549,0.0019080957864083794
22550,-0.002566722074795938
22551,-0.018175301312601585
22552,-0.0048362146430759095
22553,0.001945370882571799
22554,-0.004585800360530196
22555,-0.009996895650791919
22556,-0.01068609110161317
22557,-0.007063467022270912
22558,-0.0032838820155356007
22559,-0.007165236814172392
22560,-0.005058323958330231
22561,-0.002493085804176313
22562,0.0009959653089524681
22563,0.003127821006202962
22564,-0.0025967757100858104
22565,-0.002186279523236417
22566,0.0048179887618352065
22567,-0.0017014399517141917
22568,-0.007848267425357339
22569,-0.01166021623017499
22570,-0.01487430358282566
22571,-0.012515753087605106
22572,-0.01557133050143736
22573,-0.017939616313175786
22574,-0.017282059984134162
22575,-0.015959346869780427
22576,-0.016667006261326497
22577,-0.0200906558735895
22578,-0.024111431058249783
22579,-0.021809121624664436
22580,-0.02702239376628938
22581,-0.030863606382329278
22582,-0.03640263445405497
22583,-0.03660341488202301
22584,-0.0343351737370399
22585,-0.024066843272191565
22586,-0.027168289947428814
22587,-0.023639203414754662
22588,-0.021875704463695564
22589,-0.02374064856164344
22590,-0.032107793235369796
22591,-0.03326823474131764
22592,-0.03466994252514432
22593,-0.028741906437176293
22594,-0.024115688026343174
22595,-0.019070676351145458
22596,-0.028995048706963428
22597,-0.015327818111593217
22598,-0.021179471729809066
22599,-0.016341161773107064
22600,-0.02535852717109891
22601,-0.024729826937438908
22602,-0.01994236861319448
22603,-0.0188782749985186
22604,-0.01733614164911473
22605,-0.020789745824731292
22606,-0.029349288718438626
22607,-0.03142292540043222
22608,-0.027634762092017318
22609,-0.027845002432667708
22610,-0.02709734528306703
22611,-0.02348487016807383
22612,-0.03269899026423304
22613,-0.027936410529324475
22614,-0.021256254467476792
22615,-0.013702293034179426
22616,-0.012358501594134033
22617,-0.01527894067369145
22618,-0.0038506565728648016
22619,-0.0022327561643277153
22620,0.011220150348085252
22621,0.021203467426467823
22622,0.0246074989966801
22623,0.013438454614925288
22624,0.013718093882436673
22625,0.012633691806336009
22626,0.024203715035776265
22627,0.02363328317558969
22628,0.026170527385651964
22629,0.00952252711639604
22630,0.01292251587919762
22631,0.012796886435780369
22632,0.01565432823318316
22633,0.004101354152074646
22634,0.006517880506373919
22635,0.0069849520142319325
22636,0.013024788405620222
22637,0.014014272641304216
22638,0.021374690616876323
22639,0.015321825023998682
22640,0.015348436978653688
22641,0.020155024463238188
22642,0.021725549858252015
22643,0.02804208003170459
22644,0.0469829848321656
22645,0.03858035870547036
22646,0.0379456081145981
22647,0.030566447546987174
22648,0.03182099573648052
22649,0.02826179957840045
22650,0.03188851321263829
22651,0.024451486429007463
22652,0.019527180529929338
22653,0.01369726429784599
22654,0.01707016940042722
22655,0.019532482071456258
22656,0.005078687869528736
22657,0.005038850512226947
22658,-0.004440043888305143
22659,-0.014520497829775925
22660,-0.01542003175175369
22661,-0.014466153408596569
22662,-0.00863779641094252
22663,-0.010642698240466859
22664,-0.00955123808866834
22665,-0.02074853760362558
22666,-0.009199494170303598
22667,-0.0032677042969219464
22668,-0.0012435168617864467
22669,0.0025304219265325006
22670,0.0015539320526399914
22671,0.01250014342850887
22672,0.019249217714925566
22673,0.02284420001808246
22674,0.01538676794924691
22675,0.01635742011483404
22676,0.014269089461318942
22677,0.004824011862416164
22678,0.005906722718375081
22679,0.003570975509046718
22680,0.0059053943018805
22681,-0.016246042246142355
22682,-0.019606274971413862
22683,-0.015546180092047751
22684,-0.01912076774068661
22685,-0.01975494712879286
22686,-0.029024680917795285
22687,-0.03386290022508372
22688,-0.03463685345845793
22689,-0.019127196612734928
22690,-0.01954566370873533
22691,-0.018088447772635102
22692,-0.0027467980368855983
22693,0.0039891732167714475
22694,0.008147305211493028
22695,0.015471124544509968
22696,0.03609312057803312
22697,0.03926948347994418
22698,0.045414134521396636
22699,0.04808257992497764
22700,0.04804006548561747
22701,0.055920733038331345
22702,0.056606721929848586
22703,0.05260223159834392
22704,0.04066542043856008
22705,0.04096405704719314
22706,0.03934753701540388
22707,0.03368392262171159
22708,0.0229469418051525
22709,0.021091644411937366
22710,0.0200427989300879
22711,0.00797164638938097
22712,0.008835211620183865
22713,0.005572872248998013
22714,0.005994335201809181
22715,0.005458197188165138
22716,0.012169652792818248
22717,0.016943491122227247
22718,0.02205656939670867
22719,0.030168576312340233
22720,0.03304478476105744
22721,0.03865198247742929
22722,0.02689144558809031
22723,0.03424990033384759
22724,0.033295391410759385
22725,0.04053617900469503
22726,0.05646133038979505
22727,0.055630707965744916
22728,0.08424578645777868
22729,0.08666120412891552
22730,0.0871391141847549
22731,0.07621890570757839
22732,0.07128285099674547
22733,0.07018272949337552
22734,0.10339222246065553
22735,0.0751050589166544
22736,0.06598759255436812
22737,0.05466858668115849
22738,0.05088163997855639
22739,0.05037704798660158
22740,0.043051042505056175
22741,0.02743209575433207
22742,0.026089834472309593
22743,-0.00387603937448509
22744,-0.01067937490519708
22745,-0.011049308602335127
22746,-0.003512775874532881
22747,-0.022037571758955227
22748,-0.019143491583089086
22749,-0.05557564436136148
22750,-0.025051771157200746
22751,-0.020791024085000474
22752,-0.0033243021366983093
22753,0.0037251052017838403
22754,0.006057056624869371
22755,-0.002733608711729914
22756,-0.004777969591713713
22757,-0.005943167576025656
22758,-0.004354587010260893
22759,0.00014860880257627174
22760,0.00036077837171096325
22761,-0.008058135262735596
22762,0.005297456486180393
22763,0.001113346627135677
22764,0.005485749008697022
22765,0.005120511180396702
22766,0.005317112013844977
22767,0.006314789616112622
22768,0.010662334814052073
22769,0.01046760656551036
22770,0.007773799101707982
22771,0.014481583282618605
22772,0.021735527690233573
22773,0.013406073706496706
22774,0.009460760492343253
22775,0.008974347957098047
22776,0.012290546192549757
22777,0.011704791876688601
22778,0.011912854488064301
22779,0.013374872172941117
22780,0.008590942207650928
22781,0.011844185648426996
22782,0.006299798901362021
22783,-0.012387278742468756
22784,-0.015398686370831482
22785,0.0003162421413826866
22786,-0.003662242018356005
22787,-0.00909552885766715
22788,-0.009287429067287965
22789,-0.006834916540091629
22790,-0.006586960099368973
22791,-0.009404667087282966
22792,-0.008746029325846323
22793,-0.00812780601676788
22794,-0.003974633686815151
22795,-0.0047432571007770125
22796,-0.00881891421848397
22797,-0.007210458011109654
22798,-0.018144278087918585
22799,-0.024866362383382978
22800,-0.040399669672674554
22801,-0.05001360503708928
22802,-0.050858681334428335
22803,-0.03934756527856294
22804,-0.04424259517331383
22805,-0.0430583396390058
22806,-0.03954652353152754
22807,-0.029934228642666684
22808,-0.033566772923975585
22809,-0.02541708788706423
22810,-0.026895730500553862
22811,-0.026969316986984966
22812,-0.019537288169874753
22813,-0.00569415378978445
22814,0.0037899686858808295
22815,0.008592678833659925
22816,0.025069379210236397
22817,0.026643726103378295
22818,0.011941810458884965
22819,0.02018455374919639
22820,0.019260125857561507
22821,0.015066686985271128
22822,0.0013668570288192141
22823,0.005220893940964501
22824,-0.006693063100294321
22825,-0.013469643345947344
22826,-0.0071081673562183615
22827,-0.013898940482726996
22828,-0.00907075243592222
22829,-0.009459242977528835
22830,-0.006865797127794954
22831,-0.007463966861289468
22832,-0.00906298615594717
22833,-0.005250554601021221
22834,-0.010688754263293524
22835,-0.0076804554002218445
22836,-0.003795475681739629
22837,-0.001340938571097231
22838,-0.00216681899800448
22839,-0.0031998538518652874
22840,0.0033405634413162786
22841,-0.0029302791696492266
22842,-0.005273530356615267
22843,-0.007439452008712132
22844,-0.006629069555798128
22845,-0.010861818269179088
22846,-0.0035049098116082486
22847,-0.003411259868766517
22848,0.009229612248851422
22849,0.012302533572625
22850,0.009836392537897278
22851,0.0027120227787123252
22852,0.014913206525775163
22853,0.016637062365374055
22854,0.01892063937087854
22855,0.01827344608367075
22856,0.01845752162528649
22857,0.035463099460372946
22858,0.040081675824215415
22859,0.03937711579079992
22860,0.044716046598370994
22861,0.041292332863242485
22862,0.04374560248749223
22863,0.030226005655520638
22864,0.02612847050162107
22865,0.02529257252451202
22866,0.030262670055102265
22867,0.020613285065030258
22868,0.020438000308892406
22869,0.014960651676130846
22870,0.014259289393183477
22871,0.009294974820529345
22872,-0.004784100593261906
22873,-0.008532261018689652
22874,-0.009839119751217162
22875,-0.003124429166874176
22876,-0.007910581674323017
22877,-0.00955363159269443
22878,-0.009609534346500508
22879,-0.008397206928371877
22880,-0.013715869359373238
22881,-0.012293682821273407
22882,-0.004204701127131188
22883,-0.004767198882590128
22884,-0.001066635852741946
22885,0.0016354966729793712
22886,0.006311207834602799
22887,0.00589795588596266
22888,0.007194881975037495
22889,0.005513600232539901
22890,0.00014270440392999848
22891,-0.0033526048076906838
22892,-0.0037739915362200406
22893,-0.0038125173769215158
22894,-0.0054842302291371004
22895,-0.004175984563071799
22896,-0.00025853262355051587
22897,-0.008198623852063441
22898,-0.002385425218726513
22899,-0.004799147114894794
22900,-0.008602734387036378
22901,-0.009519179944121482
22902,-0.005438149422792427
22903,-0.016408317454450656
22904,-0.015618159515477957
22905,-0.0156935790792992
22906,-0.013295954389088349
22907,-0.004860209540403156
22908,-0.00407250002646111
22909,0.00501554836783411
22910,0.010200503309501662
22911,0.004209921339400037
22912,0.008811809843161572
22913,0.0033367119411258197
22914,0.006735950354917
22915,0.01279375071576509
22916,0.015089381236148773
22917,0.011551664201968778
22918,0.01692183563676582
22919,0.01724450001538936
22920,0.014867036810270962
22921,0.014495628320459062
22922,0.0059513231558135085
22923,0.002623087815409001
22924,-0.007434546781374646
22925,-0.009422983099991044
22926,-0.003835199068272764
22927,-0.006516124031395339
22928,-0.007876705860393518
22929,-0.013732292048570172
22930,-0.016253603771477474
22931,-0.017299606835902998
22932,-0.010182686118562179
22933,-0.005232068306510465
22934,-0.00553839303881295
22935,-0.0010848823150010258
22936,-0.00011831177429888633
22937,0.0005705290893450463
22938,0.007690234916327644
22939,0.013683378734211656
22940,0.01503396682474714
22941,0.009978194422227547
22942,0.0006591301551346773
22943,-0.0048705470903541315
22944,0.0015553092974684628
22945,-0.0006520051688271015
22946,-0.0011756144299365106
22947,-0.008591938063248584
22948,-0.015000140831990784
22949,-0.015004729888344392
22950,-0.022917713942664085
22951,-0.023026028892598496
22952,-0.022132179008450596
22953,-0.030180442656826782
22954,-0.025449616721306023
22955,-0.025547131259217405
22956,-0.02585759403226332
22957,-0.01636819009792972
22958,-0.009919872971609699
22959,-0.011564242246979023
22960,-0.014189520952863672
22961,-0.012462002145827418
22962,-0.01407371436212513
22963,-0.00138078648488339
22964,-0.00026496394506658256
22965,0.0022671998842910177
22966,0.0018044932364908938
22967,-0.0004388933301841298
22968,0.006513241984108352
22969,0.003812623483625249
22970,0.005485085569435792
22971,0.007715563777822864
22972,0.0029087607167858705
22973,0.002236006207055522
22974,0.003648093434853031
22975,0.006930583198805775
22976,0.005097840596199005
22977,0.005140721688340437
22978,-0.004180691138046188
22979,-0.007512514006418123
22980,-0.004534369251965425
22981,-0.006678533055517531
22982,-0.005969411664465565
22983,-0.007828892461412062
22984,-0.0156233867370229
22985,-0.017240756206903785
22986,-0.024138834975786217
22987,-0.016077564838028784
22988,-0.016232078001978956
22989,-0.0162579060596414
22990,-0.025578705933414343
22991,-0.0256130112158422
22992,-0.02026000529509945
22993,-0.020331839397430097
22994,-0.017428450332215326
22995,-0.007480317544659102
22996,-0.003787557372623152
22997,-0.0012465956481439724
22998,-0.005307415061065701
22999,0.0015146908634053246
23000,0.0012253215499440984
23001,0.0055846207824643826
23002,0.0048661219044009996
23003,0.006196831091249779
23004,0.003200292966725701
23005,0.01147439224186176
23006,0.015038849294174126
23007,0.010723369313720579
23008,0.020854935530519016
23009,0.020701265957449914
23010,0.007168672100746105
23011,0.0038323571046733605
23012,0.0011242804819472413
23013,0.0046173681892095015
23014,0.0067485579691660864
23015,0.006400890219295194
23016,0.003980921189868993
23017,0.004469502002522611
23018,0.004087828741972977
23019,0.0074081344266172565
23020,0.00793428823803499
23021,0.0035750586076355004
23022,0.0051212025588800196
23023,0.0007928216194057267
23024,0.0017678853152748035
23025,0.004220688481788194
23026,0.004331689355991843
23027,0.004327476590220552
23028,0.0063077235504935035
23029,0.002540820569616906
23030,0.00296354080685058
23031,0.002632468676023512
23032,-0.007083898009440145
23033,-0.009912962415692382
23034,-0.01189336028591923
23035,-0.011143704046765006
23036,-0.010150736292437068
23037,-0.004535709148364332
23038,-0.0020474718785511437
23039,-0.002854951520120293
23040,-0.0069208657307701935
23041,-0.006323012402810158
23042,-0.010997987562321407
23043,-0.012165163122615388
23044,-0.010447961464897884
23045,-0.010583949387167915
23046,-0.00540047796481848
23047,0.0036873039817999264
23048,0.007027074838203065
23049,0.009190419683723547
23050,0.009754063327871184
23051,0.009719733034024895
23052,-0.000676345954252729
23053,-0.004851273687369895
23054,-0.005233336326743546
23055,-0.0023753213897434173
23056,-0.0031824824622800497
23057,0.0014847572877819976
23058,0.0001185460385912838
23059,0.0022997111068721026
23060,0.0018707329561028438
23061,-0.001177039729318111
23062,-0.0019334813713147657
23063,-0.0019289029600449835
23064,-0.0037517604678201657
23065,-0.0029846057178762953
23066,-0.002500889909991934
23067,-0.0040510675509777055
23068,-0.005145879644388352
23069,-0.006298884490741483
23070,-0.00042408821034764066
23071,0.0016605074915250642
23072,0.001997041207646832
23073,0.004511983382505885
23074,0.0006919131858188794
23075,0.001322640175625531
23076,0.0030977101448859006
23077,0.00759719903651995
23078,0.009156060655139431
23079,0.009771870215753643
23080,0.0038832948995230505
23081,0.0037246534540039265
23082,0.006076544176510747
23083,0.006717969373268745
23084,0.008298222658159453
23085,0.01487292336821821
23086,0.014116146049858832
23087,0.01534846171356235
23088,0.01501974201626905
23089,0.013375854375931313
23090,0.0136182017466606
23091,0.015630939907338513
23092,0.010655387293457027
23093,0.009053956170376017
23094,0.007707937247173391
23095,0.012335043371116208
23096,0.013811827581139729
23097,0.016951875102899857
23098,0.01848225686753671
23099,0.01904871140817513
23100,0.0039731768840133375
23101,0.0058698052209659
23102,0.004469399619780481
23103,0.0026269899943001784
23104,-0.0025763215837240304
23105,-0.003557658020652655
23106,-0.004381799562664971
23107,-0.0025824649783109757
23108,-0.002507654144160246
23109,-0.001229788382839558
23110,-0.0014277125057748645
23111,-0.0028719311231885578
23112,-0.006375294614181076
23113,-0.015569455473401488
23114,-0.017490195043757092
23115,-0.016881508830104558
23116,-0.019602585496228588
23117,-0.020384723067080304
23118,-0.020508317643648518
23119,-0.013527540646806724
23120,-0.013284995044711001
23121,-0.0161709718537679
23122,-0.015164182408396383
23123,-0.015684017908142955
23124,-0.01734827524523064
23125,-0.01994513584495771
23126,-0.020388641094093263
23127,-0.016850210652427502
23128,-0.012469608235754548
23129,-0.010836395341595506
23130,0.00033127157850332565
23131,-0.000409391463098544
23132,-0.0048795535086585615
23133,-0.002313802537511396
23134,-0.0009083236573786524
23135,-0.0005655684350738205
23136,0.019527452555052977
23137,0.020008635335955267
23138,0.02098346799639086
23139,0.0224726134225814
23140,0.023734479368854786
23141,0.021824638179343915
23142,0.02220850935173256
23143,0.02154719861866857
23144,0.021630651201128358
23145,0.015628204907841916
23146,0.016225195573090278
23147,0.021938640895400555
23148,0.02434709484745998
23149,0.021557365548238432
23150,0.020921483835516234
23151,-0.0003705806355542087
23152,-0.0020628008895424627
23153,-0.0030395717191776125
23154,-0.003972767154339472
23155,-0.0020918236003280364
23156,0.00029805570116822296
23157,0.0004170161773516553
23158,0.0017272837028846906
23159,0.005722580772829668
23160,0.0022553841797041643
23161,0.0026952671672995305
23162,0.0023473297466413095
23163,-0.009287844748260232
23164,-0.01065592780313388
23165,-0.009891068127203207
23166,-0.0162980505141385
23167,-0.01828925669880816
23168,-0.01761617078905893
23169,-0.017038513361303714
23170,-0.0177338957055215
23171,-0.017743265863706507
23172,-0.018538351750681446
23173,-0.01674853988680388
23174,-0.020558050816371427
23175,-0.022602151808605517
23176,-0.023370312638095313
23177,-0.021393186361914097
23178,-0.012736845361251949
23179,-0.008116146035438048
23180,-0.008036734807663957
23181,0.0004064008856498948
23182,-0.0003741202865578028
23183,-0.0009545073592259855
23184,0.0012563051892287187
23185,0.0006897284140551303
23186,0.0007272347401241022
23187,0.0034597545090526306
23188,0.0016471759458343295
23189,0.0014687924649052267
23190,0.00236828450972045
23191,0.003816681691686573
23192,0.0023173731068505876
23193,0.0007188872166274227
23194,-0.003696477017624497
23195,-0.0033038858010052416
23196,-0.004359652558024026
23197,-0.010293306423328595
23198,-0.010302399253343662
23199,-0.015651167041079984
23200,-0.011277016896881325
23201,-0.011517462458767898
23202,-0.024384324983917037
23203,-0.02204497437290711
23204,-0.02130923973517977
23205,-0.022109885576911216
23206,-0.01874125576979224
23207,-0.019350500487026977
23208,-0.018467098416798135
23209,-0.016907741800830524
23210,-0.017881018591114857
23211,-0.016922383646014942
23212,-0.01155627835058121
23213,-0.008211256287993605
23214,-0.006375723591370452
23215,-0.011014871483495984
23216,-0.011584641428801409
23217,-0.006586357727163982
23218,-0.0009371826788244087
23219,-0.0017149539770418027
23220,0.0038460928361564754
23221,0.002304450169483517
23222,0.0021006847857801617
23223,-0.0003543841207820053
23224,2.2547960536902315e-05
23225,-0.0001839787334646642
23226,-0.0013400133854888465
23227,-0.0002479102195341091
23228,-0.003712441752791821
23229,-0.0016721090511506878
23230,0.0013997837551164368
23231,0.00029910108237014214
23232,0.0085445656172916
23233,0.004367355331537875
23234,0.004826369487841663
23235,1.6094450428605834e-05
23236,-0.0015649762918206055
23237,-0.0014239992944253476
23238,0.0003773435773282845
23239,-0.0002846249802344371
23240,0.0026045985566146737
23241,0.0026686649636170263
23242,0.002870602500787245
23243,0.003604775924569382
23244,0.002035181024614013
23245,0.00017838992111589592
23246,0.0015431818008424015
23247,0.0053126021034929
23248,0.004633115326137568
23249,0.0032689697447349036
23250,0.0019400816180339538
23251,0.0009838462100722992
23252,0.0012616680163649238
23253,0.001926974541696111
23254,0.0038854169595741853
23255,0.0016249237586356794
23256,-0.001980010349056834
23257,-0.002527923769594079
23258,-0.00407666504761952
23259,-0.006246854394361607
23260,-0.004982897830093455
23261,-0.004926822794055761
23262,-0.00798620070254563
23263,-0.009833687509266165
23264,-0.008700196011171151
23265,2.891345006959827e-05
23266,0.0004168108855698245
23267,-0.0004638396400044143
23268,0.002178535973590118
23269,0.00037697169765350184
23270,0.0008805870813965414
23271,0.005774495149330218
23272,0.0068751668480605
23273,0.007496111007039164
23274,0.00883021133758949
23275,0.004826245450652158
23276,0.004864947147470978
23277,0.0016595354298924202
23278,0.0012322072010576713
23279,0.002143729678739811
23280,-0.0012671902283541456
23281,0.0026910618906279393
23282,0.0011198100297222712
23283,-0.002640093398513398
23284,-0.001976605645736398
23285,-0.002674419587689268
23286,-0.007374398313091099
23287,-0.006905139696511906
23288,-0.007091489629574257
23289,-0.008923476262764568
23290,-0.011386810597499268
23291,-0.011166001535369213
23292,-0.013070525798733116
23293,-0.010314695567519495
23294,-0.011750355108436101
23295,-0.013147367719251396
23296,-0.01492228745706129
23297,-0.011936631034540141
23298,-0.01586145291750278
23299,-0.01624044224315194
23300,-0.018742785586987616
23301,-0.013643852442653226
23302,-0.015375561166322306
23303,-0.015211201295699445
23304,-0.007414634606323409
23305,-0.003969494419092902
23306,-0.003859839182256901
23307,-0.005274347120995194
23308,-0.01119491429004844
23309,-0.01004940537807674
23310,-0.009271037696629533
23311,-0.011939360546164209
23312,-0.01303092396101799
23313,-0.005394929953500298
23314,-0.005173403329990341
23315,-0.0026943844202918193
23316,-0.008010843434813928
23317,-0.008170153731185873
23318,-0.01032207607494058
23319,-0.011158126550997413
23320,-0.012935835163815277
23321,-0.012664625255003018
23322,-0.012427194320634556
23323,-0.00814875409010828
23324,-0.009062336191956738
23325,-0.014470066453857297
23326,-0.012176372971988156
23327,-0.010666482281845897
23328,-0.013947370699267153
23329,-0.01135407742559282
23330,-0.010861614182106781
23331,-0.01234418252419955
23332,-0.00954667560709917
23333,-0.007461511148749224
23334,-0.0043601980538078055
23335,-0.0006521790888599313
23336,-0.0018366142426180683
23337,0.0024132092599762817
23338,0.0003156980476568325
23339,0.00034741659509384055
23340,0.008538327028091723
23341,0.013137507874206493
23342,0.012804353377280165
23343,0.01679005632914199
23344,0.01561034161346229
23345,0.012351834007584914
23346,0.020023306652603226
23347,0.017393203353432918
23348,0.018623789380868738
23349,0.010269611605019885
23350,0.010954048365728802
23351,0.011339684973536497
23352,0.01904960938183245
23353,0.022595336391668202
23354,0.023461199644731322
23355,0.02535389015119709
23356,0.01866948215989062
23357,0.018459608218011774
23358,0.013360547498991331
23359,0.012261706390570596
23360,0.015419345158818454
23361,0.015055651587586216
23362,0.020641189840751913
23363,0.019006824322110382
23364,0.02042147288668092
23365,0.020135037016752264
23366,0.020076260421939326
23367,0.016016832411269485
23368,0.01430159064402779
23369,0.013464212283091366
23370,0.0068586236091485765
23371,0.005878945487262316
23372,0.005694685654231817
23373,0.008697141725507016
23374,0.012889972797497744
23375,0.013201749618849764
23376,0.01155116383058884
23377,0.005908573097707044
23378,0.006193366809727651
23379,0.011077684485479493
23380,0.012125398126888258
23381,0.016745994314624434
23382,0.011653737971915795
23383,0.014989174274956026
23384,0.015073018394497891
23385,0.01377537012089523
23386,0.021300033724372735
23387,0.021230284997319746
23388,0.01338152418120863
23389,0.007315803289530038
23390,0.007235197707467208
23391,0.008159306322635637
23392,0.008630762940627063
23393,0.009530795835687767
23394,0.009530940043747639
23395,0.006462442542102067
23396,0.0024735779516610623
23397,0.0034465484131942555
23398,-0.004677426804223165
23399,-0.0035079325742660645
23400,-0.0011094921234396737
23401,-0.008204696069469823
23402,-0.00873476057731385
23403,-0.010418355391675073
23404,-0.01177858845257774
23405,-0.012660956930582112
23406,-0.011859101707355052
23407,-0.01033871223135488
23408,-0.009360815284190083
23409,-0.01071847573720858
23410,-0.008189234234260037
23411,-0.00868266257602498
23412,-0.0033936810622669246
23413,-3.487447781944009e-05
23414,-0.0013301079917585963
23415,-0.0019696002859850123
23416,-0.0050528833317925615
23417,-0.0024857805172198663
23418,0.004061043753019125
23419,0.007570684881532847
23420,0.008794544502010218
23421,0.006469340004448978
23422,0.0037593755299939213
23423,0.0023065417183387366
23424,-0.0007719761924280182
23425,-0.0017895440613359475
23426,-0.004279456408557637
23427,-0.006326521035286559
23428,0.0017654018703171814
23429,0.0019498301356406966
23430,-0.00024369380983109854
23431,0.0038297506493641885
23432,0.001457406809434464
23433,0.007296571404105488
23434,0.004409896862376687
23435,0.004479738007142324
23436,0.0045268255202103435
23437,0.010499463550098528
23438,0.01101607008966987
23439,-0.009000688212890346
23440,-0.010635605051716695
23441,-0.0048710310911371365
23442,-0.011111117549539333
23443,-0.01573574558564165
23444,-0.01619021154112786
23445,-0.012492279946380073
23446,-0.011384284335463544
23447,-0.01130658483687883
23448,-0.01573042872397204
23449,-0.007192599922894203
23450,-0.009696905529399766
23451,-0.00696727743979271
23452,-0.00875271389197205
23453,-0.009256859725507697
23454,0.013405135519850212
23455,0.012882868150398841
23456,0.009872449807083482
23457,0.01067811885098446
23458,0.011943351732980124
23459,0.013042044247746154
23460,0.01007649018568256
23461,0.007368115544652857
23462,0.0073287213300679
23463,0.013580995476697588
23464,0.006608139037147816
23465,0.007305252344246611
23466,-0.0008764038557129336
23467,-0.009854833613604863
23468,-0.010177251948110635
23469,-0.012830619598642281
23470,-0.004353958795369948
23471,-0.0044439235704178195
23472,-0.0028507702645586214
23473,-0.006434306750677948
23474,-0.0071560517459345226
23475,-0.007861912597858166
23476,-0.014501331240797537
23477,-0.013680906268822724
23478,-0.02186092813224917
23479,-0.022832313153890078
23480,-0.02176172109452348
23481,-0.015052711630229053
23482,-0.008460564703902143
23483,-0.008076312795465992
23484,-0.004343475517290058
23485,-0.008347289557431543
23486,-0.00994659590689738
23487,-0.007367955903900286
23488,-0.0059584553720589736
23489,-0.005833723614588759
23490,-0.006172927673528915
23491,0.002163971765236899
23492,0.0011476684333342646
23493,0.00127908249817232
23494,0.0033372566270445333
23495,0.0013821826397506947
23496,0.0002873308321306919
23497,-0.0007264616836405678
23498,-0.00042614138699293677
23499,-0.006073736530055331
23500,-0.007964205764107515
23501,-0.006102779293824971
23502,-0.002624460522678033
23503,-0.004258277595592538
23504,-0.0054085666830421125
23505,-0.003734915446723318
23506,-0.008293291748135208
23507,-0.008091332851409729
23508,-0.007518898654769658
23509,-0.0062788217666213605
23510,-0.004362233819383692
23511,-0.0011828737556992634
23512,0.0011903167906039467
23513,0.001386581850194904
23514,0.0030012052689073875
23515,0.007363784172117786
23516,0.0075341927578878795
23517,0.0033913236263582924
23518,0.0019838862846015895
23519,0.0028604071897976205
23520,0.0036096651057463086
23521,0.009682954417121845
23522,0.012526483035187962
23523,0.019664660060642332
23524,0.016460259162659762
23525,0.015890068899154196
23526,0.011670487906388404
23527,0.011349945356479072
23528,0.010413081477769578
23529,0.014684498053300906
23530,0.01087783976277842
23531,0.00872914609519218
23532,0.005383078275588859
23533,0.007373688248329038
23534,0.007133699775989011
23535,0.010717004378148888
23536,0.007966222537145365
23537,0.005257359500315824
23538,-0.0024990473180841726
23539,-0.0030995050508782554
23540,-0.0002145346185226993
23541,0.005550717281075563
23542,0.01100557487635654
23543,0.012042431739010838
23544,0.011292537547433298
23545,0.009562725415905351
23546,0.011753316092384933
23547,0.012988305867325967
23548,0.013574050965912658
23549,0.01304970765511044
23550,0.007979662801635446
23551,0.008570801120812743
23552,0.009251093899953804
23553,0.0023026472873137476
23554,0.0013467889661943528
23555,-0.0013582343942799896
23556,-0.005202001238088416
23557,-0.010921494823605025
23558,-0.012157688904705298
23559,-0.015874173354712147
23560,-0.012376860666788518
23561,-0.012656111528445943
23562,-0.016295605367558395
23563,-0.018516322655794042
23564,-0.01779690335720587
23565,-0.022611555475189685
23566,-0.021440912993551053
23567,-0.022211048999633748
23568,-0.015852578687682514
23569,-0.014564227268859167
23570,-0.014027063439283541
23571,-0.012704157830368726
23572,-0.013339990026611173
23573,-0.012515713500013336
23574,-0.012607966598909073
23575,-0.004711488945719236
23576,-0.0022301243981718987
23577,0.005328178087341744
23578,0.005964916078419464
23579,0.0057962916371679125
23580,0.012050766054112066
23581,0.013666556391579376
23582,0.01326660393247434
23583,0.013697999319882111
23584,0.010988936240687827
23585,0.009570265084367004
23586,0.01002734596528184
23587,0.012526945938078807
23588,0.011970097041758325
23589,0.01130826340823219
23590,0.0013002289431897776
23591,-0.0018084991294300928
23592,-0.008311373744787541
23593,-0.008984029684083183
23594,-0.007645360006724733
23595,-0.002479202440254722
23596,-0.0037131275085315147
23597,-0.0030173058627875923
23598,-0.0007807103678104001
23599,0.0030010528110992482
23600,0.0050881701508466845
23601,0.006661497096281788
23602,0.0021010149074091756
23603,0.0015149124375361002
23604,0.0026243306978038284
23605,-0.0024388506514889468
23606,-0.0011547806252758706
23607,0.004102322188022294
23608,0.0021722513450029247
23609,0.0011132123474534973
23610,-0.010239396859284074
23611,-0.00975020757989383
23612,-0.010886375873812176
23613,-0.008348266625788988
23614,-0.006311965435558362
23615,-0.007118615815636326
23616,-0.011916051071776776
23617,-0.013654732050869133
23618,-0.012446068830951382
23619,-0.015302374655115946
23620,-0.008585233375182612
23621,-0.007133230853460764
23622,-0.01005764316099527
23623,-0.00897086948832757
23624,-0.009064143770864112
23625,-0.0007948645148127285
23626,-0.0025984812320137725
23627,-0.0011921436935245198
23628,0.0029232453401318403
23629,-0.0002078023318473008
23630,0.0013216371042206558
23631,-0.0040193308716229255
23632,0.004160415522385321
23633,0.004030919146290861
23634,0.0051366589789887665
23635,0.003974089749546504
23636,0.002140026357819439
23637,-0.0018994959143446312
23638,0.003217668429771329
23639,0.0028996152263185584
23640,0.00046826908919448833
23641,-0.0036126500291391497
23642,-0.005249097673090684
23643,-0.013628031056017047
23644,-0.009889689218101613
23645,-0.010874825340649884
23646,-0.002707873071621543
23647,-0.012849903793898606
23648,-0.012885102888442352
23649,-0.011098703983433865
23650,-0.012467522081456397
23651,-0.012955592206304203
23652,-0.010783999574723792
23653,-0.01504723704515196
23654,-0.014269086062607201
23655,-0.012910450578411807
23656,-0.007286738875618008
23657,-0.00547662531723637
23658,-0.0019654419689594566
23659,-0.004982376075106884
23660,-0.0056303970318917545
23661,-0.003135615132604571
23662,0.0012471703576381681
23663,0.001040514609902189
23664,0.00011461427236465864
23665,0.00037900970985353297
23666,0.003139659923281911
23667,0.007551231221189937
23668,0.008317723337554124
23669,0.007913409759692736
23670,0.012511917783947944
23671,0.00934823394569987
23672,0.00890887453166103
23673,0.010340974440609404
23674,0.01477256067253809
23675,0.011726279525799113
23676,0.009388357487048091
23677,0.01658831159027025
23678,0.01678638327823586
23679,0.017664351426025068
23680,0.017916230410121848
23681,0.01496905196597942
23682,0.01978065155017474
23683,0.020769999916972152
23684,0.02047387591906642
23685,0.017197415577651518
23686,0.020119329209883664
23687,0.01993060882453406
23688,0.01027814661627213
23689,0.006343931904627327
23690,0.008930780632527483
23691,-0.000772366735132
23692,-0.007226324555733243
23693,-0.00783908134011582
23694,-0.008955718945215307
23695,-0.0068346380720565895
23696,-0.006651118142460351
23697,-0.015334285031042495
23698,-0.015610293724625345
23699,-0.015241649622213214
23700,-0.019281453698140678
23701,-0.01851985449741206
23702,-0.020505582252212794
23703,-0.013387764290896735
23704,-0.012748525486692265
23705,-0.012872798636695564
23706,-0.008632948734584535
23707,-0.007495669515568828
23708,-0.006805553223003099
23709,-0.007276718661780359
23710,-0.007828725975161186
23711,-0.008593047475527228
23712,-0.006257091384990882
23713,-0.00788244122843433
23714,-0.008478514693111915
23715,-0.0060457099212886615
23716,-0.009780479424152595
23717,-0.007310343236527684
23718,-0.011076276273790897
23719,-0.007792815039902483
23720,-0.0018275036489441008
23721,-0.00026860441751863103
23722,-0.0009233761027772436
23723,-0.0006090370658237304
23724,-0.0004551741197092918
23725,-0.0008889532427209209
23726,-0.0001386970790454844
23727,-0.0007441521253619748
23728,0.0016487406155933206
23729,0.001594201475283619
23730,0.002013903583212676
23731,0.0026809307805316647
23732,0.002258177065037281
23733,0.004162241955793419
23734,0.009431019953190402
23735,0.004423194987993812
23736,0.008273754424257292
23737,0.012669547261183136
23738,0.011311602028234025
23739,0.01379231574379319
23740,0.012173102166152831
23741,0.011919801175256902
23742,0.012761341838319019
23743,0.009909419531326295
23744,0.010608320507716222
23745,0.007896265653828451
23746,0.004629804440414061
23747,0.009085190494395415
23748,0.013102881520746209
23749,0.0035996455243315043
23750,0.0029381709708708186
23751,0.00017578309602608085
23752,-0.0029828825185371517
23753,-0.0017299936101186817
23754,-0.002425487481321892
23755,-0.0021597594073204363
23756,-0.004355812877636836
23757,-0.00208272936724697
23758,-0.0008453711738133121
23759,-0.0008426031439152015
23760,0.0024711993007796584
23761,0.006041141794443739
23762,0.0013799251529067668
23763,-0.00263269150032267
23764,-0.0023332299282682336
23765,-0.004236395766369155
23766,-0.00435170694542089
23767,-0.0012277850040798637
23768,-0.002135219806795161
23769,-0.005478041951460463
23770,-0.004821680448847386
23771,-0.002675218087469687
23772,-0.005805176819281767
23773,-0.00552531225739394
23774,-0.0052423158701285855
23775,-0.0038605124225429073
23776,-0.004288391220829489
23777,-0.00375602627894499
23778,-0.0037056893230195715
23779,-0.005862779367685106
23780,-0.004196228474981303
23781,-0.005435171490866655
23782,-0.01174073258165936
23783,-0.01163742161056975
23784,-0.006975319193232337
23785,-0.006746952495958782
23786,-0.006940110837209028
23787,-0.009355885965490822
23788,-0.007266463326036736
23789,-0.00727841305393402
23790,-0.01086802880238617
23791,-0.004116895609590061
23792,-0.005761739052370953
23793,-0.0042901070309265465
23794,0.000618137121491082
23795,0.0009797654554811496
23796,0.0028124093250692047
23797,0.006744588638801115
23798,0.007136515598792983
23799,0.004953978773086855
23800,0.005077854486003376
23801,0.00472208380143369
23802,0.008561142337499938
23803,0.0036856106178018307
23804,0.0032546938746320924
23805,0.004785618263931191
23806,-0.0025862552311743275
23807,-0.0015204379954455594
23808,0.0006039748314126613
23809,-0.008024300151431542
23810,-0.009460610374577993
23811,-0.0081989277595487
23812,-0.008612546700013646
23813,-0.008525751309263084
23814,-0.035979401056498855
23815,-0.031738294256474224
23816,-0.03057876827492414
23817,-0.035380372378545
23818,-0.03383929823060788
23819,-0.03370330671318875
23820,-0.030220082845426488
23821,-0.025440049444125402
23822,-0.024913183134355088
23823,-0.035344734464899885
23824,-0.0356187500746706
23825,-0.03481399021657728
23826,-0.03879845809315766
23827,-0.04526896052570287
23828,-0.04562472346073993
23829,-0.012970593225965952
23830,-0.021647316162569288
23831,-0.02175718892803624
23832,-0.02695149547090171
23833,-0.0190812192946161
23834,-0.018018023556025425
23835,-0.018451836228204357
23836,-0.022911850383547826
23837,-0.023116765367348385
23838,-0.01152917810806666
23839,-0.0054875097056572165
23840,-0.00487504897366087
23841,0.014501181558176639
23842,0.020903172942653644
23843,0.017647406617683572
23844,0.012322275176716488
23845,0.014633801901600725
23846,0.014858533229483935
23847,0.022143386739134463
23848,0.016287263543549212
23849,0.015601750040220377
23850,0.006541664275251538
23851,0.002960733964669304
23852,0.004556315149607387
23853,0.007342339047879912
23854,0.007882421710651547
23855,0.0077807292081971185
23856,-0.010417190325843845
23857,-0.009565477647416313
23858,-0.006057431397014883
23859,-0.0001587448573279431
23860,-0.0021108480035473384
23861,-0.002995370567051668
23862,0.0008959940365796343
23863,-0.0018886868122481879
23864,-0.002910861380743801
23865,0.0043016730691279445
23866,0.011063670761900263
23867,0.009492532654965124
23868,-0.0013890532347855555
23869,-0.0031822591908243093
23870,-0.0012514387372986164
23871,0.0002877661294619509
23872,-0.0016770189024959885
23873,-0.0012822717426401392
23874,-0.007042190682228236
23875,-0.00446514670645294
23876,-0.0039905935127844665
23877,-0.010170169701143292
23878,-0.011620488811873459
23879,-0.012650453636588113
23880,-0.0138019881108318
23881,-0.014539625747248848
23882,-0.015046158716511118
23883,-0.010546243303021091
23884,-0.010032916098510914
23885,-0.011923834268884907
23886,-0.00911575306302244
23887,-0.007738337191606602
23888,-0.005748212083694333
23889,-0.007260087707338141
23890,-0.01248037542794357
23891,-0.012321387162816503
23892,-0.009370275038500468
23893,-0.006386486853970766
23894,-0.005264886263993822
23895,-0.0019364612914247058
23896,-0.004883458378706758
23897,-0.006717389707089332
23898,-0.006334906428804302
23899,-0.005489220387298283
23900,-0.005312105373930199
23901,-0.0069147898873933075
23902,-0.007186706045706734
23903,-0.008598661440670567
23904,-0.00011081051807195261
23905,0.004578581829241839
23906,0.005357590694383792
23907,0.007970028768433713
23908,0.00803850985097325
23909,0.008501510439007666
23910,0.003954735133064307
23911,0.004843662249650356
23912,0.006464731674918872
23913,0.0033377461103945194
23914,0.0033719719550164575
23915,0.0031005042609499904
23916,0.0014044828903585045
23917,-0.004300717488620059
23918,-0.005335831598339786
23919,-0.008751254951125555
23920,-0.009610349357039511
23921,-0.010040536794071542
23922,-0.0038583786949877383
23923,-0.0017457377036902194
23924,0.0012700623828430374
23925,0.006901877368099938
23926,0.009814111101976775
23927,0.00984904305531758
23928,0.01258805080758983
23929,0.011569889544455945
23930,0.012314715821735439
23931,0.010856199198967936
23932,0.014773405280498282
23933,0.01199769426962836
23934,0.0071086666714956755
23935,0.009196939821752518
23936,0.009051814399644692
23937,0.0017661803852220942
23938,0.0021326867538955956
23939,-0.001403399636668204
23940,-0.002650279960242785
23941,-0.0035705817494519087
23942,-0.0022319880085228307
23943,-0.007631703409209622
23944,-0.007723577866252623
23945,-0.007580742285149869
23946,0.011541674347955774
23947,0.01942760209163344
23948,0.02253426175324041
23949,0.01625966938422087
23950,0.010370433354944909
23951,0.013287460330458183
23952,0.012567435496176036
23953,0.008459248241517102
23954,0.008863861498926024
23955,0.002347622946257526
23956,0.0037853006075430607
23957,0.0027748868395559975
23958,0.003491888413129008
23959,0.0038888781211842117
23960,0.002367706211963751
23961,-0.012072897768989437
23962,-0.020638327170382987
23963,-0.020927229939472713
23964,-0.013366167699587119
23965,-0.009182952381070196
23966,-0.012318048457899808
23967,-0.014001084651928182
23968,-0.011155308484709909
23969,-0.012295613195216647
23970,-0.0065058325104875225
23971,-0.007883719318052308
23972,-0.008683895374769527
23973,-0.0040986755038978735
23974,-0.001839438533730561
23975,-0.001589704202803836
23976,-0.006624599397610998
23977,-0.0033934796556451363
23978,-0.003909718273326801
23979,0.007656228509837634
23980,0.008886471254647966
23981,0.009272248274277
23982,0.010150610961908436
23983,0.007185314417333864
23984,0.005005341724742777
23985,0.0018378834427185083
23986,0.003993459236582258
23987,0.004187485441689026
23988,0.0017560861047461942
23989,0.0009031636935058575
23990,0.0024932532928053225
23991,0.006141099992828638
23992,0.0013316703876484245
23993,0.0015458011265349959
23994,-0.012424488340609822
23995,-0.012600693191335723
23996,-0.013226883740992415
23997,-0.01747482191412332
23998,-0.017645827406147573
23999,-0.014081719786709532
24000,-0.008794810507021637
24001,-0.013054039342012996
24002,-0.012960934363873185
24003,-0.010656154232252486
24004,-0.014905741182073608
24005,-0.016920115975247858
24006,-0.015323782723682369
24007,-0.01168230868286538
24008,-0.011152652180624858
24009,-0.004492896015594837
24010,0.0007974564149631754
24011,0.0028396904436389305
24012,0.012865778920561453
24013,0.017481895083967896
24014,0.01768278709122714
24015,0.01572919237862258
24016,0.014908096227045376
24017,0.015946176338834318
24018,0.01503348564921008
24019,0.019157581525797277
24020,0.019148483906764602
24021,0.013678019076904382
24022,0.016506832882422835
24023,0.01604054156974065
24024,0.011896505533328008
24025,0.014890592156387448
24026,0.012710841565211685
24027,0.013090368259251342
24028,0.011072969295303114
24029,0.010654052801561592
24030,0.009413402148662875
24031,0.012732464092236469
24032,0.013210294001367468
24033,0.010809159565957125
24034,0.011124429877625788
24035,0.012401368293937617
24036,0.015713676311739068
24037,0.011634357644395445
24038,0.012471715630700741
24039,0.013959010262989874
24040,0.005884153831150093
24041,0.006582093851803225
24042,-0.0018221767019584968
24043,-0.001071074802819317
24044,-0.0009985165160902073
24045,-0.006429915576306376
24046,-0.008097562798379048
24047,-0.010680967123150253
24048,-0.00908760048833297
24049,-0.010006291353212026
24050,-0.009522136957398807
24051,-0.008443854995579243
24052,-0.008809387827620179
24053,-0.008224039410017158
24054,-0.013707620670018123
24055,-0.016569846107776672
24056,-0.017828873609899005
24057,-0.013957646357431618
24058,-0.013041434274715567
24059,-0.013338858504549014
24060,-0.01099042204134302
24061,-0.011450380500819016
24062,-0.009396826850233244
24063,-0.004073598137358651
24064,-0.004701230855309015
24065,-0.0050194852617521475
24066,-0.007377291799802764
24067,-0.006710031554545861
24068,-0.008295642294332732
24069,-0.0029314401387976943
24070,0.00026237891883658957
24071,0.0013213694897002096
24072,0.001997189880446553
24073,0.0012996170665376097
24074,-0.00129021435704887
24075,0.0010168145802098376
24076,0.003008671483498087
24077,0.002802976601265996
24078,0.0007170326053772115
24079,0.0035243482292878015
24080,0.0037709103427434167
24081,0.002622936297489481
24082,0.00485054659191032
24083,0.003944516282178732
24084,5.553756304913813e-05
24085,0.0012382533578655928
24086,0.0011630547200246941
24087,-0.0010036173861439088
24088,0.00021326030802272834
24089,0.0028993959253605533
24090,-0.0002681314542515133
24091,-0.0010837593369136895
24092,-0.00386480680948382
24093,-0.004365664690953051
24094,-0.008448292672929732
24095,-0.009868901925207159
24096,-0.010465231315242459
24097,-0.013202530143167286
24098,-0.01221452084737882
24099,-0.015777719816698753
24100,-0.024228224736994118
24101,-0.02176737827891536
24102,-0.021057827125766072
24103,-0.023746530200870215
24104,-0.023181964208334804
24105,-0.02185639144219191
24106,-0.023200153387382693
24107,-0.02064725880192248
24108,-0.027711932092022794
24109,-0.02710034144357062
24110,-0.025628012796922398
24111,-0.02278887257881005
24112,-0.020082922384320787
24113,-0.019767384728575532
24114,-0.014695789859080856
24115,-0.008950542791869569
24116,-0.011140201059276012
24117,-0.01063970831952271
24118,-0.012689901356031721
24119,-0.014993790431113296
24120,-0.014026735415546002
24121,-0.009397574133882544
24122,-0.009896812048670453
24123,-0.007339077592474226
24124,-0.00796930475396494
24125,-0.008928108969770606
24126,-0.0014776879732992586
24127,-0.000799756056730316
24128,-0.006128010909093283
24129,0.0021905970655844613
24130,0.0024475821830964
24131,0.0022427705752622604
24132,-0.002536807057058992
24133,0.000836393111220808
24134,0.0031062652668360203
24135,-0.004936870340458853
24136,-0.005310105180743585
24137,-0.005418428265709716
24138,-0.00195375709074333
24139,-0.00041889580234598286
24140,-0.0006018243653170678
24141,-0.017241040442499703
24142,-0.01803094179199987
24143,-0.008164053079115037
24144,-0.01939042609950141
24145,-0.01834450233716781
24146,-0.018928346955642113
24147,-0.005072953580924439
24148,-0.005084827795380778
24149,-0.005425339732832389
24150,5.589536906868094e-05
24151,-0.005360803103370595
24152,-0.002406795428871408
24153,-0.0017033587588731296
24154,0.004956468192614339
24155,0.006160559104762017
24156,0.013324017886444986
24157,0.011923806317642675
24158,0.006998178908916519
24159,0.010302187684450001
24160,0.005476954301427185
24161,0.0020048173261284063
24162,-0.005558128913663833
24163,-0.0017613324767200187
24164,-0.0019879168382718124
24165,0.0027208474824118307
24166,0.012207417654886232
24167,0.00934237504021002
24168,0.0061091632901911
24169,0.00273039416775143
24170,-0.0013664774323008323
24171,0.0020752103601333646
24172,0.0007135806863966367
24173,0.0008412606804339598
24174,0.0026981742041325032
24175,0.0029584594783513465
24176,0.005780469635373505
24177,0.007338449335583407
24178,0.005359921768143778
24179,0.0054787977254264425
24180,0.005122300349059213
24181,-0.004077654971962496
24182,-0.0033747089019818726
24183,-0.007285642245167175
24184,-0.008436567737521291
24185,-0.005020505813293802
24186,-0.0027215035588768794
24187,0.0020354078172724658
24188,0.001198249682245506
24189,-0.0019402240370619973
24190,0.0033856843010070825
24191,0.004105037746782402
24192,0.0027530141876145773
24193,0.003385976795168784
24194,0.0034559639292247933
24195,0.003907427594583234
24196,0.0024648803014712247
24197,0.004366154918554198
24198,0.010952569112115985
24199,0.009789311967273968
24200,0.009728127065070624
24201,0.0024385221752706117
24202,-0.002039341640232238
24203,-0.0011170278917794704
24204,0.0007706046073089934
24205,0.0007803178727733319
24206,-0.0018148086051770016
24207,-0.003031117752138621
24208,-0.007708841786456998
24209,-0.008142850931786925
24210,-0.01686189318766924
24211,-0.011532282883489528
24212,-0.013465724312530984
24213,-0.015142961095010433
24214,-0.008292351476022506
24215,-0.007317100637885401
24216,-0.0043652270073068385
24217,-0.002605886366796775
24218,-0.003136867343173699
24219,-0.005261312047375805
24220,-0.0004570933517809232
24221,0.0038635202944252026
24222,0.0042033094903778465
24223,0.005489326759859403
24224,0.0060234997991733576
24225,0.013396290147545988
24226,0.011963177083384178
24227,0.011838281652912922
24228,0.010546464151559697
24229,0.0027840938767128096
24230,0.0018206369539060666
24231,0.002307338979334276
24232,0.0003167787010581322
24233,0.001805643821022696
24234,0.004699144799879894
24235,0.0002645497512004062
24236,-0.0008340089602666374
24237,0.00033084195889428777
24238,0.0006933543534614888
24239,0.0010599285677860809
24240,-0.003120090105133429
24241,-0.002680391646456248
24242,-0.00010503186396119034
24243,0.0033725646359738276
24244,0.004046788627841354
24245,0.0038967245060422427
24246,0.006275314453450491
24247,0.0062911061994088795
24248,0.005016315736128382
24249,0.004359916479176396
24250,0.0008975499730993151
24251,0.0010706984238232657
24252,0.00042785497200712765
24253,0.0013609102325030946
24254,0.0006141979348762368
24255,0.004872472695818143
24256,0.004942979044508028
24257,0.0027829923305795713
24258,0.006866454783195144
24259,0.007343402923441913
24260,0.003228972120747325
24261,0.0010140627638275136
24262,0.0035898830042795085
24263,0.003940889556497608
24264,0.004668788384144791
24265,0.008435735421431443
24266,0.00839948072414446
24267,0.0027156848863750583
24268,0.0030434712580733056
24269,0.0026089806029365474
24270,0.0026937680347464523
24271,0.001056892850737032
24272,0.0003855878817441402
24273,-0.0024907719857419235
24274,-0.0004801059879548744
24275,0.003480717435776197
24276,-0.003641851313508308
24277,-0.0013287530936035535
24278,-0.0034648706851591856
24279,-0.003212380610477556
24280,-0.006855440883554515
24281,-0.0071340504638718145
24282,-0.00611046833843326
24283,-0.008304970328839466
24284,-0.007943481312556112
24285,-0.00954487190596417
24286,-0.005494664280251024
24287,-0.0055288050001751155
24288,-0.007649421762859958
24289,-0.00866781955984392
24290,-0.007948909289915554
24291,-0.004421666812314235
24292,-0.006411890101534187
24293,-0.004507819361304715
24294,-0.004140663471720148
24295,-0.003346393136523486
24296,-0.0061760709183761135
24297,0.0016288394882733126
24298,0.0048378562004806605
24299,0.005400579417932094
24300,0.008219241111888556
24301,0.007536528366754069
24302,0.00818734944856758
24303,0.009463451181242592
24304,0.008272629080065036
24305,0.006086091409478643
24306,0.011122372003973577
24307,0.010290424542277573
24308,0.010319464053014859
24309,0.017146689290187075
24310,0.017667439703454232
24311,0.021138483158374747
24312,0.009589129175372978
24313,0.006679929626601333
24314,0.007757537951553738
24315,0.0065385649995066105
24316,0.0006816162926482709
24317,0.0007887317085203812
24318,-0.001249046645376363
24319,-0.0021028144352704895
24320,-0.00025242732771187207
24321,-0.0011490460387222395
24322,-0.0025375981374298386
24323,0.0002683360284347149
24324,-0.006290713048098068
24325,-0.002277894910909921
24326,-0.003018112808640681
24327,0.009391158856329431
24328,0.005078748778654411
24329,0.00430484602118274
24330,0.005691462391327335
24331,0.012288276851944165
24332,0.01102713922115383
24333,0.020326799669539295
24334,0.02438572090866947
24335,0.024410784672926216
24336,0.023323892855115647
24337,0.023918151179585886
24338,0.02137725095300955
24339,0.01679648242411142
24340,0.012857751640128198
24341,0.015488193376712523
24342,0.013988335391575953
24343,0.022223191954815348
24344,0.021652591988416778
24345,0.02194393196323857
24346,0.019075470187973884
24347,0.019465377312461517
24348,0.010117868994930624
24349,0.006496972005141498
24350,0.0061985030514912064
24351,0.005777752706166894
24352,0.004103426408072479
24353,0.003934098213295113
24354,0.0067989345610411445
24355,0.011049023097181851
24356,0.008037859940196304
24357,-0.00190362789953039
24358,-0.006042557779310247
24359,-0.006278989690303912
24360,-0.01076914378099351
24361,-0.00867408122320005
24362,-0.008591067426617917
24363,-0.007705089570771899
24364,-0.008505994493430464
24365,-0.008577197422452042
24366,-0.006290787761552643
24367,-0.003828158097747022
24368,-0.0021722584057159568
24369,-0.002516296895546829
24370,-0.006592261469383424
24371,-0.005602876834809024
24372,0.0035654583185046247
24373,0.0013546112742156336
24374,0.0016161983590287118
24375,0.001828424558800751
24376,-0.0021857724999131073
24377,-0.0010647849096890375
24378,0.002037542823664461
24379,0.0017685194745850157
24380,0.002317547305341115
24381,0.010647494737555099
24382,0.009272152047498466
24383,0.007867566079295212
24384,0.009348126836166527
24385,0.01556360008747749
24386,0.014857950328182755
24387,0.015086172584915396
24388,0.020745008243153274
24389,0.021827615063809393
24390,0.0241593688244205
24391,0.02970092571583161
24392,0.028668195979986145
24393,0.026349418776162363
24394,0.02663447283700444
24395,0.026360579907700337
24396,0.01703162488601674
24397,0.017036539519089147
24398,0.016613137652865043
24399,0.011413362652935851
24400,0.009055172039321898
24401,0.009156050955414035
24402,0.004411813548751371
24403,0.0030318096176913415
24404,0.00134626738635093
24405,0.0017330608756762388
24406,-0.000712884154343821
24407,-0.0006883701419297932
24408,-0.0032387987732433047
24409,-0.0019844787699222705
24410,-0.001909786542138981
24411,0.00032886337435176073
24412,-0.002241324142917127
24413,-0.005234788333533862
24414,-0.001091065471289914
24415,-0.0025107752064311524
24416,-0.002576334418910503
24417,-0.005683589145364337
24418,-0.006126934600163718
24419,-0.005279611337380202
24420,-0.003214763037650015
24421,-0.0071815070550850435
24422,-0.00505467739937777
24423,-0.005344594553271527
24424,-0.004780414062012683
24425,-0.004602898352202638
24426,0.0035120088684628486
24427,0.005797203449863956
24428,0.00876544312683964
24429,0.007594519245620905
24430,0.007185307177858884
24431,0.004607684584077443
24432,0.01223276808949145
24433,0.013214258353980235
24434,0.013369515265867668
24435,0.02043655908770562
24436,0.02474415181099023
24437,0.022785718337454682
24438,0.024934040265105505
24439,0.02236731418332464
24440,0.01630658818600181
24441,0.005294250111911433
24442,0.0067361343515166495
24443,0.008125106124518224
24444,0.024287696519449113
24445,0.027641464387740095
24446,0.03198592265394349
24447,0.03480404340063502
24448,0.03154018839272244
24449,0.034132942695606745
24450,0.019865954150684068
24451,0.018096057228185105
24452,0.018415036373196896
24453,0.016897301195076223
24454,0.020781675654639536
24455,0.026630457779470325
24456,0.02860846464238511
24457,0.031092089823003027
24458,0.02743307671294487
24459,0.025829920148432724
24460,0.029666594704215114
24461,0.02896973116581564
24462,0.013924451779464149
24463,0.021435955887028263
24464,0.017918096000136215
24465,0.015738770518457772
24466,0.006524321405204073
24467,0.009034404091695125
24468,0.007967425908779437
24469,0.013075153058160337
24470,0.012595501089443384
24471,0.007960070628176986
24472,0.0032254509623010903
24473,0.005648949018734565
24474,-0.005998897847903008
24475,-0.009628299382962916
24476,-0.009577451188049358
24477,0.002609156023993059
24478,-0.0026337813364934837
24479,-0.0023939311452114845
24480,0.008299731036632561
24481,0.016990134336038746
24482,0.014583921657405179
24483,0.017194537031888793
24484,0.011623402682989854
24485,0.014005056590081156
24486,0.01552937828546169
24487,0.02470981740502509
24488,0.02519275955019019
24489,0.014618993165392268
24490,-0.012628573403328767
24491,-0.010514473614721402
24492,-0.011318658406417301
24493,-0.0082368785969162
24494,-0.014265670877323965
24495,-0.022061830645898856
24496,-0.021121049853364063
24497,-0.022270356003078886
24498,-0.01807104653782129
24499,-0.018307695799014055
24500,-0.01999545824944178
24501,-0.01694710868992249
24502,-0.01501149960755641
24503,-0.008374075274065876
24504,0.00496632652885158
24505,0.02976257178361606
24506,0.027578272751613054
24507,0.03280852984336614
24508,0.03339916923809331
24509,0.040503125843039264
24510,0.03485243811199841
24511,0.03751625097858515
24512,0.0358230243606918
24513,0.025458427784677606
24514,0.019154176519352157
24515,0.01987474783529672
24516,0.009871994971856864
24517,-0.0012260995965681747
24518,-0.008420941315487615
24519,-0.018676561108969605
24520,-0.020536295469481988
24521,-0.023193440197625117
24522,-0.03390110831526725
24523,-0.04366819983388344
24524,-0.04418827941665097
24525,-0.029586972547249887
24526,-0.030770690561062197
24527,-0.028407235774804564
24528,-0.02077155998269728
24529,-0.02016661474610855
24530,-0.025222651100812295
24531,-0.013549934075226793
24532,-0.014564910326312129
24533,-0.014296097597165915
24534,-0.009268866232632447
24535,-0.014208288304261074
24536,-0.012940809375418062
24537,-0.008113260257219439
24538,-0.0007155030676419206
24539,-0.0027924799114520584
24540,-0.0026511581868455592
24541,-0.002669278862198702
24542,-0.001735478480972666
24543,0.002936692610125989
24544,0.004227510199560674
24545,0.007082582750058581
24546,0.002801332325967731
24547,0.007133942130901225
24548,0.009348588847316092
24549,0.012421422383991233
24550,0.0241896121982806
24551,0.023821610237846114
24552,0.018804829811103478
24553,0.014513546173108653
24554,0.016841122390629917
24555,0.014122579302054348
24556,0.013850943106525966
24557,0.014581233029250254
24558,0.006607338707565912
24559,0.0073978560136139645
24560,0.008948038547285167
24561,0.008254220519513376
24562,0.007314675897077161
24563,0.004825142824518775
24564,0.0015001578654497522
24565,-0.0035551347710606838
24566,0.0007944664888656425
24567,-0.002376075521548665
24568,0.0007543357585102104
24569,0.00038440323142954725
24570,-0.012057231240687612
24571,-0.011475609777245
24572,-0.013532953412364207
24573,-0.013272730110268346
24574,-0.007663594335231443
24575,-0.00917888234341731
24576,-0.008123723237832633
24577,-0.005976220347905536
24578,-0.006285032803574994
24579,-0.0065385546554543655
24580,-0.009124329312955095
24581,-0.012426650350856314
24582,0.000986307424347669
24583,0.0026530047094466174
24584,0.0009472683414432994
24585,0.012350625048539938
24586,0.012404073527451149
24587,0.012880954198484361
24588,0.011709996289003181
24589,0.010909906073289032
24590,0.012404893671504802
24591,0.014208707178082307
24592,0.013389690923682716
24593,0.015486838608459865
24594,0.018545855767247172
24595,0.018871572793904386
24596,0.018386172811771708
24597,0.008564750665362934
24598,0.007692193996773207
24599,0.009349886952264503
24600,0.005597119165602478
24601,0.0005657346724602116
24602,0.003867321952459063
24603,0.003498682891368295
24604,-0.004078714630302662
24605,-0.004071498528589742
24606,-0.008149595359460811
24607,-0.0099108769284338
24608,-0.011935257112045261
24609,-0.013092760998157328
24610,-0.013628033663686444
24611,-0.019528009669362068
24612,-0.013443392014783477
24613,-0.013783511496661089
24614,-0.013354619094582293
24615,-0.013361024017945608
24616,-0.010251642776761086
24617,-0.013652185393812705
24618,-0.012739445197421402
24619,-0.009863679324600905
24620,-0.009905361843163764
24621,-0.003185721272928428
24622,-0.0012111506076099819
24623,-0.0009649703269443789
24624,0.0005845751801180392
24625,0.0035260483401027116
24626,0.010077559121436078
24627,0.003350080328941368
24628,-0.0017441757041951982
24629,-0.004806008648016281
24630,-0.004699463118580698
24631,-0.0032803626741443608
24632,-0.003609161835154901
24633,0.0019108239306808994
24634,0.002211877612952481
24635,0.002039485493299182
24636,-0.0016696710249540635
24637,-0.0066011652436019546
24638,-0.004965419297385283
24639,-0.010049632261085942
24640,-0.010543297421344364
24641,-0.010794318321889339
24642,-0.014462433578544532
24643,-0.015205311137766306
24644,-0.012076853771269888
24645,-0.012834298908209505
24646,-0.01222020834156197
24647,-0.007861151558167042
24648,-0.008328416393403369
24649,-0.008679565449088945
24650,-0.007872200282755107
24651,-0.00605614594558283
24652,-0.002441647266775826
24653,-0.004085866965692539
24654,-0.00781564561247406
24655,-0.01069580323028679
24656,-0.007257146392228929
24657,-0.001963058249302755
24658,-0.00033490591783796886
24659,-0.0008230130463138627
24660,-0.005679599324684504
24661,-0.005759176725627821
24662,-0.009917352446268452
24663,-0.014346477776326824
24664,-0.011880187819550806
24665,-0.012922141095572017
24666,-0.01347063303278456
24667,-0.014461681404286863
24668,-0.014024415492728084
24669,-0.0012860511368005712
24670,0.005185710420993327
24671,0.002039011150473056
24672,-0.001272329741957545
24673,0.00847604739156195
24674,0.005577946097663899
24675,0.010718029741442382
24676,0.008303609491729026
24677,0.008417858541123008
24678,0.009185719285922416
24679,0.00856166937192152
24680,0.00913634422694226
24681,0.0070738814380302585
24682,0.0056157494851906105
24683,0.005659475936281154
24684,-0.002418449159850934
24685,-0.008086719774363036
24686,-0.008792584660900993
24687,-0.0076226736553764
24688,-0.013637951220689221
24689,-0.009991811732423682
24690,-0.011504765259409066
24691,-0.010645847699850485
24692,-0.007380224260958091
24693,-0.010948610511955241
24694,-0.010663211727314848
24695,-0.010864175189371253
24696,-0.01189546751458548
24697,-0.01024876264613574
24698,-0.010821356251771441
24699,-0.007264030343387916
24700,-0.0014059773801389475
24701,-0.0028843063109513594
24702,0.006081405167239389
24703,0.008417502390979995
24704,0.007380906663359131
24705,0.007840920403103788
24706,0.0038443229864414067
24707,0.0009546142965322764
24708,0.0031709597840865384
24709,0.0037101891502972777
24710,0.003013654566608814
24711,0.005785590464834568
24712,0.0034996280335473488
24713,0.0030211009981908395
24714,-0.004809339964293262
24715,-0.01070029415020824
24716,-0.009157472563815005
24717,-0.018207213108528852
24718,-0.02387469644855524
24719,-0.024389413732408435
24720,-0.02017902503787774
24721,-0.01460918467552818
24722,-0.01570652447051897
24723,-0.013528224478648028
24724,-0.017402794811117044
24725,-0.016676258774095818
24726,-0.01637344694921651
24727,-0.012410334586796988
24728,-0.010139608803999499
24729,-0.005524924966073958
24730,-0.005887673938619861
24731,-0.005879699116871377
24732,0.0045830336800246315
24733,0.0067115334669012325
24734,0.007811848222614921
24735,-0.0002633697217453151
24736,-0.002980673173850879
24737,-0.0038527274391719395
24738,-0.0007742605932171696
24739,0.0011935651743263168
24740,0.0012257379509261895
24741,-0.0031180996503142886
24742,-0.005202321742243175
24743,-0.007229871244117522
24744,-0.00047379588462351387
24745,0.0044742864699284
24746,0.009066983784543127
24747,-0.000998030709146302
24748,-0.001293560584965143
24749,-0.0009707934166660121
24750,0.005691193049083572
24751,0.004560531433177556
24752,0.005997068342558118
24753,-0.0005898372641709149
24754,0.0034096237789093503
24755,0.007123826280598033
24756,0.014983163552672481
24757,0.016511180688340874
24758,0.016941723109206535
24759,0.009661190238805979
24760,0.00685053865899946
24761,0.002809453974639317
24762,0.004969545912070535
24763,0.00871940732023894
24764,0.009395865975653847
24765,0.00936269482781566
24766,0.013006374929277104
24767,0.013414698855914132
24768,0.014564661901824715
24769,0.012840618362618312
24770,0.009459804323236684
24771,0.008228176421430925
24772,0.009701881767165611
24773,0.003858098676638749
24774,0.0070551452887450935
24775,0.004549117090097047
24776,0.004518315603537062
24777,-0.001727818933444015
24778,-0.0025946751635828667
24779,-0.003621510915130035
24780,5.637815963784664e-05
24781,-0.00033356384251266547
24782,-0.0002469224684273708
24783,4.800398820713697e-05
24784,-0.0020559282790224252
24785,-0.0019206237471280788
24786,-0.006847610927827377
24787,-0.005943357486636378
24788,0.00010176514924516688
24789,-0.002725519898792713
24790,-0.0024912201170492303
24791,-0.0043919609185173285
24792,0.005469742047265146
24793,0.0028198332667222544
24794,0.0019961945575162014
24795,-0.004150570714658767
24796,-0.006944372096899717
24797,-0.007069380627986696
24798,-0.003968934264228071
24799,-0.000394601069362963
24800,0.0064114153624553714
24801,0.003561026851324869
24802,0.003908943695317873
24803,0.003340354017425021
24804,0.004652635420132372
24805,0.002778418925855132
24806,0.004717669752347761
24807,0.004721520438231663
24808,0.00460564328731081
24809,0.009660297430359012
24810,0.011272867122980753
24811,0.011881392891666516
24812,0.012229111074349267
24813,0.023143096867547504
24814,0.02096122992137415
24815,0.014060612025408778
24816,0.014526206798057733
24817,0.009520263281394242
24818,0.009747207204215078
24819,0.011732625405287104
24820,0.015180154910235206
24821,0.014939011862956453
24822,0.007565039913725729
24823,0.008892784006728037
24824,0.004839163912352039
24825,0.0023990958074467665
24826,0.0037465964268703178
24827,0.003823427181091478
24828,-0.007235115205971125
24829,-0.006917914511856137
24830,-0.006906662418091972
24831,-0.003359745579042921
24832,-0.0022577009392012715
24833,-0.002363794734866744
24834,-0.005051958264442374
24835,-0.011468296242760917
24836,-0.013131124961312237
24837,-0.009225782064081934
24838,-0.008770184497233088
24839,-0.008966557466718431
24840,-0.006503717676425632
24841,-0.009064745823535624
24842,-0.0098663564676958
24843,-0.009028910312667032
24844,-0.007812829025743576
24845,-0.008037375089376967
24846,-0.007254748367284362
24847,-0.005997269794139579
24848,-0.003945165670759129
24849,0.0008457770255829544
24850,0.006354494508210523
24851,0.008196056106910482
24852,0.011336280591693641
24853,0.007812026059515321
24854,0.0071843220660301335
24855,0.00730141706973171
24856,0.008873082224173334
24857,0.009193758824685896
24858,0.0018559579193287222
24859,-0.000524798354840279
24860,-0.0007602768689768455
24861,-0.001149192926876102
24862,-0.006893049505947286
24863,-0.0097388425043008
24864,-0.01461966600451957
24865,-0.012488394220004537
24866,-0.012333164086986719
24867,-0.013456230907604078
24868,-0.011408560669500575
24869,-0.011112528337139226
24870,-0.009636804746271786
24871,-0.00867047074764074
24872,-0.008702379392217822
24873,-0.001302492634891063
24874,-0.00037776810918446773
24875,-5.018912986596801e-05
24876,-0.0005691740892250478
24877,0.002257378072215201
24878,0.003594756222106713
24879,0.0032782504359741573
24880,0.005374897776323385
24881,0.006268662241564726
24882,0.004525810062731441
24883,0.005562967672227223
24884,0.005808744078171253
24885,-0.0006567744058919415
24886,-0.0012944365136509162
24887,-0.0013157890818983776
24888,-0.007684861245395657
24889,-0.005854350416667512
24890,-0.00814173884067395
24891,-0.007676349225342869
24892,-0.009967686679188953
24893,-0.010986216972432445
24894,-0.010601400509899397
24895,-0.016748557810098652
24896,-0.017975326017689017
24897,-0.016752867368506164
24898,-0.018443708058870658
24899,-0.017805893996406856
24900,-0.011328525755287306
24901,-0.01578862156594573
24902,-0.016186238492174397
24903,-0.01094414231248814
24904,-0.01473446641053291
24905,-0.012576055190916495
24906,-0.016705146342455866
24907,-0.01640496448871327
24908,-0.017375289966519564
24909,-0.016073997362657393
24910,-0.014818123772606585
24911,-0.014788130946407093
24912,-0.01029685293070432
24913,-0.008755104145278187
24914,-0.011931757563998143
24915,-0.010140324885074136
24916,-0.0036850354961862775
24917,-0.0030108496657154987
24918,0.00019502492624491401
24919,0.0006412154095528456
24920,0.0003893646442347667
24921,0.0015227337391724792
24922,0.004558922770815755
24923,0.006518915994599829
24924,0.007367962614797341
24925,0.007968871337662393
24926,0.008689300694819012
24927,0.002150916924075891
24928,0.00226210592757172
24929,0.005128387087696483
24930,-0.005522042597917639
24931,-0.007965934819083418
24932,-0.010452921425570787
24933,-0.011687405723531621
24934,-0.010065238385948595
24935,-0.010012840394742154
24936,-0.009299954211216087
24937,-0.010834526458176955
24938,-0.011166704972316498
24939,-0.01559792712237693
24940,-0.017361708857871923
24941,-0.01759399831097616
24942,-0.01563337328149817
24943,-0.012664465774256126
24944,-0.012879410350515248
24945,-0.0066767329558167455
24946,-0.007575655406374601
24947,-0.004422791599214749
24948,-0.006457354592340806
24949,-0.010802342967499653
24950,-0.015194743797482618
24951,-0.012926184240832394
24952,-0.011749471278404117
24953,-0.011264830823085993
24954,-0.012252929904204261
24955,-0.009998984748948251
24956,-0.010502850137037502
24957,-0.006605499933187176
24958,-0.008243912018489837
24959,-0.0130955471193681
24960,-0.007064141366762702
24961,-0.00501043905813751
24962,-0.00597282577170346
24963,-0.0057108815712833974
24964,-0.0017337900228912638
24965,0.002597388868662186
24966,0.004075571922332714
24967,0.0038967907318226006
24968,7.120733118351536e-05
24969,0.004280060567012683
24970,0.0043121237209325335
24971,0.003089761319065425
24972,0.007039264755382024
24973,0.00408674454909034
24974,0.009399541424831829
24975,0.0048124436709451246
24976,0.0004171818065274662
24977,0.0006866038376560577
24978,-0.001171313154618791
24979,-0.0014310547881573106
24980,-0.0019521431865241253
24981,-0.004856785931009863
24982,-0.0025974863075718994
24983,0.0005248446142796607
24984,0.002013614924147265
24985,0.004659711551153566
24986,0.00919770864756706
24987,0.0012349404668407931
24988,-0.0032521880677977206
24989,-0.0028081490169621823
24990,-0.0005100233979805941
24991,0.0014371877289238257
24992,0.001207866580062643
24993,0.005197451944526913
24994,0.006849095994477509
24995,0.007085893897710775
24996,0.008525852756302695
24997,0.009529345824126472
24998,0.009841578829278136
24999,0.006405965114488224
25000,0.0054617276238354395
25001,0.0021192200281739265
25002,0.0007352945717906022
25003,0.011216513212085317
25004,0.011458813072661417
25005,0.008210027677240776
25006,0.009666956149675632
25007,0.009771482390264444
25008,0.007245913498143143
25009,0.006576433342020447
25010,0.0064973430898894865
25011,0.0036854620193606156
25012,-0.0010174640032869196
25013,0.0016008385168762818
25014,0.0035958648942082047
25015,0.00252618797402625
25016,0.002783994574431995
25017,0.01221463466417157
25018,0.005615311537373566
25019,0.004548719470268194
25020,0.005022916962726605
25021,0.0050227169928507105
25022,0.005455772711931917
25023,0.00519808599058942
25024,0.011076834643826129
25025,0.0120245966716019
25026,0.017624523191398917
25027,0.01953173016581588
25028,0.016559802307336186
25029,0.014289192524281503
25030,0.01239345626984504
25031,0.015085779563107814
25032,0.007274121899771419
25033,0.010957467311622428
25034,0.010195529361169789
25035,0.01632802269217994
25036,0.016173551109838234
25037,0.015851296977005738
25038,0.014959918656700714
25039,0.008191080150396582
25040,0.008095516615845767
25041,0.006970034797345519
25042,0.011439413443373127
25043,0.011604139093714208
25044,0.01435096938526549
25045,0.016940336553687558
25046,0.014870060726758694
25047,0.010476149832580705
25048,0.011377692001384831
25049,0.009751572551433696
25050,-0.0012281029130408751
25051,-0.002739674165665837
25052,-0.002895740137962154
25053,-0.0039597270451401006
25054,-0.0018095260424463053
25055,-0.0027687772070294626
25056,-0.002619541697120012
25057,-0.004858083087232472
25058,-0.00992249572084723
25059,-0.011457527815393592
25060,-0.011421233024982958
25061,-0.012270579405897425
25062,-0.014306920817565679
25063,-0.014932083307319302
25064,-0.013037427057482048
25065,-0.0034860596724842845
25066,-0.007321147991196177
25067,-0.006996169173353629
25068,-0.005282418523861913
25069,-0.007947138325557159
25070,-0.006837364253778872
25071,-0.00941610359006427
25072,-0.009695449698343794
25073,-0.004759749293114052
25074,-0.006178282129258505
25075,-0.007612821071974587
25076,-0.009124512648848929
25077,-0.005583699426497092
25078,-0.008932938820725886
25079,-0.009088079279725323
25080,-0.01827111278437473
25081,-0.013883745973856302
25082,-0.014437384050859025
25083,-0.014413961274367452
25084,-0.014751578954397822
25085,-0.013001641852806008
25086,-0.011770121248330736
25087,-0.014313435591358671
25088,-0.01331966063655044
25089,-0.008874599557227962
25090,-0.0077597874641205985
25091,-0.0059360634529784595
25092,-0.005409090547949649
25093,-0.00020103337888462667
25094,0.0006402089818472416
25095,-7.13471855534161e-05
25096,0.002700853469696452
25097,0.002870179774097894
25098,0.0033039840803004115
25099,0.002542339722764185
25100,0.0003393353269284618
25101,-0.000850823942081252
25102,0.000289718321208429
25103,-0.0012381197051867646
25104,-0.006545466596946531
25105,-0.0035795778183961074
25106,-0.004187940179994932
25107,-0.005187797660836388
25108,-0.008923453315529385
25109,-0.009030013964822408
25110,-0.004659119113091171
25111,-0.004440490793026316
25112,-0.00465084727866195
25113,-0.0028359838615215653
25114,0.00011493260309125565
25115,6.974908458163048e-05
25116,-0.0007842481666048368
25117,0.0004734999889311579
25118,0.001007046246898843
25119,0.004310848102837535
25120,0.00023734096846818586
25121,0.0011969223756106175
25122,0.003077024758266919
25123,0.0021863323348670373
25124,0.0018031926390218748
25125,0.008591846799022607
25126,0.005901429477917699
25127,0.006183025574905792
25128,0.0037322766087385475
25129,-0.00021416796360684552
25130,5.008065135571424e-05
25131,0.0016127841747859899
25132,0.0015307709234042204
25133,0.0013908646167730254
25134,0.0004991741942627408
25135,0.0005398148871958941
25136,0.0008186317006435406
25137,0.0036455098802861633
25138,0.006556397093714693
25139,0.006058177738600834
25140,-0.00136269082420134
25141,-0.0016634880466108108
25142,-0.0019235018767628162
25143,-0.0009836238431154708
25144,-0.00015797118285984052
25145,-0.000306920645805217
25146,8.229027341251289e-05
25147,-0.003625459779796678
25148,-0.00204395657689611
25149,0.0013971748479016319
25150,0.002366337169672421
25151,0.001743510326886677
25152,-0.002726655542844637
25153,-0.003082661239713404
25154,-0.002694078419310565
25155,0.00666015887439328
25156,0.009225374923817822
25157,0.009476671898217784
25158,0.013641313235663668
25159,0.015721845640843397
25160,0.015308025965037702
25161,0.009926215032581788
25162,0.011481385440835788
25163,0.01054121537703496
25164,0.007258856228231316
25165,0.007509108668494259
25166,0.006287131249733431
25167,0.009711814046031345
25168,0.009595932921204647
25169,0.0100743318336721
25170,0.0005774988175749748
25171,-0.001309992388293195
25172,-0.0013268909260372626
25173,-0.006640479683697922
25174,-0.0017797530619106086
25175,-0.0031749010586534995
25176,0.0010713323738767236
25177,-0.0019139175541800963
25178,-0.0022331388429803725
25179,-0.001166042501731089
25180,-0.0022091393737594437
25181,-0.0012923221791515404
25182,-0.0033494254428375757
25183,-0.008726707337770293
25184,-0.0017897340731913844
25185,-0.003708478728786101
25186,-0.0040271285902977886
25187,-0.004357265958010588
25188,0.0006301537081406401
25189,-0.004462014667228628
25190,-0.002848869622462545
25191,-0.006111963791033078
25192,-0.0028342836364124964
25193,-0.0013547180090860988
25194,-0.00013730572003433034
25195,-0.001696924777910045
25196,-0.0010375160680645159
25197,-0.0017909982392643805
25198,0.0032904325243483124
25199,-0.0037525367020147093
25200,0.003348403646345225
25201,0.006631562592138956
25202,0.0067219034257171096
25203,0.004232587359732269
25204,0.0024352943182760355
25205,0.003145389533152259
25206,0.005915190848091495
25207,0.007757926031254393
25208,0.006239056831774923
25209,0.009017647123446914
25210,0.012137475702268264
25211,0.011757075457280698
25212,0.012990655951414444
25213,0.010759143329857163
25214,0.011014386561940695
25215,0.005739071511097968
25216,0.0014824389173791308
25217,0.0014261451021352098
25218,-0.0009239756363969454
25219,0.002085188327684301
25220,0.0021255649731663218
25221,0.0037046048456935827
25222,0.0019716800565852113
25223,0.002057886129896054
25224,-0.004275269790210542
25225,-0.007669345066450427
25226,-0.007711925389357312
25227,-0.006680629107941529
25228,-0.004313095319860453
25229,-0.004248017173556144
25230,-0.0029155684813233513
25231,-0.0025666876107566772
25232,-0.0025590356444260462
25233,-0.004069616916348521
25234,-0.005064188321717965
25235,-0.00601632444107188
25236,-0.006959082290883252
25237,-0.004201306413301582
25238,-0.002695296122069599
25239,0.00016249929381143596
25240,0.0028751702984313393
25241,0.0029881236166799264
25242,0.0024666575162447944
25243,0.008022375133554341
25244,0.0072354873329609
25245,0.008773193132389992
25246,0.01002641122734179
25247,0.010529521449830869
25248,0.010760834815745501
25249,0.01298314293827938
25250,0.012934413060094038
25251,0.013876123023661117
25252,0.011580659814352754
25253,0.010134144826352186
25254,0.009527592604233966
25255,0.01135022748115647
25256,0.010303583109347807
25257,0.010333862792386541
25258,0.002129810840239785
25259,0.0025351439838735015
25260,-0.0022920644271901104
25261,-0.0012633335140245707
25262,-0.0017521892581164938
25263,0.0027100369057094786
25264,9.775735601539154e-05
25265,-0.00026445905036633305
25266,-0.000746952374196289
25267,-0.0007964302600187449
25268,-0.0008756838648932286
25269,-0.004336342551508158
25270,-0.005379846003671543
25271,-0.004769816399924213
25272,-0.002988611365437191
25273,-0.00259847226195534
25274,-0.0005727704219428819
25275,0.0014315294512580324
25276,0.0035822137658925767
25277,0.0039571872213102705
25278,-0.00044684364802428846
25279,0.0017621672702469165
25280,0.0020936613252270932
25281,-0.0009971823207245332
25282,-0.0006372306443826145
25283,-0.00129330751734619
25284,0.0027355003225256057
25285,0.0017268306079366465
25286,0.001478315523309185
25287,-0.003287803181474772
25288,-0.0031894458447176512
25289,-0.005765601437562568
25290,-0.007952893979802164
25291,-0.012283577179100766
25292,-0.01312100839326386
25293,-0.011287996433279504
25294,-0.01175593906703083
25295,-0.011799051246845263
25296,-0.009630081070696867
25297,-0.012283472251045143
25298,-0.012543879317411424
25299,-0.017197123477907767
25300,-0.018746382904624343
25301,-0.02066345516482389
25302,-0.017022405047062233
25303,-0.014733220213443183
25304,-0.014958213939182051
25305,-0.012057184339486248
25306,-0.00964901553880877
25307,-0.008847607225413936
25308,-0.006109160393605426
25309,-0.0022132187948301686
25310,-0.0018158031092019157
25311,0.002187852493257946
25312,0.0007641900424146386
25313,0.0015546750274448825
25314,0.0037994428832722207
25315,0.005183474042102798
25316,0.008265564263115519
25317,0.00555306558320574
25318,0.005620089216344533
25319,0.003054037125437083
25320,-0.0020847545938112643
25321,-0.00403850276840768
25322,-0.004954368947543657
25323,-0.006749198368142603
25324,-0.014196019183381729
25325,-0.014082165756352382
25326,-0.019525730023001807
25327,-0.011558918213965283
25328,-0.013392600032361585
25329,-0.012150497207398326
25330,-0.012170869267081415
25331,-0.012759806517886786
25332,-0.0142257153773981
25333,-0.013908640757576073
25334,-0.009712093436117675
25335,-0.0014948632184743854
25336,-0.0010507279228401643
25337,0.0018018607499296888
25338,-0.00045339438592338453
25339,-0.000850918729694194
25340,-0.001283687930121968
25341,0.00025867104963507126
25342,-0.00465278876006088
25343,-0.00193933186789564
25344,-0.0009476243536676478
25345,0.007826863460145888
25346,0.00705142338008826
25347,0.007694343940339467
25348,0.005159008258934618
25349,0.004605865284473898
25350,0.0015505029333923134
25351,0.0007452671368992179
25352,-0.0008675768418601693
25353,-0.0009044248360672144
25354,0.004513864631048249
25355,0.004437925167175886
25356,0.0053573748584793135
25357,0.005140970178098941
25358,0.004713077847172499
25359,0.017986351787912035
25360,0.008036678794550388
25361,0.008542536587732385
25362,0.008464932906006225
25363,0.008987703372514618
25364,0.008755249700325157
25365,0.009332072167531636
25366,0.011150321099261666
25367,0.010885271257592472
25368,0.009048423277444654
25369,0.006582810282367534
25370,0.00663532523406038
25371,0.00679310744820324
25372,0.00754306061533257
25373,0.006300929199941811
25374,-0.007790034774715235
25375,-0.005139964195559803
25376,-0.004408780173550171
25377,-0.0023920128209200145
25378,-0.0018586600059848392
25379,-0.0023741488893006795
25380,0.0014669168120146814
25381,-0.0002922812428970269
25382,-8.174951278192506e-05
25383,0.003039767487456798
25384,0.002573286068271391
25385,0.0025965749430365047
25386,0.004892826920144163
25387,0.0046803413126056456
25388,0.0055801422720492344
25389,0.004984015731192297
25390,0.0027928209602606146
25391,0.002945780573749805
25392,0.0031657746153363744
25393,0.00440766225951424
25394,0.004345520111228687
25395,-0.0028408086105436497
25396,-0.001495403769699302
25397,-0.002109797961525219
25398,0.0008145112917003332
25399,0.0015134179765879737
25400,0.0038614419466059128
25401,0.0006213225868551863
25402,0.0003503644124730628
25403,0.00038412931095364243
25404,0.0010377729222362348
25405,0.0022258377170275125
25406,0.0014156635873519101
25407,0.003990043809313994
25408,0.0017430840862179267
25409,0.0021903268486899927
25410,0.004566437631311133
25411,0.003276476882652386
25412,0.0033052868999422823
25413,-0.0016374471425116047
25414,-0.00390981930673094
25415,-0.00629764938800954
25416,-0.009921919402830834
25417,-0.007164892331867331
25418,-0.007318778536207808
25419,-0.0043246469854622644
25420,0.0001981636832022764
25421,0.00011661267875163709
25422,0.000829120612430673
25423,0.0010507804233769855
25424,0.0015157089473956647
25425,0.0013447712960423972
25426,0.006064839679917302
25427,0.006302684239633005
25428,0.00775171795820266
25429,0.004732146623489056
25430,0.0053539197817092125
25431,0.009711300995074439
25432,0.008275825712986185
25433,0.008368888235005667
25434,0.006219058790782853
25435,0.0025597918810985826
25436,0.0019596561088176603
25437,-0.0030273665555102525
25438,-0.002882057076210966
25439,-0.0035611551743766896
25440,-0.0025907861879452716
25441,-0.007323081302130017
25442,-0.0069447892885041865
