datetime,close,future_return,trend_label
2022-01-04 09:00:00,4465.958,0.027827176162427,1.0
2022-01-04 10:00:00,4475.794,0.0308928427000886,1.0
2022-01-04 11:00:00,4468.056,0.0337439817227,1.0
2022-01-04 13:00:00,4467.32,0.034828263925575,1.0
2022-01-04 14:00:00,4480.116,0.0280041856059085,1.0
2022-01-04 15:00:00,4485.211,0.0244829061553625,1.0
2022-01-04 21:00:00,4505.529,0.0200671219739123,1.0
2022-01-04 22:00:00,4525.154,0.0187204678559005,1.0
2022-01-04 23:00:00,4523.679,0.0254810299316109,1.0
2022-01-05 09:00:00,4537.294,0.0260796413016216,1.0
2022-01-05 10:00:00,4549.257,0.0241839491591704,1.0
2022-01-05 11:00:00,4538.195,0.0269250219525605,1.0
2022-01-05 13:00:00,4534.618,0.0276825964171623,1.0
2022-01-05 14:00:00,4555.404,0.0191006110544749,1.0
2022-01-05 15:00:00,4555.481,0.0186979157634506,1.0
2022-01-05 21:00:00,4573.218,0.0142254316326054,1.0
2022-01-05 22:00:00,4568.561,0.0087047103015588,1.0
2022-01-05 23:00:00,4575.267,0.0075984636525038,1.0
2022-01-06 09:00:00,4556.565,0.0128447635444683,1.0
2022-01-06 10:00:00,4601.892,0.0045224877072299,0.0
2022-01-06 11:00:00,4590.233,0.0055352310002562,1.0
2022-01-06 13:00:00,4614.064,0.0002429528502422,0.0
2022-01-06 14:00:00,4618.826,0.0033144786142626,0.0
2022-01-06 15:00:00,4622.909,0.0012191457802869,0.0
2022-01-06 21:00:00,4605.578,0.0020440431146752,0.0
2022-01-06 22:00:00,4595.022,0.0112554412144272,1.0
2022-01-06 23:00:00,4595.942,0.0043605859255839,0.0
2022-01-07 09:00:00,4609.867,0.0062949755383398,1.0
2022-01-07 10:00:00,4638.947,0.0026764694660232,0.0
2022-01-07 11:00:00,4655.625,0.0083900657806416,1.0
2022-01-07 13:00:00,4659.276,0.008708649154933,1.0
2022-01-07 14:00:00,4660.386,0.006753517841655,1.0
2022-01-07 15:00:00,4660.148,0.0084377148536913,1.0
2022-01-07 21:00:00,4642.415,0.0119569232823864,1.0
2022-01-07 22:00:00,4640.659,0.0189792010143387,1.0
2022-01-07 23:00:00,4638.274,0.0180493864743652,1.0
2022-01-10 09:00:00,4608.329,0.0258126101673731,1.0
2022-01-10 10:00:00,4610.032,0.0243024343431889,1.0
2022-01-10 11:00:00,4615.093,0.0249006899752615,1.0
2022-01-10 13:00:00,4622.704,0.0236195092742257,1.0
2022-01-10 14:00:00,4615.641,0.0397121439904014,1.0
2022-01-10 15:00:00,4615.185,0.0413725560297149,1.0
2022-01-10 21:00:00,4634.135,0.0365945316655643,1.0
2022-01-10 22:00:00,4628.545,0.0352899237233299,1.0
2022-01-10 23:00:00,4614.992,0.035324221580449,1.0
2022-01-11 09:00:00,4646.741,0.024222137622906,1.0
2022-01-11 10:00:00,4615.983,0.0261367946979007,1.0
2022-01-11 11:00:00,4638.886,0.0175843941842932,1.0
2022-01-11 13:00:00,4651.363,0.0153834478194886,1.0
2022-01-11 14:00:00,4694.686,0.0116335789017625,1.0
2022-01-11 15:00:00,4699.852,0.0150421757961739,1.0
2022-01-11 21:00:00,4691.86,0.0178594416713202,1.0
2022-01-11 22:00:00,4699.469,0.0112525478942408,1.0
2022-01-11 23:00:00,4697.924,0.0137809807055201,1.0
2022-01-12 09:00:00,4728.735,0.0029788093433022,0.0
2022-01-12 10:00:00,4721.992,0.0038945428115929,0.0
2022-01-12 11:00:00,4727.282,0.0055672583103779,1.0
2022-01-12 13:00:00,4722.067,0.0075547424464752,1.0
2022-01-12 14:00:00,4730.012,-0.0020361470541722,0.0
2022-01-12 15:00:00,4731.89,-0.0037101454175816,0.0
2022-01-12 21:00:00,4798.938,-0.0181352624268118,1.0
2022-01-12 22:00:00,4806.127,-0.0253093603227713,1.0
2022-01-12 23:00:00,4803.719,-0.0364542555465879,1.0
2022-01-13 09:00:00,4791.886,-0.0326120028731902,1.0
2022-01-13 10:00:00,4778.013,-0.0289396449946871,1.0
2022-01-13 11:00:00,4759.295,-0.022624569395257,1.0
2022-01-13 13:00:00,4736.63,-0.0174180799429129,1.0
2022-01-13 14:00:00,4720.458,-0.0124729422441635,1.0
2022-01-13 15:00:00,4722.917,-0.0131141411123678,1.0
2022-01-13 21:00:00,4749.302,-0.0184721881236441,1.0
2022-01-13 22:00:00,4770.548,-0.0259031037943649,1.0
2022-01-13 23:00:00,4775.654,-0.0211030782380802,1.0
2022-01-14 09:00:00,4752.35,-0.0188106936568225,1.0
2022-01-14 10:00:00,4762.666,-0.0159616483708915,1.0
2022-01-14 11:00:00,4742.821,-0.0093781738758431,1.0
2022-01-14 13:00:00,4740.382,-0.0091863904638907,1.0
2022-01-14 14:00:00,4753.6,0.0115872181083808,1.0
2022-01-14 15:00:00,4757.741,0.0131671732446133,1.0
2022-01-14 21:00:00,4720.381,0.0221552031499152,1.0
2022-01-14 22:00:00,4714.334,0.0228146754133246,1.0
2022-01-14 23:00:00,4711.908,0.0215297072863052,1.0
2022-01-17 09:00:00,4684.487,0.0251022150344318,1.0
2022-01-17 10:00:00,4628.603,0.0342047049617346,1.0
2022-01-17 11:00:00,4635.613,0.0337275782081032,1.0
2022-01-17 13:00:00,4639.739,0.0350431349694455,1.0
2022-01-17 14:00:00,4651.618,0.03136843997078,1.0
2022-01-17 15:00:00,4654.127,0.0323467752384065,1.0
2022-01-17 21:00:00,4661.58,0.0311126270491978,1.0
2022-01-17 22:00:00,4660.98,0.0263453179374294,1.0
2022-01-17 23:00:00,4661.572,0.0280718607371074,1.0
2022-01-18 09:00:00,4646.976,0.0302885145092206,1.0
2022-01-18 10:00:00,4674.873,0.0266794413452515,1.0
2022-01-18 11:00:00,4662.955,0.0300056509230734,1.0
2022-01-18 13:00:00,4686.646,0.0249065109675448,1.0
2022-01-18 14:00:00,4698.342,0.0245318454893236,1.0
2022-01-18 15:00:00,4696.835,0.0293865975704916,1.0
2022-01-18 21:00:00,4808.681,0.0052993741942957,1.0
2022-01-18 22:00:00,4820.387,-0.0027894025936091,0.0
2022-01-18 23:00:00,4824.962,-0.0086135393397917,1.0
2022-01-19 09:00:00,4821.89,-0.0054240142350821,1.0
2022-01-19 10:00:00,4813.354,0.0009710484622572,0.0
2022-01-19 11:00:00,4802.078,0.0007871592256518,0.0
2022-01-19 13:00:00,4786.923,0.0044991323236242,0.0
2022-01-19 14:00:00,4791.961,0.0050405251628716,1.0
2022-01-19 15:00:00,4802.33,0.0034849750017178,0.0
2022-01-19 21:00:00,4797.532,0.0049521295532786,0.0
2022-01-19 22:00:00,4804.673,-0.0021006632501316,0.0
2022-01-19 23:00:00,4806.614,-0.0072780963896828,1.0
2022-01-20 09:00:00,4783.775,0.0026357845007343,0.0
2022-01-20 10:00:00,4792.431,0.0061761974246473,1.0
2022-01-20 11:00:00,4787.726,-0.005343664194651,1.0
2022-01-20 13:00:00,4799.596,-0.0077516941009201,1.0
2022-01-20 14:00:00,4802.87,-0.0089350742368624,1.0
2022-01-20 15:00:00,4803.374,-0.0114357116476875,1.0
2022-01-20 21:00:00,4813.601,-0.0133791728894854,1.0
2022-01-20 22:00:00,4834.859,-0.0090577615603682,1.0
2022-01-20 23:00:00,4834.164,-0.0063113291150236,1.0
2022-01-21 09:00:00,4806.941,0.0010880100255028,0.0
2022-01-21 10:00:00,4783.402,0.0087159724396987,1.0
2022-01-21 11:00:00,4795.736,0.006207597749334,1.0
2022-01-21 13:00:00,4818.028,0.0025064196389062,0.0
2022-01-21 14:00:00,4805.858,0.0028448614170455,0.0
2022-01-21 15:00:00,4808.46,-0.0032573838609451,0.0
2022-01-21 21:00:00,4816.115,-0.0099652936028312,1.0
2022-01-21 22:00:00,4819.066,-0.011301982583347,1.0
2022-01-21 23:00:00,4821.29,-0.0046267700138344,0.0
2022-01-24 09:00:00,4794.58,-0.0051318363652289,1.0
2022-01-24 10:00:00,4771.631,0.0011176471944288,0.0
2022-01-24 11:00:00,4796.384,-0.0015132232948821,0.0
2022-01-24 13:00:00,4822.03,-0.0064331827052091,1.0
2022-01-24 14:00:00,4762.142,0.0023172345553744,0.0
2022-01-24 15:00:00,4762.391,0.0056099971631897,1.0
2022-01-24 21:00:00,4759.956,0.0052624436024198,1.0
2022-01-24 22:00:00,4748.444,0.004176315441437,0.0
2022-01-24 23:00:00,4749.199,0.0039492975552299,0.0
2022-01-25 09:00:00,4791.066,0.006785128821018,1.0
2022-01-25 10:00:00,4803.654,0.0101518552335367,1.0
2022-01-25 11:00:00,4812.171,-0.0056444378223467,1.0
2022-01-25 13:00:00,4825.094,-0.0090197206520742,1.0
2022-01-25 14:00:00,4825.506,0.0050309749899803,1.0
2022-01-25 15:00:00,4830.104,0.0070845265443559,1.0
2022-01-25 21:00:00,4819.53,0.0089842785499831,1.0
2022-01-25 22:00:00,4792.797,0.017323496071292,1.0
2022-01-25 23:00:00,4768.121,0.0210997162194499,1.0
2022-01-26 09:00:00,4764.601,0.024130457093889,1.0
2022-01-26 10:00:00,4798.983,0.0184055663460361,1.0
2022-01-26 11:00:00,4769.975,0.0294204896252076,1.0
2022-01-26 13:00:00,4776.964,0.031127092437791,1.0
2022-01-26 14:00:00,4789.126,0.0299136001015634,1.0
2022-01-26 15:00:00,4791.009,0.0340431420604719,1.0
2022-01-26 21:00:00,4773.177,0.0414308960258545,1.0
2022-01-26 22:00:00,4789.108,0.0365740342460433,1.0
2022-01-26 23:00:00,4785.005,0.0365677778811098,1.0
2022-01-27 09:00:00,4768.275,0.0406788618525569,1.0
2022-01-27 10:00:00,4767.955,0.0517345486691882,1.0
2022-01-27 11:00:00,4823.574,0.0384571688959265,1.0
2022-01-27 13:00:00,4852.42,0.0334235288783739,1.0
2022-01-27 14:00:00,4785.009,0.0472452611896864,1.0
2022-01-27 15:00:00,4781.573,0.0507973003862953,1.0
2022-01-27 21:00:00,4849.783,0.0375763204250582,1.0
2022-01-27 22:00:00,4864.323,0.0398604286763028,1.0
2022-01-27 23:00:00,4862.83,0.0345701988348349,1.0
2022-01-28 09:00:00,4875.825,0.0340280875544138,1.0
2022-01-28 10:00:00,4868.727,0.0386639053699251,1.0
2022-01-28 11:00:00,4879.573,0.034847516370797,1.0
2022-01-28 13:00:00,4887.311,0.0334470222991744,1.0
2022-01-28 14:00:00,4910.31,0.0209121216379412,1.0
2022-01-28 15:00:00,4925.657,0.0190039623140628,1.0
2022-02-07 09:00:00,4932.386,0.0168932439594142,1.0
2022-02-07 10:00:00,4954.11,0.0053353680075736,1.0
2022-02-07 11:00:00,4970.934,-0.001836475801127,0.0
2022-02-07 13:00:00,4964.265,-0.0002753680554926,0.0
2022-02-07 14:00:00,4959.982,0.0076980118073008,1.0
2022-02-07 15:00:00,4962.243,0.0052222351867894,1.0
2022-02-07 21:00:00,5014.623,-0.0053692969541278,1.0
2022-02-07 22:00:00,5009.075,-0.0001589115754903,0.0
2022-02-07 23:00:00,5014.605,0.0013885440627927,0.0
2022-02-08 09:00:00,5011.078,0.002033295031528,0.0
2022-02-08 10:00:00,5024.464,0.0071878313786305,1.0
2022-02-08 11:00:00,5032.02,0.0017730454171484,0.0
2022-02-08 13:00:00,5058.217,-0.0015647806331756,0.0
2022-02-08 14:00:00,5030.939,0.0153436565221719,1.0
2022-02-08 15:00:00,5041.74,0.0138829055048456,1.0
2022-02-08 21:00:00,5056.971,0.0101578593193436,1.0
2022-02-08 22:00:00,5049.614,0.0075617661072708,1.0
2022-02-08 23:00:00,5050.777,0.0096753430214797,1.0
2022-02-09 09:00:00,5012.995,0.0119872451498556,1.0
2022-02-09 10:00:00,5019.264,0.0127660150970341,1.0
2022-02-09 11:00:00,5015.71,0.0030880971986019,0.0
2022-02-09 13:00:00,4980.542,0.0072793282337543,1.0
2022-02-09 14:00:00,4961.805,-0.0033171396296308,0.0
2022-02-09 15:00:00,4962.898,-0.001833606090635,0.0
2022-02-09 21:00:00,4998.164,-0.009441666980115,1.0
2022-02-09 22:00:00,4988.157,-0.0006625693617903,0.0
2022-02-09 23:00:00,4987.698,0.0030747651521802,0.0
2022-02-10 09:00:00,5008.279,-0.0065653291280298,1.0
2022-02-10 10:00:00,5021.568,-0.0133235276312101,1.0
2022-02-10 11:00:00,5021.267,-0.01949448216954,1.0
2022-02-10 13:00:00,5060.579,-0.0301090053134235,1.0
2022-02-10 14:00:00,5040.942,-0.0300326803998141,1.0
2022-02-10 15:00:00,5050.302,-0.0342070632607712,1.0
2022-02-10 21:00:00,5108.132,-0.0454960834997998,1.0
2022-02-10 22:00:00,5111.734,-0.0494959244749433,1.0
2022-02-10 23:00:00,5108.339,-0.0440362317379485,1.0
2022-02-11 09:00:00,5087.798,-0.0487242221487565,1.0
2022-02-11 10:00:00,5099.645,-0.0598251446914442,1.0
2022-02-11 11:00:00,5073.087,-0.048040374627914,1.0
2022-02-11 13:00:00,5083.34,-0.0515407192908599,1.0
2022-02-11 14:00:00,5031.199,-0.0369154549442388,1.0
2022-02-11 15:00:00,5016.797,-0.0360371368424911,1.0
2022-02-11 21:00:00,4945.346,-0.0204883541010071,1.0
2022-02-11 22:00:00,4953.798,-0.0157943460754758,1.0
2022-02-11 23:00:00,4950.973,-0.0121424616938933,1.0
2022-02-14 09:00:00,4984.852,-0.0192294575646377,1.0
2022-02-14 10:00:00,5003.034,-0.0214871615903468,1.0
2022-02-14 11:00:00,4975.398,-0.012852439141552,1.0
2022-02-14 13:00:00,4954.663,-0.0081616045329418,1.0
2022-02-14 14:00:00,4923.38,-0.01192148483359,1.0
2022-02-14 15:00:00,4908.21,-0.0122863528659124,1.0
2022-02-14 21:00:00,4889.549,-0.0076522395010255,1.0
2022-02-14 22:00:00,4877.546,-0.0065387389478233,1.0
2022-02-14 23:00:00,4875.732,-0.0109718909899067,1.0
2022-02-15 09:00:00,4858.724,-0.0053402909899801,1.0
2022-02-15 10:00:00,4883.387,-0.0153145757237751,1.0
2022-02-15 11:00:00,4839.899,-0.0083069915301951,1.0
2022-02-15 13:00:00,4794.558,0.0004302794960453,0.0
2022-02-15 14:00:00,4829.374,-0.0031929604126746,0.0
2022-02-15 15:00:00,4821.341,-0.0042087875551636,0.0
2022-02-15 21:00:00,4845.47,-0.0098161788226942,1.0
2022-02-15 22:00:00,4836.006,0.0006110414255069,0.0
2022-02-15 23:00:00,4844.024,0.0039535311963771,0.0
2022-02-16 09:00:00,4875.556,0.0008766179693147,0.0
2022-02-16 10:00:00,4890.856,-0.0061134492612335,1.0
2022-02-16 11:00:00,4888.996,-0.0038007803647211,0.0
2022-02-16 13:00:00,4895.533,-0.0038884427906011,0.0
2022-02-16 14:00:00,4911.452,-0.0039194112046702,0.0
2022-02-16 15:00:00,4914.225,-0.001280364655668,0.0
2022-02-16 21:00:00,4864.686,0.009714912740514,1.0
2022-02-16 22:00:00,4847.906,0.0075145846474746,1.0
2022-02-16 23:00:00,4852.133,0.0011390866655963,0.0
2022-02-17 09:00:00,4845.653,0.0069156829843159,1.0
2022-02-17 10:00:00,4822.236,0.0132278884733141,1.0
2022-02-17 11:00:00,4832.777,0.018468470612238,1.0
2022-02-17 13:00:00,4808.6,0.0250630121033148,1.0
2022-02-17 14:00:00,4799.694,0.0316520178161356,1.0
2022-02-17 15:00:00,4796.621,0.0297528197453998,1.0
2022-02-17 21:00:00,4813.954,0.0259005383100877,1.0
2022-02-17 22:00:00,4801.049,0.0273650612605704,1.0
2022-02-17 23:00:00,4797.906,0.0258306436182784,1.0
2022-02-18 09:00:00,4838.961,0.0073604643641476,1.0
2022-02-18 10:00:00,4863.175,0.0056617333326478,1.0
2022-02-18 11:00:00,4879.83,-0.0112700647358617,1.0
2022-02-18 13:00:00,4860.956,-0.0077227607079759,1.0
2022-02-18 14:00:00,4870.414,-0.004240091294087,0.0
2022-02-18 15:00:00,4876.497,-0.0063186750653184,1.0
2022-02-18 21:00:00,4892.202,-0.0081932430427035,1.0
2022-02-18 22:00:00,4907.933,-0.0140698742219993,1.0
2022-02-18 23:00:00,4911.946,-0.0069076492290428,1.0
2022-02-21 09:00:00,4884.336,-0.0005011940210502,0.0
2022-02-21 10:00:00,4857.66,0.0103965695417134,1.0
2022-02-21 11:00:00,4879.164,0.0031325038469706,0.0
2022-02-21 13:00:00,4886.024,0.0005241480598539,0.0
2022-02-21 14:00:00,4922.031,-0.0124718840657443,1.0
2022-02-21 15:00:00,4929.118,-0.0150609094771113,1.0
2022-02-21 21:00:00,4951.614,-0.0185458721136177,1.0
2022-02-21 22:00:00,4939.334,-0.019740110711282,1.0
2022-02-21 23:00:00,4938.638,-0.029544987909622,1.0
2022-02-22 09:00:00,4932.43,-0.0276233012936828,1.0
2022-02-22 10:00:00,4921.839,-0.0244825155800504,1.0
2022-02-22 11:00:00,4874.578,-0.0197227329217011,1.0
2022-02-22 13:00:00,4890.709,-0.0233687999020182,1.0
2022-02-22 14:00:00,4824.834,-0.0049011012606858,0.0
2022-02-22 15:00:00,4823.416,-0.0141128196282468,1.0
2022-02-22 21:00:00,4849.763,-0.018317596138203,1.0
2022-02-22 22:00:00,4845.684,-0.0167505763892157,1.0
2022-02-22 23:00:00,4852.119,-0.0197136550031026,1.0
2022-02-23 09:00:00,4838.879,-0.020199719811138,1.0
2022-02-23 10:00:00,4878.016,-0.0344931217937784,1.0
2022-02-23 11:00:00,4881.888,-0.0254133236977168,1.0
2022-02-23 13:00:00,4908.163,-0.0286259849153337,1.0
2022-02-23 14:00:00,4894.448,-0.0220178046635698,1.0
2022-02-23 15:00:00,4888.585,-0.0193779999734073,1.0
2022-02-23 21:00:00,4860.644,-0.0140594538501483,1.0
2022-02-23 22:00:00,4854.881,-0.0020676098961025,0.0
2022-02-23 23:00:00,4859.782,0.0005790383190026,0.0
2022-02-24 09:00:00,4841.831,0.00210891292984,0.0
2022-02-24 10:00:00,4792.726,0.0128004396662776,1.0
2022-02-24 11:00:00,4796.18,0.0239851298324915,1.0
2022-02-24 13:00:00,4801.34,0.0242532293068183,1.0
2022-02-24 14:00:00,4778.438,0.0406461274583869,1.0
2022-02-24 15:00:00,4776.419,0.0432093583079709,1.0
2022-02-24 21:00:00,4801.187,0.0371839297240453,1.0
2022-02-24 22:00:00,4755.344,0.0565281922821986,1.0
2022-02-24 23:00:00,4760.927,0.0548699864543186,1.0
2022-02-25 09:00:00,4764.516,0.0512419309747307,1.0
2022-02-25 10:00:00,4756.466,0.0487466955508564,1.0
2022-02-25 11:00:00,4741.135,0.0645832696179289,1.0
2022-02-25 13:00:00,4709.758,0.0706293189586386,1.0
2022-02-25 14:00:00,4757.823,0.0666903749887289,1.0
2022-02-25 15:00:00,4767.662,0.0647086559407944,1.0
2022-02-25 21:00:00,4786.683,0.0621620441545847,1.0
2022-02-25 22:00:00,4793.854,0.0656465549430583,1.0
2022-02-25 23:00:00,4792.306,0.061361691010549,1.0
2022-02-28 09:00:00,4844.843,0.0455540045363699,1.0
2022-02-28 10:00:00,4862.596,0.0394536169568684,1.0
2022-02-28 11:00:00,4852.042,0.0494057965697741,1.0
2022-02-28 13:00:00,4854.075,0.0502643655073314,1.0
2022-02-28 14:00:00,4911.217,0.0429889373652193,1.0
2022-02-28 15:00:00,4917.788,0.0390844420296281,1.0
2022-02-28 21:00:00,4972.663,0.0266883156972431,1.0
2022-02-28 22:00:00,4982.805,0.0471367031220366,1.0
2022-02-28 23:00:00,4979.714,0.0451451629551416,1.0
2022-03-01 09:00:00,5024.155,0.0329955982647829,1.0
2022-03-01 10:00:00,5022.159,0.0324916037106751,1.0
2022-03-01 11:00:00,5008.659,0.0391466059078887,1.0
2022-03-01 13:00:00,4988.328,0.0434654657833245,1.0
2022-03-01 14:00:00,5047.333,0.0331032250101193,1.0
2022-03-01 15:00:00,5042.405,0.0392568625487243,1.0
2022-03-01 21:00:00,5075.124,0.0326778222561655,1.0
2022-03-01 22:00:00,5076.171,0.0184059993250817,1.0
2022-03-01 23:00:00,5084.233,0.0198305231093853,1.0
2022-03-02 09:00:00,5108.554,0.0116248159459603,1.0
2022-03-02 10:00:00,5086.37,0.0098824898699859,1.0
2022-03-02 11:00:00,5065.545,0.0194332495318864,1.0
2022-03-02 13:00:00,5054.443,0.0227142733630589,1.0
2022-03-02 14:00:00,5091.761,0.0296655714987406,1.0
2022-03-02 15:00:00,5098.062,0.0312324565687903,1.0
2022-03-02 21:00:00,5122.345,0.0265366741209347,1.0
2022-03-02 22:00:00,5109.997,0.0439205737302779,1.0
2022-03-02 23:00:00,5105.375,0.0404714638983424,1.0
2022-03-03 09:00:00,5217.678,0.016305720667316,1.0
2022-03-03 10:00:00,5204.524,0.0207237011492309,1.0
2022-03-03 11:00:00,5189.93,0.0282304385608283,1.0
2022-03-03 13:00:00,5185.337,0.029705880254263,1.0
2022-03-03 14:00:00,5204.731,-0.0062331751631352,1.0
2022-03-03 15:00:00,5205.148,-0.0019407709444572,0.0
2022-03-03 21:00:00,5214.416,-0.0035986772056545,0.0
2022-03-03 22:00:00,5240.354,-0.0027484784424869,0.0
2022-03-03 23:00:00,5240.968,-0.0013070104606628,0.0
2022-03-04 09:00:00,5169.603,0.0041341665888077,0.0
2022-03-04 10:00:00,5185.056,0.010984645103158,1.0
2022-03-04 11:00:00,5167.94,0.0029615281911168,0.0
2022-03-04 13:00:00,5136.636,0.008562023861531,1.0
2022-03-04 14:00:00,5163.985,-0.0069252718588453,1.0
2022-03-04 15:00:00,5169.251,-0.0043443431166334,0.0
2022-03-04 21:00:00,5242.811,-0.0178104837271455,1.0
2022-03-04 22:00:00,5257.287,-0.0207342684544329,1.0
2022-03-04 23:00:00,5258.275,-0.0247027780022915,1.0
2022-03-07 09:00:00,5334.431,-0.0413901688858661,1.0
2022-03-07 10:00:00,5311.997,-0.0402061597549849,1.0
2022-03-07 11:00:00,5302.756,-0.0406690407780407,1.0
2022-03-07 13:00:00,5312.381,-0.043757780174276,1.0
2022-03-07 14:00:00,5336.444,-0.0616907063954949,1.0
2022-03-07 15:00:00,5339.372,-0.057016068556377,1.0
2022-03-07 21:00:00,5172.289,-0.0276473337046711,1.0
2022-03-07 22:00:00,5195.046,-0.0397992626051819,1.0
2022-03-07 23:00:00,5195.651,-0.0285494541492489,1.0
2022-03-08 09:00:00,5225.951,-0.0285218900827811,1.0
2022-03-08 10:00:00,5234.118,-0.0361088534878274,1.0
2022-03-08 11:00:00,5190.975,-0.0260290215229316,1.0
2022-03-08 13:00:00,5242.012,-0.035083094048621,1.0
2022-03-08 14:00:00,5183.245,-0.0109091891276603,1.0
2022-03-08 15:00:00,5180.616,-0.0192432714565217,1.0
2022-03-08 21:00:00,5128.223,-0.0098784705735299,1.0
2022-03-08 22:00:00,5146.794,-0.0194466691303362,1.0
2022-03-08 23:00:00,5149.434,-0.0175933898754699,1.0
2022-03-09 09:00:00,5148.281,-0.0172030236888778,1.0
2022-03-09 10:00:00,5128.381,-0.0041243035570096,0.0
2022-03-09 11:00:00,5113.638,-0.0062264868964131,1.0
2022-03-09 13:00:00,5098.422,-0.0016291315234399,0.0
2022-03-09 14:00:00,5087.098,-0.0003447938294092,0.0
2022-03-09 15:00:00,5079.923,-0.0074514908985825,1.0
2022-03-09 21:00:00,5007.235,0.0071304821922679,1.0
2022-03-09 22:00:00,5034.942,-0.008615392193197,1.0
2022-03-09 23:00:00,5029.289,-0.0090422324109828,1.0
2022-03-10 09:00:00,4988.287,-0.0017168218268115,0.0
2022-03-10 10:00:00,5047.318,-0.0188870604150562,1.0
2022-03-10 11:00:00,5076.897,-0.0302895646691276,1.0
2022-03-10 13:00:00,5045.12,-0.0254796714448813,1.0
2022-03-10 14:00:00,5055.859,-0.0301659915753189,1.0
2022-03-10 15:00:00,5058.106,-0.0307613165876713,1.0
2022-03-10 21:00:00,5126.7,-0.0436368424132482,1.0
2022-03-10 22:00:00,5080.924,-0.0408968919826393,1.0
2022-03-10 23:00:00,5077.564,-0.0235516479949834,1.0
2022-03-11 09:00:00,5046.706,-0.0199791705718541,1.0
2022-03-11 10:00:00,5058.838,-0.0245384414365511,1.0
2022-03-11 11:00:00,5059.715,-0.0317156203462052,1.0
2022-03-11 13:00:00,5107.23,-0.0409272736884768,1.0
2022-03-11 14:00:00,5081.798,-0.0370943512512696,1.0
2022-03-11 15:00:00,5090.116,-0.0325401228577108,1.0
2022-03-11 21:00:00,5085.344,-0.031532380110372,1.0
2022-03-11 22:00:00,5042.07,-0.018179041544445,1.0
2022-03-11 23:00:00,5042.939,-0.0193631134542773,1.0
2022-03-14 09:00:00,4991.564,-0.0083909572230266,1.0
2022-03-14 10:00:00,4983.813,0.0030029216585775,0.0
2022-03-14 11:00:00,4979.723,0.0105240793514017,1.0
2022-03-14 13:00:00,4951.989,0.0165569834666435,1.0
2022-03-14 14:00:00,4923.12,0.0226917076975576,1.0
2022-03-14 15:00:00,4916.572,0.0173228420126868,1.0
2022-03-14 21:00:00,4903.344,0.0198062791433764,1.0
2022-03-14 22:00:00,4902.512,0.0219673098199454,1.0
2022-03-14 23:00:00,4902.987,0.0245621699588434,1.0
2022-03-15 09:00:00,4873.13,0.0311241440306332,1.0
2022-03-15 10:00:00,4957.979,0.0101482882440606,1.0
2022-03-15 11:00:00,4945.877,0.0130251924987215,1.0
2022-03-15 13:00:00,4934.702,0.0157454290046287,1.0
2022-03-15 14:00:00,4899.243,0.0288634386985907,1.0
2022-03-15 15:00:00,4898.205,0.0307835217186703,1.0
2022-03-15 21:00:00,4893.292,0.0317354860490645,1.0
2022-03-15 22:00:00,4924.483,0.0308430346901389,1.0
2022-03-15 23:00:00,4924.991,0.0307779242642271,1.0
2022-03-16 09:00:00,4950.41,0.0235897632721331,1.0
2022-03-16 10:00:00,4945.292,0.022861541846265,1.0
2022-03-16 11:00:00,4949.68,0.0271183187600006,1.0
2022-03-16 13:00:00,4998.779,0.0170727691702313,1.0
2022-03-16 14:00:00,5032.13,0.0056175019325812,1.0
2022-03-16 15:00:00,5033.979,0.0088407202334375,1.0
2022-03-16 21:00:00,5034.834,0.0080729573209364,1.0
2022-03-16 22:00:00,5001.741,0.0190851545491859,1.0
2022-03-16 23:00:00,5000.461,0.019128236376606,1.0
2022-03-17 09:00:00,5010.207,0.0113512276039691,1.0
2022-03-17 10:00:00,5023.415,0.0077262181205414,1.0
2022-03-17 11:00:00,5024.802,0.0124862631403187,1.0
2022-03-17 13:00:00,5008.294,0.0154413858291865,1.0
2022-03-17 14:00:00,5010.298,0.021178979773259,1.0
2022-03-17 15:00:00,5012.401,0.0222627838435113,1.0
2022-03-17 21:00:00,5040.652,0.0170196236518609,1.0
2022-03-17 22:00:00,5048.989,0.0161600668965609,1.0
2022-03-17 23:00:00,5048.583,0.0127162413691129,1.0
2022-03-18 09:00:00,5076.369,0.0094146032331377,1.0
2022-03-18 10:00:00,5076.572,0.0097020193941895,1.0
2022-03-18 11:00:00,5067.189,0.0078374814912173,1.0
2022-03-18 13:00:00,5058.349,0.0099712376508619,1.0
2022-03-18 14:00:00,5083.907,-0.0007260164279165,0.0
2022-03-18 15:00:00,5084.122,-0.0022816132264332,0.0
2022-03-18 21:00:00,5060.398,0.0024618616954634,0.0
2022-03-18 22:00:00,5078.483,0.0038761575060898,0.0
2022-03-18 23:00:00,5075.48,0.0059156966434702,1.0
2022-03-21 09:00:00,5097.2,0.0040904810484188,0.0
2022-03-21 10:00:00,5096.111,0.0026139540524136,0.0
2022-03-21 11:00:00,5067.079,0.0133362830932772,1.0
2022-03-21 13:00:00,5062.227,0.0153061093467361,1.0
2022-03-21 14:00:00,5087.543,0.0142080371605705,1.0
2022-03-21 15:00:00,5085.629,0.0138004561480989,1.0
2022-03-21 21:00:00,5116.411,0.0076342576857096,1.0
2022-03-21 22:00:00,5123.991,0.0036397409753451,0.0
2022-03-21 23:00:00,5126.442,-0.0018059308971016,0.0
2022-03-22 09:00:00,5130.581,0.0011404166506677,0.0
2022-03-22 10:00:00,5112.782,0.0050858808374774,1.0
2022-03-22 11:00:00,5124.161,-6.888932646731153e-05,0.0
2022-03-22 13:00:00,5125.825,0.0002407417342574,0.0
2022-03-22 14:00:00,5106.903,0.0106986563089214,1.0
2022-03-22 15:00:00,5108.787,0.0108103939349986,1.0
2022-03-22 21:00:00,5080.216,0.0159707776204789,1.0
2022-03-22 22:00:00,5072.522,0.0190912922605363,1.0
2022-03-22 23:00:00,5072.856,0.0223379098480224,1.0
2022-03-23 09:00:00,5098.168,0.0175031501511916,1.0
2022-03-23 10:00:00,5105.505,0.0196959948134415,1.0
2022-03-23 11:00:00,5118.05,0.0207750998915601,1.0
2022-03-23 13:00:00,5109.432,0.023514746844659,1.0
2022-03-23 14:00:00,5134.655,0.0224692798250321,1.0
2022-03-23 15:00:00,5139.71,0.0237266304908254,1.0
2022-03-23 21:00:00,5159.827,0.0202938974504377,1.0
2022-03-23 22:00:00,5155.813,0.0192856102422644,1.0
2022-03-23 23:00:00,5155.471,0.020698399816428,1.0
2022-03-24 09:00:00,5142.641,0.025754665744702,1.0
2022-03-24 10:00:00,5117.184,0.0340830034644053,1.0
2022-03-24 11:00:00,5136.432,0.0258710715921091,1.0
2022-03-24 13:00:00,5138.785,0.0251995364663047,1.0
2022-03-24 14:00:00,5123.808,0.0284409564136672,1.0
2022-03-24 15:00:00,5127.059,0.0219496206304626,1.0
2022-03-24 21:00:00,5161.54,0.0160516047536199,1.0
2022-03-24 22:00:00,5164.015,0.0154137817182947,1.0
2022-03-24 23:00:00,5161.351,0.0151173597765392,1.0
2022-03-25 09:00:00,5169.363,0.0128911434542321,1.0
2022-03-25 10:00:00,5186.173,0.0131009898821347,1.0
2022-03-25 11:00:00,5187.402,0.0075729623422282,1.0
2022-03-25 13:00:00,5206.063,0.0026880197185473,0.0
2022-03-25 14:00:00,5224.378,-0.0139208916353296,1.0
2022-03-25 15:00:00,5229.579,-0.0114563715358347,1.0
2022-03-25 21:00:00,5250.027,-0.0146942101440621,1.0
2022-03-25 22:00:00,5261.658,-0.0110792073525113,1.0
2022-03-25 23:00:00,5264.54,-0.0085904941362398,1.0
2022-03-28 09:00:00,5255.246,-0.0098278938797537,1.0
2022-03-28 10:00:00,5262.181,-0.0043246326950744,0.0
2022-03-28 11:00:00,5275.088,-0.0089050647117165,1.0
2022-03-28 13:00:00,5291.593,-0.0115177036480319,1.0
2022-03-28 14:00:00,5269.317,0.0011443608346204,0.0
2022-03-28 15:00:00,5268.28,0.0014598692552407,0.0
2022-03-28 21:00:00,5269.534,0.0011388103767809,0.0
2022-03-28 22:00:00,5239.596,-0.0015764574215262,0.0
2022-03-28 23:00:00,5244.391,-0.006716127763929,1.0
2022-03-29 09:00:00,5243.612,-0.0086634937901583,1.0
2022-03-29 10:00:00,5239.377,-0.0013285930750927,0.0
2022-03-29 11:00:00,5236.002,-0.0035359039205867,0.0
2022-03-29 13:00:00,5254.117,-0.0060200410459074,1.0
2022-03-29 14:00:00,5226.686,-0.0028379359311042,0.0
2022-03-29 15:00:00,5220.057,0.0036005353964525,0.0
2022-03-29 21:00:00,5151.65,0.017532829287704,1.0
2022-03-29 22:00:00,5169.667,0.0245037059446961,1.0
2022-03-29 23:00:00,5172.882,0.0269880503750135,1.0
2022-03-30 09:00:00,5203.363,0.0196897660224742,1.0
2022-03-30 10:00:00,5219.315,0.0162952418085515,1.0
2022-03-30 11:00:00,5203.598,0.021516650594454,1.0
2022-03-30 13:00:00,5239.424,0.0149669123934233,1.0
2022-03-30 14:00:00,5228.113,0.0089447186776567,1.0
2022-03-30 15:00:00,5230.646,0.0099458078409435,1.0
2022-03-30 21:00:00,5275.347,0.0070573556583103,1.0
2022-03-30 22:00:00,5275.971,0.006383279968749,1.0
2022-03-30 23:00:00,5275.535,0.0005047829272292,0.0
2022-03-31 09:00:00,5231.336,0.0077572918275561,1.0
2022-03-31 10:00:00,5209.169,0.0122094330208907,1.0
2022-03-31 11:00:00,5198.184,0.0092859352419998,1.0
2022-03-31 13:00:00,5232.416,0.0037936586081839,0.0
2022-03-31 14:00:00,5217.488,0.0062250262961791,1.0
2022-03-31 15:00:00,5222.487,0.0017265720335923,0.0
2022-03-31 21:00:00,5211.853,0.0012287376485867,0.0
2022-03-31 22:00:00,5238.852,-0.001743129983439,0.0
2022-03-31 23:00:00,5241.973,-0.0010856599223231,0.0
2022-04-01 09:00:00,5296.343,-0.0116440721456295,1.0
2022-04-01 10:00:00,5312.488,-0.0133447830846865,1.0
2022-04-01 11:00:00,5305.816,-0.0169483826804397,1.0
2022-04-01 13:00:00,5304.365,-0.0170863053353228,1.0
2022-04-01 14:00:00,5315.562,-0.0189622470775432,1.0
2022-04-01 15:00:00,5317.842,-0.0277377552774225,1.0
2022-04-06 09:00:00,5274.877,-0.0214442914972235,1.0
2022-04-06 10:00:00,5282.669,-0.0188374475099612,1.0
2022-04-06 11:00:00,5312.577,-0.0213611962706611,1.0
2022-04-06 13:00:00,5309.649,-0.0205071936016863,1.0
2022-04-06 14:00:00,5278.198,-0.0182742291971615,1.0
2022-04-06 15:00:00,5271.917,-0.0216987482921298,1.0
2022-04-06 21:00:00,5272.77,-0.0214081023826186,1.0
2022-04-06 22:00:00,5246.454,-0.0346113775132688,1.0
2022-04-06 23:00:00,5252.266,-0.0382457781079632,1.0
2022-04-07 09:00:00,5249.967,-0.0357499389996165,1.0
2022-04-07 10:00:00,5231.504,-0.0330239640455212,1.0
2022-04-07 11:00:00,5218.257,-0.0318821016289538,1.0
2022-04-07 13:00:00,5229.72,-0.0338888124029585,1.0
2022-04-07 14:00:00,5236.282,-0.0301983353837704,1.0
2022-04-07 15:00:00,5234.672,-0.0255058960714251,1.0
2022-04-07 21:00:00,5241.594,-0.0265520374145727,1.0
2022-04-07 22:00:00,5215.891,-0.0241159180665393,1.0
2022-04-07 23:00:00,5213.733,-0.0183939223585096,1.0
2022-04-08 09:00:00,5214.767,-0.0194365347483406,1.0
2022-04-08 10:00:00,5170.337,-0.0060688500575495,1.0
2022-04-08 11:00:00,5161.761,0.0025952383304844,0.0
2022-04-08 13:00:00,5183.157,-0.0004024574212203,0.0
2022-04-08 14:00:00,5199.094,-0.0086165012596425,1.0
2022-04-08 15:00:00,5200.763,-0.0069186002130841,1.0
2022-04-08 21:00:00,5181.743,-0.0039181796549926,0.0
2022-04-08 22:00:00,5157.523,-0.0060711314326663,1.0
2022-04-08 23:00:00,5159.89,-0.0007046661847443,0.0
2022-04-11 09:00:00,5064.867,0.0105605932001767,1.0
2022-04-11 10:00:00,5051.389,0.0137680942806027,1.0
2022-04-11 11:00:00,5062.281,0.0074638290525554,1.0
2022-04-11 13:00:00,5058.739,0.0068663356619111,1.0
2022-04-11 14:00:00,5051.888,0.0238740447135804,1.0
2022-04-11 15:00:00,5052.491,0.0200045878359803,1.0
2022-04-11 21:00:00,5078.155,0.015466050169796,1.0
2022-04-11 22:00:00,5101.157,0.0067331783750234,1.0
2022-04-11 23:00:00,5102.419,0.0079440751533734,1.0
2022-04-12 09:00:00,5090.105,0.0138360603563188,1.0
2022-04-12 10:00:00,5117.832,0.0109427194952862,1.0
2022-04-12 11:00:00,5113.41,0.0092147901302654,1.0
2022-04-12 13:00:00,5138.959,0.0044442853114803,0.0
2022-04-12 14:00:00,5175.157,-0.0014782160232048,0.0
2022-04-12 15:00:00,5181.071,0.0002374026528492,0.0
2022-04-12 21:00:00,5154.296,0.0061389567071817,1.0
2022-04-12 22:00:00,5164.781,0.0099706066917455,1.0
2022-04-12 23:00:00,5161.44,0.007788911621563,1.0
2022-04-13 09:00:00,5126.211,0.0129079743303582,1.0
2022-04-13 10:00:00,5156.254,0.001772022867764,0.0
2022-04-13 11:00:00,5118.355,0.0142280088036098,1.0
2022-04-13 13:00:00,5120.937,0.0150941126594606,1.0
2022-04-13 14:00:00,5100.065,0.0162813611199073,1.0
2022-04-13 15:00:00,5093.474,0.0175832840218678,1.0
2022-04-13 21:00:00,5172.497,0.0019653950500114,0.0
2022-04-13 22:00:00,5153.564,-0.00024759564449,0.0
2022-04-13 23:00:00,5156.694,0.0022122701094925,0.0
2022-04-14 09:00:00,5135.504,0.0118557010178553,1.0
2022-04-14 10:00:00,5142.953,0.0092454665636648,1.0
2022-04-14 11:00:00,5160.532,0.0061022778271697,1.0
2022-04-14 13:00:00,5173.835,0.0024681884907422,0.0
2022-04-14 14:00:00,5160.529,0.0076395268779615,1.0
2022-04-14 15:00:00,5161.798,0.0079741593917468,1.0
2022-04-14 21:00:00,5167.507,0.0056069590229873,1.0
2022-04-14 22:00:00,5182.301,0.0066906572968262,1.0
2022-04-14 23:00:00,5185.938,0.0014203794954741,0.0
2022-04-15 09:00:00,5216.277,-0.0015606916580541,0.0
2022-04-15 10:00:00,5201.642,0.0048234768944114,0.0
2022-04-15 11:00:00,5192.38,-0.0032853912849214,0.0
2022-04-15 13:00:00,5165.391,-0.0004106175118203,0.0
2022-04-15 14:00:00,5191.179,0.0038288026669857,0.0
2022-04-15 15:00:00,5198.233,0.0041812285059172,0.0
2022-04-15 21:00:00,5183.101,0.0069250049343047,1.0
2022-04-15 22:00:00,5183.034,0.0114321071403352,1.0
2022-04-15 23:00:00,5182.663,0.0130556434018573,1.0
2022-04-18 09:00:00,5152.288,0.019766363992075,1.0
2022-04-18 10:00:00,5168.102,0.0109069054751629,1.0
2022-04-18 11:00:00,5196.389,0.0053023359105717,1.0
2022-04-18 13:00:00,5190.502,0.0062215562194176,1.0
2022-04-18 14:00:00,5192.023,0.0026240253558198,0.0
2022-04-18 15:00:00,5186.605,0.0051457552676558,1.0
2022-04-18 21:00:00,5199.953,0.0023857907946475,0.0
2022-04-18 22:00:00,5202.959,-0.0007151699638608,0.0
2022-04-18 23:00:00,5196.481,0.0059126551218026,1.0
2022-04-19 09:00:00,5216.974,-0.00163907276517,0.0
2022-04-19 10:00:00,5193.304,-0.0074956135824129,1.0
2022-04-19 11:00:00,5208.136,-0.0107126618813334,1.0
2022-04-19 13:00:00,5226.732,-0.0142389164013,1.0
2022-04-19 14:00:00,5175.321,-0.002600804858288,0.0
2022-04-19 15:00:00,5163.27,-0.0020020258479607,0.0
2022-04-19 21:00:00,5211.055,-0.0109352136947317,1.0
2022-04-19 22:00:00,5219.968,-0.0204987846668791,1.0
2022-04-19 23:00:00,5218.994,-0.0209931262614979,1.0
2022-04-20 09:00:00,5242.287,-0.0296443136363958,1.0
2022-04-20 10:00:00,5250.326,-0.0286925040464154,1.0
2022-04-20 11:00:00,5254.13,-0.0336756037631348,1.0
2022-04-20 13:00:00,5224.47,-0.0283820176974889,1.0
2022-04-20 14:00:00,5223.942,-0.0279710226491794,1.0
2022-04-20 15:00:00,5222.795,-0.0420004997324229,1.0
2022-04-20 21:00:00,5205.647,-0.0389060187907478,1.0
2022-04-20 22:00:00,5213.294,-0.0520294846214312,1.0
2022-04-20 23:00:00,5212.359,-0.0523611286175799,1.0
2022-04-21 09:00:00,5199.238,-0.047032276652848,1.0
2022-04-21 10:00:00,5227.206,-0.0591568421064714,1.0
2022-04-21 11:00:00,5208.423,-0.0631841922209467,1.0
2022-04-21 13:00:00,5154.377,-0.0509200238942553,1.0
2022-04-21 14:00:00,5152.343,-0.0530009356908109,1.0
2022-04-21 15:00:00,5152.309,-0.0495284735445798,1.0
2022-04-21 21:00:00,5161.861,-0.0528911956366124,1.0
2022-04-21 22:00:00,5152.933,-0.0484623029253436,1.0
2022-04-21 23:00:00,5154.071,-0.0439763053322315,1.0
2022-04-22 09:00:00,5112.965,-0.0325163579253916,1.0
2022-04-22 10:00:00,5109.431,-0.0347181515906564,1.0
2022-04-22 11:00:00,5086.883,-0.0354836154084928,1.0
2022-04-22 13:00:00,5099.681,-0.0380439482391153,1.0
2022-04-22 14:00:00,5077.194,-0.0229995150864828,1.0
2022-04-22 15:00:00,5076.189,-0.0204381672944014,1.0
2022-04-22 21:00:00,5077.823,-0.0208171887834609,1.0
2022-04-22 22:00:00,5003.435,-0.0068079229569286,1.0
2022-04-22 23:00:00,5003.116,-0.0084243499451142,1.0
2022-04-25 09:00:00,4942.049,-0.003772726656494,0.0
2022-04-25 10:00:00,4939.434,-0.0034872416556229,0.0
2022-04-25 11:00:00,4954.706,-0.0020758042959561,0.0
2022-04-25 13:00:00,4917.981,0.0055366216339591,1.0
2022-04-25 14:00:00,4879.333,0.0069909145368846,1.0
2022-04-25 15:00:00,4891.916,0.0086154382045807,1.0
2022-04-25 21:00:00,4879.264,0.0120370613272821,1.0
2022-04-25 22:00:00,4897.123,0.0035447343266649,0.0
2022-04-25 23:00:00,4888.844,0.004278107462623,0.0
2022-04-26 09:00:00,4903.21,-0.0014382414785415,0.0
2022-04-26 10:00:00,4927.414,-0.0006829139991078,0.0
2022-04-26 11:00:00,4946.71,4.406969480722485e-05,0.0
2022-04-26 13:00:00,4932.041,0.002461252856576,0.0
2022-04-26 14:00:00,4906.382,0.00154961435942,0.0
2022-04-26 15:00:00,4905.669,0.0021028732268727,0.0
2022-04-26 21:00:00,4960.421,-0.0089177914535882,1.0
2022-04-26 22:00:00,4972.441,-0.0123816451517474,1.0
2022-04-26 23:00:00,4972.117,-0.0090406158986202,1.0
2022-04-27 09:00:00,4969.372,-0.0084982569226052,1.0
2022-04-27 10:00:00,4960.968,0.0038022821352607,0.0
2022-04-27 11:00:00,4923.404,0.0129587171802272,1.0
2022-04-27 13:00:00,4922.209,0.013495160404607,1.0
2022-04-27 14:00:00,4944.421,0.0052366090994273,1.0
2022-04-27 15:00:00,4945.21,0.0145415462639604,1.0
2022-04-27 21:00:00,4913.444,0.0239727978989889,1.0
2022-04-27 22:00:00,4934.062,0.0174862010246324,1.0
2022-04-27 23:00:00,4937.996,0.0138807321836631,1.0
2022-04-28 09:00:00,4914.482,0.018479668864389,1.0
2022-04-28 10:00:00,4909.759,0.0133252976368086,1.0
2022-04-28 11:00:00,4896.158,0.0080914463953163,1.0
2022-04-28 13:00:00,4924.049,0.001319442596936,0.0
2022-04-28 14:00:00,4946.928,-0.0030877748776613,0.0
2022-04-28 15:00:00,4944.18,-0.0008076162275646,0.0
2022-04-28 21:00:00,4913.985,0.0011595476990671,0.0
2022-04-28 22:00:00,4915.985,-0.0076771999914564,1.0
2022-04-28 23:00:00,4916.185,-0.0197480363330509,1.0
2022-04-29 09:00:00,4910.874,-0.018236672331646,1.0
2022-04-29 10:00:00,4927.166,-0.024380952458269,1.0
2022-04-29 11:00:00,4927.141,-0.0250715374291094,1.0
2022-04-29 13:00:00,4979.831,-0.036025318931506,1.0
2022-04-29 14:00:00,4987.205,-0.0454835925132414,1.0
2022-04-29 15:00:00,4988.635,-0.0419030456227005,1.0
2022-05-05 09:00:00,4970.313,-0.0415050319768593,1.0
2022-05-05 10:00:00,5017.121,-0.0560849539008527,1.0
2022-05-05 11:00:00,5031.233,-0.0588929194891192,1.0
2022-05-05 13:00:00,5020.34,-0.0555559981993251,1.0
2022-05-05 14:00:00,5006.539,-0.0620614360539286,1.0
2022-05-05 15:00:00,5005.3,-0.0662971250474497,1.0
2022-05-05 21:00:00,4975.183,-0.0604413948190449,1.0
2022-05-05 22:00:00,4935.775,-0.0588774812466127,1.0
2022-05-05 23:00:00,4930.546,-0.0526288569257847,1.0
2022-05-06 09:00:00,4931.653,-0.055141957473488,1.0
2022-05-06 10:00:00,4940.187,-0.0572277931989214,1.0
2022-05-06 11:00:00,4919.683,-0.0469304627960784,1.0
2022-05-06 13:00:00,4878.244,-0.0386116397621767,1.0
2022-05-06 14:00:00,4819.1,-0.019590587454089,1.0
2022-05-06 15:00:00,4821.316,-0.0217023733768954,1.0
2022-05-06 21:00:00,4807.037,-0.0187504277583051,1.0
2022-05-06 22:00:00,4803.61,-0.0074342005283524,1.0
2022-05-06 23:00:00,4800.431,-0.0070891551196132,1.0
2022-05-09 09:00:00,4760.369,0.0051472900525149,1.0
2022-05-09 10:00:00,4779.596,-0.0022880594928943,0.0
2022-05-09 11:00:00,4764.02,-0.0023215687591572,0.0
2022-05-09 13:00:00,4735.736,0.0067911302488145,1.0
2022-05-09 14:00:00,4734.929,0.0102459825691156,1.0
2022-05-09 15:00:00,4741.43,0.0130652566841647,1.0
2022-05-09 21:00:00,4695.826,0.0243286271680425,1.0
2022-05-09 22:00:00,4673.463,0.0176239760537316,1.0
2022-05-09 23:00:00,4674.476,0.0099765192932855,1.0
2022-05-10 09:00:00,4645.169,0.0158980222248103,1.0
2022-05-10 10:00:00,4671.057,0.0135234915780303,1.0
2022-05-10 11:00:00,4659.712,0.0129600284309415,1.0
2022-05-10 13:00:00,4657.471,0.0137735693899115,1.0
2022-05-10 14:00:00,4688.8,0.0014093158164136,0.0
2022-05-10 15:00:00,4689.887,0.0034949669363036,0.0
2022-05-10 21:00:00,4724.691,-0.0039594123721528,0.0
2022-05-10 22:00:00,4716.682,0.0003383734582913,0.0
2022-05-10 23:00:00,4716.903,-0.0059462744940908,1.0
2022-05-11 09:00:00,4767.899,-0.0095901779798608,1.0
2022-05-11 10:00:00,4766.4,-0.0039625293722725,0.0
2022-05-11 11:00:00,4784.872,-0.0057140504489984,1.0
2022-05-11 13:00:00,4768.66,-0.0020341144053045,0.0
2022-05-11 14:00:00,4752.96,-0.0003048626540092,0.0
2022-05-11 15:00:00,4767.897,-0.0002678329670292,0.0
2022-05-11 21:00:00,4783.443,-0.0037807495563342,0.0
2022-05-11 22:00:00,4803.378,-0.0105800542867956,1.0
2022-05-11 23:00:00,4810.069,-0.0181433987745291,1.0
2022-05-12 09:00:00,4755.828,-0.0092484421219607,1.0
2022-05-12 10:00:00,4721.111,-0.0014780419269955,0.0
2022-05-12 11:00:00,4719.018,0.0076005219730037,1.0
2022-05-12 13:00:00,4734.226,0.0062561440877559,1.0
2022-05-12 14:00:00,4720.102,0.0110482781939882,1.0
2022-05-12 15:00:00,4721.621,0.0091017470483123,1.0
2022-05-12 21:00:00,4695.408,0.0143836275782635,1.0
2022-05-12 22:00:00,4706.278,0.0132848080797606,1.0
2022-05-12 23:00:00,4705.984,0.0107444054208427,1.0
2022-05-13 09:00:00,4718.278,0.0047169751337245,0.0
2022-05-13 10:00:00,4688.855,0.0136363781776148,1.0
2022-05-13 11:00:00,4722.174,0.0080708588883001,1.0
2022-05-13 13:00:00,4747.513,0.0026997293109044,0.0
2022-05-13 14:00:00,4757.531,-0.0060882419893848,1.0
2022-05-13 15:00:00,4758.96,-0.0044345823457226,0.0
2022-05-13 21:00:00,4751.511,-0.0024611118442113,0.0
2022-05-13 22:00:00,4766.62,-0.0112897608787778,1.0
2022-05-13 23:00:00,4765.358,-0.0072886444208389,1.0
2022-05-16 09:00:00,4752.558,-0.0095573794154641,1.0
2022-05-16 10:00:00,4722.798,0.0007736938992521,0.0
2022-05-16 11:00:00,4711.844,-0.0082551544575754,1.0
2022-05-16 13:00:00,4714.133,-0.0099666258885779,1.0
2022-05-16 14:00:00,4754.885,-0.0242472741191428,1.0
2022-05-16 15:00:00,4763.844,-0.026016385087337,1.0
2022-05-16 21:00:00,4772.251,-0.0282395037478122,1.0
2022-05-16 22:00:00,4764.596,-0.0257012346902023,1.0
2022-05-16 23:00:00,4762.945,-0.0212293024588777,1.0
2022-05-17 09:00:00,4768.8,-0.0220049068948162,1.0
2022-05-17 10:00:00,4756.547,-0.0190674033074832,1.0
2022-05-17 11:00:00,4740.534,-0.0083640366254096,1.0
2022-05-17 13:00:00,4752.794,-0.0102750087632664,1.0
2022-05-17 14:00:00,4760.286,-0.010001709981291,1.0
2022-05-17 15:00:00,4760.33,-0.0077250946888136,1.0
2022-05-17 21:00:00,4728.566,-0.0005676139446927,0.0
2022-05-17 22:00:00,4737.856,0.0045499483310594,0.0
2022-05-17 23:00:00,4739.817,0.0022456563196427,0.0
2022-05-18 09:00:00,4712.806,0.006801255982105,1.0
2022-05-18 10:00:00,4730.625,0.0033739727837231,0.0
2022-05-18 11:00:00,4707.136,0.0107840521285129,1.0
2022-05-18 13:00:00,4726.452,0.0067587695802262,1.0
2022-05-18 14:00:00,4672.947,0.025992162975527,1.0
2022-05-18 15:00:00,4667.149,0.0166285670331072,1.0
2022-05-18 21:00:00,4639.592,0.0225420683542863,1.0
2022-05-18 22:00:00,4639.906,0.0258425493964748,1.0
2022-05-18 23:00:00,4637.485,0.0242745798638702,1.0
2022-05-19 09:00:00,4642.14,0.0162011486081849,1.0
2022-05-19 10:00:00,4661.831,0.0113350312355809,1.0
2022-05-19 11:00:00,4663.863,0.0127576646226529,1.0
2022-05-19 13:00:00,4665.852,0.0118246356721131,1.0
2022-05-19 14:00:00,4700.884,0.0006354124032841,0.0
2022-05-19 15:00:00,4703.959,-0.0024239156846392,0.0
2022-05-19 21:00:00,4712.675,-0.0039009691947779,0.0
2022-05-19 22:00:00,4723.556,-0.010647063356505,1.0
2022-05-19 23:00:00,4725.882,-0.0127307452873346,1.0
2022-05-20 09:00:00,4759.413,-0.0213824688044511,1.0
2022-05-20 10:00:00,4750.461,-0.0249087404359283,1.0
2022-05-20 11:00:00,4744.859,-0.0312276929620037,1.0
2022-05-20 13:00:00,4746.586,-0.0306026268143039,1.0
2022-05-20 14:00:00,4757.898,-0.0281206112447135,1.0
2022-05-20 15:00:00,4758.397,-0.0255443167100181,1.0
2022-05-20 21:00:00,4794.407,-0.033423737283881,1.0
2022-05-20 22:00:00,4744.757,-0.017695110624211,1.0
2022-05-20 23:00:00,4744.178,-0.0242204234326789,1.0
2022-05-23 09:00:00,4759.813,-0.0308751625326457,1.0
2022-05-23 10:00:00,4750.058,-0.0339301120112638,1.0
2022-05-23 11:00:00,4717.348,-0.0113127121425004,1.0
2022-05-23 13:00:00,4714.673,-0.0112071399225354,1.0
2022-05-23 14:00:00,4723.363,-0.0220065660843768,1.0
2022-05-23 15:00:00,4721.024,-0.0256520619255484,1.0
2022-05-23 21:00:00,4703.871,-0.0229043270957048,1.0
2022-05-23 22:00:00,4692.557,-0.0233105319764894,1.0
2022-05-23 23:00:00,4694.291,-0.0175340642495321,1.0
2022-05-24 09:00:00,4673.264,-0.0123538922688724,1.0
2022-05-24 10:00:00,4665.718,-0.0132466214203259,1.0
2022-05-24 11:00:00,4657.645,-0.0073000411151988,1.0
2022-05-24 13:00:00,4632.133,-0.0022926802835755,0.0
2022-05-24 14:00:00,4596.688,0.014639670997901,1.0
2022-05-24 15:00:00,4601.328,0.0125696320714366,1.0
2022-05-24 21:00:00,4624.103,0.008672600934711,1.0
2022-05-24 22:00:00,4636.847,0.0078574945431669,1.0
2022-05-24 23:00:00,4634.16,0.0117240233397207,1.0
2022-05-25 09:00:00,4660.798,0.0073635458992216,1.0
2022-05-25 10:00:00,4629.272,0.0102050603204996,1.0
2022-05-25 11:00:00,4612.853,0.0165192777658425,1.0
2022-05-25 13:00:00,4588.888,0.0214446288512598,1.0
2022-05-25 14:00:00,4663.982,0.0125678015052373,1.0
2022-05-25 15:00:00,4661.835,0.0144415235631461,1.0
2022-05-25 21:00:00,4619.418,0.0246673931651131,1.0
2022-05-25 22:00:00,4599.92,0.0240795492095514,1.0
2022-05-25 23:00:00,4596.132,0.0251655087364768,1.0
2022-05-26 09:00:00,4583.171,0.0244546843222737,1.0
2022-05-26 10:00:00,4611.981,0.0213817012689341,1.0
2022-05-26 11:00:00,4615.531,0.0220414509186484,1.0
2022-05-26 13:00:00,4603.913,0.025497875394257,1.0
2022-05-26 14:00:00,4623.644,0.0275983618115926,1.0
2022-05-26 15:00:00,4621.513,0.0305473553790717,1.0
2022-05-26 21:00:00,4663.982,0.0216184367778435,1.0
2022-05-26 22:00:00,4659.165,0.0222346708047472,1.0
2022-05-26 23:00:00,4664.206,0.0199094979938707,1.0
2022-05-27 09:00:00,4673.281,0.0169908464738157,1.0
2022-05-27 10:00:00,4688.491,0.0161642626593503,1.0
2022-05-27 11:00:00,4695.118,0.0171405702689474,1.0
2022-05-27 13:00:00,4676.514,0.0213806694473704,1.0
2022-05-27 14:00:00,4689.054,0.0162853744060103,1.0
2022-05-27 15:00:00,4687.295,0.0169577549524832,1.0
2022-05-27 21:00:00,4722.598,0.008449586435263,1.0
2022-05-27 22:00:00,4729.159,0.0088876267429367,1.0
2022-05-27 23:00:00,4733.367,0.0155851004158349,1.0
2022-05-30 09:00:00,4710.684,0.0206301250519032,1.0
2022-05-30 10:00:00,4711.796,0.0187578154911629,1.0
2022-05-30 11:00:00,4695.251,0.02168787142583,1.0
2022-05-30 13:00:00,4710.593,0.0196225825495856,1.0
2022-05-30 14:00:00,4717.264,0.017561874849489,1.0
2022-05-30 15:00:00,4721.303,0.0171842391814294,1.0
2022-05-30 21:00:00,4751.249,0.0109146037178855,1.0
2022-05-30 22:00:00,4762.688,0.0066344887592888,1.0
2022-05-30 23:00:00,4764.81,0.0051897137556375,1.0
2022-05-31 09:00:00,4762.76,0.0135799410425887,1.0
2022-05-31 10:00:00,4757.068,0.0212578420152917,1.0
2022-05-31 11:00:00,4752.684,0.0238185412705747,1.0
2022-05-31 13:00:00,4764.277,0.0208988688105247,1.0
2022-05-31 14:00:00,4775.595,0.0148433860073979,1.0
2022-05-31 15:00:00,4776.501,0.0160896019910808,1.0
2022-05-31 21:00:00,4765.417,0.0216606437589826,1.0
2022-05-31 22:00:00,4766.781,0.0194888332398741,1.0
2022-05-31 23:00:00,4762.502,0.0147802562602597,1.0
2022-06-01 09:00:00,4771.19,0.0127666263552699,1.0
2022-06-01 10:00:00,4807.137,0.0058392344549366,1.0
2022-06-01 11:00:00,4807.866,0.0046542478513337,0.0
2022-06-01 13:00:00,4800.179,0.0066449605316801,1.0
2022-06-01 14:00:00,4797.081,0.009730709154171,1.0
2022-06-01 15:00:00,4803.027,0.005895448849236,1.0
2022-06-01 21:00:00,4800.108,0.0081637746484037,1.0
2022-06-01 22:00:00,4802.435,0.0035111354968883,0.0
2022-06-01 23:00:00,4803.107,-0.000868812624828,0.0
2022-06-02 09:00:00,4794.286,0.0006634981726162,0.0
2022-06-02 10:00:00,4789.538,0.0040396380611242,0.0
2022-06-02 11:00:00,4827.438,0.0017307317048918,0.0
2022-06-02 13:00:00,4858.193,-0.0039741113619816,0.0
2022-06-02 14:00:00,4865.886,-0.0026749496391819,0.0
2022-06-02 15:00:00,4863.845,-0.0048274564670544,0.0
2022-06-06 09:00:00,4846.481,-0.0034713847016009,0.0
2022-06-06 10:00:00,4853.353,0.0009117408109404,0.0
2022-06-06 11:00:00,4868.639,-0.0040818388876235,0.0
2022-06-06 13:00:00,4859.68,-0.0009076729331972,0.0
2022-06-06 14:00:00,4832.893,0.0085969211401948,1.0
2022-06-06 15:00:00,4832.102,0.0062022697368557,1.0
2022-06-06 21:00:00,4835.207,0.005980095578121,1.0
2022-06-06 22:00:00,4830.243,0.0064354940320807,1.0
2022-06-06 23:00:00,4832.076,0.0063119868147769,1.0
2022-06-07 09:00:00,4843.76,-0.0002900639172875,0.0
2022-06-07 10:00:00,4831.343,0.0029416251340466,0.0
2022-06-07 11:00:00,4839.295,0.0037769964426637,0.0
2022-06-07 13:00:00,4819.297,0.0084742650224711,1.0
2022-06-07 14:00:00,4798.934,0.0142810882583506,1.0
2022-06-07 15:00:00,4797.467,0.0095004301228128,1.0
2022-06-07 21:00:00,4808.886,0.007069412749647,1.0
2022-06-07 22:00:00,4835.793,-0.000638985167479,0.0
2022-06-07 23:00:00,4838.886,0.0052381891203884,1.0
2022-06-08 09:00:00,4852.87,0.0029460916941934,0.0
2022-06-08 10:00:00,4840.365,0.0045451117839253,0.0
2022-06-08 11:00:00,4829.657,0.0075324189688832,1.0
2022-06-08 13:00:00,4857.778,0.0020070904845795,0.0
2022-06-08 14:00:00,4848.766,-0.0015936013410422,0.0
2022-06-08 15:00:00,4855.269,-0.0074951562930911,1.0
2022-06-08 21:00:00,4874.441,-0.012881477076038,1.0
2022-06-08 22:00:00,4862.072,-0.0152597493414331,1.0
2022-06-08 23:00:00,4864.122,-0.0200578850612711,1.0
2022-06-09 09:00:00,4861.328,-0.0231654807081523,1.0
2022-06-09 10:00:00,4862.576,-0.0222170306438398,1.0
2022-06-09 11:00:00,4842.355,-0.0154179113262038,1.0
2022-06-09 13:00:00,4845.555,-0.0158698023239856,1.0
2022-06-09 14:00:00,4857.573,-0.0129124153152201,1.0
2022-06-09 15:00:00,4860.137,-0.0228857746191105,1.0
2022-06-09 21:00:00,4867.468,-0.0243972841732086,1.0
2022-06-09 22:00:00,4843.045,-0.0253673050735643,1.0
2022-06-09 23:00:00,4842.882,-0.0252770973977891,1.0
2022-06-10 09:00:00,4832.703,-0.0293001659733693,1.0
2022-06-10 10:00:00,4864.233,-0.0373489510062531,1.0
2022-06-10 11:00:00,4867.167,-0.0371400858035076,1.0
2022-06-10 13:00:00,4862.365,-0.0352883833278661,1.0
2022-06-10 14:00:00,4866.036,-0.0405475832895606,1.0
2022-06-10 15:00:00,4867.528,-0.0398473311298878,1.0
2022-06-10 21:00:00,4841.039,-0.0349817466870231,1.0
2022-06-10 22:00:00,4818.878,-0.026427728612345,1.0
2022-06-10 23:00:00,4811.651,-0.0215044690481499,1.0
2022-06-13 09:00:00,4787.878,-0.0199376425213841,1.0
2022-06-13 10:00:00,4766.558,-0.0124729416908386,1.0
2022-06-13 11:00:00,4748.713,-0.0212741852371368,1.0
2022-06-13 13:00:00,4754.544,-0.0230953799144565,1.0
2022-06-13 14:00:00,4767.696,-0.0190251224071333,1.0
2022-06-13 15:00:00,4768.657,-0.0182969754377386,1.0
2022-06-13 21:00:00,4794.85,-0.0240756228036331,1.0
2022-06-13 22:00:00,4748.909,-0.0205828328148633,1.0
2022-06-13 23:00:00,4748.715,-0.0231544744209748,1.0
2022-06-14 09:00:00,4720.19,-0.019260241642815,1.0
2022-06-14 10:00:00,4720.468,-0.0249822687072552,1.0
2022-06-14 11:00:00,4691.104,-0.0184950067191007,1.0
2022-06-14 13:00:00,4682.559,-0.0177080523705093,1.0
2022-06-14 14:00:00,4686.4,-0.042554412768863,1.0
2022-06-14 15:00:00,4690.78,-0.0372562772076284,1.0
2022-06-14 21:00:00,4668.73,-0.0320309805878686,1.0
2022-06-14 22:00:00,4673.57,-0.0318236380325959,1.0
2022-06-14 23:00:00,4671.691,-0.0352456958304819,1.0
2022-06-15 09:00:00,4691.526,-0.0423007354110368,1.0
2022-06-15 10:00:00,4708.179,-0.0478254968640742,1.0
2022-06-15 11:00:00,4692.419,-0.0522263676794421,1.0
2022-06-15 13:00:00,4707.105,-0.0557744091113325,1.0
2022-06-15 14:00:00,4647.688,-0.0479890216382856,1.0
2022-06-15 15:00:00,4644.736,-0.0558061857552291,1.0
2022-06-15 21:00:00,4676.99,-0.0639084111789846,1.0
2022-06-15 22:00:00,4681.405,-0.1076533647484035,1.0
2022-06-15 23:00:00,4679.411,-0.1030512173433793,1.0
2022-06-16 09:00:00,4651.163,-0.0975566756099495,1.0
2022-06-16 10:00:00,4638.761,-0.0862256106749195,1.0
2022-06-16 11:00:00,4629.278,-0.0896967086444151,1.0
2022-06-16 13:00:00,4602.54,-0.0847214798785019,1.0
2022-06-16 14:00:00,4604.342,-0.0905469228827918,1.0
2022-06-16 15:00:00,4599.64,-0.0810089485264064,1.0
2022-06-16 21:00:00,4486.973,-0.0582325768396644,1.0
2022-06-16 22:00:00,4516.019,-0.046631336139197,1.0
2022-06-16 23:00:00,4519.186,-0.0528770004155614,1.0
2022-06-17 09:00:00,4524.84,-0.0524445063250855,1.0
2022-06-17 10:00:00,4507.034,-0.0539667550766201,1.0
2022-06-17 11:00:00,4493.071,-0.0491590273111642,1.0
2022-06-17 13:00:00,4483.008,-0.0446164717975073,1.0
2022-06-17 14:00:00,4447.351,-0.035089877097625,1.0
2022-06-17 15:00:00,4444.569,-0.0351962136261132,1.0
2022-06-17 21:00:00,4424.65,-0.0310205326975013,1.0
2022-06-17 22:00:00,4385.531,-0.0377546071387933,1.0
2022-06-17 23:00:00,4378.091,-0.0399041500051051,1.0
2022-06-20 09:00:00,4177.436,0.0067974709845945,1.0
2022-06-20 10:00:00,4197.192,0.0024502095686829,0.0
2022-06-20 11:00:00,4197.411,-0.002296415576173,0.0
2022-06-20 13:00:00,4238.781,-0.0117934849665504,1.0
2022-06-20 14:00:00,4214.047,0.0018248491295898,0.0
2022-06-20 15:00:00,4212.606,0.005419685581799,1.0
2022-06-20 21:00:00,4187.433,0.0108109192433647,1.0
2022-06-20 22:00:00,4227.028,-0.0025310927677792,0.0
2022-06-20 23:00:00,4225.685,-0.0073384551853723,1.0
2022-06-21 09:00:00,4305.431,-0.0140292574657448,1.0
2022-06-21 10:00:00,4280.225,-0.001784485628676,0.0
2022-06-21 11:00:00,4287.537,-0.0034971126779781,0.0
2022-06-21 13:00:00,4263.804,0.0030341450967258,0.0
2022-06-21 14:00:00,4272.196,0.0035827007936902,0.0
2022-06-21 15:00:00,4282.992,-0.0001447586173403,0.0
2022-06-21 21:00:00,4291.294,-0.0013767409084531,0.0
2022-06-21 22:00:00,4288.137,-0.0040294887966498,0.0
2022-06-21 23:00:00,4287.395,-0.0025850195748235,0.0
2022-06-22 09:00:00,4219.957,0.0082737809887636,1.0
2022-06-22 10:00:00,4203.387,0.0160534825844016,1.0
2022-06-22 11:00:00,4205.832,0.0100603162465832,1.0
2022-06-22 13:00:00,4207.476,0.0091035575722834,1.0
2022-06-22 14:00:00,4187.772,0.008369844394585,1.0
2022-06-22 15:00:00,4188.791,0.0297236123740715,1.0
2022-06-22 21:00:00,4221.737,0.0231535029301919,1.0
2022-06-22 22:00:00,4235.437,0.0249143122657709,1.0
2022-06-22 23:00:00,4232.703,0.0208632639710369,1.0
2022-06-23 09:00:00,4216.329,0.0241750584453917,1.0
2022-06-23 10:00:00,4194.675,0.032980862641325,1.0
2022-06-23 11:00:00,4245.029,0.0199256589295383,1.0
2022-06-23 13:00:00,4272.587,0.0133258842944566,1.0
2022-06-23 14:00:00,4272.543,0.0109695794752681,1.0
2022-06-23 15:00:00,4276.741,0.0103064459596689,1.0
2022-06-23 21:00:00,4287.502,0.0077226786133277,1.0
2022-06-23 22:00:00,4282.372,0.0064064962128464,1.0
2022-06-23 23:00:00,4285.386,0.0131666085622158,1.0
2022-06-24 09:00:00,4270.858,0.0134424979711336,1.0
2022-06-24 10:00:00,4276.312,0.0180601883117975,1.0
2022-06-24 11:00:00,4254.872,0.0312397176695325,1.0
2022-06-24 13:00:00,4270.866,0.0275613891889842,1.0
2022-06-24 14:00:00,4248.144,0.0394365162762844,1.0
2022-06-24 15:00:00,4245.779,0.0368104416174275,1.0
2022-06-24 21:00:00,4222.823,0.043554749985969,1.0
2022-06-24 22:00:00,4313.297,0.0190369455198656,1.0
2022-06-24 23:00:00,4319.485,0.0175317196378735,1.0
2022-06-27 09:00:00,4340.96,0.0112972706498102,1.0
2022-06-27 10:00:00,4321.011,0.0209705552705141,1.0
2022-06-27 11:00:00,4318.259,0.0130689243049109,1.0
2022-06-27 13:00:00,4333.019,0.0093426777034672,1.0
2022-06-27 14:00:00,4329.614,0.0162321629595618,1.0
2022-06-27 15:00:00,4329.523,0.0200835057349274,1.0
2022-06-27 21:00:00,4319.411,0.0218543685701592,1.0
2022-06-27 22:00:00,4320.819,0.0185578243383949,1.0
2022-06-27 23:00:00,4320.613,0.0148851563423986,1.0
2022-06-28 09:00:00,4309.807,0.0208484973921106,1.0
2022-06-28 10:00:00,4341.81,0.0105469838615691,1.0
2022-06-28 11:00:00,4328.269,0.0168993655431304,1.0
2022-06-28 13:00:00,4353.543,0.0111265697846559,1.0
2022-06-28 14:00:00,4387.793,-0.0080637350029957,1.0
2022-06-28 15:00:00,4388.577,-0.0102206250454305,1.0
2022-06-28 21:00:00,4415.676,-0.0172773092953378,1.0
2022-06-28 22:00:00,4402.068,-0.0061502911813267,1.0
2022-06-28 23:00:00,4406.747,-0.0110453357090842,1.0
2022-06-29 09:00:00,4395.409,-0.0123094346851452,1.0
2022-06-29 10:00:00,4395.213,-0.020587625673659,1.0
2022-06-29 11:00:00,4390.001,-0.0210234576256362,1.0
2022-06-29 13:00:00,4411.625,-0.0246528206726546,1.0
2022-06-29 14:00:00,4374.694,-0.0144467247309184,1.0
2022-06-29 15:00:00,4373.501,-0.0285249734709103,1.0
2022-06-29 21:00:00,4399.893,-0.0350660800160368,1.0
2022-06-29 22:00:00,4416.475,-0.0478028291793796,1.0
2022-06-29 23:00:00,4413.809,-0.0499464294898126,1.0
2022-06-30 09:00:00,4401.004,-0.0469754174274778,1.0
2022-06-30 10:00:00,4384.926,-0.0457556182248001,1.0
2022-06-30 11:00:00,4399.66,-0.0499815894864603,1.0
2022-06-30 13:00:00,4387.603,-0.047634665214697,1.0
2022-06-30 14:00:00,4401.414,-0.0606300611576189,1.0
2022-06-30 15:00:00,4401.983,-0.0505054199436936,1.0
2022-06-30 21:00:00,4352.411,-0.0374086914126446,1.0
2022-06-30 22:00:00,4343.723,-0.0311196178946033,1.0
2022-06-30 23:00:00,4339.385,-0.0296055777489207,1.0
2022-07-01 09:00:00,4374.994,-0.0320713582692913,1.0
2022-07-01 10:00:00,4358.073,-0.023570968177908,1.0
2022-07-01 11:00:00,4341.304,-0.0198348238225197,1.0
2022-07-01 13:00:00,4304.726,-0.012115521406008,1.0
2022-07-01 14:00:00,4297.708,-0.0284814603504937,1.0
2022-07-01 15:00:00,4302.866,-0.0285091378629964,1.0
2022-07-01 21:00:00,4311.494,-0.0312337208401541,1.0
2022-07-01 22:00:00,4248.747,-0.0145569976277712,1.0
2022-07-01 23:00:00,4245.606,-0.017053866986244,1.0
2022-07-04 09:00:00,4205.355,-0.0094034867448762,1.0
2022-07-04 10:00:00,4193.355,-0.0059303350181416,1.0
2022-07-04 11:00:00,4194.265,0.0074518419794648,1.0
2022-07-04 13:00:00,4184.291,0.0102552618830765,1.0
2022-07-04 14:00:00,4179.758,0.0093936060413066,1.0
2022-07-04 15:00:00,4178.601,0.0091071150368269,1.0
2022-07-04 21:00:00,4134.556,0.0201134051636985,1.0
2022-07-04 22:00:00,4179.659,0.00371154680322,0.0
2022-07-04 23:00:00,4189.593,0.0053699726918582,1.0
2022-07-05 09:00:00,4208.548,0.0045440850383552,0.0
2022-07-05 10:00:00,4210.915,-0.0006084188353362,0.0
2022-07-05 11:00:00,4234.682,-0.0100314498231507,1.0
2022-07-05 13:00:00,4255.349,-0.0141701655962883,1.0
2022-07-05 14:00:00,4255.195,0.0001130382978925,0.0
2022-07-05 15:00:00,4252.572,-0.0044923401649637,0.0
2022-07-05 21:00:00,4175.303,0.0135506333312816,1.0
2022-07-05 22:00:00,4180.195,0.0003880201760923,0.0
2022-07-05 23:00:00,4176.83,0.0018911471139597,0.0
2022-07-06 09:00:00,4186.898,-0.0038037707152169,0.0
2022-07-06 10:00:00,4173.202,-0.0031052894156572,0.0
2022-07-06 11:00:00,4165.81,0.0068258033851758,1.0
2022-07-06 13:00:00,4168.487,0.0066604501825242,1.0
2022-07-06 14:00:00,4225.52,-0.0046488952838941,0.0
2022-07-06 15:00:00,4227.202,-0.0312104791774796,1.0
2022-07-06 21:00:00,4219.021,-0.0303165118163668,1.0
2022-07-06 22:00:00,4216.656,-0.0454163204207315,1.0
2022-07-06 23:00:00,4217.716,-0.0434986613607934,1.0
2022-07-07 09:00:00,4195.172,-0.0430523468406062,1.0
2022-07-07 10:00:00,4212.091,-0.0533174615648143,1.0
2022-07-07 11:00:00,4227.672,-0.0447220124929274,1.0
2022-07-07 13:00:00,4208.353,-0.0401461094162015,1.0
2022-07-07 14:00:00,4192.202,-0.0386386438439751,1.0
2022-07-07 15:00:00,4195.05,-0.0422643353476121,1.0
2022-07-07 21:00:00,4255.676,-0.0549665905017206,1.0
2022-07-07 22:00:00,4233.468,-0.0464571835667589,1.0
2022-07-07 23:00:00,4231.881,-0.054989495215012,1.0
2022-07-08 09:00:00,4181.817,-0.0437651862814656,1.0
2022-07-08 10:00:00,4184.729,-0.0508300537501951,1.0
2022-07-08 11:00:00,4170.972,-0.0634549932246008,1.0
2022-07-08 13:00:00,4160.243,-0.0600308683891783,1.0
2022-07-08 14:00:00,4194.245,-0.0753925915152786,1.0
2022-07-08 15:00:00,4196.251,-0.0738089785382237,1.0
2022-07-08 21:00:00,4205.876,-0.0764273601979707,1.0
2022-07-08 22:00:00,4095.269,-0.0438349715244589,1.0
2022-07-08 23:00:00,4091.115,-0.0437115554072666,1.0
2022-07-11 09:00:00,4025.151,-0.0335850754418902,1.0
2022-07-11 10:00:00,4034.251,-0.0411526203996727,1.0
2022-07-11 11:00:00,4014.56,-0.0275108604678968,1.0
2022-07-11 13:00:00,3987.513,-0.0201396208614241,1.0
2022-07-11 14:00:00,4038.602,-0.0458178349834918,1.0
2022-07-11 15:00:00,4039.404,-0.0380521482872225,1.0
2022-07-11 21:00:00,4030.221,-0.0388574224589668,1.0
2022-07-11 22:00:00,4017.749,-0.0398469391691715,1.0
2022-07-11 23:00:00,4021.756,-0.0361655455974952,1.0
2022-07-12 09:00:00,4036.793,-0.0378369661263285,1.0
2022-07-12 10:00:00,3999.172,-0.0401593129777863,1.0
2022-07-12 11:00:00,3998.799,-0.0488934302524332,1.0
2022-07-12 13:00:00,3972.019,-0.0468220318180752,1.0
2022-07-12 14:00:00,3906.303,-0.0548613356413979,1.0
2022-07-12 15:00:00,3910.5,-0.065378340365682,1.0
2022-07-12 21:00:00,3878.03,-0.0564949213904999,1.0
2022-07-12 22:00:00,3886.53,-0.0532150787463367,1.0
2022-07-12 23:00:00,3884.432,-0.0535496566808222,1.0
2022-07-13 09:00:00,3915.753,-0.0656371839592538,1.0
2022-07-13 10:00:00,3912.286,-0.0699373716543218,1.0
2022-07-13 11:00:00,3889.966,-0.0803580288362416,1.0
2022-07-13 13:00:00,3868.231,-0.077668060671661,1.0
2022-07-13 14:00:00,3904.116,-0.072222751578078,1.0
2022-07-13 15:00:00,3907.206,-0.0530576068935193,1.0
2022-07-13 21:00:00,3853.562,-0.030263169503955,1.0
2022-07-13 22:00:00,3885.696,-0.0429567830319201,1.0
2022-07-13 23:00:00,3873.617,-0.0391577174511574,1.0
2022-07-14 09:00:00,3857.654,-0.0273178983910946,1.0
2022-07-14 10:00:00,3876.307,-0.0354835156245363,1.0
2022-07-14 11:00:00,3884.053,-0.0296512431730462,1.0
2022-07-14 13:00:00,3838.568,-0.0175138228631093,1.0
2022-07-14 14:00:00,3803.284,0.0083995830971339,1.0
2022-07-14 15:00:00,3786.041,0.0117914729396749,1.0
2022-07-14 21:00:00,3691.998,0.0372925445788431,1.0
2022-07-14 22:00:00,3654.838,0.0355331754786395,1.0
2022-07-14 23:00:00,3658.941,0.0345102585693511,1.0
2022-07-15 09:00:00,3679.708,0.0256071949187272,1.0
2022-07-15 10:00:00,3676.422,0.0154971328101072,1.0
2022-07-15 11:00:00,3658.734,0.0241919746010505,1.0
2022-07-15 13:00:00,3638.671,0.0293615443660611,1.0
2022-07-15 14:00:00,3577.376,0.045922765736674,1.0
2022-07-15 15:00:00,3567.793,0.058176301147516,1.0
2022-07-15 21:00:00,3622.15,0.0439633919081207,1.0
2022-07-15 22:00:00,3699.899,0.0265596439254152,1.0
2022-07-15 23:00:00,3736.941,0.0244828591085596,1.0
2022-07-18 09:00:00,3718.779,0.030118756720956,1.0
2022-07-18 10:00:00,3721.935,0.0215925318416361,1.0
2022-07-18 11:00:00,3752.271,0.0144408546184429,1.0
2022-07-18 13:00:00,3738.762,0.0181814194110241,1.0
2022-07-18 14:00:00,3768.886,0.0058855587566193,1.0
2022-07-18 15:00:00,3771.34,0.004813673654457,0.0
2022-07-18 21:00:00,3835.23,-0.011505959225392,1.0
2022-07-18 22:00:00,3830.684,-0.0177391296175826,1.0
2022-07-18 23:00:00,3829.682,-0.0148153293145487,1.0
2022-07-19 09:00:00,3784.706,-0.0082910006748212,1.0
2022-07-19 10:00:00,3785.212,0.0018223549962327,0.0
2022-07-19 11:00:00,3773.935,0.0032936444321377,0.0
2022-07-19 13:00:00,3733.396,0.0164466882163048,1.0
2022-07-19 14:00:00,3747.246,0.0076586912094909,1.0
2022-07-19 15:00:00,3745.508,0.0051170628924034,1.0
2022-07-19 21:00:00,3741.659,0.0059337315345946,1.0
2022-07-19 22:00:00,3775.354,0.0054421386709697,1.0
2022-07-19 23:00:00,3781.392,0.002580795643509,0.0
2022-07-20 09:00:00,3798.167,-0.0025122644686239,0.0
2022-07-20 10:00:00,3828.432,-0.0071501857679592,1.0
2022-07-20 11:00:00,3830.784,-0.0077407131281743,1.0
2022-07-20 13:00:00,3802.301,0.0005054833901892,0.0
2022-07-20 14:00:00,3806.457,0.0058479578253478,1.0
2022-07-20 15:00:00,3806.738,0.0068462815145146,1.0
2022-07-20 21:00:00,3791.068,0.0115278860732648,1.0
2022-07-20 22:00:00,3789.494,0.0102195702117485,1.0
2022-07-20 23:00:00,3791.102,0.0179623233561112,1.0
2022-07-21 09:00:00,3762.731,0.0194736216859509,1.0
2022-07-21 10:00:00,3772.944,0.0164603556267996,1.0
2022-07-21 11:00:00,3753.327,0.0213208175040437,1.0
2022-07-21 13:00:00,3792.11,0.0112198749508848,1.0
2022-07-21 14:00:00,3786.365,0.0018479465133446,0.0
2022-07-21 15:00:00,3794.798,0.0025247720695541,0.0
2022-07-21 21:00:00,3775.945,0.0078375082264175,1.0
2022-07-21 22:00:00,3764.674,0.0157655085141501,1.0
2022-07-21 23:00:00,3763.861,0.0222994419825812,1.0
2022-07-22 09:00:00,3795.9,0.0103988513922916,1.0
2022-07-22 10:00:00,3791.151,0.0116819403922449,1.0
2022-07-22 11:00:00,3788.625,0.0163708469431522,1.0
2022-07-22 13:00:00,3801.058,0.0140934445093971,1.0
2022-07-22 14:00:00,3801.131,0.013232640495684,1.0
2022-07-22 15:00:00,3804.223,0.0080042626312915,1.0
2022-07-22 21:00:00,3828.717,0.0014043869003637,0.0
2022-07-22 22:00:00,3832.8,-0.0111294614902943,1.0
2022-07-22 23:00:00,3834.771,-0.0056133730019342,1.0
2022-07-25 09:00:00,3828.221,0.0041066072204295,0.0
2022-07-25 10:00:00,3859.199,0.0013800791304102,0.0
2022-07-25 11:00:00,3836.005,0.0048769488048112,0.0
2022-07-25 13:00:00,3835.048,0.0055021475611257,1.0
2022-07-25 14:00:00,3833.351,0.0065136221546109,1.0
2022-07-25 15:00:00,3834.657,0.0130199389410838,1.0
2022-07-25 21:00:00,3793.362,0.0236320709702896,1.0
2022-07-25 22:00:00,3804.379,0.0311341220209658,1.0
2022-07-25 23:00:00,3805.539,0.0304847749556633,1.0
2022-07-26 09:00:00,3824.026,0.0304935165189776,1.0
2022-07-26 10:00:00,3847.793,0.0274695130429312,1.0
2022-07-26 11:00:00,3835.373,0.0440194473914271,1.0
2022-07-26 13:00:00,3835.439,0.0415329249142014,1.0
2022-07-26 14:00:00,3850.648,0.0296947422875318,1.0
2022-07-26 15:00:00,3854.628,0.0306104765492285,1.0
2022-07-26 21:00:00,3851.43,0.0309583713062421,1.0
2022-07-26 22:00:00,3834.673,0.0350194136501339,1.0
2022-07-26 23:00:00,3834.094,0.0308135376962588,1.0
2022-07-27 09:00:00,3790.143,0.0422738667116254,1.0
2022-07-27 10:00:00,3813.245,0.0348779058256157,1.0
2022-07-27 11:00:00,3843.942,0.0265526899209197,1.0
2022-07-27 13:00:00,3864.525,0.0214282479735543,1.0
2022-07-27 14:00:00,3854.713,0.0374448110663491,1.0
2022-07-27 15:00:00,3856.149,0.0461753422909748,1.0
2022-07-27 21:00:00,3858.32,0.0472454332455576,1.0
2022-07-27 22:00:00,3884.584,0.0313101737534829,1.0
2022-07-27 23:00:00,3883.007,0.0407650565656975,1.0
2022-07-28 09:00:00,3922.825,0.0296773371231192,1.0
2022-07-28 10:00:00,3921.55,0.0301281381086559,1.0
2022-07-28 11:00:00,3940.634,0.0192809075899968,1.0
2022-07-28 13:00:00,3953.49,0.0157708758590512,1.0
2022-07-28 14:00:00,4004.204,0.0005204530038928,0.0
2022-07-28 15:00:00,3994.736,-0.0002911331312006,0.0
2022-07-28 21:00:00,3964.992,0.0064824847061482,1.0
2022-07-28 22:00:00,3972.62,0.005316894140391,1.0
2022-07-28 23:00:00,3970.664,-0.0003478007708535,0.0
2022-07-29 09:00:00,3968.961,-0.0016407316675572,0.0
2022-07-29 10:00:00,3952.236,0.0022749147571147,0.0
2022-07-29 11:00:00,3950.367,0.0172427017540395,1.0
2022-07-29 13:00:00,3946.243,0.0191265464392334,1.0
2022-07-29 14:00:00,3946.009,0.0132262749527433,1.0
2022-07-29 15:00:00,3947.335,0.0114553236550735,1.0
2022-07-29 21:00:00,3999.052,-0.0003963439335122,0.0
2022-07-29 22:00:00,4034.208,0.0023828716813807,0.0
2022-07-29 23:00:00,4040.608,-0.0020952292328284,0.0
2022-08-01 09:00:00,4006.211,0.0113803291938442,1.0
2022-08-01 10:00:00,4041.298,0.00185311748849,0.0
2022-08-01 11:00:00,4039.244,-0.0102593455607039,1.0
2022-08-01 13:00:00,4039.699,-0.0116813158604143,1.0
2022-08-01 14:00:00,4016.613,-0.0073452433679818,1.0
2022-08-01 15:00:00,4015.84,-0.0149590123112475,1.0
2022-08-01 21:00:00,4006.288,-0.0132648975810026,1.0
2022-08-01 22:00:00,3993.573,-0.0042207817410623,0.0
2022-08-01 23:00:00,3990.695,-0.0081233970523931,1.0
2022-08-02 09:00:00,3993.742,-0.0105985814807265,1.0
2022-08-02 10:00:00,3969.283,-0.0090769542005445,1.0
2022-08-02 11:00:00,3962.449,-0.0097909146590909,1.0
2022-08-02 13:00:00,3961.227,-0.009921925706353,1.0
2022-08-02 14:00:00,4018.482,-0.0259729917914276,1.0
2022-08-02 15:00:00,4021.721,-0.0238847995671504,1.0
2022-08-02 21:00:00,3998.2,-0.0171719773898253,1.0
2022-08-02 22:00:00,3992.553,-0.0066208263234075,1.0
2022-08-02 23:00:00,3997.467,-0.0047052295866357,0.0
2022-08-03 09:00:00,4043.821,-0.014946259985296,1.0
2022-08-03 10:00:00,4032.142,-0.009637805414591,1.0
2022-08-03 11:00:00,4051.803,-0.0202845498658251,1.0
2022-08-03 13:00:00,4048.787,-0.0191887101000867,1.0
2022-08-03 14:00:00,3997.804,0.002628943289866,0.0
2022-08-03 15:00:00,3992.51,0.0121427372755483,1.0
2022-08-03 21:00:00,3987.11,0.0149699907953379,1.0
2022-08-03 22:00:00,3955.767,0.0299034296003784,1.0
2022-08-03 23:00:00,3953.145,0.0241048582837209,1.0
2022-08-04 09:00:00,3976.717,0.0176195590483305,1.0
2022-08-04 10:00:00,3958.277,0.0255497530870123,1.0
2022-08-04 11:00:00,3951.414,0.0284614570885257,1.0
2022-08-04 13:00:00,3933.254,0.0338315298223812,1.0
2022-08-04 14:00:00,3923.653,0.0380061641536598,1.0
2022-08-04 15:00:00,3921.924,0.0338632263144314,1.0
2022-08-04 21:00:00,3914.11,0.0367498613988875,1.0
2022-08-04 22:00:00,3925.663,0.0251058228890253,1.0
2022-08-04 23:00:00,3929.543,0.027201890906907,1.0
2022-08-05 09:00:00,3966.119,0.0139083068359773,1.0
2022-08-05 10:00:00,3978.658,0.0117831188305203,1.0
2022-08-05 11:00:00,3983.381,0.0086047505875035,1.0
2022-08-05 13:00:00,3993.281,0.0057927303387865,1.0
2022-08-05 14:00:00,3969.614,0.0121641550034839,1.0
2022-08-05 15:00:00,3971.096,0.0062431127326057,1.0
2022-08-05 21:00:00,4008.314,-0.0030823433493483,0.0
2022-08-05 22:00:00,4040.99,-0.0076357526249755,1.0
2022-08-05 23:00:00,4046.797,-0.0112367880078985,1.0
2022-08-08 09:00:00,4074.058,-0.0239785491517303,1.0
2022-08-08 10:00:00,4048.435,-0.0164122679504549,1.0
2022-08-08 11:00:00,4046.785,-0.0144635803483505,1.0
2022-08-08 13:00:00,4059.41,-0.0168482612005192,1.0
2022-08-08 14:00:00,4063.877,-0.0167527216005799,1.0
2022-08-08 15:00:00,4066.322,-0.022236310847985,1.0
2022-08-08 21:00:00,4072.776,-0.0248783630624418,1.0
2022-08-08 22:00:00,4054.733,-0.0103962455727664,1.0
2022-08-08 23:00:00,4057.953,-0.0161214287104853,1.0
2022-08-09 09:00:00,4024.22,-0.0060004174722057,1.0
2022-08-09 10:00:00,4036.434,-0.0050041695219097,1.0
2022-08-09 11:00:00,4021.281,-0.0012180198299994,0.0
2022-08-09 13:00:00,4025.539,-0.0010738934587393,0.0
2022-08-09 14:00:00,4017.657,0.0017335974673795,0.0
2022-08-09 15:00:00,4016.413,0.0077549295851795,1.0
2022-08-09 21:00:00,4017.901,0.0074260167186797,1.0
2022-08-09 22:00:00,3995.888,0.0106104074989089,1.0
2022-08-09 23:00:00,3995.959,0.0067580773476404,1.0
2022-08-10 09:00:00,4010.134,0.0042614536072859,0.0
2022-08-10 10:00:00,4001.324,0.0104405441798764,1.0
2022-08-10 11:00:00,3976.368,0.0183353251006948,1.0
2022-08-10 13:00:00,3981.991,0.0167107359107541,1.0
2022-08-10 14:00:00,3988.254,0.0191111198033024,1.0
2022-08-10 15:00:00,3991.016,0.0213772633334469,1.0
2022-08-10 21:00:00,3995.796,0.0211106873323864,1.0
2022-08-10 22:00:00,3975.902,0.0199034080819899,1.0
2022-08-10 23:00:00,3971.452,0.0123425890581076,1.0
2022-08-11 09:00:00,4012.579,6.629152971184408e-05,0.0
2022-08-11 10:00:00,3992.533,0.0008688719667439,0.0
2022-08-11 11:00:00,4000.073,-0.0018757157681871,0.0
2022-08-11 13:00:00,4016.235,-0.0057297443999168,1.0
2022-08-11 14:00:00,4016.383,-0.0131222545260249,1.0
2022-08-11 15:00:00,4021.216,-0.0115017447458678,1.0
2022-08-11 21:00:00,4024.622,-0.0127706403234887,1.0
2022-08-11 22:00:00,4047.56,-0.0107474626688671,1.0
2022-08-11 23:00:00,4047.738,-0.0038213935783392,0.0
2022-08-12 09:00:00,4038.286,-0.0028531906853551,0.0
2022-08-12 10:00:00,4022.964,0.001379082686298,0.0
2022-08-12 11:00:00,4027.223,-0.0046990196470371,0.0
2022-08-12 13:00:00,4043.1,-0.0086426257079962,1.0
2022-08-12 14:00:00,4049.276,-0.0156267441389522,1.0
2022-08-12 15:00:00,4048.533,-0.0158529027674962,1.0
2022-08-12 21:00:00,4064.474,-0.0191380237639606,1.0
2022-08-12 22:00:00,4076.333,-0.0263584942643302,1.0
2022-08-12 23:00:00,4080.15,-0.0322206291435364,1.0
2022-08-15 09:00:00,4055.036,-0.0305947961990966,1.0
2022-08-15 10:00:00,4020.47,-0.0209515305424489,1.0
2022-08-15 11:00:00,4012.845,-0.0351436449700897,1.0
2022-08-15 13:00:00,3996.002,-0.0330307642488667,1.0
2022-08-15 14:00:00,3992.57,-0.027477038599198,1.0
2022-08-15 15:00:00,3993.223,-0.0302319705160468,1.0
2022-08-15 21:00:00,3963.679,-0.022121872129403,1.0
2022-08-15 22:00:00,3974.965,-0.025542866415176,1.0
2022-08-15 23:00:00,3973.225,-0.0327076870803943,1.0
2022-08-16 09:00:00,4004.059,-0.0346992888965922,1.0
2022-08-16 10:00:00,4032.27,-0.0328837106642164,1.0
2022-08-16 11:00:00,4026.764,-0.0407043968804727,1.0
2022-08-16 13:00:00,4028.512,-0.0405328319736915,1.0
2022-08-16 14:00:00,4008.299,-0.0393169272052808,1.0
2022-08-16 15:00:00,4008.157,-0.0427243743196686,1.0
2022-08-16 21:00:00,3985.999,-0.0375293621498649,1.0
2022-08-16 22:00:00,3984.352,-0.0390000682670607,1.0
2022-08-16 23:00:00,3986.688,-0.0354053289346946,1.0
2022-08-17 09:00:00,3968.887,-0.0310789901551745,1.0
2022-08-17 10:00:00,3948.685,-0.0335610462723666,1.0
2022-08-17 11:00:00,3930.973,-0.039211920305736,1.0
2022-08-17 13:00:00,3936.235,-0.0405217168182286,1.0
2022-08-17 14:00:00,3871.819,-0.0160735819520488,1.0
2022-08-17 15:00:00,3864.011,-0.0102028695052886,1.0
2022-08-17 21:00:00,3882.866,-0.0142333008659068,1.0
2022-08-17 22:00:00,3872.5,-0.0067886378308586,1.0
2022-08-17 23:00:00,3875.995,-0.0055051670603289,1.0
2022-08-18 09:00:00,3873.433,-0.005024483449178,1.0
2022-08-18 10:00:00,3843.27,0.0035173172844999,0.0
2022-08-18 11:00:00,3865.121,-0.0028384622370166,0.0
2022-08-18 13:00:00,3899.674,-0.0123961643973316,1.0
2022-08-18 14:00:00,3862.857,-0.0068161984769303,1.0
2022-08-18 15:00:00,3865.225,-0.0022534263852686,0.0
2022-08-18 21:00:00,3850.705,0.0036616671492622,0.0
2022-08-18 22:00:00,3836.911,0.0189191253067897,1.0
2022-08-18 23:00:00,3836.407,0.0150239534022328,1.0
2022-08-19 09:00:00,3828.962,0.0178547084040009,1.0
2022-08-19 10:00:00,3845.538,0.0123098510533507,1.0
2022-08-19 11:00:00,3845.538,0.0131999735797695,1.0
2022-08-19 13:00:00,3816.163,0.0218803546913483,1.0
2022-08-19 14:00:00,3776.832,0.0362046815955806,1.0
2022-08-19 15:00:00,3776.732,0.0375583970480298,1.0
2022-08-19 21:00:00,3809.585,0.0299360691518892,1.0
2022-08-19 22:00:00,3824.587,0.0212117020739756,1.0
2022-08-19 23:00:00,3827.6,0.0213373915769673,1.0
2022-08-22 09:00:00,3846.211,0.0182517287793104,1.0
2022-08-22 10:00:00,3854.657,0.019458281242663,1.0
2022-08-22 11:00:00,3853.971,0.0221869858387621,1.0
2022-08-22 13:00:00,3856.788,0.0225672243327867,1.0
2022-08-22 14:00:00,3854.15,0.0292357588573356,1.0
2022-08-22 15:00:00,3851.333,0.0302323896687198,1.0
2022-08-22 21:00:00,3836.527,0.0340922923258457,1.0
2022-08-22 22:00:00,3856.515,0.0279353250279073,1.0
2022-08-22 23:00:00,3864.805,0.0280404832844089,1.0
2022-08-23 09:00:00,3909.502,0.0178841192561098,1.0
2022-08-23 10:00:00,3894.045,0.0177802259604087,1.0
2022-08-23 11:00:00,3897.327,0.0103727503491495,1.0
2022-08-23 13:00:00,3892.876,0.0102556567432407,1.0
2022-08-23 14:00:00,3896.299,0.0164189144621601,1.0
2022-08-23 15:00:00,3899.662,0.0137904259394789,1.0
2022-08-23 21:00:00,3913.571,0.0112541717014971,1.0
2022-08-23 22:00:00,3918.58,0.0111999755013295,1.0
2022-08-23 23:00:00,3923.629,0.0167408794256541,1.0
2022-08-24 09:00:00,3905.713,0.0194200137081244,1.0
2022-08-24 10:00:00,3909.271,0.020704627537973,1.0
2022-08-24 11:00:00,3916.411,0.0167196445929703,1.0
2022-08-24 13:00:00,3929.662,0.0142948681082495,1.0
2022-08-24 14:00:00,3939.479,0.0095928928673055,1.0
2022-08-24 15:00:00,3943.825,0.0027772530474856,0.0
2022-08-24 21:00:00,3966.829,-0.0035776687122132,0.0
2022-08-24 22:00:00,3967.768,-0.0152481193456876,1.0
2022-08-24 23:00:00,3967.323,-0.0209125901773058,1.0
2022-08-25 09:00:00,3964.248,-0.0179882792398457,1.0
2022-08-25 10:00:00,3973.176,-0.0239226754616457,1.0
2022-08-25 11:00:00,3979.42,-0.023489855305547,1.0
2022-08-25 13:00:00,3963.282,-0.0190791369375179,1.0
2022-08-25 14:00:00,3937.753,-0.0170305247688212,1.0
2022-08-25 15:00:00,3932.8,-0.0183368083807974,1.0
2022-08-25 21:00:00,3960.272,-0.0262423894116364,1.0
2022-08-25 22:00:00,3953.44,-0.0287440811040511,1.0
2022-08-25 23:00:00,3957.615,-0.0309193794747593,1.0
2022-08-26 09:00:00,3962.468,-0.0362619963113897,1.0
2022-08-26 10:00:00,3989.314,-0.0425363859550789,1.0
2022-08-26 11:00:00,3981.562,-0.0458762164195861,1.0
2022-08-26 13:00:00,3990.211,-0.048600938647104,1.0
2022-08-26 14:00:00,3981.892,-0.0386238501697182,1.0
2022-08-26 15:00:00,3985.836,-0.039886237165804,1.0
2022-08-26 21:00:00,3977.27,-0.0381867461851973,1.0
2022-08-26 22:00:00,3954.778,-0.0301622493095693,1.0
2022-08-26 23:00:00,3952.637,-0.0332079571182478,1.0
2022-08-29 09:00:00,3907.267,-0.022382652631622,1.0
2022-08-29 10:00:00,3884.356,-0.0147422120938451,1.0
2022-08-29 11:00:00,3892.938,-0.0175371403294889,1.0
2022-08-29 13:00:00,3878.127,-0.0126292924393657,1.0
2022-08-29 14:00:00,3885.944,-0.0090526265947218,1.0
2022-08-29 15:00:00,3887.666,-0.0088148004483924,1.0
2022-08-29 21:00:00,3870.691,-0.0050959893207698,1.0
2022-08-29 22:00:00,3860.685,-0.0048064009366213,0.0
2022-08-29 23:00:00,3856.345,-0.0050171859623555,1.0
2022-08-30 09:00:00,3839.802,0.0003994997658732,0.0
2022-08-30 10:00:00,3835.248,-0.0021378017797024,0.0
2022-08-30 11:00:00,3818.781,-0.0088829393463516,1.0
2022-08-30 13:00:00,3819.623,-0.0086505919563265,1.0
2022-08-30 14:00:00,3798.903,-0.0115980850261246,1.0
2022-08-30 15:00:00,3796.283,-0.0144098846160836,1.0
2022-08-30 21:00:00,3828.096,-0.02391084236132,1.0
2022-08-30 22:00:00,3826.856,-0.0275759004258325,1.0
2022-08-30 23:00:00,3825.391,-0.0226436983827274,1.0
2022-08-31 09:00:00,3835.493,-0.0240555777314676,1.0
2022-08-31 10:00:00,3821.378,-0.0213383758424318,1.0
2022-08-31 11:00:00,3819.812,-0.0172225753518759,1.0
2022-08-31 13:00:00,3827.092,-0.0196627099635964,1.0
2022-08-31 14:00:00,3824.667,-0.0241613191422939,1.0
2022-08-31 15:00:00,3829.149,-0.0146016778140521,1.0
2022-08-31 21:00:00,3850.766,-0.0194945628999528,1.0
2022-08-31 22:00:00,3853.397,-0.0307806332957647,1.0
2022-08-31 23:00:00,3850.966,-0.0260661870294362,1.0
2022-09-01 09:00:00,3842.129,-0.0206880091740802,1.0
2022-09-01 10:00:00,3836.997,-0.0169817698580425,1.0
2022-09-01 11:00:00,3841.336,-0.0144296151130751,1.0
2022-09-01 13:00:00,3827.049,-0.0117683363865997,1.0
2022-09-01 14:00:00,3784.859,0.0003276211874736,0.0
2022-09-01 15:00:00,3786.581,0.0002941967965296,0.0
2022-09-01 21:00:00,3754.843,0.0079545269935387,1.0
2022-09-01 22:00:00,3741.579,0.0082189898970461,1.0
2022-09-01 23:00:00,3736.563,0.0151684850489607,1.0
2022-09-02 09:00:00,3721.327,0.0239664506774061,1.0
2022-09-02 10:00:00,3738.77,0.0162475894478665,1.0
2022-09-02 11:00:00,3743.228,0.0155389946858699,1.0
2022-09-02 13:00:00,3739.836,0.0167146366846033,1.0
2022-09-02 14:00:00,3754.025,0.013322766896864,1.0
2022-09-02 15:00:00,3751.841,0.011035382362952,1.0
2022-09-02 21:00:00,3732.258,0.016015505894823,1.0
2022-09-02 22:00:00,3773.237,0.0076658317513582,1.0
2022-09-02 23:00:00,3775.697,0.003787645036135,0.0
2022-09-05 09:00:00,3734.787,0.0165739036791121,1.0
2022-09-05 10:00:00,3750.586,0.0143396258611321,1.0
2022-09-05 11:00:00,3762.643,0.0082216144343218,1.0
2022-09-05 13:00:00,3771.838,0.0057128646564353,1.0
2022-09-05 14:00:00,3785.907,0.005104721272868,1.0
2022-09-05 15:00:00,3782.011,0.0080726893708135,1.0
2022-09-05 21:00:00,3786.099,0.0076088871421481,1.0
2022-09-05 22:00:00,3787.695,0.004753550642277,0.0
2022-09-05 23:00:00,3784.711,0.0101661659238975,1.0
2022-09-06 09:00:00,3772.331,0.0170205106603847,1.0
2022-09-06 10:00:00,3793.241,0.0087832542145358,1.0
2022-09-06 11:00:00,3810.514,0.0049436900113737,0.0
2022-09-06 13:00:00,3799.516,0.0069385153266889,1.0
2022-09-06 14:00:00,3801.394,0.0058660059967476,1.0
2022-09-06 15:00:00,3802.346,0.0069649106104494,1.0
2022-09-06 21:00:00,3804.039,0.0066658096828134,1.0
2022-09-06 22:00:00,3793.244,0.014350250076188,1.0
2022-09-06 23:00:00,3792.032,0.0160816153450181,1.0
2022-09-07 09:00:00,3802.162,0.0133805450688318,1.0
2022-09-07 10:00:00,3789.998,0.01589525904763,1.0
2022-09-07 11:00:00,3796.687,0.0163165939146419,1.0
2022-09-07 13:00:00,3804.368,0.0136887388391449,1.0
2022-09-07 14:00:00,3793.578,0.0197491655634865,1.0
2022-09-07 15:00:00,3793.386,0.0222231536679894,1.0
2022-09-07 21:00:00,3805.233,0.0217232427028778,1.0
2022-09-07 22:00:00,3812.542,0.0193886388661423,1.0
2022-09-07 23:00:00,3814.907,0.0170384232171321,1.0
2022-09-08 09:00:00,3805.7,0.0196274010037576,1.0
2022-09-08 10:00:00,3823.187,0.0073137934398709,1.0
2022-09-08 11:00:00,3836.538,-0.0048436898057571,0.0
2022-09-08 13:00:00,3826.558,-0.0033455653880066,0.0
2022-09-08 14:00:00,3829.352,-0.0044252917987168,0.0
2022-09-08 15:00:00,3825.879,-0.0041146100020412,0.0
2022-09-08 21:00:00,3823.693,-0.0045735889361411,0.0
2022-09-08 22:00:00,3828.829,-0.0075461714273476,1.0
2022-09-08 23:00:00,3829.396,-0.00206847241706,0.0
2022-09-09 09:00:00,3847.678,-0.0077381735165988,1.0
2022-09-09 10:00:00,3853.014,-0.0014152556933351,0.0
2022-09-09 11:00:00,3853.037,-0.002747962191902,0.0
2022-09-09 13:00:00,3850.241,-0.001591328958369,0.0
2022-09-09 14:00:00,3858.636,0.0006650018296621,0.0
2022-09-09 15:00:00,3856.445,-0.0039603832026646,0.0
2022-09-13 09:00:00,3868.498,-0.0089298223755059,1.0
2022-09-13 10:00:00,3877.687,-0.025072162864099,1.0
2022-09-13 11:00:00,3887.895,-0.0233043845062688,1.0
2022-09-13 13:00:00,3886.462,-0.0233737008106601,1.0
2022-09-13 14:00:00,3879.907,-0.0224373934736065,1.0
2022-09-13 15:00:00,3880.396,-0.0227595327899524,1.0
2022-09-13 21:00:00,3851.149,-0.0164249682367522,1.0
2022-09-13 22:00:00,3817.955,-0.0058214410594153,1.0
2022-09-13 23:00:00,3813.756,-0.0114682218789036,1.0
2022-09-14 09:00:00,3812.406,-0.0126982802985831,1.0
2022-09-14 10:00:00,3810.137,-0.0155926151736801,1.0
2022-09-14 11:00:00,3806.205,-0.0100055041701642,1.0
2022-09-14 13:00:00,3799.936,-0.0075780223666925,1.0
2022-09-14 14:00:00,3821.475,-0.0077328780117624,1.0
2022-09-14 15:00:00,3817.904,-0.0052012832171788,1.0
2022-09-14 21:00:00,3847.561,-0.0125133818541149,1.0
2022-09-14 22:00:00,3842.449,-0.0112870723853458,1.0
2022-09-14 23:00:00,3844.114,-0.0131908158811106,1.0
2022-09-15 09:00:00,3861.202,-0.0181495296024399,1.0
2022-09-15 10:00:00,3841.172,-0.0129538588743226,1.0
2022-09-15 11:00:00,3833.953,-0.0191935060236784,1.0
2022-09-15 13:00:00,3780.465,-0.0051975087720691,1.0
2022-09-15 14:00:00,3797.29,-0.0145085047494396,1.0
2022-09-15 15:00:00,3795.621,-0.0144255709408288,1.0
2022-09-15 21:00:00,3792.852,-0.0136496230277373,1.0
2022-09-15 22:00:00,3792.08,-0.0078094344001181,1.0
2022-09-15 23:00:00,3787.894,-0.0061532872883982,1.0
2022-09-16 09:00:00,3795.729,-0.008495601240236,1.0
2022-09-16 10:00:00,3770.019,-0.0012458823151818,0.0
2022-09-16 11:00:00,3763.995,-0.0122439057437642,1.0
2022-09-16 13:00:00,3750.727,-0.0090958366204738,1.0
2022-09-16 14:00:00,3768.122,-0.0150329527547143,1.0
2022-09-16 15:00:00,3771.14,-0.0144240203227671,1.0
2022-09-16 21:00:00,3791.924,-0.0194444825370972,1.0
2022-09-16 22:00:00,3798.046,-0.0274467449841312,1.0
2022-09-16 23:00:00,3799.415,-0.0219396933475285,1.0
2022-09-19 09:00:00,3799.079,-0.0294776707723109,1.0
2022-09-19 10:00:00,3793.407,-0.0286280907901524,1.0
2022-09-19 11:00:00,3791.123,-0.0200484130955392,1.0
2022-09-19 13:00:00,3791.414,-0.019662584988081,1.0
2022-09-19 14:00:00,3760.366,-0.009311593605516,1.0
2022-09-19 15:00:00,3760.816,-0.0065523014154374,1.0
2022-09-19 21:00:00,3742.197,-0.0013305018415653,0.0
2022-09-19 22:00:00,3740.867,0.0119111425239122,1.0
2022-09-19 23:00:00,3741.081,0.0145169270593178,1.0
2022-09-20 09:00:00,3762.466,0.008628383618616,1.0
2022-09-20 10:00:00,3764.586,0.0073936416912776,1.0
2022-09-20 11:00:00,3763.482,0.0116684495900339,1.0
2022-09-20 13:00:00,3765.322,0.0122579157904688,1.0
2022-09-20 14:00:00,3717.909,0.0274675899813577,1.0
2022-09-20 15:00:00,3716.611,0.0289198950334054,1.0
2022-09-20 21:00:00,3711.476,0.0297614749495887,1.0
2022-09-20 22:00:00,3716.745,0.0286963458617688,1.0
2022-09-20 23:00:00,3718.192,0.0248830614449173,1.0
2022-09-21 09:00:00,3693.802,0.0329863376542651,1.0
2022-09-21 10:00:00,3716.057,0.0290770566759336,1.0
2022-09-21 11:00:00,3687.091,0.0351279640236706,1.0
2022-09-21 13:00:00,3684.809,0.0367525155306557,1.0
2022-09-21 14:00:00,3715.117,0.0202523904361557,1.0
2022-09-21 15:00:00,3716.865,0.0189078699387791,1.0
2022-09-21 21:00:00,3725.351,0.01628544531777,1.0
2022-09-21 22:00:00,3736.174,0.0237274816429856,1.0
2022-09-21 23:00:00,3737.218,0.0201047945289785,1.0
2022-09-22 09:00:00,3785.425,0.0068658076702087,1.0
2022-09-22 10:00:00,3795.39,0.0048914604296264,0.0
2022-09-22 11:00:00,3794.93,0.0046933672030841,0.0
2022-09-22 13:00:00,3792.42,0.0056254317823447,1.0
2022-09-22 14:00:00,3807.396,0.0094634232950814,1.0
2022-09-22 15:00:00,3811.477,0.0094897594816917,1.0
2022-09-22 21:00:00,3820.031,0.0081580489791837,1.0
2022-09-22 22:00:00,3824.095,0.0059512119861039,1.0
2022-09-22 23:00:00,3821.935,0.0052308581909425,1.0
2022-09-23 09:00:00,3823.402,0.00213030175744,0.0
2022-09-23 10:00:00,3810.712,0.0101587314916477,1.0
2022-09-23 11:00:00,3815.647,0.0149059910416241,1.0
2022-09-23 13:00:00,3824.109,0.0137027997894412,1.0
2022-09-23 14:00:00,3816.611,0.0194858737240972,1.0
2022-09-23 15:00:00,3820.235,0.0160042510473831,1.0
2022-09-23 21:00:00,3790.357,0.0244222377997639,1.0
2022-09-23 22:00:00,3787.143,0.0214729150708066,1.0
2022-09-23 23:00:00,3786.02,0.0238730910032171,1.0
2022-09-26 09:00:00,3824.824,0.009672601928873,1.0
2022-09-26 10:00:00,3812.354,0.0123831627388223,1.0
2022-09-26 11:00:00,3811.415,0.0139381305892956,1.0
2022-09-26 13:00:00,3813.955,0.0127869888344252,1.0
2022-09-26 14:00:00,3812.741,0.0126174319210247,1.0
2022-09-26 15:00:00,3813.754,0.0123225042831813,1.0
2022-09-26 21:00:00,3843.427,0.0051956235932151,1.0
2022-09-26 22:00:00,3847.647,0.0070055802936183,1.0
2022-09-26 23:00:00,3851.195,0.0048465476300213,0.0
2022-09-27 09:00:00,3846.853,0.00900606287789,1.0
2022-09-27 10:00:00,3841.927,0.0041960713985454,0.0
2022-09-27 11:00:00,3831.547,0.0094883346074053,1.0
2022-09-27 13:00:00,3849.424,0.0052942985755791,1.0
2022-09-27 14:00:00,3872.523,0.0002290496402473,0.0
2022-09-27 15:00:00,3876.51,-0.0026472265001251,0.0
2022-09-27 21:00:00,3890.981,-0.0087255630392438,1.0
2022-09-27 22:00:00,3881.375,-0.0061771923609545,1.0
2022-09-27 23:00:00,3882.926,-0.0045025323686312,0.0
2022-09-28 09:00:00,3868.464,-0.0018640473324812,0.0
2022-09-28 10:00:00,3876.404,-0.0037106555457067,0.0
2022-09-28 11:00:00,3861.82,-0.0079441817588598,1.0
2022-09-28 13:00:00,3859.563,-0.0082607797825816,1.0
2022-09-28 14:00:00,3864.539,0.0052433162144307,1.0
2022-09-28 15:00:00,3862.724,0.0047489802533134,0.0
2022-09-28 21:00:00,3860.848,0.0064817366547453,1.0
2022-09-28 22:00:00,3860.749,0.0034925865421451,0.0
2022-09-28 23:00:00,3863.396,0.0023681237957485,0.0
2022-09-29 09:00:00,3874.602,-0.0004942443120609,0.0
2022-09-29 10:00:00,3869.86,-0.0039482048446197,0.0
2022-09-29 11:00:00,3881.498,-0.0105647355737398,1.0
2022-09-29 13:00:00,3858.048,-0.004828866825918,0.0
2022-09-29 14:00:00,3867.902,-0.0148044081778701,1.0
2022-09-29 15:00:00,3869.804,-0.0161910008879002,1.0
2022-09-29 21:00:00,3873.41,-0.0213545687133558,1.0
2022-09-29 22:00:00,3866.248,-0.0210938356773802,1.0
2022-09-29 23:00:00,3857.03,-0.0229391526640965,1.0
2022-09-30 09:00:00,3857.399,-0.0225636497546662,1.0
2022-09-30 10:00:00,3865.443,-0.0293604122477035,1.0
2022-09-30 11:00:00,3861.253,-0.0339128257070956,1.0
2022-09-30 13:00:00,3862.02,-0.0338185716283189,1.0
2022-09-30 14:00:00,3831.141,-0.0276126616065553,1.0
2022-09-30 15:00:00,3827.68,-0.0247732307820924,1.0
2022-10-10 09:00:00,3884.802,-0.0375213460042493,1.0
2022-10-10 10:00:00,3881.068,-0.0311916719830727,1.0
2022-10-10 11:00:00,3885.873,-0.0326323068201147,1.0
2022-10-10 13:00:00,3874.233,-0.0297075575991428,1.0
2022-10-10 14:00:00,3872.545,-0.0268296430383636,1.0
2022-10-10 15:00:00,3872.687,-0.0247200457976592,1.0
2022-10-10 21:00:00,3854.581,-0.0197977419595023,1.0
2022-10-10 22:00:00,3840.491,-0.0214407480710148,1.0
2022-10-10 23:00:00,3839.418,-0.0242383090353798,1.0
2022-10-11 09:00:00,3810.64,-0.0155884575819285,1.0
2022-10-11 10:00:00,3807.148,-0.0231388430394616,1.0
2022-10-11 11:00:00,3790.695,-0.0215229661051601,1.0
2022-10-11 13:00:00,3784.694,-0.0195302447172744,1.0
2022-10-11 14:00:00,3768.553,-0.0113133608576023,1.0
2022-10-11 15:00:00,3770.362,-0.0132226030285686,1.0
2022-10-11 21:00:00,3751.952,-0.0076301615798923,1.0
2022-10-11 22:00:00,3730.307,0.0016869925183101,0.0
2022-10-11 23:00:00,3731.412,0.0072476585271206,1.0
2022-10-12 09:00:00,3725.353,0.0074841229810973,1.0
2022-10-12 10:00:00,3732.856,0.0020166864191921,0.0
2022-10-12 11:00:00,3739.039,0.0028544767786588,0.0
2022-10-12 13:00:00,3760.011,-0.0024196737722309,0.0
2022-10-12 14:00:00,3759.068,-0.0119755747967316,1.0
2022-10-12 15:00:00,3759.139,-0.0180222120012056,1.0
2022-10-12 21:00:00,3768.646,-0.0210258538477745,1.0
2022-10-12 22:00:00,3776.954,-0.0230384060806672,1.0
2022-10-12 23:00:00,3778.269,-0.0258348465924474,1.0
2022-10-13 09:00:00,3758.148,-0.0265952804413237,1.0
2022-10-13 10:00:00,3746.357,-0.0213359271420208,1.0
2022-10-13 11:00:00,3751.238,-0.0209290906095533,1.0
2022-10-13 13:00:00,3719.055,-0.0115970320417416,1.0
2022-10-13 14:00:00,3709.108,-0.006637714512492,1.0
2022-10-13 15:00:00,3710.778,-0.0102070239717923,1.0
2022-10-13 21:00:00,3725.918,-0.014034393671573,1.0
2022-10-13 22:00:00,3720.508,-0.0157067260707408,1.0
2022-10-13 23:00:00,3723.324,-0.0206111528301056,1.0
2022-10-14 09:00:00,3736.6,-0.024757533586683,1.0
2022-10-14 10:00:00,3758.456,-0.0279963367936194,1.0
2022-10-14 11:00:00,3753.234,-0.0203144807917651,1.0
2022-10-14 13:00:00,3740.384,-0.0171872727506052,1.0
2022-10-14 14:00:00,3749.712,-0.0198673924824092,1.0
2022-10-14 15:00:00,3750.913,-0.0207298862970161,1.0
2022-10-14 21:00:00,3714.051,-0.0119516398670885,1.0
2022-10-14 22:00:00,3691.391,-0.0044267865419837,0.0
2022-10-14 23:00:00,3689.407,-0.0058161108275666,1.0
2022-10-17 09:00:00,3689.939,-0.0086483814502082,1.0
2022-10-17 10:00:00,3680.658,-0.0080648623153794,1.0
2022-10-17 11:00:00,3658.199,-0.00171505158686,0.0
2022-10-17 13:00:00,3666.425,-0.0040797234363174,0.0
2022-10-17 14:00:00,3672.728,-0.0124362599136119,1.0
2022-10-17 15:00:00,3675.925,-0.0126047185402314,1.0
2022-10-17 21:00:00,3684.488,-0.0143040227027472,1.0
2022-10-17 22:00:00,3672.902,-0.0089441536964504,1.0
2022-10-17 23:00:00,3673.627,-0.0079798520644583,1.0
2022-10-18 09:00:00,3662.071,-0.0082516150014567,1.0
2022-10-18 10:00:00,3646.582,-0.001485774898247,0.0
2022-10-18 11:00:00,3644.091,-0.0110192089055953,1.0
2022-10-18 13:00:00,3653.233,-0.0145126248448976,1.0
2022-10-18 14:00:00,3676.989,-0.0105186607846801,1.0
2022-10-18 15:00:00,3676.097,-0.0075952838023589,1.0
2022-10-18 21:00:00,3675.215,-0.006704641769257,1.0
2022-10-18 22:00:00,3673.157,-0.0078706137526929,1.0
2022-10-18 23:00:00,3669.662,-0.0056272212536194,1.0
2022-10-19 09:00:00,3675.05,-0.0037085209725038,0.0
2022-10-19 10:00:00,3667.949,-0.0043975529648858,0.0
2022-10-19 11:00:00,3658.027,-0.0061071173066792,1.0
2022-10-19 13:00:00,3650.974,-0.0036439591188543,0.0
2022-10-19 14:00:00,3651.925,0.0018798305003524,0.0
2022-10-19 15:00:00,3651.467,0.0003017965108269,0.0
2022-10-19 21:00:00,3627.053,0.0068336470407242,1.0
2022-10-19 22:00:00,3629.591,0.0067784496930921,1.0
2022-10-19 23:00:00,3631.785,0.0015240439618535,0.0
2022-10-20 09:00:00,3640.051,-0.0033944579347926,0.0
2022-10-20 10:00:00,3644.312,-0.0032047201227557,0.0
2022-10-20 11:00:00,3631.853,0.0037022423539719,0.0
2022-10-20 13:00:00,3641.164,0.0006448487351846,0.0
2022-10-20 14:00:00,3603.936,0.0031559938911234,0.0
2022-10-20 15:00:00,3600.215,0.0031717550201862,0.0
2022-10-20 21:00:00,3638.312,-0.0067022839162775,1.0
2022-10-20 22:00:00,3648.176,-0.008155582406112,1.0
2022-10-20 23:00:00,3650.574,-0.0116326911877419,1.0
2022-10-21 09:00:00,3644.247,-0.0077266990958625,1.0
2022-10-21 10:00:00,3649.012,-0.0113230649830694,1.0
2022-10-21 11:00:00,3661.421,-0.0138806763822023,1.0
2022-10-21 13:00:00,3651.819,-0.011289442329973,1.0
2022-10-21 14:00:00,3635.687,-0.0055158763666949,1.0
2022-10-21 15:00:00,3637.67,-0.0043791767807415,0.0
2022-10-21 21:00:00,3658.79,-0.010174675234162,1.0
2022-10-21 22:00:00,3652.569,-0.0087341265832349,1.0
2022-10-21 23:00:00,3651.839,-0.0024697145739447,0.0
2022-10-24 09:00:00,3654.194,-0.0021334390018701,0.0
2022-10-24 10:00:00,3637.32,-0.0031308765794597,0.0
2022-10-24 11:00:00,3627.695,-0.0036761635142977,0.0
2022-10-24 13:00:00,3632.633,-0.0051425508715027,1.0
2022-10-24 14:00:00,3645.299,-0.0075543871709837,1.0
2022-10-24 15:00:00,3643.512,-0.0050588553022469,1.0
2022-10-24 21:00:00,3615.31,0.0031742782776581,0.0
2022-10-24 22:00:00,3611.634,0.0088602554965425,1.0
2022-10-24 23:00:00,3613.927,0.0081252332988463,1.0
2022-10-25 09:00:00,3618.423,0.0033782672727871,0.0
2022-10-25 10:00:00,3608.108,0.0031772884847127,0.0
2022-10-25 11:00:00,3616.089,-0.0033810008547909,0.0
2022-10-25 13:00:00,3607.694,-0.0019172912115051,0.0
2022-10-25 14:00:00,3610.598,-0.0171004913867453,1.0
2022-10-25 15:00:00,3610.592,-0.0167601324104191,1.0
2022-10-25 21:00:00,3615.633,-0.0172904716822751,1.0
2022-10-25 22:00:00,3621.74,-0.0252259963442984,1.0
2022-10-25 23:00:00,3621.563,-0.0262825746783916,1.0
2022-10-26 09:00:00,3620.667,-0.0247810693444052,1.0
2022-10-26 10:00:00,3642.82,-0.0336423430199681,1.0
2022-10-26 11:00:00,3646.398,-0.034059090642327,1.0
2022-10-26 13:00:00,3625.932,-0.0298144035795485,1.0
2022-10-26 14:00:00,3614.359,-0.0284628616028457,1.0
2022-10-26 15:00:00,3613.952,-0.0418267868527308,1.0
2022-10-26 21:00:00,3617.761,-0.0444846964738687,1.0
2022-10-26 22:00:00,3625.08,-0.0419091440740618,1.0
2022-10-26 23:00:00,3626.786,-0.040353635422658,1.0
2022-10-27 09:00:00,3643.634,-0.0454963368988213,1.0
2022-10-27 10:00:00,3643.291,-0.0486000157549864,1.0
2022-10-27 11:00:00,3630.647,-0.0512321908464248,1.0
2022-10-27 13:00:00,3619.572,-0.0481863601552891,1.0
2022-10-27 14:00:00,3603.863,-0.0348814591453669,1.0
2022-10-27 15:00:00,3600.777,-0.0348741396648556,1.0
2022-10-27 21:00:00,3548.855,-0.0199117743610263,1.0
2022-10-27 22:00:00,3550.078,-0.0181573475287021,1.0
2022-10-27 23:00:00,3553.117,-0.0122925870439954,1.0
2022-10-28 09:00:00,3530.378,-0.0099014893022787,1.0
2022-10-28 10:00:00,3526.379,-0.0059502963237926,1.0
2022-10-28 11:00:00,3530.943,0.0014857220861394,0.0
2022-10-28 13:00:00,3520.267,0.0054916289020123,1.0
2022-10-28 14:00:00,3522.205,0.0025637349330888,0.0
2022-10-28 15:00:00,3517.827,0.0041582488280406,0.0
2022-10-28 21:00:00,3511.484,0.0062708530068768,1.0
2022-10-28 22:00:00,3462.792,0.0195596501320322,1.0
2022-10-28 23:00:00,3456.826,0.0244773673884656,1.0
2022-10-31 09:00:00,3473.156,0.0233182730634615,1.0
2022-10-31 10:00:00,3480.432,0.0233364708748799,1.0
2022-10-31 11:00:00,3477.862,0.0203323191086937,1.0
2022-10-31 13:00:00,3466.227,0.0249343161887551,1.0
2022-10-31 14:00:00,3444.641,0.027332311262625,1.0
2022-10-31 15:00:00,3445.158,0.0313297677494037,1.0
2022-10-31 21:00:00,3478.155,0.0219763064038261,1.0
2022-10-31 22:00:00,3475.203,0.0189045071611644,1.0
2022-10-31 23:00:00,3478.191,0.0212679522199902,1.0
2022-11-01 09:00:00,3485.618,0.0236497516365821,1.0
2022-11-01 10:00:00,3509.44,0.0191392358894866,1.0
2022-11-01 11:00:00,3495.422,0.0185591324881516,1.0
2022-11-01 13:00:00,3505.396,0.0159648153874768,1.0
2022-11-01 14:00:00,3536.189,0.0055226120549552,1.0
2022-11-01 15:00:00,3539.599,0.0094095404592441,1.0
2022-11-01 21:00:00,3531.235,0.0114727566984355,1.0
2022-11-01 22:00:00,3532.455,0.0166518752538956,1.0
2022-11-01 23:00:00,3533.504,0.0171894527358678,1.0
2022-11-02 09:00:00,3530.523,0.0247643196206341,1.0
2022-11-02 10:00:00,3541.44,0.0258462659257251,1.0
2022-11-02 11:00:00,3554.144,0.0201871392942998,1.0
2022-11-02 13:00:00,3561.653,0.0175505586872163,1.0
2022-11-02 14:00:00,3548.575,0.0265624933952361,1.0
2022-11-02 15:00:00,3552.655,0.0314871553809755,1.0
2022-11-02 21:00:00,3538.791,0.0335592014334839,1.0
2022-11-02 22:00:00,3553.094,0.0143007756057115,1.0
2022-11-02 23:00:00,3554.592,0.0115369077520007,1.0
2022-11-03 09:00:00,3540.9,0.0149504363297467,1.0
2022-11-03 10:00:00,3552.165,0.0098095105379396,1.0
2022-11-03 11:00:00,3568.052,0.0098902706574903,1.0
2022-11-03 13:00:00,3576.608,0.0076516632518855,1.0
2022-11-03 14:00:00,3560.294,0.0134643374957237,1.0
2022-11-03 15:00:00,3561.359,0.0082505021257335,1.0
2022-11-03 21:00:00,3555.718,0.0102510941531359,1.0
2022-11-03 22:00:00,3572.905,0.0066657243895373,1.0
2022-11-03 23:00:00,3571.748,0.0074011380422134,1.0
2022-11-04 09:00:00,3591.277,0.0038640851151275,0.0
2022-11-04 10:00:00,3594.243,0.001192740724542,0.0
2022-11-04 11:00:00,3617.954,0.0024511091075231,0.0
2022-11-04 13:00:00,3632.973,-0.0011937881178858,0.0
2022-11-04 14:00:00,3625.892,0.0076386720840003,1.0
2022-11-04 15:00:00,3624.162,0.0102095325760824,1.0
2022-11-04 21:00:00,3642.834,0.0055712118641695,1.0
2022-11-04 22:00:00,3664.518,-0.0050126646942381,1.0
2022-11-04 23:00:00,3657.55,-0.0010433213489905,0.0
2022-11-07 09:00:00,3603.906,0.0153810892958918,1.0
2022-11-07 10:00:00,3595.601,0.0186625267931564,1.0
2022-11-07 11:00:00,3593.838,0.0204402646975183,1.0
2022-11-07 13:00:00,3587.01,0.023144624631657,1.0
2022-11-07 14:00:00,3603.341,0.0066219100551405,1.0
2022-11-07 15:00:00,3603.975,0.0085877399260539,1.0
2022-11-07 21:00:00,3608.231,0.006989297525574,1.0
2022-11-07 22:00:00,3590.742,0.0104513217602377,1.0
2022-11-07 23:00:00,3592.168,0.0141658185251914,1.0
2022-11-08 09:00:00,3596.721,0.0147937524206075,1.0
2022-11-08 10:00:00,3598.183,0.0064076785421975,1.0
2022-11-08 11:00:00,3605.154,0.0035119165505828,0.0
2022-11-08 13:00:00,3598.53,0.0049650829644326,0.0
2022-11-08 14:00:00,3626.822,0.0094118211481014,1.0
2022-11-08 15:00:00,3628.636,0.0083687093442274,1.0
2022-11-08 21:00:00,3653.589,0.0024255601820566,0.0
2022-11-08 22:00:00,3661.163,0.0091981700896682,1.0
2022-11-08 23:00:00,3663.129,0.0095511241891836,1.0
2022-11-09 09:00:00,3646.149,0.0162810132005028,1.0
2022-11-09 10:00:00,3653.734,0.0189477394906142,1.0
2022-11-09 11:00:00,3659.338,0.0124716547091304,1.0
2022-11-09 13:00:00,3662.704,0.0118568139822382,1.0
2022-11-09 14:00:00,3667.297,0.0156180423892583,1.0
2022-11-09 15:00:00,3670.03,0.0118729274692576,1.0
2022-11-09 21:00:00,3627.202,0.0231368421168712,1.0
2022-11-09 22:00:00,3634.925,0.027653940590246,1.0
2022-11-09 23:00:00,3633.45,0.0306491075974624,1.0
2022-11-10 09:00:00,3628.27,0.0286442298946881,1.0
2022-11-10 10:00:00,3643.054,0.0201841641655599,1.0
2022-11-10 11:00:00,3649.93,0.022655776960106,1.0
2022-11-10 13:00:00,3621.239,0.0315030297641221,1.0
2022-11-10 14:00:00,3617.815,0.0359150481713409,1.0
2022-11-10 15:00:00,3616.397,0.0377085259168172,1.0
2022-11-10 21:00:00,3660.957,0.0248910325906586,1.0
2022-11-10 22:00:00,3659.003,0.0238898410304665,1.0
2022-11-10 23:00:00,3662.451,0.0255211605561411,1.0
2022-11-11 09:00:00,3694.839,0.0172402640548073,1.0
2022-11-11 10:00:00,3698.116,0.0132505308108236,1.0
2022-11-11 11:00:00,3705.512,0.0147534267869055,1.0
2022-11-11 13:00:00,3722.964,0.0105131287866334,1.0
2022-11-11 14:00:00,3704.976,0.018468135825981,1.0
2022-11-11 15:00:00,3706.132,0.0185600512879735,1.0
2022-11-11 21:00:00,3724.573,0.0136364624884516,1.0
2022-11-11 22:00:00,3713.604,0.0178495068402554,1.0
2022-11-11 23:00:00,3711.124,0.0228599206062638,1.0
2022-11-14 09:00:00,3735.445,0.0175087573234245,1.0
2022-11-14 10:00:00,3744.812,0.0140712003700052,1.0
2022-11-14 11:00:00,3732.199,0.0163536295894189,1.0
2022-11-14 13:00:00,3716.586,0.0203251048139341,1.0
2022-11-14 14:00:00,3732.622,0.0052692182599792,1.0
2022-11-14 15:00:00,3735.319,0.0006802631850185,0.0
2022-11-14 21:00:00,3747.749,-0.0020134752887666,0.0
2022-11-14 22:00:00,3752.766,-0.0007341251759369,0.0
2022-11-14 23:00:00,3752.082,0.0010820659036769,0.0
2022-11-15 09:00:00,3746.416,-0.0004556354660027,0.0
2022-11-15 10:00:00,3755.921,-0.0023323174262716,0.0
2022-11-15 11:00:00,3758.539,0.005167699470459,1.0
2022-11-15 13:00:00,3747.118,0.0088532039823672,1.0
2022-11-15 14:00:00,3760.181,0.0029799097437064,0.0
2022-11-15 15:00:00,3762.104,0.0061789892039135,1.0
2022-11-15 21:00:00,3773.4,0.0032617798272115,0.0
2022-11-15 22:00:00,3774.918,-0.0045563903639761,0.0
2022-11-15 23:00:00,3775.363,-0.0017894967980562,0.0
2022-11-16 09:00:00,3779.89,-0.0008912957784484,0.0
2022-11-16 10:00:00,3795.96,-0.0045092677478161,0.0
2022-11-16 11:00:00,3800.848,-0.004137497737347,0.0
2022-11-16 13:00:00,3797.506,-0.0034633256668982,0.0
2022-11-16 14:00:00,3793.234,-0.0081202477885625,1.0
2022-11-16 15:00:00,3792.126,-0.0059014389289808,1.0
2022-11-16 21:00:00,3752.29,0.0037076025573717,0.0
2022-11-16 22:00:00,3737.86,-0.0052160862097564,1.0
2022-11-16 23:00:00,3740.203,-0.0060480674444676,1.0
2022-11-17 09:00:00,3750.011,-0.0072394454309601,1.0
2022-11-17 10:00:00,3756.142,-0.0061249015612295,1.0
2022-11-17 11:00:00,3744.709,-0.0024375725857469,0.0
2022-11-17 13:00:00,3747.161,-0.0032576662705445,0.0
2022-11-17 14:00:00,3777.962,-0.0037496406792869,0.0
2022-11-17 15:00:00,3780.292,-0.0091768043315171,1.0
2022-11-17 21:00:00,3771.386,-0.0070000790160434,1.0
2022-11-17 22:00:00,3785.35,-0.0090736655791405,1.0
2022-11-17 23:00:00,3785.708,-0.006706011134509,1.0
2022-11-18 09:00:00,3757.718,0.0020262297490125,0.0
2022-11-18 10:00:00,3768.607,-0.0067178668404532,1.0
2022-11-18 11:00:00,3776.521,-0.0136345064677251,1.0
2022-11-18 13:00:00,3778.843,-0.0138489479451778,1.0
2022-11-18 14:00:00,3785.122,-0.0135298148910391,1.0
2022-11-18 15:00:00,3784.354,-0.0104252931940299,1.0
2022-11-18 21:00:00,3762.432,-0.0048051366775531,0.0
2022-11-18 22:00:00,3769.747,-0.0072278060039572,1.0
2022-11-18 23:00:00,3766.202,-0.0087645325449882,1.0
2022-11-21 09:00:00,3718.363,0.0022819181451623,0.0
2022-11-21 10:00:00,3717.582,0.0072512186684786,1.0
2022-11-21 11:00:00,3722.863,0.0049574749325989,0.0
2022-11-21 13:00:00,3733.136,0.0025737074673947,0.0
2022-11-21 14:00:00,3735.581,0.0044820337184496,0.0
2022-11-21 15:00:00,3734.954,0.0106622464426603,1.0
2022-11-21 21:00:00,3763.796,0.0039773675300149,0.0
2022-11-21 22:00:00,3745.601,0.0073510232403291,1.0
2022-11-21 23:00:00,3744.986,0.0101346173256722,1.0
2022-11-22 09:00:00,3751.003,0.0053340399887709,1.0
2022-11-22 10:00:00,3760.321,-0.000930239732193,0.0
2022-11-22 11:00:00,3765.332,-0.0023065695136577,0.0
2022-11-22 13:00:00,3743.29,0.003738422617537,0.0
2022-11-22 14:00:00,3725.03,0.0053245208763418,1.0
2022-11-22 15:00:00,3726.51,0.0062924827787929,1.0
2022-11-22 21:00:00,3733.91,0.0041945306662453,0.0
2022-11-22 22:00:00,3744.901,0.0032660409447406,0.0
2022-11-22 23:00:00,3744.353,0.0041366292120427,0.0
2022-11-23 09:00:00,3742.5,0.0048066800267201,0.0
2022-11-23 10:00:00,3733.193,0.0132259435823435,1.0
2022-11-23 11:00:00,3726.848,0.0194343853036131,1.0
2022-11-23 13:00:00,3744.539,0.0150058525228338,1.0
2022-11-23 14:00:00,3741.319,0.0181008355609345,1.0
2022-11-23 15:00:00,3742.744,0.0201314864174519,1.0
2022-11-23 21:00:00,3752.324,0.0172282564085616,1.0
2022-11-23 22:00:00,3774.777,0.0018316313784893,0.0
2022-11-23 23:00:00,3778.766,0.0051355389563682,1.0
2022-11-24 09:00:00,3773.135,0.0060906911626538,1.0
2022-11-24 10:00:00,3782.94,0.0009717309817231,0.0
2022-11-24 11:00:00,3771.011,0.007831056446136,1.0
2022-11-24 13:00:00,3756.823,0.0127456097878447,1.0
2022-11-24 14:00:00,3756.647,0.0210230026936254,1.0
2022-11-24 15:00:00,3757.284,0.0219887557075802,1.0
2022-11-24 21:00:00,3744.864,0.0251838251001905,1.0
2022-11-24 22:00:00,3749.959,0.0252373425949457,1.0
2022-11-24 23:00:00,3749.572,0.022901013769038,1.0
2022-11-25 09:00:00,3757.132,0.0231008652344394,1.0
2022-11-25 10:00:00,3759.842,0.0232169330519739,1.0
2022-11-25 11:00:00,3760.489,0.0227382662201644,1.0
2022-11-25 13:00:00,3782.568,0.0166122591847654,1.0
2022-11-25 14:00:00,3799.277,0.0100516493006432,1.0
2022-11-25 15:00:00,3800.729,0.0118403600993389,1.0
2022-11-25 21:00:00,3809.04,0.0097861928464914,1.0
2022-11-25 22:00:00,3818.091,0.0065270838227795,1.0
2022-11-25 23:00:00,3816.97,0.0074205456160252,1.0
2022-11-28 09:00:00,3781.691,0.0166679403473209,1.0
2022-11-28 10:00:00,3798.172,0.0057009003278418,1.0
2022-11-28 11:00:00,3796.116,0.0092481367798033,1.0
2022-11-28 13:00:00,3786.616,0.0124879311765438,1.0
2022-11-28 14:00:00,3800.542,0.0163958193331372,1.0
2022-11-28 15:00:00,3804.706,0.0159754787886369,1.0
2022-11-28 21:00:00,3835.623,0.0085488068040054,1.0
2022-11-28 22:00:00,3839.902,0.0061243750491548,1.0
2022-11-28 23:00:00,3839.174,0.0030496143180799,0.0
2022-11-29 09:00:00,3844.598,-0.0009519850970114,0.0
2022-11-29 10:00:00,3835.441,0.0054105903336801,1.0
2022-11-29 11:00:00,3843.925,0.0017731875621922,0.0
2022-11-29 13:00:00,3847.134,0.0002877466706384,0.0
2022-11-29 14:00:00,3845.996,-0.000903277070491,0.0
2022-11-29 15:00:00,3845.405,0.001639099132601,0.0
2022-11-29 21:00:00,3837.466,0.0039758006976478,0.0
2022-11-29 22:00:00,3845.731,0.0076695431895782,1.0
2022-11-29 23:00:00,3846.316,0.0133909954356325,1.0
2022-11-30 09:00:00,3843.012,0.0132825502496478,1.0
2022-11-30 10:00:00,3845.294,0.0150108158179842,1.0
2022-11-30 11:00:00,3844.724,0.0142397737782998,1.0
2022-11-30 13:00:00,3819.825,0.0208823702656536,1.0
2022-11-30 14:00:00,3831.223,0.017985118590069,1.0
2022-11-30 15:00:00,3833.903,0.0224129301132553,1.0
2022-11-30 21:00:00,3862.855,0.014645385343224,1.0
2022-11-30 22:00:00,3865.488,0.0269952978770081,1.0
2022-11-30 23:00:00,3868.413,0.0216716777655333,1.0
2022-12-01 09:00:00,3863.419,0.0204039479021043,1.0
2022-12-01 10:00:00,3850.882,0.0213886065581858,1.0
2022-12-01 11:00:00,3840.938,0.0210151791046874,1.0
2022-12-01 13:00:00,3856.193,0.0178598425960525,1.0
2022-12-01 14:00:00,3850.741,0.0166697786218288,1.0
2022-12-01 15:00:00,3848.241,0.0183283739246061,1.0
2022-12-01 21:00:00,3842.522,0.0197146561555145,1.0
2022-12-01 22:00:00,3851.708,0.0177035746219598,1.0
2022-12-01 23:00:00,3852.723,0.0178904634462431,1.0
2022-12-02 09:00:00,3875.226,0.0109224597481539,1.0
2022-12-02 10:00:00,3897.822,0.0071065328278202,1.0
2022-12-02 11:00:00,3894.057,0.0082007017360044,1.0
2022-12-02 13:00:00,3903.015,0.00568355489282,1.0
2022-12-02 14:00:00,3899.472,0.0043375103090879,0.0
2022-12-02 15:00:00,3899.592,0.0083567716827811,1.0
2022-12-02 21:00:00,3900.128,0.0083097272704894,1.0
2022-12-02 22:00:00,3919.832,0.001891917816886,0.0
2022-12-02 23:00:00,3919.428,0.0072957074348604,1.0
2022-12-05 09:00:00,3969.838,-0.0089215227422379,1.0
2022-12-05 10:00:00,3952.248,-0.0075815080430175,1.0
2022-12-05 11:00:00,3942.248,-0.0067344824577246,1.0
2022-12-05 13:00:00,3933.247,-0.0052493525069745,1.0
2022-12-05 14:00:00,3921.656,-0.000684404751462,0.0
2022-12-05 15:00:00,3925.064,0.0037275825311384,0.0
2022-12-05 21:00:00,3914.932,0.0061464669118135,1.0
2022-12-05 22:00:00,3918.773,0.0069082848126185,1.0
2022-12-05 23:00:00,3918.276,0.0068833844272327,1.0
2022-12-06 09:00:00,3919.897,0.0054200403735098,1.0
2022-12-06 10:00:00,3921.65,0.0059620312878507,1.0
2022-12-06 11:00:00,3917.553,0.0082985475882522,1.0
2022-12-06 13:00:00,3925.522,0.0058779443854855,1.0
2022-12-06 14:00:00,3925.991,0.0138986564156667,1.0
2022-12-06 15:00:00,3925.198,0.0187170175873931,1.0
2022-12-06 21:00:00,3916.386,0.0211521540522308,1.0
2022-12-06 22:00:00,3932.18,0.021693564384133,1.0
2022-12-06 23:00:00,3932.537,0.0241147127159897,1.0
2022-12-07 09:00:00,3927.248,0.025280043429903,1.0
2022-12-07 10:00:00,3948.023,0.0230571098496639,1.0
2022-12-07 11:00:00,3934.421,0.0262671432467445,1.0
2022-12-07 13:00:00,3922.284,0.0290409873430887,1.0
2022-12-07 14:00:00,3915.699,0.0370419176754903,1.0
2022-12-07 15:00:00,3912.6,0.0414468639779174,1.0
2022-12-07 21:00:00,3918.972,0.0395774708265329,1.0
2022-12-07 22:00:00,3939.695,0.0290273739464603,1.0
2022-12-07 23:00:00,3938.995,0.0241211273433959,1.0
2022-12-08 09:00:00,3945.845,0.0252718999352483,1.0
2022-12-08 10:00:00,3945.247,0.0242053285890592,1.0
2022-12-08 11:00:00,3941.143,0.0256773225432317,1.0
2022-12-08 13:00:00,3945.031,0.0247762311626955,1.0
2022-12-08 14:00:00,3950.063,0.0249664372441653,1.0
2022-12-08 15:00:00,3948.596,0.0236408080239153,1.0
2022-12-08 21:00:00,3980.557,0.0159043068595676,1.0
2022-12-08 22:00:00,3998.666,0.0063041024181563,1.0
2022-12-08 23:00:00,3999.226,0.0038097371841451,0.0
2022-12-09 09:00:00,4017.483,-0.0023315593370277,0.0
2022-12-09 10:00:00,4027.369,-0.0017500258853857,0.0
2022-12-09 11:00:00,4026.529,0.0023658093608663,0.0
2022-12-09 13:00:00,4039.053,-0.0003322561006255,0.0
2022-12-09 14:00:00,4037.767,0.0037399384362693,0.0
2022-12-09 15:00:00,4036.191,0.002296472094606,0.0
2022-12-09 21:00:00,4060.744,-0.0049862783765733,0.0
2022-12-09 22:00:00,4074.765,-0.0100329712265615,1.0
2022-12-09 23:00:00,4074.075,-0.0087671434620128,1.0
2022-12-12 09:00:00,4054.054,-0.0017789600237194,0.0
2022-12-12 10:00:00,4034.008,0.0033153132071131,0.0
2022-12-12 11:00:00,4045.564,0.0060473644713073,1.0
2022-12-12 13:00:00,4040.743,0.0077230845911259,1.0
2022-12-12 14:00:00,4042.341,0.0175091611519166,1.0
2022-12-12 15:00:00,4042.774,0.0164839785751071,1.0
2022-12-12 21:00:00,4048.682,0.0143575119014039,1.0
2022-12-12 22:00:00,4041.944,0.0133391259255447,1.0
2022-12-12 23:00:00,4043.865,0.0156184739104793,1.0
2022-12-13 09:00:00,4023.874,0.02055034526429,1.0
2022-12-13 10:00:00,4014.462,0.0262299157396434,1.0
2022-12-13 11:00:00,4008.116,0.0338650378382261,1.0
2022-12-13 13:00:00,4020.321,0.0325782443740189,1.0
2022-12-13 14:00:00,4036.055,0.039211309062934,1.0
2022-12-13 15:00:00,4037.711,0.0400593306455068,1.0
2022-12-13 21:00:00,4052.868,0.036129970184077,1.0
2022-12-13 22:00:00,4045.46,0.0230060363963553,1.0
2022-12-13 23:00:00,4040.496,0.02265662433523,1.0
2022-12-14 09:00:00,4033.883,0.0059270434963037,1.0
2022-12-14 10:00:00,4038.357,0.0113518938518808,1.0
2022-12-14 11:00:00,4046.842,0.0147235795220076,1.0
2022-12-14 13:00:00,4047.382,0.0151651116697164,1.0
2022-12-14 14:00:00,4070.029,-0.0138996552604416,1.0
2022-12-14 15:00:00,4071.95,-0.0139299352889892,1.0
2022-12-14 21:00:00,4113.119,-0.0249095637641409,1.0
2022-12-14 22:00:00,4109.415,-0.0179147153548619,1.0
2022-12-14 23:00:00,4106.811,-0.0248328934543127,1.0
2022-12-15 09:00:00,4095.86,-0.0209079411893961,1.0
2022-12-15 10:00:00,4107.024,-0.0228391652934096,1.0
2022-12-15 11:00:00,4106.566,-0.0275354152350163,1.0
2022-12-15 13:00:00,4119.761,-0.0321227372170377,1.0
2022-12-15 14:00:00,4143.851,-0.038067729751866,1.0
2022-12-15 15:00:00,4151.296,-0.0411404053095708,1.0
2022-12-15 21:00:00,4194.314,-0.0504506815655671,1.0
2022-12-15 22:00:00,4199.459,-0.0429910138424972,1.0
2022-12-15 23:00:00,4199.298,-0.0437094485792625,1.0
2022-12-16 09:00:00,4138.53,-0.0331888375824265,1.0
2022-12-16 10:00:00,4132.04,-0.0391559617041461,1.0
2022-12-16 11:00:00,4057.792,-0.0141261553081084,1.0
2022-12-16 13:00:00,4084.2,-0.0200039175358698,1.0
2022-12-16 14:00:00,4106.426,-0.0259573653585868,1.0
2022-12-16 15:00:00,4108.761,-0.026185022686888,1.0
2022-12-16 21:00:00,4013.457,-0.0036397549543946,0.0
2022-12-16 22:00:00,4015.228,0.0032727904866174,0.0
2022-12-16 23:00:00,4010.663,0.0072711170198044,1.0
2022-12-19 09:00:00,4035.796,-0.0036364573432353,0.0
2022-12-19 10:00:00,4004.827,0.0083354412063241,1.0
2022-12-19 11:00:00,4010.224,0.0152278276724691,1.0
2022-12-19 13:00:00,4013.223,0.0145725767045589,1.0
2022-12-19 14:00:00,3993.49,0.0231571883239973,1.0
2022-12-19 15:00:00,3987.423,0.0207434726639235,1.0
2022-12-19 21:00:00,3986.104,0.0206856118154469,1.0
2022-12-19 22:00:00,3980.51,0.0198366540970879,1.0
2022-12-19 23:00:00,3982.708,0.0132590689550928,1.0
2022-12-20 09:00:00,4018.92,0.0025444646820539,0.0
2022-12-20 10:00:00,4015.749,0.0067695964065484,1.0
2022-12-20 11:00:00,4001.177,0.0066817838850917,1.0
2022-12-20 13:00:00,3970.246,0.0150502009195399,1.0
2022-12-20 14:00:00,4000.471,0.0044259788409915,0.0
2022-12-20 15:00:00,4002.5,0.0025748906933166,0.0
2022-12-20 21:00:00,3999.834,0.003425142143399,0.0
2022-12-20 22:00:00,4001.173,0.0083478020070615,1.0
2022-12-20 23:00:00,3998.849,0.0122890361701579,1.0
2022-12-21 09:00:00,4028.369,0.0066304750135849,1.0
2022-12-21 10:00:00,4039.825,0.000383679986138,0.0
2022-12-21 11:00:00,4021.12,0.0069821343307337,1.0
2022-12-21 13:00:00,4038.209,0.0027551818145123,0.0
2022-12-21 14:00:00,4071.291,-0.0064198309577969,1.0
2022-12-21 15:00:00,4071.706,-0.0078156428779485,1.0
2022-12-21 21:00:00,4085.968,-0.0166966554804148,1.0
2022-12-21 22:00:00,4070.136,-0.0170505359034686,1.0
2022-12-21 23:00:00,4068.559,-0.007325443725899,1.0
2022-12-22 09:00:00,4059.47,-0.0010846243475132,0.0
2022-12-22 10:00:00,4035.515,0.0041035654681,0.0
2022-12-22 11:00:00,4029.146,0.0053405858214122,1.0
2022-12-22 13:00:00,4042.934,0.0018677030097448,0.0
2022-12-22 14:00:00,4027.912,0.005946008750936,1.0
2022-12-22 15:00:00,4029.999,0.0062109196553151,1.0
2022-12-22 21:00:00,4018.177,0.0106304426111641,1.0
2022-12-22 22:00:00,4012.806,0.0194198274225068,1.0
2022-12-22 23:00:00,4013.534,0.0202940849635259,1.0
2022-12-23 09:00:00,4034.574,0.0131595058115181,1.0
2022-12-23 10:00:00,4047.991,0.0102124732984831,1.0
2022-12-23 11:00:00,4055.079,0.0089976052254468,1.0
2022-12-23 13:00:00,4041.375,0.0126622745971358,1.0
2022-12-23 14:00:00,4049.196,0.010145470853967,1.0
2022-12-23 15:00:00,4049.335,0.0029372724163349,0.0
2022-12-23 21:00:00,4045.154,0.0041508926483392,0.0
2022-12-23 22:00:00,4039.883,0.00533753081463,1.0
2022-12-23 23:00:00,4017.746,0.0123071493319886,1.0
2022-12-26 09:00:00,4000.738,0.0197428574428018,1.0
2022-12-26 10:00:00,4038.755,0.0071997434853067,1.0
2022-12-26 11:00:00,4055.067,0.0055010188487637,1.0
2022-12-26 13:00:00,4052.075,0.0059764441674944,1.0
2022-12-26 14:00:00,4050.664,0.0001143022477301,0.0
2022-12-26 15:00:00,4050.485,0.001549690962934,0.0
2022-12-26 21:00:00,4051.862,0.0017308091934029,0.0
2022-12-26 22:00:00,4055.029,0.0015412960055279,0.0
2022-12-26 23:00:00,4060.892,0.0025578124215074,0.0
2022-12-27 09:00:00,4090.734,-0.0005260669601103,0.0
2022-12-27 10:00:00,4094.985,-0.0022803502332731,0.0
2022-12-27 11:00:00,4087.667,-0.0001360189076067,0.0
2022-12-27 13:00:00,4089.331,-0.0004778287695469,0.0
2022-12-27 14:00:00,4091.565,0.0081604471638602,1.0
2022-12-27 15:00:00,4092.548,0.0090889587611434,1.0
2022-12-27 21:00:00,4090.277,0.0099922327998813,1.0
2022-12-27 22:00:00,4061.229,0.0183727635156748,1.0
2022-12-27 23:00:00,4061.945,0.0190391548876215,1.0
2022-12-28 09:00:00,4061.446,0.0220034933371021,1.0
2022-12-28 10:00:00,4067.193,0.0217852951654862,1.0
2022-12-28 11:00:00,4079.724,0.0136818078870041,1.0
2022-12-28 13:00:00,4067.833,0.0178842150107931,1.0
2022-12-28 14:00:00,4077.374,-0.0014710448440588,0.0
2022-12-28 15:00:00,4076.292,0.0003186719695252,0.0
2022-12-28 21:00:00,4051.127,0.0095921455930658,1.0
2022-12-28 22:00:00,4056.762,0.0082952857475987,1.0
2022-12-28 23:00:00,4058.875,0.0080184780265467,1.0
2022-12-29 09:00:00,4061.279,0.0085034788301911,1.0
2022-12-29 10:00:00,4071.279,0.0076558251104874,1.0
2022-12-29 11:00:00,4088.582,0.0024536624189021,0.0
2022-12-29 13:00:00,4085.647,0.0017830713226081,0.0
2022-12-29 14:00:00,4087.111,0.0024523434768471,0.0
2022-12-29 15:00:00,4087.377,-0.0020915614096766,0.0
2022-12-29 21:00:00,4124.954,-0.013977367990043,1.0
2022-12-29 22:00:00,4129.745,-0.0144236508549558,1.0
2022-12-29 23:00:00,4131.148,-0.0130080064911739,1.0
2022-12-30 09:00:00,4135.845,-0.0144420305886706,1.0
2022-12-30 10:00:00,4139.281,-0.0167806921057062,1.0
2022-12-30 11:00:00,4150.812,-0.0237370422943751,1.0
2022-12-30 13:00:00,4155.798,-0.0257692987002736,1.0
2022-12-30 14:00:00,4135.542,-0.0191914385103573,1.0
2022-12-30 15:00:00,4140.583,-0.0227330305901366,1.0
2023-01-03 09:00:00,4071.376,-0.0098325480132515,1.0
2023-01-03 10:00:00,4077.591,-0.0020306107208888,0.0
2023-01-03 11:00:00,4089.986,-0.0053733680261985,1.0
2023-01-03 13:00:00,4090.414,-0.005310220432455,1.0
2023-01-03 14:00:00,4091.421,0.0015422514573787,0.0
2023-01-03 15:00:00,4095.814,0.0004250681305353,0.0
2023-01-03 21:00:00,4102.448,0.0001823301599434,0.0
2023-01-03 22:00:00,4098.614,0.0047520942445423,0.0
2023-01-03 23:00:00,4092.932,0.0125066822512566,1.0
2023-01-04 09:00:00,4097.134,0.0133647081105962,1.0
2023-01-04 10:00:00,4078.828,0.0146000272627332,1.0
2023-01-04 11:00:00,4067.298,0.0210795963315203,1.0
2023-01-04 13:00:00,4070.179,0.0218272955562888,1.0
2023-01-04 14:00:00,4077.41,0.0253347100242556,1.0
2023-01-04 15:00:00,4076.115,0.0189005952972377,1.0
2023-01-04 21:00:00,4069.821,0.0182597711299834,1.0
2023-01-04 22:00:00,4052.284,0.0260852891850619,1.0
2023-01-04 23:00:00,4048.706,0.0248417642575183,1.0
2023-01-05 09:00:00,4056.175,0.0222295635666605,1.0
2023-01-05 10:00:00,4046.455,0.0252035423599174,1.0
2023-01-05 11:00:00,4031.344,0.0268682107009472,1.0
2023-01-05 13:00:00,4069.311,0.017545967855492,1.0
2023-01-05 14:00:00,4068.009,0.018914412431241,1.0
2023-01-05 15:00:00,4068.693,0.0194121306276978,1.0
2023-01-05 21:00:00,4097.731,0.0133625169636563,1.0
2023-01-05 22:00:00,4097.555,0.0121579820161045,1.0
2023-01-05 23:00:00,4103.196,0.0111008589402017,1.0
2023-01-06 09:00:00,4118.091,0.0083594558740929,1.0
2023-01-06 10:00:00,4144.121,0.0013457618636135,0.0
2023-01-06 11:00:00,4151.891,0.0017719636666762,0.0
2023-01-06 13:00:00,4138.379,0.0053235820112174,1.0
2023-01-06 14:00:00,4153.035,-0.0016407278050871,0.0
2023-01-06 15:00:00,4159.02,0.000390717043919,0.0
2023-01-06 21:00:00,4180.71,-0.0061594800883104,1.0
2023-01-06 22:00:00,4153.156,0.0068273380532781,1.0
2023-01-06 23:00:00,4144.135,0.0087036257264783,1.0
2023-01-09 09:00:00,4157.989,0.0072891005724161,1.0
2023-01-09 10:00:00,4149.283,0.0088675561536776,1.0
2023-01-09 11:00:00,4146.342,0.0099338163615061,1.0
2023-01-09 13:00:00,4148.44,0.0097099150524052,1.0
2023-01-09 14:00:00,4139.659,0.0073213759877323,1.0
2023-01-09 15:00:00,4140.711,0.0006576165301079,0.0
2023-01-09 21:00:00,4144.953,-0.0003987982493408,0.0
2023-01-09 22:00:00,4147.675,-0.0005219791811074,0.0
2023-01-09 23:00:00,4152.487,-0.0017396803409619,0.0
2023-01-10 09:00:00,4147.373,0.0020842108968738,0.0
2023-01-10 10:00:00,4148.745,0.0063746988547139,1.0
2023-01-10 11:00:00,4152.516,0.0062745092372913,1.0
2023-01-10 13:00:00,4149.698,0.0065754182593528,1.0
2023-01-10 14:00:00,4159.248,0.0065071859143769,1.0
2023-01-10 15:00:00,4160.41,0.0017661720840013,0.0
2023-01-10 21:00:00,4146.221,0.0051931626413546,1.0
2023-01-10 22:00:00,4160.645,0.0088906888234877,1.0
2023-01-10 23:00:00,4154.959,0.0105103323522566,1.0
2023-01-11 09:00:00,4181.511,0.0028664279491312,0.0
2023-01-11 10:00:00,4180.204,0.0053734219669663,1.0
2023-01-11 11:00:00,4188.297,0.001844425073007,0.0
2023-01-11 13:00:00,4186.077,0.0023957992172622,0.0
2023-01-11 14:00:00,4187.531,-0.0051259322020541,1.0
2023-01-11 15:00:00,4188.721,-0.0045536573097133,0.0
2023-01-11 21:00:00,4169.967,0.0007693106444248,0.0
2023-01-11 22:00:00,4143.434,-0.000563783566964,0.0
2023-01-11 23:00:00,4143.3,-0.0035918229430648,0.0
2023-01-12 09:00:00,4145.51,-0.0045839956965489,0.0
2023-01-12 10:00:00,4145.263,-0.0066350434218528,1.0
2023-01-12 11:00:00,4156.017,-0.007131106537822,1.0
2023-01-12 13:00:00,4175.192,-0.0114526469680915,1.0
2023-01-12 14:00:00,4178.571,-0.0173279334011555,1.0
2023-01-12 15:00:00,4176.984,-0.0156431051687055,1.0
2023-01-12 21:00:00,4186.313,-0.0168007026708228,1.0
2023-01-12 22:00:00,4167.758,-0.0064545494244147,1.0
2023-01-12 23:00:00,4167.753,-0.0071986031801787,1.0
2023-01-13 09:00:00,4197.636,-0.0130704520353838,1.0
2023-01-13 10:00:00,4198.629,-0.009392827992185,1.0
2023-01-13 11:00:00,4193.497,-0.0111327133416335,1.0
2023-01-13 13:00:00,4202.666,-0.0143425625543405,1.0
2023-01-13 14:00:00,4196.022,-0.005017609535889,1.0
2023-01-13 15:00:00,4196.106,-0.0035154021371243,0.0
2023-01-13 21:00:00,4166.066,0.003559473133647,0.0
2023-01-13 22:00:00,4169.647,0.0039082445108663,0.0
2023-01-13 23:00:00,4173.175,0.0016792969381825,0.0
2023-01-16 09:00:00,4141.098,0.0098599453574873,1.0
2023-01-16 10:00:00,4128.418,0.0142265148538738,1.0
2023-01-16 11:00:00,4126.507,0.0148319147404816,1.0
2023-01-16 13:00:00,4117.759,0.0170337797816724,1.0
2023-01-16 14:00:00,4126.38,0.0214170774383357,1.0
2023-01-16 15:00:00,4127.375,0.0202642115145824,1.0
2023-01-16 21:00:00,4106.165,0.0254091104473395,1.0
2023-01-16 22:00:00,4111.643,0.0196748599039361,1.0
2023-01-16 23:00:00,4115.98,0.0227350473034369,1.0
2023-01-17 09:00:00,4140.857,0.0142801357303571,1.0
2023-01-17 10:00:00,4137.751,0.017677960805278,1.0
2023-01-17 11:00:00,4142.771,0.0171300803254634,1.0
2023-01-17 13:00:00,4159.192,0.0134788199246391,1.0
2023-01-17 14:00:00,4146.812,0.0125187734577792,1.0
2023-01-17 15:00:00,4142.389,0.0103524801750873,1.0
2023-01-17 21:00:00,4174.968,0.0018009718876887,0.0
2023-01-17 22:00:00,4181.355,0.0057163287977222,1.0
2023-01-17 23:00:00,4180.895,0.0042478942905763,0.0
2023-01-18 09:00:00,4185.943,0.000979707559324,0.0
2023-01-18 10:00:00,4180.183,0.0007052322828929,0.0
2023-01-18 11:00:00,4181.929,0.0015968707264039,0.0
2023-01-18 13:00:00,4187.151,0.0016216276890897,0.0
2023-01-18 14:00:00,4187.711,0.0195194940625081,1.0
2023-01-18 15:00:00,4187.9,0.0183512022732157,1.0
2023-01-18 21:00:00,4214.755,0.0056335421631861,1.0
2023-01-18 22:00:00,4211.013,0.0013592928827339,0.0
2023-01-18 23:00:00,4210.499,0.0016294980713687,0.0
2023-01-19 09:00:00,4192.539,0.0061566511366978,1.0
2023-01-19 10:00:00,4209.557,0.0027753514205889,0.0
2023-01-19 11:00:00,4199.989,0.007114066251126,1.0
2023-01-19 13:00:00,4210.898,0.0040162454659315,0.0
2023-01-19 14:00:00,4213.737,-9.563957124050397e-05,0.0
2023-01-19 15:00:00,4215.253,-0.0025343674507793,0.0
2023-01-19 21:00:00,4198.725,-0.0043906185806406,0.0
2023-01-19 22:00:00,4185.273,-0.0036972498568194,0.0
2023-01-19 23:00:00,4182.487,-0.0074898021201261,1.0
2023-01-20 09:00:00,4205.257,-0.0135715843288529,1.0
2023-01-20 10:00:00,4198.655,-0.0149119182214303,1.0
2023-01-20 11:00:00,4190.044,-0.0087571872753604,1.0
2023-01-20 13:00:00,4183.131,-0.0065799995266704,1.0
2023-01-20 14:00:00,4188.607,-0.0090559940333384,1.0
2023-01-20 15:00:00,4193.941,-0.0168233172569665,1.0
2023-01-30 09:00:00,4269.453,-0.03785520065451,1.0
2023-01-30 10:00:00,4264.753,-0.0355277316177513,1.0
2023-01-30 11:00:00,4238.499,-0.0344763558986329,1.0
2023-01-30 13:00:00,4216.737,-0.030763360389799,1.0
2023-01-30 14:00:00,4217.36,-0.0257609025551529,1.0
2023-01-30 15:00:00,4218.351,-0.0286960473417217,1.0
2023-01-30 21:00:00,4221.24,-0.0285482464868143,1.0
2023-01-30 22:00:00,4229.868,-0.0258024600294856,1.0
2023-01-30 23:00:00,4227.81,-0.0228439783244755,1.0
2023-01-31 09:00:00,4213.334,-0.021585756078203,1.0
2023-01-31 10:00:00,4204.57,-0.0246163103480259,1.0
2023-01-31 11:00:00,4180.29,-0.0293505952936279,1.0
2023-01-31 13:00:00,4169.799,-0.0284356632058283,1.0
2023-01-31 14:00:00,4151.161,-0.02037622727714,1.0
2023-01-31 15:00:00,4148.185,-0.0238022171142319,1.0
2023-01-31 21:00:00,4136.045,-0.0206368644441731,1.0
2023-01-31 22:00:00,4153.351,-0.0293972264804972,1.0
2023-01-31 23:00:00,4155.606,-0.031794159504053,1.0
2023-02-01 09:00:00,4150.675,-0.0235262939160498,1.0
2023-02-01 10:00:00,4123.385,-0.0163387605086597,1.0
2023-02-01 11:00:00,4107.832,-0.0077147750930418,1.0
2023-02-01 13:00:00,4113.236,-0.0086544997661208,1.0
2023-02-01 14:00:00,4092.371,-0.0043480906301016,0.0
2023-02-01 15:00:00,4087.016,0.0038928156875334,0.0
2023-02-01 21:00:00,4108.717,0.0002633425470774,0.0
2023-02-01 22:00:00,4097.301,-0.0097005321307857,1.0
2023-02-01 23:00:00,4100.731,-0.01561819100058,1.0
2023-02-02 09:00:00,4120.727,-0.0185802165491671,1.0
2023-02-02 10:00:00,4131.23,-0.0175480425926417,1.0
2023-02-02 11:00:00,4122.386,-0.0073767958653072,1.0
2023-02-02 13:00:00,4101.069,-0.0031421075821939,0.0
2023-02-02 14:00:00,4057.596,0.0064065027666627,1.0
2023-02-02 15:00:00,4051.228,0.0017584791574307,0.0
2023-02-02 21:00:00,4066.576,-0.0044169837229157,0.0
2023-02-02 22:00:00,4049.449,0.0002047192099467,0.0
2023-02-02 23:00:00,4050.69,0.0038689704716974,0.0
2023-02-03 09:00:00,4031.254,0.0031546015210155,0.0
2023-02-03 10:00:00,4023.482,0.0059234762327755,1.0
2023-02-03 11:00:00,4053.025,0.0025472332393706,0.0
2023-02-03 13:00:00,4056.014,0.0018774590028534,0.0
2023-02-03 14:00:00,4076.141,-0.0069739982007492,1.0
2023-02-03 15:00:00,4077.638,-0.0086783083736221,1.0
2023-02-03 21:00:00,4074.577,-0.0080388712742451,1.0
2023-02-03 22:00:00,4102.926,-0.0103484683857325,1.0
2023-02-03 23:00:00,4109.799,-0.0034780289741663,0.0
2023-02-06 09:00:00,4057.555,0.0080883684879194,1.0
2023-02-06 10:00:00,4036.685,0.0161313057620299,1.0
2023-02-06 11:00:00,4044.163,0.0183380343472802,1.0
2023-02-06 13:00:00,4058.735,0.0147070454217877,1.0
2023-02-06 14:00:00,4091.976,0.0093497615821792,1.0
2023-02-06 15:00:00,4088.183,0.007996217390464,1.0
2023-02-06 21:00:00,4083.591,0.0090447353811877,1.0
2023-02-06 22:00:00,4058.352,0.02474773011311,1.0
2023-02-06 23:00:00,4048.614,0.0246192894654811,1.0
2023-02-07 09:00:00,4050.278,0.0250521075343471,1.0
2023-02-07 10:00:00,4066.362,0.0205490804802915,1.0
2023-02-07 11:00:00,4043.971,0.0267665124205885,1.0
2023-02-07 13:00:00,4047.315,0.0258475063097386,1.0
2023-02-07 14:00:00,4063.349,0.0246936701720674,1.0
2023-02-07 15:00:00,4063.629,0.0202572626585744,1.0
2023-02-07 21:00:00,4047.714,0.0240693883016439,1.0
2023-02-07 22:00:00,4042.251,0.0234359518990778,1.0
2023-02-07 23:00:00,4041.822,0.0171986792095248,1.0
2023-02-08 09:00:00,4060.467,0.0099195486627522,1.0
2023-02-08 10:00:00,4095.505,0.0041316028182117,0.0
2023-02-08 11:00:00,4090.374,0.0097245386363203,1.0
2023-02-08 13:00:00,4101.802,0.0076186027506934,1.0
2023-02-08 14:00:00,4118.325,0.0029011794843778,0.0
2023-02-08 15:00:00,4118.427,0.0033296693130655,0.0
2023-02-08 21:00:00,4130.235,0.0007207822315197,0.0
2023-02-08 22:00:00,4120.873,-0.0025317450938187,0.0
2023-02-08 23:00:00,4120.526,-0.0025943289764461,0.0
2023-02-09 09:00:00,4158.787,-0.0118500899420913,1.0
2023-02-09 10:00:00,4148.288,-0.0123352091272349,1.0
2023-02-09 11:00:00,4151.746,-0.0176520914333391,1.0
2023-02-09 13:00:00,4149.922,-0.0182945607170446,1.0
2023-02-09 14:00:00,4152.214,-0.0165636934897863,1.0
2023-02-09 15:00:00,4151.928,-0.0163066411556269,1.0
2023-02-09 21:00:00,4163.688,-0.0187607717004732,1.0
2023-02-09 22:00:00,4145.947,-0.0081139483934551,1.0
2023-02-09 23:00:00,4145.14,-0.0071343790559547,1.0
2023-02-10 09:00:00,4136.985,-0.0084680026637754,1.0
2023-02-10 10:00:00,4111.336,0.0021773944041545,0.0
2023-02-10 11:00:00,4100.745,0.0053348842710289,1.0
2023-02-10 13:00:00,4112.426,0.0024374906685249,0.0
2023-02-10 14:00:00,4130.151,0.0038088195806883,0.0
2023-02-10 15:00:00,4133.052,0.0042919856803157,0.0
2023-02-10 21:00:00,4130.273,0.0058235859954051,1.0
2023-02-10 22:00:00,4132.14,0.0088820804716198,1.0
2023-02-10 23:00:00,4133.212,0.0055276622636341,1.0
2023-02-13 09:00:00,4110.44,0.0099726549955722,1.0
2023-02-13 10:00:00,4109.836,0.0106704987741601,1.0
2023-02-13 11:00:00,4109.505,0.0113770393271208,1.0
2023-02-13 13:00:00,4097.118,0.0156927381637529,1.0
2023-02-13 14:00:00,4078.459,0.0194458250040027,1.0
2023-02-13 15:00:00,4074.001,0.0205581687387901,1.0
2023-02-13 21:00:00,4083.438,0.0194088902537518,1.0
2023-02-13 22:00:00,4084.224,0.0222732641500564,1.0
2023-02-13 23:00:00,4085.574,0.0245045127073944,1.0
2023-02-14 09:00:00,4112.307,0.0193913051724981,1.0
2023-02-14 10:00:00,4115.567,0.0240411588488293,1.0
2023-02-14 11:00:00,4101.953,0.0271129386416664,1.0
2023-02-14 13:00:00,4120.288,0.0234151107883722,1.0
2023-02-14 14:00:00,4122.622,0.0270243063758938,1.0
2023-02-14 15:00:00,4122.45,0.0276549139468035,1.0
2023-02-14 21:00:00,4145.882,0.0218513213834838,1.0
2023-02-14 22:00:00,4150.791,0.0217888590391565,1.0
2023-02-14 23:00:00,4154.326,0.0201091585012827,1.0
2023-02-15 09:00:00,4168.842,0.012320927490176,1.0
2023-02-15 10:00:00,4156.059,0.0169355151117922,1.0
2023-02-15 11:00:00,4151.432,0.0182859793921712,1.0
2023-02-15 13:00:00,4153.69,0.018425303766049,1.0
2023-02-15 14:00:00,4156.259,0.0177541871187527,1.0
2023-02-15 15:00:00,4161.413,0.0201573359817929,1.0
2023-02-15 21:00:00,4157.768,0.0212986871802371,1.0
2023-02-15 22:00:00,4157.755,0.0196218872925411,1.0
2023-02-15 23:00:00,4162.693,0.0189903507176723,1.0
2023-02-16 09:00:00,4175.193,0.0163824762112792,1.0
2023-02-16 10:00:00,4185.689,0.0166679846496,1.0
2023-02-16 11:00:00,4192.05,0.0133586192912775,1.0
2023-02-16 13:00:00,4214.51,0.0092461519844536,1.0
2023-02-16 14:00:00,4213.169,0.0175006034649927,1.0
2023-02-16 15:00:00,4216.765,0.0168541524130464,1.0
2023-02-16 21:00:00,4234.033,0.0131375924561759,1.0
2023-02-16 22:00:00,4236.456,0.0097819970277042,1.0
2023-02-16 23:00:00,4236.475,0.0104695531072411,1.0
2023-02-17 09:00:00,4241.232,0.0082105859806773,1.0
2023-02-17 10:00:00,4237.866,0.012230684028235,1.0
2023-02-17 11:00:00,4220.206,0.0183863062608792,1.0
2023-02-17 13:00:00,4226.444,0.016893634459607,1.0
2023-02-17 14:00:00,4227.345,0.01290195146126,1.0
2023-02-17 15:00:00,4230.223,0.0144677951966126,1.0
2023-02-17 21:00:00,4230.05,0.0145445089301543,1.0
2023-02-17 22:00:00,4245.296,0.0095816640347338,1.0
2023-02-17 23:00:00,4246.323,0.0147843204579584,1.0
2023-02-20 09:00:00,4239.338,0.0151811438484027,1.0
2023-02-20 10:00:00,4241.744,0.0080056693661853,1.0
2023-02-20 11:00:00,4243.593,0.0065908771175746,1.0
2023-02-20 13:00:00,4255.456,0.0043722693878164,0.0
2023-02-20 14:00:00,4248.05,0.011791998681748,1.0
2023-02-20 15:00:00,4253.478,0.0156312081548323,1.0
2023-02-20 21:00:00,4286.902,0.0082894360542881,1.0
2023-02-20 22:00:00,4287.835,0.0077885459678368,1.0
2023-02-20 23:00:00,4289.658,0.0034291778039181,0.0
2023-02-21 09:00:00,4277.897,0.0092342101738306,1.0
2023-02-21 10:00:00,4280.829,0.0025252118222896,0.0
2023-02-21 11:00:00,4276.055,-0.000311735934173,0.0
2023-02-21 13:00:00,4289.698,-0.0029321411437356,0.0
2023-02-21 14:00:00,4297.8,-0.0044089999534646,0.0
2023-02-21 15:00:00,4297.844,-0.0003913590162881,0.0
2023-02-21 21:00:00,4281.886,0.0025341636839466,0.0
2023-02-21 22:00:00,4291.425,-0.0011049942618128,0.0
2023-02-21 23:00:00,4291.574,-0.0055594986827675,1.0
2023-02-22 09:00:00,4285.973,-0.0030403831288717,0.0
2023-02-22 10:00:00,4309.102,-0.0108563222685376,1.0
2023-02-22 11:00:00,4303.696,-0.0041076321375858,0.0
2023-02-22 13:00:00,4275.702,0.0026615512493621,0.0
2023-02-22 14:00:00,4271.562,-0.0011951131693744,0.0
2023-02-22 15:00:00,4274.062,-0.0044185133486599,0.0
2023-02-22 21:00:00,4298.143,-0.010164622256635,1.0
2023-02-22 22:00:00,4319.965,-0.0030162281407371,0.0
2023-02-22 23:00:00,4322.438,-0.0058288863831013,1.0
2023-02-23 09:00:00,4321.231,-0.0130516049708982,1.0
2023-02-23 10:00:00,4304.368,-0.0086967471182761,1.0
2023-02-23 11:00:00,4317.4,-0.0109904108954462,1.0
2023-02-23 13:00:00,4291.639,-0.0053238401459209,1.0
2023-02-23 14:00:00,4274.722,-0.0065117684845936,1.0
2023-02-23 15:00:00,4277.12,-0.0063886446954959,1.0
2023-02-23 21:00:00,4278.851,-0.006684738496386,1.0
2023-02-23 22:00:00,4296.162,-0.0118689658350872,1.0
2023-02-23 23:00:00,4292.737,-0.0111390471859794,1.0
2023-02-24 09:00:00,4286.683,-0.0085667636258617,1.0
2023-02-24 10:00:00,4267.715,-0.0053550904875326,1.0
2023-02-24 11:00:00,4272.942,-0.0050660645522452,1.0
2023-02-24 13:00:00,4262.321,-0.0024711888194249,0.0
2023-02-24 14:00:00,4286.018,-0.0067388891040587,1.0
2023-02-24 15:00:00,4287.082,-0.0071645468876033,1.0
2023-02-24 21:00:00,4266.457,-0.0020065829797418,0.0
2023-02-24 22:00:00,4255.177,0.0087775432138311,1.0
2023-02-24 23:00:00,4254.454,0.0071922272517225,1.0
2023-02-27 09:00:00,4306.935,-0.0043831634329286,0.0
2023-02-27 10:00:00,4297.243,-0.0057010971918508,1.0
2023-02-27 11:00:00,4264.832,0.0068617005312282,1.0
2023-02-27 13:00:00,4266.934,0.0066049767819235,1.0
2023-02-27 14:00:00,4269.95,0.0049508776449373,0.0
2023-02-27 15:00:00,4268.791,0.0056802968334593,1.0
2023-02-27 21:00:00,4246.886,0.0107040782352057,1.0
2023-02-27 22:00:00,4249.795,0.0142543346208463,1.0
2023-02-27 23:00:00,4250.248,0.0137156702385366,1.0
2023-02-28 09:00:00,4245.171,0.014346182992393,1.0
2023-02-28 10:00:00,4244.92,0.0166436587733101,1.0
2023-02-28 11:00:00,4249.96,0.0141328388973073,1.0
2023-02-28 13:00:00,4244.861,0.0154926156592642,1.0
2023-02-28 14:00:00,4251.295,0.0164747447542454,1.0
2023-02-28 15:00:00,4251.788,0.0165996046839589,1.0
2023-02-28 21:00:00,4257.135,0.0147810675489502,1.0
2023-02-28 22:00:00,4256.367,0.0206086552216949,1.0
2023-02-28 23:00:00,4257.896,0.0226442825282722,1.0
2023-03-01 09:00:00,4292.527,0.0150629221435299,1.0
2023-03-01 10:00:00,4285.053,0.0159890671130555,1.0
2023-03-01 11:00:00,4288.057,0.0171396975366698,1.0
2023-03-01 13:00:00,4272.744,0.0205753024286033,1.0
2023-03-01 14:00:00,4294.096,0.0106136425454857,1.0
2023-03-01 15:00:00,4295.117,0.0110139025316422,1.0
2023-03-01 21:00:00,4291.09,0.0122444413890175,1.0
2023-03-01 22:00:00,4293.039,0.0032897441649145,0.0
2023-03-01 23:00:00,4292.345,0.0012790211411244,0.0
2023-03-02 09:00:00,4310.373,-0.0019216434401383,0.0
2023-03-02 10:00:00,4308.543,-6.73081364164089e-05,0.0
2023-03-02 11:00:00,4306.073,0.0010866048949936,0.0
2023-03-02 13:00:00,4315.571,-0.0002662451851679,0.0
2023-03-02 14:00:00,4310.024,0.0013208743153168,0.0
2023-03-02 15:00:00,4310.625,0.0005054951428157,0.0
2023-03-02 21:00:00,4321.334,-0.0023217367599911,0.0
2023-03-02 22:00:00,4322.366,0.0035152044042546,0.0
2023-03-02 23:00:00,4320.06,0.0031163919019642,0.0
2023-03-03 09:00:00,4344.085,0.0006560645107083,0.0
2023-03-03 10:00:00,4354.313,-0.001814982064909,0.0
2023-03-03 11:00:00,4357.185,-0.0060144336308878,1.0
2023-03-03 13:00:00,4353.567,-0.0047710302839027,0.0
2023-03-03 14:00:00,4361.553,-0.0062668045074769,1.0
2023-03-03 15:00:00,4360.657,-0.0063178553140043,1.0
2023-03-03 21:00:00,4339.672,-0.0019492256557638,0.0
2023-03-03 22:00:00,4342.423,3.638521627219562e-05,0.0
2023-03-03 23:00:00,4343.632,-0.0019962556680674,0.0
2023-03-06 09:00:00,4307.162,0.0063747312035162,1.0
2023-03-06 10:00:00,4297.835,0.009230461383464,1.0
2023-03-06 11:00:00,4302.09,0.0066216652836179,1.0
2023-03-06 13:00:00,4308.253,0.0047139757112686,0.0
2023-03-06 14:00:00,4310.752,0.0086126504145911,1.0
2023-03-06 15:00:00,4314.422,0.0039571928754304,0.0
2023-03-06 21:00:00,4315.717,0.0031401502925239,0.0
2023-03-06 22:00:00,4312.804,0.0021517323764306,0.0
2023-03-06 23:00:00,4311.301,0.0009495973489209,0.0
2023-03-07 09:00:00,4337.56,-0.0035810455647876,0.0
2023-03-07 10:00:00,4333.523,0.0031189404094542,0.0
2023-03-07 11:00:00,4346.935,0.0102134032369934,1.0
2023-03-07 13:00:00,4346.41,0.0095138286539927,1.0
2023-03-07 14:00:00,4330.979,0.0174831140949886,1.0
2023-03-07 15:00:00,4332.796,0.0166329086345168,1.0
2023-03-07 21:00:00,4334.22,0.0167005828038262,1.0
2023-03-07 22:00:00,4333.107,0.0143982135682317,1.0
2023-03-07 23:00:00,4331.213,0.0170370286568682,1.0
2023-03-08 09:00:00,4342.581,0.0120732347882515,1.0
2023-03-08 10:00:00,4334.961,0.0169267958812085,1.0
2023-03-08 11:00:00,4334.619,0.0110208071343757,1.0
2023-03-08 13:00:00,4337.506,0.0102240780762031,1.0
2023-03-08 14:00:00,4330.577,0.019722314139663,1.0
2023-03-08 15:00:00,4328.562,0.0216355916814867,1.0
2023-03-08 21:00:00,4347.879,0.0175317666383999,1.0
2023-03-08 22:00:00,4331.495,0.0238418836914274,1.0
2023-03-08 23:00:00,4329.269,0.0270320462877219,1.0
2023-03-09 09:00:00,4322.084,0.027159120461333,1.0
2023-03-09 10:00:00,4315.395,0.0265565492845961,1.0
2023-03-09 11:00:00,4322.027,0.0275317576683348,1.0
2023-03-09 13:00:00,4347.039,0.0218829414688941,1.0
2023-03-09 14:00:00,4391.332,0.0116893917380875,1.0
2023-03-09 15:00:00,4387.761,0.0151560214879523,1.0
2023-03-09 21:00:00,4406.698,0.0107894845528328,1.0
2023-03-09 22:00:00,4404.863,0.0090704296592197,1.0
2023-03-09 23:00:00,4406.604,0.0049067263588921,0.0
2023-03-10 09:00:00,4395.496,0.0095054119034575,1.0
2023-03-10 10:00:00,4405.004,0.0094553830144081,1.0
2023-03-10 11:00:00,4395.01,0.0137847240393081,1.0
2023-03-10 13:00:00,4408.338,0.0107212740946814,1.0
2023-03-10 14:00:00,4382.39,0.0205460947108767,1.0
2023-03-10 15:00:00,4381.853,0.0196038068826133,1.0
2023-03-10 21:00:00,4415.986,0.0126449676244444,1.0
2023-03-10 22:00:00,4422.213,0.0108079371120296,1.0
2023-03-10 23:00:00,4424.105,0.0072541225852462,1.0
2023-03-13 09:00:00,4434.766,0.0040714662284324,0.0
2023-03-13 10:00:00,4446.298,-0.0023801823449529,0.0
2023-03-13 11:00:00,4439.468,-0.0031204189330793,0.0
2023-03-13 13:00:00,4429.997,-0.0010611745335267,0.0
2023-03-13 14:00:00,4441.02,-0.0158321736898281,1.0
2023-03-13 15:00:00,4442.165,-0.0163341523784011,1.0
2023-03-13 21:00:00,4442.664,-0.016730727329368,1.0
2023-03-13 22:00:00,4454.262,-0.0245867890124109,1.0
2023-03-13 23:00:00,4454.244,-0.0316444272024611,1.0
2023-03-14 09:00:00,4444.817,-0.0259286265328807,1.0
2023-03-14 10:00:00,4428.226,-0.0228041658217082,1.0
2023-03-14 11:00:00,4437.277,-0.031239654409675,1.0
2023-03-14 13:00:00,4446.655,-0.0346977671980398,1.0
2023-03-14 14:00:00,4455.594,-0.0408493233449905,1.0
2023-03-14 15:00:00,4455.601,-0.0343053608256214,1.0
2023-03-14 21:00:00,4472.431,-0.0384699059638928,1.0
2023-03-14 22:00:00,4467.754,-0.0343237340283282,1.0
2023-03-14 23:00:00,4471.826,-0.0307757949437209,1.0
2023-03-15 09:00:00,4470.008,-0.0269254551669706,1.0
2023-03-15 10:00:00,4456.198,-0.0262162946978569,1.0
2023-03-15 11:00:00,4452.822,-0.02455903245178,1.0
2023-03-15 13:00:00,4435.715,-0.0219495616828403,1.0
2023-03-15 14:00:00,4425.615,-0.0187460951754727,1.0
2023-03-15 15:00:00,4425.296,-0.0186303921816756,1.0
2023-03-15 21:00:00,4370.709,-0.0062433806505991,1.0
2023-03-15 22:00:00,4369.606,-0.0153627123360778,1.0
2023-03-15 23:00:00,4368.335,-0.0108029718416741,1.0
2023-03-16 09:00:00,4344.746,-0.0079574272005775,1.0
2023-03-16 10:00:00,4313.292,-0.0022565131226914,0.0
2023-03-16 11:00:00,4329.569,-0.0097744140352077,1.0
2023-03-16 13:00:00,4327.244,-0.0103005515750901,1.0
2023-03-16 14:00:00,4298.658,-0.0016989023085811,0.0
2023-03-16 15:00:00,4292.366,-0.0029324153625295,0.0
2023-03-16 21:00:00,4273.586,0.00185043661225,0.0
2023-03-16 22:00:00,4302.75,-0.0004043925396548,0.0
2023-03-16 23:00:00,4300.377,-0.0065517511604215,1.0
2023-03-17 09:00:00,4314.404,-0.0104628588328771,1.0
2023-03-17 10:00:00,4334.202,-0.0193682712527011,1.0
2023-03-17 11:00:00,4349.651,-0.0227077988555862,1.0
2023-03-17 13:00:00,4339.373,-0.0205292331403637,1.0
2023-03-17 14:00:00,4343.465,-0.0184886950856056,1.0
2023-03-17 15:00:00,4338.353,-0.0134253713333146,1.0
2023-03-17 21:00:00,4342.652,-0.0147156622266761,1.0
2023-03-17 22:00:00,4342.851,-0.0188611122048626,1.0
2023-03-17 23:00:00,4343.421,-0.022053353796466,1.0
2023-03-20 09:00:00,4302.477,-0.0148212297241798,1.0
2023-03-20 10:00:00,4321.144,-0.0183641183908706,1.0
2023-03-20 11:00:00,4310.173,-0.01264055990328,1.0
2023-03-20 13:00:00,4303.559,-0.0098214059572553,1.0
2023-03-20 14:00:00,4287.25,-0.0069289171380255,1.0
2023-03-20 15:00:00,4282.671,-0.0007988005616121,0.0
2023-03-20 21:00:00,4291.355,-0.0021874209894077,0.0
2023-03-20 22:00:00,4279.779,-0.0001060802438632,0.0
2023-03-20 23:00:00,4281.494,-0.001264278310328,0.0
2023-03-21 09:00:00,4301.01,-0.009219462405342,1.0
2023-03-21 10:00:00,4272.202,-0.0136416770555326,1.0
2023-03-21 11:00:00,4269.263,-0.0165311905122734,1.0
2023-03-21 13:00:00,4250.256,-0.0123505501786246,1.0
2023-03-21 14:00:00,4250.88,-0.0133412375790425,1.0
2023-03-21 15:00:00,4250.289,-0.0131628696307474,1.0
2023-03-21 21:00:00,4263.16,-0.0160047945655334,1.0
2023-03-21 22:00:00,4280.109,-0.026800719327475,1.0
2023-03-21 23:00:00,4278.747,-0.0192173082446801,1.0
2023-03-22 09:00:00,4260.94,-0.0131541396968743,1.0
2023-03-22 10:00:00,4247.634,-0.0079335931485621,1.0
2023-03-22 11:00:00,4238.709,-0.0033571542656029,0.0
2023-03-22 13:00:00,4241.79,-0.0045122460093499,0.0
2023-03-22 14:00:00,4255.69,-0.0073886960751369,1.0
2023-03-22 15:00:00,4261.292,-0.0144179277083101,1.0
2023-03-22 21:00:00,4257.544,-0.0148054841006927,1.0
2023-03-22 22:00:00,4279.25,-0.017361687211544,1.0
2023-03-22 23:00:00,4281.968,-0.0178175082111776,1.0
2023-03-23 09:00:00,4279.325,-0.0197584899487652,1.0
2023-03-23 10:00:00,4276.081,-0.0176187027327124,1.0
2023-03-23 11:00:00,4261.357,-0.0141182726535231,1.0
2023-03-23 13:00:00,4213.922,-0.0032039036318183,0.0
2023-03-23 14:00:00,4198.687,0.0014397358031213,0.0
2023-03-23 15:00:00,4197.763,-0.0007873241057201,0.0
2023-03-23 21:00:00,4194.168,0.0004947345933688,0.0
2023-03-23 22:00:00,4194.343,0.0065125813506429,1.0
2023-03-23 23:00:00,4194.929,0.007443272579822,1.0
2023-03-24 09:00:00,4165.399,0.0150487384281792,1.0
2023-03-24 10:00:00,4196.521,0.0061546218879877,1.0
2023-03-24 11:00:00,4204.891,0.006506470679026,1.0
2023-03-24 13:00:00,4213.935,0.0045273598192662,0.0
2023-03-24 14:00:00,4224.479,0.0067560993911912,1.0
2023-03-24 15:00:00,4222.65,0.0058323564586221,1.0
2023-03-24 21:00:00,4224.246,0.0057669463378789,1.0
2023-03-24 22:00:00,4199.853,0.0124828178510058,1.0
2023-03-24 23:00:00,4194.509,0.0126412888850638,1.0
2023-03-27 09:00:00,4204.955,0.0075453839577355,1.0
2023-03-27 10:00:00,4205.674,0.0076206572359151,1.0
2023-03-27 11:00:00,4194.772,0.0124004355898246,1.0
2023-03-27 13:00:00,4200.742,0.0111785013219092,1.0
2023-03-27 14:00:00,4201.194,0.011911375670821,1.0
2023-03-27 15:00:00,4200.421,0.0119840368382121,1.0
2023-03-27 21:00:00,4204.732,0.010828751987047,1.0
2023-03-27 22:00:00,4194.458,0.0101464837650061,1.0
2023-03-27 23:00:00,4196.243,0.0085745749233301,1.0
2023-03-28 09:00:00,4221.659,0.0101237451911678,1.0
2023-03-28 10:00:00,4226.153,0.0070241186251419,1.0
2023-03-28 11:00:00,4228.083,0.0051796523388969,1.0
2023-03-28 13:00:00,4222.349,0.0068821880900892,1.0
2023-03-28 14:00:00,4232.25,0.0071474983755685,1.0
2023-03-28 15:00:00,4233.013,0.0059820274589282,1.0
2023-03-28 21:00:00,4253.02,0.0016893877762153,0.0
2023-03-28 22:00:00,4247.278,0.0089902285652128,1.0
2023-03-28 23:00:00,4248.607,0.0096871751141021,1.0
2023-03-29 09:00:00,4252.279,0.0068036457626603,1.0
2023-03-29 10:00:00,4247.533,0.0068635134794713,1.0
2023-03-29 11:00:00,4236.683,0.0069582737249871,1.0
2023-03-29 13:00:00,4237.724,0.0062774262788232,1.0
2023-03-29 14:00:00,4246.789,0.0016110995860638,0.0
2023-03-29 15:00:00,4247.7,-0.0019132707112083,0.0
2023-03-29 21:00:00,4251.236,-0.0031734300330539,0.0
2023-03-29 22:00:00,4250.759,-0.0085438859271956,1.0
2023-03-29 23:00:00,4250.264,-0.0166323786004822,1.0
2023-03-30 09:00:00,4237.017,-0.0136584299756173,1.0
2023-03-30 10:00:00,4232.224,-0.0167051649440104,1.0
2023-03-30 11:00:00,4264.398,-0.0269332271518747,1.0
2023-03-30 13:00:00,4255.838,-0.0257613189223836,1.0
2023-03-30 14:00:00,4249.983,-0.0258377504098252,1.0
2023-03-30 15:00:00,4251.408,-0.0264493551312882,1.0
2023-03-30 21:00:00,4262.5,-0.0291809970674486,1.0
2023-03-30 22:00:00,4258.335,-0.0347478533276503,1.0
2023-03-30 23:00:00,4260.205,-0.0366226507879314,1.0
2023-03-31 09:00:00,4285.462,-0.0435133948218419,1.0
2023-03-31 10:00:00,4289.764,-0.0435366607580276,1.0
2023-03-31 11:00:00,4281.21,-0.0431319650285784,1.0
2023-03-31 13:00:00,4276.686,-0.0427966888380395,1.0
2023-03-31 14:00:00,4266.163,-0.0447828646022197,1.0
2023-03-31 15:00:00,4264.326,-0.0445772673102385,1.0
2023-03-31 21:00:00,4253.631,-0.046103905110716,1.0
2023-03-31 22:00:00,4239.573,-0.0436076935106436,1.0
2023-03-31 23:00:00,4237.745,-0.042230006760671,1.0
2023-04-03 09:00:00,4214.441,-0.0369968401503306,1.0
2023-04-03 10:00:00,4179.572,-0.0223764538569978,1.0
2023-04-03 11:00:00,4179.146,-0.0185997330555093,1.0
2023-04-03 13:00:00,4161.524,-0.0137872567838129,1.0
2023-04-03 14:00:00,4149.544,-0.0103741519550099,1.0
2023-04-03 15:00:00,4146.202,-0.0081879754049611,1.0
2023-04-03 21:00:00,4140.173,-0.0075504091254158,1.0
2023-04-03 22:00:00,4138.961,-0.005799039903976,1.0
2023-04-03 23:00:00,4138.116,-0.0083231112902586,1.0
2023-04-04 09:00:00,4110.367,-0.0009624444727198,0.0
2023-04-04 10:00:00,4104.185,0.0045923855771608,0.0
2023-04-04 11:00:00,4098.987,0.0055886978904788,1.0
2023-04-04 13:00:00,4103.002,0.0054698974068253,1.0
2023-04-04 14:00:00,4096.553,-0.006788878356999,1.0
2023-04-04 15:00:00,4093.658,-0.0097274857841079,1.0
2023-04-06 09:00:00,4075.112,-0.0093877174418764,1.0
2023-04-06 10:00:00,4074.234,-0.0126040870504737,1.0
2023-04-06 11:00:00,4057.522,-0.0038158757980855,0.0
2023-04-06 13:00:00,4054.695,-0.0026855287512377,0.0
2023-04-06 14:00:00,4058.785,-0.0057527067829411,1.0
2023-04-06 15:00:00,4058.52,-0.0083762061046883,1.0
2023-04-06 21:00:00,4086.048,-0.0150685943973247,1.0
2023-04-06 22:00:00,4101.415,-0.0242131069399219,1.0
2023-04-06 23:00:00,4104.148,-0.0208325820608808,1.0
2023-04-07 09:00:00,4106.496,-0.0193924455302039,1.0
2023-04-07 10:00:00,4112.253,-0.0213539877045501,1.0
2023-04-07 11:00:00,4108.913,-0.0110958786423561,1.0
2023-04-07 13:00:00,4114.959,-0.0125998825261685,1.0
2023-04-07 14:00:00,4103.674,-0.0141158873731198,1.0
2023-04-07 15:00:00,4106.411,-0.0164218827584476,1.0
2023-04-07 21:00:00,4123.033,-0.0205103864072881,1.0
2023-04-07 22:00:00,4121.895,-0.0173281949200551,1.0
2023-04-07 23:00:00,4125.445,-0.0203178081394854,1.0
2023-04-10 09:00:00,4068.742,-0.006552393835736,1.0
2023-04-10 10:00:00,4053.837,-0.0038013368569086,0.0
2023-04-10 11:00:00,4036.856,-0.0009680801098677,0.0
2023-04-10 13:00:00,4022.882,0.0021837578134282,0.0
2023-04-10 14:00:00,4042.039,-0.0037993200956251,0.0
2023-04-10 15:00:00,4043.806,-0.0115062394190027,1.0
2023-04-10 21:00:00,4035.436,-0.009311757143466,1.0
2023-04-10 22:00:00,4024.525,-0.0050572427802038,1.0
2023-04-10 23:00:00,4024.477,-0.0054986026755774,1.0
2023-04-11 09:00:00,4002.107,0.0017708172220282,0.0
2023-04-11 10:00:00,4018.648,-0.0060973242742335,1.0
2023-04-11 11:00:00,4026.861,-0.007519752978809,1.0
2023-04-11 13:00:00,4024.44,-0.0070852093707447,1.0
2023-04-11 14:00:00,4063.321,-0.0105475299637906,1.0
2023-04-11 15:00:00,4063.111,-0.0097353973347024,1.0
2023-04-11 21:00:00,4045.747,-0.004665393065854,0.0
2023-04-11 22:00:00,4038.976,0.0030861782788508,0.0
2023-04-11 23:00:00,4038.468,0.0018516922753876,0.0
2023-04-12 09:00:00,4050.47,-0.002318002602167,0.0
2023-04-12 10:00:00,4041.625,-5.690780317323309e-05,0.0
2023-04-12 11:00:00,4042.082,-0.004227276933026,0.0
2023-04-12 13:00:00,4038.427,-0.0043828946270417,0.0
2023-04-12 14:00:00,4032.948,0.0026806693267555,0.0
2023-04-12 15:00:00,4031.667,-0.0006907812574798,0.0
2023-04-12 21:00:00,4026.682,2.607605964414826e-05,0.0
2023-04-12 22:00:00,3997.277,0.0077787954149787,1.0
2023-04-12 23:00:00,3997.859,0.0043105572257551,0.0
2023-04-13 09:00:00,4004.172,0.0059443000950009,1.0
2023-04-13 10:00:00,4002.348,0.0083573442389317,1.0
2023-04-13 11:00:00,4009.194,0.0087942863328639,1.0
2023-04-13 13:00:00,3994.145,0.0131177010348898,1.0
2023-04-13 14:00:00,3996.58,0.0153506247841904,1.0
2023-04-13 15:00:00,3995.926,0.0177903694913269,1.0
2023-04-13 21:00:00,4020.463,0.0115760299249115,1.0
2023-04-13 22:00:00,4023.555,0.0130747560304258,1.0
2023-04-13 23:00:00,4026.872,0.0080427190136662,1.0
2023-04-14 09:00:00,4051.441,0.0020950570426671,0.0
2023-04-14 10:00:00,4045.946,0.0025353773876369,0.0
2023-04-14 11:00:00,4041.081,0.0055747459652503,1.0
2023-04-14 13:00:00,4041.395,0.0063809649885744,1.0
2023-04-14 14:00:00,4024.995,0.0065200080993889,1.0
2023-04-14 15:00:00,4020.727,0.0109880626065883,1.0
2023-04-14 21:00:00,4043.759,0.0049634510859821,0.0
2023-04-14 22:00:00,4028.882,0.0095728790269855,1.0
2023-04-14 23:00:00,4026.787,0.0055657277129384,1.0
2023-04-17 09:00:00,4028.371,0.0048550642430898,0.0
2023-04-17 10:00:00,4015.092,0.0075998258570414,1.0
2023-04-17 11:00:00,4027.974,0.0030310523354916,0.0
2023-04-17 13:00:00,4035.797,0.0004710345936626,0.0
2023-04-17 14:00:00,4044.452,-0.0124303613938304,1.0
2023-04-17 15:00:00,4046.539,-0.0090432836554893,1.0
2023-04-17 21:00:00,4057.93,-0.0108782063761573,1.0
2023-04-17 22:00:00,4067.015,-0.0149352780847869,1.0
2023-04-17 23:00:00,4067.004,-0.0173449546644163,1.0
2023-04-18 09:00:00,4076.162,-0.020723906459066,1.0
2023-04-18 10:00:00,4059.259,-0.0162229116200764,1.0
2023-04-18 11:00:00,4059.929,-0.014383995385141,1.0
2023-04-18 13:00:00,4056.204,-0.0130050165129762,1.0
2023-04-18 14:00:00,4063.609,-0.0220063003108812,1.0
2023-04-18 15:00:00,4067.183,-0.0271959732325788,1.0
2023-04-18 21:00:00,4051.238,-0.0237320048834454,1.0
2023-04-18 22:00:00,4064.907,-0.032435182403927,1.0
2023-04-18 23:00:00,4063.83,-0.0341111709889438,1.0
2023-04-19 09:00:00,4067.45,-0.0346401307944781,1.0
2023-04-19 10:00:00,4049.199,-0.0301578163977616,1.0
2023-04-19 11:00:00,4047.929,-0.0340512395350807,1.0
2023-04-19 13:00:00,4045.606,-0.033135950460821,1.0
2023-04-19 14:00:00,4040.183,-0.0378797198047712,1.0
2023-04-19 15:00:00,4037.698,-0.0456148528196016,1.0
2023-04-19 21:00:00,3994.178,-0.0353544584142219,1.0
2023-04-19 22:00:00,4009.945,-0.0481747255885056,1.0
2023-04-19 23:00:00,4013.787,-0.0518811785478401,1.0
2023-04-20 09:00:00,4006.273,-0.0482218760428957,1.0
2023-04-20 10:00:00,3996.462,-0.0528344820994168,1.0
2023-04-20 11:00:00,3991.688,-0.0464798350973322,1.0
2023-04-20 13:00:00,3993.406,-0.0486284139403806,1.0
2023-04-20 14:00:00,4001.531,-0.0442240732359689,1.0
2023-04-20 15:00:00,4003.453,-0.0464179297221673,1.0
2023-04-20 21:00:00,3974.184,-0.0389981943463111,1.0
2023-04-20 22:00:00,3956.572,-0.0332477205014846,1.0
2023-04-20 23:00:00,3955.094,-0.036833005738928,1.0
2023-04-21 09:00:00,3933.061,-0.0304546509703257,1.0
2023-04-21 10:00:00,3925.208,-0.0333753013853024,1.0
2023-04-21 11:00:00,3926.553,-0.0381545849502094,1.0
2023-04-21 13:00:00,3927.084,-0.0384460836590202,1.0
2023-04-21 14:00:00,3910.092,-0.0385415483830048,1.0
2023-04-21 15:00:00,3911.551,-0.0334453008538045,1.0
2023-04-21 21:00:00,3887.142,-0.028232567783734,1.0
2023-04-21 22:00:00,3853.519,-0.0110330324049264,1.0
2023-04-21 23:00:00,3852.966,-0.0122772949462829,1.0
2023-04-24 09:00:00,3816.767,-0.0060865648859361,1.0
2023-04-24 10:00:00,3805.547,-0.003439978536594,0.0
2023-04-24 11:00:00,3813.083,-0.0062317027979721,1.0
2023-04-24 13:00:00,3785.311,0.0019446222516458,0.0
2023-04-24 14:00:00,3806.155,0.0012196035106294,0.0
2023-04-24 15:00:00,3799.213,0.0042843083554408,0.0
2023-04-24 21:00:00,3824.567,-0.0024002717170335,0.0
2023-04-24 22:00:00,3817.621,-0.0070682762903913,1.0
2023-04-24 23:00:00,3819.198,-0.0104087297909141,1.0
2023-04-25 09:00:00,3825.025,-0.0079416474402127,1.0
2023-04-25 10:00:00,3809.416,-0.0024389565224696,0.0
2023-04-25 11:00:00,3813.281,-0.0127194927412902,1.0
2023-04-25 13:00:00,3794.203,-0.0088384833389251,1.0
2023-04-25 14:00:00,3776.737,-0.0080249167469167,1.0
2023-04-25 15:00:00,3776.103,-0.003905613803437,0.0
2023-04-25 21:00:00,3759.391,-0.0003154766290604,0.0
2023-04-25 22:00:00,3780.728,-2.512743577434152e-05,0.0
2023-04-25 23:00:00,3777.398,-0.002759836268246,0.0
2023-04-26 09:00:00,3811.003,-0.0150283271884068,1.0
2023-04-26 10:00:00,3805.662,-0.0150562503974341,1.0
2023-04-26 11:00:00,3793.536,-0.0149303973917738,1.0
2023-04-26 13:00:00,3792.456,-0.0149422959686282,1.0
2023-04-26 14:00:00,3789.321,-0.0194961049750073,1.0
2023-04-26 15:00:00,3792.672,-0.0190382927919947,1.0
2023-04-26 21:00:00,3810.797,-0.0312577657639596,1.0
2023-04-26 22:00:00,3815.49,-0.0358826782405405,1.0
2023-04-26 23:00:00,3815.387,-0.0377230409392285,1.0
2023-04-27 09:00:00,3790.637,-0.0311839408521576,1.0
2023-04-27 10:00:00,3779.445,-0.0431095041732318,1.0
2023-04-27 11:00:00,3794.648,-0.049256215596282,1.0
2023-04-27 13:00:00,3800.125,-0.0506722805170882,1.0
2023-04-27 14:00:00,3764.778,-0.0431255176268028,1.0
2023-04-27 15:00:00,3760.668,-0.0394778268116196,1.0
2023-04-27 21:00:00,3746.429,-0.0286902541059766,1.0
2023-04-27 22:00:00,3761.355,-0.0213183812748331,1.0
2023-04-27 23:00:00,3758.205,-0.0212814362175559,1.0
2023-04-28 09:00:00,3780.633,-0.0259980273144734,1.0
2023-04-28 10:00:00,3766.973,-0.018810328611328,1.0
2023-04-28 11:00:00,3753.73,-0.0102863018917183,1.0
2023-04-28 13:00:00,3748.363,-0.0093659552183179,1.0
2023-04-28 14:00:00,3736.897,0.0021177998751371,0.0
2023-04-28 15:00:00,3735.788,0.0066676695786806,1.0
2023-05-04 09:00:00,3715.444,0.0132710922301614,1.0
2023-05-04 10:00:00,3720.466,0.014531244204355,1.0
2023-05-04 11:00:00,3691.68,0.0336055671130759,1.0
2023-05-04 13:00:00,3678.58,0.0377452712731543,1.0
2023-05-04 14:00:00,3671.459,0.0361344086914766,1.0
2023-05-04 15:00:00,3672.43,0.0393875444868929,1.0
2023-05-04 21:00:00,3616.515,0.0555493340964989,1.0
2023-05-04 22:00:00,3607.738,0.0533223310561909,1.0
2023-05-04 23:00:00,3607.564,0.0560450209615131,1.0
2023-05-05 09:00:00,3602.42,0.0561908383808661,1.0
2023-05-05 10:00:00,3612.205,0.050380307872892,1.0
2023-05-05 11:00:00,3638.943,0.0384350620496116,1.0
2023-05-05 13:00:00,3681.169,0.0266170882130105,1.0
2023-05-05 14:00:00,3678.225,0.0309211644203386,1.0
2023-05-05 15:00:00,3682.344,0.0274607695533062,1.0
2023-05-05 21:00:00,3696.115,0.0239432485190531,1.0
2023-05-05 22:00:00,3715.118,0.0176995723958161,1.0
2023-05-05 23:00:00,3713.256,0.0119765510376877,1.0
2023-05-08 09:00:00,3744.811,0.0015389294680025,0.0
2023-05-08 10:00:00,3760.697,-0.0013524088752697,0.0
2023-05-08 11:00:00,3764.752,-0.0011567827044118,0.0
2023-05-08 13:00:00,3774.529,-0.0027086823283117,0.0
2023-05-08 14:00:00,3815.741,-0.0235616096585172,1.0
2023-05-08 15:00:00,3817.429,-0.0328485480672986,1.0
2023-05-08 21:00:00,3804.125,-0.0307729109847862,1.0
2023-05-08 22:00:00,3817.078,-0.0363107591723302,1.0
2023-05-08 23:00:00,3817.41,-0.0356684244029328,1.0
2023-05-09 09:00:00,3800.111,-0.0263368622653391,1.0
2023-05-09 10:00:00,3809.75,-0.0264006824594789,1.0
2023-05-09 11:00:00,3804.843,-0.0376877574186371,1.0
2023-05-09 13:00:00,3794.189,-0.0361349948566083,1.0
2023-05-09 14:00:00,3778.806,-0.0398715890680812,1.0
2023-05-09 15:00:00,3779.151,-0.0351020639291735,1.0
2023-05-09 21:00:00,3791.96,-0.0392372282408042,1.0
2023-05-09 22:00:00,3783.464,-0.0385678309612566,1.0
2023-05-09 23:00:00,3784.612,-0.0320669595720776,1.0
2023-05-10 09:00:00,3780.874,-0.0256824215776563,1.0
2023-05-10 10:00:00,3757.728,-0.0204333576033177,1.0
2023-05-10 11:00:00,3750.574,-0.0265100755244396,1.0
2023-05-10 13:00:00,3755.611,-0.0292253377679424,1.0
2023-05-10 14:00:00,3760.397,-0.0039493170534919,0.0
2023-05-10 15:00:00,3764.305,-0.0044810396607076,0.0
2023-05-10 21:00:00,3725.836,0.0051065049562031,1.0
2023-05-10 22:00:00,3692.032,0.0038588506275134,0.0
2023-05-10 23:00:00,3687.061,0.0017832631464464,0.0
2023-05-11 09:00:00,3678.477,0.0051369085629732,1.0
2023-05-11 10:00:00,3681.249,0.0112948078220191,1.0
2023-05-11 11:00:00,3700.028,0.0093345239549538,1.0
2023-05-11 13:00:00,3709.17,0.0067171361787138,1.0
2023-05-11 14:00:00,3661.447,0.0201182756434818,1.0
2023-05-11 15:00:00,3657.086,0.0214383801748167,1.0
2023-05-11 21:00:00,3628.139,0.0297791788021351,1.0
2023-05-11 22:00:00,3646.495,0.029316645161998,1.0
2023-05-11 23:00:00,3643.174,0.0220442394461533,1.0
2023-05-12 09:00:00,3637.544,0.0228376618949489,1.0
2023-05-12 10:00:00,3663.251,0.0119385758715414,1.0
2023-05-12 11:00:00,3683.772,0.0066928680710967,1.0
2023-05-12 13:00:00,3680.945,0.0078023442349722,1.0
2023-05-12 14:00:00,3651.146,0.0189274819467641,1.0
2023-05-12 15:00:00,3645.852,0.0202358735351846,1.0
2023-05-12 21:00:00,3745.546,-0.0064537987252058,1.0
2023-05-12 22:00:00,3747.437,-0.0013275740192563,0.0
2023-05-12 23:00:00,3744.862,0.0028177273288041,0.0
2023-05-15 09:00:00,3706.279,0.0111834538090629,1.0
2023-05-15 10:00:00,3693.636,0.0128510226779249,1.0
2023-05-15 11:00:00,3697.373,0.0213789628474053,1.0
2023-05-15 13:00:00,3722.828,0.014018106665148,1.0
2023-05-15 14:00:00,3734.566,0.0103401573301957,1.0
2023-05-15 15:00:00,3734.085,0.0104735162697153,1.0
2023-05-15 21:00:00,3735.109,0.009661565432227,1.0
2023-05-15 22:00:00,3735.488,0.0058565306594479,1.0
2023-05-15 23:00:00,3736.182,0.0093911377978909,1.0
2023-05-16 09:00:00,3753.398,-0.0020610657329705,0.0
2023-05-16 10:00:00,3723.485,0.002724060926793,0.0
2023-05-16 11:00:00,3720.617,0.0102112095923874,1.0
2023-05-16 13:00:00,3706.985,0.0145339136791759,1.0
2023-05-16 14:00:00,3708.427,0.014011061832955,1.0
2023-05-16 15:00:00,3709.665,0.0046176676330612,0.0
2023-05-16 21:00:00,3720.253,0.0008663389290997,0.0
2023-05-16 22:00:00,3719.629,-0.0064143493880706,1.0
2023-05-16 23:00:00,3721.373,0.0045459028159767,0.0
2023-05-17 09:00:00,3742.462,-9.61933614823951e-05,0.0
2023-05-17 10:00:00,3755.414,-0.0100942266285422,1.0
2023-05-17 11:00:00,3747.728,-0.0066184098739289,1.0
2023-05-17 13:00:00,3741.103,-0.0053051199071504,1.0
2023-05-17 14:00:00,3776.419,-0.0158843602894699,1.0
2023-05-17 15:00:00,3775.015,-0.0179874781954508,1.0
2023-05-17 21:00:00,3773.182,-0.0176710267355245,1.0
2023-05-17 22:00:00,3773.194,-0.0218478032139349,1.0
2023-05-17 23:00:00,3771.196,-0.0248157348491035,1.0
2023-05-18 09:00:00,3757.365,-0.0244817844420224,1.0
2023-05-18 10:00:00,3771.269,-0.0330939002229752,1.0
2023-05-18 11:00:00,3745.662,-0.0280230837699716,1.0
2023-05-18 13:00:00,3733.628,-0.0235117156824408,1.0
2023-05-18 14:00:00,3758.609,-0.0216875445144732,1.0
2023-05-18 15:00:00,3760.862,-0.0255912075476313,1.0
2023-05-18 21:00:00,3760.386,-0.0250599273585212,1.0
2023-05-18 22:00:00,3726.795,-0.0139522028982008,1.0
2023-05-18 23:00:00,3723.476,-0.0156165905191815,1.0
2023-05-19 09:00:00,3695.77,-0.0111043165564956,1.0
2023-05-19 10:00:00,3738.29,-0.0212519627958237,1.0
2023-05-19 11:00:00,3742.102,-0.0227463067548665,1.0
2023-05-19 13:00:00,3717.506,-0.0172252580089984,1.0
2023-05-19 14:00:00,3722.924,-0.0306855579109323,1.0
2023-05-19 15:00:00,3721.256,-0.0253075843209926,1.0
2023-05-19 21:00:00,3716.433,-0.0243722946169081,1.0
2023-05-19 22:00:00,3707.112,-0.0316729033274419,1.0
2023-05-19 23:00:00,3706.506,-0.0345155248635776,1.0
2023-05-22 09:00:00,3690.758,-0.0293546745682052,1.0
2023-05-22 10:00:00,3677.611,-0.0311541922188072,1.0
2023-05-22 11:00:00,3665.378,-0.030184062871551,1.0
2023-05-22 13:00:00,3646.463,-0.0259942305735723,1.0
2023-05-22 14:00:00,3640.697,-0.0305397565356304,1.0
2023-05-22 15:00:00,3645.844,-0.0305438192089404,1.0
2023-05-22 21:00:00,3677.094,-0.0391039772167913,1.0
2023-05-22 22:00:00,3664.617,-0.0307699276622905,1.0
2023-05-22 23:00:00,3666.151,-0.0283092540378178,1.0
2023-05-23 09:00:00,3674.798,-0.0304492927230285,1.0
2023-05-23 10:00:00,3665.328,-0.0383807397318875,1.0
2023-05-23 11:00:00,3654.731,-0.0340528482123582,1.0
2023-05-23 13:00:00,3658.844,-0.0346120250002459,1.0
2023-05-23 14:00:00,3656.983,-0.0393616814734988,1.0
2023-05-23 15:00:00,3653.471,-0.0306253970539249,1.0
2023-05-23 21:00:00,3608.684,-0.0178009490440283,1.0
2023-05-23 22:00:00,3627.08,-0.0248775874808385,1.0
2023-05-23 23:00:00,3625.855,-0.0250506432275973,1.0
2023-05-24 09:00:00,3589.697,-0.0060317068543668,1.0
2023-05-24 10:00:00,3578.574,0.0020348887573654,0.0
2023-05-24 11:00:00,3582.417,0.0089517775289699,1.0
2023-05-24 13:00:00,3563.038,0.0118937827775062,1.0
2023-05-24 14:00:00,3554.742,0.0180010251095578,1.0
2023-05-24 15:00:00,3551.676,0.0164739125978834,1.0
2023-05-24 21:00:00,3529.511,0.0224033867581089,1.0
2023-05-24 22:00:00,3534.486,0.0161978290478446,1.0
2023-05-24 23:00:00,3533.305,0.0229139573289031,1.0
2023-05-25 09:00:00,3551.857,0.0157413431903367,1.0
2023-05-25 10:00:00,3562.365,0.0137097125084039,1.0
2023-05-25 11:00:00,3562.903,0.0154070992109524,1.0
2023-05-25 13:00:00,3524.65,0.0263450271658178,1.0
2023-05-25 14:00:00,3530.277,0.024577958046918,1.0
2023-05-25 15:00:00,3532.204,0.0218546267429626,1.0
2023-05-25 21:00:00,3513.038,0.0267728387794268,1.0
2023-05-25 22:00:00,3541.582,0.0186922115596928,1.0
2023-05-25 23:00:00,3544.446,0.0136029720864699,1.0
2023-05-26 09:00:00,3536.847,0.0120109804014705,1.0
2023-05-26 10:00:00,3535.025,0.0080582174100607,1.0
2023-05-26 11:00:00,3568.045,0.0013718997378115,0.0
2023-05-26 13:00:00,3585.856,-0.0042327410805119,0.0
2023-05-26 14:00:00,3614.486,-0.0202772953056118,1.0
2023-05-26 15:00:00,3605.416,-0.0181443694708183,1.0
2023-05-26 21:00:00,3618.731,-0.0219284052890364,1.0
2023-05-26 22:00:00,3610.186,-0.016282540567162,1.0
2023-05-26 23:00:00,3608.584,-0.0184124853405102,1.0
2023-05-29 09:00:00,3591.737,-0.0108766315573774,1.0
2023-05-29 10:00:00,3614.267,-0.0090875964614677,1.0
2023-05-29 11:00:00,3607.768,-0.0090111115792368,1.0
2023-05-29 13:00:00,3611.204,-0.009608429764699,1.0
2023-05-29 14:00:00,3617.797,-0.008139207368462,1.0
2023-05-29 15:00:00,3617.507,-0.0017738735543566,0.0
2023-05-29 21:00:00,3617.044,-0.0006256490106285,0.0
2023-05-29 22:00:00,3609.399,0.0024923816956784,0.0
2023-05-29 23:00:00,3607.092,0.0047445421408713,0.0
2023-05-30 09:00:00,3607.782,0.007303933552526,1.0
2023-05-30 10:00:00,3592.661,0.0139064053079318,1.0
2023-05-30 11:00:00,3579.328,0.0214070909399753,1.0
2023-05-30 13:00:00,3563.511,0.0266565754953471,1.0
2023-05-30 14:00:00,3572.94,0.0180761501732466,1.0
2023-05-30 15:00:00,3570.678,0.0177383678953969,1.0
2023-05-30 21:00:00,3541.194,0.0258260349475346,1.0
2023-05-30 22:00:00,3539.998,0.0302647063642409,1.0
2023-05-30 23:00:00,3539.378,0.0358401956501961,1.0
2023-05-31 09:00:00,3551.403,0.046272135265978,1.0
2023-05-31 10:00:00,3542.141,0.04969310933698,1.0
2023-05-31 11:00:00,3552.671,0.0455263096413938,1.0
2023-05-31 13:00:00,3581.422,0.037382916618036,1.0
2023-05-31 14:00:00,3575.258,0.0455698581752701,1.0
2023-05-31 15:00:00,3576.506,0.0477217149922298,1.0
2023-05-31 21:00:00,3588.351,0.0449117157156588,1.0
2023-05-31 22:00:00,3611.09,0.044364997826141,1.0
2023-05-31 23:00:00,3614.781,0.0398676987623869,1.0
2023-06-01 09:00:00,3618.395,0.0369296331660861,1.0
2023-06-01 10:00:00,3624.206,0.0389817797332711,1.0
2023-06-01 11:00:00,3634.133,0.0333614647565183,1.0
2023-06-01 13:00:00,3642.622,0.0314471279204924,1.0
2023-06-01 14:00:00,3655.951,0.0308827990309497,1.0
2023-06-01 15:00:00,3658.502,0.0320270427623108,1.0
2023-06-01 21:00:00,3637.525,0.0379359592030295,1.0
2023-06-01 22:00:00,3634.016,0.0325689264989476,1.0
2023-06-01 23:00:00,3632.649,0.0405858094189667,1.0
2023-06-02 09:00:00,3647.135,0.0391389405656768,1.0
2023-06-02 10:00:00,3666.23,0.0308633119035085,1.0
2023-06-02 11:00:00,3715.734,0.0112898286045234,1.0
2023-06-02 13:00:00,3718.161,0.0104664644699355,1.0
2023-06-02 14:00:00,3714.411,0.0073023690700893,1.0
2023-06-02 15:00:00,3715.306,0.0049584071944545,0.0
2023-06-02 21:00:00,3738.182,-0.0001067363761314,0.0
2023-06-02 22:00:00,3747.183,0.004099879829728,0.0
2023-06-02 23:00:00,3749.51,-0.0010782742278324,0.0
2023-06-05 09:00:00,3771.296,-0.0106032515082347,1.0
2023-06-05 10:00:00,3758.894,-0.0135627660689553,1.0
2023-06-05 11:00:00,3752.021,-0.0102701983810858,1.0
2023-06-05 13:00:00,3765.484,-0.0137177584607981,1.0
2023-06-05 14:00:00,3755.373,-0.0015630937326331,0.0
2023-06-05 15:00:00,3757.172,-0.0003350924578379,0.0
2023-06-05 21:00:00,3768.857,-0.0028860208811318,0.0
2023-06-05 22:00:00,3775.673,-0.0066223955305451,1.0
2023-06-05 23:00:00,3775.518,-0.0074848007611141,1.0
2023-06-06 09:00:00,3752.372,-0.0079491052592866,1.0
2023-06-06 10:00:00,3780.083,-0.0150091942425602,1.0
2023-06-06 11:00:00,3789.88,-0.0123827139645582,1.0
2023-06-06 13:00:00,3779.382,-0.0096917961719667,1.0
2023-06-06 14:00:00,3757.684,0.0023157881290709,0.0
2023-06-06 15:00:00,3757.077,0.0053161007879263,1.0
2023-06-06 21:00:00,3741.535,0.009786357738201,1.0
2023-06-06 22:00:00,3733.728,0.0117140295168796,1.0
2023-06-06 23:00:00,3737.783,0.0107670777035477,1.0
2023-06-07 09:00:00,3762.546,0.0064621136857862,1.0
2023-06-07 10:00:00,3745.467,0.0125458320684709,1.0
2023-06-07 11:00:00,3731.308,0.0214680750021171,1.0
2023-06-07 13:00:00,3707.913,0.0287843862571748,1.0
2023-06-07 14:00:00,3713.487,0.0243127281716617,1.0
2023-06-07 15:00:00,3713.83,0.0241529633828151,1.0
2023-06-07 21:00:00,3749.503,0.0132006828638354,1.0
2023-06-07 22:00:00,3755.913,0.0014547727809456,0.0
2023-06-07 23:00:00,3757.98,-0.0013158665027488,0.0
2023-06-08 09:00:00,3750.669,-0.0017028962033172,0.0
2023-06-08 10:00:00,3747.259,0.0001254250106544,0.0
2023-06-08 11:00:00,3722.544,0.0087115155656991,1.0
2023-06-08 13:00:00,3723.347,0.0088235128232742,1.0
2023-06-08 14:00:00,3742.951,0.0050762085851511,1.0
2023-06-08 15:00:00,3742.753,0.0084635561042899,1.0
2023-06-08 21:00:00,3766.386,0.0031842195675111,0.0
2023-06-08 22:00:00,3777.05,0.0039059583537415,0.0
2023-06-08 23:00:00,3778.151,0.0130592980534658,1.0
2023-06-09 09:00:00,3777.465,0.0112654915399612,1.0
2023-06-09 10:00:00,3778.028,0.013288678643991,1.0
2023-06-09 11:00:00,3786.86,0.0133984356432505,1.0
2023-06-09 13:00:00,3792.457,0.0125322449272332,1.0
2023-06-09 14:00:00,3811.412,0.0069538533226007,1.0
2023-06-09 15:00:00,3814.643,0.0046211401696043,0.0
2023-06-09 21:00:00,3803.772,0.0078574635914034,1.0
2023-06-09 22:00:00,3803.53,0.0079654952110276,1.0
2023-06-09 23:00:00,3798.999,0.0074798650907779,1.0
2023-06-12 09:00:00,3761.377,0.0210718042886953,1.0
2023-06-12 10:00:00,3753.035,0.021690978101723,1.0
2023-06-12 11:00:00,3744.282,0.0263123877955772,1.0
2023-06-12 13:00:00,3747.729,0.0241690367686671,1.0
2023-06-12 14:00:00,3754.973,0.0251027104589034,1.0
2023-06-12 15:00:00,3756.2,0.0260909962195836,1.0
2023-06-12 21:00:00,3761.951,0.024074476249159,1.0
2023-06-12 22:00:00,3774.43,0.0184319221710298,1.0
2023-06-12 23:00:00,3778.379,0.0104896835388932,1.0
2023-06-13 09:00:00,3791.803,0.0124328716444393,1.0
2023-06-13 10:00:00,3827.491,0.0041619954168409,0.0
2023-06-13 11:00:00,3820.02,0.007932942759462,1.0
2023-06-13 13:00:00,3828.233,0.0064750499773655,1.0
2023-06-13 14:00:00,3837.598,0.0079674838271231,1.0
2023-06-13 15:00:00,3839.985,0.0038729317953064,0.0
2023-06-13 21:00:00,3837.916,0.0039529265361721,0.0
2023-06-13 22:00:00,3832.271,0.0106260752436348,1.0
2023-06-13 23:00:00,3833.66,0.0132252208072703,1.0
2023-06-14 09:00:00,3833.827,0.0137129296653187,1.0
2023-06-14 10:00:00,3827.415,0.0158715477678798,1.0
2023-06-14 11:00:00,3840.636,0.0121849610324957,1.0
2023-06-14 13:00:00,3834.442,0.0142591803448845,1.0
2023-06-14 14:00:00,3842.803,0.0087105688217688,1.0
2023-06-14 15:00:00,3838.308,0.0149560691846511,1.0
2023-06-14 21:00:00,3849.233,0.011920037056733,1.0
2023-06-14 22:00:00,3854.203,0.0052438857008829,1.0
2023-06-14 23:00:00,3852.518,-0.0040742184721784,0.0
2023-06-15 09:00:00,3844.0,-6.0093652445427135e-05,0.0
2023-06-15 10:00:00,3818.013,0.0108171449390036,1.0
2023-06-15 11:00:00,3838.946,0.0022836997446695,0.0
2023-06-15 13:00:00,3843.421,-6.296473896555554e-05,0.0
2023-06-15 14:00:00,3850.324,-0.0034282829185284,0.0
2023-06-15 15:00:00,3853.021,-0.0052937681886499,1.0
2023-06-15 21:00:00,3868.174,-0.0102955554739781,1.0
2023-06-15 22:00:00,3854.857,-0.0052572637584221,1.0
2023-06-15 23:00:00,3853.087,-0.0104389026253495,1.0
2023-06-16 09:00:00,3872.993,-0.0143728635708868,1.0
2023-06-16 10:00:00,3884.361,-0.0141794235911646,1.0
2023-06-16 11:00:00,3886.4,-0.0159682482503088,1.0
2023-06-16 13:00:00,3888.162,-0.0159232048458885,1.0
2023-06-16 14:00:00,3887.434,-0.0218015276915313,1.0
2023-06-16 15:00:00,3889.118,-0.0264874966509115,1.0
2023-06-16 21:00:00,3876.276,-0.0240901318688348,1.0
2023-06-16 22:00:00,3895.714,-0.0192154762900972,1.0
2023-06-16 23:00:00,3895.116,-0.0229346186352345,1.0
2023-06-19 09:00:00,3874.414,-0.0143949510816346,1.0
2023-06-19 10:00:00,3836.822,-0.0118293212455517,1.0
2023-06-19 11:00:00,3843.769,-0.0167809251804673,1.0
2023-06-19 13:00:00,3859.313,-0.0211874496834022,1.0
2023-06-19 14:00:00,3847.713,-0.0300266677894115,1.0
2023-06-19 15:00:00,3843.179,-0.0296023162074939,1.0
2023-06-19 21:00:00,3837.124,-0.0241235362735214,1.0
2023-06-19 22:00:00,3832.624,-0.0254274877994814,1.0
2023-06-19 23:00:00,3828.349,-0.0224924634614034,1.0
2023-06-20 09:00:00,3834.591,-0.0228180789033302,1.0
2023-06-20 10:00:00,3812.865,-0.0137909419819478,1.0
2023-06-20 11:00:00,3817.327,-0.0159174207501741,1.0
2023-06-20 13:00:00,3829.283,-0.018822583757847,1.0
2023-06-20 14:00:00,3824.341,-0.0107673452759573,1.0
2023-06-20 15:00:00,3826.25,-0.009187847108788,1.0
2023-06-20 21:00:00,3802.682,0.0018108272003813,0.0
2023-06-20 22:00:00,3786.105,0.0122405480038192,1.0
2023-06-20 23:00:00,3782.896,0.010248761795196,1.0
2023-06-21 09:00:00,3820.856,0.0007516640250247,0.0
2023-06-21 10:00:00,3805.783,0.0020437318680545,0.0
2023-06-21 11:00:00,3818.642,0.0016437780760804,0.0
2023-06-21 13:00:00,3791.435,0.0091601201128332,1.0
2023-06-21 14:00:00,3779.267,0.0108129433564763,1.0
2023-06-21 15:00:00,3777.544,0.0048272104838487,0.0
2023-06-26 09:00:00,3732.179,0.0168025167067281,1.0
2023-06-26 10:00:00,3729.412,0.0201967495144006,1.0
2023-06-26 11:00:00,3744.559,0.018445696809691,1.0
2023-06-26 13:00:00,3735.17,0.0213339687350241,1.0
2023-06-26 14:00:00,3742.24,0.0178037752789773,1.0
2023-06-26 15:00:00,3747.093,0.0100429853222218,1.0
2023-06-26 21:00:00,3760.282,0.0069255444139561,1.0
2023-06-26 22:00:00,3756.565,0.0183239209224384,1.0
2023-06-26 23:00:00,3757.206,0.0123839363612216,1.0
2023-06-27 09:00:00,3783.163,0.0092483458946917,1.0
2023-06-27 10:00:00,3791.095,0.0012439677718443,0.0
2023-06-27 11:00:00,3809.568,-0.0009027270283665,0.0
2023-06-27 13:00:00,3832.449,-0.0071625219278848,1.0
2023-06-27 14:00:00,3821.666,0.0048934155941414,0.0
2023-06-27 15:00:00,3823.728,0.0045518405074837,0.0
2023-06-27 21:00:00,3813.561,0.0077607254741696,1.0
2023-06-27 22:00:00,3824.919,0.0079591227944958,1.0
2023-06-27 23:00:00,3826.165,0.008706106506123,1.0
2023-06-28 09:00:00,3820.132,0.0067809175180334,1.0
2023-06-28 10:00:00,3795.779,0.0084659828720271,1.0
2023-06-28 11:00:00,3794.889,0.0044019732856481,0.0
2023-06-28 13:00:00,3804.734,0.0023867634373388,0.0
2023-06-28 14:00:00,3813.63,0.0021425780686641,0.0
2023-06-28 15:00:00,3814.856,0.000218618998987,0.0
2023-06-28 21:00:00,3808.866,0.0014337600745209,0.0
2023-06-28 22:00:00,3784.725,0.0046383819167839,0.0
2023-06-28 23:00:00,3786.324,0.0087425164882878,1.0
2023-06-29 09:00:00,3825.4,-0.001230720970356,0.0
2023-06-29 10:00:00,3803.735,0.0107362894628568,1.0
2023-06-29 11:00:00,3818.151,0.0074237503964616,1.0
2023-06-29 13:00:00,3795.811,0.0135262266746157,1.0
2023-06-29 14:00:00,3806.129,0.0132383847210644,1.0
2023-06-29 15:00:00,3804.999,0.0117797665649846,1.0
2023-06-29 21:00:00,3840.367,0.0027424462297482,0.0
2023-06-29 22:00:00,3841.133,0.0042565565941091,0.0
2023-06-29 23:00:00,3843.157,0.0086639707927623,1.0
2023-06-30 09:00:00,3855.362,0.0022781258932364,0.0
2023-06-30 10:00:00,3859.476,-0.0043837557222794,0.0
2023-06-30 11:00:00,3846.036,0.0020254620601575,0.0
2023-06-30 13:00:00,3827.914,0.0072399745657817,1.0
2023-06-30 14:00:00,3811.594,0.0110413123748227,1.0
2023-06-30 15:00:00,3813.815,0.0107695312960906,1.0
2023-06-30 21:00:00,3821.801,0.0082531769707527,1.0
2023-06-30 22:00:00,3815.69,0.0036383982975555,0.0
2023-06-30 23:00:00,3814.327,0.0055430486164399,1.0
2023-07-03 09:00:00,3802.28,0.0064771663317798,1.0
2023-07-03 10:00:00,3819.426,0.0036432175934289,0.0
2023-07-03 11:00:00,3820.692,0.0051841394176761,1.0
2023-07-03 13:00:00,3844.573,-0.0011699608773198,0.0
2023-07-03 14:00:00,3846.496,0.0029049815728392,0.0
2023-07-03 15:00:00,3847.154,0.0016058624115384,0.0
2023-07-03 21:00:00,3856.516,-0.000364837070558,0.0
2023-07-03 22:00:00,3849.821,0.0035349695479348,0.0
2023-07-03 23:00:00,3850.899,-0.0037588625409287,0.0
2023-07-04 09:00:00,3857.483,-0.0071922546385817,1.0
2023-07-04 10:00:00,3876.454,-0.0104118351462445,1.0
2023-07-04 11:00:00,3864.145,-0.0042296549430728,0.0
2023-07-04 13:00:00,3842.557,0.0016455188563241,0.0
2023-07-04 14:00:00,3853.826,-0.0030229699005611,0.0
2023-07-04 15:00:00,3855.628,-0.0058986499734932,1.0
2023-07-04 21:00:00,3853.679,-0.0061826633718065,1.0
2023-07-04 22:00:00,3854.888,-0.0033451036709756,0.0
2023-07-04 23:00:00,3853.343,-0.0005880608084978,0.0
2023-07-05 09:00:00,3829.573,0.0042036018114813,0.0
2023-07-05 10:00:00,3835.47,-0.0012496512813291,0.0
2023-07-05 11:00:00,3826.908,-0.0178807538618644,1.0
2023-07-05 13:00:00,3833.341,-0.0201617857633849,1.0
2023-07-05 14:00:00,3840.499,-0.0173115524831538,1.0
2023-07-05 15:00:00,3840.075,-0.0160801546844787,1.0
2023-07-05 21:00:00,3857.67,-0.0205761508890081,1.0
2023-07-05 22:00:00,3853.332,-0.0145261295938163,1.0
2023-07-05 23:00:00,3855.109,-0.0193473128775346,1.0
2023-07-06 09:00:00,3863.43,-0.0258984891663624,1.0
2023-07-06 10:00:00,3836.424,-0.022574407833962,1.0
2023-07-06 11:00:00,3829.739,-0.0211970058534015,1.0
2023-07-06 13:00:00,3836.093,-0.0230841640179213,1.0
2023-07-06 14:00:00,3847.801,-0.0198653724555921,1.0
2023-07-06 15:00:00,3848.88,-0.0198397975514955,1.0
2023-07-06 21:00:00,3842.176,-0.0187060665622813,1.0
2023-07-06 22:00:00,3832.885,-0.0180008009632431,1.0
2023-07-06 23:00:00,3829.853,-0.0118213414457421,1.0
2023-07-07 09:00:00,3841.993,-0.0157839954419489,1.0
2023-07-07 10:00:00,3851.077,-0.0230034351429483,1.0
2023-07-07 11:00:00,3845.671,-0.019381273125028,1.0
2023-07-07 13:00:00,3830.677,-0.0155539086171975,1.0
2023-07-07 14:00:00,3758.48,0.0081192396926417,1.0
2023-07-07 15:00:00,3756.054,0.0063548074654942,1.0
2023-07-07 21:00:00,3774.014,0.001816103490872,0.0
2023-07-07 22:00:00,3778.326,0.0012153530425908,0.0
2023-07-07 23:00:00,3778.294,0.0007445159111493,0.0
2023-07-10 09:00:00,3797.358,-0.0042679673604649,0.0
2023-07-10 10:00:00,3780.523,0.0034307422544446,0.0
2023-07-10 11:00:00,3763.373,0.0112765861901013,1.0
2023-07-10 13:00:00,3749.819,0.0154543459297635,1.0
2023-07-10 14:00:00,3748.56,0.0176152976076146,1.0
2023-07-10 15:00:00,3747.54,0.0173625898589474,1.0
2023-07-10 21:00:00,3771.363,0.0111079203990706,1.0
2023-07-10 22:00:00,3772.519,0.0128839642689672,1.0
2023-07-10 23:00:00,3770.304,0.0085385687732341,1.0
2023-07-11 09:00:00,3763.89,0.0108565872010075,1.0
2023-07-11 10:00:00,3784.579,0.0053490758153019,1.0
2023-07-11 11:00:00,3781.351,0.009114731745347,1.0
2023-07-11 13:00:00,3762.489,0.0147460896231191,1.0
2023-07-11 14:00:00,3771.137,0.0158188366002083,1.0
2023-07-11 15:00:00,3771.095,0.0141563657240139,1.0
2023-07-11 21:00:00,3788.996,0.0093782099532435,1.0
2023-07-11 22:00:00,3779.923,0.0132849267035334,1.0
2023-07-11 23:00:00,3780.868,0.0119689446973552,1.0
2023-07-12 09:00:00,3782.918,0.0110110766344922,1.0
2023-07-12 10:00:00,3781.107,0.0175504157909311,1.0
2023-07-12 11:00:00,3781.151,0.0209378043881348,1.0
2023-07-12 13:00:00,3793.493,0.017990279671005,1.0
2023-07-12 14:00:00,3805.811,0.0118736847415701,1.0
2023-07-12 15:00:00,3807.77,0.0038930922823595,0.0
2023-07-12 21:00:00,3814.592,0.0017404220425146,0.0
2023-07-12 22:00:00,3812.607,-0.0021733160538183,0.0
2023-07-12 23:00:00,3813.255,-0.004211624976562,0.0
2023-07-13 09:00:00,3821.124,-0.0048208328230122,0.0
2023-07-13 10:00:00,3802.497,-0.0004318215109702,0.0
2023-07-13 11:00:00,3804.753,-0.0065678376493822,1.0
2023-07-13 13:00:00,3804.823,-0.006543799803565,1.0
2023-07-13 14:00:00,3815.817,-0.005594607917518,1.0
2023-07-13 15:00:00,3817.971,-0.003824020664379,0.0
2023-07-13 21:00:00,3830.792,-0.0070893956132308,1.0
2023-07-13 22:00:00,3824.48,-0.0053340584863824,1.0
2023-07-13 23:00:00,3824.53,0.0025665898816324,0.0
2023-07-14 09:00:00,3830.139,0.001444072917458,0.0
2023-07-14 10:00:00,3826.121,0.0019123807114307,0.0
2023-07-14 11:00:00,3824.572,0.0031702893814,0.0
2023-07-14 13:00:00,3847.467,-0.0023420603737471,0.0
2023-07-14 14:00:00,3860.32,-0.0086534276951134,1.0
2023-07-14 15:00:00,3861.739,-0.0086673387300384,1.0
2023-07-14 21:00:00,3851.0,-0.0061381459361204,1.0
2023-07-14 22:00:00,3822.594,0.0021351992913712,0.0
2023-07-14 23:00:00,3821.231,-0.0042329291267657,0.0
2023-07-17 09:00:00,3804.321,0.0043831737647796,0.0
2023-07-17 10:00:00,3797.195,0.005413996384173,1.0
2023-07-17 11:00:00,3802.703,0.0076406177395394,1.0
2023-07-17 13:00:00,3800.855,0.008242092897519,1.0
2023-07-17 14:00:00,3779.764,0.0213090023609938,1.0
2023-07-17 15:00:00,3779.925,0.0212625911889785,1.0
2023-07-17 21:00:00,3794.469,0.0171876486538695,1.0
2023-07-17 22:00:00,3803.371,0.0150108942829926,1.0
2023-07-17 23:00:00,3803.634,0.0142779247424962,1.0
2023-07-18 09:00:00,3804.08,0.0127704990431326,1.0
2023-07-18 10:00:00,3834.346,0.0108002772832706,1.0
2023-07-18 11:00:00,3835.67,0.0112293289047285,1.0
2023-07-18 13:00:00,3833.438,0.0112209979657946,1.0
2023-07-18 14:00:00,3836.697,0.0090348547200885,1.0
2023-07-18 15:00:00,3838.456,0.0063345782783494,1.0
2023-07-18 21:00:00,3826.915,0.0092949542908582,1.0
2023-07-18 22:00:00,3828.268,0.0180520277054793,1.0
2023-07-18 23:00:00,3827.362,0.0186365961725072,1.0
2023-07-19 09:00:00,3830.756,0.0123803238838495,1.0
2023-07-19 10:00:00,3805.056,0.0173892315908096,1.0
2023-07-19 11:00:00,3820.996,0.0245907088099542,1.0
2023-07-19 13:00:00,3817.753,0.0268435385945607,1.0
2023-07-19 14:00:00,3831.758,0.0231215019320113,1.0
2023-07-19 15:00:00,3832.182,0.0277173683295835,1.0
2023-07-19 21:00:00,3860.307,0.0205400762167361,1.0
2023-07-19 22:00:00,3860.296,0.0150874440716463,1.0
2023-07-19 23:00:00,3859.687,0.013806819050353,1.0
2023-07-20 09:00:00,3860.463,0.0164387017826617,1.0
2023-07-20 10:00:00,3857.942,0.014647965158626,1.0
2023-07-20 11:00:00,3852.66,0.0142615751195278,1.0
2023-07-20 13:00:00,3875.758,0.008245096830091,1.0
2023-07-20 14:00:00,3878.742,0.0131717964226544,1.0
2023-07-20 15:00:00,3876.453,0.0258661719876392,1.0
2023-07-20 21:00:00,3871.361,0.0276342092612907,1.0
2023-07-20 22:00:00,3862.771,0.038973576222872,1.0
2023-07-20 23:00:00,3862.486,0.0410921877775091,1.0
2023-07-21 09:00:00,3897.376,0.0287819291749115,1.0
2023-07-21 10:00:00,3898.691,0.0292826489711547,1.0
2023-07-21 11:00:00,3878.182,0.0336869182519026,1.0
2023-07-21 13:00:00,3871.223,0.0354577868544384,1.0
2023-07-21 14:00:00,3914.957,0.0293931708573045,1.0
2023-07-21 15:00:00,3920.235,0.0291089692327118,1.0
2023-07-21 21:00:00,3920.354,0.0289861578826809,1.0
2023-07-21 22:00:00,3938.4,0.0217430936420881,1.0
2023-07-21 23:00:00,3939.598,0.0264323923405383,1.0
2023-07-24 09:00:00,3918.538,0.02693657685596,1.0
2023-07-24 10:00:00,3912.977,0.0278925738638382,1.0
2023-07-24 11:00:00,3923.924,0.0293481729003925,1.0
2023-07-24 13:00:00,3914.453,0.0316291957011618,1.0
2023-07-24 14:00:00,3907.605,0.0356648125898088,1.0
2023-07-24 15:00:00,3907.714,0.0399747780927672,1.0
2023-07-24 21:00:00,3929.832,0.0338930519167231,1.0
2023-07-24 22:00:00,3976.722,0.0258373605195433,1.0
2023-07-24 23:00:00,3978.343,0.0269280451685539,1.0
2023-07-25 09:00:00,4013.317,0.0178891924061817,1.0
2023-07-25 10:00:00,4021.204,0.016137704030932,1.0
2023-07-25 11:00:00,4009.55,0.0144110935142346,1.0
2023-07-25 13:00:00,4012.855,0.0136905021487195,1.0
2023-07-25 14:00:00,4008.826,0.0086930687438168,1.0
2023-07-25 15:00:00,4008.488,0.0124251338659364,1.0
2023-07-25 21:00:00,4030.03,0.0069858040759001,1.0
2023-07-25 22:00:00,4034.349,0.0178871485833277,1.0
2023-07-25 23:00:00,4033.99,0.0126663675418134,1.0
2023-07-26 09:00:00,4024.033,0.0163418142942665,1.0
2023-07-26 10:00:00,4043.731,0.0109067591291309,1.0
2023-07-26 11:00:00,4024.09,0.0183986938661907,1.0
2023-07-26 13:00:00,4022.12,0.0196990641751116,1.0
2023-07-26 14:00:00,4039.084,0.0105043618800699,1.0
2023-07-26 15:00:00,4038.264,0.0113979670472261,1.0
2023-07-26 21:00:00,4046.969,0.0082422178178285,1.0
2023-07-26 22:00:00,4063.924,0.002025382364434,0.0
2023-07-26 23:00:00,4063.026,0.0007964507241647,0.0
2023-07-27 09:00:00,4079.47,-0.0032631689900893,0.0
2023-07-27 10:00:00,4085.472,-0.0081789815228204,1.0
2023-07-27 11:00:00,4085.112,-0.0048879932790093,0.0
2023-07-27 13:00:00,4086.097,-0.004333719928822,0.0
2023-07-27 14:00:00,4067.332,0.001904934241906,0.0
2023-07-27 15:00:00,4067.793,0.0022594561719339,0.0
2023-07-27 21:00:00,4043.675,0.0084900492744841,1.0
2023-07-27 22:00:00,4058.294,0.0032663971609746,0.0
2023-07-27 23:00:00,4058.183,0.0004960348017819,0.0
2023-07-28 09:00:00,4106.512,-0.0069095134751827,1.0
2023-07-28 10:00:00,4085.086,-0.0032405682524186,0.0
2023-07-28 11:00:00,4089.793,-0.0045767597528775,0.0
2023-07-28 13:00:00,4087.835,-0.0037799960125592,0.0
2023-07-28 14:00:00,4098.128,-0.0093859928240405,1.0
2023-07-28 15:00:00,4101.352,-0.0108739752159775,1.0
2023-07-28 21:00:00,4081.512,-0.0060568240397186,1.0
2023-07-28 22:00:00,4084.292,-0.005580648983961,1.0
2023-07-28 23:00:00,4080.325,-0.0070413508727858,1.0
2023-07-31 09:00:00,4072.155,-0.01202483697207,1.0
2023-07-31 10:00:00,4066.262,-0.0126423235885931,1.0
2023-07-31 11:00:00,4066.158,-0.0133037132349504,1.0
2023-07-31 13:00:00,4052.057,-0.0099993657542328,1.0
2023-07-31 14:00:00,4065.144,-0.0195894659574173,1.0
2023-07-31 15:00:00,4068.389,-0.0303633698744147,1.0
2023-07-31 21:00:00,4075.08,-0.0323686896944353,1.0
2023-07-31 22:00:00,4076.984,-0.0249179295282984,1.0
2023-07-31 23:00:00,4078.006,-0.029754247541568,1.0
2023-08-01 09:00:00,4071.55,-0.0275590377129103,1.0
2023-08-01 10:00:00,4060.196,-0.0154177286022644,1.0
2023-08-01 11:00:00,4078.138,-0.0274667017153416,1.0
2023-08-01 13:00:00,4071.848,-0.0256448669007291,1.0
2023-08-01 14:00:00,4071.075,-0.0185046947059437,1.0
2023-08-01 15:00:00,4072.383,-0.0154931400116343,1.0
2023-08-01 21:00:00,4059.663,-0.0122923996400685,1.0
2023-08-01 22:00:00,4056.754,-0.0092559223457966,1.0
2023-08-01 23:00:00,4056.791,-0.0157346040256942,1.0
2023-08-02 09:00:00,4061.499,-0.0163607082015776,1.0
2023-08-02 10:00:00,4051.594,-0.0139224216444194,1.0
2023-08-02 11:00:00,4023.188,-0.0120359774387874,1.0
2023-08-02 13:00:00,4014.855,-0.0105147010290533,1.0
2023-08-02 14:00:00,4012.063,-0.0130788075860224,1.0
2023-08-02 15:00:00,4011.539,-0.0086535367099759,1.0
2023-08-02 21:00:00,3985.51,-0.0022551693509739,0.0
2023-08-02 22:00:00,3944.859,0.0067685562399061,1.0
2023-08-02 23:00:00,3943.175,0.0037984618993576,0.0
2023-08-03 09:00:00,3975.394,-0.0088350991121885,1.0
2023-08-03 10:00:00,3956.668,-0.0015275479266899,0.0
2023-08-03 11:00:00,3959.342,0.0014979761788701,0.0
2023-08-03 13:00:00,3997.597,-0.007721388624216,1.0
2023-08-03 14:00:00,3966.125,0.0029149358630905,0.0
2023-08-03 15:00:00,3967.426,0.002302500412106,0.0
2023-08-03 21:00:00,3995.741,-0.0054878431810269,1.0
2023-08-03 22:00:00,4009.289,-0.0106228311304074,1.0
2023-08-03 23:00:00,4009.76,-0.0100178065520131,1.0
2023-08-04 09:00:00,4019.205,-0.0133242768159374,1.0
2023-08-04 10:00:00,3992.959,-0.0123354634996251,1.0
2023-08-04 11:00:00,3995.05,-0.0156753983054029,1.0
2023-08-04 13:00:00,3995.186,-0.0160132719728193,1.0
2023-08-04 14:00:00,3974.765,-0.0146874091927447,1.0
2023-08-04 15:00:00,3972.64,-0.011892847073986,1.0
2023-08-04 21:00:00,3959.59,-0.0082735838811594,1.0
2023-08-04 22:00:00,3976.825,-0.0085150842694862,1.0
2023-08-04 23:00:00,3976.522,-0.0093901152816456,1.0
2023-08-07 09:00:00,3971.56,-0.0056260008661583,1.0
2023-08-07 10:00:00,3958.153,-0.0055826543339784,1.0
2023-08-07 11:00:00,3940.271,0.0004301734576123,0.0
2023-08-07 13:00:00,3950.624,-0.0017726313615266,0.0
2023-08-07 14:00:00,3965.273,-0.0065193493613176,1.0
2023-08-07 15:00:00,3966.73,-0.0109954546944208,1.0
2023-08-07 21:00:00,3977.686,-0.0137285849109256,1.0
2023-08-07 22:00:00,3976.561,-0.0180527848057655,1.0
2023-08-07 23:00:00,3973.813,-0.0187399356738729,1.0
2023-08-08 09:00:00,3966.699,-0.016652385270473,1.0
2023-08-08 10:00:00,3969.591,-0.0136160123297336,1.0
2023-08-08 11:00:00,3965.652,-0.0159212154773035,1.0
2023-08-08 13:00:00,3943.704,-0.0103562539176368,1.0
2023-08-08 14:00:00,3932.426,-0.0035962533052115,0.0
2023-08-08 15:00:00,3931.21,-0.005837897237746,1.0
2023-08-08 21:00:00,3916.386,-0.0018195346423972,0.0
2023-08-08 22:00:00,3925.394,-0.0065302998883677,1.0
2023-08-08 23:00:00,3926.83,-0.011874718284214,1.0
2023-08-09 09:00:00,3942.962,-0.0147929399268874,1.0
2023-08-09 10:00:00,3939.182,-0.0142169110236591,1.0
2023-08-09 11:00:00,3949.216,-0.0098123273074959,1.0
2023-08-09 13:00:00,3936.056,-0.005378988510326,1.0
2023-08-09 14:00:00,3941.966,-0.009151524898997,1.0
2023-08-09 15:00:00,3943.621,-0.0097494155751783,1.0
2023-08-09 21:00:00,3939.422,-0.0083474174637802,1.0
2023-08-09 22:00:00,3923.114,-0.0129399757437586,1.0
2023-08-09 23:00:00,3923.078,-0.0155576820037735,1.0
2023-08-10 09:00:00,3904.773,-0.0112057730372547,1.0
2023-08-10 10:00:00,3899.344,-0.0080305815542306,1.0
2023-08-10 11:00:00,3900.644,-0.0081930060779706,1.0
2023-08-10 13:00:00,3915.541,-0.0121490235959731,1.0
2023-08-10 14:00:00,3902.514,-0.0068094566733136,1.0
2023-08-10 15:00:00,3902.862,-0.0070863381795206,1.0
2023-08-10 21:00:00,3918.284,-0.0107294417658342,1.0
2023-08-10 22:00:00,3908.26,-0.0077356675349132,1.0
2023-08-10 23:00:00,3909.26,-0.0141684103896902,1.0
2023-08-11 09:00:00,3899.76,-0.0065706607586108,1.0
2023-08-11 10:00:00,3880.2,0.0038353693108602,0.0
2023-08-11 11:00:00,3884.634,0.0042956427812761,0.0
2023-08-11 13:00:00,3883.179,0.0048431967725412,0.0
2023-08-11 14:00:00,3910.465,0.0006590009116562,0.0
2023-08-11 15:00:00,3914.884,-0.0039094389514478,0.0
2023-08-11 21:00:00,3905.891,-0.0013692138362283,0.0
2023-08-11 22:00:00,3905.173,-0.0004688652717817,0.0
2023-08-11 23:00:00,3906.538,0.0004169932559212,0.0
2023-08-14 09:00:00,3872.349,0.0108817671134497,1.0
2023-08-14 10:00:00,3862.044,0.0122644899954531,1.0
2023-08-14 11:00:00,3861.017,0.0122540252995519,1.0
2023-08-14 13:00:00,3868.03,0.009799044991895,1.0
2023-08-14 14:00:00,3868.686,0.0064559387864509,1.0
2023-08-14 15:00:00,3867.971,0.0014035782584719,0.0
2023-08-14 21:00:00,3875.94,-0.0006909291681501,0.0
2023-08-14 22:00:00,3875.205,-0.0051798550012192,1.0
2023-08-14 23:00:00,3876.243,-0.0014777195340952,0.0
2023-08-15 09:00:00,3878.027,0.0019156648470988,0.0
2023-08-15 10:00:00,3853.872,0.0070145038548245,1.0
2023-08-15 11:00:00,3874.136,0.0065945026194228,1.0
2023-08-15 13:00:00,3895.082,0.0018736447653734,0.0
2023-08-15 14:00:00,3901.321,-0.0028282727824755,0.0
2023-08-15 15:00:00,3901.986,-0.0042703894888397,0.0
2023-08-15 21:00:00,3913.042,-0.0068082581275642,1.0
2023-08-15 22:00:00,3899.579,-0.0023692301143277,0.0
2023-08-15 23:00:00,3900.543,-0.0049346975536483,0.0
2023-08-16 09:00:00,3903.342,-0.0056451625299551,1.0
2023-08-16 10:00:00,3908.167,-0.0029098040078634,0.0
2023-08-16 11:00:00,3914.487,-0.0086545184592515,1.0
2023-08-16 13:00:00,3909.41,-0.0070811196574419,1.0
2023-08-16 14:00:00,3908.33,-0.0073775755885505,1.0
2023-08-16 15:00:00,3905.933,-0.0142549808202035,1.0
2023-08-16 21:00:00,3893.662,-0.0118515680097552,1.0
2023-08-16 22:00:00,3873.4,-0.0084958950792585,1.0
2023-08-16 23:00:00,3873.262,-0.0029406737783295,0.0
2023-08-17 09:00:00,3855.132,0.0006394074184749,0.0
2023-08-17 10:00:00,3870.515,-0.0037749498451756,0.0
2023-08-17 11:00:00,3885.456,-0.0082865434584769,1.0
2023-08-17 13:00:00,3880.905,-0.0070790189401699,1.0
2023-08-17 14:00:00,3899.684,-0.0154681763958311,1.0
2023-08-17 15:00:00,3902.38,-0.016153475571318,1.0
2023-08-17 21:00:00,3890.287,-0.0138149190535299,1.0
2023-08-17 22:00:00,3885.323,-0.0111133617462435,1.0
2023-08-17 23:00:00,3886.401,-0.0101875745709204,1.0
2023-08-18 09:00:00,3890.34,-0.0085630047759322,1.0
2023-08-18 10:00:00,3881.295,-0.0053497608401319,1.0
2023-08-18 11:00:00,3881.307,0.0011818183926187,0.0
2023-08-18 13:00:00,3896.795,-0.0023765684363688,0.0
2023-08-18 14:00:00,3880.609,0.0067466214710113,1.0
2023-08-18 15:00:00,3881.727,0.006584697996536,1.0
2023-08-18 21:00:00,3879.496,0.0075375770460904,1.0
2023-08-18 22:00:00,3850.254,0.020707984460246,1.0
2023-08-18 23:00:00,3847.516,0.0221379196343822,1.0
2023-08-21 09:00:00,3840.492,0.0239203727022475,1.0
2023-08-21 10:00:00,3861.872,0.0170792817576553,1.0
2023-08-21 11:00:00,3857.597,0.0134734136302988,1.0
2023-08-21 13:00:00,3855.904,0.0130073259085288,1.0
2023-08-21 14:00:00,3853.259,0.0137963734075493,1.0
2023-08-21 15:00:00,3853.432,0.0158009794904906,1.0
2023-08-21 21:00:00,3839.363,0.0192292315157488,1.0
2023-08-21 22:00:00,3839.343,0.0206616079886585,1.0
2023-08-21 23:00:00,3836.543,0.020882341211867,1.0
2023-08-22 09:00:00,3842.144,0.0216946579826264,1.0
2023-08-22 10:00:00,3846.808,0.0219335095486959,1.0
2023-08-22 11:00:00,3857.027,0.0015475650027858,0.0
2023-08-22 13:00:00,3860.531,0.0009304419521563,0.0
2023-08-22 14:00:00,3885.894,-0.0010172691277734,0.0
2023-08-22 15:00:00,3887.534,-0.0004725360601347,0.0
2023-08-22 21:00:00,3906.79,-0.0049019783505127,0.0
2023-08-22 22:00:00,3907.287,-0.0045261584316688,0.0
2023-08-22 23:00:00,3908.738,-0.0045477594046978,0.0
2023-08-23 09:00:00,3929.985,-0.0109651818009484,1.0
2023-08-23 10:00:00,3932.692,-0.0080115605290218,1.0
2023-08-23 11:00:00,3932.358,-0.009916187691965,1.0
2023-08-23 13:00:00,3927.83,-0.0092117021357848,1.0
2023-08-23 14:00:00,3909.572,-0.0105425862472925,1.0
2023-08-23 15:00:00,3906.059,-0.0082067372766258,1.0
2023-08-23 21:00:00,3906.42,-0.0090397345907506,1.0
2023-08-23 22:00:00,3914.32,-0.0109239919066402,1.0
2023-08-23 23:00:00,3913.191,-0.0119138064050539,1.0
2023-08-24 09:00:00,3918.67,-0.0180533191108207,1.0
2023-08-24 10:00:00,3916.659,-0.0200134859838448,1.0
2023-08-24 11:00:00,3925.498,-0.023762335377575,1.0
2023-08-24 13:00:00,3931.182,-0.0253328388255745,1.0
2023-08-24 14:00:00,3862.996,-0.0074519880424417,1.0
2023-08-24 15:00:00,3864.123,-0.0077055000578397,1.0
2023-08-24 21:00:00,3881.941,-0.0117742644723348,1.0
2023-08-24 22:00:00,3885.697,-0.0195010058684452,1.0
2023-08-24 23:00:00,3887.639,-0.017140994830024,1.0
2023-08-25 09:00:00,3889.602,-0.0143932464041307,1.0
2023-08-25 10:00:00,3890.962,-0.0141725876531305,1.0
2023-08-25 11:00:00,3886.892,-0.0178687753608795,1.0
2023-08-25 13:00:00,3901.185,-0.0213119859734926,1.0
2023-08-25 14:00:00,3893.364,-0.018738551031961,1.0
2023-08-25 15:00:00,3891.648,-0.0154474402618119,1.0
2023-08-25 21:00:00,3868.355,-0.0092000346400472,1.0
2023-08-25 22:00:00,3874.003,-0.0120480030604003,1.0
2023-08-25 23:00:00,3871.107,-0.0114086229081241,1.0
2023-08-28 09:00:00,3871.56,-0.0103038568432362,1.0
2023-08-28 10:00:00,3866.57,-0.0085639209945766,1.0
2023-08-28 11:00:00,3847.925,-0.0032305723214459,0.0
2023-08-28 13:00:00,3838.273,-0.0005262783548747,0.0
2023-08-28 14:00:00,3832.219,0.006027317332334,1.0
2023-08-28 15:00:00,3831.594,0.0057098951506866,1.0
2023-08-28 21:00:00,3834.209,0.0053604276657846,1.0
2023-08-28 22:00:00,3834.348,0.0168727512474089,1.0
2023-08-28 23:00:00,3836.234,0.0168433416731096,1.0
2023-08-29 09:00:00,3809.922,0.0237280448261145,1.0
2023-08-29 10:00:00,3821.001,0.0191687989613192,1.0
2023-08-29 11:00:00,3833.618,0.0172171562216162,1.0
2023-08-29 13:00:00,3835.817,0.0164549038705443,1.0
2023-08-29 14:00:00,3817.438,0.0201344461913985,1.0
2023-08-29 15:00:00,3818.043,0.0248671898142582,1.0
2023-08-29 21:00:00,3820.408,0.0239958664100797,1.0
2023-08-29 22:00:00,3831.532,0.0277377299732847,1.0
2023-08-29 23:00:00,3832.766,0.0285665756792874,1.0
2023-08-30 09:00:00,3827.329,0.0288856798043752,1.0
2023-08-30 10:00:00,3826.943,0.0309563011521205,1.0
2023-08-30 11:00:00,3831.668,0.0314745432015508,1.0
2023-08-30 13:00:00,3833.457,0.0306913576961995,1.0
2023-08-30 14:00:00,3835.494,0.0284291932147462,1.0
2023-08-30 15:00:00,3836.253,0.0335024827611734,1.0
2023-08-30 21:00:00,3855.317,0.0285602973763246,1.0
2023-08-30 22:00:00,3853.472,0.0262282948987302,1.0
2023-08-30 23:00:00,3854.762,0.0277871889366969,1.0
2023-08-31 09:00:00,3899.044,0.014387629377868,1.0
2023-08-31 10:00:00,3900.849,0.0112496023301593,1.0
2023-08-31 11:00:00,3900.324,0.0066086817402861,1.0
2023-08-31 13:00:00,3894.245,0.0091843219930949,1.0
2023-08-31 14:00:00,3899.622,0.0112118559183429,1.0
2023-08-31 15:00:00,3898.935,0.0128722330585147,1.0
2023-08-31 21:00:00,3894.3,0.0141655753280435,1.0
2023-08-31 22:00:00,3912.987,0.0082969864198373,1.0
2023-08-31 23:00:00,3912.082,0.0087651536956536,1.0
2023-09-01 09:00:00,3937.81,0.0040235562406515,0.0
2023-09-01 10:00:00,3942.255,-0.0005978811619238,0.0
2023-09-01 11:00:00,3937.884,-0.0048432102113724,0.0
2023-09-01 13:00:00,3945.411,-0.0068743155022378,1.0
2023-09-01 14:00:00,3952.268,-0.0068507499997469,1.0
2023-09-01 15:00:00,3951.111,-0.0048685040739174,0.0
2023-09-01 21:00:00,3944.534,-0.0033040658288152,0.0
2023-09-01 22:00:00,3964.777,-0.0096441741868458,1.0
2023-09-01 23:00:00,3965.426,-0.0084195241570514,1.0
2023-09-04 09:00:00,3954.542,-0.0104828827206791,1.0
2023-09-04 10:00:00,3961.875,-0.0099516011989273,1.0
2023-09-04 11:00:00,3955.142,-0.0091822240516269,1.0
2023-09-04 13:00:00,3944.732,-0.0065203415593251,1.0
2023-09-04 14:00:00,3926.1,-7.76852347112494e-05,0.0
2023-09-04 15:00:00,3930.011,-0.0068032888457564,1.0
2023-09-04 21:00:00,3943.344,-0.0107758795580603,1.0
2023-09-04 22:00:00,3949.123,-0.0146999726268338,1.0
2023-09-04 23:00:00,3949.465,-0.0144414496647014,1.0
2023-09-05 09:00:00,3945.453,-0.0186270119045899,1.0
2023-09-05 10:00:00,3946.372,-0.0196119372426116,1.0
2023-09-05 11:00:00,3953.654,-0.0157001599027127,1.0
2023-09-05 13:00:00,3939.898,-0.0122835667319306,1.0
2023-09-05 14:00:00,3918.812,-0.0114547469998561,1.0
2023-09-05 15:00:00,3918.289,-0.0113427059617094,1.0
2023-09-05 21:00:00,3925.192,-0.0130923531893471,1.0
2023-09-05 22:00:00,3931.875,-0.0163619138451756,1.0
2023-09-05 23:00:00,3931.501,-0.0171629105524836,1.0
2023-09-06 09:00:00,3926.54,-0.0238095116820406,1.0
2023-09-06 10:00:00,3932.039,-0.0234791669156893,1.0
2023-09-06 11:00:00,3913.087,-0.0230311771754627,1.0
2023-09-06 13:00:00,3922.448,-0.0255228367590851,1.0
2023-09-06 14:00:00,3918.825,-0.0273916288683469,1.0
2023-09-06 15:00:00,3919.011,-0.0235990661929757,1.0
2023-09-06 21:00:00,3925.795,-0.0248828581217307,1.0
2023-09-06 22:00:00,3903.274,-0.0129529722996642,1.0
2023-09-06 23:00:00,3900.851,-0.0143899369650366,1.0
2023-09-07 09:00:00,3891.071,-0.0107494825974647,1.0
2023-09-07 10:00:00,3892.429,-0.0079749688433623,1.0
2023-09-07 11:00:00,3871.961,-0.0028499770529713,0.0
2023-09-07 13:00:00,3868.976,-0.0015900848183085,0.0
2023-09-07 14:00:00,3891.581,-0.0013084656338902,0.0
2023-09-07 15:00:00,3891.502,-0.0010579462634221,0.0
2023-09-07 21:00:00,3873.923,0.0034541213132011,0.0
2023-09-07 22:00:00,3873.845,-0.0014272641264686,0.0
2023-09-07 23:00:00,3873.802,0.0036287347675487,0.0
2023-09-08 09:00:00,3867.542,0.0075582889597578,1.0
2023-09-08 10:00:00,3864.025,0.0072421891680307,1.0
2023-09-08 11:00:00,3833.051,0.0147034307657268,1.0
2023-09-08 13:00:00,3839.718,0.0135028145296087,1.0
2023-09-08 14:00:00,3822.964,0.0137657587149657,1.0
2023-09-08 15:00:00,3822.336,0.0159444381655616,1.0
2023-09-08 21:00:00,3811.482,0.0188978985077195,1.0
2023-09-08 22:00:00,3826.526,0.0141587957327351,1.0
2023-09-08 23:00:00,3828.11,0.0095663395252487,1.0
2023-09-11 09:00:00,3852.715,-0.0005868588774409,0.0
2023-09-11 10:00:00,3844.718,-6.112281837046894e-05,0.0
2023-09-11 11:00:00,3849.244,0.003327926210965,0.0
2023-09-11 13:00:00,3861.387,0.0006023742245985,0.0
2023-09-11 14:00:00,3860.926,0.0014522422859179,0.0
2023-09-11 15:00:00,3862.824,8.646523890289402e-05,0.0
2023-09-11 21:00:00,3886.489,-0.0057913453505206,1.0
2023-09-11 22:00:00,3887.385,-0.0068454758147187,1.0
2023-09-11 23:00:00,3887.304,-0.0088521504878445,1.0
2023-09-12 09:00:00,3868.316,-0.0011012543959696,0.0
2023-09-12 10:00:00,3887.859,-0.0075211060894955,1.0
2023-09-12 11:00:00,3896.774,-0.005277698937634,1.0
2023-09-12 13:00:00,3892.009,-0.0039110906475293,0.0
2023-09-12 14:00:00,3889.41,0.0005250153622272,0.0
2023-09-12 15:00:00,3891.565,0.0015256073070859,0.0
2023-09-12 21:00:00,3875.59,0.0065667420960421,1.0
2023-09-12 22:00:00,3883.281,0.0049854749115503,0.0
2023-09-12 23:00:00,3883.511,0.0040574109356198,0.0
2023-09-13 09:00:00,3880.705,0.0053410398368337,1.0
2023-09-13 10:00:00,3864.731,0.0070775947924964,1.0
2023-09-13 11:00:00,3850.454,0.013579697355169,1.0
2023-09-13 13:00:00,3844.483,0.0144625428178508,1.0
2023-09-13 14:00:00,3862.054,0.0048595902594836,0.0
2023-09-13 15:00:00,3863.713,0.0038139478786338,0.0
2023-09-13 21:00:00,3866.533,0.0020162765971479,0.0
2023-09-13 22:00:00,3863.158,0.005647193306616,1.0
2023-09-13 23:00:00,3863.981,0.0080463646172172,1.0
2023-09-14 09:00:00,3860.774,0.0093701418420244,1.0
2023-09-14 10:00:00,3852.893,0.0125098205426416,1.0
2023-09-14 11:00:00,3864.056,0.0118776746506779,1.0
2023-09-14 13:00:00,3858.618,0.0126884806943833,1.0
2023-09-14 14:00:00,3876.208,0.0168275283472919,1.0
2023-09-14 15:00:00,3876.787,0.0180631538436339,1.0
2023-09-14 21:00:00,3891.452,0.0148314819249986,1.0
2023-09-14 22:00:00,3897.502,0.015801659627115,1.0
2023-09-14 23:00:00,3901.04,0.0105928162746344,1.0
2023-09-15 09:00:00,3902.641,0.0110960757087316,1.0
2023-09-15 10:00:00,3899.268,0.0126564780876821,1.0
2023-09-15 11:00:00,3901.432,0.0092776190896061,1.0
2023-09-15 13:00:00,3892.084,0.0112600344699652,1.0
2023-09-15 14:00:00,3902.742,0.0077717153734476,1.0
2023-09-15 15:00:00,3900.084,0.0121353796482332,1.0
2023-09-15 21:00:00,3880.822,0.0174578993831718,1.0
2023-09-15 22:00:00,3878.449,0.0162234955261755,1.0
2023-09-15 23:00:00,3874.329,0.0124968736521859,1.0
2023-09-18 09:00:00,3884.974,0.0116291640561814,1.0
2023-09-18 10:00:00,3895.072,0.0083251349397391,1.0
2023-09-18 11:00:00,3896.95,0.0096465184310807,1.0
2023-09-18 13:00:00,3901.092,0.0081659186709771,1.0
2023-09-18 14:00:00,3909.952,0.001006150459136,0.0
2023-09-18 15:00:00,3907.578,0.0018105844592225,0.0
2023-09-18 21:00:00,3941.435,-0.0071458745355435,1.0
2023-09-18 22:00:00,3946.814,-0.0093622349571071,1.0
2023-09-18 23:00:00,3949.168,-0.0134283980828366,1.0
2023-09-19 09:00:00,3959.089,-0.0200594126578109,1.0
2023-09-19 10:00:00,3942.363,-0.0216578229858589,1.0
2023-09-19 11:00:00,3945.945,-0.0253305608669152,1.0
2023-09-19 13:00:00,3948.619,-0.025637317755904,1.0
2023-09-19 14:00:00,3937.628,-0.0231240736809063,1.0
2023-09-19 15:00:00,3935.909,-0.022636194078674,1.0
2023-09-19 21:00:00,3933.073,-0.0223606325130502,1.0
2023-09-19 22:00:00,3947.413,-0.025784735471054,1.0
2023-09-19 23:00:00,3948.573,-0.0227097232341911,1.0
2023-09-20 09:00:00,3941.371,-0.017952636278087,1.0
2023-09-20 10:00:00,3922.746,-0.0136718003153913,1.0
2023-09-20 11:00:00,3930.153,-0.0157436618879723,1.0
2023-09-20 13:00:00,3927.499,-0.0155569740437871,1.0
2023-09-20 14:00:00,3934.542,-0.0172584255041628,1.0
2023-09-20 15:00:00,3932.948,-0.0183765460412901,1.0
2023-09-20 21:00:00,3913.886,-0.0136756665881428,1.0
2023-09-20 22:00:00,3914.653,-0.0231665488614188,1.0
2023-09-20 23:00:00,3913.27,-0.0213923393990192,1.0
2023-09-21 09:00:00,3909.863,-0.022211775706719,1.0
2023-09-21 10:00:00,3896.137,-0.0195752870086447,1.0
2023-09-21 11:00:00,3879.672,-0.0161075472359519,1.0
2023-09-21 13:00:00,3856.98,-0.0108901264720066,1.0
2023-09-21 14:00:00,3845.992,-0.0121193699830889,1.0
2023-09-21 15:00:00,3847.387,-0.0117825422812938,1.0
2023-09-21 21:00:00,3846.574,-0.0121131167631248,1.0
2023-09-21 22:00:00,3846.815,-0.0103225655509817,1.0
2023-09-21 23:00:00,3845.127,-0.0121431619813857,1.0
2023-09-22 09:00:00,3845.63,-0.0150438289695056,1.0
2023-09-22 10:00:00,3858.902,-0.0252551114280694,1.0
2023-09-22 11:00:00,3870.613,-0.0294131704719639,1.0
2023-09-22 13:00:00,3869.115,-0.0277849068843908,1.0
2023-09-22 14:00:00,3868.278,-0.0275000917721011,1.0
2023-09-22 15:00:00,3866.399,-0.0259849022307319,1.0
2023-09-22 21:00:00,3866.638,-0.0259178645634787,1.0
2023-09-22 22:00:00,3860.674,-0.0231420731198749,1.0
2023-09-22 23:00:00,3860.361,-0.0245803436517982,1.0
2023-09-25 09:00:00,3823.964,-0.0130751753939105,1.0
2023-09-25 10:00:00,3829.556,-0.0155323489198225,1.0
2023-09-25 11:00:00,3823.018,-0.0137203120675863,1.0
2023-09-25 13:00:00,3819.869,-0.014044722476085,1.0
2023-09-25 14:00:00,3817.18,-0.005505897023457,1.0
2023-09-25 15:00:00,3814.977,-0.0036060505738304,0.0
2023-09-25 21:00:00,3799.381,0.0010156917666324,0.0
2023-09-25 22:00:00,3802.055,0.0002948405533323,0.0
2023-09-25 23:00:00,3799.98,-0.0028586992563118,0.0
2023-09-26 09:00:00,3807.106,-0.002884605787178,0.0
2023-09-26 10:00:00,3798.435,0.0001806006947598,0.0
2023-09-26 11:00:00,3787.777,0.0028863895630603,0.0
2023-09-26 13:00:00,3761.445,0.0085929742426114,1.0
2023-09-26 14:00:00,3756.766,-0.0002587331763543,0.0
2023-09-26 15:00:00,3761.612,-0.0036199905785073,0.0
2023-09-26 21:00:00,3761.9,-0.0064680081873521,1.0
2023-09-26 22:00:00,3765.931,-0.0091416969668324,1.0
2023-09-26 23:00:00,3766.423,-0.0075442933520743,1.0
2023-09-27 09:00:00,3771.33,-0.0091598984973471,1.0
2023-09-27 10:00:00,3765.472,-0.0049114692660044,0.0
2023-09-27 11:00:00,3773.965,-0.0087014585455879,1.0
2023-09-27 13:00:00,3770.074,-0.0076945439267239,1.0
2023-09-27 14:00:00,3770.565,-0.0131065238233526,1.0
2023-09-27 15:00:00,3766.22,-0.01568309870374,1.0
2023-09-27 21:00:00,3796.163,-0.0223765417870624,1.0
2023-09-27 22:00:00,3801.22,-0.0242977254670868,1.0
2023-09-27 23:00:00,3803.24,-0.0240373996907898,1.0
2023-09-28 09:00:00,3803.176,-0.0240115103797456,1.0
2023-09-28 10:00:00,3789.117,-0.0180923418305637,1.0
2023-09-28 11:00:00,3796.124,-0.0183078845685756,1.0
2023-09-28 13:00:00,3799.121,-0.0191752250059948,1.0
2023-09-28 14:00:00,3798.71,-0.0195440030957878,1.0
2023-09-28 15:00:00,3793.767,-0.0187997839614292,1.0
2023-10-09 09:00:00,3755.794,-0.0102550885378697,1.0
2023-10-09 10:00:00,3747.995,-0.009865274633504,1.0
2023-10-09 11:00:00,3737.568,-0.0066404143014924,1.0
2023-10-09 13:00:00,3731.504,-0.0047101651237677,0.0
2023-10-09 14:00:00,3738.008,-0.0032659106133533,0.0
2023-10-09 15:00:00,3736.785,-0.0029929471457415,0.0
2023-10-09 21:00:00,3746.978,-0.0061364117963862,1.0
2023-10-09 22:00:00,3741.126,-0.0065028550227927,1.0
2023-10-09 23:00:00,3741.065,-0.0094125603270726,1.0
2023-10-10 09:00:00,3721.146,-0.0007032779686688,0.0
2023-10-10 10:00:00,3707.154,-0.0036399890589924,0.0
2023-10-10 11:00:00,3711.218,0.003883630657105,0.0
2023-10-10 13:00:00,3708.859,0.0047351490040467,0.0
2023-10-10 14:00:00,3711.82,0.0028420020367366,0.0
2023-10-10 15:00:00,3711.856,-0.0014927842028354,0.0
2023-10-10 21:00:00,3720.563,-0.003784104717485,0.0
2023-10-10 22:00:00,3726.625,-0.0038477174387012,0.0
2023-10-10 23:00:00,3726.272,-0.0011778528244852,0.0
2023-10-11 09:00:00,3724.468,-0.003105409953851,0.0
2023-10-11 10:00:00,3722.445,-0.001271207499372,0.0
2023-10-11 11:00:00,3717.278,0.0008422829823328,0.0
2023-10-11 13:00:00,3711.02,0.0030468712106106,0.0
2023-10-11 14:00:00,3712.749,0.0020944049813225,0.0
2023-10-11 15:00:00,3713.928,-9.61246421578369e-05,0.0
2023-10-11 21:00:00,3725.8,-0.0036037897901122,0.0
2023-10-11 22:00:00,3725.601,-7.435042024093392e-05,0.0
2023-10-11 23:00:00,3723.985,0.004083528800465,0.0
2023-10-12 09:00:00,3716.798,0.0093524049464082,1.0
2023-10-12 10:00:00,3705.852,0.0123334660963255,1.0
2023-10-12 11:00:00,3718.529,0.0132084488247906,1.0
2023-10-12 13:00:00,3693.66,0.0202176161314252,1.0
2023-10-12 14:00:00,3725.631,0.0100608460687599,1.0
2023-10-12 15:00:00,3726.421,0.0083758652068566,1.0
2023-10-12 21:00:00,3722.369,0.0096078599408064,1.0
2023-10-12 22:00:00,3706.315,0.0156473478374072,1.0
2023-10-12 23:00:00,3706.484,0.0191877261577279,1.0
2023-10-13 09:00:00,3712.286,0.0188118587845871,1.0
2023-10-13 10:00:00,3721.883,0.0155020993405757,1.0
2023-10-13 11:00:00,3712.902,0.0139378847058177,1.0
2023-10-13 13:00:00,3717.713,0.0120173343127884,1.0
2023-10-13 14:00:00,3720.409,0.0115756090257817,1.0
2023-10-13 15:00:00,3722.327,0.0119269478474082,1.0
2023-10-13 21:00:00,3720.525,0.0125342525584426,1.0
2023-10-13 22:00:00,3713.571,0.0137032522065688,1.0
2023-10-13 23:00:00,3712.373,0.0132217317602514,1.0
2023-10-16 09:00:00,3725.324,0.0064246760818655,1.0
2023-10-16 10:00:00,3739.192,0.001553276750699,0.0
2023-10-16 11:00:00,3751.559,-0.0019903725357911,0.0
2023-10-16 13:00:00,3751.558,-0.0023203692972359,0.0
2023-10-16 14:00:00,3767.645,-0.0081193955375307,1.0
2023-10-16 15:00:00,3768.337,-0.0102018476585294,1.0
2023-10-16 21:00:00,3763.114,-0.0087951095821174,1.0
2023-10-16 22:00:00,3757.633,-0.0069676841777788,1.0
2023-10-16 23:00:00,3758.133,-0.0032518806545697,0.0
2023-10-17 09:00:00,3764.309,-0.0039244918522895,0.0
2023-10-17 10:00:00,3777.603,-0.0060098956931154,1.0
2023-10-17 11:00:00,3782.121,-0.0059276263239594,1.0
2023-10-17 13:00:00,3779.58,-0.0051918467131268,1.0
2023-10-17 14:00:00,3764.652,0.0001120953543647,0.0
2023-10-17 15:00:00,3762.39,-0.0025813379261586,0.0
2023-10-17 21:00:00,3763.475,-0.0027705777240449,0.0
2023-10-17 22:00:00,3766.723,-0.0061284039203307,1.0
2023-10-17 23:00:00,3767.159,-0.0082722815787706,1.0
2023-10-18 09:00:00,3764.459,-0.008674287593516,1.0
2023-10-18 10:00:00,3761.457,-0.0074604069646416,1.0
2023-10-18 11:00:00,3749.258,-0.0074409389804595,1.0
2023-10-18 13:00:00,3745.0,-0.0060325767690253,1.0
2023-10-18 14:00:00,3744.092,-0.0074490690933876,1.0
2023-10-18 15:00:00,3742.853,-0.0058385942488257,1.0
2023-10-18 21:00:00,3737.054,-0.0044767884007028,0.0
2023-10-18 22:00:00,3729.893,-0.0106507076744561,1.0
2023-10-18 23:00:00,3730.017,-0.0112591980143789,1.0
2023-10-19 09:00:00,3731.451,-0.0091873107807124,1.0
2023-10-19 10:00:00,3745.912,-0.0136628943765896,1.0
2023-10-19 11:00:00,3749.536,-0.0121489698992088,1.0
2023-10-19 13:00:00,3754.9,-0.0151402167834029,1.0
2023-10-19 14:00:00,3759.702,-0.0120892560101838,1.0
2023-10-19 15:00:00,3759.957,-0.0127054644507902,1.0
2023-10-19 21:00:00,3765.074,-0.0139513858160557,1.0
2023-10-19 22:00:00,3752.678,-0.0100901276368502,1.0
2023-10-19 23:00:00,3753.048,-0.0087451586017551,1.0
2023-10-20 09:00:00,3743.639,-0.0075023259454237,1.0
2023-10-20 10:00:00,3735.996,-0.0077933702284477,1.0
2023-10-20 11:00:00,3731.805,0.0028768920133823,0.0
2023-10-20 13:00:00,3733.395,0.003448335898023,0.0
2023-10-20 14:00:00,3721.36,0.0157152223918137,1.0
2023-10-20 15:00:00,3722.408,0.0189938878274493,1.0
2023-10-20 21:00:00,3716.202,0.0209404655613446,1.0
2023-10-20 22:00:00,3721.0,0.0230827734479978,1.0
2023-10-20 23:00:00,3720.324,0.0217284838632334,1.0
2023-10-23 09:00:00,3690.167,0.0299441732582835,1.0
2023-10-23 10:00:00,3688.02,0.0281400317785695,1.0
2023-10-23 11:00:00,3697.169,0.0244925238743482,1.0
2023-10-23 13:00:00,3694.732,0.0254213296119989,1.0
2023-10-23 14:00:00,3703.983,0.0206161853334639,1.0
2023-10-23 15:00:00,3698.05,0.0199605197333728,1.0
2023-10-23 21:00:00,3714.25,0.0155283031567611,1.0
2023-10-23 22:00:00,3712.185,0.0188514311652032,1.0
2023-10-23 23:00:00,3712.546,0.0173775624598322,1.0
2023-10-24 09:00:00,3714.813,0.0177152928020871,1.0
2023-10-24 10:00:00,3720.227,0.0171037950103582,1.0
2023-10-24 11:00:00,3715.553,0.019661945341649,1.0
2023-10-24 13:00:00,3706.88,0.0221900897790054,1.0
2023-10-24 14:00:00,3742.541,0.0125738101466356,1.0
2023-10-24 15:00:00,3746.269,0.0111703137174613,1.0
2023-10-24 21:00:00,3779.842,0.0025511648370487,0.0
2023-10-24 22:00:00,3793.111,0.0001188997632813,0.0
2023-10-24 23:00:00,3794.021,0.0026771069532824,0.0
2023-10-25 09:00:00,3806.891,0.0003672287964115,0.0
2023-10-25 10:00:00,3801.161,0.0070667882786338,1.0
2023-10-25 11:00:00,3800.666,0.0095075442040946,1.0
2023-10-25 13:00:00,3791.801,0.0126074654234228,1.0
2023-10-25 14:00:00,3787.722,0.0133703054236819,1.0
2023-10-25 15:00:00,3788.657,0.0119163598077102,1.0
2023-10-25 21:00:00,3780.345,0.01403469789133,1.0
2023-10-25 22:00:00,3771.865,0.017835739083981,1.0
2023-10-25 23:00:00,3771.926,0.017508561938914,1.0
2023-10-26 09:00:00,3782.165,0.0157010601071079,1.0
2023-10-26 10:00:00,3777.061,0.0195906287984228,1.0
2023-10-26 11:00:00,3780.622,0.0187421540688278,1.0
2023-10-26 13:00:00,3783.857,0.017871182764042,1.0
2023-10-26 14:00:00,3788.608,0.0158034296501512,1.0
2023-10-26 15:00:00,3789.136,0.0117784106983755,1.0
2023-10-26 21:00:00,3789.599,0.0118606216647195,1.0
2023-10-26 22:00:00,3788.116,0.0129644921116459,1.0
2023-10-26 23:00:00,3789.485,0.0112065359804828,1.0
2023-10-27 09:00:00,3793.562,0.0116415653678521,1.0
2023-10-27 10:00:00,3804.178,0.0107592231488643,1.0
2023-10-27 11:00:00,3808.289,0.0093855797183459,1.0
2023-10-27 13:00:00,3828.023,0.0042651258887419,0.0
2023-10-27 14:00:00,3836.801,0.0031109249606638,0.0
2023-10-27 15:00:00,3839.606,0.0030339050412984,0.0
2023-10-27 21:00:00,3838.365,0.0032717055308705,0.0
2023-10-27 22:00:00,3833.804,0.0071970293734369,1.0
2023-10-27 23:00:00,3833.401,0.005124953011699,1.0
2023-10-30 09:00:00,3839.139,0.0029722810244693,0.0
2023-10-30 10:00:00,3837.967,0.0047957681762245,0.0
2023-10-30 11:00:00,3841.549,0.004515886690499,0.0
2023-10-30 13:00:00,3851.056,0.0022134188648515,0.0
2023-10-30 14:00:00,3851.479,-0.0008176079890348,0.0
2023-10-30 15:00:00,3851.479,-0.0032029254216366,0.0
2023-10-30 21:00:00,3848.481,-0.0029401210503572,0.0
2023-10-30 22:00:00,3833.766,0.0029837501819359,0.0
2023-10-30 23:00:00,3834.546,0.0040628016980367,0.0
2023-10-31 09:00:00,3837.227,0.0034392023198002,0.0
2023-10-31 10:00:00,3831.952,0.0053228746080326,1.0
2023-10-31 11:00:00,3837.725,0.0039815255131621,0.0
2023-10-31 13:00:00,3845.108,0.001971075974979,0.0
2023-10-31 14:00:00,3844.032,0.006786103757721,1.0
2023-10-31 15:00:00,3844.35,0.0092496780990284,1.0
2023-10-31 21:00:00,3848.737,0.0086472523323885,1.0
2023-10-31 22:00:00,3851.255,0.0099097566897024,1.0
2023-10-31 23:00:00,3850.923,0.0128348450488364,1.0
2023-11-01 09:00:00,3861.396,0.0056800701093594,1.0
2023-11-01 10:00:00,3853.047,0.0101086231234656,1.0
2023-11-01 11:00:00,3850.55,0.0118214281076728,1.0
2023-11-01 13:00:00,3856.373,0.0100011072580374,1.0
2023-11-01 14:00:00,3858.897,0.0161546162025055,1.0
2023-11-01 15:00:00,3859.58,0.0167896506873804,1.0
2023-11-01 21:00:00,3848.33,0.0197223211107155,1.0
2023-11-01 22:00:00,3839.143,0.016626627348864,1.0
2023-11-01 23:00:00,3837.166,0.0180390944775389,1.0
2023-11-02 09:00:00,3845.205,0.0179766748456844,1.0
2023-11-02 10:00:00,3850.125,0.0165114119671439,1.0
2023-11-02 11:00:00,3850.424,0.0120641259248332,1.0
2023-11-02 13:00:00,3852.349,0.0111812299456771,1.0
2023-11-02 14:00:00,3853.005,0.0130005022054214,1.0
2023-11-02 15:00:00,3852.687,0.011850949739753,1.0
2023-11-02 21:00:00,3870.118,0.0069238198938637,1.0
2023-11-02 22:00:00,3879.909,0.0034467303227988,0.0
2023-11-02 23:00:00,3882.018,0.0024513023896334,0.0
2023-11-03 09:00:00,3889.42,-0.0003542944706409,0.0
2023-11-03 10:00:00,3900.349,0.0007732641361066,0.0
2023-11-03 11:00:00,3883.329,0.0012422331458394,0.0
2023-11-03 13:00:00,3891.996,-0.0012096620859836,0.0
2023-11-03 14:00:00,3896.069,-0.0053690014216894,1.0
2023-11-03 15:00:00,3894.941,-0.0052316581945657,1.0
2023-11-03 21:00:00,3921.236,-0.0118322386104789,1.0
2023-11-03 22:00:00,3924.381,-0.0118854412963471,1.0
2023-11-03 23:00:00,3924.228,-0.0099280673803866,1.0
2023-11-06 09:00:00,3902.975,-0.0003154004317218,0.0
2023-11-06 10:00:00,3906.385,-0.0025322644849394,0.0
2023-11-06 11:00:00,3914.329,0.0048889605344874,0.0
2023-11-06 13:00:00,3913.696,0.0055420758280663,1.0
2023-11-06 14:00:00,3896.876,0.0145324100638562,1.0
2023-11-06 15:00:00,3895.423,0.0124114890732021,1.0
2023-11-06 21:00:00,3903.096,0.0106789584473453,1.0
2023-11-06 22:00:00,3898.345,0.0113922703095801,1.0
2023-11-06 23:00:00,3896.914,0.011735183275792,1.0
2023-11-07 09:00:00,3893.282,0.010865896690761,1.0
2023-11-07 10:00:00,3891.534,0.0124351990757371,1.0
2023-11-07 11:00:00,3888.042,0.0148578641897386,1.0
2023-11-07 13:00:00,3903.365,0.0110356064575052,1.0
2023-11-07 14:00:00,3888.153,0.0193683221827948,1.0
2023-11-07 15:00:00,3887.288,0.0211018581592102,1.0
2023-11-07 21:00:00,3875.151,0.0242973757667765,1.0
2023-11-07 22:00:00,3874.564,0.0261128736033267,1.0
2023-11-07 23:00:00,3874.839,0.0235731084568933,1.0
2023-11-08 09:00:00,3877.738,0.026885777223732,1.0
2023-11-08 10:00:00,3885.268,0.0236601439077046,1.0
2023-11-08 11:00:00,3901.744,0.0189620333881463,1.0
2023-11-08 13:00:00,3896.493,0.0215709357106505,1.0
2023-11-08 14:00:00,3933.466,0.0122512816940581,1.0
2023-11-08 15:00:00,3935.386,0.0131181541022913,1.0
2023-11-08 21:00:00,3953.507,0.0090302103929498,1.0
2023-11-08 22:00:00,3943.771,0.0041526244804781,0.0
2023-11-08 23:00:00,3944.777,0.001128834405595,0.0
2023-11-09 09:00:00,3942.756,0.0038313301660057,0.0
2023-11-09 10:00:00,3942.645,0.0070962513743946,1.0
2023-11-09 11:00:00,3935.586,0.0054444242864976,1.0
2023-11-09 13:00:00,3939.926,0.0044538907583544,0.0
2023-11-09 14:00:00,3945.81,-0.0016848251689767,0.0
2023-11-09 15:00:00,3946.441,-0.001392900590684,0.0
2023-11-09 21:00:00,3963.46,-0.0053846891352505,1.0
2023-11-09 22:00:00,3969.317,-0.0051945964507244,1.0
2023-11-09 23:00:00,3969.307,-0.0043649936878149,0.0
2023-11-10 09:00:00,3975.74,-0.0068807316373806,1.0
2023-11-10 10:00:00,3966.181,-0.0079973657278878,1.0
2023-11-10 11:00:00,3981.994,-0.0092177436731446,1.0
2023-11-10 13:00:00,3977.194,-0.0080079070822293,1.0
2023-11-10 14:00:00,3975.729,0.0077072657618263,1.0
2023-11-10 15:00:00,3980.544,0.0117838164833751,1.0
2023-11-10 21:00:00,3981.656,0.0113063509253436,1.0
2023-11-10 22:00:00,3987.011,0.0052372566817598,1.0
2023-11-10 23:00:00,3989.208,0.0048563524388801,0.0
2023-11-13 09:00:00,3960.148,0.0144060272494865,1.0
2023-11-13 10:00:00,3949.23,0.0096221288706912,1.0
2023-11-13 11:00:00,3957.862,0.0093459549625529,1.0
2023-11-13 13:00:00,3970.623,0.0065823423679357,1.0
2023-11-13 14:00:00,3957.013,0.007347714045923,1.0
2023-11-13 15:00:00,3957.474,0.0079727624237075,1.0
2023-11-13 21:00:00,3939.162,0.0120690644355323,1.0
2023-11-13 22:00:00,3940.944,0.0188381260936466,1.0
2023-11-13 23:00:00,3942.118,0.0189979092457405,1.0
2023-11-14 09:00:00,3948.698,0.018905978628905,1.0
2023-11-14 10:00:00,3951.981,0.0194069758938618,1.0
2023-11-14 11:00:00,3948.384,0.0244644391224358,1.0
2023-11-14 13:00:00,3934.462,0.0278312511342084,1.0
2023-11-14 14:00:00,3945.289,0.0286638063776823,1.0
2023-11-14 15:00:00,3945.345,0.0244835369276958,1.0
2023-11-14 21:00:00,4006.371,0.0085905673738153,1.0
2023-11-14 22:00:00,4027.45,-0.0013137344970141,0.0
2023-11-14 23:00:00,4026.674,0.0003712741582755,0.0
2023-11-15 09:00:00,4007.892,0.0064522696719373,1.0
2023-11-15 10:00:00,4008.581,0.0051499520653317,1.0
2023-11-15 11:00:00,4017.198,-0.0021203834115221,0.0
2023-11-15 13:00:00,3987.23,0.0047574381212019,0.0
2023-11-15 14:00:00,3994.852,0.0039991469020629,0.0
2023-11-15 15:00:00,3996.759,0.0012472605928954,0.0
2023-11-15 21:00:00,3986.088,0.0042374879832054,0.0
2023-11-15 22:00:00,3989.026,0.0070094805097786,1.0
2023-11-15 23:00:00,3986.704,0.0090021732237958,1.0
2023-11-16 09:00:00,4015.184,0.0042254601532582,0.0
2023-11-16 10:00:00,4017.01,0.0010746799236247,0.0
2023-11-16 11:00:00,4023.352,0.0037563206003353,0.0
2023-11-16 13:00:00,4028.677,0.0028304577408414,0.0
2023-11-16 14:00:00,4044.979,0.0016264608543085,0.0
2023-11-16 15:00:00,4043.963,0.0047253152415093,0.0
2023-11-16 21:00:00,4058.376,0.0011908704368445,0.0
2023-11-16 22:00:00,4041.941,0.0061171105664333,1.0
2023-11-16 23:00:00,4040.788,0.0026811602093452,0.0
2023-11-17 09:00:00,4022.159,0.004468992896601,0.0
2023-11-17 10:00:00,4028.169,0.0005116468549358,0.0
2023-11-17 11:00:00,4033.752,-0.0041209771944333,0.0
2023-11-17 13:00:00,4029.225,-0.0040481730357574,0.0
2023-11-17 14:00:00,4008.68,0.0021029366275183,0.0
2023-11-17 15:00:00,4006.199,0.0044823035500732,0.0
2023-11-17 21:00:00,4010.828,0.0036371542235169,0.0
2023-11-17 22:00:00,4001.744,0.0032125993067022,0.0
2023-11-17 23:00:00,4002.979,0.0007574358996138,0.0
2023-11-20 09:00:00,4016.987,-0.0020298796087714,0.0
2023-11-20 10:00:00,4022.593,-0.0020208358141129,0.0
2023-11-20 11:00:00,4032.15,0.0028027231129794,0.0
2023-11-20 13:00:00,4021.327,0.0072461155235571,1.0
2023-11-20 14:00:00,4038.465,0.0003674663516954,0.0
2023-11-20 15:00:00,4040.08,-0.0067543216966,1.0
2023-11-20 21:00:00,4051.558,-0.0115148296038214,1.0
2023-11-20 22:00:00,4063.072,-0.0145202940041427,1.0
2023-11-20 23:00:00,4063.209,-0.0156925228310923,1.0
2023-11-21 09:00:00,4066.666,-0.0196224622331905,1.0
2023-11-21 10:00:00,4051.622,-0.014456432510239,1.0
2023-11-21 11:00:00,4040.134,-0.007473514492341,1.0
2023-11-21 13:00:00,4030.23,-0.0055242504770199,1.0
2023-11-21 14:00:00,4017.129,-0.0061907397048986,1.0
2023-11-21 15:00:00,4012.914,-0.0052483058445808,1.0
2023-11-21 21:00:00,4017.11,-0.0055801309896916,1.0
2023-11-21 22:00:00,4024.156,-0.0039086456886859,0.0
2023-11-21 23:00:00,4025.416,-0.0048014913241264,0.0
2023-11-22 09:00:00,4014.6,-0.0023245155183579,0.0
2023-11-22 10:00:00,4006.011,0.0008439817064905,0.0
2023-11-22 11:00:00,4008.833,0.0094683415348057,1.0
2023-11-22 13:00:00,4014.464,0.0086108631189618,1.0
2023-11-22 14:00:00,4043.451,-0.0070763810418377,1.0
2023-11-22 15:00:00,4050.466,-0.0071653483821366,1.0
2023-11-22 21:00:00,4039.949,-0.0041262897130632,0.0
2023-11-22 22:00:00,4012.792,0.0011373627140405,0.0
2023-11-22 23:00:00,4004.905,0.0056505709873267,1.0
2023-11-23 09:00:00,4004.075,0.0074174434794553,1.0
2023-11-23 10:00:00,3999.447,0.0109837685059959,1.0
2023-11-23 11:00:00,3986.868,0.0158262074390223,1.0
2023-11-23 13:00:00,3993.05,0.0145703159239177,1.0
2023-11-23 14:00:00,4009.94,0.0061297675276936,1.0
2023-11-23 15:00:00,4007.966,0.0064419209144987,1.0
2023-11-23 21:00:00,3992.26,0.0108014007103745,1.0
2023-11-23 22:00:00,3991.853,0.011903744952532,1.0
2023-11-23 23:00:00,3994.694,0.0034608408053282,0.0
2023-11-24 09:00:00,4008.427,0.0026020181981609,0.0
2023-11-24 10:00:00,4006.088,-0.0006270456365412,0.0
2023-11-24 11:00:00,4005.268,0.0008134287143831,0.0
2023-11-24 13:00:00,4009.392,-0.0002449249162965,0.0
2023-11-24 14:00:00,4046.79,-0.0085055068338115,1.0
2023-11-24 15:00:00,4049.032,-0.0088675515530626,1.0
2023-11-24 21:00:00,4014.838,-0.0011975576598607,0.0
2023-11-24 22:00:00,4021.443,0.0003342083923605,0.0
2023-11-24 23:00:00,4023.279,-0.0029687227756265,0.0
2023-11-27 09:00:00,4017.356,-0.0004015078574067,0.0
2023-11-27 10:00:00,4027.535,-0.0049702857951575,0.0
2023-11-27 11:00:00,4033.775,-0.0071025280289555,1.0
2023-11-27 13:00:00,4043.376,-0.0092323840276047,1.0
2023-11-27 14:00:00,4049.965,-0.0193999207400557,1.0
2023-11-27 15:00:00,4051.23,-0.0184938895100994,1.0
2023-11-27 21:00:00,4034.52,-0.0145038319304403,1.0
2023-11-27 22:00:00,4033.785,-0.0165140184714852,1.0
2023-11-27 23:00:00,4035.382,-0.0098778752544368,1.0
2023-11-28 09:00:00,4039.371,-0.0121541200350253,1.0
2023-11-28 10:00:00,4008.519,-0.0014541530176106,0.0
2023-11-28 11:00:00,4018.857,-0.0018204180940003,0.0
2023-11-28 13:00:00,4003.576,0.0015521124115041,0.0
2023-11-28 14:00:00,4008.526,0.0056596863784843,1.0
2023-11-28 15:00:00,4008.41,0.004745522538862,0.0
2023-11-28 21:00:00,4012.37,0.003559741499413,0.0
2023-11-28 22:00:00,4013.127,0.0020136417312485,0.0
2023-11-28 23:00:00,4010.03,-0.0006518654473906,0.0
2023-11-29 09:00:00,4022.787,-0.003076971263952,0.0
2023-11-29 10:00:00,4011.335,0.0038144408283027,0.0
2023-11-29 11:00:00,4015.743,0.0040186834665465,0.0
2023-11-29 13:00:00,4007.517,0.0059403366224023,1.0
2023-11-29 14:00:00,4005.125,0.0045351892887238,0.0
2023-11-29 15:00:00,4006.046,0.0021589866916157,0.0
2023-11-29 21:00:00,3971.396,0.0112109192837983,1.0
2023-11-29 22:00:00,3976.307,0.0066315302113242,1.0
2023-11-29 23:00:00,3976.004,0.0061700139134669,1.0
2023-11-30 09:00:00,3967.171,0.0079799938041491,1.0
2023-11-30 10:00:00,3995.521,-0.0027998851714207,0.0
2023-11-30 11:00:00,3990.276,-0.0021376967407767,0.0
2023-11-30 13:00:00,4002.69,-0.0054993017195936,1.0
2023-11-30 14:00:00,4011.541,-0.0103463980550118,1.0
2023-11-30 15:00:00,4009.79,-0.0063277628005456,1.0
2023-11-30 21:00:00,4031.213,-0.0113055301220749,1.0
2023-11-30 22:00:00,4027.432,-0.012530317085428,1.0
2023-11-30 23:00:00,4026.653,-0.0131881242312163,1.0
2023-12-01 09:00:00,4021.208,-0.0114440735221854,1.0
2023-12-01 10:00:00,4007.416,-0.0069733214620094,1.0
2023-12-01 11:00:00,4010.409,-0.009199809794961,1.0
2023-12-01 13:00:00,4026.636,-0.0135895074697588,1.0
2023-12-01 14:00:00,4031.881,-0.0179385254673935,1.0
2023-12-01 15:00:00,4031.323,-0.0130242602738603,1.0
2023-12-01 21:00:00,4023.289,-0.0116337653099243,1.0
2023-12-01 22:00:00,4014.695,-0.0053311646339261,1.0
2023-12-01 23:00:00,4015.919,-0.0061248745305868,1.0
2023-12-04 09:00:00,4002.676,-0.003018730469316,0.0
2023-12-04 10:00:00,4000.536,0.0013798151047759,0.0
2023-12-04 11:00:00,3998.829,0.0057721898085664,1.0
2023-12-04 13:00:00,3984.334,0.0099052940842811,1.0
2023-12-04 14:00:00,3981.746,0.0235268648477325,1.0
2023-12-04 15:00:00,3980.678,0.0239861149281605,1.0
2023-12-04 21:00:00,3970.036,0.0266320003143548,1.0
2023-12-04 22:00:00,3984.417,0.0246894338619677,1.0
2023-12-04 23:00:00,3985.638,0.0262690690925769,1.0
2023-12-05 09:00:00,3976.967,0.0306577851915793,1.0
2023-12-05 10:00:00,3973.549,0.0327719627969858,1.0
2023-12-05 11:00:00,3975.189,0.0342776154794148,1.0
2023-12-05 13:00:00,3979.471,0.032847833292415,1.0
2023-12-05 14:00:00,3973.514,0.0392267398579694,1.0
2023-12-05 15:00:00,3971.916,0.0441174989601995,1.0
2023-12-05 21:00:00,3959.555,0.0469898763876243,1.0
2023-12-05 22:00:00,3978.818,0.0437504304042054,1.0
2023-12-05 23:00:00,3976.483,0.0434788731650556,1.0
2023-12-06 09:00:00,3993.292,0.0384196798030296,1.0
2023-12-06 10:00:00,3991.322,0.0367001209123192,1.0
2023-12-06 11:00:00,3990.593,0.0378848456858416,1.0
2023-12-06 13:00:00,4006.056,0.0344438520080597,1.0
2023-12-06 14:00:00,4021.911,0.0336603669250761,1.0
2023-12-06 15:00:00,4023.8,0.0313780505989363,1.0
2023-12-06 21:00:00,4075.424,0.0181833841092363,1.0
2023-12-06 22:00:00,4076.159,0.010680397894194,1.0
2023-12-06 23:00:00,4075.766,0.0104375471997164,1.0
2023-12-07 09:00:00,4082.79,0.0092353513161343,1.0
2023-12-07 10:00:00,4090.337,0.0094488547031699,1.0
2023-12-07 11:00:00,4098.892,0.0047083455724132,0.0
2023-12-07 13:00:00,4103.77,0.0037358331485437,0.0
2023-12-07 14:00:00,4111.449,0.0009894321928838,0.0
2023-12-07 15:00:00,4110.188,0.0048725265121692,0.0
2023-12-07 21:00:00,4129.382,0.0004131368810151,0.0
2023-12-07 22:00:00,4147.147,-0.0020028226633875,0.0
2023-12-07 23:00:00,4145.614,-0.0026780110256284,0.0
2023-12-08 09:00:00,4152.893,-0.0028310385073729,0.0
2023-12-08 10:00:00,4149.376,-0.0013223675077891,0.0
2023-12-08 11:00:00,4146.713,0.0004842389622816,0.0
2023-12-08 13:00:00,4137.804,0.0035335168122994,0.0
2023-12-08 14:00:00,4141.776,-0.0037836425726548,0.0
2023-12-08 15:00:00,4144.04,-0.0066589608208415,1.0
2023-12-08 21:00:00,4157.29,-0.009824669436099,1.0
2023-12-08 22:00:00,4150.059,-0.0076420600285442,1.0
2023-12-08 23:00:00,4149.529,-0.0167582875068473,1.0
2023-12-11 09:00:00,4119.694,-0.0128014362231758,1.0
2023-12-11 10:00:00,4118.307,-0.0177378714117232,1.0
2023-12-11 11:00:00,4120.496,-0.0150564398072464,1.0
2023-12-11 13:00:00,4128.986,-0.0172918968482818,1.0
2023-12-11 14:00:00,4118.191,-0.0128901257858122,1.0
2023-12-11 15:00:00,4119.101,-0.0113430090692118,1.0
2023-12-11 21:00:00,4115.517,-0.0102055221737632,1.0
2023-12-11 22:00:00,4130.215,-0.0148890554123696,1.0
2023-12-11 23:00:00,4131.088,-0.0125884512748215,1.0
2023-12-12 09:00:00,4138.841,-0.0137722130422502,1.0
2023-12-12 10:00:00,4134.512,-0.0202451945961215,1.0
2023-12-12 11:00:00,4141.136,-0.0221714524710129,1.0
2023-12-12 13:00:00,4143.889,-0.0234260618467338,1.0
2023-12-12 14:00:00,4148.721,-0.0200965550587758,1.0
2023-12-12 15:00:00,4152.425,-0.0216743228354516,1.0
2023-12-12 21:00:00,4126.105,-0.0150703872053667,1.0
2023-12-12 22:00:00,4116.445,-0.013881638161083,1.0
2023-12-12 23:00:00,4116.446,-0.0111229444039833,1.0
2023-12-13 09:00:00,4118.344,-0.0126856814292346,1.0
2023-12-13 10:00:00,4079.99,-0.0135769940612599,1.0
2023-12-13 11:00:00,4066.956,-0.0088154383770073,1.0
2023-12-13 13:00:00,4045.257,-0.0029422110881953,0.0
2023-12-13 14:00:00,4058.456,-0.0098963743847414,1.0
2023-12-13 15:00:00,4057.588,-0.0095569091785563,1.0
2023-12-13 21:00:00,4065.107,-0.0118729962089558,1.0
2023-12-13 22:00:00,4072.378,-0.013984703777498,1.0
2023-12-13 23:00:00,4073.516,-0.0156852213174074,1.0
2023-12-14 09:00:00,4068.72,-0.0108859788827935,1.0
2023-12-14 10:00:00,4079.084,-0.0123846432189187,1.0
2023-12-14 11:00:00,4081.84,-0.0138459616251495,1.0
2023-12-14 13:00:00,4050.808,-0.0066641025691664,1.0
2023-12-14 14:00:00,4049.321,-0.0047766032873165,0.0
2023-12-14 15:00:00,4046.814,-0.0043965450351807,0.0
2023-12-14 21:00:00,4065.346,-0.0092033986775049,1.0
2023-12-14 22:00:00,4062.424,-0.0096533498226674,1.0
2023-12-14 23:00:00,4063.923,-0.0052161421365512,1.0
2023-12-15 09:00:00,4059.302,-0.0096979727056523,1.0
2023-12-15 10:00:00,4070.659,-0.0114824159921034,1.0
2023-12-15 11:00:00,4066.1,-0.0090177319790462,1.0
2023-12-15 13:00:00,4024.596,0.0015785435357983,0.0
2023-12-15 14:00:00,4031.104,-0.0014901624964276,0.0
2023-12-15 15:00:00,4033.355,-0.0010472671014577,0.0
2023-12-15 21:00:00,4018.292,0.0027188168505425,0.0
2023-12-15 22:00:00,4018.81,0.0093736703153421,1.0
2023-12-15 23:00:00,4016.842,0.007252961406,1.0
2023-12-18 09:00:00,4015.427,0.009994204850443,1.0
2023-12-18 10:00:00,4009.622,0.0137224905489844,1.0
2023-12-18 11:00:00,4024.428,0.0080602758951085,1.0
2023-12-18 13:00:00,4028.566,0.0073919603154075,1.0
2023-12-18 14:00:00,4025.323,0.0066742470107367,1.0
2023-12-18 15:00:00,4023.813,0.0078785967439341,1.0
2023-12-18 21:00:00,4029.979,0.0062456901140179,1.0
2023-12-18 22:00:00,4029.022,0.0071660070359506,1.0
2023-12-18 23:00:00,4027.931,0.0098740519636508,1.0
2023-12-19 09:00:00,4023.208,0.0137487298692982,1.0
2023-12-19 10:00:00,4042.725,0.0104474086167127,1.0
2023-12-19 11:00:00,4019.935,0.019506036789152,1.0
2023-12-19 13:00:00,4023.918,0.0181611553714564,1.0
2023-12-19 14:00:00,4029.433,0.0218055493167399,1.0
2023-12-19 15:00:00,4030.949,0.0191379250891042,1.0
2023-12-19 21:00:00,4025.097,0.0210722872020226,1.0
2023-12-19 22:00:00,4029.131,0.0249527751765827,1.0
2023-12-19 23:00:00,4029.217,0.028075926414487,1.0
2023-12-20 09:00:00,4056.481,0.0200543278767976,1.0
2023-12-20 10:00:00,4045.976,0.0184113796028448,1.0
2023-12-20 11:00:00,4055.558,0.0160276341751246,1.0
2023-12-20 13:00:00,4064.644,0.0138993722451463,1.0
2023-12-20 14:00:00,4056.866,0.0163088945999203,1.0
2023-12-20 15:00:00,4058.345,0.0147646392802978,1.0
2023-12-20 21:00:00,4052.189,0.0159121403271169,1.0
2023-12-20 22:00:00,4055.515,0.0197974856460893,1.0
2023-12-20 23:00:00,4055.149,0.0159964529046898,1.0
2023-12-21 09:00:00,4057.894,0.0139545291227421,1.0
2023-12-21 10:00:00,4067.703,0.0133773286791096,1.0
2023-12-21 11:00:00,4078.522,0.012389537190188,1.0
2023-12-21 13:00:00,4084.961,0.0108786840314998,1.0
2023-12-21 14:00:00,4098.348,0.0104654363172672,1.0
2023-12-21 15:00:00,4096.997,0.0110070864098752,1.0
2023-12-21 21:00:00,4117.297,0.0062630895949454,1.0
2023-12-21 22:00:00,4108.093,0.007996410986801,1.0
2023-12-21 23:00:00,4109.915,0.006304996575355,1.0
2023-12-22 09:00:00,4129.669,0.0008051492746754,0.0
2023-12-22 10:00:00,4142.341,-0.0003539061607917,0.0
2023-12-22 11:00:00,4137.831,-0.0002730899352825,0.0
2023-12-22 13:00:00,4120.468,0.003660506524987,0.0
2023-12-22 14:00:00,4120.559,0.0027323962598278,0.0
2023-12-22 15:00:00,4121.14,-0.0016590069737986,0.0
2023-12-22 21:00:00,4123.029,-0.0019684557154463,0.0
2023-12-22 22:00:00,4118.265,0.0014586239593614,0.0
2023-12-22 23:00:00,4116.668,0.0028197561717389,0.0
2023-12-25 09:00:00,4135.804,-0.0016013814968021,0.0
2023-12-25 10:00:00,4120.017,0.0019873704404617,0.0
2023-12-25 11:00:00,4114.52,0.0049646131261969,0.0
2023-12-25 13:00:00,4122.118,0.0033570120991198,0.0
2023-12-25 14:00:00,4129.053,-0.0023719724595445,0.0
2023-12-25 15:00:00,4129.4,-0.0027388966920132,0.0
2023-12-25 21:00:00,4141.239,-0.0057615607309792,1.0
2023-12-25 22:00:00,4142.093,-0.0042536466467555,0.0
2023-12-25 23:00:00,4143.084,-0.004644607736652,0.0
2023-12-26 09:00:00,4140.943,-0.0069653216670695,1.0
2023-12-26 10:00:00,4135.828,-0.0051150579762989,1.0
2023-12-26 11:00:00,4132.994,-0.0087716072174311,1.0
2023-12-26 13:00:00,4140.875,-0.010923053702418,1.0
2023-12-26 14:00:00,4136.701,-0.0043266361286445,0.0
2023-12-26 15:00:00,4135.551,-0.0037670917369899,0.0
2023-12-26 21:00:00,4131.818,-0.0029069528231883,0.0
2023-12-26 22:00:00,4114.303,-8.020799634833099e-05,0.0
2023-12-26 23:00:00,4114.913,-0.0037310630868742,0.0
2023-12-27 09:00:00,4124.272,-0.0038717136018186,0.0
2023-12-27 10:00:00,4128.276,-0.0046818575114647,0.0
2023-12-27 11:00:00,4129.181,-0.0046084199263726,0.0
2023-12-27 13:00:00,4128.205,-0.0040220870814313,0.0
2023-12-27 14:00:00,4134.947,-0.0007642177759472,0.0
2023-12-27 15:00:00,4135.956,0.0022920940164739,0.0
2023-12-27 21:00:00,4119.259,0.0061159057976204,1.0
2023-12-27 22:00:00,4118.09,0.0069971758752236,1.0
2023-12-27 23:00:00,4117.379,0.0063387412234822,1.0
2023-12-28 09:00:00,4124.474,0.0047974602337171,0.0
2023-12-28 10:00:00,4123.841,0.0093827574826476,1.0
2023-12-28 11:00:00,4112.1,0.0107677342477078,1.0
2023-12-28 13:00:00,4114.673,0.0103867306101846,1.0
2023-12-28 14:00:00,4096.741,0.0194920791917283,1.0
2023-12-28 15:00:00,4095.644,0.0161745014947589,1.0
2023-12-28 21:00:00,4118.803,0.0099980504044501,1.0
2023-12-28 22:00:00,4119.972,0.0081879197237263,1.0
2023-12-28 23:00:00,4119.807,0.0095033578029262,1.0
2023-12-29 09:00:00,4113.973,0.0109954537864005,1.0
2023-12-29 10:00:00,4099.56,0.0123532769370371,1.0
2023-12-29 11:00:00,4108.304,0.0104544356990134,1.0
2023-12-29 13:00:00,4108.948,0.0101278964834794,1.0
2023-12-29 14:00:00,4110.152,0.0124715582294767,1.0
2023-12-29 15:00:00,4111.601,0.0056642169315555,1.0
2024-01-02 09:00:00,4131.787,0.0005871551461872,0.0
2024-01-02 10:00:00,4145.436,-0.0006426344538909,0.0
2024-01-02 11:00:00,4144.452,-6.611248000950233e-05,0.0
2024-01-02 13:00:00,4146.905,-0.0004972383018178,0.0
2024-01-02 14:00:00,4143.478,-0.0016647849946349,0.0
2024-01-02 15:00:00,4144.261,-0.0038441111696392,0.0
2024-01-02 21:00:00,4162.534,-0.008373505177375,1.0
2024-01-02 22:00:00,4156.378,-0.0112884343050607,1.0
2024-01-02 23:00:00,4157.411,-0.0126903498355106,1.0
2024-01-03 09:00:00,4176.595,-0.0187193156147531,1.0
2024-01-03 10:00:00,4161.889,-0.0183623349877904,1.0
2024-01-03 11:00:00,4159.983,-0.021087586175232,1.0
2024-01-03 13:00:00,4153.706,-0.018598090476312,1.0
2024-01-03 14:00:00,4158.959,-0.0195943263686897,1.0
2024-01-03 15:00:00,4159.208,-0.0203113188857108,1.0
2024-01-03 21:00:00,4150.203,-0.0184547599237917,1.0
2024-01-03 22:00:00,4151.254,-0.0218391840152397,1.0
2024-01-03 23:00:00,4150.563,-0.0217548800006168,1.0
2024-01-04 09:00:00,4161.412,-0.0279998711975647,1.0
2024-01-04 10:00:00,4134.89,-0.0211642873208235,1.0
2024-01-04 11:00:00,4134.213,-0.0205202296059732,1.0
2024-01-04 13:00:00,4142.772,-0.0227975374942187,1.0
2024-01-04 14:00:00,4144.178,-0.0226920754851746,1.0
2024-01-04 15:00:00,4144.843,-0.0214476157480512,1.0
2024-01-04 21:00:00,4136.58,-0.0199635931131514,1.0
2024-01-04 22:00:00,4128.33,-0.0179925054440899,1.0
2024-01-04 23:00:00,4127.679,-0.020600923666787,1.0
2024-01-05 09:00:00,4109.459,-0.0139130235877763,1.0
2024-01-05 10:00:00,4104.652,-0.0135970113909778,1.0
2024-01-05 11:00:00,4098.412,-0.0128757186929963,1.0
2024-01-05 13:00:00,4085.467,-0.0097651015171582,1.0
2024-01-05 14:00:00,4072.259,-0.0088832758427202,1.0
2024-01-05 15:00:00,4076.455,-0.0109838082353417,1.0
2024-01-05 21:00:00,4077.467,-0.0114934100018467,1.0
2024-01-05 22:00:00,4074.729,-0.0111906828650444,1.0
2024-01-05 23:00:00,4073.612,-0.0148313094128748,1.0
2024-01-08 09:00:00,4060.594,-0.0108154127204049,1.0
2024-01-08 10:00:00,4060.268,-0.0094897676705084,1.0
2024-01-08 11:00:00,4044.893,-0.0100291898945163,1.0
2024-01-08 13:00:00,4047.378,-0.0112317159405423,1.0
2024-01-08 14:00:00,4049.378,-0.0112921046145852,1.0
2024-01-08 15:00:00,4048.327,-0.0086751885408467,1.0
2024-01-08 21:00:00,4050.138,-0.0086846423504581,1.0
2024-01-08 22:00:00,4055.946,-0.0100262676080992,1.0
2024-01-08 23:00:00,4053.999,-0.0086514574867926,1.0
2024-01-09 09:00:00,4054.051,-0.0069722852524549,1.0
2024-01-09 10:00:00,4042.645,-0.0026883389464075,0.0
2024-01-09 11:00:00,4052.284,-0.0033741465306973,0.0
2024-01-09 13:00:00,4048.841,-0.0026903995489079,0.0
2024-01-09 14:00:00,4045.642,-0.0007833120182161,0.0
2024-01-09 15:00:00,4045.572,-0.003929728602037,0.0
2024-01-09 21:00:00,4036.084,-0.001636487248531,0.0
2024-01-09 22:00:00,4031.68,0.0025361635844115,0.0
2024-01-09 23:00:00,4030.603,0.0038629455691864,0.0
2024-01-10 09:00:00,4029.13,0.003766073569232,0.0
2024-01-10 10:00:00,4013.195,0.0036444777789267,0.0
2024-01-10 11:00:00,4016.677,0.0022737700840769,0.0
2024-01-10 13:00:00,4021.737,0.000353329916899,0.0
2024-01-10 14:00:00,4004.326,-0.0012548928334006,0.0
2024-01-10 15:00:00,4001.919,0.0018661047362528,0.0
2024-01-10 21:00:00,4003.652,0.0016564876267967,0.0
2024-01-10 22:00:00,4013.207,0.0033780963703093,0.0
2024-01-10 23:00:00,4014.964,0.0072439005679751,1.0
2024-01-11 09:00:00,4015.28,0.0060060568627841,1.0
2024-01-11 10:00:00,4018.926,0.0038428177080145,0.0
2024-01-11 11:00:00,4025.785,-0.0019735281442003,0.0
2024-01-11 13:00:00,4031.777,-0.0043712735104149,0.0
2024-01-11 14:00:00,4038.611,-0.0036732926246177,0.0
2024-01-11 15:00:00,4037.948,-0.0042776677659047,0.0
2024-01-11 21:00:00,4042.473,-0.0049430138432588,0.0
2024-01-11 22:00:00,4029.674,-0.0040095054835701,0.0
2024-01-11 23:00:00,4029.479,-0.0049525013035183,0.0
2024-01-12 09:00:00,4041.905,-0.0092938849379191,1.0
2024-01-12 10:00:00,4046.173,-0.0127792360830839,1.0
2024-01-12 11:00:00,4044.304,-0.0061444441367414,1.0
2024-01-12 13:00:00,4027.821,-0.0006842409332489,0.0
2024-01-12 14:00:00,4025.81,0.0020582193397105,0.0
2024-01-12 15:00:00,4023.158,0.0025388016080899,0.0
2024-01-12 21:00:00,3999.301,0.0089973222820688,1.0
2024-01-12 22:00:00,4009.387,0.0046358707702698,0.0
2024-01-12 23:00:00,4010.284,1.5709610591195502e-05,0.0
2024-01-15 09:00:00,4026.764,-0.0026681474255755,0.0
2024-01-15 10:00:00,4044.048,-0.0085970789664217,1.0
2024-01-15 11:00:00,4039.396,-0.0116306992431542,1.0
2024-01-15 13:00:00,4034.37,-0.011085497859641,1.0
2024-01-15 14:00:00,4017.84,-0.0084107381080381,1.0
2024-01-15 15:00:00,4014.153,-0.0010580065084713,0.0
2024-01-15 21:00:00,4023.776,-0.0038801861733853,0.0
2024-01-15 22:00:00,4020.675,-0.0033641117474056,0.0
2024-01-15 23:00:00,4022.491,-0.0088221452826122,1.0
2024-01-16 09:00:00,4013.517,-0.0016187797385684,0.0
2024-01-16 10:00:00,4009.523,0.0011116035498486,0.0
2024-01-16 11:00:00,4004.34,0.0053284686115564,1.0
2024-01-16 13:00:00,3994.466,0.0078891646593061,1.0
2024-01-16 14:00:00,4019.454,-0.0001226534748252,0.0
2024-01-16 15:00:00,4025.065,-0.00292939368681,0.0
2024-01-16 21:00:00,4034.096,-0.0049195656226326,0.0
2024-01-16 22:00:00,4033.372,-0.002752287664019,0.0
2024-01-16 23:00:00,4035.284,0.0006505118351025,0.0
2024-01-17 09:00:00,4027.974,0.0011511990891698,0.0
2024-01-17 10:00:00,4010.347,0.0029850284775856,0.0
2024-01-17 11:00:00,4016.02,0.0034877814353514,0.0
2024-01-17 13:00:00,4009.281,0.0044601513338676,0.0
2024-01-17 14:00:00,3992.415,0.007224699837066,1.0
2024-01-17 15:00:00,3989.647,0.0072209395969117,1.0
2024-01-17 21:00:00,3984.047,0.0080400657923965,1.0
2024-01-17 22:00:00,4009.906,0.0065989078048214,1.0
2024-01-17 23:00:00,4008.163,0.0077479383947209,1.0
2024-01-18 09:00:00,4007.149,0.0079467970869064,1.0
2024-01-18 10:00:00,3987.004,0.011799336042803,1.0
2024-01-18 11:00:00,4007.02,0.0050513848196415,1.0
2024-01-18 13:00:00,4013.98,0.0023388258038156,0.0
2024-01-18 14:00:00,4025.677,-0.0019072568415201,0.0
2024-01-18 15:00:00,4025.979,0.0009575310750503,0.0
2024-01-18 21:00:00,4018.961,0.0026509339105306,0.0
2024-01-18 22:00:00,4013.274,0.0097573701671005,1.0
2024-01-18 23:00:00,4014.25,0.0078051939963878,1.0
2024-01-19 09:00:00,4022.271,0.0048017649730711,0.0
2024-01-19 10:00:00,4037.909,0.002108517056724,0.0
2024-01-19 11:00:00,4032.611,0.0021951038669488,0.0
2024-01-19 13:00:00,4022.318,0.0049879199009127,0.0
2024-01-19 14:00:00,4030.027,0.0068222867985748,1.0
2024-01-19 15:00:00,4027.163,0.0065055722850056,1.0
2024-01-19 21:00:00,4021.259,0.0081807712460201,1.0
2024-01-19 22:00:00,4018.456,0.0101578815345993,1.0
2024-01-19 23:00:00,4016.079,0.0100961659369748,1.0
2024-01-22 09:00:00,4036.367,0.0066069314311606,1.0
2024-01-22 10:00:00,4039.218,0.0056926860595293,1.0
2024-01-22 11:00:00,4038.993,0.0084902350660176,1.0
2024-01-22 13:00:00,4034.048,0.0097896703261835,1.0
2024-01-22 14:00:00,4027.261,0.0175985614043888,1.0
2024-01-22 15:00:00,4023.368,0.020329236599784,1.0
2024-01-22 21:00:00,4017.999,0.0207946791425283,1.0
2024-01-22 22:00:00,4029.834,0.0190392457853103,1.0
2024-01-22 23:00:00,4029.615,0.0189928814539355,1.0
2024-01-23 09:00:00,4052.433,0.014911289094724,1.0
2024-01-23 10:00:00,4045.582,0.0152376098173266,1.0
2024-01-23 11:00:00,4041.585,0.0122756294869462,1.0
2024-01-23 13:00:00,4046.423,0.0108678702152493,1.0
2024-01-23 14:00:00,4041.463,0.0139298565890619,1.0
2024-01-23 15:00:00,4042.381,0.0112723169834807,1.0
2024-01-23 21:00:00,4057.521,0.0073971274578738,1.0
2024-01-23 22:00:00,4053.362,0.008524528527183,1.0
2024-01-23 23:00:00,4054.156,0.0097016493691905,1.0
2024-01-24 09:00:00,4059.275,0.0089560327891064,1.0
2024-01-24 10:00:00,4056.626,0.0118951069189025,1.0
2024-01-24 11:00:00,4063.035,0.0083179199785382,1.0
2024-01-24 13:00:00,4062.212,0.0083471763659798,1.0
2024-01-24 14:00:00,4073.285,0.0067459065594477,1.0
2024-01-24 15:00:00,4073.54,0.0076653230359835,1.0
2024-01-24 21:00:00,4098.135,0.0016329379095613,0.0
2024-01-24 22:00:00,4105.16,0.0005924251429907,0.0
2024-01-24 23:00:00,4101.552,-0.0021443102513389,0.0
2024-01-25 09:00:00,4106.559,-0.003570629327376,0.0
2024-01-25 10:00:00,4106.149,-0.0062031358335999,1.0
2024-01-25 11:00:00,4112.86,-0.0065183351730911,1.0
2024-01-25 13:00:00,4107.227,-0.0050440357934927,1.0
2024-01-25 14:00:00,4091.198,-0.0024472049507258,0.0
2024-01-25 15:00:00,4090.399,-0.0001131918915489,0.0
2024-01-25 21:00:00,4097.76,-0.0023466479247199,0.0
2024-01-25 22:00:00,4087.948,-0.0004253968005463,0.0
2024-01-25 23:00:00,4087.535,-0.0018309323345243,0.0
2024-01-26 09:00:00,4087.915,-0.0044010210584124,0.0
2024-01-26 10:00:00,4093.488,-0.0102088976442583,1.0
2024-01-26 11:00:00,4095.63,-0.013018265810144,1.0
2024-01-26 13:00:00,4104.88,-0.0161008360780339,1.0
2024-01-26 14:00:00,4096.831,-0.0186780953375914,1.0
2024-01-26 15:00:00,4096.12,-0.0166547855043308,1.0
2024-01-26 21:00:00,4100.763,-0.0182044170804311,1.0
2024-01-26 22:00:00,4104.765,-0.0218234174185368,1.0
2024-01-26 23:00:00,4104.827,-0.0197011956898549,1.0
2024-01-29 09:00:00,4107.592,-0.0204146370915123,1.0
2024-01-29 10:00:00,4092.757,-0.0194228487056524,1.0
2024-01-29 11:00:00,4091.896,-0.021916246160704,1.0
2024-01-29 13:00:00,4080.678,-0.0199385984387888,1.0
2024-01-29 14:00:00,4086.051,-0.0200951970496697,1.0
2024-01-29 15:00:00,4086.51,-0.0176891773175644,1.0
2024-01-29 21:00:00,4081.186,-0.0168972940708902,1.0
2024-01-29 22:00:00,4089.936,-0.0223499829826188,1.0
2024-01-29 23:00:00,4088.144,-0.0211416231913552,1.0
2024-01-30 09:00:00,4086.209,-0.021177330870741,1.0
2024-01-30 10:00:00,4080.051,-0.0219345297399469,1.0
2024-01-30 11:00:00,4069.924,-0.0175076979324429,1.0
2024-01-30 13:00:00,4051.698,-0.0131320251410642,1.0
2024-01-30 14:00:00,4042.312,-0.0116057345400354,1.0
2024-01-30 15:00:00,4038.788,-0.0146687570627624,1.0
2024-01-30 21:00:00,4020.31,-0.0100502200079097,1.0
2024-01-30 22:00:00,4027.9,-0.0119831674073339,1.0
2024-01-30 23:00:00,4026.111,-0.016501035366387,1.0
2024-01-31 09:00:00,4015.185,-0.0135801961802507,1.0
2024-01-31 10:00:00,4023.957,-0.0194741146587798,1.0
2024-01-31 11:00:00,4023.737,-0.0155263626822528,1.0
2024-01-31 13:00:00,4013.264,-0.0129079472469292,1.0
2024-01-31 14:00:00,4002.217,-0.0092711114864586,1.0
2024-01-31 15:00:00,3999.315,-0.0046775510306139,0.0
2024-01-31 21:00:00,4003.941,-0.0056666669164205,1.0
2024-01-31 22:00:00,4014.223,-0.0105355382598325,1.0
2024-01-31 23:00:00,4012.225,-0.0135677834617948,1.0
2024-02-01 09:00:00,3998.526,-0.0088772712744645,1.0
2024-02-01 10:00:00,4001.714,-0.0066109172219703,1.0
2024-02-01 11:00:00,3999.674,-0.0090852404470964,1.0
2024-02-01 13:00:00,3990.557,-0.0066070977059092,1.0
2024-02-01 14:00:00,3998.669,-0.0152395709672392,1.0
2024-02-01 15:00:00,3998.491,-0.0154200672203589,1.0
2024-02-01 21:00:00,3995.398,-0.0146348373804062,1.0
2024-02-01 22:00:00,3979.544,-0.0074232123077417,1.0
2024-02-01 23:00:00,3979.905,-0.0072984154144382,1.0
2024-02-02 09:00:00,3979.633,-0.0087445249348368,1.0
2024-02-02 10:00:00,3959.676,0.0005631773912815,0.0
2024-02-02 11:00:00,3960.658,-2.045114725878281e-05,0.0
2024-02-02 13:00:00,3945.594,0.0037581160149777,0.0
2024-02-02 14:00:00,3961.263,-0.0019158031163292,0.0
2024-02-02 15:00:00,3961.461,-0.0006949456273833,0.0
2024-02-02 21:00:00,3965.112,-0.0016693097193724,0.0
2024-02-02 22:00:00,3980.608,-0.0064952389182758,1.0
2024-02-02 23:00:00,3981.252,-0.0104590214334585,1.0
2024-02-05 09:00:00,3971.931,-0.0059701439929344,1.0
2024-02-05 10:00:00,3957.788,-0.0034744155068437,0.0
2024-02-05 11:00:00,3963.03,0.0002326502701216,0.0
2024-02-05 13:00:00,3975.259,-0.0035046773053025,0.0
2024-02-05 14:00:00,3963.336,0.0005321274804862,0.0
2024-02-05 15:00:00,3964.191,0.0009058594805347,0.0
2024-02-05 21:00:00,3937.731,0.0078844898242159,1.0
2024-02-05 22:00:00,3936.834,0.0113380447334075,1.0
2024-02-05 23:00:00,3936.926,0.0082020845705507,1.0
2024-02-06 09:00:00,3950.003,0.0053959452689022,1.0
2024-02-06 10:00:00,3950.858,0.0047668126771449,0.0
2024-02-06 11:00:00,3944.833,0.0084061860159859,1.0
2024-02-06 13:00:00,3961.906,0.0039619819349575,0.0
2024-02-06 14:00:00,3960.577,6.413206964538384e-05,0.0
2024-02-06 15:00:00,3960.422,-0.0031168395691166,0.0
2024-02-06 21:00:00,3953.674,-0.0019485673325621,0.0
2024-02-06 22:00:00,3958.708,-0.0030701936086218,0.0
2024-02-06 23:00:00,3958.493,-0.0058406065136403,1.0
2024-02-07 09:00:00,3954.753,-0.0043939533012554,0.0
2024-02-07 10:00:00,3939.612,-0.003421910584088,0.0
2024-02-07 11:00:00,3948.218,-0.003131032784917,0.0
2024-02-07 13:00:00,3944.037,-0.002294349672683,0.0
2024-02-07 14:00:00,3963.952,-0.0101815057296355,1.0
2024-02-07 15:00:00,3961.327,-0.0157820851447002,1.0
2024-02-07 21:00:00,3965.445,-0.0173902298481002,1.0
2024-02-07 22:00:00,3967.782,-0.0188581429120854,1.0
2024-02-07 23:00:00,3968.778,-0.021775972352195,1.0
2024-02-08 09:00:00,3981.47,-0.0255719621144953,1.0
2024-02-08 10:00:00,3969.217,-0.0251195638837584,1.0
2024-02-08 11:00:00,3971.317,-0.0272075988897386,1.0
2024-02-08 13:00:00,3969.691,-0.0267134142178824,1.0
2024-02-08 14:00:00,3977.994,-0.0275473014790872,1.0
2024-02-08 15:00:00,3977.603,-0.0200492608236669,1.0
2024-02-19 09:00:00,3960.831,-0.0075168569423941,1.0
2024-02-19 10:00:00,3948.078,-0.0025209734964709,0.0
2024-02-19 11:00:00,3945.97,-0.0096881121752065,1.0
2024-02-19 13:00:00,3946.554,-0.009167998208057,1.0
2024-02-19 14:00:00,3935.373,-0.0063495887175116,1.0
2024-02-19 15:00:00,3937.376,-0.0063549937826614,1.0
2024-02-19 21:00:00,3926.131,-0.0039351718014502,0.0
2024-02-19 22:00:00,3935.856,-0.0088890447211484,1.0
2024-02-19 23:00:00,3934.988,-0.0098971076913067,1.0
2024-02-20 09:00:00,3923.593,-0.0068421979547827,1.0
2024-02-20 10:00:00,3898.809,-0.0048581502710187,0.0
2024-02-20 11:00:00,3896.485,3.977944224082611e-05,0.0
2024-02-20 13:00:00,3892.957,0.0008934082755088,0.0
2024-02-20 14:00:00,3882.354,0.0054181045829412,1.0
2024-02-20 15:00:00,3879.656,0.0085108061127069,1.0
2024-02-20 21:00:00,3869.512,0.0112127834207517,1.0
2024-02-20 22:00:00,3863.267,0.0116455839060567,1.0
2024-02-20 23:00:00,3863.647,0.0114016627295402,1.0
2024-02-21 09:00:00,3868.411,0.0079975990141688,1.0
2024-02-21 10:00:00,3897.855,0.0011821886653044,0.0
2024-02-21 11:00:00,3931.058,-0.0080250660254822,1.0
2024-02-21 13:00:00,3938.125,-0.0099217267100459,1.0
2024-02-21 14:00:00,3907.741,-0.0015553743198436,0.0
2024-02-21 15:00:00,3910.372,-0.007293679476019,1.0
2024-02-21 21:00:00,3910.385,-0.0074302146719569,1.0
2024-02-21 22:00:00,3912.354,-0.0105977117612567,1.0
2024-02-21 23:00:00,3910.681,-0.0079377479267677,1.0
2024-02-22 09:00:00,3900.87,-0.0039337378584776,0.0
2024-02-22 10:00:00,3896.043,-0.0087273164079554,1.0
2024-02-22 11:00:00,3896.747,-0.0078036885638199,1.0
2024-02-22 13:00:00,3879.868,-0.0035485743329412,0.0
2024-02-22 14:00:00,3896.64,-0.0089577174180832,1.0
2024-02-22 15:00:00,3896.435,-0.0086812689034976,1.0
2024-02-22 21:00:00,3903.389,-0.0104378528504332,1.0
2024-02-22 22:00:00,3912.675,-0.0068750918489269,1.0
2024-02-22 23:00:00,3912.9,-0.0003526795982519,0.0
2024-02-23 09:00:00,3908.257,0.000591312188528,0.0
2024-02-23 10:00:00,3907.699,-0.0005128337673909,0.0
2024-02-23 11:00:00,3899.349,0.0066834233098908,1.0
2024-02-23 13:00:00,3902.463,0.0068654078206506,1.0
2024-02-23 14:00:00,3899.511,0.0062253959534925,1.0
2024-02-23 15:00:00,3899.052,0.0047162746226517,0.0
2024-02-23 21:00:00,3901.663,0.0045129474278019,0.0
2024-02-23 22:00:00,3881.851,0.009503713563452,1.0
2024-02-23 23:00:00,3881.33,0.0088461944745744,1.0
2024-02-26 09:00:00,3870.892,0.0118520485717504,1.0
2024-02-26 10:00:00,3879.639,0.0114807073544728,1.0
2024-02-26 11:00:00,3885.525,0.0067429755309771,1.0
2024-02-26 13:00:00,3862.041,0.0130858268982644,1.0
2024-02-26 14:00:00,3866.338,0.0081402608876926,1.0
2024-02-26 15:00:00,3866.1,0.0067150358242156,1.0
2024-02-26 21:00:00,3861.735,0.0077983082733537,1.0
2024-02-26 22:00:00,3862.609,0.0087492676582072,1.0
2024-02-26 23:00:00,3862.646,0.0121183768846536,1.0
2024-02-27 09:00:00,3885.775,0.0073756200500543,1.0
2024-02-27 10:00:00,3911.52,-0.0014659262895242,0.0
2024-02-27 11:00:00,3910.568,-0.0024510505890704,0.0
2024-02-27 13:00:00,3905.695,-0.0005302513381102,0.0
2024-02-27 14:00:00,3925.41,-0.0020104906239093,0.0
2024-02-27 15:00:00,3929.255,-0.0043153218612688,0.0
2024-02-27 21:00:00,3923.787,-0.0025776118836216,0.0
2024-02-27 22:00:00,3917.441,-0.0027890656170699,0.0
2024-02-27 23:00:00,3919.271,-0.0029571825984985,0.0
2024-02-28 09:00:00,3918.743,-0.003880070726761,0.0
2024-02-28 10:00:00,3915.665,-0.0022338478904604,0.0
2024-02-28 11:00:00,3916.77,-0.0083333971614365,1.0
2024-02-28 13:00:00,3924.18,-0.0116184782553297,1.0
2024-02-28 14:00:00,3911.725,-0.0104506323936371,1.0
2024-02-28 15:00:00,3912.579,-0.0087356702573929,1.0
2024-02-28 21:00:00,3897.811,-0.0051954802323663,1.0
2024-02-28 22:00:00,3892.061,-0.0057332092174301,1.0
2024-02-28 23:00:00,3891.85,-0.0070110615773989,1.0
2024-02-29 09:00:00,3896.404,-0.0094120116907794,1.0
2024-02-29 10:00:00,3909.455,-0.0168376410522694,1.0
2024-02-29 11:00:00,3914.435,-0.0084259925123292,1.0
2024-02-29 13:00:00,3905.786,-0.0063347044615348,1.0
2024-02-29 14:00:00,3900.983,-0.0067536823410919,1.0
2024-02-29 15:00:00,3903.624,-0.00556969626173,1.0
2024-02-29 21:00:00,3917.518,-0.0093153369046421,1.0
2024-02-29 22:00:00,3912.299,-0.0103432789773991,1.0
2024-02-29 23:00:00,3913.673,-0.0110198271546957,1.0
2024-03-01 09:00:00,3906.515,-0.0112161350973949,1.0
2024-03-01 10:00:00,3907.681,-0.015413233577664,1.0
2024-03-01 11:00:00,3903.538,-0.0121425742493091,1.0
2024-03-01 13:00:00,3906.918,-0.0141528437504959,1.0
2024-03-01 14:00:00,3884.13,-0.0091894452554369,1.0
2024-03-01 15:00:00,3878.587,-0.0086820277590782,1.0
2024-03-01 21:00:00,3870.845,-0.0067494306798644,1.0
2024-03-01 22:00:00,3878.4,-0.0136453176567656,1.0
2024-03-01 23:00:00,3877.56,-0.0096978512260286,1.0
2024-03-04 09:00:00,3869.747,-0.0058561968004626,1.0
2024-03-04 10:00:00,3864.564,-0.0054836716379907,1.0
2024-03-04 11:00:00,3859.731,-0.0045404718618992,0.0
2024-03-04 13:00:00,3843.629,-0.0011426701172251,0.0
2024-03-04 14:00:00,3881.452,-0.0062453432375308,1.0
2024-03-04 15:00:00,3881.044,-0.0050561137673265,1.0
2024-03-04 21:00:00,3874.637,-0.0035933688755876,0.0
2024-03-04 22:00:00,3881.882,-0.0043934874888004,0.0
2024-03-04 23:00:00,3881.025,-0.0038677926578674,0.0
2024-03-05 09:00:00,3871.833,-0.0055462102833464,1.0
2024-03-05 10:00:00,3870.545,-0.0058428464208529,1.0
2024-03-05 11:00:00,3862.699,-0.0035974845567827,0.0
2024-03-05 13:00:00,3847.451,0.000369855262614,0.0
2024-03-05 14:00:00,3856.139,-0.003464346072587,0.0
2024-03-05 15:00:00,3851.624,-0.0044433205318067,0.0
2024-03-05 21:00:00,3848.437,-0.0038662449196907,0.0
2024-03-05 22:00:00,3844.913,-0.002774054965613,0.0
2024-03-05 23:00:00,3844.719,-0.0042146123032659,0.0
2024-03-06 09:00:00,3825.478,0.0024349898234939,0.0
2024-03-06 10:00:00,3839.956,-0.0029799820622945,0.0
2024-03-06 11:00:00,3847.085,-0.0020872946659614,0.0
2024-03-06 13:00:00,3843.372,-0.0013857622941521,0.0
2024-03-06 14:00:00,3842.206,-0.0031765605488097,0.0
2024-03-06 15:00:00,3839.237,-0.0065213478615673,1.0
2024-03-06 21:00:00,3857.211,-0.0120123063011071,1.0
2024-03-06 22:00:00,3861.421,-0.0191364785139977,1.0
2024-03-06 23:00:00,3860.714,-0.0201970412726764,1.0
2024-03-07 09:00:00,3864.827,-0.0208004135760799,1.0
2024-03-07 10:00:00,3866.014,-0.0250782847656526,1.0
2024-03-07 11:00:00,3850.359,-0.0205344488656772,1.0
2024-03-07 13:00:00,3847.93,-0.0207680493148263,1.0
2024-03-07 14:00:00,3848.803,-0.0188879503575527,1.0
2024-03-07 15:00:00,3848.874,-0.0187005342341681,1.0
2024-03-07 21:00:00,3842.78,-0.0173403109207397,1.0
2024-03-07 22:00:00,3834.51,-0.0130991965075068,1.0
2024-03-07 23:00:00,3833.558,-0.0147364406642601,1.0
2024-03-08 09:00:00,3834.247,-0.0147304020841641,1.0
2024-03-08 10:00:00,3828.515,-0.0098011892339457,1.0
2024-03-08 11:00:00,3834.793,-0.0083626417384197,1.0
2024-03-08 13:00:00,3828.513,-0.0071873858074923,1.0
2024-03-08 14:00:00,3839.055,-0.0066998258686056,1.0
2024-03-08 15:00:00,3838.046,-0.0072734928137911,1.0
2024-03-08 21:00:00,3830.001,-0.0052443850536854,1.0
2024-03-08 22:00:00,3814.2,-0.001973152954748,0.0
2024-03-08 23:00:00,3810.877,-0.0024750208416592,0.0
2024-03-11 09:00:00,3787.527,0.0017729246550586,0.0
2024-03-11 10:00:00,3782.739,-0.0012850476863457,0.0
2024-03-11 11:00:00,3784.437,-0.0040645411721743,0.0
2024-03-11 13:00:00,3769.061,-0.000266379344882,0.0
2024-03-11 14:00:00,3771.294,-0.0094158662782588,1.0
2024-03-11 15:00:00,3768.016,-0.0033009413972764,0.0
2024-03-11 21:00:00,3776.107,-0.0053827923837963,1.0
2024-03-11 22:00:00,3776.898,-0.0058958436261715,1.0
2024-03-11 23:00:00,3776.145,-0.0099614818816544,1.0
2024-03-12 09:00:00,3784.281,-0.0150401093364895,1.0
2024-03-12 10:00:00,3777.065,-0.0176986628506525,1.0
2024-03-12 11:00:00,3777.767,-0.0189101127729687,1.0
2024-03-12 13:00:00,3790.991,-0.0231010835952921,1.0
2024-03-12 14:00:00,3802.724,-0.0295711705608926,1.0
2024-03-12 15:00:00,3800.996,-0.0295759322030331,1.0
2024-03-12 21:00:00,3813.334,-0.0334274417084891,1.0
2024-03-12 22:00:00,3810.13,-0.0265547369774784,1.0
2024-03-12 23:00:00,3809.915,-0.0278733252579126,1.0
2024-03-13 09:00:00,3806.674,-0.0244575710974987,1.0
2024-03-13 10:00:00,3801.445,-0.0216675501026583,1.0
2024-03-13 11:00:00,3794.242,-0.0270546791691199,1.0
2024-03-13 13:00:00,3777.878,-0.0229575968308135,1.0
2024-03-13 14:00:00,3769.055,-0.0341438371156695,1.0
2024-03-13 15:00:00,3768.057,-0.0257071482729693,1.0
2024-03-13 21:00:00,3735.784,-0.0167126900270465,1.0
2024-03-13 22:00:00,3755.578,-0.0126228239701052,1.0
2024-03-13 23:00:00,3755.781,-0.0173838676962261,1.0
2024-03-14 09:00:00,3754.63,-0.0146528419577961,1.0
2024-03-14 10:00:00,3738.529,-0.0062099290924317,1.0
2024-03-14 11:00:00,3727.365,-0.0015472055996662,0.0
2024-03-14 13:00:00,3710.216,0.0026545624297884,0.0
2024-03-14 14:00:00,3706.329,0.0053017419662419,1.0
2024-03-14 15:00:00,3703.415,0.0084559791435743,1.0
2024-03-14 21:00:00,3690.273,0.012203704170396,1.0
2024-03-14 22:00:00,3688.578,0.0161777790790923,1.0
2024-03-14 23:00:00,3685.864,0.0221323955523046,1.0
2024-03-15 09:00:00,3708.953,0.0168740342624994,1.0
2024-03-15 10:00:00,3703.72,0.0189649865540591,1.0
2024-03-15 11:00:00,3713.572,0.0172020362066495,1.0
2024-03-15 13:00:00,3719.077,0.0161443282836036,1.0
2024-03-15 14:00:00,3691.59,0.0230773189872114,1.0
2024-03-15 15:00:00,3691.147,0.0234729204770225,1.0
2024-03-15 21:00:00,3640.365,0.0377470391018483,1.0
2024-03-15 22:00:00,3671.191,0.037380239818631,1.0
2024-03-15 23:00:00,3673.349,0.0339978586298225,1.0
2024-03-18 09:00:00,3708.172,0.0222902281771179,1.0
2024-03-18 10:00:00,3690.491,0.0256789679205287,1.0
2024-03-18 11:00:00,3699.614,0.0219939161220603,1.0
2024-03-18 13:00:00,3715.313,0.0179745286601694,1.0
2024-03-18 14:00:00,3721.598,0.012724641404042,1.0
2024-03-18 15:00:00,3720.065,0.0165343885120286,1.0
2024-03-18 21:00:00,3725.979,0.0137813444466541,1.0
2024-03-18 22:00:00,3734.731,0.0158672739750198,1.0
2024-03-18 23:00:00,3735.308,0.016687512783417,1.0
2024-03-19 09:00:00,3748.251,0.0178779382704093,1.0
2024-03-19 10:00:00,3767.441,0.0124336386422508,1.0
2024-03-19 11:00:00,3771.538,0.0116878048159663,1.0
2024-03-19 13:00:00,3773.961,0.0117335605746853,1.0
2024-03-19 14:00:00,3777.453,0.01155381681784,1.0
2024-03-19 15:00:00,3779.119,0.0108467079231958,1.0
2024-03-19 21:00:00,3776.782,0.0116236520932369,1.0
2024-03-19 22:00:00,3777.789,0.0078442708155483,1.0
2024-03-19 23:00:00,3777.778,0.0085597936141297,1.0
2024-03-20 09:00:00,3808.421,-0.0010434770735692,0.0
2024-03-20 10:00:00,3798.235,0.0016318105646438,0.0
2024-03-20 11:00:00,3790.828,0.0052555800474197,1.0
2024-03-20 13:00:00,3785.259,0.0064621733942115,1.0
2024-03-20 14:00:00,3780.983,0.0126374543339654,1.0
2024-03-20 15:00:00,3782.094,0.0103741472316658,1.0
2024-03-20 21:00:00,3768.954,0.0137268854966125,1.0
2024-03-20 22:00:00,3781.574,0.0029395167197574,0.0
2024-03-20 23:00:00,3777.328,0.0060008026838018,1.0
2024-03-21 09:00:00,3793.991,0.0021217762509189,0.0
2024-03-21 10:00:00,3797.641,0.0023274975175378,0.0
2024-03-21 11:00:00,3815.262,-0.0052407934238855,1.0
2024-03-21 13:00:00,3814.284,-0.0054251335244046,1.0
2024-03-21 14:00:00,3815.619,-0.0058048248527959,1.0
2024-03-21 15:00:00,3818.243,-0.006369421747123,1.0
2024-03-21 21:00:00,3821.097,-0.0072633591871654,1.0
2024-03-21 22:00:00,3820.11,-0.0077400912539168,1.0
2024-03-21 23:00:00,3820.682,-0.0123320914957067,1.0
2024-03-22 09:00:00,3807.423,-0.0119836960589879,1.0
2024-03-22 10:00:00,3810.115,-0.0162218200762968,1.0
2024-03-22 11:00:00,3804.447,-0.0215944656345587,1.0
2024-03-22 13:00:00,3804.433,-0.0216860173381947,1.0
2024-03-22 14:00:00,3810.751,-0.0245820312059225,1.0
2024-03-22 15:00:00,3809.72,-0.0162077528007307,1.0
2024-03-22 21:00:00,3828.765,-0.0225177047951492,1.0
2024-03-22 22:00:00,3821.33,-0.0184817851376353,1.0
2024-03-22 23:00:00,3820.69,-0.0224925340710709,1.0
2024-03-25 09:00:00,3792.69,-0.0190163182332328,1.0
2024-03-25 10:00:00,3799.995,-0.0226463455872968,1.0
2024-03-25 11:00:00,3802.041,-0.0282782326650344,1.0
2024-03-25 13:00:00,3806.48,-0.0296896345179798,1.0
2024-03-25 14:00:00,3795.267,-0.0252933456328632,1.0
2024-03-25 15:00:00,3793.591,-0.0253894001751902,1.0
2024-03-25 21:00:00,3793.47,-0.0253427600587324,1.0
2024-03-25 22:00:00,3793.923,-0.0292797191719493,1.0
2024-03-25 23:00:00,3793.343,-0.0259784048001986,1.0
2024-03-26 09:00:00,3790.542,-0.024193637743626,1.0
2024-03-26 10:00:00,3773.565,-0.031414325710568,1.0
2024-03-26 11:00:00,3761.796,-0.0234015879648975,1.0
2024-03-26 13:00:00,3748.308,-0.0198975110903372,1.0
2024-03-26 14:00:00,3722.292,-0.0203871700554388,1.0
2024-03-26 15:00:00,3721.93,-0.01899068494034,1.0
2024-03-26 21:00:00,3717.075,-0.0179738100522588,1.0
2024-03-26 22:00:00,3747.973,-0.0300815934373059,1.0
2024-03-26 23:00:00,3742.55,-0.0316917609651174,1.0
2024-03-27 09:00:00,3750.705,-0.036343567409327,1.0
2024-03-27 10:00:00,3734.753,-0.0298485602662345,1.0
2024-03-27 11:00:00,3720.567,-0.0293240250746727,1.0
2024-03-27 13:00:00,3713.939,-0.028367186429287,1.0
2024-03-27 14:00:00,3694.526,-0.0225869299607039,1.0
2024-03-27 15:00:00,3693.467,-0.0238821681634085,1.0
2024-03-27 21:00:00,3699.272,-0.0263541042670017,1.0
2024-03-27 22:00:00,3697.274,-0.0314090868028714,1.0
2024-03-27 23:00:00,3697.333,-0.0267844416502381,1.0
2024-03-28 09:00:00,3682.838,-0.0221698592226973,1.0
2024-03-28 10:00:00,3694.798,-0.0190898122170684,1.0
2024-03-28 11:00:00,3698.835,-0.0081498634029363,1.0
2024-03-28 13:00:00,3655.021,0.0060631662581417,1.0
2024-03-28 14:00:00,3673.764,0.0096211950468239,1.0
2024-03-28 15:00:00,3673.726,0.0124189991305829,1.0
2024-03-28 21:00:00,3646.405,0.0200032634882849,1.0
2024-03-28 22:00:00,3651.248,0.0171631727014982,1.0
2024-03-28 23:00:00,3650.265,0.012793043792711,1.0
2024-03-29 09:00:00,3635.228,0.0176822471657898,1.0
2024-03-29 10:00:00,3623.942,0.0222818135610338,1.0
2024-03-29 11:00:00,3614.391,0.0252615170854508,1.0
2024-03-29 13:00:00,3623.276,0.0215710864974129,1.0
2024-03-29 14:00:00,3611.465,0.0304964882672266,1.0
2024-03-29 15:00:00,3608.585,0.0323223645833477,1.0
2024-03-29 21:00:00,3611.078,0.0308068670906582,1.0
2024-03-29 22:00:00,3605.259,0.0285147336155321,1.0
2024-03-29 23:00:00,3601.781,0.0283218218986662,1.0
2024-04-01 09:00:00,3581.146,0.0334289638009731,1.0
2024-04-01 10:00:00,3598.302,0.0269457649747019,1.0
2024-04-01 11:00:00,3601.19,0.0205395994101949,1.0
2024-04-01 13:00:00,3624.265,0.0134772153802219,1.0
2024-04-01 14:00:00,3668.69,0.0100253769056529,1.0
2024-04-01 15:00:00,3677.182,0.0083615660035321,1.0
2024-04-01 21:00:00,3709.11,-0.0022673902903931,0.0
2024-04-01 22:00:00,3719.35,-0.0030142363585034,0.0
2024-04-01 23:00:00,3719.345,0.0046121023997504,0.0
2024-04-02 09:00:00,3713.915,0.0062720875410449,1.0
2024-04-02 10:00:00,3696.963,0.0168481534708353,1.0
2024-04-02 11:00:00,3699.507,0.0128436032152391,1.0
2024-04-02 13:00:00,3704.69,0.0109858044802669,1.0
2024-04-02 14:00:00,3705.696,0.0090315017745655,1.0
2024-04-02 15:00:00,3701.434,0.0143565980103926,1.0
2024-04-02 21:00:00,3721.602,0.0089512527132133,1.0
2024-04-02 22:00:00,3725.223,0.0128491636608063,1.0
2024-04-02 23:00:00,3722.324,0.0140310193309341,1.0
2024-04-03 09:00:00,3708.062,0.0176760798497976,1.0
2024-04-03 10:00:00,3703.79,0.0176092597042488,1.0
2024-04-03 11:00:00,3700.86,0.0175667277335537,1.0
2024-04-03 13:00:00,3695.261,0.0186490210028466,1.0
2024-04-03 14:00:00,3675.157,0.0242316178601349,1.0
2024-04-03 15:00:00,3673.11,0.0203190212109084,1.0
2024-04-08 09:00:00,3705.47,0.0128102507913976,1.0
2024-04-08 10:00:00,3707.929,0.0087892729337588,1.0
2024-04-08 11:00:00,3700.7,0.012400356689275,1.0
2024-04-08 13:00:00,3708.139,0.0102763138059279,1.0
2024-04-08 14:00:00,3736.499,0.0021873416800058,0.0
2024-04-08 15:00:00,3737.209,0.0054372126364889,1.0
2024-04-08 21:00:00,3759.25,-0.0013002593602447,0.0
2024-04-08 22:00:00,3747.022,-0.0006282322334909,0.0
2024-04-08 23:00:00,3745.389,0.0038279067941941,0.0
2024-04-09 09:00:00,3739.164,0.0049508392785124,0.0
2024-04-09 10:00:00,3754.574,0.0041597262432435,0.0
2024-04-09 11:00:00,3754.915,0.0032205788945954,0.0
2024-04-09 13:00:00,3773.089,-0.0018305955677165,0.0
2024-04-09 14:00:00,3774.552,-0.0015691928472571,0.0
2024-04-09 15:00:00,3773.606,-0.0033540862506578,0.0
2024-04-09 21:00:00,3769.011,-0.0020055659163636,0.0
2024-04-09 22:00:00,3765.872,0.0009599370345036,0.0
2024-04-09 23:00:00,3764.174,0.0007760002592865,0.0
2024-04-10 09:00:00,3764.212,0.002225698233787,0.0
2024-04-10 10:00:00,3747.744,0.0094296728912112,1.0
2024-04-10 11:00:00,3752.938,0.0086542863218096,1.0
2024-04-10 13:00:00,3740.519,0.0117106743743315,1.0
2024-04-10 14:00:00,3746.59,0.0113415132160176,1.0
2024-04-10 15:00:00,3746.245,0.0096736865848336,1.0
2024-04-10 21:00:00,3744.672,0.0102796720246793,1.0
2024-04-10 22:00:00,3757.529,0.0032252578755879,0.0
2024-04-10 23:00:00,3754.362,0.0043296304405382,0.0
2024-04-11 09:00:00,3744.668,0.0073296217448381,1.0
2024-04-11 10:00:00,3759.726,0.0055341798843851,1.0
2024-04-11 11:00:00,3757.676,0.0073199498839175,1.0
2024-04-11 13:00:00,3770.192,0.0038918442349885,0.0
2024-04-11 14:00:00,3767.008,0.0034494219284907,0.0
2024-04-11 15:00:00,3766.182,0.0065785455933888,1.0
2024-04-11 21:00:00,3768.629,0.0068995913367964,1.0
2024-04-11 22:00:00,3760.949,0.0057262143145254,1.0
2024-04-11 23:00:00,3761.452,0.0059907716488206,1.0
2024-04-12 09:00:00,3769.487,0.0040660705289605,0.0
2024-04-12 10:00:00,3767.095,0.0075087036562656,1.0
2024-04-12 11:00:00,3772.59,0.003113245807257,0.0
2024-04-12 13:00:00,3783.084,-0.0007348501910081,0.0
2024-04-12 14:00:00,3785.417,-0.0001394826514489,0.0
2024-04-12 15:00:00,3784.323,0.0023195694447858,0.0
2024-04-12 21:00:00,3789.082,0.0012161257001036,0.0
2024-04-12 22:00:00,3782.485,0.0021747607723493,0.0
2024-04-12 23:00:00,3783.166,0.0018056305221604,0.0
2024-04-15 09:00:00,3769.648,0.0054310110652241,1.0
2024-04-15 10:00:00,3770.617,0.0117116111235906,1.0
2024-04-15 11:00:00,3772.115,0.016371982296404,1.0
2024-04-15 13:00:00,3780.533,0.0143868602654704,1.0
2024-04-15 14:00:00,3785.182,0.0159440153736333,1.0
2024-04-15 15:00:00,3784.865,0.0161791768002294,1.0
2024-04-15 21:00:00,3780.002,0.0170219486656355,1.0
2024-04-15 22:00:00,3790.958,0.0133625853939821,1.0
2024-04-15 23:00:00,3794.631,0.018190174486004,1.0
2024-04-16 09:00:00,3782.485,0.0209209025283642,1.0
2024-04-16 10:00:00,3783.986,0.0161868992115721,1.0
2024-04-16 11:00:00,3784.814,0.0171564573582744,1.0
2024-04-16 13:00:00,3795.381,0.0141000336988566,1.0
2024-04-16 14:00:00,3784.335,0.0160157597041487,1.0
2024-04-16 15:00:00,3780.304,0.0171390978080069,1.0
2024-04-16 21:00:00,3784.889,0.015407321060142,1.0
2024-04-16 22:00:00,3793.101,0.0170601837388458,1.0
2024-04-16 23:00:00,3793.69,0.0161454942285742,1.0
2024-04-17 09:00:00,3790.711,0.0137311971289819,1.0
2024-04-17 10:00:00,3789.997,0.0130137306177287,1.0
2024-04-17 11:00:00,3790.121,0.01212863652638,1.0
2024-04-17 13:00:00,3814.777,0.0058234072397941,1.0
2024-04-17 14:00:00,3833.872,-0.0037111306793758,0.0
2024-04-17 15:00:00,3834.923,-0.002206302447272,0.0
2024-04-17 21:00:00,3845.533,-0.0049759032102961,0.0
2024-04-17 22:00:00,3846.101,-0.0018299051428966,0.0
2024-04-17 23:00:00,3844.345,-0.0020185493237468,0.0
2024-04-18 09:00:00,3841.615,-0.0043226611724495,0.0
2024-04-18 10:00:00,3863.656,-0.0103601355814285,1.0
2024-04-18 11:00:00,3861.618,-0.0106009967842494,1.0
2024-04-18 13:00:00,3845.237,-0.006964200126026,1.0
2024-04-18 14:00:00,3849.748,-0.0063201539425438,1.0
2024-04-18 15:00:00,3848.896,-0.0058341404911954,1.0
2024-04-18 21:00:00,3844.944,-0.0051254322559704,1.0
2024-04-18 22:00:00,3845.095,-0.0049065107624128,0.0
2024-04-18 23:00:00,3843.204,-0.0045938232787018,0.0
2024-04-19 09:00:00,3857.812,-0.0087046750852554,1.0
2024-04-19 10:00:00,3854.941,-0.0091295820091669,1.0
2024-04-19 11:00:00,3842.762,-0.0117072043493716,1.0
2024-04-19 13:00:00,3839.319,-0.010664391263138,1.0
2024-04-19 14:00:00,3836.09,-0.0049821563102012,0.0
2024-04-19 15:00:00,3836.992,-0.0072528167898187,1.0
2024-04-19 21:00:00,3819.644,-0.0023235149663162,0.0
2024-04-19 22:00:00,3826.462,0.002196807390221,0.0
2024-04-19 23:00:00,3826.398,0.003515316493475,0.0
2024-04-22 09:00:00,3839.063,-0.0001927553676509,0.0
2024-04-22 10:00:00,3836.585,-0.0002038271014457,0.0
2024-04-22 11:00:00,3825.009,0.0021388184968976,0.0
2024-04-22 13:00:00,3823.628,0.0032704541341363,0.0
2024-04-22 14:00:00,3820.681,0.0036768314339772,0.0
2024-04-22 15:00:00,3818.458,0.0049444042595204,0.0
2024-04-22 21:00:00,3825.417,0.0026133098692247,0.0
2024-04-22 22:00:00,3826.441,0.0051172878400581,1.0
2024-04-22 23:00:00,3825.237,0.0053024165561506,1.0
2024-04-23 09:00:00,3826.229,0.0014081749942307,0.0
2024-04-23 10:00:00,3825.549,0.004176394028674,0.0
2024-04-23 11:00:00,3824.231,0.0009682992476134,0.0
2024-04-23 13:00:00,3819.747,0.002145953645621,0.0
2024-04-23 14:00:00,3797.774,0.00619204828934,1.0
2024-04-23 15:00:00,3798.375,0.0028206798960081,0.0
2024-04-23 21:00:00,3816.978,-0.0018425571224146,0.0
2024-04-23 22:00:00,3809.163,0.0036682599300686,0.0
2024-04-23 23:00:00,3810.769,0.0040128383536237,0.0
2024-04-24 09:00:00,3834.868,-0.0009838669805584,0.0
2024-04-24 10:00:00,3839.849,-0.0017771532161811,0.0
2024-04-24 11:00:00,3838.323,-0.0014115539520774,0.0
2024-04-24 13:00:00,3835.803,-0.0009526036660381,0.0
2024-04-24 14:00:00,3833.19,-0.0009902978980953,0.0
2024-04-24 15:00:00,3836.133,-0.0045399885770383,0.0
2024-04-24 21:00:00,3834.729,-0.004403701017725,0.0
2024-04-24 22:00:00,3837.338,-0.007286040479103,1.0
2024-04-24 23:00:00,3835.414,-0.0052140394752691,1.0
2024-04-25 09:00:00,3846.022,-0.008420648659836,1.0
2024-04-25 10:00:00,3845.52,-0.007649940710229,1.0
2024-04-25 11:00:00,3831.617,-0.0043689126548922,0.0
2024-04-25 13:00:00,3841.526,-0.0069422932449239,1.0
2024-04-25 14:00:00,3827.934,-0.0002163046698297,0.0
2024-04-25 15:00:00,3827.944,-0.000498701130424,0.0
2024-04-25 21:00:00,3821.29,0.0014573612575857,0.0
2024-04-25 22:00:00,3809.089,0.0058827714448257,1.0
2024-04-25 23:00:00,3809.945,-9.343966907664596e-05,0.0
2024-04-26 09:00:00,3823.136,-0.0041337791802332,0.0
2024-04-26 10:00:00,3826.061,-0.0082750902298735,1.0
2024-04-26 11:00:00,3831.095,-0.0065448651103665,1.0
2024-04-26 13:00:00,3833.025,-0.0083218867604568,1.0
2024-04-26 14:00:00,3832.905,0.004537550500208,0.0
2024-04-26 15:00:00,3832.149,0.0104273085414998,1.0
2024-04-26 21:00:00,3829.394,0.0117057685889725,1.0
2024-04-26 22:00:00,3818.717,0.0145763616418812,1.0
2024-04-26 23:00:00,3817.842,0.0143033682378683,1.0
2024-04-29 09:00:00,3809.379,0.0170668237526379,1.0
2024-04-29 10:00:00,3815.416,0.0175925770610596,1.0
2024-04-29 11:00:00,3813.636,0.0155415986213681,1.0
2024-04-29 13:00:00,3816.102,0.0153688239989393,1.0
2024-04-29 14:00:00,3814.877,0.0128525768982853,1.0
2024-04-29 15:00:00,3814.857,0.012362979791903,1.0
2024-04-29 21:00:00,3827.106,0.0085505862654443,1.0
2024-04-29 22:00:00,3826.035,0.0097265184453356,1.0
2024-04-29 23:00:00,3826.859,0.0093557144383944,1.0
2024-04-30 09:00:00,3831.497,0.0079076141779571,1.0
2024-04-30 10:00:00,3809.589,0.0122742899562131,1.0
2024-04-30 11:00:00,3807.332,0.0100290702255543,1.0
2024-04-30 13:00:00,3794.4,0.0142496837444655,1.0
2024-04-30 14:00:00,3806.021,0.0098147120050047,1.0
2024-04-30 15:00:00,3801.127,0.0117025818921599,1.0
2024-05-06 09:00:00,3850.297,-0.0035192090376405,0.0
2024-05-06 10:00:00,3872.108,-0.0111815063009606,1.0
2024-05-06 11:00:00,3874.22,-0.0171448704513424,1.0
2024-05-06 13:00:00,3874.38,-0.0174482110686097,1.0
2024-05-06 14:00:00,3872.45,-0.0171196529328976,1.0
2024-05-06 15:00:00,3874.393,-0.0170140200026171,1.0
2024-05-06 21:00:00,3882.539,-0.018759888825328,1.0
2024-05-06 22:00:00,3872.906,-0.0181742082043819,1.0
2024-05-06 23:00:00,3874.751,-0.0152647228170275,1.0
2024-05-07 09:00:00,3863.908,-0.0133276982785304,1.0
2024-05-07 10:00:00,3862.02,-0.0131164520121594,1.0
2024-05-07 11:00:00,3859.83,-0.0133529196881727,1.0
2024-05-07 13:00:00,3863.249,-0.014595745705234,1.0
2024-05-07 14:00:00,3862.662,-0.0126824454223537,1.0
2024-05-07 15:00:00,3861.795,-0.0148050323748412,1.0
2024-05-07 21:00:00,3856.349,-0.0133877924430595,1.0
2024-05-07 22:00:00,3845.516,-0.013061966196474,1.0
2024-05-07 23:00:00,3848.469,-0.0168986680157746,1.0
2024-05-08 09:00:00,3843.376,-0.0146113729179763,1.0
2024-05-08 10:00:00,3845.61,-0.0112897563715509,1.0
2024-05-08 11:00:00,3836.747,-0.0084024304964595,1.0
2024-05-08 13:00:00,3828.812,-0.0060851773343794,1.0
2024-05-08 14:00:00,3807.797,-0.0029326668412207,0.0
2024-05-08 15:00:00,3806.779,-0.0027143682362438,0.0
2024-05-08 21:00:00,3806.155,-0.0030928850769346,0.0
2024-05-08 22:00:00,3808.474,-0.0058884477089775,1.0
2024-05-08 23:00:00,3809.703,-0.0020124928373681,0.0
2024-05-09 09:00:00,3802.519,-0.000707951755139,0.0
2024-05-09 10:00:00,3815.604,-0.0035679803250022,0.0
2024-05-09 11:00:00,3812.411,0.0022295602441604,0.0
2024-05-09 13:00:00,3811.364,0.0022480140967904,0.0
2024-05-09 14:00:00,3808.29,0.0008775592194922,0.0
2024-05-09 15:00:00,3806.862,-0.0013262892114292,0.0
2024-05-09 21:00:00,3813.674,-0.0028943218534148,0.0
2024-05-09 22:00:00,3804.621,-0.0060970593391562,1.0
2024-05-09 23:00:00,3804.721,-0.006238565193085,1.0
2024-05-10 09:00:00,3795.286,-0.0023041741781778,0.0
2024-05-10 10:00:00,3783.435,-0.0023885701749864,0.0
2024-05-10 11:00:00,3787.219,-0.0033499515079534,0.0
2024-05-10 13:00:00,3802.194,-0.0082186758487335,1.0
2024-05-10 14:00:00,3804.509,-0.0100591166954789,1.0
2024-05-10 15:00:00,3805.513,-0.0105623078938371,1.0
2024-05-10 21:00:00,3796.63,-0.0077502943399805,1.0
2024-05-10 22:00:00,3796.446,-0.0065690385165493,1.0
2024-05-10 23:00:00,3794.383,-0.0081417716661707,1.0
2024-05-13 09:00:00,3786.048,-0.0055406059299828,1.0
2024-05-13 10:00:00,3802.036,-0.009958611649127,1.0
2024-05-13 11:00:00,3799.827,-0.0057247343102725,1.0
2024-05-13 13:00:00,3801.99,-0.0074931812024754,1.0
2024-05-13 14:00:00,3820.911,-0.0124318519850371,1.0
2024-05-13 15:00:00,3819.932,-0.0117494238117326,1.0
2024-05-13 21:00:00,3811.632,-0.0095730647659585,1.0
2024-05-13 22:00:00,3801.813,-0.0012851763093029,0.0
2024-05-13 23:00:00,3802.636,-0.001577326885876,0.0
2024-05-14 09:00:00,3781.424,0.0142422537118292,1.0
2024-05-14 10:00:00,3780.985,0.0148011695365095,1.0
2024-05-14 11:00:00,3786.541,0.0138147190272071,1.0
2024-05-14 13:00:00,3774.398,0.0171023299609632,1.0
2024-05-14 14:00:00,3774.532,0.0176196678157715,1.0
2024-05-14 15:00:00,3770.945,0.0209491254844608,1.0
2024-05-14 21:00:00,3766.239,0.0223761689048411,1.0
2024-05-14 22:00:00,3765.318,0.0232429239708305,1.0
2024-05-14 23:00:00,3767.205,0.0197021399154015,1.0
2024-05-15 09:00:00,3771.507,0.0185766591444745,1.0
2024-05-15 10:00:00,3763.49,0.0226374987046598,1.0
2024-05-15 11:00:00,3765.071,0.0211337316082486,1.0
2024-05-15 13:00:00,3764.173,0.0222999846181353,1.0
2024-05-15 14:00:00,3778.074,0.0160671813204293,1.0
2024-05-15 15:00:00,3773.501,0.0201929189895536,1.0
2024-05-15 21:00:00,3773.41,0.019797212600804,1.0
2024-05-15 22:00:00,3775.05,0.0263421676534084,1.0
2024-05-15 23:00:00,3775.143,0.0246613174653251,1.0
2024-05-16 09:00:00,3796.927,0.0190130070975817,1.0
2024-05-16 10:00:00,3796.638,0.0188261298548874,1.0
2024-05-16 11:00:00,3835.28,0.0077644917711353,1.0
2024-05-16 13:00:00,3836.948,0.0073511551368431,1.0
2024-05-16 14:00:00,3838.851,0.0077038676416459,1.0
2024-05-16 15:00:00,3838.949,0.0077990095726721,1.0
2024-05-16 21:00:00,3841.038,0.0067893105978123,1.0
2024-05-16 22:00:00,3849.943,0.0031325139099461,0.0
2024-05-16 23:00:00,3850.513,0.0026006924272168,0.0
2024-05-17 09:00:00,3852.835,0.0016385337031043,0.0
2024-05-17 10:00:00,3841.427,0.0059110846047575,1.0
2024-05-17 11:00:00,3841.569,0.0085095438868858,1.0
2024-05-17 13:00:00,3848.686,0.0064159559912135,1.0
2024-05-17 14:00:00,3844.641,0.0116416591302022,1.0
2024-05-17 15:00:00,3848.114,0.0145642774616344,1.0
2024-05-17 21:00:00,3838.777,0.016955660617952,1.0
2024-05-17 22:00:00,3849.699,0.0155279672514655,1.0
2024-05-17 23:00:00,3848.113,0.0154395154196355,1.0
2024-05-20 09:00:00,3874.493,0.0088530292866705,1.0
2024-05-20 10:00:00,3868.243,0.0129205946989369,1.0
2024-05-20 11:00:00,3869.118,0.0106370495808088,1.0
2024-05-20 13:00:00,3868.114,0.0111586680227108,1.0
2024-05-20 14:00:00,3865.059,0.0113964625119564,1.0
2024-05-20 15:00:00,3865.154,0.0095450271839104,1.0
2024-05-20 21:00:00,3868.425,0.0090279635769079,1.0
2024-05-20 22:00:00,3868.889,0.0097994540551564,1.0
2024-05-20 23:00:00,3867.116,0.0095683708479393,1.0
2024-05-21 09:00:00,3862.003,0.0073694919449828,1.0
2024-05-21 10:00:00,3860.527,0.0073865562914079,1.0
2024-05-21 11:00:00,3859.148,0.0100851275981123,1.0
2024-05-21 13:00:00,3864.134,0.0089911478225133,1.0
2024-05-21 14:00:00,3874.259,0.0074964012473095,1.0
2024-05-21 15:00:00,3873.379,0.0068689379479777,1.0
2024-05-21 21:00:00,3889.399,0.0027466968547068,0.0
2024-05-21 22:00:00,3904.159,0.000528923130436,0.0
2024-05-21 23:00:00,3903.866,0.0016688585110246,0.0
2024-05-22 09:00:00,3909.477,-0.0010993797891635,0.0
2024-05-22 10:00:00,3907.526,0.0004255889788065,0.0
2024-05-22 11:00:00,3908.794,-0.0011934627406816,0.0
2024-05-22 13:00:00,3918.223,-0.0040582172071369,0.0
2024-05-22 14:00:00,3910.274,-0.0036746785519377,0.0
2024-05-22 15:00:00,3911.277,-0.0031785015482156,0.0
2024-05-22 21:00:00,3909.107,-0.0030485223351522,0.0
2024-05-22 22:00:00,3902.047,-0.0025560942756456,0.0
2024-05-22 23:00:00,3903.349,-0.0049385796658203,0.0
2024-05-23 09:00:00,3906.802,-0.0067802258727214,1.0
2024-05-23 10:00:00,3904.118,-0.0097261404496482,1.0
2024-05-23 11:00:00,3890.464,-0.003440206618028,0.0
2024-05-23 13:00:00,3889.043,-0.0028330877287805,0.0
2024-05-23 14:00:00,3898.068,-0.0020540944898857,0.0
2024-05-23 15:00:00,3898.877,0.0003962679510023,0.0
2024-05-23 21:00:00,3903.302,-0.000734506323108,0.0
2024-05-23 22:00:00,3899.985,-0.0005779509408369,0.0
2024-05-23 23:00:00,3900.082,-0.0007733170738461,0.0
2024-05-24 09:00:00,3906.224,-0.0027507383089142,0.0
2024-05-24 10:00:00,3910.381,-0.0066239069799081,1.0
2024-05-24 11:00:00,3905.179,-0.0088100955167484,1.0
2024-05-24 13:00:00,3909.189,-0.0099314717195817,1.0
2024-05-24 14:00:00,3904.129,-0.0106138910881274,1.0
2024-05-24 15:00:00,3902.322,-0.0098208195018248,1.0
2024-05-24 21:00:00,3895.905,-0.0089755782032673,1.0
2024-05-24 22:00:00,3898.845,-0.0081406160029443,1.0
2024-05-24 23:00:00,3897.19,-0.0081928261131738,1.0
2024-05-27 09:00:00,3892.073,-0.0071869155588807,1.0
2024-05-27 10:00:00,3884.072,-0.0061736754622469,1.0
2024-05-27 11:00:00,3880.313,-0.0004069259361294,0.0
2024-05-27 13:00:00,3866.146,0.0035084034591554,0.0
2024-05-27 14:00:00,3877.08,0.0123200965675199,1.0
2024-05-27 15:00:00,3878.025,0.01280883955106,1.0
2024-05-27 21:00:00,3890.061,0.0098371208060747,1.0
2024-05-27 22:00:00,3900.422,0.0034047597926583,0.0
2024-05-27 23:00:00,3900.435,-0.0018390256471392,0.0
2024-05-28 09:00:00,3897.731,-0.0073170775510163,1.0
2024-05-28 10:00:00,3897.066,-0.0095217786919697,1.0
2024-05-28 11:00:00,3895.479,-0.0077322968497583,1.0
2024-05-28 13:00:00,3884.479,-0.0048624281402988,0.0
2024-05-28 14:00:00,3870.774,-0.0050793458879283,1.0
2024-05-28 15:00:00,3870.365,-0.0070931294593662,1.0
2024-05-28 21:00:00,3862.691,-0.0051298434174516,1.0
2024-05-28 22:00:00,3863.998,-0.0057481913810515,1.0
2024-05-28 23:00:00,3860.937,-0.0073254238543648,1.0
2024-05-29 09:00:00,3867.106,-0.0079498725920624,1.0
2024-05-29 10:00:00,3865.261,-0.0047181807386357,0.0
2024-05-29 11:00:00,3864.101,-0.0078357165094805,1.0
2024-05-29 13:00:00,3860.093,-0.0066327417500044,1.0
2024-05-29 14:00:00,3878.734,-0.015594005672985,1.0
2024-05-29 15:00:00,3879.71,-0.0165174716666967,1.0
2024-05-29 21:00:00,3924.846,-0.0278044030262589,1.0
2024-05-29 22:00:00,3927.698,-0.027183607293636,1.0
2024-05-29 23:00:00,3928.328,-0.0310465419384531,1.0
2024-05-30 09:00:00,3913.702,-0.0291889878176723,1.0
2024-05-30 10:00:00,3893.262,-0.0234407548220489,1.0
2024-05-30 11:00:00,3869.211,-0.0177578839716934,1.0
2024-05-30 13:00:00,3859.959,-0.0152061200650057,1.0
2024-05-30 14:00:00,3865.358,-0.0165482731483086,1.0
2024-05-30 15:00:00,3865.591,-0.0164414703987048,1.0
2024-05-30 21:00:00,3851.113,-0.0125888282166739,1.0
2024-05-30 22:00:00,3842.912,-0.0136162368537192,1.0
2024-05-30 23:00:00,3842.876,-0.0122236574898591,1.0
2024-05-31 09:00:00,3841.787,-0.0127094500554038,1.0
2024-05-31 10:00:00,3832.654,-0.0127770469236199,1.0
2024-05-31 11:00:00,3836.363,-0.011716044597448,1.0
2024-05-31 13:00:00,3847.024,-0.0148792937085913,1.0
2024-05-31 14:00:00,3833.823,-0.0121061926959069,1.0
2024-05-31 15:00:00,3834.49,-0.0084047683003475,1.0
2024-05-31 21:00:00,3818.249,-0.0046094427052819,0.0
2024-05-31 22:00:00,3815.627,-0.0077913800274502,1.0
2024-05-31 23:00:00,3815.718,-0.0071360095269094,1.0
2024-06-03 09:00:00,3820.929,-0.0099454870791894,1.0
2024-06-03 10:00:00,3806.367,-0.005054163195509,1.0
2024-06-03 11:00:00,3799.465,-0.0040224084180273,0.0
2024-06-03 13:00:00,3802.001,-0.0052832705725222,1.0
2024-06-03 14:00:00,3800.502,-0.0033690286177984,0.0
2024-06-03 15:00:00,3801.264,-0.0052511480391786,1.0
2024-06-03 21:00:00,3801.393,-0.0058070817723923,1.0
2024-06-03 22:00:00,3802.035,-0.0047272052992673,0.0
2024-06-03 23:00:00,3802.632,-0.0035404425145531,0.0
2024-06-04 09:00:00,3790.586,-0.0007315491588898,0.0
2024-06-04 10:00:00,3795.902,0.004331513300396,0.0
2024-06-04 11:00:00,3792.96,0.0089428836581456,1.0
2024-06-04 13:00:00,3783.684,0.0120691897103457,1.0
2024-06-04 14:00:00,3791.416,0.0121268676399528,1.0
2024-06-04 15:00:00,3789.783,0.0142100484381295,1.0
2024-06-04 21:00:00,3787.41,0.0158229502483228,1.0
2024-06-04 22:00:00,3802.262,0.0068285667847191,1.0
2024-06-04 23:00:00,3800.649,0.0065157292872875,1.0
2024-06-05 09:00:00,3785.898,0.0117826734898826,1.0
2024-06-05 10:00:00,3788.489,0.006361111250422,1.0
2024-06-05 11:00:00,3782.928,0.0105991972355804,1.0
2024-06-05 13:00:00,3787.129,0.0076443131459214,1.0
2024-06-05 14:00:00,3784.182,-0.0018638109900633,0.0
2024-06-05 15:00:00,3781.914,-0.002763679977916,0.0
2024-06-05 21:00:00,3787.698,-0.0041434137568517,0.0
2024-06-05 22:00:00,3781.303,-0.0038529046733361,0.0
2024-06-05 23:00:00,3779.318,-0.0031016178051172,0.0
2024-06-06 09:00:00,3784.062,-0.0045115539861662,0.0
2024-06-06 10:00:00,3789.169,-0.0059627849800312,1.0
2024-06-06 11:00:00,3787.813,-0.0054429825337206,1.0
2024-06-06 13:00:00,3812.344,-0.0117783180111763,1.0
2024-06-06 14:00:00,3826.88,-0.0110476419433063,1.0
2024-06-06 15:00:00,3829.35,-0.0142739629441027,1.0
2024-06-06 21:00:00,3837.394,-0.0154323480987357,1.0
2024-06-06 22:00:00,3843.636,-0.0167125607107437,1.0
2024-06-06 23:00:00,3847.338,-0.0187760992145738,1.0
2024-06-07 09:00:00,3828.226,-0.0138808419356642,1.0
2024-06-07 10:00:00,3825.413,-0.0110761896820029,1.0
2024-06-07 11:00:00,3830.506,-0.0136203937547675,1.0
2024-06-07 13:00:00,3812.588,-0.00940594682667,1.0
2024-06-07 14:00:00,3823.024,-0.012833296364344,1.0
2024-06-07 15:00:00,3816.079,-0.0097055118617828,1.0
2024-06-11 09:00:00,3777.129,0.0004701983967188,0.0
2024-06-11 10:00:00,3771.462,0.0026806580578036,0.0
2024-06-11 11:00:00,3772.004,0.0044774607874223,0.0
2024-06-11 13:00:00,3766.734,0.0058530812104066,1.0
2024-06-11 14:00:00,3767.596,0.0075440678883828,1.0
2024-06-11 15:00:00,3766.99,0.0080740856758314,1.0
2024-06-11 21:00:00,3766.575,0.0080805506328694,1.0
2024-06-11 22:00:00,3767.196,0.006429450445371,1.0
2024-06-11 23:00:00,3767.441,0.0092734033525675,1.0
2024-06-12 09:00:00,3784.602,0.0068953089386942,1.0
2024-06-12 10:00:00,3774.69,0.0126540192704566,1.0
2024-06-12 11:00:00,3778.174,0.0076563440434453,1.0
2024-06-12 13:00:00,3779.399,0.0074591224689428,1.0
2024-06-12 14:00:00,3775.1,0.005730444226643,1.0
2024-06-12 15:00:00,3775.087,0.0038422955550428,0.0
2024-06-12 21:00:00,3783.042,0.0011702222708603,0.0
2024-06-12 22:00:00,3778.333,-0.0013140715760098,0.0
2024-06-12 23:00:00,3776.727,-0.0008541787637813,0.0
2024-06-13 09:00:00,3773.962,-0.0004242226074348,0.0
2024-06-13 10:00:00,3779.042,0.0004895420585428,0.0
2024-06-13 11:00:00,3778.905,0.0008679763053053,0.0
2024-06-13 13:00:00,3781.572,-3.4377237825991187e-05,0.0
2024-06-13 14:00:00,3788.893,0.0038354210583408,0.0
2024-06-13 15:00:00,3788.781,0.0037497548683863,0.0
2024-06-13 21:00:00,3796.019,0.0027415563515356,0.0
2024-06-13 22:00:00,3797.405,0.0013906865346203,0.0
2024-06-13 23:00:00,3797.011,0.0012056852087075,0.0
2024-06-14 09:00:00,3791.417,0.0042232231379455,0.0
2024-06-14 10:00:00,3802.378,0.0010685418440774,0.0
2024-06-14 11:00:00,3810.698,-0.0042532890299887,0.0
2024-06-14 13:00:00,3822.455,-0.0077350812501389,1.0
2024-06-14 14:00:00,3807.101,-0.0006842476729669,0.0
2024-06-14 15:00:00,3807.59,0.0018371200680745,0.0
2024-06-14 21:00:00,3796.733,0.00444039651985,0.0
2024-06-14 22:00:00,3789.592,0.0049496093510858,0.0
2024-06-14 23:00:00,3787.469,0.0056137753206693,1.0
2024-06-17 09:00:00,3773.368,0.0086108749530923,1.0
2024-06-17 10:00:00,3773.501,0.0061277312501042,1.0
2024-06-17 11:00:00,3772.361,0.0040051840213595,0.0
2024-06-17 13:00:00,3780.892,0.0017741845046089,0.0
2024-06-17 14:00:00,3782.185,-0.0005893418751329,0.0
2024-06-17 15:00:00,3781.442,0.0020968191499433,0.0
2024-06-17 21:00:00,3803.425,-0.0037274298822771,0.0
2024-06-17 22:00:00,3802.988,-0.0023752375763478,0.0
2024-06-17 23:00:00,3806.426,-0.0015221627847224,0.0
2024-06-18 09:00:00,3802.686,-0.0019186438217618,0.0
2024-06-18 10:00:00,3801.589,-0.007117023960244,1.0
2024-06-18 11:00:00,3807.429,-0.0068789201321942,1.0
2024-06-18 13:00:00,3806.441,-0.0075577159871911,1.0
2024-06-18 14:00:00,3794.49,-0.0040927766313785,0.0
2024-06-18 15:00:00,3792.888,-0.0004674538241045,0.0
2024-06-18 21:00:00,3804.496,-0.0036322813849718,0.0
2024-06-18 22:00:00,3814.585,-0.0087257198358405,1.0
2024-06-18 23:00:00,3813.592,-0.0103015739491796,1.0
2024-06-19 09:00:00,3808.349,-0.0096249057006067,1.0
2024-06-19 10:00:00,3808.731,-0.0110028773363096,1.0
2024-06-19 11:00:00,3805.86,-0.0128504464168414,1.0
2024-06-19 13:00:00,3796.624,-0.0109384021172494,1.0
2024-06-19 14:00:00,3787.47,-0.0108227919957121,1.0
2024-06-19 15:00:00,3787.6,-0.0114499947196113,1.0
2024-06-19 21:00:00,3779.956,-0.0093154523491807,1.0
2024-06-19 22:00:00,3789.371,-0.0158179286219269,1.0
2024-06-19 23:00:00,3789.248,-0.0165800707686591,1.0
2024-06-20 09:00:00,3793.955,-0.015958017425088,1.0
2024-06-20 10:00:00,3800.632,-0.0190002610092216,1.0
2024-06-20 11:00:00,3795.39,-0.0168306814319476,1.0
2024-06-20 13:00:00,3774.533,-0.0119376357287112,1.0
2024-06-20 14:00:00,3781.238,-0.0117138884143234,1.0
2024-06-20 15:00:00,3777.673,-0.0119036242681671,1.0
2024-06-20 21:00:00,3778.96,-0.0122351123060312,1.0
2024-06-20 22:00:00,3791.115,-0.0149177748498792,1.0
2024-06-20 23:00:00,3790.677,-0.016517366159132,1.0
2024-06-21 09:00:00,3781.3,-0.0122717054981091,1.0
2024-06-21 10:00:00,3774.306,-0.0106732204543034,1.0
2024-06-21 11:00:00,3771.694,-0.0119047303413266,1.0
2024-06-21 13:00:00,3766.824,-0.0114093464414583,1.0
2024-06-21 14:00:00,3756.953,-0.0090985966553214,1.0
2024-06-21 15:00:00,3755.095,-0.0071055459315942,1.0
2024-06-21 21:00:00,3746.479,-0.0045920449574119,0.0
2024-06-21 22:00:00,3744.232,-0.0063235931961481,1.0
2024-06-21 23:00:00,3744.744,-0.0041020160523657,0.0
2024-06-24 09:00:00,3729.431,0.0030755361876918,0.0
2024-06-24 10:00:00,3726.422,0.0041452632042211,0.0
2024-06-24 11:00:00,3733.411,0.0058466640827918,1.0
2024-06-24 13:00:00,3728.419,0.0071689903951246,1.0
2024-06-24 14:00:00,3731.511,0.0060648353977785,1.0
2024-06-24 15:00:00,3729.474,0.0055538663092971,1.0
2024-06-24 21:00:00,3736.945,0.0039157654180085,0.0
2024-06-24 22:00:00,3732.705,0.0060162804186239,1.0
2024-06-24 23:00:00,3732.724,0.0038925996135797,0.0
2024-06-25 09:00:00,3734.56,0.0048538515916198,0.0
2024-06-25 10:00:00,3728.065,0.0031595479156076,0.0
2024-06-25 11:00:00,3734.897,0.0011692424181979,0.0
2024-06-25 13:00:00,3734.022,0.0006127441134519,0.0
2024-06-25 14:00:00,3726.793,0.0006225191471594,0.0
2024-06-25 15:00:00,3723.847,0.0013153064559311,0.0
2024-06-25 21:00:00,3722.77,0.0021588763205891,0.0
2024-06-25 22:00:00,3728.413,0.0019995102473894,0.0
2024-06-25 23:00:00,3729.275,0.0032877704111388,0.0
2024-06-26 09:00:00,3720.555,0.0062775580524949,1.0
2024-06-26 10:00:00,3729.383,0.0037861490761341,0.0
2024-06-26 11:00:00,3740.901,0.0012082650676935,0.0
2024-06-26 13:00:00,3741.869,0.0013386358528318,0.0
2024-06-26 14:00:00,3755.239,-0.0008047423879012,0.0
2024-06-26 15:00:00,3755.148,-0.0013168588827924,0.0
2024-06-26 21:00:00,3754.142,-0.0010942580222057,0.0
2024-06-26 22:00:00,3750.187,0.0006114361763827,0.0
2024-06-26 23:00:00,3751.578,-2.478956854951362e-05,0.0
2024-06-27 09:00:00,3755.162,-0.0004724163697864,0.0
2024-06-27 10:00:00,3747.254,0.0024692748343187,0.0
2024-06-27 11:00:00,3752.687,0.0030644708711384,0.0
2024-06-27 13:00:00,3739.844,0.00631737580498,1.0
2024-06-27 14:00:00,3739.264,0.0089041586793551,1.0
2024-06-27 15:00:00,3736.31,0.009129863421397,1.0
2024-06-27 21:00:00,3729.113,0.0106188790739245,1.0
2024-06-27 22:00:00,3728.745,0.0107609933100815,1.0
2024-06-27 23:00:00,3730.807,0.0084504505325523,1.0
2024-06-28 09:00:00,3735.868,0.0085942544008514,1.0
2024-06-28 10:00:00,3741.536,0.005803231613968,1.0
2024-06-28 11:00:00,3743.911,0.0044725956359539,0.0
2024-06-28 13:00:00,3743.503,0.00434459382028,0.0
2024-06-28 14:00:00,3745.421,0.0065092816001192,1.0
2024-06-28 15:00:00,3746.878,0.0043735077576584,0.0
2024-06-28 21:00:00,3752.217,0.0034651514024908,0.0
2024-06-28 22:00:00,3750.203,0.0062601944481405,1.0
2024-06-28 23:00:00,3750.034,0.0043751603318795,0.0
2024-07-01 09:00:00,3752.48,0.0071499381742207,1.0
2024-07-01 10:00:00,3751.485,0.0094754477227018,1.0
2024-07-01 11:00:00,3753.388,0.0139564574725554,1.0
2024-07-01 13:00:00,3756.507,0.0147831482811026,1.0
2024-07-01 14:00:00,3764.187,0.013036015479571,1.0
2024-07-01 15:00:00,3763.47,0.0133483195030119,1.0
2024-07-01 21:00:00,3772.559,0.010614545723473,1.0
2024-07-01 22:00:00,3770.422,0.0132616455134199,1.0
2024-07-01 23:00:00,3768.712,0.0134189081044134,1.0
2024-07-02 09:00:00,3768.87,0.0092977470700766,1.0
2024-07-02 10:00:00,3762.334,0.0096700611907395,1.0
2024-07-02 11:00:00,3767.975,0.0094859971204692,1.0
2024-07-02 13:00:00,3763.249,0.0109827970458505,1.0
2024-07-02 14:00:00,3760.656,0.0124909058419595,1.0
2024-07-02 15:00:00,3759.767,0.0099064649484928,1.0
2024-07-02 21:00:00,3769.801,0.0065618848315866,1.0
2024-07-02 22:00:00,3763.265,0.0078862370840215,1.0
2024-07-02 23:00:00,3765.219,0.0049577461496927,0.0
2024-07-03 09:00:00,3773.68,-0.0035633652031967,0.0
2024-07-03 10:00:00,3766.441,0.0013537979222295,0.0
2024-07-03 11:00:00,3779.31,-0.0050887595883904,1.0
2024-07-03 13:00:00,3787.032,-0.0065652996858754,1.0
2024-07-03 14:00:00,3805.772,-0.0115621745075638,1.0
2024-07-03 15:00:00,3812.04,-0.0117810935876852,1.0
2024-07-03 21:00:00,3813.257,-0.0121059241483068,1.0
2024-07-03 22:00:00,3813.706,-0.0163056617369036,1.0
2024-07-03 23:00:00,3812.603,-0.0201439803724646,1.0
2024-07-04 09:00:00,3820.424,-0.0228061073849394,1.0
2024-07-04 10:00:00,3819.284,-0.0272731747625995,1.0
2024-07-04 11:00:00,3803.912,-0.023421151698567,1.0
2024-07-04 13:00:00,3798.716,-0.0231683547809311,1.0
2024-07-04 14:00:00,3803.718,-0.0228681516347952,1.0
2024-07-04 15:00:00,3804.58,-0.0226019692055364,1.0
2024-07-04 21:00:00,3807.63,-0.0229969823748631,1.0
2024-07-04 22:00:00,3797.013,-0.0209214453571794,1.0
2024-07-04 23:00:00,3794.538,-0.0248557268368375,1.0
2024-07-05 09:00:00,3792.943,-0.021106038239963,1.0
2024-07-05 10:00:00,3783.886,-0.0162785031050089,1.0
2024-07-05 11:00:00,3760.233,-0.011317915671715,1.0
2024-07-05 13:00:00,3771.54,-0.0146221437396925,1.0
2024-07-05 14:00:00,3760.078,-0.0131593014825756,1.0
2024-07-05 15:00:00,3762.169,-0.0157457041403509,1.0
2024-07-05 21:00:00,3761.769,-0.0154562919732709,1.0
2024-07-05 22:00:00,3767.13,-0.0171000204399636,1.0
2024-07-05 23:00:00,3767.094,-0.0178394805120339,1.0
2024-07-08 09:00:00,3751.521,-0.0155238368651009,1.0
2024-07-08 10:00:00,3735.802,-0.0120828138107962,1.0
2024-07-08 11:00:00,3733.295,-0.0124970033174448,1.0
2024-07-08 13:00:00,3715.12,-0.007964211115657,1.0
2024-07-08 14:00:00,3714.82,-0.005119225157612,1.0
2024-07-08 15:00:00,3710.706,-0.0039771407381776,0.0
2024-07-08 21:00:00,3716.734,-0.0068748530295684,1.0
2024-07-08 22:00:00,3718.589,-0.0094059870558429,1.0
2024-07-08 23:00:00,3720.066,-0.004395620937908,0.0
2024-07-09 09:00:00,3717.574,0.0003179492862818,0.0
2024-07-09 10:00:00,3700.222,0.0062550301035991,1.0
2024-07-09 11:00:00,3712.889,-0.0017921354503191,0.0
2024-07-09 13:00:00,3722.29,-0.0040230610726192,0.0
2024-07-09 14:00:00,3717.675,-0.0035847673613213,0.0
2024-07-09 15:00:00,3716.392,-0.0042360978066899,0.0
2024-07-09 21:00:00,3710.598,-0.0026389277415661,0.0
2024-07-09 22:00:00,3702.931,0.0015752386420379,0.0
2024-07-09 23:00:00,3703.626,0.0027259771910014,0.0
2024-07-10 09:00:00,3702.712,0.0029937516069302,0.0
2024-07-10 10:00:00,3699.891,0.0038617353862586,0.0
2024-07-10 11:00:00,3693.283,0.0056015203817308,1.0
2024-07-10 13:00:00,3690.663,0.0062108081935413,1.0
2024-07-10 14:00:00,3686.64,0.0031619577718464,0.0
2024-07-10 15:00:00,3685.532,0.0113828885490615,1.0
2024-07-10 21:00:00,3695.803,0.0087672421933744,1.0
2024-07-10 22:00:00,3695.948,0.0141306100626957,1.0
2024-07-10 23:00:00,3691.182,0.0167304131847197,1.0
2024-07-11 09:00:00,3683.612,0.0179788207878571,1.0
2024-07-11 10:00:00,3703.714,0.0097685728433674,1.0
2024-07-11 11:00:00,3718.756,0.0052786469453763,1.0
2024-07-11 13:00:00,3723.367,0.0037643348077156,0.0
2024-07-11 14:00:00,3706.235,0.0069202303685545,1.0
2024-07-11 15:00:00,3707.315,0.0067339840288726,1.0
2024-07-11 21:00:00,3704.348,0.0068967602395887,1.0
2024-07-11 22:00:00,3700.649,0.0088203447557442,1.0
2024-07-11 23:00:00,3700.806,0.0092155600698874,1.0
2024-07-12 09:00:00,3708.764,0.008696158612411,1.0
2024-07-12 10:00:00,3713.722,0.0071383910804308,1.0
2024-07-12 11:00:00,3713.797,0.005235881228834,1.0
2024-07-12 13:00:00,3714.179,0.0052794978378801,1.0
2024-07-12 14:00:00,3713.971,0.007148144129289,1.0
2024-07-12 15:00:00,3713.585,0.0069178435393292,1.0
2024-07-12 21:00:00,3698.297,0.0114468902849067,1.0
2024-07-12 22:00:00,3727.484,0.0016300539452349,0.0
2024-07-12 23:00:00,3728.205,0.0009420082854886,0.0
2024-07-15 09:00:00,3748.174,-0.0057884185739509,1.0
2024-07-15 10:00:00,3752.937,-0.013211252946692,1.0
2024-07-15 11:00:00,3749.839,-0.0199016544443641,1.0
2024-07-15 13:00:00,3739.894,-0.0175101219446326,1.0
2024-07-15 14:00:00,3738.386,-0.0187816346412596,1.0
2024-07-15 15:00:00,3737.383,-0.0201528716751801,1.0
2024-07-15 21:00:00,3731.883,-0.0185163897153259,1.0
2024-07-15 22:00:00,3732.28,-0.0189342707406732,1.0
2024-07-15 23:00:00,3729.896,-0.0194109969822215,1.0
2024-07-16 09:00:00,3733.29,-0.0182621762574029,1.0
2024-07-16 10:00:00,3734.911,-0.0171883613826407,1.0
2024-07-16 11:00:00,3741.016,-0.016346896137306,1.0
2024-07-16 13:00:00,3740.232,-0.0166249045513754,1.0
2024-07-16 14:00:00,3733.242,-0.0159941412852421,1.0
2024-07-16 15:00:00,3733.788,-0.0160126927399198,1.0
2024-07-16 21:00:00,3740.519,-0.0169310729339965,1.0
2024-07-16 22:00:00,3739.275,-0.0215651429755767,1.0
2024-07-16 23:00:00,3740.631,-0.0195654155675873,1.0
2024-07-17 09:00:00,3733.56,-0.0173917119317755,1.0
2024-07-17 10:00:00,3731.717,-0.0196464522899244,1.0
2024-07-17 11:00:00,3726.478,-0.0152865520741032,1.0
2024-07-17 13:00:00,3703.356,-0.0094554776802446,1.0
2024-07-17 14:00:00,3675.211,-0.0027813369082754,0.0
2024-07-17 15:00:00,3674.408,-0.0033869401547132,0.0
2024-07-17 21:00:00,3668.173,-0.0021558416137951,0.0
2024-07-17 22:00:00,3662.064,-0.0060971080789412,1.0
2024-07-17 23:00:00,3662.782,1.0374627810230288e-05,0.0
2024-07-18 09:00:00,3661.612,-0.0015763548950571,0.0
2024-07-18 10:00:00,3657.495,-0.0045186664643424,0.0
2024-07-18 11:00:00,3665.112,-0.0072753574788437,1.0
2024-07-18 13:00:00,3670.714,-0.0087792184299839,1.0
2024-07-18 14:00:00,3679.862,-0.0122363284275334,1.0
2024-07-18 15:00:00,3678.051,-0.0114750991761669,1.0
2024-07-18 21:00:00,3673.532,-0.0099854853585051,1.0
2024-07-18 22:00:00,3674.0,-0.010603701687534,1.0
2024-07-18 23:00:00,3677.188,-0.0178799669747644,1.0
2024-07-19 09:00:00,3658.637,-0.0134984695120067,1.0
2024-07-19 10:00:00,3667.444,-0.0170527484536914,1.0
2024-07-19 11:00:00,3668.627,-0.0217926215993067,1.0
2024-07-19 13:00:00,3658.402,-0.0191293903731739,1.0
2024-07-19 14:00:00,3669.513,-0.0208068482111931,1.0
2024-07-19 15:00:00,3668.339,-0.0196895652228433,1.0
2024-07-19 21:00:00,3664.989,-0.0187962364962077,1.0
2024-07-19 22:00:00,3661.963,-0.0198060439168828,1.0
2024-07-19 23:00:00,3660.265,-0.0222194294675384,1.0
2024-07-22 09:00:00,3639.736,-0.0147398053045605,1.0
2024-07-22 10:00:00,3662.82,-0.0239310149010871,1.0
2024-07-22 11:00:00,3655.84,-0.0209366383649175,1.0
2024-07-22 13:00:00,3640.968,-0.0171330810927203,1.0
2024-07-22 14:00:00,3638.447,-0.0203078401306931,1.0
2024-07-22 15:00:00,3638.488,-0.0242166526315325,1.0
2024-07-22 21:00:00,3634.834,-0.0236145584640179,1.0
2024-07-22 22:00:00,3635.845,-0.0274302122340198,1.0
2024-07-22 23:00:00,3636.85,-0.028009678705473,1.0
2024-07-23 09:00:00,3635.042,-0.0258624246982565,1.0
2024-07-23 10:00:00,3611.44,-0.0221210929712248,1.0
2024-07-23 11:00:00,3609.251,-0.0245388863229517,1.0
2024-07-23 13:00:00,3604.904,-0.0223023969570341,1.0
2024-07-23 14:00:00,3588.678,-0.0028341913094459,0.0
2024-07-23 15:00:00,3588.419,0.0004255355910221,0.0
2024-07-23 21:00:00,3593.162,-0.0011004235266875,0.0
2024-07-23 22:00:00,3596.111,-0.0022802410715352,0.0
2024-07-23 23:00:00,3596.101,-0.0063713449650052,1.0
2024-07-24 09:00:00,3589.434,-0.0047221929696994,0.0
2024-07-24 10:00:00,3578.936,-0.0008404732579739,0.0
2024-07-24 11:00:00,3586.087,-0.0067198592783722,1.0
2024-07-24 13:00:00,3575.165,-0.0033030643340935,0.0
2024-07-24 14:00:00,3579.299,-0.0068236825143694,1.0
2024-07-24 15:00:00,3578.587,-0.0061353824847628,1.0
2024-07-24 21:00:00,3564.558,-0.0029341646285457,0.0
2024-07-24 22:00:00,3550.376,-0.0039026852367186,0.0
2024-07-24 23:00:00,3548.999,-0.0017058331095612,0.0
2024-07-25 09:00:00,3536.113,0.001515505867601,0.0
2024-07-25 10:00:00,3534.983,0.0033400443509911,0.0
2024-07-25 11:00:00,3541.031,-0.0016274921061125,0.0
2024-07-25 13:00:00,3531.551,0.0004287068203177,0.0
2024-07-25 14:00:00,3520.684,-0.0036811028766001,0.0
2024-07-25 15:00:00,3524.506,-0.0035624850688295,0.0
2024-07-25 21:00:00,3578.507,-0.0189741140648879,1.0
2024-07-25 22:00:00,3589.946,-0.0268859197324973,1.0
2024-07-25 23:00:00,3589.208,-0.0280515924404492,1.0
2024-07-26 09:00:00,3587.911,-0.0291545693301757,1.0
2024-07-26 10:00:00,3573.189,-0.0261553475061071,1.0
2024-07-26 11:00:00,3572.484,-0.0321641748430503,1.0
2024-07-26 13:00:00,3575.928,-0.0326958484622732,1.0
2024-07-26 14:00:00,3561.989,-0.0313720789143368,1.0
2024-07-26 15:00:00,3563.356,-0.0209123085091694,1.0
2024-07-26 21:00:00,3554.875,-0.0183165371496887,1.0
2024-07-26 22:00:00,3556.631,-0.0134174728837486,1.0
2024-07-26 23:00:00,3554.099,-0.0132711553617387,1.0
2024-07-29 09:00:00,3536.52,-0.0095206587266578,1.0
2024-07-29 10:00:00,3542.945,-0.014356135926468,1.0
2024-07-29 11:00:00,3541.472,-0.0152041298081702,1.0
2024-07-29 13:00:00,3546.79,-0.0166919947332658,1.0
2024-07-29 14:00:00,3535.268,0.0007611869878039,0.0
2024-07-29 15:00:00,3533.065,0.0017644736227609,0.0
2024-07-29 21:00:00,3507.724,0.0087261711582781,1.0
2024-07-29 22:00:00,3511.95,0.0029513518130953,0.0
2024-07-29 23:00:00,3510.608,-0.000256935550765,0.0
2024-07-30 09:00:00,3493.427,0.0038692664824539,0.0
2024-07-30 10:00:00,3488.525,0.0057795199977067,1.0
2024-07-30 11:00:00,3483.307,0.0096543313581031,1.0
2024-07-30 13:00:00,3479.731,0.0110502794612571,1.0
2024-07-30 14:00:00,3457.578,0.0201045356026675,1.0
2024-07-30 15:00:00,3459.01,0.0123622076837013,1.0
2024-07-30 21:00:00,3450.242,0.0142242196344487,1.0
2024-07-30 22:00:00,3488.838,0.006328754731518,1.0
2024-07-30 23:00:00,3489.762,0.0063952785318883,1.0
2024-07-31 09:00:00,3508.91,0.0028570125765551,0.0
2024-07-31 10:00:00,3506.932,0.0041463592678729,0.0
2024-07-31 11:00:00,3502.85,0.0097908845654253,1.0
2024-07-31 13:00:00,3492.082,0.0131400121761172,1.0
2024-07-31 14:00:00,3487.627,0.0143782577666706,1.0
2024-07-31 15:00:00,3487.587,0.0070464192004385,1.0
2024-07-31 21:00:00,3537.959,-0.0070356948737958,1.0
2024-07-31 22:00:00,3539.299,-0.0020862888385524,0.0
2024-07-31 23:00:00,3538.333,-0.0011022139521633,0.0
2024-08-01 09:00:00,3522.315,0.0110041265474552,1.0
2024-08-01 10:00:00,3509.706,0.0063321543171991,1.0
2024-08-01 11:00:00,3506.944,0.0083656881889189,1.0
2024-08-01 13:00:00,3508.687,0.0085807026959087,1.0
2024-08-01 14:00:00,3516.936,0.0049969632657517,0.0
2024-08-01 15:00:00,3518.183,0.0030763038761769,0.0
2024-08-01 21:00:00,3527.091,0.0006756275922566,0.0
2024-08-01 22:00:00,3501.771,0.0107251445054516,1.0
2024-08-01 23:00:00,3499.319,0.0062575032456314,1.0
2024-08-02 09:00:00,3510.918,-0.0015175518197804,0.0
2024-08-02 10:00:00,3512.08,-0.0049244322452791,0.0
2024-08-02 11:00:00,3518.935,-0.0050080493103737,1.0
2024-08-02 13:00:00,3521.473,-0.0058878770332755,1.0
2024-08-02 14:00:00,3537.146,-0.0108016462990219,1.0
2024-08-02 15:00:00,3537.968,-0.0081826630427408,1.0
2024-08-02 21:00:00,3537.773,-0.0079615057269079,1.0
2024-08-02 22:00:00,3512.162,0.0022325279984238,0.0
2024-08-02 23:00:00,3513.067,-0.0003301958089611,0.0
2024-08-05 09:00:00,3531.915,-0.0071417347246465,1.0
2024-08-05 10:00:00,3534.433,-0.0117945367757713,1.0
2024-08-05 11:00:00,3561.075,-0.0203385213734615,1.0
2024-08-05 13:00:00,3531.93,-0.0100395534452834,1.0
2024-08-05 14:00:00,3536.282,-0.0101162746636157,1.0
2024-08-05 15:00:00,3538.794,-0.009769712506577,1.0
2024-08-05 21:00:00,3534.51,-0.0086011922444696,1.0
2024-08-05 22:00:00,3529.006,-0.013435794668527,1.0
2024-08-05 23:00:00,3529.474,-0.0149311200479165,1.0
2024-08-06 09:00:00,3539.328,-0.0202066606994322,1.0
2024-08-06 10:00:00,3521.216,-0.0186679828786419,1.0
2024-08-06 11:00:00,3505.59,-0.0200391374918345,1.0
2024-08-06 13:00:00,3494.785,-0.0177123914632802,1.0
2024-08-06 14:00:00,3501.312,-0.0134735207830663,1.0
2024-08-06 15:00:00,3500.739,-0.0177185445701608,1.0
2024-08-06 21:00:00,3498.939,-0.0172269365084672,1.0
2024-08-06 22:00:00,3509.018,-0.0137266323512731,1.0
2024-08-06 23:00:00,3509.607,-0.0082655978290446,1.0
2024-08-07 09:00:00,3520.003,-0.0108045362461339,1.0
2024-08-07 10:00:00,3511.907,-0.011788467063621,1.0
2024-08-07 11:00:00,3506.691,-0.0172792527200143,1.0
2024-08-07 13:00:00,3492.746,-0.0132116678395737,1.0
2024-08-07 14:00:00,3488.648,-0.0156129251217091,1.0
2024-08-07 15:00:00,3496.471,-0.0256818946875291,1.0
2024-08-07 21:00:00,3500.508,-0.0270629291519973,1.0
2024-08-07 22:00:00,3504.221,-0.0340286757028167,1.0
2024-08-07 23:00:00,3504.109,-0.0320754862363013,1.0
2024-08-08 09:00:00,3481.591,-0.02563397021649,1.0
2024-08-08 10:00:00,3476.775,-0.0258452157531045,1.0
2024-08-08 11:00:00,3467.81,-0.0216750629359739,1.0
2024-08-08 13:00:00,3455.482,-0.0184642837091901,1.0
2024-08-08 14:00:00,3435.341,-0.0098517148661515,1.0
2024-08-08 15:00:00,3432.884,-0.0108346218514811,1.0
2024-08-08 21:00:00,3454.137,-0.0175751569784291,1.0
2024-08-08 22:00:00,3438.711,-0.0153961760671367,1.0
2024-08-08 23:00:00,3438.663,-0.0202668886133941,1.0
2024-08-09 09:00:00,3460.851,-0.0316373053910729,1.0
2024-08-09 10:00:00,3480.598,-0.0402537150225334,1.0
2024-08-09 11:00:00,3481.971,-0.0385554618346907,1.0
2024-08-09 13:00:00,3470.507,-0.0347707121754833,1.0
2024-08-09 14:00:00,3446.098,-0.0316845313162887,1.0
2024-08-09 15:00:00,3446.601,-0.0326884371007842,1.0
2024-08-09 21:00:00,3434.18,-0.0296891834440826,1.0
2024-08-09 22:00:00,3406.675,-0.026795042086492,1.0
2024-08-09 23:00:00,3405.774,-0.0308452645419219,1.0
2024-08-12 09:00:00,3384.977,-0.0292592830025137,1.0
2024-08-12 10:00:00,3391.713,-0.0412564388555282,1.0
2024-08-12 11:00:00,3392.344,-0.0396118436101998,1.0
2024-08-12 13:00:00,3386.917,-0.0373885749193145,1.0
2024-08-12 14:00:00,3392.645,-0.0417674115623649,1.0
2024-08-12 15:00:00,3391.679,-0.0433154198849597,1.0
2024-08-12 21:00:00,3401.497,-0.0465227516002512,1.0
2024-08-12 22:00:00,3395.69,-0.0462462710082486,1.0
2024-08-12 23:00:00,3393.43,-0.0433004364315751,1.0
2024-08-13 09:00:00,3385.768,-0.0470501818199002,1.0
2024-08-13 10:00:00,3368.972,-0.0506130653504986,1.0
2024-08-13 11:00:00,3351.359,-0.0355924268334129,1.0
2024-08-13 13:00:00,3340.491,-0.0311990063736138,1.0
2024-08-13 14:00:00,3347.722,-0.0293847577546762,1.0
2024-08-13 15:00:00,3349.835,-0.0266210126767437,1.0
2024-08-13 21:00:00,3336.91,-0.0223320377235226,1.0
2024-08-13 22:00:00,3333.937,-0.0173683545909834,1.0
2024-08-13 23:00:00,3332.222,-0.0308835965911034,1.0
2024-08-14 09:00:00,3315.393,-0.0311935870046175,1.0
2024-08-14 10:00:00,3300.722,-0.0272146518246615,1.0
2024-08-14 11:00:00,3285.935,-0.0287571117505368,1.0
2024-08-14 13:00:00,3251.783,-0.0205471890344466,1.0
2024-08-14 14:00:00,3257.967,-0.0288670818335484,1.0
2024-08-14 15:00:00,3260.285,-0.0210533741682091,1.0
2024-08-14 21:00:00,3250.943,-0.0171790154425963,1.0
2024-08-14 22:00:00,3244.767,-0.0155111291504135,1.0
2024-08-14 23:00:00,3243.25,-0.0270817852462807,1.0
2024-08-15 09:00:00,3238.652,-0.0231639583382221,1.0
2024-08-15 10:00:00,3246.493,-0.0205788215160173,1.0
2024-08-15 11:00:00,3226.467,-0.0081135185947973,1.0
2024-08-15 13:00:00,3198.458,0.0002898271604629,0.0
2024-08-15 14:00:00,3232.076,-0.0029556854479906,0.0
2024-08-15 15:00:00,3236.271,-0.0066378866293953,1.0
2024-08-15 21:00:00,3249.35,-0.0110646744733562,1.0
2024-08-15 22:00:00,3260.659,-0.0206547204108126,1.0
2024-08-15 23:00:00,3262.39,-0.0166644699131618,1.0
2024-08-16 09:00:00,3276.032,-0.0211771435688051,1.0
2024-08-16 10:00:00,3229.311,-0.0040686697564898,0.0
2024-08-16 11:00:00,3211.974,0.0070262088049279,1.0
2024-08-16 13:00:00,3210.894,0.0083920552967492,1.0
2024-08-16 14:00:00,3191.441,0.0260007939986984,1.0
2024-08-16 15:00:00,3184.968,0.0317943539778108,1.0
2024-08-16 21:00:00,3163.919,0.0397519658373049,1.0
2024-08-16 22:00:00,3191.645,0.0270474943171938,1.0
2024-08-16 23:00:00,3195.095,0.0257410186551574,1.0
2024-08-19 09:00:00,3194.437,0.0330972249570113,1.0
2024-08-19 10:00:00,3155.417,0.0470755529300882,1.0
2024-08-19 11:00:00,3163.632,0.0534556484445725,1.0
2024-08-19 13:00:00,3179.684,0.0489403978508555,1.0
2024-08-19 14:00:00,3200.289,0.0399688903095938,1.0
2024-08-19 15:00:00,3199.385,0.035316787445087,1.0
2024-08-19 21:00:00,3222.523,0.0287408344331444,1.0
2024-08-19 22:00:00,3214.789,0.0268418860460203,1.0
2024-08-19 23:00:00,3213.397,0.0313938800590153,1.0
2024-08-20 09:00:00,3193.311,0.035048888128967,1.0
2024-08-20 10:00:00,3208.024,0.0247317351740511,1.0
2024-08-20 11:00:00,3206.655,0.0196092189524596,1.0
2024-08-20 13:00:00,3216.172,0.0167164567069173,1.0
2024-08-20 14:00:00,3234.542,0.0091540007828001,1.0
2024-08-20 15:00:00,3237.84,0.0078845773725693,1.0
2024-08-20 21:00:00,3274.421,-0.0035838397078444,0.0
2024-08-20 22:00:00,3286.232,-0.010831249893495,1.0
2024-08-20 23:00:00,3289.691,-0.0118293785039385,1.0
2024-08-21 09:00:00,3277.971,-0.0041983287832626,0.0
2024-08-21 10:00:00,3277.34,-0.0041018020711919,0.0
2024-08-21 11:00:00,3300.164,-0.0170718788520813,1.0
2024-08-21 13:00:00,3303.96,-0.0194863133936246,1.0
2024-08-21 14:00:00,3332.746,-0.031682282418162,1.0
2024-08-21 15:00:00,3335.299,-0.0225730886496233,1.0
2024-08-21 21:00:00,3328.201,-0.018486864224847,1.0
2024-08-21 22:00:00,3312.377,-0.0041121526927641,0.0
2024-08-21 23:00:00,3315.141,-0.0037180922319744,0.0
2024-08-22 09:00:00,3301.08,0.0045651726101761,0.0
2024-08-22 10:00:00,3314.278,0.0099689887209221,1.0
2024-08-22 11:00:00,3305.233,0.0131201037869341,1.0
2024-08-22 13:00:00,3287.364,0.0187946938641415,1.0
2024-08-22 14:00:00,3269.535,0.0238523215074927,1.0
2024-08-22 15:00:00,3269.935,0.0224258280363371,1.0
2024-08-22 21:00:00,3264.151,0.0239982770404923,1.0
2024-08-22 22:00:00,3263.369,0.0220284619974019,1.0
2024-08-22 23:00:00,3262.686,0.0216018335812885,1.0
2024-08-23 09:00:00,3250.638,0.0295458922217731,1.0
2024-08-23 10:00:00,3250.776,0.0419093779454506,1.0
2024-08-23 11:00:00,3264.209,0.0282258274516123,1.0
2024-08-23 13:00:00,3263.897,0.0268540949668448,1.0
2024-08-23 14:00:00,3243.824,0.0337783430913637,1.0
2024-08-23 15:00:00,3239.578,0.0390998457206463,1.0
2024-08-23 21:00:00,3227.157,0.0438531500016887,1.0
2024-08-23 22:00:00,3260.011,0.0305302650819276,1.0
2024-08-23 23:00:00,3266.673,0.0252281143536559,1.0
2024-08-26 09:00:00,3298.756,0.0184305841353529,1.0
2024-08-26 10:00:00,3302.815,0.0146223751557383,1.0
2024-08-26 11:00:00,3316.15,0.0088967628122973,1.0
2024-08-26 13:00:00,3347.318,-0.0008436605067101,0.0
2024-08-26 14:00:00,3348.598,-0.0016054480113766,0.0
2024-08-26 15:00:00,3349.149,-0.0028732672090731,0.0
2024-08-26 21:00:00,3347.521,-0.0028170099605051,0.0
2024-08-26 22:00:00,3343.266,-0.0053277244466937,1.0
2024-08-26 23:00:00,3342.485,-0.0007099508299962,0.0
2024-08-27 09:00:00,3335.256,0.0068390552329416,1.0
2024-08-27 10:00:00,3333.166,0.0014553730597274,0.0
2024-08-27 11:00:00,3346.681,-0.0042095437240657,0.0
2024-08-27 13:00:00,3387.014,-0.0160418586991374,1.0
2024-08-27 14:00:00,3356.344,-0.0061179664539749,1.0
2024-08-27 15:00:00,3351.546,-0.0040157586976278,0.0
2024-08-27 21:00:00,3353.395,-0.0053417506735711,1.0
2024-08-27 22:00:00,3366.245,-0.0095316888699425,1.0
2024-08-27 23:00:00,3368.678,-0.009311070989866,1.0
2024-08-28 09:00:00,3359.54,-0.003487084541336,0.0
2024-08-28 10:00:00,3349.085,0.0013717179468422,0.0
2024-08-28 11:00:00,3359.554,-0.0085428006217492,1.0
2024-08-28 13:00:00,3351.11,-0.0060627672621907,1.0
2024-08-28 14:00:00,3345.653,-0.0012484857216213,0.0
2024-08-28 15:00:00,3344.494,-0.0030094238470752,0.0
2024-08-28 21:00:00,3343.222,-0.0034430857418383,0.0
2024-08-28 22:00:00,3339.526,-0.0121068079721493,1.0
2024-08-28 23:00:00,3338.091,-0.0164968540402283,1.0
2024-08-29 09:00:00,3325.454,-0.0103700126358687,1.0
2024-08-29 10:00:00,3340.112,-0.0168392556896295,1.0
2024-08-29 11:00:00,3358.066,-0.0237824390586724,1.0
2024-08-29 13:00:00,3338.017,-0.0180283683396458,1.0
2024-08-29 14:00:00,3332.593,-0.0154969418707894,1.0
2024-08-29 15:00:00,3332.68,-0.0153002988585762,1.0
2024-08-29 21:00:00,3335.81,-0.0165611950320911,1.0
2024-08-29 22:00:00,3338.087,-0.0195531153022674,1.0
2024-08-29 23:00:00,3335.482,-0.0231663669598577,1.0
2024-08-30 09:00:00,3334.159,-0.0280046632449143,1.0
2024-08-30 10:00:00,3337.312,-0.0296544045027854,1.0
2024-08-30 11:00:00,3347.825,-0.0402583767072651,1.0
2024-08-30 13:00:00,3353.679,-0.0429140654189026,1.0
2024-08-30 14:00:00,3330.854,-0.0435425869761927,1.0
2024-08-30 15:00:00,3330.793,-0.038063608275867,1.0
2024-08-30 21:00:00,3341.476,-0.0418728130921784,1.0
2024-08-30 22:00:00,3334.429,-0.0384443633377708,1.0
2024-08-30 23:00:00,3331.711,-0.0375845924211313,1.0
2024-09-02 09:00:00,3299.095,-0.0300309630368327,1.0
2024-09-02 10:00:00,3283.023,-0.0327195392782811,1.0
2024-09-02 11:00:00,3290.969,-0.0359942618724151,1.0
2024-09-02 13:00:00,3283.867,-0.0356406029842256,1.0
2024-09-02 14:00:00,3278.203,-0.0303376575520185,1.0
2024-09-02 15:00:00,3277.838,-0.0299590766840826,1.0
2024-09-02 21:00:00,3280.948,-0.0310779079705011,1.0
2024-09-02 22:00:00,3281.689,-0.0418196239802126,1.0
2024-09-02 23:00:00,3280.565,-0.0355935639135332,1.0
2024-09-03 09:00:00,3272.817,-0.0400385967195844,1.0
2024-09-03 10:00:00,3258.211,-0.0381961143707389,1.0
2024-09-03 11:00:00,3240.787,-0.0364186230073126,1.0
2024-09-03 13:00:00,3238.346,-0.0358087122253149,1.0
2024-09-03 14:00:00,3213.047,-0.0220189745123554,1.0
2024-09-03 15:00:00,3209.759,-0.0198775048220131,1.0
2024-09-03 21:00:00,3185.82,-0.0129561619928308,1.0
2024-09-03 22:00:00,3204.011,-0.0294714968207038,1.0
2024-09-03 23:00:00,3201.559,-0.0381554736301908,1.0
2024-09-04 09:00:00,3206.239,-0.0433286476772318,1.0
2024-09-04 10:00:00,3206.49,-0.0360468923963585,1.0
2024-09-04 11:00:00,3200.02,-0.0340372872669546,1.0
2024-09-04 13:00:00,3175.604,-0.0260621286533207,1.0
2024-09-04 14:00:00,3172.513,-0.0321227998120101,1.0
2024-09-04 15:00:00,3166.828,-0.0336244974466564,1.0
2024-09-04 21:00:00,3178.75,-0.039242469524184,1.0
2024-09-04 22:00:00,3179.637,-0.035377937796044,1.0
2024-09-04 23:00:00,3178.983,-0.0311451807071633,1.0
2024-09-05 09:00:00,3144.45,-0.0192889058499895,1.0
2024-09-05 10:00:00,3163.798,-0.0219704292119786,1.0
2024-09-05 11:00:00,3141.778,-0.0025256399401867,0.0
2024-09-05 13:00:00,3133.76,0.0012007939344429,0.0
2024-09-05 14:00:00,3122.762,0.0069528193310921,1.0
2024-09-05 15:00:00,3122.385,0.0071454993538592,1.0
2024-09-05 21:00:00,3142.299,0.0001581644522051,0.0
2024-09-05 22:00:00,3145.957,-0.0042956721913235,0.0
2024-09-05 23:00:00,3144.544,-0.0035108429075884,0.0
2024-09-06 09:00:00,3109.584,0.0071813464437687,1.0
2024-09-06 10:00:00,3079.402,0.0212771830374857,1.0
2024-09-06 11:00:00,3067.317,0.021306568574425,1.0
2024-09-06 13:00:00,3090.906,0.0139205139205139,1.0
2024-09-06 14:00:00,3091.1,0.0017000420562259,0.0
2024-09-06 15:00:00,3092.841,0.0087081747816974,1.0
2024-09-06 21:00:00,3070.603,0.0171487489590807,1.0
2024-09-06 22:00:00,3060.345,0.0269191872158204,1.0
2024-09-06 23:00:00,3054.008,0.0303496258032068,1.0
2024-09-09 09:00:00,3067.148,0.0296121999981741,1.0
2024-09-09 10:00:00,3079.973,0.0280732980451452,1.0
2024-09-09 11:00:00,3083.797,0.0330300600201635,1.0
2024-09-09 13:00:00,3094.288,0.0299105965572694,1.0
2024-09-09 14:00:00,3133.843,0.020918405931631,1.0
2024-09-09 15:00:00,3137.523,0.014021251796401,1.0
2024-09-09 21:00:00,3144.474,0.0112931447358127,1.0
2024-09-09 22:00:00,3144.696,0.020228664392361,1.0
2024-09-09 23:00:00,3142.796,0.0184339040777703,1.0
2024-09-10 09:00:00,3132.443,0.0285310858010823,1.0
2024-09-10 10:00:00,3133.504,0.0345705638160986,1.0
2024-09-10 11:00:00,3131.915,0.0345542583371515,1.0
2024-09-10 13:00:00,3144.923,0.0307959845121804,1.0
2024-09-10 14:00:00,3132.671,0.0338746073239099,1.0
2024-09-10 15:00:00,3133.933,0.0360231057907109,1.0
2024-09-10 21:00:00,3096.355,0.0487243872230412,1.0
2024-09-10 22:00:00,3119.774,0.0473229791645164,1.0
2024-09-10 23:00:00,3123.26,0.0449174900584644,1.0
2024-09-11 09:00:00,3142.727,0.0338378102838713,1.0
2024-09-11 10:00:00,3146.696,0.0306750318429235,1.0
2024-09-11 11:00:00,3157.973,0.0246522057028353,1.0
2024-09-11 13:00:00,3166.438,0.0238943570030424,1.0
2024-09-11 14:00:00,3185.655,0.0122260571216907,1.0
2024-09-11 15:00:00,3186.84,0.0094193621267462,1.0
2024-09-11 21:00:00,3199.398,0.0025354769866081,0.0
2024-09-11 22:00:00,3181.515,0.0041624823393886,0.0
2024-09-11 23:00:00,3179.985,0.0032037886971163,0.0
2024-09-12 09:00:00,3208.309,-0.0041863174650571,0.0
2024-09-12 10:00:00,3200.73,0.0031502188563234,0.0
2024-09-12 11:00:00,3221.815,-0.0029619950245436,0.0
2024-09-12 13:00:00,3241.831,-0.0079038666728771,1.0
2024-09-12 14:00:00,3240.136,-0.0125053392820547,1.0
2024-09-12 15:00:00,3241.774,-0.0025442859372676,0.0
2024-09-12 21:00:00,3238.789,-0.0001037424790562,0.0
2024-09-12 22:00:00,3246.827,-0.0023527585547367,0.0
2024-09-12 23:00:00,3247.223,-0.00098884492996,0.0
2024-09-13 09:00:00,3267.411,-0.0062052187496461,1.0
2024-09-13 10:00:00,3263.549,0.0004173370769061,0.0
2024-09-13 11:00:00,3249.07,0.0091441550966892,1.0
2024-09-13 13:00:00,3243.221,0.011581696097799,1.0
2024-09-13 14:00:00,3235.824,0.0025004450180231,0.0
2024-09-13 15:00:00,3242.098,7.957810035361842e-05,0.0
2024-09-18 09:00:00,3224.603,0.0049193652676003,0.0
2024-09-18 10:00:00,3216.858,0.0029357839233189,0.0
2024-09-18 11:00:00,3207.51,0.0074001328133037,1.0
2024-09-18 13:00:00,3194.758,0.0103090750535722,1.0
2024-09-18 14:00:00,3190.173,0.0088832173051431,1.0
2024-09-18 15:00:00,3194.878,-0.0043457058454188,0.0
2024-09-18 21:00:00,3210.813,-0.0111666422180302,1.0
2024-09-18 22:00:00,3212.272,-0.0072973272499962,1.0
2024-09-18 23:00:00,3216.208,-0.0106411028142458,1.0
2024-09-19 09:00:00,3199.617,-0.0051968720006176,1.0
2024-09-19 10:00:00,3233.526,-0.0196002753650348,1.0
2024-09-19 11:00:00,3238.453,-0.0218320290583188,1.0
2024-09-19 13:00:00,3239.188,-0.0222404503844791,1.0
2024-09-19 14:00:00,3244.012,-0.0191565259314701,1.0
2024-09-19 15:00:00,3247.136,-0.0209889576537601,1.0
2024-09-19 21:00:00,3264.911,-0.0254402034236155,1.0
2024-09-19 22:00:00,3278.78,-0.0187081780418326,1.0
2024-09-19 23:00:00,3280.783,-0.0111701993091283,1.0
2024-09-20 09:00:00,3243.915,0.0031058150413928,0.0
2024-09-20 10:00:00,3242.356,0.0080034394742587,1.0
2024-09-20 11:00:00,3240.466,0.0170777906634416,1.0
2024-09-20 13:00:00,3226.302,0.0227306681147641,1.0
2024-09-20 14:00:00,3231.246,0.0316914899082272,1.0
2024-09-20 15:00:00,3227.693,0.0332401501629801,1.0
2024-09-20 21:00:00,3218.512,0.0364727551116789,1.0
2024-09-20 22:00:00,3180.994,0.0523204382026498,1.0
2024-09-20 23:00:00,3174.959,0.0542079441025853,1.0
2024-09-23 09:00:00,3188.831,0.0454445531920631,1.0
2024-09-23 10:00:00,3181.984,0.0406274827277573,1.0
2024-09-23 11:00:00,3182.989,0.0396536086049936,1.0
2024-09-23 13:00:00,3170.148,0.0431844191501468,1.0
2024-09-23 14:00:00,3167.751,0.0498981769716115,1.0
2024-09-23 15:00:00,3167.147,0.0478133790442945,1.0
2024-09-23 21:00:00,3181.868,0.0442362788148345,1.0
2024-09-23 22:00:00,3178.982,0.0487042707382426,1.0
2024-09-23 23:00:00,3181.851,0.0440712025798819,1.0
2024-09-24 09:00:00,3217.44,0.0346085707891989,1.0
2024-09-24 10:00:00,3244.136,0.0333188867544393,1.0
2024-09-24 11:00:00,3253.99,0.0310335926047714,1.0
2024-09-24 13:00:00,3268.306,0.0262527437761336,1.0
2024-09-24 14:00:00,3295.806,0.0280222804376227,1.0
2024-09-24 15:00:00,3299.638,0.0315610379077946,1.0
2024-09-24 21:00:00,3333.649,0.022086308426592,1.0
2024-09-24 22:00:00,3334.982,0.0228409028894308,1.0
2024-09-24 23:00:00,3335.9,0.0247783206930663,1.0
2024-09-25 09:00:00,3347.425,0.0261239609550624,1.0
2024-09-25 10:00:00,3347.067,0.020371567106365,1.0
2024-09-25 11:00:00,3333.746,0.0295445423856525,1.0
2024-09-25 13:00:00,3311.26,0.0368409608427002,1.0
2024-09-25 14:00:00,3309.206,0.0482732111569966,1.0
2024-09-25 15:00:00,3307.049,0.0612627753625664,1.0
2024-09-25 21:00:00,3325.816,0.0565749879127409,1.0
2024-09-25 22:00:00,3318.579,0.0952392575255854,1.0
2024-09-25 23:00:00,3322.622,0.0972415760805773,1.0
2024-09-26 09:00:00,3333.812,0.0937575364177704,1.0
2024-09-26 10:00:00,3322.079,0.0976271184399888,1.0
2024-09-26 11:00:00,3328.791,0.095415422596372,1.0
2024-09-26 13:00:00,3352.227,0.0877571835081574,1.0
2024-09-26 14:00:00,3354.973,0.1218698332296563,1.0
2024-09-26 15:00:00,3354.108,0.0957634637882858,1.0
2024-09-26 21:00:00,3388.162,0.0806838634044063,1.0
2024-09-26 22:00:00,3403.778,0.0582238324591086,1.0
2024-09-26 23:00:00,3407.277,0.0585807963367815,1.0
2024-09-27 09:00:00,3411.156,0.0571803224478739,1.0
2024-09-27 10:00:00,3418.558,0.0584269741803415,1.0
2024-09-27 11:00:00,3434.873,0.0497986388434157,1.0
2024-09-27 13:00:00,3415.252,0.0557502052557175,1.0
2024-09-27 14:00:00,3432.24,0.0548650444024894,1.0
2024-09-27 15:00:00,3433.25,0.0505454015874171,1.0
2024-09-27 21:00:00,3468.952,0.0395335536496324,1.0
2024-09-27 22:00:00,3509.648,0.0353160772818241,1.0
2024-09-27 23:00:00,3513.974,0.0148199730561466,1.0
2024-09-30 09:00:00,3634.638,-0.0159669271052578,1.0
2024-09-30 10:00:00,3645.719,-0.02497559466322,1.0
2024-09-30 11:00:00,3646.382,-0.0173174395880629,1.0
2024-09-30 13:00:00,3646.404,-0.0167285358396929,1.0
2024-09-30 14:00:00,3646.409,-0.0154738538655427,1.0
2024-09-30 15:00:00,3646.409,-0.0071563557461601,1.0
2024-10-08 09:00:00,3763.843,-0.0360782848806391,1.0
2024-10-08 10:00:00,3675.309,-0.0182041836482321,1.0
2024-10-08 11:00:00,3661.532,-0.0198922199778672,1.0
2024-10-08 13:00:00,3601.959,-0.0049237095702643,0.0
2024-10-08 14:00:00,3606.878,-0.0005805574793491,0.0
2024-10-08 15:00:00,3606.207,0.000308911828966,0.0
2024-10-08 21:00:00,3618.294,-0.003012745785721,0.0
2024-10-08 22:00:00,3605.925,-0.0004464873784119,0.0
2024-10-08 23:00:00,3605.653,-0.0057440358237467,1.0
2024-10-09 09:00:00,3620.55,-0.011038101945837,1.0
2024-10-09 10:00:00,3606.785,-0.0090440655597713,1.0
2024-10-09 11:00:00,3606.092,-0.0012501067637764,0.0
2024-10-09 13:00:00,3633.595,-0.0080157529939356,1.0
2024-10-09 14:00:00,3566.051,0.01306879795045,1.0
2024-10-09 15:00:00,3576.604,0.0230137303430852,1.0
2024-10-09 21:00:00,3554.665,0.0313284092875137,1.0
2024-10-09 22:00:00,3583.236,0.0148519383038126,1.0
2024-10-09 23:00:00,3585.405,0.0154127636905733,1.0
2024-10-10 09:00:00,3589.985,0.0200959056931992,1.0
2024-10-10 10:00:00,3620.314,0.0090588827377957,1.0
2024-10-10 11:00:00,3628.05,0.0036931685064979,0.0
2024-10-10 13:00:00,3608.403,0.0086919338000772,1.0
2024-10-10 14:00:00,3588.696,0.0166963153189905,1.0
2024-10-10 15:00:00,3584.224,0.011907458908818,1.0
2024-10-10 21:00:00,3604.784,0.0051201403468279,1.0
2024-10-10 22:00:00,3607.321,0.0040606311442758,0.0
2024-10-10 23:00:00,3607.393,0.0069668040049975,1.0
2024-10-11 09:00:00,3604.315,0.0118874182750397,1.0
2024-10-11 10:00:00,3584.942,0.014078888863474,1.0
2024-10-11 11:00:00,3580.586,0.009217764913341,1.0
2024-10-11 13:00:00,3574.165,0.0099072090963903,1.0
2024-10-11 14:00:00,3601.584,0.0100011550473347,1.0
2024-10-11 15:00:00,3604.469,0.0063432366875675,1.0
2024-10-11 21:00:00,3612.655,0.004474548496881,0.0
2024-10-11 22:00:00,3658.915,-0.0108592301269639,1.0
2024-10-11 23:00:00,3666.027,-0.0134933539769347,1.0
2024-10-14 09:00:00,3636.454,-0.0056819088045662,1.0
2024-10-14 10:00:00,3640.666,-0.0072420815312363,1.0
2024-10-14 11:00:00,3662.129,-0.0182808961672295,1.0
2024-10-14 13:00:00,3653.11,-0.0162376714634928,1.0
2024-10-14 14:00:00,3641.449,-0.0093028901407105,1.0
2024-10-14 15:00:00,3639.767,-0.0067235073014288,1.0
2024-10-14 21:00:00,3648.614,-0.0092136356435622,1.0
2024-10-14 22:00:00,3626.903,-0.0048807481203659,0.0
2024-10-14 23:00:00,3623.241,-0.0207593146577883,1.0
2024-10-15 09:00:00,3621.969,-0.0282031679453909,1.0
2024-10-15 10:00:00,3632.525,-0.039057955554332,1.0
2024-10-15 11:00:00,3647.161,-0.055178260570345,1.0
2024-10-15 13:00:00,3635.414,-0.0525802563339416,1.0
2024-10-15 14:00:00,3613.591,-0.0378612300063842,1.0
2024-10-15 15:00:00,3609.575,-0.0423930795176716,1.0
2024-10-15 21:00:00,3637.604,-0.0487964055460682,1.0
2024-10-15 22:00:00,3627.333,-0.0429974308948199,1.0
2024-10-15 23:00:00,3628.82,-0.0389264278746259,1.0
2024-10-16 09:00:00,3619.182,-0.040346686074367,1.0
2024-10-16 10:00:00,3616.56,-0.0278388855708186,1.0
2024-10-16 11:00:00,3615.792,-0.0270294862093836,1.0
2024-10-16 13:00:00,3614.3,-0.0267816727997122,1.0
2024-10-16 14:00:00,3595.182,-0.0157140862409746,1.0
2024-10-16 15:00:00,3593.792,-0.018356655031788,1.0
2024-10-16 21:00:00,3607.573,-0.0206274412187916,1.0
2024-10-16 22:00:00,3615.295,-0.0261818191876458,1.0
2024-10-16 23:00:00,3614.997,-0.0228749844052428,1.0
2024-10-17 09:00:00,3609.201,-0.0202731851177033,1.0
2024-10-17 10:00:00,3548.025,-0.008379309615913,1.0
2024-10-17 11:00:00,3519.818,0.0018481069191644,0.0
2024-10-17 13:00:00,3490.646,0.0103413522883729,1.0
2024-10-17 14:00:00,3445.917,0.0225635150237222,1.0
2024-10-17 15:00:00,3444.263,0.0139556706325852,1.0
2024-10-17 21:00:00,3476.776,0.0041754199867924,0.0
2024-10-17 22:00:00,3456.554,0.0103551108994681,1.0
2024-10-17 23:00:00,3460.102,0.0030548232393149,0.0
2024-10-18 09:00:00,3471.367,0.0060878034503409,1.0
2024-10-18 10:00:00,3487.563,0.0005562623528234,0.0
2024-10-18 11:00:00,3473.16,0.0065248937566942,1.0
2024-10-18 13:00:00,3515.879,-0.0045911705152537,0.0
2024-10-18 14:00:00,3518.059,-0.0061371909908277,1.0
2024-10-18 15:00:00,3517.503,-0.0032875593851662,0.0
2024-10-18 21:00:00,3538.687,-0.0098067447050275,1.0
2024-10-18 22:00:00,3527.822,-0.0079369083814319,1.0
2024-10-18 23:00:00,3533.158,-0.0126026065067002,1.0
2024-10-21 09:00:00,3520.64,-0.0059599959098344,1.0
2024-10-21 10:00:00,3532.304,-0.0062307774189311,1.0
2024-10-21 11:00:00,3536.031,-0.0136831379589149,1.0
2024-10-21 13:00:00,3518.295,-0.0098249294047258,1.0
2024-10-21 14:00:00,3526.323,-0.0128039887440826,1.0
2024-10-21 15:00:00,3526.744,-0.0126116327127798,1.0
2024-10-21 21:00:00,3523.669,-0.0117499685696924,1.0
2024-10-21 22:00:00,3492.33,-0.0060787497172374,1.0
2024-10-21 23:00:00,3491.293,-0.0061518755372293,1.0
2024-10-22 09:00:00,3492.347,-0.0045270415568671,0.0
2024-10-22 10:00:00,3470.672,-0.0035099830810863,0.0
2024-10-22 11:00:00,3492.5,0.0003295633500357,0.0
2024-10-22 13:00:00,3489.503,0.0007244584687274,0.0
2024-10-22 14:00:00,3495.822,0.0103843960018558,1.0
2024-10-22 15:00:00,3499.737,0.0090901116283881,1.0
2024-10-22 21:00:00,3496.468,0.0107574272094011,1.0
2024-10-22 22:00:00,3505.939,0.0039578555131735,0.0
2024-10-22 23:00:00,3503.984,0.0101812679509952,1.0
2024-10-23 09:00:00,3499.822,0.0119620369264493,1.0
2024-10-23 10:00:00,3488.631,0.0167420974015309,1.0
2024-10-23 11:00:00,3499.657,0.0132132949029004,1.0
2024-10-23 13:00:00,3510.295,0.0103253430267256,1.0
2024-10-23 14:00:00,3487.647,0.0305506835984261,1.0
2024-10-23 15:00:00,3483.728,0.0359278910408619,1.0
2024-10-23 21:00:00,3481.172,0.0379932390585699,1.0
2024-10-23 22:00:00,3482.266,0.0375829991160927,1.0
2024-10-23 23:00:00,3482.266,0.0446967578008112,1.0
2024-10-24 09:00:00,3471.101,0.0500391662472511,1.0
2024-10-24 10:00:00,3469.815,0.0487262289199856,1.0
2024-10-24 11:00:00,3476.537,0.0423660096239448,1.0
2024-10-24 13:00:00,3458.49,0.047702031811571,1.0
2024-10-24 14:00:00,3493.651,0.0379783212461691,1.0
2024-10-24 15:00:00,3492.031,0.0345334849547441,1.0
2024-10-24 21:00:00,3532.124,0.0232007709808603,1.0
2024-10-24 22:00:00,3531.55,0.0194118729736233,1.0
2024-10-24 23:00:00,3534.081,0.0176509819667403,1.0
2024-10-25 09:00:00,3519.815,0.0169582776367508,1.0
2024-10-25 10:00:00,3539.659,0.010549886302607,1.0
2024-10-25 11:00:00,3541.687,0.0102809762692186,1.0
2024-10-25 13:00:00,3547.038,0.0086951422567223,1.0
2024-10-25 14:00:00,3545.899,0.0157793552495432,1.0
2024-10-25 15:00:00,3546.54,0.0176493145431885,1.0
2024-10-25 21:00:00,3594.197,0.0043887410734581,0.0
2024-10-25 22:00:00,3608.891,-0.0013779856471142,0.0
2024-10-25 23:00:00,3613.433,-0.0055456957414182,1.0
2024-10-28 09:00:00,3613.14,-0.0108968930071903,1.0
2024-10-28 10:00:00,3637.912,-0.0154371518607376,1.0
2024-10-28 11:00:00,3644.792,-0.012993608414417,1.0
2024-10-28 13:00:00,3638.886,-0.0115538106992085,1.0
2024-10-28 14:00:00,3623.824,-0.0076052258608585,1.0
2024-10-28 15:00:00,3623.467,-0.0058297757368841,1.0
2024-10-28 21:00:00,3626.334,-0.006683885157848,1.0
2024-10-28 22:00:00,3612.623,-0.0040203475424919,0.0
2024-10-28 23:00:00,3614.072,-0.0028303254611419,0.0
2024-10-29 09:00:00,3600.104,-0.0006935910740355,0.0
2024-10-29 10:00:00,3596.461,0.0016416137975637,0.0
2024-10-29 11:00:00,3579.505,0.0048970458205813,0.0
2024-10-29 13:00:00,3577.002,0.0054081602414536,1.0
2024-10-29 14:00:00,3578.099,0.003375814922952,0.0
2024-10-29 15:00:00,3577.88,-0.0011719230382238,0.0
2024-10-29 21:00:00,3601.851,-0.0119402496105474,1.0
2024-10-29 22:00:00,3609.134,-0.0078431557265537,1.0
2024-10-29 23:00:00,3609.971,-0.0116433068298887,1.0
2024-10-30 09:00:00,3603.918,-0.0043438835178825,0.0
2024-10-30 10:00:00,3593.394,-0.0040042923208531,0.0
2024-10-30 11:00:00,3573.768,-0.0006757573519041,0.0
2024-10-30 13:00:00,3581.753,-0.0038936241555462,0.0
2024-10-30 14:00:00,3597.433,-0.0052540241889146,1.0
2024-10-30 15:00:00,3596.843,-0.0144940994088426,1.0
2024-10-30 21:00:00,3596.264,-0.0152505489029727,1.0
2024-10-30 22:00:00,3602.343,-0.0156875677857438,1.0
2024-10-30 23:00:00,3602.096,-0.014682562596888,1.0
2024-10-31 09:00:00,3598.099,-0.0053447667782349,1.0
2024-10-31 10:00:00,3603.843,-0.0078488435816987,1.0
2024-10-31 11:00:00,3597.607,-0.0016666634237703,0.0
2024-10-31 13:00:00,3602.365,-0.0020039612865435,0.0
2024-10-31 14:00:00,3597.034,-0.000314703725347,0.0
2024-10-31 15:00:00,3596.347,0.0008430777119114,0.0
2024-10-31 21:00:00,3590.178,0.0028015324031287,0.0
2024-10-31 22:00:00,3573.687,0.0082340731015334,1.0
2024-10-31 23:00:00,3558.844,0.0163536249411325,1.0
2024-11-01 09:00:00,3580.827,0.0113984842049056,1.0
2024-11-01 10:00:00,3567.939,0.0145549013029651,1.0
2024-11-01 11:00:00,3588.263,0.0045788171045434,0.0
2024-11-01 13:00:00,3579.005,0.0065616002212905,1.0
2024-11-01 14:00:00,3571.353,0.0076144811224205,1.0
2024-11-01 15:00:00,3567.807,0.0092070563233942,1.0
2024-11-01 21:00:00,3578.532,0.0060457751949681,1.0
2024-11-01 22:00:00,3544.71,0.0113481779891726,1.0
2024-11-01 23:00:00,3541.419,0.006632934425438,1.0
2024-11-04 09:00:00,3545.831,0.0043538454032354,0.0
2024-11-04 10:00:00,3549.208,0.0092705189439446,1.0
2024-11-04 11:00:00,3578.868,-0.0008223270598412,0.0
2024-11-04 13:00:00,3575.557,-0.0010289305973865,0.0
2024-11-04 14:00:00,3591.611,-0.0105738065731505,1.0
2024-11-04 15:00:00,3595.146,-0.0102616138537907,1.0
2024-11-04 21:00:00,3595.902,-0.0102650183458838,1.0
2024-11-04 22:00:00,3599.379,-0.0045477289276843,0.0
2024-11-04 23:00:00,3600.236,-0.004000571073674,0.0
2024-11-05 09:00:00,3603.113,-0.0057106174577372,1.0
2024-11-05 10:00:00,3617.044,-0.0061931787393241,1.0
2024-11-05 11:00:00,3621.643,-0.0059125098746618,1.0
2024-11-05 13:00:00,3619.87,-0.0048755894548698,0.0
2024-11-05 14:00:00,3604.693,0.0021671748467899,0.0
2024-11-05 15:00:00,3602.489,0.0031089616095982,0.0
2024-11-05 21:00:00,3598.547,0.0045190461594638,0.0
2024-11-05 22:00:00,3600.656,0.0047763518647712,0.0
2024-11-05 23:00:00,3600.167,-0.0060788846739608,1.0
2024-11-06 09:00:00,3584.936,-0.00849527020845,1.0
2024-11-06 10:00:00,3564.909,-0.0016123833736008,0.0
2024-11-06 11:00:00,3561.269,-0.0014980615056036,0.0
2024-11-06 13:00:00,3582.111,-0.0076226001930146,1.0
2024-11-06 14:00:00,3575.925,-0.0066276557813713,1.0
2024-11-06 15:00:00,3571.878,-0.0111518366528756,1.0
2024-11-06 21:00:00,3553.634,-0.0069934044980433,1.0
2024-11-06 22:00:00,3558.254,-0.0129254403985774,1.0
2024-11-06 23:00:00,3558.99,-0.0117052871741701,1.0
2024-11-07 09:00:00,3583.01,-0.0168891518583537,1.0
2024-11-07 10:00:00,3585.833,-0.0229667695065553,1.0
2024-11-07 11:00:00,3582.537,-0.0169754003936315,1.0
2024-11-07 13:00:00,3594.643,-0.0200804363604397,1.0
2024-11-07 14:00:00,3600.23,-0.0210889304294448,1.0
2024-11-07 15:00:00,3602.221,-0.0229050355322452,1.0
2024-11-07 21:00:00,3612.505,-0.0258225248131144,1.0
2024-11-07 22:00:00,3613.689,-0.0264790356890147,1.0
2024-11-07 23:00:00,3614.809,-0.0302455814401259,1.0
2024-11-08 09:00:00,3617.854,-0.029671733574655,1.0
2024-11-08 10:00:00,3578.282,-0.0212532159287613,1.0
2024-11-08 11:00:00,3554.481,-0.0076841035301637,1.0
2024-11-08 13:00:00,3559.161,-0.0087981409101751,1.0
2024-11-08 14:00:00,3555.934,-0.0100420873953229,1.0
2024-11-08 15:00:00,3554.806,-0.0087565959998942,1.0
2024-11-08 21:00:00,3552.225,-0.008804340941241,1.0
2024-11-08 22:00:00,3532.045,-0.0016273858345519,0.0
2024-11-08 23:00:00,3528.782,0.0018043052815389,0.0
2024-11-11 09:00:00,3512.262,0.0084048399578391,1.0
2024-11-11 10:00:00,3517.331,0.0097136152383724,1.0
2024-11-11 11:00:00,3522.496,0.0021161131197877,0.0
2024-11-11 13:00:00,3503.478,0.0067395884889244,1.0
2024-11-11 14:00:00,3521.722,0.0025879385141699,0.0
2024-11-11 15:00:00,3522.461,0.0020755375290173,0.0
2024-11-11 21:00:00,3524.305,0.0011624987054185,0.0
2024-11-11 22:00:00,3519.712,0.0001488758171122,0.0
2024-11-11 23:00:00,3519.221,-0.001931961647194,0.0
2024-11-12 09:00:00,3518.002,-0.0047350740562398,0.0
2024-11-12 10:00:00,3505.477,-0.0003463152090285,0.0
2024-11-12 11:00:00,3510.506,-0.0029514263755708,0.0
2024-11-12 13:00:00,3502.232,-0.0006567240548313,0.0
2024-11-12 14:00:00,3527.168,-0.0080738995137175,1.0
2024-11-12 15:00:00,3527.847,-0.0135859066450444,1.0
2024-11-12 21:00:00,3520.225,-0.0112225781022519,1.0
2024-11-12 22:00:00,3523.678,-0.0164345323267335,1.0
2024-11-12 23:00:00,3520.95,-0.0135625328391484,1.0
2024-11-13 09:00:00,3526.297,-0.0160108465055552,1.0
2024-11-13 10:00:00,3535.149,-0.0174581043118692,1.0
2024-11-13 11:00:00,3541.782,-0.0288829182597912,1.0
2024-11-13 13:00:00,3551.497,-0.031949344177962,1.0
2024-11-13 14:00:00,3529.95,-0.0229561325231234,1.0
2024-11-13 15:00:00,3527.09,-0.0244059550507643,1.0
2024-11-13 21:00:00,3530.836,-0.0256355718589025,1.0
2024-11-13 22:00:00,3529.772,-0.0146530710765453,1.0
2024-11-13 23:00:00,3528.402,-0.0117656661570875,1.0
2024-11-14 09:00:00,3520.236,-0.0070072006535925,1.0
2024-11-14 10:00:00,3512.422,-0.0091962184498331,1.0
2024-11-14 11:00:00,3501.344,-0.0046139425317821,0.0
2024-11-14 13:00:00,3504.263,-0.0055015847840187,1.0
2024-11-14 14:00:00,3500.145,-0.0042918221959375,0.0
2024-11-14 15:00:00,3499.932,-0.0028097688755095,0.0
2024-11-14 21:00:00,3498.69,-0.0021007862942986,0.0
2024-11-14 22:00:00,3479.918,0.0013304911207676,0.0
2024-11-14 23:00:00,3480.719,-0.0005079410317236,0.0
2024-11-15 09:00:00,3465.768,0.0069147732912301,1.0
2024-11-15 10:00:00,3473.197,0.0036574372257029,0.0
2024-11-15 11:00:00,3469.838,0.012372911934217,1.0
2024-11-15 13:00:00,3473.432,0.0109712814300093,1.0
2024-11-15 14:00:00,3439.485,0.0184614847862398,1.0
2024-11-15 15:00:00,3438.029,0.0180981603122021,1.0
2024-11-15 21:00:00,3448.916,0.0146663473392798,1.0
2024-11-15 22:00:00,3441.008,0.0160365799788899,1.0
2024-11-15 23:00:00,3440.321,0.019878377628134,1.0
2024-11-18 09:00:00,3478.05,0.0084072971923922,1.0
2024-11-18 10:00:00,3486.888,0.0034727241024087,0.0
2024-11-18 11:00:00,3495.569,0.002897382371797,0.0
2024-11-18 13:00:00,3480.121,0.0073247453177633,1.0
2024-11-18 14:00:00,3485.189,0.0072228507550093,1.0
2024-11-18 15:00:00,3484.984,0.0061894114865377,1.0
2024-11-18 21:00:00,3485.123,0.0049025529371559,0.0
2024-11-18 22:00:00,3490.098,0.003912211061122,0.0
2024-11-18 23:00:00,3491.34,0.0069357324121969,1.0
2024-11-19 09:00:00,3484.548,0.0095277780647591,1.0
2024-11-19 10:00:00,3478.951,0.0111576736780713,1.0
2024-11-19 11:00:00,3489.733,0.0073587291635204,1.0
2024-11-19 13:00:00,3485.9,0.008245503313348,1.0
2024-11-19 14:00:00,3512.77,0.0015580297030548,0.0
2024-11-19 15:00:00,3511.54,0.0017325731730237,0.0
2024-11-19 21:00:00,3502.983,0.0041969943902096,0.0
2024-11-19 22:00:00,3500.251,0.0022732655458136,0.0
2024-11-19 23:00:00,3499.499,-0.0053253337120542,1.0
2024-11-20 09:00:00,3496.19,-0.0072447435637079,1.0
2024-11-20 10:00:00,3508.709,-0.0114278499584889,1.0
2024-11-20 11:00:00,3507.291,-0.0113514960691884,1.0
2024-11-20 13:00:00,3498.997,-0.0092420770866621,1.0
2024-11-20 14:00:00,3505.697,-0.0050880038976557,1.0
2024-11-20 15:00:00,3505.612,0.0007830301813206,0.0
2024-11-20 21:00:00,3510.362,-0.000756901994723,0.0
2024-11-20 22:00:00,3506.554,-0.0037449872438867,0.0
2024-11-20 23:00:00,3502.209,-0.0025766594740633,0.0
2024-11-21 09:00:00,3503.752,-0.0079237914098942,1.0
2024-11-21 10:00:00,3515.555,-0.0114098627386002,1.0
2024-11-21 11:00:00,3517.748,-0.0104828430006925,1.0
2024-11-21 13:00:00,3517.768,-0.0106072941706217,1.0
2024-11-21 14:00:00,3515.413,-0.0074389552521993,1.0
2024-11-21 15:00:00,3514.643,-0.0059593534819895,1.0
2024-11-21 21:00:00,3518.243,-0.0065350801522236,1.0
2024-11-21 22:00:00,3517.624,-0.0048709014948726,0.0
2024-11-21 23:00:00,3517.685,-0.0046578929039978,0.0
2024-11-22 09:00:00,3508.208,-0.0022387498118698,0.0
2024-11-22 10:00:00,3480.863,0.0013324281938129,0.0
2024-11-22 11:00:00,3470.861,0.0058994007538763,1.0
2024-11-22 13:00:00,3468.612,0.0059781837807168,1.0
2024-11-22 14:00:00,3467.478,0.0050890012856605,1.0
2024-11-22 15:00:00,3466.659,0.0044449136762514,0.0
2024-11-22 21:00:00,3487.86,-0.0019238157494853,0.0
2024-11-22 22:00:00,3508.357,-0.0092641655338951,1.0
2024-11-22 23:00:00,3507.705,-0.0053676121566665,1.0
2024-11-25 09:00:00,3493.422,-0.0018483309488518,0.0
2024-11-25 10:00:00,3493.185,-0.0022987617317719,0.0
2024-11-25 11:00:00,3475.989,0.003151333332758,0.0
2024-11-25 13:00:00,3475.443,0.0037595207287243,0.0
2024-11-25 14:00:00,3480.872,0.0018630389166852,0.0
2024-11-25 15:00:00,3480.454,0.0029869666428574,0.0
2024-11-25 21:00:00,3489.262,0.0006700557309825,0.0
2024-11-25 22:00:00,3493.698,-0.006387787381737,1.0
2024-11-25 23:00:00,3495.251,-0.0062599223918397,1.0
2024-11-26 09:00:00,3500.49,-0.0094618182025943,1.0
2024-11-26 10:00:00,3501.3,-0.0050421272098934,1.0
2024-11-26 11:00:00,3500.354,-0.003572210125033,0.0
2024-11-26 13:00:00,3485.501,0.0007462341855588,0.0
2024-11-26 14:00:00,3491.337,5.757106804643087e-05,0.0
2024-11-26 15:00:00,3489.348,0.0005568375524597,0.0
2024-11-26 21:00:00,3485.124,0.0018515840469379,0.0
2024-11-26 22:00:00,3482.068,0.0039869985307581,0.0
2024-11-26 23:00:00,3481.15,0.009273946827916,1.0
2024-11-27 09:00:00,3475.855,0.012829936806915,1.0
2024-11-27 10:00:00,3488.877,0.0093319426279573,1.0
2024-11-27 11:00:00,3486.965,0.0050017708809809,1.0
2024-11-27 13:00:00,3485.155,0.0055808134788839,1.0
2024-11-27 14:00:00,3486.943,0.001586489942623,0.0
2024-11-27 15:00:00,3488.509,0.0023494277927905,0.0
2024-11-27 21:00:00,3487.357,0.0025190997078876,0.0
2024-11-27 22:00:00,3490.85,0.0127785496369079,1.0
2024-11-27 23:00:00,3491.6,0.0130269790353992,1.0
2024-11-28 09:00:00,3471.381,0.0202392073932536,1.0
2024-11-28 10:00:00,3473.371,0.0203286663014114,1.0
2024-11-28 11:00:00,3467.369,0.0203673159678129,1.0
2024-11-28 13:00:00,3483.646,0.015925843211394,1.0
2024-11-28 14:00:00,3487.85,0.017989879151913,1.0
2024-11-28 15:00:00,3488.102,0.0179951733062852,1.0
2024-11-28 21:00:00,3491.538,0.0174095198161956,1.0
2024-11-28 22:00:00,3491.291,0.0164085434299231,1.0
2024-11-28 23:00:00,3491.577,0.0160546366298092,1.0
2024-11-29 09:00:00,3495.951,0.0163214530180772,1.0
2024-11-29 10:00:00,3513.434,0.0108853617287246,1.0
2024-11-29 11:00:00,3520.45,0.0116127199647772,1.0
2024-11-29 13:00:00,3521.435,0.0117293092162712,1.0
2024-11-29 14:00:00,3504.406,0.0128692280517725,1.0
2024-11-29 15:00:00,3504.605,0.0151920116532391,1.0
2024-11-29 21:00:00,3492.475,0.0186094388649882,1.0
2024-11-29 22:00:00,3496.705,0.0161823774095898,1.0
2024-11-29 23:00:00,3496.142,0.0093626059811072,1.0
2024-12-02 09:00:00,3535.458,-0.0025238597092654,0.0
2024-12-02 10:00:00,3537.085,-0.0005787251366591,0.0
2024-12-02 11:00:00,3541.639,1.7506019105814605e-05,0.0
2024-12-02 13:00:00,3543.98,-0.0001591431102883,0.0
2024-12-02 14:00:00,3537.99,0.0017591909530553,0.0
2024-12-02 15:00:00,3539.126,0.0009725565012378,0.0
2024-12-02 21:00:00,3550.596,-0.0021939978527548,0.0
2024-12-02 22:00:00,3550.871,-0.0061491955072431,1.0
2024-12-02 23:00:00,3552.324,-0.0130731318427035,1.0
2024-12-03 09:00:00,3548.578,-0.0135693790583157,1.0
2024-12-03 10:00:00,3547.633,-0.0163627410163339,1.0
2024-12-03 11:00:00,3553.01,-0.0182678911683334,1.0
2024-12-03 13:00:00,3551.679,-0.0187880154709928,1.0
2024-12-03 14:00:00,3561.332,-0.022720150775047,1.0
2024-12-03 15:00:00,3562.739,-0.0229040072820378,1.0
2024-12-03 21:00:00,3549.505,-0.0196703484006925,1.0
2024-12-03 22:00:00,3557.847,-0.0224782010018981,1.0
2024-12-03 23:00:00,3557.468,-0.0195290583077626,1.0
2024-12-04 09:00:00,3553.29,-0.0184192677771867,1.0
2024-12-04 10:00:00,3528.875,-0.0130769721228436,1.0
2024-12-04 11:00:00,3526.535,-0.0154894251723008,1.0
2024-12-04 13:00:00,3535.038,-0.0182360133045246,1.0
2024-12-04 14:00:00,3541.701,-0.0203659202174322,1.0
2024-12-04 15:00:00,3543.416,-0.0229295685293514,1.0
2024-12-04 21:00:00,3544.214,-0.0230572984588401,1.0
2024-12-04 22:00:00,3542.568,-0.0146300649698186,1.0
2024-12-04 23:00:00,3542.806,-0.0158433738680582,1.0
2024-12-05 09:00:00,3529.036,-0.0173109597068434,1.0
2024-12-05 10:00:00,3505.884,-0.0095607840989605,1.0
2024-12-05 11:00:00,3500.426,-0.0064135050990936,1.0
2024-12-05 13:00:00,3489.584,-0.0034006918876289,0.0
2024-12-05 14:00:00,3488.104,0.0165370642618454,1.0
2024-12-05 15:00:00,3484.95,0.0208995824904231,1.0
2024-12-05 21:00:00,3480.418,0.0231610111199286,1.0
2024-12-05 22:00:00,3481.138,0.0229396249157603,1.0
2024-12-05 23:00:00,3479.685,0.021447343653233,1.0
2024-12-06 09:00:00,3477.873,0.0196798445486652,1.0
2024-12-06 10:00:00,3487.994,0.0168093752454848,1.0
2024-12-06 11:00:00,3487.841,0.0140275889869979,1.0
2024-12-06 13:00:00,3482.728,0.0156951676961278,1.0
2024-12-06 14:00:00,3471.911,0.021136198479742,1.0
2024-12-06 15:00:00,3470.573,0.0209403461618586,1.0
2024-12-06 21:00:00,3469.571,0.0214597136072442,1.0
2024-12-06 22:00:00,3462.167,0.0273643645728239,1.0
2024-12-06 23:00:00,3462.494,0.0261250994225549,1.0
2024-12-09 09:00:00,3490.74,0.017112703896595,1.0
2024-12-09 10:00:00,3486.676,0.0165765330647298,1.0
2024-12-09 11:00:00,3467.945,0.0237893046169994,1.0
2024-12-09 13:00:00,3472.365,0.0224167102248756,1.0
2024-12-09 14:00:00,3477.976,0.0198020342866081,1.0
2024-12-09 15:00:00,3477.717,0.0198874721548648,1.0
2024-12-09 21:00:00,3545.787,0.0004475734160004,0.0
2024-12-09 22:00:00,3557.784,-0.0027207947418955,0.0
2024-12-09 23:00:00,3561.028,-0.0050974044573644,1.0
2024-12-10 09:00:00,3560.994,-0.0009438375914141,0.0
2024-12-10 10:00:00,3554.315,-0.0002883818682362,0.0
2024-12-10 11:00:00,3546.317,0.0018275298006353,0.0
2024-12-10 13:00:00,3546.625,0.0016130828604659,0.0
2024-12-10 14:00:00,3536.767,-0.0036462679051234,0.0
2024-12-10 15:00:00,3537.39,-0.0063035175652104,1.0
2024-12-10 21:00:00,3545.294,-0.0084438695352204,1.0
2024-12-10 22:00:00,3543.248,-0.0159579572189133,1.0
2024-12-10 23:00:00,3544.027,-0.0165114430561617,1.0
2024-12-11 09:00:00,3556.907,-0.0194674755342212,1.0
2024-12-11 10:00:00,3552.952,-0.0187275257307163,1.0
2024-12-11 11:00:00,3550.476,-0.0187287563695685,1.0
2024-12-11 13:00:00,3544.473,-0.0169393306141703,1.0
2024-12-11 14:00:00,3550.445,-0.0191854823831942,1.0
2024-12-11 15:00:00,3550.204,-0.0187780758514159,1.0
2024-12-11 21:00:00,3546.847,-0.0175795572800293,1.0
2024-12-11 22:00:00,3546.88,-0.0208357767953807,1.0
2024-12-11 23:00:00,3547.374,-0.0218770279085317,1.0
2024-12-12 09:00:00,3548.104,-0.0202231952614692,1.0
2024-12-12 10:00:00,3542.876,-0.0180328072447357,1.0
2024-12-12 11:00:00,3557.633,-0.0199767654505115,1.0
2024-12-12 13:00:00,3553.29,-0.0186261183297731,1.0
2024-12-12 14:00:00,3552.798,-0.0182042435286216,1.0
2024-12-12 15:00:00,3552.346,-0.0191816900718567,1.0
2024-12-12 21:00:00,3523.871,-0.0112197637200681,1.0
2024-12-12 22:00:00,3515.092,-0.0069124791043876,1.0
2024-12-12 23:00:00,3515.358,-0.0082424037608688,1.0
2024-12-13 09:00:00,3486.705,7.485577357418172e-05,0.0
2024-12-13 10:00:00,3485.51,0.0025436736661205,0.0
2024-12-13 11:00:00,3487.663,0.0004624873446774,0.0
2024-12-13 13:00:00,3486.414,0.0009175617124069,0.0
2024-12-13 14:00:00,3483.98,-0.0007970769062968,0.0
2024-12-13 15:00:00,3484.432,-0.0004078139564783,0.0
2024-12-13 21:00:00,3482.328,0.0005967272468302,0.0
2024-12-13 22:00:00,3483.538,-0.0005881951050914,0.0
2024-12-13 23:00:00,3484.495,-0.0031051845389359,0.0
2024-12-16 09:00:00,3472.978,0.0007506526099502,0.0
2024-12-16 10:00:00,3469.768,0.0009069770659017,0.0
2024-12-16 11:00:00,3476.35,-0.0080567261639362,1.0
2024-12-16 13:00:00,3478.988,-0.0087815767113884,1.0
2024-12-16 14:00:00,3486.563,-0.0144566439786116,1.0
2024-12-16 15:00:00,3487.106,-0.0114820140253838,1.0
2024-12-16 21:00:00,3488.122,-0.011845055878206,1.0
2024-12-16 22:00:00,3484.206,-0.0215366140807977,1.0
2024-12-16 23:00:00,3484.334,-0.0206578933018475,1.0
2024-12-17 09:00:00,3490.794,-0.0216403488719185,1.0
2024-12-17 10:00:00,3486.383,-0.023562815674583,1.0
2024-12-17 11:00:00,3486.966,-0.0198542228401423,1.0
2024-12-17 13:00:00,3494.376,-0.0221484465323708,1.0
2024-12-17 14:00:00,3489.276,-0.0206575805410635,1.0
2024-12-17 15:00:00,3489.613,-0.0213977882361166,1.0
2024-12-17 21:00:00,3481.203,-0.0194659719642893,1.0
2024-12-17 22:00:00,3483.011,-0.0197719731577075,1.0
2024-12-17 23:00:00,3484.406,-0.0217867837444889,1.0
2024-12-18 09:00:00,3481.489,-0.0176269406567132,1.0
2024-12-18 10:00:00,3473.675,-0.017106954450258,1.0
2024-12-18 11:00:00,3475.585,-0.0191297292398258,1.0
2024-12-18 13:00:00,3472.915,-0.0190157259823519,1.0
2024-12-18 14:00:00,3448.342,-0.0178717772193129,1.0
2024-12-18 15:00:00,3448.437,-0.0113906677140976,1.0
2024-12-18 21:00:00,3436.159,-0.0077889294412744,1.0
2024-12-18 22:00:00,3447.067,-0.0086276245863511,1.0
2024-12-18 23:00:00,3446.805,-0.0061488828059608,1.0
2024-12-19 09:00:00,3409.168,0.0043972605632811,0.0
2024-12-19 10:00:00,3412.355,0.0010637814647069,0.0
2024-12-19 11:00:00,3415.252,-6.793056559222304e-05,0.0
2024-12-19 13:00:00,3404.234,0.0025192157765888,0.0
2024-12-19 14:00:00,3417.735,-0.0023890090952048,0.0
2024-12-19 15:00:00,3416.981,-0.0027316511271207,0.0
2024-12-19 21:00:00,3417.196,-0.0028596545237674,0.0
2024-12-19 22:00:00,3414.943,-0.0018744090311317,0.0
2024-12-19 23:00:00,3413.438,0.0001265586191985,0.0
2024-12-20 09:00:00,3414.145,-0.0018309122781839,0.0
2024-12-20 10:00:00,3408.492,0.0021006357063475,0.0
2024-12-20 11:00:00,3420.121,0.0011476202157759,0.0
2024-12-20 13:00:00,3414.251,0.0033972311936057,0.0
2024-12-20 14:00:00,3409.098,0.0024299682789993,0.0
2024-12-20 15:00:00,3406.875,0.0039258851586864,0.0
2024-12-20 21:00:00,3386.714,0.0096166963020792,1.0
2024-12-20 22:00:00,3409.157,0.0023809405081666,0.0
2024-12-20 23:00:00,3409.395,0.0013647582635628,0.0
2024-12-23 09:00:00,3417.327,0.0012793624958922,0.0
2024-12-23 10:00:00,3425.611,-0.0020264997981382,0.0
2024-12-23 11:00:00,3424.159,-0.0019654461139217,0.0
2024-12-23 13:00:00,3415.985,0.0010895832388022,0.0
2024-12-23 14:00:00,3415.02,0.0001344062406661,0.0
2024-12-23 15:00:00,3412.81,0.0004890398234885,0.0
2024-12-23 21:00:00,3409.57,0.0010508656516803,0.0
2024-12-23 22:00:00,3407.647,0.0076742103862283,1.0
2024-12-23 23:00:00,3407.424,0.0095338883567175,1.0
2024-12-24 09:00:00,3408.542,0.0083633999522376,1.0
2024-12-24 10:00:00,3413.87,0.0029708219703738,0.0
2024-12-24 11:00:00,3407.894,0.0046131129665418,0.0
2024-12-24 13:00:00,3415.652,0.0023260566357463,0.0
2024-12-24 14:00:00,3424.046,-5.461375226848534e-05,0.0
2024-12-24 15:00:00,3425.85,0.0004270473021294,0.0
2024-12-24 21:00:00,3417.382,0.0028902241540453,0.0
2024-12-24 22:00:00,3420.25,-0.0024413420071631,0.0
2024-12-24 23:00:00,3419.283,-0.0030687720203329,0.0
2024-12-25 09:00:00,3417.274,-0.0033675965111371,0.0
2024-12-25 10:00:00,3414.048,-0.0058303222450298,1.0
2024-12-25 11:00:00,3421.699,-0.0070824464688448,1.0
2024-12-25 13:00:00,3418.669,-0.006532366836333,1.0
2024-12-25 14:00:00,3417.429,-0.0032345953639417,0.0
2024-12-25 15:00:00,3419.707,-0.0039839670474692,0.0
2024-12-25 21:00:00,3415.479,-0.0024397749188326,0.0
2024-12-25 22:00:00,3414.479,0.0028209281708864,0.0
2024-12-25 23:00:00,3413.153,0.0034832894980096,0.0
2024-12-26 09:00:00,3433.798,-0.0034332246684283,0.0
2024-12-26 10:00:00,3439.91,-0.0024977397664472,0.0
2024-12-26 11:00:00,3437.049,-0.0024567586903765,0.0
2024-12-26 13:00:00,3424.012,0.0018297248958239,0.0
2024-12-26 14:00:00,3423.615,0.0023329141857364,0.0
2024-12-26 15:00:00,3423.597,0.0025204485224166,0.0
2024-12-26 21:00:00,3423.859,0.0021721104753437,0.0
2024-12-26 22:00:00,3427.313,-0.0009333842575802,0.0
2024-12-26 23:00:00,3427.259,-0.0039089546485981,0.0
2024-12-27 09:00:00,3411.9,0.0002813681526422,0.0
2024-12-27 10:00:00,3408.79,0.0009498971775908,0.0
2024-12-27 11:00:00,3405.766,0.0013253993374765,0.0
2024-12-27 13:00:00,3394.143,0.0059829535762045,1.0
2024-12-27 14:00:00,3397.465,0.0065657777195643,1.0
2024-12-27 15:00:00,3396.337,0.0111655586592261,1.0
2024-12-27 21:00:00,3406.375,0.0057145792814942,1.0
2024-12-27 22:00:00,3406.083,0.0047491502702664,0.0
2024-12-27 23:00:00,3407.146,0.0043091784150135,0.0
2024-12-30 09:00:00,3424.111,-0.0008784761942588,0.0
2024-12-30 10:00:00,3425.042,-0.0054732175547044,1.0
2024-12-30 11:00:00,3422.009,-0.0039400831499859,0.0
2024-12-30 13:00:00,3431.318,-0.0070978556927687,1.0
2024-12-30 14:00:00,3428.605,-0.0102216499130112,1.0
2024-12-30 15:00:00,3430.277,-0.0161176488079534,1.0
2024-12-30 21:00:00,3431.602,-0.0165666065004041,1.0
2024-12-30 22:00:00,3432.226,-0.018878418845379,1.0
2024-12-30 23:00:00,3431.296,-0.0163763196180102,1.0
2024-12-31 09:00:00,3424.114,-0.014539527597504,1.0
2024-12-31 10:00:00,3413.862,-0.0114389509593533,1.0
2024-12-31 11:00:00,3412.86,-0.0087457440387241,1.0
2024-12-31 13:00:00,3412.028,-0.0079366288905014,1.0
2024-12-31 14:00:00,3410.28,-0.0124045532918119,1.0
2024-12-31 15:00:00,3414.45,-0.0141147183294527,1.0
2025-01-02 09:00:00,3419.772,-0.018360873181019,1.0
2025-01-02 10:00:00,3434.259,-0.0216751270070195,1.0
2025-01-02 11:00:00,3425.841,-0.0203520828900115,1.0
2025-01-02 13:00:00,3422.259,-0.0196127762393202,1.0
2025-01-02 14:00:00,3421.828,-0.0156147532839172,1.0
2025-01-02 15:00:00,3421.103,-0.0173952669650694,1.0
2025-01-02 21:00:00,3406.296,-0.0130845939401624,1.0
2025-01-02 22:00:00,3408.526,-0.0172672879713987,1.0
2025-01-02 23:00:00,3406.963,-0.0204413725655371,1.0
2025-01-03 09:00:00,3393.559,-0.0156590765034585,1.0
2025-01-03 10:00:00,3374.989,-0.0093232896462773,1.0
2025-01-03 11:00:00,3374.752,-0.0095209959131811,1.0
2025-01-03 13:00:00,3367.431,-0.0078968210484491,1.0
2025-01-03 14:00:00,3375.104,-0.0074951764449332,1.0
2025-01-03 15:00:00,3374.329,-0.0075535017480513,1.0
2025-01-03 21:00:00,3374.811,-0.0079631126009723,1.0
2025-01-03 22:00:00,3383.012,-0.0148110618584859,1.0
2025-01-03 23:00:00,3384.948,-0.0166176851165808,1.0
2025-01-06 09:00:00,3367.977,-0.0140945143033933,1.0
2025-01-06 10:00:00,3366.256,-0.0105292051466079,1.0
2025-01-06 11:00:00,3356.982,-0.0115803421049025,1.0
2025-01-06 13:00:00,3359.821,-0.0121048115360907,1.0
2025-01-06 14:00:00,3356.118,-0.0143245857267235,1.0
2025-01-06 15:00:00,3355.139,-0.0134164337155629,1.0
2025-01-06 21:00:00,3368.397,-0.0172930922334867,1.0
2025-01-06 22:00:00,3361.592,-0.0197674197225601,1.0
2025-01-06 23:00:00,3361.726,-0.0177902660716548,1.0
2025-01-07 09:00:00,3349.67,-0.013274740496825,1.0
2025-01-07 10:00:00,3337.32,-0.0102579315139094,1.0
2025-01-07 11:00:00,3340.419,-0.0088614631877018,1.0
2025-01-07 13:00:00,3343.523,-0.0095557889088845,1.0
2025-01-07 14:00:00,3342.621,-0.0152147072611582,1.0
2025-01-07 15:00:00,3340.839,-0.0131460989290414,1.0
2025-01-07 21:00:00,3349.807,-0.0161430195829191,1.0
2025-01-07 22:00:00,3348.841,-0.009720377885961,1.0
2025-01-07 23:00:00,3347.937,-0.0095563327505863,1.0
2025-01-08 09:00:00,3332.906,-0.0059560635673493,1.0
2025-01-08 10:00:00,3328.698,-0.0038068938666109,0.0
2025-01-08 11:00:00,3320.507,-0.0028119199869176,0.0
2025-01-08 13:00:00,3330.812,-0.0058589316959347,1.0
2025-01-08 14:00:00,3318.107,0.0015581173241248,0.0
2025-01-08 15:00:00,3319.151,0.0078779181784739,1.0
2025-01-08 21:00:00,3308.043,0.0119351532008501,1.0
2025-01-08 22:00:00,3310.125,0.0146278463804237,1.0
2025-01-08 23:00:00,3310.147,0.0158162160169926,1.0
2025-01-09 09:00:00,3295.142,0.017399857123001,1.0
2025-01-09 10:00:00,3301.92,0.016885933032902,1.0
2025-01-09 11:00:00,3305.204,0.0148432592965517,1.0
2025-01-09 13:00:00,3303.086,0.0163556141135896,1.0
2025-01-09 14:00:00,3310.818,0.0119390434629749,1.0
2025-01-09 15:00:00,3311.573,0.0122881180635305,1.0
2025-01-09 21:00:00,3291.764,0.0178809902532501,1.0
2025-01-09 22:00:00,3296.92,0.0249551096174611,1.0
2025-01-09 23:00:00,3295.731,0.0273857302067431,1.0
2025-01-10 09:00:00,3316.289,0.0219205865351299,1.0
2025-01-10 10:00:00,3315.943,0.0276217051981893,1.0
2025-01-10 11:00:00,3313.055,0.0285835882591747,1.0
2025-01-10 13:00:00,3316.026,0.0281339772366079,1.0
2025-01-10 14:00:00,3311.17,0.0278593367299171,1.0
2025-01-10 15:00:00,3311.297,0.0279147415650121,1.0
2025-01-10 21:00:00,3323.277,0.0243413353746919,1.0
2025-01-10 22:00:00,3345.299,0.018811173530378,1.0
2025-01-10 23:00:00,3347.525,0.0226958723235823,1.0
2025-01-13 09:00:00,3358.545,0.0185714349517425,1.0
2025-01-13 10:00:00,3362.501,0.0167327831277967,1.0
2025-01-13 11:00:00,3352.477,0.020070831209282,1.0
2025-01-13 13:00:00,3357.676,0.0179338328057858,1.0
2025-01-13 14:00:00,3354.264,0.023568508620669,1.0
2025-01-13 15:00:00,3357.11,0.0230263530238805,1.0
2025-01-13 21:00:00,3350.346,0.025152029074012,1.0
2025-01-13 22:00:00,3352.266,0.023458758940967,1.0
2025-01-13 23:00:00,3350.624,0.0230297401319874,1.0
2025-01-14 09:00:00,3379.195,0.0146600003847069,1.0
2025-01-14 10:00:00,3385.987,0.0138895985129298,1.0
2025-01-14 11:00:00,3388.984,0.0172975145353297,1.0
2025-01-14 13:00:00,3407.535,0.012201195292198,1.0
2025-01-14 14:00:00,3407.754,0.0116918650818105,1.0
2025-01-14 15:00:00,3409.319,0.0100926314023416,1.0
2025-01-14 21:00:00,3403.417,0.0113673992931222,1.0
2025-01-14 22:00:00,3403.731,0.0155435314952914,1.0
2025-01-14 23:00:00,3404.17,0.0167617950924894,1.0
2025-01-15 09:00:00,3408.228,0.0196289684845028,1.0
2025-01-15 10:00:00,3423.5,0.0145552796845333,1.0
2025-01-15 11:00:00,3420.918,0.0189928551342066,1.0
2025-01-15 13:00:00,3418.765,0.0197787797640376,1.0
2025-01-15 14:00:00,3419.764,0.0170783714899624,1.0
2025-01-15 15:00:00,3417.892,0.0242570566887427,1.0
2025-01-15 21:00:00,3433.319,0.019866490704767,1.0
2025-01-15 22:00:00,3434.412,0.0129699057655285,1.0
2025-01-15 23:00:00,3434.614,0.0111258499499507,1.0
2025-01-16 09:00:00,3430.906,0.0125797675599389,1.0
2025-01-16 10:00:00,3427.788,0.0139854039981468,1.0
2025-01-16 11:00:00,3428.734,0.013041548279919,1.0
2025-01-16 13:00:00,3433.017,0.0122032602809715,1.0
2025-01-16 14:00:00,3447.605,0.012175698782198,1.0
2025-01-16 15:00:00,3449.111,0.0099988083885963,1.0
2025-01-16 21:00:00,3447.597,0.0104788929796608,1.0
2025-01-16 22:00:00,3443.728,0.0120720916402224,1.0
2025-01-16 23:00:00,3442.105,0.0079837773687902,1.0
2025-01-17 09:00:00,3456.637,0.0050676423355995,1.0
2025-01-17 10:00:00,3461.23,0.0037787145032257,0.0
2025-01-17 11:00:00,3475.128,-0.0008779532725125,0.0
2025-01-17 13:00:00,3473.33,-0.0006875246521349,0.0
2025-01-17 14:00:00,3485.891,-0.0123870769338456,1.0
2025-01-17 15:00:00,3486.384,-0.0156213429157545,1.0
2025-01-17 21:00:00,3478.168,-0.0138253816376897,1.0
2025-01-17 22:00:00,3500.8,-0.0189362431444242,1.0
2025-01-17 23:00:00,3501.527,-0.0182743128926322,1.0
2025-01-20 09:00:00,3478.956,-0.0105126365495856,1.0
2025-01-20 10:00:00,3472.827,-0.0059455884211911,1.0
2025-01-20 11:00:00,3474.066,-0.0054679444777386,1.0
2025-01-20 13:00:00,3475.727,-0.0064018261503276,1.0
2025-01-20 14:00:00,3473.45,6.6216585815653725e-06,0.0
2025-01-20 15:00:00,3474.911,-0.0015672343838446,0.0
2025-01-20 21:00:00,3489.582,-0.0057453872698793,1.0
2025-01-20 22:00:00,3483.598,-0.0046308443167093,0.0
2025-01-20 23:00:00,3483.724,-0.0083792516284298,1.0
2025-01-21 09:00:00,3485.301,-0.0065954131364837,1.0
2025-01-21 10:00:00,3469.586,-0.0037162935289685,0.0
2025-01-21 11:00:00,3474.154,-0.0046773977204234,0.0
2025-01-21 13:00:00,3474.309,-0.0040474235308374,0.0
2025-01-21 14:00:00,3472.077,-0.0044209849032726,0.0
2025-01-21 15:00:00,3470.942,-0.005900415506799,1.0
2025-01-21 21:00:00,3442.711,0.0022110482117145,0.0
2025-01-21 22:00:00,3431.922,0.0051259906256611,1.0
2025-01-21 23:00:00,3430.081,0.0054826693597031,1.0
2025-01-22 09:00:00,3434.508,0.0012196797911084,0.0
2025-01-22 10:00:00,3437.539,0.0040607539289008,0.0
2025-01-22 11:00:00,3442.383,0.0096465152192537,1.0
2025-01-22 13:00:00,3452.179,0.0069866017955614,1.0
2025-01-22 14:00:00,3455.07,0.003343202887351,0.0
2025-01-22 15:00:00,3453.476,0.0041369912517127,0.0
2025-01-22 21:00:00,3473.473,-0.0017599100381663,0.0
2025-01-22 22:00:00,3469.465,0.0035881612871148,0.0
2025-01-22 23:00:00,3469.533,0.0010433680844078,0.0
2025-01-23 09:00:00,3467.466,0.0023884877313865,0.0
2025-01-23 10:00:00,3454.533,0.0051648080941765,1.0
2025-01-23 11:00:00,3462.314,0.0070403781979335,1.0
2025-01-23 13:00:00,3456.692,0.009153259821818,1.0
2025-01-23 14:00:00,3457.904,-0.0114051749267764,1.0
2025-01-23 15:00:00,3460.247,-0.0138836909619456,1.0
2025-01-23 21:00:00,3456.727,-0.0100615408737802,1.0
2025-01-23 22:00:00,3450.462,-0.0108142040109411,1.0
2025-01-23 23:00:00,3450.323,-0.0085278972432435,1.0
2025-01-24 09:00:00,3449.514,-0.0085513495524297,1.0
2025-01-24 10:00:00,3448.887,-0.0074145659164826,1.0
2025-01-24 11:00:00,3438.697,-0.0030278910878161,0.0
2025-01-24 13:00:00,3451.498,-0.0067628606477535,1.0
2025-01-24 14:00:00,3475.59,-0.0139395037964778,1.0
2025-01-24 15:00:00,3476.298,-0.0080907908355381,1.0
2025-01-24 21:00:00,3466.621,-0.0070896126227817,1.0
2025-01-24 22:00:00,3467.763,-0.0056465796537999,1.0
2025-01-24 23:00:00,3467.36,-0.0032266623598357,0.0
2025-01-27 09:00:00,3481.914,-0.007430683239161,1.0
2025-01-27 10:00:00,3473.153,-0.0025515720153991,0.0
2025-01-27 11:00:00,3475.748,-0.0056341829154472,1.0
2025-01-27 13:00:00,3472.375,-0.0047935490838403,0.0
2025-01-27 14:00:00,3486.69,-0.0106393169452976,1.0
2025-01-27 15:00:00,3488.332,-0.0076185408957633,1.0
2025-02-05 09:00:00,3418.466,0.0135013775184541,1.0
2025-02-05 10:00:00,3412.206,0.0133649609666004,1.0
2025-02-05 11:00:00,3421.947,0.0092339244295718,1.0
2025-02-05 13:00:00,3413.148,0.0117580603009304,1.0
2025-02-05 14:00:00,3420.899,0.0154307391127303,1.0
2025-02-05 15:00:00,3420.016,0.0148952519520376,1.0
2025-02-05 21:00:00,3423.315,0.0128162322193545,1.0
2025-02-05 22:00:00,3428.285,0.0049222862159942,0.0
2025-02-05 23:00:00,3428.156,-0.0017630469558561,0.0
2025-02-06 09:00:00,3427.142,-0.0018306799076314,0.0
2025-02-06 10:00:00,3448.172,-0.0082159474643376,1.0
2025-02-06 11:00:00,3442.044,-0.0002693167199488,0.0
2025-02-06 13:00:00,3448.182,-0.002264671644362,0.0
2025-02-06 14:00:00,3456.172,-0.0047486062614938,0.0
2025-02-06 15:00:00,3456.041,-0.0047913204733393,0.0
2025-02-06 21:00:00,3464.291,-0.0070617624212284,1.0
2025-02-06 22:00:00,3456.165,-0.0073896934897494,1.0
2025-02-06 23:00:00,3455.73,-0.0151244454861925,1.0
2025-02-07 09:00:00,3449.594,-0.0126269932055772,1.0
2025-02-07 10:00:00,3461.756,-0.0184900380038338,1.0
2025-02-07 11:00:00,3464.62,-0.0210447321784206,1.0
2025-02-07 13:00:00,3457.81,-0.0191083373580387,1.0
2025-02-07 14:00:00,3453.545,-0.0174441045360637,1.0
2025-02-07 15:00:00,3453.28,-0.01740982486216,1.0
2025-02-07 21:00:00,3473.686,-0.0231586850394653,1.0
2025-02-07 22:00:00,3470.958,-0.0190062801105632,1.0
2025-02-07 23:00:00,3467.189,-0.0158041572005448,1.0
2025-02-10 09:00:00,3445.16,-0.0113222607948542,1.0
2025-02-10 10:00:00,3422.112,-0.002248903601051,0.0
2025-02-10 11:00:00,3420.868,-0.0005495681213072,0.0
2025-02-10 13:00:00,3419.842,-2.3977715929531232e-05,0.0
2025-02-10 14:00:00,3441.117,-0.0092031163136854,1.0
2025-02-10 15:00:00,3440.373,-0.0085874409548034,1.0
2025-02-10 21:00:00,3439.76,-0.0086677558899458,1.0
2025-02-10 22:00:00,3439.482,-0.0108702415072967,1.0
2025-02-10 23:00:00,3439.827,-0.0106982124391721,1.0
2025-02-11 09:00:00,3430.625,-0.0099690289670249,1.0
2025-02-11 10:00:00,3403.464,-0.0026996025226064,0.0
2025-02-11 11:00:00,3406.036,-0.0045043563837845,0.0
2025-02-11 13:00:00,3397.748,-0.0017523371362444,0.0
2025-02-11 14:00:00,3391.708,-0.0021820864296101,0.0
2025-02-11 15:00:00,3391.737,-0.0019226136932197,0.0
2025-02-11 21:00:00,3393.301,-0.0023384309261099,0.0
2025-02-11 22:00:00,3393.159,0.0036237618101597,0.0
2025-02-11 23:00:00,3393.24,0.0032974384364207,0.0
2025-02-12 09:00:00,3404.988,-0.0010936896106534,0.0
2025-02-12 10:00:00,3412.393,-0.0045947228235435,0.0
2025-02-12 11:00:00,3406.153,-0.0069318671239958,1.0
2025-02-12 13:00:00,3414.416,-0.0093901856130009,1.0
2025-02-12 14:00:00,3418.988,-0.0124229742836183,1.0
2025-02-12 15:00:00,3419.76,-0.0111411327110675,1.0
2025-02-12 21:00:00,3409.448,-0.0081652513838017,1.0
2025-02-12 22:00:00,3410.829,-0.0060302055599973,1.0
2025-02-12 23:00:00,3409.945,-0.0044619487997607,0.0
2025-02-13 09:00:00,3402.094,-0.0016451632435788,0.0
2025-02-13 10:00:00,3403.027,-0.0025162891743145,0.0
2025-02-13 11:00:00,3396.425,0.0040392471495762,0.0
2025-02-13 13:00:00,3394.276,0.0048894079326489,0.0
2025-02-13 14:00:00,3390.694,0.0077594734293333,1.0
2025-02-13 15:00:00,3391.794,0.0057164438642205,1.0
2025-02-13 21:00:00,3384.307,0.0078852184509266,1.0
2025-02-13 22:00:00,3385.216,0.0070184590879873,1.0
2025-02-13 23:00:00,3385.366,0.0088406984650995,1.0
2025-02-14 09:00:00,3405.455,0.0056579810921007,1.0
2025-02-14 10:00:00,3404.429,0.0113038045440218,1.0
2025-02-14 11:00:00,3401.264,0.010601646917146,1.0
2025-02-14 13:00:00,3396.714,0.0113724617380208,1.0
2025-02-14 14:00:00,3382.542,0.0139791316707967,1.0
2025-02-14 15:00:00,3382.354,0.0150504648537676,1.0
2025-02-14 21:00:00,3376.514,0.0163929425437002,1.0
2025-02-14 22:00:00,3381.66,0.018526404192024,1.0
2025-02-14 23:00:00,3381.609,0.0194079209039247,1.0
2025-02-17 09:00:00,3390.261,0.0148616876399782,1.0
2025-02-17 10:00:00,3394.73,0.0119797450754552,1.0
2025-02-17 11:00:00,3396.497,0.0117294377118542,1.0
2025-02-17 13:00:00,3394.464,0.0120378357231068,1.0
2025-02-17 14:00:00,3410.144,0.0103705298075389,1.0
2025-02-17 15:00:00,3410.872,0.0092732884728597,1.0
2025-02-17 21:00:00,3417.004,0.0075282323345246,1.0
2025-02-17 22:00:00,3411.183,0.0067791730903912,1.0
2025-02-17 23:00:00,3410.993,0.0045957291615667,0.0
2025-02-18 09:00:00,3408.975,0.007518682301865,1.0
2025-02-18 10:00:00,3415.295,0.0098293119628025,1.0
2025-02-18 11:00:00,3424.723,0.0135257654414678,1.0
2025-02-18 13:00:00,3442.912,0.0087951710644943,1.0
2025-02-18 14:00:00,3437.323,0.0133481782189221,1.0
2025-02-18 15:00:00,3435.343,0.0130586669220512,1.0
2025-02-18 21:00:00,3429.827,0.0149447770980868,1.0
2025-02-18 22:00:00,3433.26,0.0136191258454063,1.0
2025-02-18 23:00:00,3431.865,0.0148945252799863,1.0
2025-02-19 09:00:00,3444.31,0.0104073094465945,1.0
2025-02-19 10:00:00,3447.239,0.0074738072991168,1.0
2025-02-19 11:00:00,3440.646,0.0091148580818834,1.0
2025-02-19 13:00:00,3435.398,0.0114045010214246,1.0
2025-02-19 14:00:00,3436.336,0.0017111248725386,0.0
2025-02-19 15:00:00,3435.326,-0.0011765986692383,0.0
2025-02-19 21:00:00,3445.509,-0.0045183454752259,0.0
2025-02-19 22:00:00,3442.502,-0.0033632514955692,0.0
2025-02-19 23:00:00,3442.728,-0.0027861626012859,0.0
2025-02-20 09:00:00,3434.308,-0.0009728306255583,0.0
2025-02-20 10:00:00,3426.669,0.0003627429436575,0.0
2025-02-20 11:00:00,3434.606,0.0007348732285449,0.0
2025-02-20 13:00:00,3448.865,-0.0034321436182628,0.0
2025-02-20 14:00:00,3471.045,-0.0137526306919097,1.0
2025-02-20 15:00:00,3473.193,-0.0157503484545777,1.0
2025-02-20 21:00:00,3483.205,-0.0186566682121781,1.0
2025-02-20 22:00:00,3480.204,-0.0246339007713341,1.0
2025-02-20 23:00:00,3481.085,-0.023992806840396,1.0
2025-02-21 09:00:00,3480.018,-0.0237398197365646,1.0
2025-02-21 10:00:00,3482.981,-0.0273710938991628,1.0
2025-02-21 11:00:00,3480.156,-0.0284027497617922,1.0
2025-02-21 13:00:00,3473.003,-0.0262522088233151,1.0
2025-02-21 14:00:00,3472.007,-0.0243864715710538,1.0
2025-02-21 15:00:00,3474.577,-0.0251078044895824,1.0
2025-02-21 21:00:00,3442.216,-0.0157427657067424,1.0
2025-02-21 22:00:00,3431.284,-0.0135782989691322,1.0
2025-02-21 23:00:00,3429.941,-0.0026254095915934,0.0
2025-02-24 09:00:00,3430.924,-0.000454979474917,0.0
2025-02-24 10:00:00,3433.136,0.0024505291954644,0.0
2025-02-24 11:00:00,3430.967,0.002306346869556,0.0
2025-02-24 13:00:00,3427.912,0.0029525262025396,0.0
2025-02-24 14:00:00,3437.13,-0.0005094366520906,0.0
2025-02-24 15:00:00,3437.028,0.0020276238657351,0.0
2025-02-24 21:00:00,3423.309,0.0055986766020828,1.0
2025-02-24 22:00:00,3418.489,0.0045525961908902,0.0
2025-02-24 23:00:00,3418.22,7.225983114027135e-05,0.0
2025-02-25 09:00:00,3394.473,0.0058097383599751,1.0
2025-02-25 10:00:00,3397.564,0.0069870648499925,1.0
2025-02-25 11:00:00,3397.403,0.0095272771584649,1.0
2025-02-25 13:00:00,3387.648,0.0120830145280737,1.0
2025-02-25 14:00:00,3381.31,0.0123200771298697,1.0
2025-02-25 15:00:00,3381.829,0.0128791254673136,1.0
2025-02-25 21:00:00,3387.337,0.0105758594435688,1.0
2025-02-25 22:00:00,3387.338,0.0075596235155747,1.0
2025-02-25 23:00:00,3388.026,0.0058910409778438,1.0
2025-02-26 09:00:00,3384.693,0.0079933394254663,1.0
2025-02-26 10:00:00,3420.936,0.0017322744418486,0.0
2025-02-26 11:00:00,3429.363,0.0005382923884114,0.0
2025-02-26 13:00:00,3441.549,-0.0027490528247599,0.0
2025-02-26 14:00:00,3438.88,-0.0021835597636439,0.0
2025-02-26 15:00:00,3438.033,-0.0027070711654017,0.0
2025-02-26 21:00:00,3435.379,-0.0011099212052003,0.0
2025-02-26 22:00:00,3443.997,2.8164949040375868e-05,0.0
2025-02-26 23:00:00,3442.475,-0.0015971067328012,0.0
2025-02-27 09:00:00,3434.052,-8.0662727297095e-05,0.0
2025-02-27 10:00:00,3418.467,0.0039444581445425,0.0
2025-02-27 11:00:00,3414.194,0.0008306499279186,0.0
2025-02-27 13:00:00,3421.303,-0.0006123398015316,0.0
2025-02-27 14:00:00,3429.771,-0.000823670151739,0.0
2025-02-27 15:00:00,3428.581,-0.0038479475911463,0.0
2025-02-27 21:00:00,3422.968,-0.0021682937146943,0.0
2025-02-27 22:00:00,3425.384,-0.0098123305299493,1.0
2025-02-27 23:00:00,3423.161,-0.0074220873631126,1.0
2025-02-28 09:00:00,3412.945,-0.0053384979834132,1.0
2025-02-28 10:00:00,3407.985,-0.0015434340233305,0.0
2025-02-28 11:00:00,3411.748,-0.0013670411765465,0.0
2025-02-28 13:00:00,3426.862,-0.0057557030309362,1.0
2025-02-28 14:00:00,3431.209,-0.0082055625291259,1.0
2025-02-28 15:00:00,3432.088,-0.0122496859054897,1.0
2025-02-28 21:00:00,3431.371,-0.0117541938776075,1.0
2025-02-28 22:00:00,3428.726,-0.0143761852069835,1.0
2025-02-28 23:00:00,3431.566,-0.0127848335133288,1.0
2025-03-03 09:00:00,3444.094,-0.0143073911455377,1.0
2025-03-03 10:00:00,3436.977,-0.0129468425305144,1.0
2025-03-03 11:00:00,3433.775,-0.0142775807966451,1.0
2025-03-03 13:00:00,3431.951,-0.0138008963414687,1.0
2025-03-03 14:00:00,3417.03,-0.0081804959277501,1.0
2025-03-03 15:00:00,3419.208,-0.0088567293946434,1.0
2025-03-03 21:00:00,3426.946,-0.0105831839778041,1.0
2025-03-03 22:00:00,3415.388,-0.0007952244371649,0.0
2025-03-03 23:00:00,3415.546,-0.0026847830478639,0.0
2025-03-04 09:00:00,3391.773,0.0058577033309717,1.0
2025-03-04 10:00:00,3397.754,-0.0024657464901813,0.0
2025-03-04 11:00:00,3394.725,0.0027763662741459,0.0
2025-03-04 13:00:00,3402.725,0.0005824743404183,0.0
2025-03-04 14:00:00,3407.084,-0.003020471464748,0.0
2025-03-04 15:00:00,3407.138,-0.0017554322718949,0.0
2025-03-04 21:00:00,3403.054,-0.000285331940075,0.0
2025-03-04 22:00:00,3390.046,-0.0011831697858967,0.0
2025-03-04 23:00:00,3391.038,0.0013571065850632,0.0
2025-03-05 09:00:00,3379.434,0.0044288481443933,0.0
2025-03-05 10:00:00,3387.694,0.0008767025593221,0.0
2025-03-05 11:00:00,3394.818,-0.0053422598796166,1.0
2025-03-05 13:00:00,3392.479,-0.005777191251589,1.0
2025-03-05 14:00:00,3384.749,-0.005490805965228,1.0
2025-03-05 15:00:00,3384.587,-0.0035156431198252,0.0
2025-03-05 21:00:00,3389.077,-0.0042893684622687,0.0
2025-03-05 22:00:00,3388.925,-0.0025751528877152,0.0
2025-03-05 23:00:00,3390.678,-0.0089277129824771,1.0
2025-03-06 09:00:00,3412.672,-0.0151889780207415,1.0
2025-03-06 10:00:00,3406.376,-0.0138807342466011,1.0
2025-03-06 11:00:00,3411.641,-0.0155022172614293,1.0
2025-03-06 13:00:00,3389.376,-0.0092550959232614,1.0
2025-03-06 14:00:00,3404.15,-0.0160480589868249,1.0
2025-03-06 15:00:00,3404.707,-0.0176702429900722,1.0
2025-03-06 21:00:00,3396.793,-0.0149632314951191,1.0
2025-03-06 22:00:00,3401.157,-0.0159557468238014,1.0
2025-03-06 23:00:00,3402.083,-0.0146986419790463,1.0
2025-03-07 09:00:00,3386.035,-0.0093404232383894,1.0
2025-03-07 10:00:00,3395.64,-0.0106289241497921,1.0
2025-03-07 11:00:00,3394.401,-0.0113472156059345,1.0
2025-03-07 13:00:00,3390.664,-0.0103590329209854,1.0
2025-03-07 14:00:00,3376.682,-0.0020976212743751,0.0
2025-03-07 15:00:00,3372.88,-0.0024554683238064,0.0
2025-03-07 21:00:00,3366.164,-0.0005436455264807,0.0
2025-03-07 22:00:00,3372.688,-0.0039167571978196,0.0
2025-03-07 23:00:00,3374.54,-0.0043010306589935,0.0
2025-03-10 09:00:00,3380.198,-0.0034459519826944,0.0
2025-03-10 10:00:00,3360.407,0.0042869807139432,0.0
2025-03-10 11:00:00,3360.837,0.003429800374133,0.0
2025-03-10 13:00:00,3359.093,0.0039745848060771,0.0
2025-03-10 14:00:00,3358.753,0.008935459082582,1.0
2025-03-10 15:00:00,3358.007,0.0075657972124536,1.0
2025-03-10 21:00:00,3349.52,0.0103811889464758,1.0
2025-03-10 22:00:00,3344.545,0.0148731740789853,1.0
2025-03-10 23:00:00,3345.966,0.0177805154027267,1.0
2025-03-11 09:00:00,3346.889,0.0143413779184191,1.0
2025-03-11 10:00:00,3352.077,0.0146646392669379,1.0
2025-03-11 11:00:00,3354.408,0.0196764973133858,1.0
2025-03-11 13:00:00,3359.548,0.0182348935035309,1.0
2025-03-11 14:00:00,3355.884,0.0187542239243072,1.0
2025-03-11 15:00:00,3355.54,0.0192770761188959,1.0
2025-03-11 21:00:00,3369.599,0.0146530788975186,1.0
2025-03-11 22:00:00,3364.598,0.0228767299986506,1.0
2025-03-11 23:00:00,3364.334,0.0232063760613542,1.0
2025-03-12 09:00:00,3359.478,0.0244124235967611,1.0
2025-03-12 10:00:00,3360.026,0.0258977162676718,1.0
2025-03-12 11:00:00,3368.55,0.0246203856258627,1.0
2025-03-12 13:00:00,3374.813,0.0227953371046039,1.0
2025-03-12 14:00:00,3372.364,0.0168463428028528,1.0
2025-03-12 15:00:00,3372.444,0.0161956729303733,1.0
2025-03-12 21:00:00,3388.765,0.0107537701788114,1.0
2025-03-12 22:00:00,3383.413,0.0044907316960713,0.0
2025-03-12 23:00:00,3384.292,0.0033690946289504,0.0
2025-03-13 09:00:00,3394.289,-8.720530278956107e-05,0.0
2025-03-13 10:00:00,3405.459,-0.0050671583478173,1.0
2025-03-13 11:00:00,3394.888,0.0005776331943793,0.0
2025-03-13 13:00:00,3401.234,-0.0014700546919147,0.0
2025-03-13 14:00:00,3420.411,-0.0092433336227722,1.0
2025-03-13 15:00:00,3420.809,-0.0093948536735024,1.0
2025-03-13 21:00:00,3418.821,-0.008711775199696,1.0
2025-03-13 22:00:00,3420.225,-0.0115916350532493,1.0
2025-03-13 23:00:00,3418.974,-0.0091869666163007,1.0
2025-03-14 09:00:00,3441.569,-0.0176099912568946,1.0
2025-03-14 10:00:00,3442.408,-0.017180125075238,1.0
2025-03-14 11:00:00,3441.491,-0.0168874479113849,1.0
2025-03-14 13:00:00,3447.043,-0.0191259581038009,1.0
2025-03-14 14:00:00,3451.485,-0.0238210509389437,1.0
2025-03-14 15:00:00,3451.743,-0.0236118390042364,1.0
2025-03-14 21:00:00,3429.176,-0.0169956281042442,1.0
2025-03-14 22:00:00,3427.063,-0.0185333622404958,1.0
2025-03-14 23:00:00,3425.207,-0.0160431179779791,1.0
2025-03-17 09:00:00,3398.607,-0.0092852748199482,1.0
2025-03-17 10:00:00,3395.694,-0.0082760696340718,1.0
2025-03-17 11:00:00,3393.993,-0.0094381455707185,1.0
2025-03-17 13:00:00,3388.203,-0.0082344534846348,1.0
2025-03-17 14:00:00,3396.849,-0.0108064856577375,1.0
2025-03-17 15:00:00,3396.234,-0.0123083391780425,1.0
2025-03-17 21:00:00,3388.795,-0.009604593963341,1.0
2025-03-17 22:00:00,3388.671,-0.0126533381375765,1.0
2025-03-17 23:00:00,3389.037,-0.0094510623519305,1.0
2025-03-18 09:00:00,3380.579,-0.0016692406833267,0.0
2025-03-18 10:00:00,3387.564,-0.0056683799922303,1.0
2025-03-18 11:00:00,3380.963,-0.0040917336273719,0.0
2025-03-18 13:00:00,3383.267,-0.0042636303903888,0.0
2025-03-18 14:00:00,3383.373,-0.0063120442233239,1.0
2025-03-18 15:00:00,3381.115,-0.0040977606499629,0.0
2025-03-18 21:00:00,3369.267,-0.0007966124382542,0.0
2025-03-18 22:00:00,3370.241,-0.0015298609209252,0.0
2025-03-18 23:00:00,3370.895,-0.0010062609485017,0.0
2025-03-19 09:00:00,3363.548,0.0006279083872149,0.0
2025-03-19 10:00:00,3370.256,-0.0009933963473397,0.0
2025-03-19 11:00:00,3367.05,-0.0010766100889502,0.0
2025-03-19 13:00:00,3367.591,-0.0011180098770901,0.0
2025-03-19 14:00:00,3361.96,-0.000666575450035,0.0
2025-03-19 15:00:00,3360.303,0.0084409054778691,1.0
2025-03-19 21:00:00,3360.141,0.0088457597463915,1.0
2025-03-19 22:00:00,3354.432,0.0124608279434492,1.0
2025-03-19 23:00:00,3356.247,0.0159529379095163,1.0
2025-03-20 09:00:00,3345.793,0.0182784768812655,1.0
2025-03-20 10:00:00,3357.007,0.015305300227256,1.0
2025-03-20 11:00:00,3374.936,0.00987100199826,1.0
2025-03-20 13:00:00,3368.362,0.0113853558495197,1.0
2025-03-20 14:00:00,3367.129,0.0121465497757881,1.0
2025-03-20 15:00:00,3368.842,0.0095080149202604,1.0
2025-03-20 21:00:00,3362.017,0.0117033911488253,1.0
2025-03-20 22:00:00,3367.26,0.0077909041772835,1.0
2025-03-20 23:00:00,3366.583,0.003687418370496,0.0
2025-03-21 09:00:00,3365.085,0.0087076552301056,1.0
2025-03-21 10:00:00,3367.503,0.0107610891512197,1.0
2025-03-21 11:00:00,3365.66,0.010460058354082,1.0
2025-03-21 13:00:00,3366.908,0.0097763289047399,1.0
2025-03-21 14:00:00,3363.425,0.0099312456796271,1.0
2025-03-21 15:00:00,3363.826,0.0106402649839795,1.0
2025-03-21 21:00:00,3359.719,0.0123034098982682,1.0
2025-03-21 22:00:00,3388.667,0.0033797950639587,0.0
2025-03-21 23:00:00,3389.864,0.0032523428668525,0.0
2025-03-24 09:00:00,3396.231,-0.0012831871565862,0.0
2025-03-24 10:00:00,3409.789,-0.0025981079767693,0.0
2025-03-24 11:00:00,3406.949,-0.0026272773675215,0.0
2025-03-24 13:00:00,3408.387,-0.0029013724087083,0.0
2025-03-24 14:00:00,3408.25,-0.0018689943519401,0.0
2025-03-24 15:00:00,3406.712,-0.0021434157040572,0.0
2025-03-24 21:00:00,3408.028,-0.0026282061062878,0.0
2025-03-24 22:00:00,3400.873,-0.0017915988041893,0.0
2025-03-24 23:00:00,3401.364,-0.002479593480733,0.0
2025-03-25 09:00:00,3393.494,-0.0023789639822555,0.0
2025-03-25 10:00:00,3378.997,0.0009023387709429,0.0
2025-03-25 11:00:00,3394.387,0.0003113964318151,0.0
2025-03-25 13:00:00,3403.741,-0.0029226665601171,0.0
2025-03-25 14:00:00,3400.865,-0.0056959038362297,1.0
2025-03-25 15:00:00,3399.824,-0.0045099393380363,0.0
2025-03-25 21:00:00,3396.828,-0.004130029545211,0.0
2025-03-25 22:00:00,3399.618,-0.0054214914734537,1.0
2025-03-25 23:00:00,3401.055,-0.0064191846353557,1.0
2025-03-26 09:00:00,3400.12,-0.005716857052104,1.0
2025-03-26 10:00:00,3400.889,-0.0035702429570621,0.0
2025-03-26 11:00:00,3391.873,-0.0020758442311962,0.0
2025-03-26 13:00:00,3400.93,-0.0043005883684756,0.0
2025-03-26 14:00:00,3397.998,-0.004649208151388,0.0
2025-03-26 15:00:00,3398.498,-0.0074915447942002,1.0
2025-03-26 21:00:00,3401.88,-0.009014133361553,1.0
2025-03-26 22:00:00,3399.41,-0.0105153541349821,1.0
2025-03-26 23:00:00,3399.071,-0.0127952608227364,1.0
2025-03-27 09:00:00,3394.78,-0.0119247786307214,1.0
2025-03-27 10:00:00,3392.93,-0.0103223467622378,1.0
2025-03-27 11:00:00,3385.421,-0.0070198063992631,1.0
2025-03-27 13:00:00,3382.046,-0.0067190097355268,1.0
2025-03-27 14:00:00,3395.444,-0.0135154636624842,1.0
2025-03-27 15:00:00,3393.793,-0.0115283990508554,1.0
2025-03-27 21:00:00,3381.494,-0.007516795830482,1.0
2025-03-27 22:00:00,3384.491,-0.0096241945982423,1.0
2025-03-27 23:00:00,3382.799,-0.0035183881749994,0.0
2025-03-28 09:00:00,3381.187,-0.004257084863984,0.0
2025-03-28 10:00:00,3379.223,-0.0034129147440106,0.0
2025-03-28 11:00:00,3380.682,-0.0016443427687075,0.0
2025-03-28 13:00:00,3388.747,-0.0041988971144791,0.0
2025-03-28 14:00:00,3384.832,-0.0034589604447133,0.0
2025-03-28 15:00:00,3386.304,-0.0023899212829091,0.0
2025-03-28 21:00:00,3382.2,-0.0011720182129974,0.0
2025-03-28 22:00:00,3373.038,0.000445888839675,0.0
2025-03-28 23:00:00,3371.215,0.002227980119927,0.0
2025-03-31 09:00:00,3363.664,0.0034251340205204,0.0
2025-03-31 10:00:00,3355.579,0.0067499528397333,1.0
2025-03-31 11:00:00,3354.298,0.0037963234035856,0.0
2025-03-31 13:00:00,3357.907,0.0027076390144216,0.0
2025-03-31 14:00:00,3361.656,0.0018749687653941,0.0
2025-03-31 15:00:00,3359.322,0.0008504692315889,0.0
2025-03-31 21:00:00,3349.553,0.0036186918075337,0.0
2025-03-31 22:00:00,3354.668,0.0044880745277923,0.0
2025-03-31 23:00:00,3356.076,-0.0023944630574516,0.0
2025-04-01 09:00:00,3351.918,-0.0027819892968742,0.0
2025-04-01 10:00:00,3370.897,-0.0075436894096734,1.0
2025-04-01 11:00:00,3366.793,-0.0052503970395566,1.0
2025-04-01 13:00:00,3367.69,-0.0054209265104566,1.0
2025-04-01 14:00:00,3375.123,-0.0361453493694896,1.0
2025-04-01 15:00:00,3374.518,-0.0305308787803176,1.0
2025-04-01 21:00:00,3373.124,-0.0299864457992056,1.0
2025-04-01 22:00:00,3378.211,-0.0353752326305253,1.0
2025-04-01 23:00:00,3378.236,-0.0370435931651903,1.0
2025-04-02 09:00:00,3374.542,-0.0358632371444776,1.0
2025-04-02 10:00:00,3378.726,-0.0333104844843885,1.0
2025-04-02 11:00:00,3375.185,-0.0291954366945811,1.0
2025-04-02 13:00:00,3378.229,-0.0296915928434691,1.0
2025-04-02 14:00:00,3367.032,-0.0345734759871603,1.0
2025-04-02 15:00:00,3366.999,-0.0410490172405753,1.0
2025-04-02 21:00:00,3367.959,-0.0420833507771322,1.0
2025-04-02 22:00:00,3362.179,-0.0435759071721048,1.0
2025-04-02 23:00:00,3361.674,-0.0488354908893604,1.0
2025-04-03 09:00:00,3369.724,-0.0513712695757872,1.0
2025-04-03 10:00:00,3348.04,-0.0409514223247034,1.0
2025-04-03 11:00:00,3342.593,-0.0424583549358237,1.0
2025-04-03 13:00:00,3345.468,-0.0432468641158725,1.0
2025-04-03 14:00:00,3349.116,-0.0532191181195276,1.0
2025-04-03 15:00:00,3349.434,-0.0472954535005018,1.0
2025-04-07 09:00:00,3253.128,-0.0178996953086383,1.0
2025-04-07 10:00:00,3271.491,-0.020045600003179,1.0
2025-04-07 11:00:00,3271.976,-0.0215175783685455,1.0
2025-04-07 13:00:00,3258.706,-0.017355662032721,1.0
2025-04-07 14:00:00,3253.094,-0.0122803091456933,1.0
2025-04-07 15:00:00,3253.52,-0.0130477144753989,1.0
2025-04-07 21:00:00,3266.179,-0.0170483614033401,1.0
2025-04-07 22:00:00,3276.645,-0.004377953669073,0.0
2025-04-07 23:00:00,3277.924,-0.0041431711046382,0.0
2025-04-08 09:00:00,3250.622,0.000740473669347,0.0
2025-04-08 10:00:00,3228.787,0.0067245067574912,1.0
2025-04-08 11:00:00,3226.224,0.0065978059799939,1.0
2025-04-08 13:00:00,3215.669,0.0101618045887185,1.0
2025-04-08 14:00:00,3197.505,0.01363187860535,1.0
2025-04-08 15:00:00,3196.617,0.0145081503351824,1.0
2025-04-08 21:00:00,3210.933,0.0105299612293374,1.0
2025-04-08 22:00:00,3200.672,0.0081895301986582,1.0
2025-04-08 23:00:00,3200.787,0.0032063989262641,0.0
2025-04-09 09:00:00,3170.879,0.0144628666057582,1.0
2025-04-09 10:00:00,3191.021,0.0143264491208299,1.0
2025-04-09 11:00:00,3194.898,0.0129838260877185,1.0
2025-04-09 13:00:00,3205.912,0.0092217128854442,1.0
2025-04-09 14:00:00,3201.571,0.0083537113498341,1.0
2025-04-09 15:00:00,3202.149,0.0096713176057703,1.0
2025-04-09 21:00:00,3213.145,0.0062801398629691,1.0
2025-04-09 22:00:00,3211.069,0.0121187056397729,1.0
2025-04-09 23:00:00,3210.496,0.0093938755880711,1.0
2025-04-10 09:00:00,3262.3,-0.0072599086534041,1.0
2025-04-10 10:00:00,3264.343,-0.0062328009035815,1.0
2025-04-10 11:00:00,3253.029,-0.0049676778165825,0.0
2025-04-10 13:00:00,3250.499,-0.0046762050995861,0.0
2025-04-10 14:00:00,3247.51,-0.0020769758984576,0.0
2025-04-10 15:00:00,3248.346,-0.0005448926930813,0.0
2025-04-10 21:00:00,3241.093,0.0019070727066455,0.0
2025-04-10 22:00:00,3242.994,-0.0033157631497314,0.0
2025-04-10 23:00:00,3244.744,-0.0057517634673182,1.0
2025-04-11 09:00:00,3226.884,0.0014078597185396,0.0
2025-04-11 10:00:00,3211.05,0.0056663708132852,1.0
2025-04-11 11:00:00,3216.739,0.003406244647141,0.0
2025-04-11 13:00:00,3236.737,-0.0023353766462953,0.0
2025-04-11 14:00:00,3236.38,-0.0028686371810479,0.0
2025-04-11 15:00:00,3235.476,-0.002871602200109,0.0
2025-04-11 21:00:00,3228.316,-0.0008128076681464,0.0
2025-04-11 22:00:00,3233.118,-0.0068395276633886,1.0
2025-04-11 23:00:00,3233.324,-0.0105368345393161,1.0
2025-04-14 09:00:00,3249.983,-0.0171114741215569,1.0
2025-04-14 10:00:00,3240.655,-0.0137685128469399,1.0
2025-04-14 11:00:00,3238.616,-0.0121175218056108,1.0
2025-04-14 13:00:00,3243.997,-0.014051184387655,1.0
2025-04-14 14:00:00,3236.869,-0.0119609412676263,1.0
2025-04-14 15:00:00,3235.299,-0.0128535260574061,1.0
2025-04-14 21:00:00,3240.765,-0.0147708951435848,1.0
2025-04-14 22:00:00,3246.576,-0.014405330415798,1.0
2025-04-14 23:00:00,3247.274,-0.0137207393031816,1.0
2025-04-15 09:00:00,3232.241,-0.006690404583074,1.0
2025-04-15 10:00:00,3226.081,-0.0069477486771101,1.0
2025-04-15 11:00:00,3231.427,-0.0140823233822086,1.0
2025-04-15 13:00:00,3229.245,-0.0134080876489705,1.0
2025-04-15 14:00:00,3227.696,-0.0144930005799802,1.0
2025-04-15 15:00:00,3229.178,-0.0155937517225746,1.0
2025-04-15 21:00:00,3227.096,-0.0153521928074033,1.0
2025-04-15 22:00:00,3226.185,-0.0112634582331762,1.0
2025-04-15 23:00:00,3225.692,-0.0130031013500358,1.0
2025-04-16 09:00:00,3211.005,-0.0106119423669537,1.0
2025-04-16 10:00:00,3199.255,-0.0066771795308595,1.0
2025-04-16 11:00:00,3194.371,-0.0056937656897085,1.0
2025-04-16 13:00:00,3196.036,-0.0062893534365695,1.0
2025-04-16 14:00:00,3199.372,-0.0067794554681356,1.0
2025-04-16 15:00:00,3198.415,-0.0058507104300097,1.0
2025-04-16 21:00:00,3198.153,-0.0047352331173648,0.0
2025-04-16 22:00:00,3193.714,0.0030052784939415,0.0
2025-04-16 23:00:00,3192.896,0.0023840425745153,0.0
2025-04-17 09:00:00,3199.808,0.0010025601536092,0.0
2025-04-17 10:00:00,3202.719,0.0011084331781838,0.0
2025-04-17 11:00:00,3210.616,-0.0019435522653596,0.0
2025-04-17 13:00:00,3203.667,0.0002809280739852,0.0
2025-04-17 14:00:00,3185.921,0.0051919052606766,1.0
2025-04-17 15:00:00,3185.947,0.0041501004253993,0.0
2025-04-17 21:00:00,3180.917,0.005203216556735,1.0
2025-04-17 22:00:00,3178.823,0.003044208501071,0.0
2025-04-17 23:00:00,3177.553,0.0029393687532513,0.0
2025-04-18 09:00:00,3189.847,-0.0012743557919862,0.0
2025-04-18 10:00:00,3183.748,-0.0005034946233181,0.0
2025-04-18 11:00:00,3176.93,-0.0034319295672236,0.0
2025-04-18 13:00:00,3177.893,-0.0037345499046065,0.0
2025-04-18 14:00:00,3176.183,-0.0002846183610956,0.0
2025-04-18 15:00:00,3175.935,-0.0019474579926856,0.0
2025-04-18 21:00:00,3177.682,-0.0021481067016773,0.0
2025-04-18 22:00:00,3179.702,0.0044645693212759,0.0
2025-04-18 23:00:00,3183.009,0.0049553739873183,0.0
2025-04-21 09:00:00,3203.312,0.0016623419760548,0.0
2025-04-21 10:00:00,3200.508,0.0075166192366962,1.0
2025-04-21 11:00:00,3203.016,0.0086012683046228,1.0
2025-04-21 13:00:00,3206.269,0.0070770730715358,1.0
2025-04-21 14:00:00,3204.376,0.0075712088718677,1.0
2025-04-21 15:00:00,3204.567,0.0059908249694888,1.0
2025-04-21 21:00:00,3202.462,0.0070420819981627,1.0
2025-04-21 22:00:00,3199.169,0.005477047320726,1.0
2025-04-21 23:00:00,3197.468,0.0047950440786273,0.0
2025-04-22 09:00:00,3188.5,0.0048643562803826,0.0
2025-04-22 10:00:00,3186.893,0.0034384587119806,0.0
2025-04-22 11:00:00,3185.782,0.0041182981133046,0.0
2025-04-22 13:00:00,3182.145,0.0054720950805195,1.0
2025-04-22 14:00:00,3166.027,0.0105848749868526,1.0
2025-04-22 15:00:00,3166.025,0.012501164709691,1.0
2025-04-22 21:00:00,3175.279,0.0090873904308881,1.0
2025-04-22 22:00:00,3169.75,0.0145970502405551,1.0
2025-04-22 23:00:00,3170.856,0.0151930582782692,1.0
2025-04-23 09:00:00,3193.898,0.008721317963191,1.0
2025-04-23 10:00:00,3198.782,0.0016303080359961,0.0
2025-04-23 11:00:00,3208.637,-0.0030452182655751,0.0
2025-04-23 13:00:00,3224.565,-0.0074425542670097,1.0
2025-04-23 14:00:00,3230.566,0.0071971908328138,1.0
2025-04-23 15:00:00,3228.96,0.0143256652296714,1.0
2025-04-23 21:00:00,3228.637,0.0147347007421397,1.0
2025-04-23 22:00:00,3223.765,0.0080905400983013,1.0
2025-04-23 23:00:00,3225.014,0.0021897579359345,0.0
2025-04-24 09:00:00,3216.691,0.0078904066321571,1.0
2025-04-24 10:00:00,3212.8,0.0083880104581672,1.0
2025-04-24 11:00:00,3204.01,0.0089609582991313,1.0
2025-04-24 13:00:00,3197.851,0.0108460337895667,1.0
2025-04-24 14:00:00,3198.902,0.0077110833654797,1.0
2025-04-24 15:00:00,3199.558,0.0098944916766628,1.0
2025-04-24 21:00:00,3199.539,0.0097370277405588,1.0
2025-04-24 22:00:00,3205.604,0.0029888283144144,0.0
2025-04-24 23:00:00,3204.134,0.0022383583208442,0.0
2025-04-25 09:00:00,3216.019,-0.0024486795631493,0.0
2025-04-25 10:00:00,3219.031,-0.0013970042537645,0.0
2025-04-25 11:00:00,3221.753,-0.0043861214686539,0.0
2025-04-25 13:00:00,3203.997,0.0011395141755751,0.0
2025-04-25 14:00:00,3198.866,0.0023580231244447,0.0
2025-04-25 15:00:00,3200.566,0.0005717738674973,0.0
2025-04-25 21:00:00,3253.817,-0.015883191955786,1.0
2025-04-25 22:00:00,3275.217,-0.0246786701461307,1.0
2025-04-25 23:00:00,3276.21,-0.0242814105322918,1.0
2025-04-28 09:00:00,3249.847,-0.0175571342281652,1.0
2025-04-28 10:00:00,3232.076,-0.0091207632493789,1.0
2025-04-28 11:00:00,3242.072,-0.0112057967867462,1.0
2025-04-28 13:00:00,3239.749,-0.011454899746863,1.0
2025-04-28 14:00:00,3232.721,-0.0095009745660079,1.0
2025-04-28 15:00:00,3232.535,-0.0083946500192573,1.0
2025-04-28 21:00:00,3223.569,-0.0063671663302383,1.0
2025-04-28 22:00:00,3231.216,-0.0117531604201018,1.0
2025-04-28 23:00:00,3230.693,-0.0105104384724887,1.0
2025-04-29 09:00:00,3215.185,-0.0062447417489195,1.0
2025-04-29 10:00:00,3211.306,0.0061196285872476,1.0
2025-04-29 11:00:00,3208.144,0.0070788593030736,1.0
2025-04-29 13:00:00,3214.534,0.0053796288979989,1.0
2025-04-29 14:00:00,3207.622,0.0059832486496226,1.0
2025-04-29 15:00:00,3207.648,0.0037348237711868,0.0
2025-04-29 21:00:00,3206.409,0.0007363377535429,0.0
2025-04-29 22:00:00,3202.396,0.0019007643027283,0.0
2025-04-29 23:00:00,3202.136,0.0051240796768156,1.0
2025-04-30 09:00:00,3194.389,0.006780639427446,1.0
2025-04-30 10:00:00,3196.659,0.0034320207441581,0.0
2025-04-30 11:00:00,3192.789,0.004856255768859,0.0
2025-04-30 13:00:00,3202.597,0.0026331755134973,0.0
2025-04-30 14:00:00,3205.742,0.0022169594433987,0.0
2025-04-30 15:00:00,3202.638,-0.0005133268261975,0.0
2025-05-06 09:00:00,3202.007,-0.0006124283925676,0.0
2025-05-06 10:00:00,3205.399,-0.004549823594504,0.0
2025-05-06 11:00:00,3203.044,-0.0040277311207713,0.0
2025-05-06 13:00:00,3193.239,-0.0013024393100548,0.0
2025-05-06 14:00:00,3196.737,-0.0082305801196658,1.0
2025-05-06 15:00:00,3195.107,-0.0101067037817512,1.0
2025-05-06 21:00:00,3230.958,-0.0208523292472387,1.0
2025-05-06 22:00:00,3230.854,-0.0156580891615653,1.0
2025-05-06 23:00:00,3231.827,-0.0171104455776872,1.0
2025-05-07 09:00:00,3226.814,-0.0162538032870812,1.0
2025-05-07 10:00:00,3219.628,-0.0143429613607535,1.0
2025-05-07 11:00:00,3208.77,-0.0150518734593005,1.0
2025-05-07 13:00:00,3208.483,-0.0161397146252606,1.0
2025-05-07 14:00:00,3218.544,-0.0170661019392619,1.0
2025-05-07 15:00:00,3216.049,-0.0163088311154462,1.0
2025-05-07 21:00:00,3207.63,-0.01349064574156,1.0
2025-05-07 22:00:00,3208.294,-0.0099164852098966,1.0
2025-05-07 23:00:00,3211.03,-0.0057124972360894,1.0
2025-05-08 09:00:00,3212.849,-0.0045794246788442,0.0
2025-05-08 10:00:00,3200.994,0.0031933830553883,0.0
2025-05-08 11:00:00,3200.046,0.0056439813677678,1.0
2025-05-08 13:00:00,3190.815,0.0089980146138211,1.0
2025-05-08 14:00:00,3190.143,0.0125840753847084,1.0
2025-05-08 15:00:00,3189.08,0.0109138058625058,1.0
2025-05-08 21:00:00,3170.426,0.0172087284169383,1.0
2025-05-08 22:00:00,3162.815,0.0184462259095141,1.0
2025-05-08 23:00:00,3163.585,0.0181547200407132,1.0
2025-05-09 09:00:00,3180.265,0.0115965179002379,1.0
2025-05-09 10:00:00,3176.529,0.0095572872150702,1.0
2025-05-09 11:00:00,3174.366,0.0130589856368169,1.0
2025-05-09 13:00:00,3173.449,0.0131295634497355,1.0
2025-05-09 14:00:00,3160.472,0.0170215081797908,1.0
2025-05-09 15:00:00,3156.699,0.0264608694082014,1.0
2025-05-09 21:00:00,3163.616,0.0237611012208813,1.0
2025-05-09 22:00:00,3163.599,0.0283389266465186,1.0
2025-05-09 23:00:00,3164.357,0.0282471288795796,1.0
2025-05-12 09:00:00,3176.479,0.0243502318132751,1.0
2025-05-12 10:00:00,3192.687,0.0213014930683778,1.0
2025-05-12 11:00:00,3198.136,0.0208862287282342,1.0
2025-05-12 13:00:00,3211.216,0.0175547207039328,1.0
2025-05-12 14:00:00,3218.107,0.0117671662253616,1.0
2025-05-12 15:00:00,3219.526,0.0115933215013639,1.0
2025-05-12 21:00:00,3230.288,0.0082822336584229,1.0
2025-05-12 22:00:00,3223.885,0.0103586201120697,1.0
2025-05-12 23:00:00,3224.985,0.0087594205864522,1.0
2025-05-13 09:00:00,3221.157,0.0105725986035452,1.0
2025-05-13 10:00:00,3221.019,0.0118338327094625,1.0
2025-05-13 11:00:00,3217.145,0.0131013678276856,1.0
2025-05-13 13:00:00,3206.888,0.0165945926393438,1.0
2025-05-13 14:00:00,3215.82,0.0097965682158827,1.0
2025-05-13 15:00:00,3215.115,0.0109299356321624,1.0
2025-05-13 21:00:00,3214.268,0.011296506700748,1.0
2025-05-13 22:00:00,3240.228,-0.0001536928882782,0.0
2025-05-13 23:00:00,3238.787,-9.015721009128305e-05,0.0
2025-05-14 09:00:00,3253.252,-0.0063213670505697,1.0
2025-05-14 10:00:00,3253.741,-0.0084072456904222,1.0
2025-05-14 11:00:00,3253.827,-0.0090862236990473,1.0
2025-05-14 13:00:00,3260.696,-0.0106320859104927,1.0
2025-05-14 14:00:00,3264.933,-0.0107680617029507,1.0
2025-05-14 15:00:00,3267.588,-0.0131635322445792,1.0
2025-05-14 21:00:00,3255.975,-0.008456146008492,1.0
2025-05-14 22:00:00,3256.851,-0.0130156399540538,1.0
2025-05-14 23:00:00,3257.042,-0.0158898779935904,1.0
2025-05-15 09:00:00,3257.28,-0.0169770483348069,1.0
2025-05-15 10:00:00,3253.234,-0.0157489439739041,1.0
2025-05-15 11:00:00,3255.213,-0.014544363149201,1.0
2025-05-15 13:00:00,3259.136,-0.0159296819770638,1.0
2025-05-15 14:00:00,3259.294,-0.0169269786647047,1.0
2025-05-15 15:00:00,3260.105,-0.0180031011271109,1.0
2025-05-15 21:00:00,3247.324,-0.013861875193236,1.0
2025-05-15 22:00:00,3250.256,-0.0113877183827981,1.0
2025-05-15 23:00:00,3250.578,-0.0127589616369766,1.0
2025-05-16 09:00:00,3239.73,-0.0092276208202535,1.0
2025-05-16 10:00:00,3238.495,-0.0100497298899642,1.0
2025-05-16 11:00:00,3232.687,-0.0092025612130094,1.0
2025-05-16 13:00:00,3226.386,-0.0076636831426866,1.0
2025-05-16 14:00:00,3224.262,-0.0059622946274217,1.0
2025-05-16 15:00:00,3226.028,-0.0061682663634661,1.0
2025-05-16 21:00:00,3229.776,-0.0072958620040522,1.0
2025-05-16 22:00:00,3224.575,-0.0050180256312847,1.0
2025-05-16 23:00:00,3228.442,-0.0050813983958826,1.0
2025-05-19 09:00:00,3214.461,-0.0035402513827355,0.0
2025-05-19 10:00:00,3205.288,0.000653295429303,0.0
2025-05-19 11:00:00,3201.981,0.0028307475903198,0.0
2025-05-19 13:00:00,3201.999,0.0029003756715727,0.0
2025-05-19 14:00:00,3207.868,0.0023938017399718,0.0
2025-05-19 15:00:00,3207.219,0.0041141562207009,0.0
2025-05-19 21:00:00,3204.124,0.0055600220216196,1.0
2025-05-19 22:00:00,3201.413,0.0040435270300958,0.0
2025-05-19 23:00:00,3202.31,0.0050476062592316,1.0
2025-05-20 09:00:00,3213.243,0.0003255278234482,0.0
2025-05-20 10:00:00,3209.104,-0.0012115531313413,0.0
2025-05-20 11:00:00,3209.835,8.224721831499865e-05,0.0
2025-05-20 13:00:00,3205.949,0.0012451851230321,0.0
2025-05-20 14:00:00,3202.938,0.0006981090486296,0.0
2025-05-20 15:00:00,3201.66,0.003455082675862,0.0
2025-05-20 21:00:00,3205.038,0.0022870243660137,0.0
2025-05-20 22:00:00,3206.129,0.0001225777253504,0.0
2025-05-20 23:00:00,3206.212,0.0004219933054957,0.0
2025-05-21 09:00:00,3208.394,-0.0029669049374857,0.0
2025-05-21 10:00:00,3212.037,-0.0032776708362947,0.0
2025-05-21 11:00:00,3203.081,-0.0030826569793271,0.0
2025-05-21 13:00:00,3207.382,-0.0053751003154598,1.0
2025-05-21 14:00:00,3211.045,-0.0094442774859897,1.0
2025-05-21 15:00:00,3211.286,-0.0109937265008473,1.0
2025-05-21 21:00:00,3215.547,-0.0126009664918597,1.0
2025-05-21 22:00:00,3220.414,-0.020422529525707,1.0
2025-05-21 23:00:00,3221.939,-0.0278139964785179,1.0
2025-05-22 09:00:00,3214.358,-0.0231116135788235,1.0
2025-05-22 10:00:00,3218.474,-0.0251032010822521,1.0
2025-05-22 11:00:00,3214.289,-0.0242224641281478,1.0
2025-05-22 13:00:00,3205.216,-0.0210023287042121,1.0
2025-05-22 14:00:00,3210.099,-0.0229463328078044,1.0
2025-05-22 15:00:00,3209.941,-0.0239231811425817,1.0
2025-05-22 21:00:00,3205.174,-0.0225719414920998,1.0
2025-05-22 22:00:00,3212.722,-0.0311053990977121,1.0
2025-05-22 23:00:00,3212.368,-0.0329034531535614,1.0
2025-05-23 09:00:00,3206.522,-0.0306054347982018,1.0
2025-05-23 10:00:00,3207.565,-0.0309677278558657,1.0
2025-05-23 11:00:00,3198.875,-0.0270957758587003,1.0
2025-05-23 13:00:00,3201.509,-0.0278752925573534,1.0
2025-05-23 14:00:00,3193.207,-0.026594580307509,1.0
2025-05-23 15:00:00,3190.142,-0.0269122816476507,1.0
2025-05-23 21:00:00,3180.719,-0.0237779571222732,1.0
2025-05-23 22:00:00,3175.982,-0.0225712866130853,1.0
2025-05-23 23:00:00,3175.028,-0.0246920657077668,1.0
2025-05-26 09:00:00,3154.645,-0.0202225607001738,1.0
2025-05-26 10:00:00,3132.324,-0.0127314415750094,1.0
2025-05-26 11:00:00,3140.069,-0.011580637240774,1.0
2025-05-26 13:00:00,3137.68,-0.011428188980393,1.0
2025-05-26 14:00:00,3136.431,-0.0148216236862854,1.0
2025-05-26 15:00:00,3137.899,-0.0178421931362354,1.0
2025-05-26 21:00:00,3136.439,-0.0177927898486149,1.0
2025-05-26 22:00:00,3133.149,-0.0094180008674977,1.0
2025-05-26 23:00:00,3132.827,-0.0073789583657189,1.0
2025-05-27 09:00:00,3112.789,-0.0062949978299204,1.0
2025-05-27 10:00:00,3106.67,0.0027115850734065,0.0
2025-05-27 11:00:00,3108.385,0.0011263083562685,0.0
2025-05-27 13:00:00,3108.234,0.0012283502464744,0.0
2025-05-27 14:00:00,3112.199,-0.0050697272250265,1.0
2025-05-27 15:00:00,3112.266,-0.004191801086411,0.0
2025-05-27 21:00:00,3108.285,-0.0025203609064161,0.0
2025-05-27 22:00:00,3104.288,-0.008733081466668,1.0
2025-05-27 23:00:00,3105.088,-0.0057531380753138,1.0
2025-05-28 09:00:00,3104.296,-0.0062110700783687,1.0
2025-05-28 10:00:00,3096.63,-0.004108660059484,0.0
2025-05-28 11:00:00,3090.85,-0.0033094456217544,0.0
2025-05-28 13:00:00,3092.445,-0.0044191570100681,0.0
2025-05-28 14:00:00,3103.705,-0.0172613054397889,1.0
2025-05-28 15:00:00,3101.822,-0.0155337733757772,1.0
2025-05-28 21:00:00,3089.944,-0.0071208410249506,1.0
2025-05-28 22:00:00,3081.912,-0.0088325039780499,1.0
2025-05-28 23:00:00,3080.633,-0.0083856142552519,1.0
2025-05-29 09:00:00,3103.641,-0.0162696007689033,1.0
2025-05-29 10:00:00,3109.71,-0.0093246637146228,1.0
2025-05-29 11:00:00,3093.194,-0.0031465856975023,0.0
2025-05-29 13:00:00,3115.094,-0.0101004977698907,1.0
2025-05-29 14:00:00,3111.886,-0.0110980929249979,1.0
2025-05-29 15:00:00,3112.052,-0.0132960503230666,1.0
2025-05-29 21:00:00,3096.421,-0.0060815373620059,1.0
2025-05-29 22:00:00,3099.22,-0.0066358632171965,1.0
2025-05-29 23:00:00,3100.451,-0.0014710763047053,0.0
2025-05-30 09:00:00,3077.178,0.0066840462267701,1.0
2025-05-30 10:00:00,3087.224,0.0011489286167767,0.0
2025-05-30 11:00:00,3085.015,0.0016320828261776,0.0
2025-05-30 13:00:00,3083.907,0.0017847490212901,0.0
2025-05-30 14:00:00,3080.621,0.0017983387115779,0.0
2025-05-30 15:00:00,3078.779,-0.0023541800174679,0.0
2025-06-03 09:00:00,3050.131,0.0029952811862834,0.0
2025-06-03 10:00:00,3053.639,0.0032587349061234,0.0
2025-06-03 11:00:00,3067.941,0.0032885247793228,0.0
2025-06-03 13:00:00,3054.691,0.007466876355088,1.0
2025-06-03 14:00:00,3054.8,0.0101227576273405,1.0
2025-06-03 15:00:00,3053.146,0.0180184635782238,1.0
2025-06-03 21:00:00,3080.713,0.0083191780604035,1.0
2025-06-03 22:00:00,3083.461,0.0045406768562988,0.0
2025-06-03 23:00:00,3083.63,0.0067170834373772,1.0
2025-06-04 09:00:00,3077.35,0.0052522462508327,1.0
2025-06-04 10:00:00,3070.674,0.0086336094290699,1.0
2025-06-04 11:00:00,3077.59,0.0047650921662729,0.0
2025-06-04 13:00:00,3078.654,0.0043382595121115,0.0
2025-06-04 14:00:00,3095.89,-0.0004528584671936,0.0
2025-06-04 15:00:00,3097.746,-0.0055291815403845,1.0
2025-06-04 21:00:00,3090.771,-0.0044713762358971,0.0
2025-06-04 22:00:00,3090.05,-0.0012873578097442,0.0
2025-06-04 23:00:00,3089.411,0.0016563027709811,0.0
2025-06-05 09:00:00,3086.161,0.0026570227541595,0.0
2025-06-05 10:00:00,3071.531,0.0097664649974231,1.0
2025-06-05 11:00:00,3059.267,0.0118387836040464,1.0
2025-06-05 13:00:00,3063.59,0.0105330674143732,1.0
2025-06-05 14:00:00,3078.03,-0.0010185085915342,0.0
2025-06-05 15:00:00,3077.5,0.000212185215272,0.0
2025-06-05 21:00:00,3085.723,-0.002508650322793,0.0
2025-06-05 22:00:00,3108.159,-0.0062426021320016,1.0
2025-06-05 23:00:00,3106.342,-0.0025087385741815,0.0
2025-06-06 09:00:00,3097.462,-0.0005640101476627,0.0
2025-06-06 10:00:00,3104.343,-0.0051086493986005,1.0
2025-06-06 11:00:00,3093.513,-0.0007968287186768,0.0
2025-06-06 13:00:00,3097.185,-0.002454809770808,0.0
2025-06-06 14:00:00,3092.255,0.0007479978203609,0.0
2025-06-06 15:00:00,3092.01,0.0042030911931072,0.0
2025-06-06 21:00:00,3094.488,0.0034147813790197,0.0
2025-06-06 22:00:00,3080.618,0.0107218746368424,1.0
2025-06-06 23:00:00,3076.951,0.0085032228332527,1.0
2025-06-09 09:00:00,3086.072,0.0075513468253495,1.0
2025-06-09 10:00:00,3094.528,0.00453865662227,0.0
2025-06-09 11:00:00,3094.361,0.0045001213497714,0.0
2025-06-09 13:00:00,3101.529,0.0020622086719163,0.0
2025-06-09 14:00:00,3095.485,0.0002594100762884,0.0
2025-06-09 15:00:00,3095.859,-0.0011722110083178,0.0
2025-06-09 21:00:00,3074.895,0.0056463716647235,1.0
2025-06-09 22:00:00,3078.153,0.0041294243658454,0.0
2025-06-09 23:00:00,3077.982,0.0050286194006332,1.0
2025-06-10 09:00:00,3088.756,-0.0015478723473139,0.0
2025-06-10 10:00:00,3098.549,-0.0043120183027603,0.0
2025-06-10 11:00:00,3095.715,-0.0047307326417321,0.0
2025-06-10 13:00:00,3088.484,-0.0028211251863372,0.0
2025-06-10 14:00:00,3091.048,-0.0096737417212542,1.0
2025-06-10 15:00:00,3089.582,-0.0072025924542542,1.0
2025-06-10 21:00:00,3094.568,-0.0087450009177372,1.0
2025-06-10 22:00:00,3105.006,-0.0140115671274064,1.0
2025-06-10 23:00:00,3105.055,-0.0072604188975718,1.0
2025-06-11 09:00:00,3113.648,-0.0091416884631788,1.0
2025-06-11 10:00:00,3103.115,-0.006555670672856,1.0
2025-06-11 11:00:00,3109.376,-0.0081058064383336,1.0
2025-06-11 13:00:00,3108.573,-0.0083691134163489,1.0
2025-06-11 14:00:00,3108.286,-0.0108368406253479,1.0
2025-06-11 15:00:00,3107.925,-0.0051091966504984,1.0
2025-06-11 21:00:00,3096.288,-0.0001285410142726,0.0
2025-06-11 22:00:00,3092.23,0.0019164163079718,0.0
2025-06-11 23:00:00,3092.257,0.0018517218976301,0.0
2025-06-12 09:00:00,3090.864,0.0024129175531502,0.0
2025-06-12 10:00:00,3093.46,0.0028104452619396,0.0
2025-06-12 11:00:00,3083.975,0.0065010254622686,1.0
2025-06-12 13:00:00,3085.188,0.0060391781635349,1.0
2025-06-12 14:00:00,3081.07,0.0041277867753734,0.0
2025-06-12 15:00:00,3079.771,0.0036762473573521,0.0
2025-06-12 21:00:00,3061.146,0.0096875483887406,1.0
2025-06-12 22:00:00,3067.329,0.0073536291672657,1.0
2025-06-12 23:00:00,3067.506,0.0057515779920234,1.0
2025-06-13 09:00:00,3061.5,0.0086960640209048,1.0
2025-06-13 10:00:00,3082.511,0.002121322519206,0.0
2025-06-13 11:00:00,3085.184,0.0024893166825705,0.0
2025-06-13 13:00:00,3082.772,0.0034177032878202,0.0
2025-06-13 14:00:00,3084.172,0.0048664601066347,0.0
2025-06-13 15:00:00,3082.557,0.005701111123006,1.0
2025-06-13 21:00:00,3074.602,0.0087829253997754,1.0
2025-06-13 22:00:00,3092.046,0.000138743084676,0.0
2025-06-13 23:00:00,3095.89,-6.007965399277572e-05,0.0
2025-06-16 09:00:00,3098.156,0.0017229603673927,0.0
2025-06-16 10:00:00,3097.983,0.0020138909735786,0.0
2025-06-16 11:00:00,3098.322,0.001704148245405,0.0
2025-06-16 13:00:00,3102.154,0.0002227484515597,0.0
2025-06-16 14:00:00,3104.024,0.0016916750643681,0.0
2025-06-16 15:00:00,3103.82,0.0002377715202556,0.0
2025-06-16 21:00:00,3093.788,0.0031760417973047,0.0
2025-06-16 22:00:00,3091.093,0.0036961036112469,0.0
2025-06-16 23:00:00,3090.801,0.001565613573957,0.0
2025-06-17 09:00:00,3089.885,0.0021796927717373,0.0
2025-06-17 10:00:00,3085.149,0.0049780415791912,0.0
2025-06-17 11:00:00,3088.123,0.0052546482118749,1.0
2025-06-17 13:00:00,3089.05,0.0046813745326232,0.0
2025-06-17 14:00:00,3092.864,0.0047460864751893,0.0
2025-06-17 15:00:00,3093.308,0.0057213830630509,1.0
2025-06-17 21:00:00,3099.181,0.0041785232937346,0.0
2025-06-17 22:00:00,3100.131,0.0081951375603159,1.0
2025-06-17 23:00:00,3101.606,0.0079916662529024,1.0
2025-06-18 09:00:00,3092.475,0.0065931009951576,1.0
2025-06-18 10:00:00,3095.704,0.0054023252869136,1.0
2025-06-18 11:00:00,3103.494,0.0039339531508679,0.0
2025-06-18 13:00:00,3104.222,0.0037442554044135,0.0
2025-06-18 14:00:00,3103.602,0.0043178861207075,0.0
2025-06-18 15:00:00,3102.845,0.0060940846223385,1.0
2025-06-18 21:00:00,3109.275,0.0042952135144044,0.0
2025-06-18 22:00:00,3104.558,0.0014072856748046,0.0
2025-06-18 23:00:00,3103.614,0.0032813358877746,0.0
2025-06-19 09:00:00,3102.518,0.0029298782472817,0.0
2025-06-19 10:00:00,3095.64,0.0065492111485832,1.0
2025-06-19 11:00:00,3096.62,0.005707513353269,1.0
2025-06-19 13:00:00,3100.507,0.0041360977414339,0.0
2025-06-19 14:00:00,3104.35,0.0043171678451205,0.0
2025-06-19 15:00:00,3103.511,0.0068892940930448,1.0
2025-06-19 21:00:00,3107.543,0.0051989626531314,1.0
2025-06-19 22:00:00,3111.006,-0.003186429084354,0.0
2025-06-19 23:00:00,3112.131,-0.0001825115973587,0.0
2025-06-20 09:00:00,3125.537,-0.006555033583029,1.0
2025-06-20 10:00:00,3126.393,-0.0062061935271734,1.0
2025-06-20 11:00:00,3112.864,-0.0040191283653895,0.0
2025-06-20 13:00:00,3112.428,-0.0038796078174337,0.0
2025-06-20 14:00:00,3115.703,-0.0082719694399627,1.0
2025-06-20 15:00:00,3115.845,-0.008956478900587,1.0
2025-06-20 21:00:00,3117.003,-0.0096605617639765,1.0
2025-06-20 22:00:00,3121.754,-0.0113977590803119,1.0
2025-06-20 23:00:00,3122.63,-0.0081495406115999,1.0
2025-06-23 09:00:00,3108.927,-0.0041200710084219,0.0
2025-06-23 10:00:00,3113.798,-0.006389303352369,1.0
2025-06-23 11:00:00,3111.608,-0.0044356487063923,0.0
2025-06-23 13:00:00,3115.914,-0.0054703050212554,1.0
2025-06-23 14:00:00,3114.294,-0.0086417659989712,1.0
2025-06-23 15:00:00,3113.331,-0.0069761294253646,1.0
2025-06-23 21:00:00,3117.752,-0.0085638626805466,1.0
2025-06-23 22:00:00,3124.892,-0.009845780270166,1.0
2025-06-23 23:00:00,3123.699,-0.0107952142636022,1.0
2025-06-24 09:00:00,3101.093,-0.0064132226927731,1.0
2025-06-24 10:00:00,3111.563,-0.0053349393857684,1.0
2025-06-24 11:00:00,3105.049,-0.0006995058693115,0.0
2025-06-24 13:00:00,3106.99,-0.0011033186460207,0.0
2025-06-24 14:00:00,3100.353,0.0036079762530267,0.0
2025-06-24 15:00:00,3100.353,0.0065060333452351,1.0
2025-06-24 21:00:00,3089.93,0.0102063800798077,1.0
2025-06-24 22:00:00,3087.938,0.0114134415911199,1.0
2025-06-24 23:00:00,3086.891,0.0118378005572596,1.0
2025-06-25 09:00:00,3086.173,0.0102249614652192,1.0
2025-06-25 10:00:00,3097.182,0.007922685847974,1.0
2025-06-25 11:00:00,3096.118,0.0088200772709567,1.0
2025-06-25 13:00:00,3093.903,0.0093884649906606,1.0
2025-06-25 14:00:00,3097.806,0.0159380542228919,1.0
2025-06-25 15:00:00,3098.869,0.0147476385739442,1.0
2025-06-25 21:00:00,3087.381,0.0190957967286836,1.0
2025-06-25 22:00:00,3091.612,0.0106834234050068,1.0
2025-06-25 23:00:00,3091.052,0.0105310425059169,1.0
2025-06-26 09:00:00,3094.125,0.010831171979154,1.0
2025-06-26 10:00:00,3089.978,0.0135619088550144,1.0
2025-06-26 11:00:00,3081.205,0.0134512309307559,1.0
2025-06-26 13:00:00,3094.963,0.009359077959898,1.0
2025-06-26 14:00:00,3102.877,0.0052867064985173,1.0
2025-06-26 15:00:00,3103.562,0.0042863651507525,0.0
2025-06-26 21:00:00,3111.539,0.0017364397489473,0.0
2025-06-26 22:00:00,3120.524,-0.0007662174686046,0.0
2025-06-26 23:00:00,3121.467,-0.0019116011798298,0.0
2025-06-27 09:00:00,3123.182,0.0001940328805686,0.0
2025-06-27 10:00:00,3123.433,0.0012639938170595,0.0
2025-06-27 11:00:00,3117.729,0.0063116454316588,1.0
2025-06-27 13:00:00,3121.72,0.0048438040567379,0.0
2025-06-27 14:00:00,3123.426,0.0097838079083673,1.0
2025-06-27 15:00:00,3122.95,0.0052892297347059,1.0
2025-06-27 21:00:00,3147.179,-0.0019309356093187,0.0
2025-06-27 22:00:00,3144.57,0.0016342456997299,0.0
2025-06-27 23:00:00,3146.337,0.0046676500324028,0.0
2025-06-30 09:00:00,3124.641,0.0107967603318268,1.0
2025-06-30 10:00:00,3123.604,0.0189146895701248,1.0
2025-06-30 11:00:00,3127.638,0.0208572731243193,1.0
2025-06-30 13:00:00,3131.884,0.0195233923095491,1.0
2025-06-30 14:00:00,3122.651,0.021843299171121,1.0
2025-06-30 15:00:00,3123.929,0.0211554103822461,1.0
2025-06-30 21:00:00,3119.281,0.0228530228600757,1.0
2025-06-30 22:00:00,3116.865,0.0202270550697576,1.0
2025-06-30 23:00:00,3116.942,0.0195079022965457,1.0
2025-07-01 09:00:00,3118.133,0.0215808626508235,1.0
2025-07-01 10:00:00,3115.5,0.0265138822018937,1.0
2025-07-01 11:00:00,3123.788,0.0273542890874797,1.0
2025-07-01 13:00:00,3127.381,0.026134967245756,1.0
2025-07-01 14:00:00,3137.407,0.0259510481107487,1.0
2025-07-01 15:00:00,3136.841,0.0269315531134667,1.0
2025-07-01 21:00:00,3153.985,0.0208850073795532,1.0
2025-07-01 22:00:00,3139.468,0.0240231784493423,1.0
2025-07-01 23:00:00,3141.102,0.0230855285820072,1.0
2025-07-02 09:00:00,3149.709,0.0200374066302633,1.0
2025-07-02 10:00:00,3161.023,0.0152713219739304,1.0
2025-07-02 11:00:00,3158.377,0.0141623371750744,1.0
2025-07-02 13:00:00,3182.686,0.0064197347774803,1.0
2025-07-02 14:00:00,3192.872,0.0027116652343095,0.0
2025-07-02 15:00:00,3193.029,0.0062100907946655,1.0
2025-07-02 21:00:00,3190.86,0.0063208664748688,1.0
2025-07-02 22:00:00,3190.017,0.0006266424285513,0.0
2025-07-02 23:00:00,3190.566,-0.0002259787134947,0.0
2025-07-03 09:00:00,3179.91,0.0028475648681881,0.0
2025-07-03 10:00:00,3177.747,0.0020187258457013,0.0
2025-07-03 11:00:00,3185.425,0.0024969980457865,0.0
2025-07-03 13:00:00,3198.104,-0.0018479699221788,0.0
2025-07-03 14:00:00,3209.237,-0.0059578024309204,1.0
2025-07-03 15:00:00,3209.115,-0.0071153573493003,1.0
2025-07-03 21:00:00,3218.826,-0.0104267829326592,1.0
2025-07-03 22:00:00,3221.321,-0.0100002452410051,1.0
2025-07-03 23:00:00,3219.856,-0.009010030262223,1.0
2025-07-04 09:00:00,3214.888,-0.0058253973388808,1.0
2025-07-04 10:00:00,3213.616,-0.0062677059113471,1.0
2025-07-04 11:00:00,3212.821,-0.006580821029245,1.0
2025-07-04 13:00:00,3209.296,-0.0050659085357037,1.0
2025-07-04 14:00:00,3203.107,9.053709414014694e-05,0.0
2025-07-04 15:00:00,3203.118,-0.0027947768393171,0.0
2025-07-04 21:00:00,3201.53,-0.0023148307215612,0.0
2025-07-04 22:00:00,3212.858,-0.0071195178871896,1.0
2025-07-04 23:00:00,3211.029,-0.0076704383548077,1.0
2025-07-07 09:00:00,3192.016,-0.0010090801549866,0.0
2025-07-07 10:00:00,3189.845,0.0021229871670881,0.0
2025-07-07 11:00:00,3188.965,0.0009253786103014,0.0
2025-07-07 13:00:00,3184.162,0.0026644372993586,0.0
2025-07-07 14:00:00,3193.379,0.0092954829351605,1.0
2025-07-07 15:00:00,3192.194,0.0088456403338895,1.0
2025-07-07 21:00:00,3190.117,0.0097767574041954,1.0
2025-07-07 22:00:00,3186.281,0.0116267209326485,1.0
2025-07-07 23:00:00,3185.264,0.0176085875456476,1.0
2025-07-08 09:00:00,3189.107,0.0161088981962662,1.0
2025-07-08 10:00:00,3190.845,0.0190792721050381,1.0
2025-07-08 11:00:00,3196.16,0.020108192330797,1.0
2025-07-08 13:00:00,3193.474,0.0220339980848442,1.0
2025-07-08 14:00:00,3191.678,0.0236157908159909,1.0
2025-07-08 15:00:00,3193.038,0.0275599601382758,1.0
2025-07-08 21:00:00,3203.397,0.0239792320464806,1.0
2025-07-08 22:00:00,3194.166,0.0271369740958985,1.0
2025-07-08 23:00:00,3194.119,0.0259263978580634,1.0
2025-07-09 09:00:00,3189.984,0.0272170644116083,1.0
2025-07-09 10:00:00,3186.399,0.0287340034942265,1.0
2025-07-09 11:00:00,3188.795,0.0271265478025397,1.0
2025-07-09 13:00:00,3196.617,0.0244649265144995,1.0
2025-07-09 14:00:00,3191.916,0.0213664770626795,1.0
2025-07-09 15:00:00,3192.646,0.0244489993566464,1.0
2025-07-09 21:00:00,3223.063,0.0146093948520398,1.0
2025-07-09 22:00:00,3220.431,0.0141717055884756,1.0
2025-07-09 23:00:00,3221.306,0.0152137052487406,1.0
2025-07-10 09:00:00,3223.327,0.0139315682212819,1.0
2025-07-10 10:00:00,3241.352,0.0096755921603084,1.0
2025-07-10 11:00:00,3240.48,0.0117942403594529,1.0
2025-07-10 13:00:00,3251.724,0.0080664902679317,1.0
2025-07-10 14:00:00,3260.429,0.0030029790558235,0.0
2025-07-10 15:00:00,3263.839,0.0020187883042024,0.0
2025-07-10 21:00:00,3267.052,0.0010700778561221,0.0
2025-07-10 22:00:00,3281.038,-0.0006104775379011,0.0
2025-07-10 23:00:00,3280.212,-0.0037366487288016,0.0
2025-07-11 09:00:00,3280.846,-0.0070612884603544,1.0
2025-07-11 10:00:00,3276.931,-0.0062167924805251,1.0
2025-07-11 11:00:00,3276.806,-0.0043685833094788,0.0
2025-07-11 13:00:00,3277.957,-0.0049518648353227,0.0
2025-07-11 14:00:00,3275.296,-0.0084844240032045,1.0
2025-07-11 15:00:00,3274.822,-0.0074950638538522,1.0
2025-07-11 21:00:00,3260.116,-0.0028029677471598,0.0
2025-07-11 22:00:00,3270.703,-0.0026018871172343,0.0
2025-07-11 23:00:00,3270.15,-0.0045860281638457,0.0
2025-07-14 09:00:00,3266.07,-0.0014344456793638,0.0
2025-07-14 10:00:00,3270.314,-0.0053731843486587,1.0
2025-07-14 11:00:00,3268.233,-0.0041120079259955,0.0
2025-07-14 13:00:00,3272.714,-0.0052616880057346,1.0
2025-07-14 14:00:00,3278.699,0.0036148484505591,0.0
2025-07-14 15:00:00,3277.954,0.0027291414095499,0.0
2025-07-14 21:00:00,3270.22,0.0048969182501483,0.0
2025-07-14 22:00:00,3270.428,0.0033215835970094,0.0
2025-07-14 23:00:00,3270.548,0.0047041046332297,0.0
2025-07-15 09:00:00,3279.035,-0.0006956314891423,0.0
2025-07-15 10:00:00,3267.955,0.0058991020378188,1.0
2025-07-15 11:00:00,3257.679,0.0109120634660443,1.0
2025-07-15 13:00:00,3256.559,0.011632830849986,1.0
2025-07-15 14:00:00,3262.491,0.0203433511387464,1.0
2025-07-15 15:00:00,3261.725,0.0226794104346626,1.0
2025-07-15 21:00:00,3247.507,0.0271565234501418,1.0
2025-07-15 22:00:00,3250.277,0.0257113470636502,1.0
2025-07-15 23:00:00,3250.978,0.0235673695730945,1.0
2025-07-16 09:00:00,3262.193,0.0142195756045089,1.0
2025-07-16 10:00:00,3255.153,0.0162262726206726,1.0
2025-07-16 11:00:00,3261.385,0.0146121969653996,1.0
2025-07-16 13:00:00,3252.742,0.0185053102889807,1.0
2025-07-16 14:00:00,3254.794,0.0326263351843465,1.0
2025-07-16 15:00:00,3255.494,0.0372499534632838,1.0
2025-07-16 21:00:00,3290.551,0.0276588936017098,1.0
2025-07-16 22:00:00,3286.9,0.034908880708266,1.0
2025-07-16 23:00:00,3286.234,0.0337352726555686,1.0
2025-07-17 09:00:00,3281.291,0.0382776169501576,1.0
2025-07-17 10:00:00,3285.933,0.0331896602882652,1.0
2025-07-17 11:00:00,3276.754,0.0364104232420254,1.0
2025-07-17 13:00:00,3287.233,0.0334299394049645,1.0
2025-07-17 14:00:00,3293.227,0.0294398169333605,1.0
2025-07-17 15:00:00,3294.442,0.0310541208496006,1.0
2025-07-17 21:00:00,3328.861,0.0203757381278461,1.0
2025-07-17 22:00:00,3335.699,0.0200584645077388,1.0
2025-07-17 23:00:00,3335.698,0.0228521886573664,1.0
2025-07-18 09:00:00,3333.846,0.0209886719422552,1.0
2025-07-18 10:00:00,3327.595,0.036123686927045,1.0
2025-07-18 11:00:00,3308.58,0.0508852740450586,1.0
2025-07-18 13:00:00,3307.972,0.0518610798398534,1.0
2025-07-18 14:00:00,3309.041,0.0422983577417141,1.0
2025-07-18 15:00:00,3312.935,0.0473842680281986,1.0
2025-07-18 21:00:00,3360.986,0.0318210191890118,1.0
2025-07-18 22:00:00,3376.761,0.0212227042423198,1.0
2025-07-18 23:00:00,3381.564,0.0108396588087642,1.0
2025-07-21 09:00:00,3401.642,0.0076945192939174,1.0
2025-07-21 10:00:00,3397.096,0.0059150521504249,1.0
2025-07-21 11:00:00,3406.891,0.0100590244888961,1.0
2025-07-21 13:00:00,3394.992,0.0131016509022701,1.0
2025-07-21 14:00:00,3396.062,0.0099029405234652,1.0
2025-07-21 15:00:00,3397.125,0.0075964234462965,1.0
2025-07-21 21:00:00,3390.179,0.0096950632990175,1.0
2025-07-21 22:00:00,3396.748,0.0089406102542785,1.0
2025-07-21 23:00:00,3396.689,0.0137698800213972,1.0
2025-07-22 09:00:00,3402.608,0.0128119371964093,1.0
2025-07-22 10:00:00,3411.926,0.0135058614987547,1.0
2025-07-22 11:00:00,3403.819,0.0167335572191118,1.0
2025-07-22 13:00:00,3447.8,0.0034323336620453,0.0
2025-07-22 14:00:00,3476.938,3.1061813584170865e-05,0.0
2025-07-22 15:00:00,3479.527,-0.0009288618826639,0.0
2025-07-22 21:00:00,3449.008,0.0083499371413461,1.0
2025-07-22 22:00:00,3469.916,0.0017380824204389,0.0
2025-07-22 23:00:00,3467.936,0.0038129308037979,0.0
2025-07-23 09:00:00,3448.425,0.0113724381420502,1.0
2025-07-23 10:00:00,3418.219,0.018938224847501,1.0
2025-07-23 11:00:00,3427.816,0.0232494976393132,1.0
2025-07-23 13:00:00,3417.19,0.026949920841393,1.0
2025-07-23 14:00:00,3441.161,0.0104781496709976,1.0
2025-07-23 15:00:00,3439.472,-0.0114834486223467,1.0
2025-07-23 21:00:00,3429.693,-0.0057515351957158,1.0
2025-07-23 22:00:00,3422.931,-0.0011872865681487,0.0
2025-07-23 23:00:00,3423.047,0.0026946752410937,0.0
2025-07-24 09:00:00,3427.117,-0.0049128757495002,0.0
2025-07-24 10:00:00,3443.461,-0.0125237370192373,1.0
2025-07-24 11:00:00,3446.202,-0.0125732618111185,1.0
2025-07-24 13:00:00,3458.007,-0.0166720310282772,1.0
2025-07-24 14:00:00,3460.777,-0.0137668506234294,1.0
2025-07-24 15:00:00,3459.634,-0.0121998454171741,1.0
2025-07-24 21:00:00,3477.046,-0.0170089783108994,1.0
2025-07-24 22:00:00,3476.295,-0.0150640264994772,1.0
2025-07-24 23:00:00,3477.807,-0.0065986985476766,1.0
2025-07-25 09:00:00,3475.947,0.0011360932718479,0.0
2025-07-25 10:00:00,3481.159,0.0038286099543284,0.0
2025-07-25 11:00:00,3487.642,0.003877978301672,0.0
2025-07-25 13:00:00,3482.954,0.0060448688096367,1.0
2025-07-25 14:00:00,3507.511,0.0067067501712752,1.0
2025-07-25 15:00:00,3509.283,0.0107209934337014,1.0
2025-07-25 21:00:00,3477.218,0.0204729758099723,1.0
2025-07-25 22:00:00,3399.975,0.0349623158993816,1.0
2025-07-25 23:00:00,3409.967,0.0353575269203484,1.0
2025-07-28 09:00:00,3418.867,0.030214395587778,1.0
2025-07-28 10:00:00,3432.271,0.0197405740980242,1.0
2025-07-28 11:00:00,3410.28,0.0212900407004703,1.0
2025-07-28 13:00:00,3400.336,0.0251442798594022,1.0
2025-07-28 14:00:00,3402.872,0.0161207944348185,1.0
2025-07-28 15:00:00,3400.355,0.0147828682593434,1.0
2025-07-28 21:00:00,3413.133,0.0109749605421178,1.0
2025-07-28 22:00:00,3417.427,0.0034514270531601,0.0
2025-07-28 23:00:00,3417.905,0.0033239659967143,0.0
2025-07-29 09:00:00,3423.928,-0.0003475540373512,0.0
2025-07-29 10:00:00,3454.858,-0.012599360089474,1.0
2025-07-29 11:00:00,3479.896,-0.0252527661746214,1.0
2025-07-29 13:00:00,3494.487,-0.0294400866278799,1.0
2025-07-29 14:00:00,3501.167,-0.0246869115354965,1.0
2025-07-29 15:00:00,3504.008,-0.0234331656777038,1.0
2025-07-29 21:00:00,3531.035,-0.0308476126688067,1.0
2025-07-29 22:00:00,3546.906,-0.0337141722955161,1.0
2025-07-29 23:00:00,3548.407,-0.0382594217630616,1.0
2025-07-30 09:00:00,3518.846,-0.0343672328939658,1.0
2025-07-30 10:00:00,3530.535,-0.0338923137711423,1.0
2025-07-30 11:00:00,3522.166,-0.0345815614596246,1.0
2025-07-30 13:00:00,3500.026,-0.0282180760942917,1.0
2025-07-30 14:00:00,3482.885,-0.0245336840004767,1.0
2025-07-30 15:00:00,3485.835,-0.0302059621295902,1.0
2025-07-30 21:00:00,3457.729,-0.02292950083711,1.0
2025-07-30 22:00:00,3450.622,-0.019408095120242,1.0
2025-07-30 23:00:00,3450.592,-0.0176781259563576,1.0
2025-07-31 09:00:00,3429.222,-0.0137302280225661,1.0
2025-07-31 10:00:00,3429.266,-0.0068775650532796,1.0
2025-07-31 11:00:00,3422.738,-0.0029140413318225,0.0
2025-07-31 13:00:00,3411.329,0.0014196813030932,0.0
2025-07-31 14:00:00,3392.019,0.013375809510501,1.0
2025-07-31 15:00:00,3391.609,0.0104566888459135,1.0
2025-07-31 21:00:00,3414.734,0.0021216879557821,0.0
2025-07-31 22:00:00,3421.898,-0.0004284172117346,0.0
2025-07-31 23:00:00,3422.111,0.0007337576133561,0.0
2025-08-01 09:00:00,3427.325,0.0016730248809203,0.0
2025-08-01 10:00:00,3412.647,0.0079091098493339,1.0
2025-08-01 11:00:00,3397.913,0.0189536930462904,1.0
2025-08-01 13:00:00,3410.877,0.0140866996962951,1.0
2025-08-01 14:00:00,3400.364,0.0137976404879006,1.0
2025-08-01 15:00:00,3401.262,0.0110326696385046,1.0
2025-08-01 21:00:00,3397.437,0.0122621846998193,1.0
2025-08-01 22:00:00,3380.542,0.0216639816928764,1.0
2025-08-01 23:00:00,3378.445,0.0241498677646076,1.0
2025-08-04 09:00:00,3383.652,0.0243322894907631,1.0
2025-08-04 10:00:00,3389.592,0.0208019136226424,1.0
2025-08-04 11:00:00,3382.138,0.0207824163295525,1.0
2025-08-04 13:00:00,3405.681,0.0137763930327003,1.0
2025-08-04 14:00:00,3412.764,0.0105196257344486,1.0
2025-08-04 15:00:00,3416.172,0.0098062978093608,1.0
2025-08-04 21:00:00,3437.39,0.0035590957092444,0.0
2025-08-04 22:00:00,3427.074,0.0051717587656408,1.0
2025-08-04 23:00:00,3421.979,0.0081905821163719,1.0
2025-08-05 09:00:00,3420.432,0.0120572489089097,1.0
2025-08-05 10:00:00,3424.622,0.0042246998354855,0.0
2025-08-05 11:00:00,3433.059,0.0024240771859731,0.0
2025-08-05 13:00:00,3439.638,0.0002270587776969,0.0
2025-08-05 14:00:00,3462.316,-0.0144934777761474,1.0
2025-08-05 15:00:00,3458.925,-0.0111586692397204,1.0
2025-08-05 21:00:00,3447.281,-0.008180940283081,1.0
2025-08-05 22:00:00,3438.787,-0.0071565932987415,1.0
2025-08-05 23:00:00,3439.097,-0.0038172811060578,0.0
2025-08-06 09:00:00,3453.778,-0.0095171143020772,1.0
2025-08-06 10:00:00,3460.034,-0.0113828361224196,1.0
2025-08-06 11:00:00,3465.984,-0.0106544057906787,1.0
2025-08-06 13:00:00,3460.102,-0.0092942346786307,1.0
2025-08-06 14:00:00,3452.427,-0.0087338559222252,1.0
2025-08-06 15:00:00,3452.599,-0.0098682181162655,1.0
2025-08-06 21:00:00,3448.665,-0.0087016280212778,1.0
2025-08-06 22:00:00,3449.672,-0.0020842561263795,0.0
2025-08-06 23:00:00,3449.624,0.0002571294726614,0.0
2025-08-07 09:00:00,3444.798,-0.000325127917515,0.0
2025-08-07 10:00:00,3450.007,0.0012376786481882,0.0
2025-08-07 11:00:00,3461.673,0.0003122767517325,0.0
2025-08-07 13:00:00,3439.09,0.0069873135044444,1.0
2025-08-07 14:00:00,3441.381,0.0037124631071073,0.0
2025-08-07 15:00:00,3440.419,0.006664013889006,1.0
2025-08-07 21:00:00,3412.135,0.0150079056074861,1.0
2025-08-07 22:00:00,3420.328,0.0143038913227035,1.0
2025-08-07 23:00:00,3419.079,0.0163467998253329,1.0
2025-08-08 09:00:00,3414.177,0.0195812929440974,1.0
2025-08-08 10:00:00,3425.969,0.0174473265811803,1.0
2025-08-08 11:00:00,3420.908,0.0181627217101425,1.0
2025-08-08 13:00:00,3420.649,0.0177928223562254,1.0
2025-08-08 14:00:00,3429.056,0.0125136480710725,1.0
2025-08-08 15:00:00,3427.943,0.0143263759053168,1.0
2025-08-08 21:00:00,3422.274,0.0156626851035306,1.0
2025-08-08 22:00:00,3418.528,0.0161130755693678,1.0
2025-08-08 23:00:00,3418.656,0.0134722534235676,1.0
2025-08-11 09:00:00,3442.482,0.009885599982803,1.0
2025-08-11 10:00:00,3450.511,0.0045590348791817,0.0
2025-08-11 11:00:00,3443.678,0.0016093258428923,0.0
2025-08-11 13:00:00,3454.277,-0.0014573237757134,0.0
2025-08-11 14:00:00,3462.754,-0.0062883473674422,1.0
2025-08-11 15:00:00,3463.12,-0.0065230197047747,1.0
2025-08-11 21:00:00,3454.157,-0.0042479250364127,0.0
2025-08-11 22:00:00,3463.346,-0.0067105625600214,1.0
2025-08-11 23:00:00,3463.344,-0.0080182621189232,1.0
2025-08-12 09:00:00,3469.252,-0.0160631167756046,1.0
2025-08-12 10:00:00,3474.97,-0.0142962385286778,1.0
2025-08-12 11:00:00,3481.031,-0.0149105250714515,1.0
2025-08-12 13:00:00,3485.743,-0.0161474899325624,1.0
2025-08-12 14:00:00,3483.041,-0.0160322545729436,1.0
2025-08-12 15:00:00,3481.512,-0.0150273789089338,1.0
2025-08-12 21:00:00,3471.966,-0.0123604321010055,1.0
2025-08-12 22:00:00,3477.053,-0.0158090773997405,1.0
2025-08-12 23:00:00,3475.876,-0.0174568943195903,1.0
2025-08-13 09:00:00,3473.611,-0.0168510521183862,1.0
2025-08-13 10:00:00,3464.713,-0.0100141050644022,1.0
2025-08-13 11:00:00,3476.513,-0.0115489284809232,1.0
2025-08-13 13:00:00,3466.242,-0.0086771206395861,1.0
2025-08-13 14:00:00,3449.22,-0.0020595960825925,0.0
2025-08-13 15:00:00,3449.243,-0.0004508235575167,0.0
2025-08-13 21:00:00,3440.979,0.002018611563744,0.0
2025-08-13 22:00:00,3440.53,-0.0010940174914911,0.0
2025-08-13 23:00:00,3439.484,-0.0047501311243197,0.0
2025-08-14 09:00:00,3440.105,-0.0078863871887631,1.0
2025-08-14 10:00:00,3435.574,-0.0071254468685582,1.0
2025-08-14 11:00:00,3413.525,0.0012948491661845,0.0
2025-08-14 13:00:00,3425.291,-0.0025154067201881,0.0
2025-08-14 14:00:00,3429.127,-0.0001469761837341,0.0
2025-08-14 15:00:00,3429.457,-0.0019551200087943,0.0
2025-08-14 21:00:00,3427.2,-0.0015050186741362,0.0
2025-08-14 22:00:00,3429.194,-0.001430073655792,0.0
2025-08-14 23:00:00,3429.051,-0.0044828729581449,0.0
2025-08-15 09:00:00,3422.084,-0.000871106612228,0.0
2025-08-15 10:00:00,3415.198,-0.0022470146679636,0.0
2025-08-15 11:00:00,3415.077,-0.0010948508628063,0.0
2025-08-15 13:00:00,3430.017,-0.0056297097069781,1.0
2025-08-15 14:00:00,3436.363,-0.0143468545086767,1.0
2025-08-15 15:00:00,3436.165,-0.0189365178913119,1.0
2025-08-15 21:00:00,3442.116,-0.0204406243136489,1.0
2025-08-15 22:00:00,3447.688,-0.0233121442543524,1.0
2025-08-15 23:00:00,3447.925,-0.0208090373195472,1.0
2025-08-18 09:00:00,3436.766,-0.0136610988353586,1.0
2025-08-18 10:00:00,3423.146,-0.0067417515934172,1.0
2025-08-18 11:00:00,3412.975,-0.0058397732183798,1.0
2025-08-18 13:00:00,3411.094,-0.0046879388254911,0.0
2025-08-18 14:00:00,3417.945,-0.0042110098319311,0.0
2025-08-18 15:00:00,3416.675,-0.0033163821551655,0.0
2025-08-18 21:00:00,3428.623,-0.0068511469473314,1.0
2025-08-18 22:00:00,3422.752,-0.0122299249259076,1.0
2025-08-18 23:00:00,3422.042,-0.0137903041517315,1.0
2025-08-19 09:00:00,3424.29,-0.0111950214497019,1.0
2025-08-19 10:00:00,3413.679,-0.0097449115748727,1.0
2025-08-19 11:00:00,3419.103,-0.0143710207033833,1.0
2025-08-19 13:00:00,3407.524,-0.0113108521025823,1.0
2025-08-19 14:00:00,3411.338,-0.0185112117298256,1.0
2025-08-19 15:00:00,3410.707,-0.0158248715002489,1.0
2025-08-19 21:00:00,3387.062,-0.0091123221246023,1.0
2025-08-19 22:00:00,3371.096,-0.0058755372140098,1.0
2025-08-19 23:00:00,3371.757,-0.0056418656504606,1.0
2025-08-20 09:00:00,3367.315,-0.0047765059104954,0.0
2025-08-20 10:00:00,3376.177,-0.0054715733209485,1.0
2025-08-20 11:00:00,3389.816,-0.0099471475737914,1.0
2025-08-20 13:00:00,3400.068,-0.0125556312403163,1.0
2025-08-20 14:00:00,3393.044,-0.0048628900774643,0.0
2025-08-20 15:00:00,3395.103,-0.0008102846953391,0.0
2025-08-20 21:00:00,3403.552,-0.0031417178289035,0.0
2025-08-20 22:00:00,3405.344,-0.008584154787299,1.0
2025-08-20 23:00:00,3405.133,-0.0019388376313054,0.0
2025-08-21 09:00:00,3380.892,0.0020355574800969,0.0
2025-08-21 10:00:00,3374.851,0.0027334540102659,0.0
2025-08-21 11:00:00,3385.955,-0.000398410492756,0.0
2025-08-21 13:00:00,3380.413,0.0011942327756992,0.0
2025-08-21 14:00:00,3369.967,0.0035923200434899,0.0
2025-08-21 15:00:00,3368.982,0.0036975561163579,0.0
2025-08-21 21:00:00,3348.19,0.0100528942503263,1.0
2025-08-21 22:00:00,3356.733,0.0073651970532061,1.0
2025-08-21 23:00:00,3356.198,0.0055854869110821,1.0
2025-08-22 09:00:00,3351.289,0.007486671546381,1.0
2025-08-22 10:00:00,3352.734,0.0046660426982874,0.0
2025-08-22 11:00:00,3351.231,0.0040844692592064,0.0
2025-08-22 13:00:00,3357.704,0.001585309485291,0.0
2025-08-22 14:00:00,3356.097,-0.0017043607500022,0.0
2025-08-22 15:00:00,3357.378,-0.0015476362804546,0.0
2025-08-22 21:00:00,3376.544,-0.0066991574817327,1.0
2025-08-22 22:00:00,3392.352,-0.0139163034968068,1.0
2025-08-22 23:00:00,3392.859,-0.0130524139081523,1.0
2025-08-25 09:00:00,3376.112,-0.0049287464396915,0.0
2025-08-25 10:00:00,3398.531,-0.0157382704468489,1.0
2025-08-25 11:00:00,3387.774,-0.0125132314020946,1.0
2025-08-25 13:00:00,3384.076,-0.0115151078167274,1.0
2025-08-25 14:00:00,3384.606,-0.01281508098727,1.0
2025-08-25 15:00:00,3384.45,-0.0130287048117123,1.0
2025-08-25 21:00:00,3382.073,-0.0124867204226519,1.0
2025-08-25 22:00:00,3381.439,-0.0110985293539229,1.0
2025-08-25 23:00:00,3381.849,-0.006405076039764,1.0
2025-08-26 09:00:00,3381.456,-0.0083186059496264,1.0
2025-08-26 10:00:00,3374.944,-0.0012420946836451,0.0
2025-08-26 11:00:00,3376.379,0.0011906246307064,0.0
2025-08-26 13:00:00,3368.378,0.00305814846196,0.0
2025-08-26 14:00:00,3364.919,0.0019177281830558,0.0
2025-08-26 15:00:00,3363.027,-0.0004698148424023,0.0
2025-08-26 21:00:00,3350.377,0.003671825588583,0.0
2025-08-26 22:00:00,3352.182,0.0010348483465396,0.0
2025-08-26 23:00:00,3353.924,0.0011538723000282,0.0
2025-08-27 09:00:00,3345.143,0.0030031601040672,0.0
2025-08-27 10:00:00,3348.574,0.0035803300151049,0.0
2025-08-27 11:00:00,3359.472,-0.0022107640724495,0.0
2025-08-27 13:00:00,3345.044,0.0014612662793075,0.0
2025-08-27 14:00:00,3345.382,-0.0052472333503319,1.0
2025-08-27 15:00:00,3345.108,-0.006240456212475,1.0
2025-08-27 21:00:00,3341.232,-0.0055706996700617,1.0
2025-08-27 22:00:00,3340.355,-0.0092729664960759,1.0
2025-08-27 23:00:00,3339.842,-0.0120212273514734,1.0
2025-08-28 09:00:00,3343.91,-0.0142452996641655,1.0
2025-08-28 10:00:00,3360.188,-0.0169178034086188,1.0
2025-08-28 11:00:00,3353.327,-0.0122230847155676,1.0
2025-08-28 13:00:00,3370.752,-0.0180639216412243,1.0
2025-08-28 14:00:00,3380.399,-0.0207502132144755,1.0
2025-08-28 15:00:00,3378.679,-0.0234766309554711,1.0
2025-08-28 21:00:00,3371.372,-0.0213963335994959,1.0
2025-08-28 22:00:00,3361.447,-0.0166321230113102,1.0
2025-08-28 23:00:00,3362.679,-0.015533448182238,1.0
2025-08-29 09:00:00,3355.651,-0.0118266172495291,1.0
2025-08-29 10:00:00,3357.794,-0.0143999304305147,1.0
2025-08-29 11:00:00,3355.189,-0.015059658338174,1.0
2025-08-29 13:00:00,3360.563,-0.0171042768726549,1.0
2025-08-29 14:00:00,3352.045,-0.008203350492013,1.0
2025-08-29 15:00:00,3349.932,-0.0083861403753866,1.0
2025-08-29 21:00:00,3327.828,-0.0017437800270927,0.0
2025-08-29 22:00:00,3324.233,-0.0065464725246395,1.0
2025-08-29 23:00:00,3322.619,-0.0060653960023704,1.0
2025-09-01 09:00:00,3309.38,-0.0037073409520817,0.0
2025-09-01 10:00:00,3299.693,0.0024241649147359,0.0
2025-09-01 11:00:00,3296.275,0.0021302834259884,0.0
2025-09-01 13:00:00,3303.341,-1.816342908586956e-05,0.0
2025-09-01 14:00:00,3312.339,-0.0051646283789189,1.0
2025-09-01 15:00:00,3309.863,-0.0050273984149796,1.0
2025-09-01 21:00:00,3310.255,-0.0055173997169402,1.0
2025-09-01 22:00:00,3299.359,0.0025808043319929,0.0
2025-09-01 23:00:00,3299.237,0.006125658750796,1.0
2025-09-02 09:00:00,3305.539,0.0083172517401851,1.0
2025-09-02 10:00:00,3310.445,0.0032575680912987,0.0
2025-09-02 11:00:00,3315.965,0.0004755779991645,0.0
2025-09-02 13:00:00,3309.442,0.0028276670206035,0.0
2025-09-02 14:00:00,3304.661,0.0050247211438631,1.0
2025-09-02 15:00:00,3303.083,0.0043728843628815,0.0
2025-09-02 21:00:00,3324.547,-0.0023049756854091,0.0
2025-09-02 22:00:00,3321.839,-0.0048461108440234,0.0
2025-09-02 23:00:00,3322.025,-0.0022471233660192,0.0
2025-09-03 09:00:00,3302.471,0.0073708444373925,1.0
2025-09-03 10:00:00,3302.466,0.0127598588448753,1.0
2025-09-03 11:00:00,3297.111,0.0153124963035821,1.0
2025-09-03 13:00:00,3307.692,0.0121144894990222,1.0
2025-09-03 14:00:00,3303.297,0.0110601620138909,1.0
2025-09-03 15:00:00,3303.281,0.0117779867955526,1.0
2025-09-03 21:00:00,3295.232,0.0143128010410193,1.0
2025-09-03 22:00:00,3293.223,0.0135159386412641,1.0
2025-09-03 23:00:00,3291.991,0.0165486479155016,1.0
2025-09-04 09:00:00,3307.874,0.0127299286490357,1.0
2025-09-04 10:00:00,3319.447,0.0099158082656538,1.0
2025-09-04 11:00:00,3333.032,0.0082939497730594,1.0
2025-09-04 13:00:00,3321.229,0.012088898416821,1.0
2025-09-04 14:00:00,3317.542,0.0109557015404778,1.0
2025-09-04 15:00:00,3318.8,0.0115466433650716,1.0
2025-09-04 21:00:00,3321.266,0.0111457498435837,1.0
2025-09-04 22:00:00,3317.527,0.0164574395325192,1.0
2025-09-04 23:00:00,3316.884,0.0190516159142134,1.0
2025-09-05 09:00:00,3305.741,0.0166189668216596,1.0
2025-09-05 10:00:00,3314.56,0.0147334789534659,1.0
2025-09-05 11:00:00,3326.813,0.0091913792569645,1.0
2025-09-05 13:00:00,3344.605,0.0038548647747641,0.0
2025-09-05 14:00:00,3347.598,-0.004669318120037,0.0
2025-09-05 15:00:00,3347.763,-0.0029801990164775,0.0
2025-09-05 21:00:00,3339.832,-0.0005931436072232,0.0
2025-09-05 22:00:00,3342.187,0.0031009635307659,0.0
2025-09-05 23:00:00,3342.396,0.0051337423812138,1.0
2025-09-08 09:00:00,3337.734,0.0068354758048424,1.0
2025-09-08 10:00:00,3346.469,0.0022650740227983,0.0
2025-09-08 11:00:00,3349.983,7.044811869190868e-05,0.0
2025-09-08 13:00:00,3352.362,-0.000157500890417,0.0
2025-09-08 14:00:00,3360.676,-0.003464183991554,0.0
2025-09-08 15:00:00,3361.379,-0.0004141157542781,0.0
2025-09-08 21:00:00,3353.888,0.0021267853905676,0.0
2025-09-08 22:00:00,3357.121,-0.0008617502913955,0.0
2025-09-08 23:00:00,3358.284,-0.0027564672910331,0.0
2025-09-09 09:00:00,3372.125,-0.0087105311932386,1.0
2025-09-09 10:00:00,3380.076,-0.0088412213216507,1.0
2025-09-09 11:00:00,3360.679,-0.0040113917455372,0.0
2025-09-09 13:00:00,3363.395,-0.0056136730892446,1.0
2025-09-09 14:00:00,3357.391,-0.0055861828425703,1.0
2025-09-09 15:00:00,3357.498,-0.0063359680333391,1.0
2025-09-09 21:00:00,3331.967,0.0014480935735557,0.0
2025-09-09 22:00:00,3337.786,0.000884118993848,0.0
2025-09-09 23:00:00,3337.851,0.0033093148855355,0.0
2025-09-10 09:00:00,3352.551,0.0061961771797058,1.0
2025-09-10 10:00:00,3359.555,0.0004182101498562,0.0
2025-09-10 11:00:00,3360.549,0.0037410554049353,0.0
2025-09-10 13:00:00,3354.049,0.0054259791672691,1.0
2025-09-10 14:00:00,3350.219,0.0058548411312812,1.0
2025-09-10 15:00:00,3351.834,0.0019386401593873,0.0
2025-09-10 21:00:00,3349.034,0.0028330557408493,0.0
2025-09-10 22:00:00,3359.987,0.0017925664593345,0.0
2025-09-10 23:00:00,3361.021,0.0004739631201351,0.0
2025-09-11 09:00:00,3354.228,0.0067362743379399,1.0
2025-09-11 10:00:00,3349.027,0.0081351986711363,1.0
2025-09-11 11:00:00,3342.752,0.009905610706388,1.0
2025-09-11 13:00:00,3350.192,0.0081804266740532,1.0
2025-09-11 14:00:00,3347.198,0.021168153183648,1.0
2025-09-11 15:00:00,3344.514,0.0222992040099099,1.0
2025-09-11 21:00:00,3338.636,0.0245965717736225,1.0
2025-09-11 22:00:00,3336.225,0.0220479733830902,1.0
2025-09-11 23:00:00,3336.792,0.0205113174570066,1.0
2025-09-12 09:00:00,3340.737,0.0192714960800565,1.0
2025-09-12 10:00:00,3348.897,0.0180578859248284,1.0
2025-09-12 11:00:00,3373.324,0.0106684089639773,1.0
2025-09-12 13:00:00,3360.96,0.014202787298867,1.0
2025-09-12 14:00:00,3373.121,0.0054409551273138,1.0
2025-09-12 15:00:00,3372.248,0.0060105306608528,1.0
2025-09-12 21:00:00,3369.834,0.0069231896882755,1.0
2025-09-12 22:00:00,3358.332,0.0077538492322974,1.0
2025-09-12 23:00:00,3358.522,0.0089295231652495,1.0
2025-09-15 09:00:00,3366.01,0.0072792415946476,1.0
2025-09-15 10:00:00,3362.614,0.0091321810948268,1.0
2025-09-15 11:00:00,3376.823,0.0055134663558024,1.0
2025-09-15 13:00:00,3376.272,0.0061775236118416,1.0
2025-09-15 14:00:00,3375.864,0.0066537040591682,1.0
2025-09-15 15:00:00,3377.598,0.0059059722323378,1.0
2025-09-15 21:00:00,3418.052,-0.0061388767637239,1.0
2025-09-15 22:00:00,3419.094,-0.0078813276265584,1.0
2025-09-15 23:00:00,3420.755,-0.0147751008183865,1.0
2025-09-16 09:00:00,3409.782,-0.0134457276154311,1.0
2025-09-16 10:00:00,3405.234,-0.0132293404799787,1.0
2025-09-16 11:00:00,3405.118,-0.0124383354703125,1.0
2025-09-16 13:00:00,3409.371,-0.0136775962486922,1.0
2025-09-16 14:00:00,3409.312,-0.0137714002121249,1.0
2025-09-16 15:00:00,3408.695,-0.0149321074487451,1.0
2025-09-16 21:00:00,3391.474,-0.0101472103280167,1.0
2025-09-16 22:00:00,3392.517,-0.00879376580869,1.0
2025-09-16 23:00:00,3393.164,-0.007147016766652,1.0
2025-09-17 09:00:00,3384.372,-0.0042982863585917,0.0
2025-09-17 10:00:00,3388.512,-0.0043795034516626,0.0
2025-09-17 11:00:00,3390.512,-0.0039350988877196,0.0
2025-09-17 13:00:00,3393.322,-0.0028452943752464,0.0
2025-09-17 14:00:00,3395.441,-0.0001251678353414,0.0
2025-09-17 15:00:00,3397.129,-0.0016190141734388,0.0
2025-09-17 21:00:00,3398.326,-0.0020068704415056,0.0
2025-09-17 22:00:00,3397.546,0.0002151552914957,0.0
2025-09-17 23:00:00,3397.069,-0.0023652742996977,0.0
2025-09-18 09:00:00,3392.147,-0.0015473975626645,0.0
2025-09-18 10:00:00,3370.213,0.004954582989265,0.0
2025-09-18 11:00:00,3363.935,0.0070319432450389,1.0
2025-09-18 13:00:00,3360.185,0.0082552002345109,1.0
2025-09-18 14:00:00,3362.764,0.0018321238124352,0.0
2025-09-18 15:00:00,3362.739,0.0013102414430617,0.0
2025-09-18 21:00:00,3362.361,0.0014579041334348,0.0
2025-09-18 22:00:00,3357.796,0.0035734749818036,0.0
2025-09-18 23:00:00,3357.06,-0.0009439807450566,0.0
2025-09-19 09:00:00,3362.684,-0.0035596565124764,0.0
2025-09-19 10:00:00,3368.913,-0.0069847455247434,1.0
2025-09-19 11:00:00,3369.825,-0.0060988330254537,1.0
2025-09-19 13:00:00,3373.672,-0.0071121318255005,1.0
2025-09-19 14:00:00,3377.17,-0.0072904236387271,1.0
2025-09-19 15:00:00,3383.667,-0.0098405073548904,1.0
2025-09-19 21:00:00,3395.016,-0.0134771087971308,1.0
2025-09-19 22:00:00,3391.629,-0.0110144712172233,1.0
2025-09-19 23:00:00,3391.506,-0.0098151086862296,1.0
2025-09-22 09:00:00,3398.277,-0.0117224110924448,1.0
2025-09-22 10:00:00,3389.034,-0.0072283134368083,1.0
2025-09-22 11:00:00,3386.898,-0.0062077452583455,1.0
2025-09-22 13:00:00,3386.911,-0.0058510542497278,1.0
2025-09-22 14:00:00,3387.59,-0.0058191811878061,1.0
2025-09-22 15:00:00,3387.924,-0.0078106828842677,1.0
2025-09-22 21:00:00,3368.925,-0.0018302574263304,0.0
2025-09-22 22:00:00,3367.145,-0.0032062771279525,0.0
2025-09-22 23:00:00,3367.263,3.563725197637068e-06,0.0
2025-09-23 09:00:00,3369.795,0.0002614402359787,0.0
2025-09-23 10:00:00,3353.891,0.0041238668758168,0.0
2025-09-23 11:00:00,3350.714,0.0054597318661037,1.0
2025-09-23 13:00:00,3345.382,0.0069749882076246,1.0
2025-09-23 14:00:00,3349.273,0.0008348080314742,0.0
2025-09-23 15:00:00,3349.678,0.0012517621096715,0.0
2025-09-23 21:00:00,3352.549,0.0004393671800173,0.0
2025-09-23 22:00:00,3350.37,-0.00348886839364,0.0
2025-09-23 23:00:00,3349.261,-0.0009234873006313,0.0
2025-09-24 09:00:00,3354.272,-0.0043502733230936,0.0
2025-09-24 10:00:00,3358.218,-0.0048222003455403,0.0
2025-09-24 11:00:00,3358.441,-0.0090771283461581,1.0
2025-09-24 13:00:00,3364.537,-0.0115088643697482,1.0
2025-09-24 14:00:00,3365.873,-0.0134009809639282,1.0
2025-09-24 15:00:00,3367.094,-0.0166957025850777,1.0
2025-09-24 21:00:00,3367.877,-0.0171591777253147,1.0
2025-09-24 22:00:00,3361.462,-0.0149217810583609,1.0
2025-09-24 23:00:00,3362.759,-0.0166196863944159,1.0
2025-09-25 09:00:00,3356.349,-0.0141868440975595,1.0
2025-09-25 10:00:00,3367.275,-0.0157931858847288,1.0
2025-09-25 11:00:00,3370.676,-0.0206955518714939,1.0
2025-09-25 13:00:00,3367.722,-0.0201884241038898,1.0
2025-09-25 14:00:00,3369.008,-0.0198473853431039,1.0
2025-09-25 15:00:00,3368.716,-0.0213291948623748,1.0
2025-09-25 21:00:00,3352.069,-0.0162255013247042,1.0
2025-09-25 22:00:00,3353.871,-0.0201784743658894,1.0
2025-09-25 23:00:00,3354.022,-0.0240490372454325,1.0
2025-09-26 09:00:00,3338.681,-0.0211619498838014,1.0
2025-09-26 10:00:00,3346.168,-0.0235430498408926,1.0
2025-09-26 11:00:00,3339.68,-0.0233145091745316,1.0
2025-09-26 13:00:00,3342.024,-0.0242029979437609,1.0
2025-09-26 14:00:00,3327.956,-0.0152493001710359,1.0
2025-09-26 15:00:00,3325.815,-0.014401282091758,1.0
2025-09-26 21:00:00,3320.767,-0.0155123801218212,1.0
2025-09-26 22:00:00,3310.878,-0.0091785320993404,1.0
2025-09-26 23:00:00,3310.087,-0.0064448457094934,1.0
2025-09-29 09:00:00,3311.303,-0.0064944222863326,1.0
2025-09-29 10:00:00,3306.871,-0.0012353067295337,0.0
2025-09-29 11:00:00,3308.733,-0.0029482584421287,0.0
2025-09-29 13:00:00,3314.095,-0.0045656506527422,0.0
2025-09-29 14:00:00,3300.918,-0.0029443324553957,0.0
2025-09-29 15:00:00,3299.733,-0.003469674667617,0.0
2025-09-29 21:00:00,3302.142,-0.0038793001633485,0.0
2025-09-29 22:00:00,3296.864,-0.0016382234753996,0.0
2025-09-29 23:00:00,3297.68,-0.0029930132699351,0.0
2025-09-30 09:00:00,3286.195,0.0009978105377191,0.0
2025-09-30 10:00:00,3273.361,0.0033283832733389,0.0
2025-09-30 11:00:00,3268.028,0.0052955482633563,1.0
2025-09-30 13:00:00,3267.389,0.0057021064831888,1.0
2025-09-30 14:00:00,3261.817,0.000170763718504,0.0
2025-09-30 15:00:00,3261.137,0.0004351243140045,0.0
2025-10-09 09:00:00,3277.207,-0.0066510903949613,1.0
2025-10-09 10:00:00,3277.919,-0.0041898533795374,0.0
2025-10-09 11:00:00,3269.254,-0.0010647689044655,0.0
2025-10-09 13:00:00,3280.489,-0.0044374481975096,0.0
2025-10-09 14:00:00,3288.754,-0.0085634255404934,1.0
2025-10-09 15:00:00,3289.798,-0.011289750920877,1.0
2025-10-09 21:00:00,3302.786,-0.0151947477069358,1.0
2025-10-09 22:00:00,3298.978,-0.0178403735944889,1.0
2025-10-09 23:00:00,3298.964,-0.0206840693017565,1.0
2025-10-10 09:00:00,3291.199,-0.018108901953361,1.0
2025-10-10 10:00:00,3288.284,-0.0168391781245173,1.0
2025-10-10 11:00:00,3289.332,-0.0138645171724836,1.0
2025-10-10 13:00:00,3291.463,-0.0145117839696209,1.0
2025-10-10 14:00:00,3287.81,-0.0143615354901894,1.0
2025-10-10 15:00:00,3289.474,-0.0156967344931134,1.0
2025-10-10 21:00:00,3284.256,-0.0131670612765873,1.0
2025-10-10 22:00:00,3285.334,-0.0128531832684286,1.0
2025-10-10 23:00:00,3286.02,-0.0168973408561116,1.0
2025-10-13 09:00:00,3262.374,-0.0141206986078236,1.0
2025-10-13 10:00:00,3262.556,-0.0135206874609968,1.0
2025-10-13 11:00:00,3255.41,-0.0125852043214218,1.0
2025-10-13 13:00:00,3264.185,-0.0147736724480996,1.0
2025-10-13 14:00:00,3265.773,-0.0200108825689967,1.0
2025-10-13 15:00:00,3265.932,-0.0206703630081703,1.0
2025-10-13 21:00:00,3260.591,-0.019301102162154,1.0
2025-10-13 22:00:00,3252.657,-0.0126358235743886,1.0
2025-10-13 23:00:00,3252.601,-0.0109496984105951,1.0
2025-10-14 09:00:00,3240.123,-0.0120066429576902,1.0
2025-10-14 10:00:00,3230.728,-0.0040325276532101,0.0
2025-10-14 11:00:00,3231.599,-0.0030888733410302,0.0
2025-10-14 13:00:00,3232.912,-0.0034823094473341,0.0
2025-10-14 14:00:00,3243.727,-0.0059009281607237,1.0
2025-10-14 15:00:00,3243.698,-0.0057970871517632,1.0
2025-10-14 21:00:00,3240.592,-0.0049160770624626,0.0
2025-10-14 22:00:00,3237.84,-0.001939255800163,0.0
2025-10-14 23:00:00,3241.012,-0.0043338315316327,0.0
2025-10-15 09:00:00,3243.107,-0.0082997569922916,1.0
2025-10-15 10:00:00,3230.495,-0.0050688826325377,1.0
2025-10-15 11:00:00,3216.307,-0.0012719556932842,0.0
2025-10-15 13:00:00,3218.444,-0.0033885939913821,0.0
2025-10-15 14:00:00,3214.44,0.0061360610246264,1.0
2025-10-15 15:00:00,3215.961,0.0044067698582165,0.0
2025-10-15 21:00:00,3200.422,0.0096512272444071,1.0
2025-10-15 22:00:00,3198.424,0.0108681650712976,1.0
2025-10-15 23:00:00,3197.658,0.0079129788113675,1.0
2025-10-16 09:00:00,3211.557,0.0038327203907637,0.0
2025-10-16 10:00:00,3216.986,0.00118837943342,0.0
2025-10-16 11:00:00,3201.22,0.005953667664203,1.0
2025-10-16 13:00:00,3217.7,0.0002069801410946,0.0
2025-10-16 14:00:00,3221.617,-0.0017851283998067,0.0
2025-10-16 15:00:00,3221.654,-0.000952926664378,0.0
2025-10-16 21:00:00,3224.586,-0.0020802670482349,0.0
2025-10-16 22:00:00,3224.894,-0.0013339973344859,0.0
2025-10-16 23:00:00,3224.661,0.0007824078251946,0.0
2025-10-17 09:00:00,3231.561,0.0016954654422428,0.0
2025-10-17 10:00:00,3226.966,0.0034682732944815,0.0
2025-10-17 11:00:00,3216.19,0.0010689666966193,0.0
2025-10-17 13:00:00,3214.12,0.0025251079611215,0.0
2025-10-17 14:00:00,3212.216,0.006014539495476,1.0
2025-10-17 15:00:00,3207.538,0.0062524590511475,1.0
2025-10-17 21:00:00,3234.164,-0.0019801098521905,0.0
2025-10-17 22:00:00,3230.133,0.0022958806959342,0.0
2025-10-17 23:00:00,3231.31,0.0034119289080899,0.0
2025-10-20 09:00:00,3233.185,0.0024700102221183,0.0
2025-10-20 10:00:00,3222.961,0.0063056921880222,1.0
2025-10-20 11:00:00,3223.866,0.0078753273243987,1.0
2025-10-20 13:00:00,3220.809,0.0089226029857715,1.0
2025-10-20 14:00:00,3220.279,0.0065037842994349,1.0
2025-10-20 15:00:00,3218.366,0.0082165918978761,1.0
2025-10-20 21:00:00,3215.866,0.0087174030261211,1.0
2025-10-20 22:00:00,3218.584,0.0068213226686022,1.0
2025-10-20 23:00:00,3217.878,0.0117664498156859,1.0
2025-10-21 09:00:00,3220.592,0.0119751275541887,1.0
2025-10-21 10:00:00,3227.184,0.0095696433794911,1.0
2025-10-21 11:00:00,3237.04,0.0067203370980895,1.0
2025-10-21 13:00:00,3238.158,0.0065290205110437,1.0
2025-10-21 14:00:00,3219.628,0.0128524164903521,1.0
2025-10-21 15:00:00,3222.236,0.0128550484818616,1.0
2025-10-21 21:00:00,3231.536,0.0094982695535497,1.0
2025-10-21 22:00:00,3227.593,0.0085648965033696,1.0
2025-10-21 23:00:00,3227.76,0.0056351773366049,1.0
2025-10-22 09:00:00,3237.549,0.0053126609049005,1.0
2025-10-22 10:00:00,3242.335,0.0032516689361216,0.0
2025-10-22 11:00:00,3241.171,0.0036517665991705,0.0
2025-10-22 13:00:00,3243.284,0.002974454287691,0.0
2025-10-22 14:00:00,3249.255,0.0094994083259085,1.0
2025-10-22 15:00:00,3249.547,0.007532126785672,1.0
2025-10-22 21:00:00,3241.223,0.0101076044443717,1.0
2025-10-22 22:00:00,3244.81,0.0091290399129686,1.0
2025-10-22 23:00:00,3243.9,0.0096371651407255,1.0
2025-10-23 09:00:00,3240.539,0.0112768277129204,1.0
2025-10-23 10:00:00,3255.741,0.0068242529120098,1.0
2025-10-23 11:00:00,3259.159,0.0124725427633325,1.0
2025-10-23 13:00:00,3258.067,0.0133177126191695,1.0
2025-10-23 14:00:00,3258.794,0.0165137777963258,1.0
2025-10-23 15:00:00,3259.3,0.015355444420581,1.0
2025-10-23 21:00:00,3261.008,0.0146086731464627,1.0
2025-10-23 22:00:00,3263.658,0.0109389525495624,1.0
2025-10-23 23:00:00,3262.23,0.009531210245752,1.0
2025-10-24 09:00:00,3255.237,0.0143666958811293,1.0
2025-10-24 10:00:00,3245.949,0.0178782845941202,1.0
2025-10-24 11:00:00,3254.749,0.0169441637435022,1.0
2025-10-24 13:00:00,3252.878,0.016750090227792,1.0
2025-10-24 14:00:00,3253.007,0.0230217764671271,1.0
2025-10-24 15:00:00,3252.931,0.0231182278382172,1.0
2025-10-24 21:00:00,3280.121,0.0149101206937182,1.0
2025-10-24 22:00:00,3274.023,0.0161800940311047,1.0
2025-10-24 23:00:00,3273.984,0.0161436341778091,1.0
2025-10-27 09:00:00,3274.432,0.016415671481344,1.0
2025-10-27 10:00:00,3275.162,0.0184833605177392,1.0
2025-10-27 11:00:00,3277.082,0.0213979998059249,1.0
2025-10-27 13:00:00,3277.959,0.0210746992259513,1.0
2025-10-27 14:00:00,3299.809,0.0142126407922397,1.0
2025-10-27 15:00:00,3301.457,0.0144348389211187,1.0
2025-10-27 21:00:00,3312.609,0.0116210515638881,1.0
2025-10-27 22:00:00,3309.348,0.0088373903258285,1.0
2025-10-27 23:00:00,3308.647,0.0117600940807526,1.0
2025-10-28 09:00:00,3299.359,0.0122014609504452,1.0
2025-10-28 10:00:00,3293.323,0.0092572152807362,1.0
2025-10-28 11:00:00,3302.004,0.0051517199858025,1.0
2025-10-28 13:00:00,3303.981,0.0046631624092268,0.0
2025-10-28 14:00:00,3309.898,0.0011858371466431,0.0
2025-10-28 15:00:00,3307.364,0.0040678921340379,0.0
2025-10-28 21:00:00,3327.897,-0.0026827753382991,0.0
2025-10-28 22:00:00,3328.133,-0.0003524498570218,0.0
2025-10-28 23:00:00,3329.028,0.000575543371819,0.0
2025-10-29 09:00:00,3326.997,-0.0039576230456474,0.0
2025-10-29 10:00:00,3326.838,-0.0055533212016937,1.0
2025-10-29 11:00:00,3328.184,-0.0052046401280698,1.0
2025-10-29 13:00:00,3335.698,-0.0077084316385955,1.0
2025-10-29 14:00:00,3347.205,-0.0168427090662208,1.0
2025-10-29 15:00:00,3347.041,-0.0147802193041555,1.0
2025-10-29 21:00:00,3346.708,-0.0151288968144218,1.0
2025-10-29 22:00:00,3349.113,-0.0110148567695386,1.0
2025-10-29 23:00:00,3351.105,-0.0168269869192401,1.0
2025-10-30 09:00:00,3338.594,-0.0127086432192713,1.0
2025-10-30 10:00:00,3347.557,-0.0153063861197881,1.0
2025-10-30 11:00:00,3339.616,-0.0135311964010233,1.0
2025-10-30 13:00:00,3323.81,-0.008283867008042,1.0
2025-10-30 14:00:00,3319.015,-0.0070448612012901,1.0
2025-10-30 15:00:00,3319.388,-0.0062478384569685,1.0
2025-10-30 21:00:00,3313.823,-0.0047576469835594,0.0
2025-10-30 22:00:00,3320.818,-0.0099056919108486,1.0
2025-10-30 23:00:00,3318.969,-0.0100368518054853,1.0
2025-10-31 09:00:00,3326.96,-0.014180212566427,1.0
2025-10-31 10:00:00,3330.944,-0.0175595867117549,1.0
2025-10-31 11:00:00,3313.83,-0.0137955175733214,1.0
2025-10-31 13:00:00,3308.363,-0.0127682482242727,1.0
2025-10-31 14:00:00,3310.862,-0.0178675523171911,1.0
2025-10-31 15:00:00,3309.985,-0.0184327119307187,1.0
2025-10-31 21:00:00,3290.829,-0.0128393179955567,1.0
2025-10-31 22:00:00,3297.571,-0.0147884609611135,1.0
2025-10-31 23:00:00,3296.076,-0.0152444907216944,1.0
2025-11-03 09:00:00,3312.223,-0.0177536355492972,1.0
2025-11-03 10:00:00,3294.716,-0.0114950727164344,1.0
2025-11-03 11:00:00,3296.165,-0.0135706191892698,1.0
2025-11-03 13:00:00,3296.318,-0.0127991292102279,1.0
2025-11-03 14:00:00,3294.427,-0.0108313221085184,1.0
2025-11-03 15:00:00,3296.276,-0.01095630341634,1.0
2025-11-03 21:00:00,3295.633,-0.0107169093160555,1.0
2025-11-03 22:00:00,3298.649,-0.0133072660959076,1.0
2025-11-03 23:00:00,3298.057,-0.0092781901586297,1.0
2025-11-04 09:00:00,3287.923,-0.0059949700768539,1.0
2025-11-04 10:00:00,3285.657,-0.0104040074785652,1.0
2025-11-04 11:00:00,3279.783,-0.0067184322865262,1.0
2025-11-04 13:00:00,3272.454,-0.0044471213346315,0.0
2025-11-04 14:00:00,3268.114,-0.0026238374793534,0.0
2025-11-04 15:00:00,3266.121,-0.0036863300532956,0.0
2025-11-04 21:00:00,3251.705,0.0008666222796964,0.0
2025-11-04 22:00:00,3248.973,0.0015694190133313,0.0
2025-11-04 23:00:00,3248.577,0.0011694351095879,0.0
2025-11-05 09:00:00,3248.805,0.0003983002981097,0.0
2025-11-05 10:00:00,3245.829,-0.0025925580183059,0.0
2025-11-05 11:00:00,3253.419,-0.0015147142129556,0.0
2025-11-05 13:00:00,3256.843,-0.0031266474926792,0.0
2025-11-05 14:00:00,3251.434,-0.0041723128933265,0.0
2025-11-05 15:00:00,3254.128,-0.0048639758485222,0.0
2025-11-05 21:00:00,3258.744,-0.006150836027623,1.0
2025-11-05 22:00:00,3260.161,-0.0073116020957247,1.0
2025-11-05 23:00:00,3260.314,-0.0052240367032131,1.0
2025-11-06 09:00:00,3254.753,-0.0036881446917785,0.0
2025-11-06 10:00:00,3267.457,-0.0052524027095076,1.0
2025-11-06 11:00:00,3268.212,-0.0042093352573211,0.0
2025-11-06 13:00:00,3251.473,0.0010078509032675,0.0
2025-11-06 14:00:00,3257.748,-0.0019117500801167,0.0
2025-11-06 15:00:00,3257.901,-0.0012231802009943,0.0
2025-11-06 21:00:00,3259.539,-0.0018919853390311,0.0
2025-11-06 22:00:00,3254.081,-0.0008331077191994,0.0
2025-11-06 23:00:00,3254.523,-0.0016165195329699,0.0
2025-11-07 09:00:00,3254.072,-0.001083565452762,0.0
2025-11-07 10:00:00,3252.376,-0.0013974399023975,0.0
2025-11-07 11:00:00,3250.099,-0.0014519557711934,0.0
2025-11-07 13:00:00,3237.414,0.0022011395515061,0.0
2025-11-07 14:00:00,3248.491,0.0048142352864761,0.0
2025-11-07 15:00:00,3246.66,0.0048548354308736,0.0
2025-11-07 21:00:00,3237.868,0.0076998197579394,1.0
2025-11-07 22:00:00,3238.3,0.0074502053546613,1.0
2025-11-07 23:00:00,3238.7,0.0046493963627381,0.0
2025-11-10 09:00:00,3236.324,0.0057438624810123,1.0
2025-11-10 10:00:00,3243.282,0.0041569003250411,0.0
2025-11-10 11:00:00,3242.749,0.0049797255353405,0.0
2025-11-10 13:00:00,3250.295,0.0023388646261338,0.0
2025-11-10 14:00:00,3254.455,-0.0004492303626874,0.0
2025-11-10 15:00:00,3254.75,-0.0011472463322835,0.0
2025-11-10 21:00:00,3251.52,0.0005188342682806,0.0
2025-11-10 22:00:00,3253.916,0.001768638157838,0.0
2025-11-10 23:00:00,3253.372,0.0040837629388831,0.0
2025-11-11 09:00:00,3251.37,0.0039447986541058,0.0
2025-11-11 10:00:00,3249.262,0.0032068820550634,0.0
2025-11-11 11:00:00,3250.546,0.001983974384611,0.0
2025-11-11 13:00:00,3247.831,0.0026762476249533,0.0
2025-11-11 14:00:00,3245.38,0.0042635993319734,0.0
2025-11-11 15:00:00,3244.54,0.002682660716157,0.0
2025-11-11 21:00:00,3264.13,-0.0031297773066636,0.0
2025-11-11 22:00:00,3262.422,-0.0016521467792946,0.0
2025-11-11 23:00:00,3262.799,-0.0048170297955835,0.0
2025-11-12 09:00:00,3262.426,-0.0034293498151376,0.0
2025-11-12 10:00:00,3253.758,0.001161733601577,0.0
2025-11-12 11:00:00,3254.913,0.0011662370084852,0.0
2025-11-12 13:00:00,3256.764,0.0006494176427889,0.0
2025-11-12 14:00:00,3258.897,-0.0024897994628243,0.0
2025-11-12 15:00:00,3257.897,-0.0004017929357495,0.0
2025-11-12 21:00:00,3252.993,0.000740548780769,0.0
2025-11-12 22:00:00,3251.016,0.0093435406039218,1.0
2025-11-12 23:00:00,3253.207,0.0104005063311372,1.0
2025-11-13 09:00:00,3259.671,0.0085017782469458,1.0
2025-11-13 10:00:00,3266.658,0.0113323770042655,1.0
2025-11-13 11:00:00,3264.196,0.0123139051699101,1.0
2025-11-13 13:00:00,3259.682,0.0135114406865455,1.0
2025-11-13 14:00:00,3256.995,0.0099376879608351,1.0
2025-11-13 15:00:00,3256.523,0.0085489953548615,1.0
2025-11-13 21:00:00,3259.217,0.0080672750541004,1.0
2025-11-13 22:00:00,3253.244,0.0085883505817577,1.0
2025-11-13 23:00:00,3253.914,0.0089937841012392,1.0
2025-11-14 09:00:00,3257.032,0.0068577772646998,1.0
2025-11-14 10:00:00,3247.082,0.0108626760888699,1.0
2025-11-14 11:00:00,3251.238,0.0112572503151108,1.0
2025-11-14 13:00:00,3257.538,0.0094120160685769,1.0
2025-11-14 14:00:00,3258.709,0.0075422506274724,1.0
2025-11-14 15:00:00,3258.879,0.0073206154631699,1.0
2025-11-14 21:00:00,3250.783,0.0099173030005386,1.0
2025-11-14 22:00:00,3256.588,0.0077231138848389,1.0
2025-11-14 23:00:00,3255.402,0.0132419897757635,1.0
2025-11-17 09:00:00,3281.392,0.0036094437970227,0.0
2025-11-17 10:00:00,3287.042,0.0017778902733825,0.0
2025-11-17 11:00:00,3287.384,-0.0028311265127529,0.0
2025-11-17 13:00:00,3303.677,-0.0077198830273057,1.0
2025-11-17 14:00:00,3304.391,-0.0081809325833413,1.0
2025-11-17 15:00:00,3303.725,-0.0084144412746218,1.0
2025-11-17 21:00:00,3289.362,-0.0043266748992661,0.0
2025-11-17 22:00:00,3284.363,-0.0039590629902966,0.0
2025-11-17 23:00:00,3285.51,-0.0080243249906407,1.0
2025-11-18 09:00:00,3281.184,0.0003440831114621,0.0
2025-11-18 10:00:00,3283.179,-0.0036757057717535,0.0
2025-11-18 11:00:00,3279.368,-0.0030042374018408,0.0
2025-11-18 13:00:00,3282.354,-0.0041546402368543,0.0
2025-11-18 14:00:00,3287.838,-0.0012260336427769,0.0
2025-11-18 15:00:00,3288.198,-0.0013399436408634,0.0
2025-11-18 21:00:00,3283.287,0.0001726927923145,0.0
2025-11-18 22:00:00,3282.736,-0.0030389285035408,0.0
2025-11-18 23:00:00,3283.022,-0.0043362487366822,0.0
2025-11-19 09:00:00,3281.739,-0.0024398649618388,0.0
2025-11-19 10:00:00,3298.51,-0.0065490175867286,1.0
2025-11-19 11:00:00,3293.236,-0.0069442335745144,1.0
2025-11-19 13:00:00,3292.886,-0.0064241519445252,1.0
2025-11-19 14:00:00,3278.077,-0.0038363955453151,0.0
2025-11-19 15:00:00,3278.173,-0.0025328132468908,0.0
2025-11-19 21:00:00,3277.358,-0.0022463215797603,0.0
2025-11-19 22:00:00,3275.926,0.001873668697034,0.0
2025-11-19 23:00:00,3275.13,0.0049060647974278,0.0
2025-11-20 09:00:00,3271.36,0.005908551794972,1.0
2025-11-20 10:00:00,3259.146,0.011831320229287,1.0
2025-11-20 11:00:00,3282.313,0.0028869885352189,0.0
2025-11-20 13:00:00,3271.111,0.0070532611091461,1.0
2025-11-20 14:00:00,3269.516,0.006913255662306,1.0
2025-11-20 15:00:00,3268.717,0.0077791989945901,1.0
2025-11-20 21:00:00,3283.807,0.0031518295685466,0.0
2025-11-20 22:00:00,3283.792,0.0069023860220136,1.0
2025-11-20 23:00:00,3283.854,0.0079805618641999,1.0
2025-11-21 09:00:00,3272.76,0.0114392744961438,1.0
2025-11-21 10:00:00,3268.786,0.0119726406072468,1.0
2025-11-21 11:00:00,3273.732,0.0095667574499073,1.0
2025-11-21 13:00:00,3276.908,0.0088818483765793,1.0
2025-11-21 14:00:00,3270.367,0.0093362610373697,1.0
2025-11-21 15:00:00,3271.732,0.0074410128946992,1.0
2025-11-21 21:00:00,3265.501,0.0091505101361168,1.0
2025-11-21 22:00:00,3269.87,0.0075810353316799,1.0
2025-11-21 23:00:00,3269.996,0.0087636192827146,1.0
2025-11-24 09:00:00,3282.064,0.0058259071121099,1.0
2025-11-24 10:00:00,3291.198,0.0039854788438739,0.0
2025-11-24 11:00:00,3290.689,0.0030239867699439,0.0
2025-11-24 13:00:00,3297.706,0.000979468757979,0.0
2025-11-24 14:00:00,3291.789,0.0001619180330209,0.0
2025-11-24 15:00:00,3294.183,-0.002886299880729,0.0
2025-11-24 21:00:00,3292.119,-0.0022626764099353,0.0
2025-11-24 22:00:00,3294.145,-0.0025263004512552,0.0
2025-11-24 23:00:00,3294.157,-0.0010202913825905,0.0
2025-11-25 09:00:00,3306.458,-0.0043820305595897,0.0
2025-11-25 10:00:00,3310.061,-0.0056751219992623,1.0
2025-11-25 11:00:00,3310.198,-0.0068216463184376,1.0
2025-11-25 13:00:00,3307.922,-0.0063402341409501,1.0
2025-11-25 14:00:00,3305.051,-0.0072010991660944,1.0
2025-11-25 15:00:00,3306.013,-0.007279160729253,1.0
2025-11-25 21:00:00,3300.9,-0.0059305038019934,1.0
2025-11-25 22:00:00,3296.077,-0.0044771405522383,0.0
2025-11-25 23:00:00,3295.382,-0.002612443716692,0.0
2025-11-26 09:00:00,3294.659,-0.0007952264559093,0.0
2025-11-26 10:00:00,3298.653,-0.0017570808448175,0.0
2025-11-26 11:00:00,3301.185,-0.0021404435074071,0.0
2025-11-26 13:00:00,3304.315,-0.0029748979743153,0.0
2025-11-26 14:00:00,3300.64,-0.0020335450094527,0.0
2025-11-26 15:00:00,3300.936,0.0049258755698383,0.0
2025-11-26 21:00:00,3292.322,0.0071274923898694,1.0
2025-11-26 22:00:00,3284.675,0.0108004597106257,1.0
2025-11-26 23:00:00,3284.67,0.0109326051018823,1.0
2025-11-27 09:00:00,3285.823,0.0108758140654564,1.0
2025-11-27 10:00:00,3290.796,0.0078291088235187,1.0
2025-11-27 11:00:00,3291.969,0.0098995464416584,1.0
2025-11-27 13:00:00,3291.276,0.009871551337536,1.0
2025-11-27 14:00:00,3287.617,0.0119341760308453,1.0
2025-11-27 15:00:00,3286.949,0.0115264946307349,1.0
2025-11-27 21:00:00,3281.251,0.0134552339945952,1.0
2025-11-27 22:00:00,3281.948,0.0128832022932722,1.0
2025-11-27 23:00:00,3281.324,0.0152938265163695,1.0
2025-11-28 09:00:00,3281.32,0.0143570270500894,1.0
2025-11-28 10:00:00,3286.773,0.0125332659115795,1.0
2025-11-28 11:00:00,3292.039,0.0097878548826425,1.0
2025-11-28 13:00:00,3292.857,0.0095166598488789,1.0
2025-11-28 14:00:00,3294.119,0.0055923905602681,1.0
2025-11-28 15:00:00,3294.485,0.0066474729737728,1.0
2025-11-28 21:00:00,3293.928,0.0066215776422557,1.0
2025-11-28 22:00:00,3317.196,0.002517789120691,0.0
2025-11-28 23:00:00,3315.788,0.0027429377270198,0.0
2025-12-01 09:00:00,3320.151,0.0008240589057546,0.0
2025-12-01 10:00:00,3320.58,0.0011404634130182,0.0
2025-12-01 11:00:00,3321.559,0.0001893689077929,0.0
2025-12-01 13:00:00,3316.56,0.0017876956846853,0.0
2025-12-01 14:00:00,3324.558,-0.0044345744607252,0.0
2025-12-01 15:00:00,3323.766,-0.0030630916857564,0.0
2025-12-01 21:00:00,3326.852,-0.004297756557851,0.0
2025-12-01 22:00:00,3324.836,-0.0020497251593761,0.0
2025-12-01 23:00:00,3325.401,-0.0029403972633675,0.0
2025-12-02 09:00:00,3324.23,-0.0005835937946532,0.0
2025-12-02 10:00:00,3331.508,-0.0042698381633782,0.0
2025-12-02 11:00:00,3328.43,-4.957292176790968e-05,0.0
2025-12-02 13:00:00,3327.967,0.0002683319876669,0.0
2025-12-02 14:00:00,3324.261,-5.986292893369959e-05,0.0
2025-12-02 15:00:00,3324.194,0.001969800799833,0.0
2025-12-02 21:00:00,3312.541,0.0052234825168956,1.0
2025-12-02 22:00:00,3316.385,0.0014072551890084,0.0
2025-12-02 23:00:00,3315.739,0.0013064960782497,0.0
2025-12-03 09:00:00,3325.548,-0.0022119662684164,0.0
2025-12-03 10:00:00,3324.883,-0.0018087854519992,0.0
2025-12-03 11:00:00,3322.887,-0.0010773763898683,0.0
2025-12-03 13:00:00,3324.367,-0.0020803960573547,0.0
2025-12-03 14:00:00,3322.188,-0.0045379731670814,0.0
2025-12-03 15:00:00,3322.489,-0.0052493778007994,1.0
2025-12-03 21:00:00,3309.815,-0.0020182396901336,0.0
2025-12-03 22:00:00,3313.585,-0.006845757691443,1.0
2025-12-03 23:00:00,3312.554,-0.0075989704620664,1.0
2025-12-04 09:00:00,3318.021,-0.0098971646050463,1.0
2025-12-04 10:00:00,3315.623,-0.0087715038772502,1.0
2025-12-04 11:00:00,3322.29,-0.0092418181435095,1.0
2025-12-04 13:00:00,3317.283,-0.0080571962054488,1.0
2025-12-04 14:00:00,3328.265,-0.0117764060253614,1.0
2025-12-04 15:00:00,3328.86,-0.0148912841032665,1.0
2025-12-04 21:00:00,3324.062,-0.0142876396408971,1.0
2025-12-04 22:00:00,3330.742,-0.0207004925629185,1.0
2025-12-04 23:00:00,3329.844,-0.0218514741231121,1.0
2025-12-05 09:00:00,3321.052,-0.0217253448606044,1.0
2025-12-05 10:00:00,3320.071,-0.0208591924690766,1.0
2025-12-05 11:00:00,3318.192,-0.0186360524044419,1.0
2025-12-05 13:00:00,3318.869,-0.0196280720932341,1.0
2025-12-05 14:00:00,3319.307,-0.0205118116522513,1.0
2025-12-05 15:00:00,3317.451,-0.0186254446561532,1.0
2025-12-05 21:00:00,3307.112,-0.015420100679989,1.0
2025-12-05 22:00:00,3305.048,-0.011674868262125,1.0
2025-12-05 23:00:00,3303.135,-0.0057018559641069,1.0
2025-12-08 09:00:00,3290.901,-0.0019207505786408,0.0
2025-12-08 10:00:00,3287.382,0.0027024544150938,0.0
2025-12-08 11:00:00,3285.182,-0.0010309931078399,0.0
2025-12-08 13:00:00,3286.54,-0.0014839314294059,0.0
2025-12-08 14:00:00,3291.586,-0.0052859016899451,1.0
2025-12-08 15:00:00,3290.555,-0.0050417026914911,1.0
2025-12-08 21:00:00,3289.07,-0.0040482568020747,0.0
2025-12-08 22:00:00,3279.289,-0.0031775180534561,0.0
2025-12-08 23:00:00,3276.569,-0.0005841476251529,0.0
2025-12-09 09:00:00,3261.794,0.000572997559012,0.0
2025-12-09 10:00:00,3257.082,-0.0038801602170285,0.0
2025-12-09 11:00:00,3248.901,-0.0019658955443701,0.0
2025-12-09 13:00:00,3250.817,-0.0033323930568838,0.0
2025-12-09 14:00:00,3256.354,-0.0036660633334089,0.0
2025-12-09 15:00:00,3253.726,-0.0049324989258468,0.0
2025-12-09 21:00:00,3251.222,-0.0039665085927691,0.0
2025-12-09 22:00:00,3255.662,-0.0072974405819768,1.0
2025-12-09 23:00:00,3256.116,-0.0037636865517076,0.0
2025-12-10 09:00:00,3266.462,-0.0088012657119537,1.0
2025-12-10 10:00:00,3284.301,-0.0151925782685569,1.0
2025-12-10 11:00:00,3284.58,-0.015363303679618,1.0
2025-12-10 13:00:00,3296.266,-0.0189029040738824,1.0
2025-12-10 14:00:00,3281.795,-0.0181083827600443,1.0
2025-12-10 15:00:00,3281.663,-0.0160144414584922,1.0
2025-12-10 21:00:00,3274.187,-0.0128951095340614,1.0
2025-12-10 22:00:00,3273.965,-0.0104982796089756,1.0
2025-12-10 23:00:00,3275.755,-0.01118764987003,1.0
2025-12-11 09:00:00,3268.869,-0.0070504507828242,1.0
2025-12-11 10:00:00,3274.655,-0.0096834628380699,1.0
2025-12-11 11:00:00,3263.663,-0.0088063626667336,1.0
2025-12-11 13:00:00,3244.444,-0.0031669524886236,0.0
2025-12-11 14:00:00,3242.514,-0.0030143277715995,0.0
2025-12-11 15:00:00,3239.984,-0.0034617454901011,0.0
2025-12-11 21:00:00,3244.416,-0.0040013364500729,0.0
2025-12-11 22:00:00,3237.677,-0.0019575763734307,0.0
2025-12-11 23:00:00,3238.326,0.0065172561378934,1.0
2025-12-12 09:00:00,3231.904,0.0076911319148093,1.0
2025-12-12 10:00:00,3243.861,0.0010173062285961,0.0
2025-12-12 11:00:00,3237.713,0.002487867207501,0.0
2025-12-12 13:00:00,3234.404,0.003848622497375,0.0
2025-12-12 14:00:00,3234.118,0.0032463255824308,0.0
2025-12-12 15:00:00,3233.957,0.0023389302949916,0.0
2025-12-12 21:00:00,3222.367,0.0064049191169099,1.0
2025-12-12 22:00:00,3229.109,0.0033764732005021,0.0
2025-12-12 23:00:00,3231.966,0.0054326066548967,1.0
2025-12-15 09:00:00,3239.594,0.0027559008937539,0.0
2025-12-15 10:00:00,3239.107,0.0033811788249045,0.0
2025-12-15 11:00:00,3245.822,-0.0001401802070476,0.0
2025-12-15 13:00:00,3242.945,0.0011467971242188,0.0
2025-12-15 14:00:00,3234.922,0.0168588299810628,1.0
2025-12-15 15:00:00,3234.169,0.0159104239759889,1.0
2025-12-15 21:00:00,3232.74,0.0160365510372006,1.0
2025-12-15 22:00:00,3228.768,0.0142097543087642,1.0
2025-12-15 23:00:00,3231.434,0.0134633726079504,1.0
2025-12-16 09:00:00,3231.339,0.013598078072279,1.0
2025-12-16 10:00:00,3259.431,0.0047446931688384,0.0
2025-12-16 11:00:00,3256.761,0.0064186472387749,1.0
2025-12-16 13:00:00,3247.161,0.0095917633896193,1.0
2025-12-16 14:00:00,3245.768,0.0072589907843074,1.0
2025-12-16 15:00:00,3246.852,0.0074111785815922,1.0
2025-12-16 21:00:00,3244.617,0.0078468429401682,1.0
2025-12-16 22:00:00,3241.521,0.0094449488372896,1.0
2025-12-16 23:00:00,3243.006,0.0082765804318586,1.0
2025-12-17 09:00:00,3240.012,0.0083669443199592,1.0
2025-12-17 10:00:00,3249.524,0.0044037218989611,0.0
2025-12-17 11:00:00,3248.522,0.0062231377838906,1.0
2025-12-17 13:00:00,3250.059,0.0061666572822216,1.0
2025-12-17 14:00:00,3245.367,0.0066088057221263,1.0
2025-12-17 15:00:00,3246.664,0.0068343998639834,1.0
2025-12-17 21:00:00,3289.459,-0.0066746537956544,1.0
2025-12-17 22:00:00,3285.626,-0.0018036136797068,0.0
2025-12-17 23:00:00,3284.582,-0.0023975653523035,0.0
2025-12-18 09:00:00,3274.648,0.0010355311471645,0.0
2025-12-18 10:00:00,3274.94,0.0013212455800716,0.0
2025-12-18 11:00:00,3275.279,0.0012374518323476,0.0
2025-12-18 13:00:00,3274.896,0.0011212569803743,0.0
2025-12-18 14:00:00,3277.665,0.0031980083382529,0.0
2025-12-18 15:00:00,3278.307,0.0020876629308969,0.0
2025-12-18 21:00:00,3269.329,0.0049010056803704,0.0
2025-12-18 22:00:00,3270.915,0.0028083884784533,0.0
2025-12-18 23:00:00,3270.077,0.0023822069021616,0.0
2025-12-19 09:00:00,3272.137,0.0023217243043307,0.0
2025-12-19 10:00:00,3269.847,0.0022355786065831,0.0
2025-12-19 11:00:00,3267.121,0.0049401292452896,0.0
2025-12-19 13:00:00,3263.834,0.0054745431293381,1.0
2025-12-19 14:00:00,3268.738,0.0005032523255152,0.0
2025-12-19 15:00:00,3270.101,0.0005216964246669,0.0
2025-12-19 21:00:00,3266.815,0.0013187156297494,0.0
2025-12-19 22:00:00,3268.853,0.0040029331389328,0.0
2025-12-19 23:00:00,3267.503,0.0051390924507184,1.0
2025-12-22 09:00:00,3279.7,0.0035149556361863,0.0
2025-12-22 10:00:00,3276.707,0.0041148018422154,0.0
2025-12-22 11:00:00,3278.039,0.0025207143661194,0.0
2025-12-22 13:00:00,3279.267,0.0022404397080201,0.0
2025-12-22 14:00:00,3279.332,0.0012725152561558,0.0
2025-12-22 15:00:00,3278.568,0.0020115489445391,0.0
2025-12-22 21:00:00,3288.147,-0.0011465424143141,0.0
2025-12-22 22:00:00,3285.151,0.0015469608550719,0.0
2025-12-22 23:00:00,3285.352,0.0011055131991945,0.0
2025-12-23 09:00:00,3280.101,0.0026794906620252,0.0
2025-12-23 10:00:00,3277.867,0.0022728194890152,0.0
2025-12-23 11:00:00,3279.734,0.0008515934523958,0.0
2025-12-23 13:00:00,3277.157,0.0014579710401423,0.0
2025-12-23 14:00:00,3283.261,-0.0020397403678842,0.0
2025-12-23 15:00:00,3281.702,-0.0031227698310206,0.0
2025-12-23 21:00:00,3270.383,3.608140086356641e-05,0.0
2025-12-23 22:00:00,3271.807,-0.0043590590765285,0.0
2025-12-23 23:00:00,3271.123,-0.0025578371709043,0.0
2025-12-24 09:00:00,3281.938,-0.0059044381703737,1.0
2025-12-24 10:00:00,3284.295,-0.0045641454254262,0.0
2025-12-24 11:00:00,3291.228,-0.0016449787131126,0.0
2025-12-24 13:00:00,3290.19,-0.0016503606174718,0.0
2025-12-24 14:00:00,3286.302,0.0020262897323495,0.0
2025-12-24 15:00:00,3286.614,0.0017726450383282,0.0
2025-12-24 21:00:00,3283.505,0.0031582105098057,0.0
2025-12-24 22:00:00,3285.163,0.0013917117659002,0.0
2025-12-24 23:00:00,3284.377,0.0054981507908501,1.0
2025-12-25 09:00:00,3290.233,0.003764778968541,0.0
2025-12-25 10:00:00,3288.984,0.0039462034476301,0.0
2025-12-25 11:00:00,3288.89,-0.0005944254748562,0.0
2025-12-25 13:00:00,3285.317,0.0008200121936482,0.0
2025-12-25 14:00:00,3282.527,0.0020267921634764,0.0
2025-12-25 15:00:00,3281.935,0.0023836547646433,0.0
2025-12-25 21:00:00,3276.564,0.0040591302352098,0.0
2025-12-25 22:00:00,3271.454,0.0055580790682063,1.0
2025-12-25 23:00:00,3270.501,0.007253934488936,1.0
2025-12-26 09:00:00,3257.545,0.0103304789342894,1.0
2025-12-26 10:00:00,3262.756,0.0062021186996515,1.0
2025-12-26 11:00:00,3262.56,0.00625,1.0
2025-12-26 13:00:00,3269.305,0.0039274402357688,0.0
2025-12-26 14:00:00,3285.814,-0.0014005661915129,0.0
2025-12-26 15:00:00,3284.76,-0.0019815755184549,0.0
2025-12-26 21:00:00,3292.961,-0.0040319335698174,0.0
2025-12-26 22:00:00,3292.44,-0.00657111443185,1.0
2025-12-26 23:00:00,3293.875,-0.0075345907176198,1.0
2025-12-29 09:00:00,3289.735,-0.0070674385626805,1.0
2025-12-29 10:00:00,3302.435,-0.0100986090566505,1.0
2025-12-29 11:00:00,3302.62,-0.0098900267060697,1.0
2025-12-29 13:00:00,3301.963,-0.0101439658772676,1.0
2025-12-29 14:00:00,3286.935,,
2025-12-29 15:00:00,3288.011,,
2025-12-29 21:00:00,3289.18,,
2025-12-29 22:00:00,3289.758,,
2025-12-29 23:00:00,3289.864,,
2025-12-30 09:00:00,3289.637,,
2025-12-30 10:00:00,3294.225,,
2025-12-30 11:00:00,3291.197,,
2025-12-30 13:00:00,3282.992,,
2025-12-30 14:00:00,3282.951,,
2025-12-30 15:00:00,3282.145,,
2025-12-30 21:00:00,3281.212,,
2025-12-30 22:00:00,3278.251,,
2025-12-30 23:00:00,3279.684,,
2025-12-31 09:00:00,3270.805,,
2025-12-31 10:00:00,3269.057,,
2025-12-31 11:00:00,3266.485,,
2025-12-31 13:00:00,3269.085,,
2025-12-31 14:00:00,3269.957,,
2025-12-31 15:00:00,3268.468,,
