datetime,open,high,low,close,volume,future_return,trend_label
2022-01-04 09:00:00,4392.254,4467.048,4392.028,4465.958,206649.0,0.027827176162427088,1.0
2022-01-04 10:00:00,4466.094,4479.383,4443.1,4475.794,90846.0,0.03089284270008862,1.0
2022-01-04 11:00:00,4474.894,4482.281,4463.308,4468.056,36259.0,0.03374398172270009,1.0
2022-01-04 13:00:00,4467.367,4478.03,4458.301,4467.32,27656.0,0.03482826392557505,1.0
2022-01-04 14:00:00,4467.486,4486.271,4466.689,4480.116,53255.0,0.02800418560590852,1.0
2022-01-04 15:00:00,4480.931,4486.121,4479.851,4485.211,4170.0,0.02448290615536252,1.0
2022-01-04 21:00:00,4485.727,4510.449,4472.077,4505.529,102219.0,0.020067121973912395,1.0
2022-01-04 22:00:00,4506.105,4532.325,4506.079,4525.154,89372.0,0.018720467855900536,1.0
2022-01-04 23:00:00,4524.003,4527.509,4521.066,4523.679,1840.0,0.02548102993161098,1.0
2022-01-05 09:00:00,4523.973,4552.472,4511.352,4537.294,100177.0,0.026079641301621655,1.0
2022-01-05 10:00:00,4537.222,4550.241,4512.301,4549.257,60879.0,0.02418394915917044,1.0
2022-01-05 11:00:00,4549.135,4554.69,4534.668,4538.195,28997.0,0.026925021952560593,1.0
2022-01-05 13:00:00,4536.078,4548.344,4520.829,4534.618,47954.0,0.027682596417162312,1.0
2022-01-05 14:00:00,4534.576,4562.528,4534.523,4555.404,79347.0,0.019100611054474973,1.0
2022-01-05 15:00:00,4554.327,4557.388,4553.456,4555.481,2218.0,0.018697915763450642,1.0
2022-01-05 21:00:00,4551.211,4580.121,4551.211,4573.218,102224.0,0.014225431632605421,1.0
2022-01-05 22:00:00,4573.583,4588.934,4568.443,4568.561,53263.0,0.008704710301558857,1.0
2022-01-05 23:00:00,4568.476,4576.513,4568.081,4575.267,1140.0,0.007598463652503849,1.0
2022-01-06 09:00:00,4567.664,4568.853,4543.714,4556.565,68773.0,0.012844763544468311,1.0
2022-01-06 10:00:00,4556.5,4611.139,4555.703,4601.892,77447.0,0.004522487707229961,1.0
2022-01-06 11:00:00,4602.989,4615.405,4575.643,4590.233,53604.0,0.005535231000256293,1.0
2022-01-06 13:00:00,4590.707,4618.703,4590.707,4614.064,50956.0,0.00024295285024223645,0.0
2022-01-06 14:00:00,4614.877,4631.084,4607.818,4618.826,78228.0,0.003314478614262628,1.0
2022-01-06 15:00:00,4619.9,4624.899,4618.015,4622.909,3881.0,0.0012191457802869195,0.0
2022-01-06 21:00:00,4626.42,4636.159,4597.795,4605.578,96751.0,0.002044043114675239,0.0
2022-01-06 22:00:00,4606.493,4609.841,4594.656,4595.022,35095.0,0.011255441214427276,1.0
2022-01-06 23:00:00,4594.866,4601.021,4594.757,4595.942,1594.0,0.004360585925583953,1.0
2022-01-07 09:00:00,4596.02,4625.335,4592.763,4609.867,86163.0,0.0062949755383398765,1.0
2022-01-07 10:00:00,4609.291,4646.458,4609.221,4638.947,84739.0,0.002676469466023252,0.0
2022-01-07 11:00:00,4639.17,4660.83,4638.377,4655.625,52271.0,0.008390065780641632,1.0
2022-01-07 13:00:00,4656.234,4666.494,4649.571,4659.276,39687.0,0.00870864915493309,1.0
2022-01-07 14:00:00,4659.223,4666.348,4629.385,4660.386,74341.0,0.0067535178416550145,1.0
2022-01-07 15:00:00,4659.723,4663.845,4657.726,4660.148,4289.0,0.008437714853691323,1.0
2022-01-07 21:00:00,4651.128,4663.911,4639.572,4642.415,59943.0,0.011956923282386433,1.0
2022-01-07 22:00:00,4643.406,4655.989,4640.659,4640.659,26060.0,0.0189792010143387,1.0
2022-01-07 23:00:00,4640.817,4642.51,4637.451,4638.274,2466.0,0.018049386474365214,1.0
2022-01-10 09:00:00,4636.503,4660.876,4605.027,4608.329,153821.0,0.02581261016737313,1.0
2022-01-10 10:00:00,4609.213,4625.791,4601.848,4610.032,49632.0,0.02430243434318891,1.0
2022-01-10 11:00:00,4609.077,4624.078,4595.208,4615.093,38621.0,0.024900689975261577,1.0
2022-01-10 13:00:00,4615.063,4630.756,4610.799,4622.704,24685.0,0.02361950927422578,1.0
2022-01-10 14:00:00,4622.63,4630.074,4606.515,4615.641,49440.0,0.03971214399040144,1.0
2022-01-10 15:00:00,4614.972,4616.291,4613.311,4615.185,1764.0,0.04137255602971495,1.0
2022-01-10 21:00:00,4623.138,4641.472,4617.399,4634.135,84795.0,0.036594531665564305,1.0
2022-01-10 22:00:00,4633.426,4649.041,4626.808,4628.545,41759.0,0.03528992372332998,1.0
2022-01-10 23:00:00,4627.843,4628.63,4614.992,4614.992,4471.0,0.03532422158044905,1.0
2022-01-11 09:00:00,4615.583,4648.315,4607.595,4646.741,76935.0,0.02422213762290605,1.0
2022-01-11 10:00:00,4647.544,4647.544,4612.49,4615.983,50990.0,0.026136794697900735,1.0
2022-01-11 11:00:00,4616.026,4644.606,4613.167,4638.886,32875.0,0.017584394184293212,1.0
2022-01-11 13:00:00,4637.535,4652.15,4630.926,4651.363,34972.0,0.015383447819488628,1.0
2022-01-11 14:00:00,4652.466,4707.731,4645.004,4694.686,149297.0,0.011633578901762543,1.0
2022-01-11 15:00:00,4694.817,4700.639,4692.221,4699.852,4222.0,0.01504217579617399,1.0
2022-01-11 21:00:00,4694.899,4707.413,4683.443,4691.86,79875.0,0.017859441671320284,1.0
2022-01-11 22:00:00,4691.867,4708.227,4680.951,4699.469,34745.0,0.011252547894240884,1.0
2022-01-11 23:00:00,4698.652,4701.257,4697.54,4697.924,845.0,0.01378098070552018,1.0
2022-01-12 09:00:00,4701.036,4730.478,4687.961,4728.735,84946.0,0.0029788093433022237,0.0
2022-01-12 10:00:00,4729.526,4731.191,4710.604,4721.992,38457.0,0.00389454281159295,1.0
2022-01-12 11:00:00,4722.137,4730.234,4714.979,4727.282,22087.0,0.0055672583103779745,1.0
2022-01-12 13:00:00,4728.235,4729.903,4715.645,4722.067,36836.0,0.007554742446475236,1.0
2022-01-12 14:00:00,4721.809,4731.082,4707.748,4730.012,60070.0,-0.0020361470541722525,0.0
2022-01-12 15:00:00,4730.971,4735.258,4729.884,4731.89,5901.0,-0.0037101454175816626,-1.0
2022-01-12 21:00:00,4736.802,4805.429,4736.802,4798.938,189153.0,-0.01813526242681188,-1.0
2022-01-12 22:00:00,4798.011,4808.785,4776.976,4806.127,80892.0,-0.025309360322771396,-1.0
2022-01-12 23:00:00,4806.115,4807.143,4801.33,4803.719,1699.0,-0.03645425554658796,-1.0
2022-01-13 09:00:00,4802.371,4805.628,4780.108,4791.886,64871.0,-0.03261200287319025,-1.0
2022-01-13 10:00:00,4792.799,4799.134,4775.356,4778.013,32798.0,-0.028939644994687194,-1.0
2022-01-13 11:00:00,4778.189,4790.684,4750.563,4759.295,47889.0,-0.022624569395257,-1.0
2022-01-13 13:00:00,4757.374,4757.572,4731.018,4736.63,94269.0,-0.017418079942912935,-1.0
2022-01-13 14:00:00,4736.273,4750.335,4715.846,4720.458,81245.0,-0.012472942244163534,-1.0
2022-01-13 15:00:00,4720.598,4723.502,4719.524,4722.917,3101.0,-0.013114141112367802,-1.0
2022-01-13 21:00:00,4727.488,4750.511,4698.645,4749.302,111164.0,-0.018472188123644182,-1.0
2022-01-13 22:00:00,4748.642,4785.074,4745.064,4770.548,69757.0,-0.02590310379436495,-1.0
2022-01-13 23:00:00,4772.913,4775.717,4771.884,4775.654,1058.0,-0.02110307823808024,-1.0
2022-01-14 09:00:00,4772.718,4777.337,4741.993,4752.35,66205.0,-0.018810693656822506,-1.0
2022-01-14 10:00:00,4751.674,4770.467,4751.633,4762.666,27644.0,-0.01596164837089152,-1.0
2022-01-14 11:00:00,4762.666,4765.4,4730.447,4742.821,32855.0,-0.009378173875843146,-1.0
2022-01-14 13:00:00,4741.718,4761.659,4730.361,4740.382,34139.0,-0.009186390463890795,-1.0
2022-01-14 14:00:00,4741.021,4756.802,4730.975,4753.6,54736.0,0.011587218108380851,1.0
2022-01-14 15:00:00,4754.598,4758.121,4753.184,4757.741,2845.0,0.0131671732446133,1.0
2022-01-14 21:00:00,4757.147,4775.327,4701.592,4720.381,136763.0,0.022155203149915256,1.0
2022-01-14 22:00:00,4719.432,4728.664,4682.731,4714.334,67878.0,0.02281467541332466,1.0
2022-01-14 23:00:00,4714.946,4716.718,4709.441,4711.908,2424.0,0.02152970728630523,1.0
2022-01-17 09:00:00,4706.911,4716.025,4655.631,4684.487,113734.0,0.025102215034431805,1.0
2022-01-17 10:00:00,4683.579,4690.827,4621.378,4628.603,96534.0,0.03420470496173461,1.0
2022-01-17 11:00:00,4626.015,4637.321,4620.977,4635.613,41403.0,0.03372757820810321,1.0
2022-01-17 13:00:00,4636.541,4649.691,4632.207,4639.739,22830.0,0.035043134969445555,1.0
2022-01-17 14:00:00,4639.618,4656.899,4631.97,4651.618,37847.0,0.03136843997078,1.0
2022-01-17 15:00:00,4652.649,4655.284,4649.003,4654.127,1973.0,0.032346775238406546,1.0
2022-01-17 21:00:00,4654.265,4669.858,4637.119,4661.58,83253.0,0.031112627049197837,1.0
2022-01-17 22:00:00,4661.667,4670.573,4653.25,4660.98,26327.0,0.026345317937429485,1.0
2022-01-17 23:00:00,4661.026,4664.037,4659.25,4661.572,741.0,0.028071860737107452,1.0
2022-01-18 09:00:00,4659.446,4672.818,4639.549,4646.976,59855.0,0.030288514509220623,1.0
2022-01-18 10:00:00,4647.07,4676.943,4643.49,4674.873,39477.0,0.02667944134525151,1.0
2022-01-18 11:00:00,4675.032,4680.857,4652.211,4662.955,34220.0,0.030005650923073453,1.0
2022-01-18 13:00:00,4664.239,4688.975,4662.596,4686.646,38473.0,0.024906510967544822,1.0
2022-01-18 14:00:00,4687.685,4714.389,4686.821,4698.342,67374.0,0.024531845489323686,1.0
2022-01-18 15:00:00,4697.297,4698.247,4693.032,4696.835,1623.0,0.029386597570491692,1.0
2022-01-18 21:00:00,4719.497,4817.452,4719.497,4808.681,194118.0,0.005299374194295728,1.0
2022-01-18 22:00:00,4808.73,4842.963,4807.043,4820.387,96401.0,-0.0027894025936091673,0.0
2022-01-18 23:00:00,4821.265,4825.781,4819.541,4824.962,1747.0,-0.008613539339791774,-1.0
2022-01-19 09:00:00,4825.63,4844.528,4810.011,4821.89,101188.0,-0.005424014235082188,-1.0
2022-01-19 10:00:00,4820.923,4826.468,4796.413,4813.354,54527.0,0.0009710484622572905,0.0
2022-01-19 11:00:00,4813.181,4813.216,4790.834,4802.078,27355.0,0.0007871592256518418,0.0
2022-01-19 13:00:00,4800.621,4800.823,4772.335,4786.923,49417.0,0.004499132323624228,1.0
2022-01-19 14:00:00,4786.844,4812.064,4780.361,4791.961,53747.0,0.005040525162871639,1.0
2022-01-19 15:00:00,4791.95,4803.966,4791.862,4802.33,2137.0,0.0034849750017178906,1.0
2022-01-19 21:00:00,4803.442,4818.927,4785.349,4797.532,84610.0,0.004952129553278605,1.0
2022-01-19 22:00:00,4798.446,4814.545,4795.685,4804.673,35201.0,-0.002100663250131663,0.0
2022-01-19 23:00:00,4805.577,4806.8,4803.918,4806.614,789.0,-0.007278096389682897,-1.0
2022-01-20 09:00:00,4805.731,4808.519,4777.341,4783.775,67952.0,0.002635784500734332,0.0
2022-01-20 10:00:00,4782.737,4796.174,4771.666,4792.431,42268.0,0.006176197424647358,1.0
2022-01-20 11:00:00,4792.579,4800.964,4782.777,4787.726,21401.0,-0.005343664194651038,-1.0
2022-01-20 13:00:00,4788.681,4812.31,4785.177,4799.596,31751.0,-0.007751694100920146,-1.0
2022-01-20 14:00:00,4799.492,4831.829,4794.881,4802.87,76005.0,-0.008935074236862493,-1.0
2022-01-20 15:00:00,4801.742,4807.307,4801.618,4803.374,1585.0,-0.011435711647687518,-1.0
2022-01-20 21:00:00,4814.125,4816.355,4780.938,4813.601,64154.0,-0.013379172889485449,-1.0
2022-01-20 22:00:00,4814.296,4843.988,4811.765,4834.859,67920.0,-0.00905776156036827,-1.0
2022-01-20 23:00:00,4834.035,4836.684,4833.905,4834.164,706.0,-0.0063113291150236756,-1.0
2022-01-21 09:00:00,4829.712,4831.35,4779.581,4806.941,101822.0,0.0010880100255028038,0.0
2022-01-21 10:00:00,4807.021,4829.754,4778.507,4783.402,59703.0,0.008715972439698776,1.0
2022-01-21 11:00:00,4782.587,4796.554,4773.068,4795.736,38671.0,0.006207597749334083,1.0
2022-01-21 13:00:00,4792.465,4823.732,4783.294,4818.028,37463.0,0.0025064196389062124,0.0
2022-01-21 14:00:00,4818.722,4823.536,4794.339,4805.858,38793.0,0.0028448614170455246,0.0
2022-01-21 15:00:00,4806.547,4810.963,4805.681,4808.46,2380.0,-0.003257383860945181,-1.0
2022-01-21 21:00:00,4784.956,4828.383,4783.39,4816.115,72834.0,-0.009965293602831262,-1.0
2022-01-21 22:00:00,4817.038,4826.93,4801.485,4819.066,43883.0,-0.011301982583347095,-1.0
2022-01-21 23:00:00,4818.567,4822.197,4817.918,4821.29,1518.0,-0.004626770013834428,-1.0
2022-01-24 09:00:00,4830.3,4870.953,4786.347,4794.58,174277.0,-0.005131836365228981,-1.0
2022-01-24 10:00:00,4793.679,4801.682,4762.994,4771.631,70398.0,0.0011176471944288292,0.0
2022-01-24 11:00:00,4770.852,4798.739,4768.991,4796.384,24414.0,-0.001513223294882105,0.0
2022-01-24 13:00:00,4796.465,4824.825,4796.402,4822.03,34779.0,-0.006433182705209161,-1.0
2022-01-24 14:00:00,4821.998,4822.841,4753.411,4762.142,80306.0,0.002317234555374421,0.0
2022-01-24 15:00:00,4762.429,4765.287,4758.001,4762.391,3237.0,0.005609997163189783,1.0
2022-01-24 21:00:00,4772.12,4778.728,4751.503,4759.956,84210.0,0.00526244360241985,1.0
2022-01-24 22:00:00,4759.797,4769.146,4736.182,4748.444,55392.0,0.0041763154414370725,1.0
2022-01-24 23:00:00,4748.733,4752.172,4747.311,4749.199,955.0,0.003949297555229906,1.0
2022-01-25 09:00:00,4757.42,4793.971,4738.342,4791.066,71993.0,0.00678512882101808,1.0
2022-01-25 10:00:00,4790.284,4803.738,4789.199,4803.654,43768.0,0.010151855233536724,1.0
2022-01-25 11:00:00,4803.784,4814.635,4787.96,4812.171,31248.0,-0.005644437822346767,-1.0
2022-01-25 13:00:00,4814.114,4827.947,4805.73,4825.094,40140.0,-0.009019720652074287,-1.0
2022-01-25 14:00:00,4825.277,4831.843,4814.376,4825.506,51424.0,0.005030974989980334,1.0
2022-01-25 15:00:00,4826.463,4830.407,4825.322,4830.104,1627.0,0.007084526544355991,1.0
2022-01-25 21:00:00,4828.602,4845.268,4815.938,4819.53,103032.0,0.008984278549983129,1.0
2022-01-25 22:00:00,4819.634,4826.801,4790.967,4792.797,49616.0,0.017323496071292036,1.0
2022-01-25 23:00:00,4792.418,4793.701,4768.121,4768.121,7867.0,0.021099716219449918,1.0
2022-01-26 09:00:00,4781.389,4782.115,4739.627,4764.601,114411.0,0.02413045709388901,1.0
2022-01-26 10:00:00,4763.609,4799.863,4760.114,4798.983,33551.0,0.018405566346036132,1.0
2022-01-26 11:00:00,4799.911,4800.858,4769.975,4769.975,24619.0,0.029420489625207685,1.0
2022-01-26 13:00:00,4767.618,4784.46,4757.561,4776.964,30139.0,0.031127092437791076,1.0
2022-01-26 14:00:00,4777.185,4808.792,4776.302,4789.126,63719.0,0.02991360010156346,1.0
2022-01-26 15:00:00,4788.901,4791.009,4787.654,4791.009,1781.0,0.03404314206047195,1.0
2022-01-26 21:00:00,4788.8,4799.987,4757.349,4773.177,99685.0,0.04143089602585459,1.0
2022-01-26 22:00:00,4772.281,4790.243,4767.451,4789.108,29614.0,0.036574034246043344,1.0
2022-01-26 23:00:00,4789.124,4790.071,4780.745,4785.005,1373.0,0.03656777788110981,1.0
2022-01-27 09:00:00,4780.621,4794.497,4764.963,4768.275,57501.0,0.040678861852556904,1.0
2022-01-27 10:00:00,4769.039,4776.092,4751.6,4767.955,41280.0,0.05173454866918829,1.0
2022-01-27 11:00:00,4766.991,4823.599,4762.267,4823.574,49743.0,0.03845716889592659,1.0
2022-01-27 13:00:00,4822.436,4855.374,4822.436,4852.42,95506.0,0.033423528878373986,1.0
2022-01-27 14:00:00,4852.215,4855.903,4775.54,4785.009,124722.0,0.04724526118968646,1.0
2022-01-27 15:00:00,4784.312,4788.061,4779.626,4781.573,2680.0,0.05079730038629539,1.0
2022-01-27 21:00:00,4792.576,4879.839,4784.739,4849.783,162274.0,0.03757632042505821,1.0
2022-01-27 22:00:00,4850.735,4877.136,4846.974,4864.323,37941.0,0.03986042867630281,1.0
2022-01-27 23:00:00,4864.141,4865.868,4860.886,4862.83,1176.0,0.03457019883483494,1.0
2022-01-28 09:00:00,4862.143,4877.618,4851.304,4875.825,51562.0,0.03402808755441386,1.0
2022-01-28 10:00:00,4876.819,4882.285,4836.497,4868.727,49632.0,0.03866390536992518,1.0
2022-01-28 11:00:00,4868.016,4892.667,4866.937,4879.573,43617.0,0.03484751637079705,1.0
2022-01-28 13:00:00,4880.811,4897.352,4876.924,4887.311,27119.0,0.03344702229917441,1.0
2022-01-28 14:00:00,4886.3,4912.285,4858.131,4910.31,84803.0,0.02091212163794129,1.0
2022-01-28 15:00:00,4911.022,4925.657,4909.211,4925.657,5372.0,0.01900396231406287,1.0
2022-02-07 09:00:00,4968.053,4972.315,4904.112,4932.386,146329.0,0.01689324395941429,1.0
2022-02-07 10:00:00,4931.524,4956.823,4925.743,4954.11,39740.0,0.005335368007573651,1.0
2022-02-07 11:00:00,4953.428,4976.149,4943.717,4970.934,26993.0,-0.001836475801127093,0.0
2022-02-07 13:00:00,4972.227,4976.277,4957.271,4964.265,26945.0,-0.00027536805549264375,0.0
2022-02-07 14:00:00,4965.162,4970.535,4928.024,4959.982,50987.0,0.007698011807300871,1.0
2022-02-07 15:00:00,4959.99,4963.593,4959.431,4962.243,1430.0,0.005222235186789473,1.0
2022-02-07 21:00:00,4961.382,5015.457,4959.313,5014.623,99945.0,-0.005369296954127812,-1.0
2022-02-07 22:00:00,5013.894,5026.008,5003.729,5009.075,43000.0,-0.0001589115754903584,0.0
2022-02-07 23:00:00,5007.444,5014.611,5005.56,5014.605,1151.0,0.001388544062792712,0.0
2022-02-08 09:00:00,5014.592,5024.481,4992.211,5011.078,63578.0,0.0020332950315280255,0.0
2022-02-08 10:00:00,5011.444,5039.819,5008.534,5024.464,61960.0,0.007187831378630593,1.0
2022-02-08 11:00:00,5024.76,5044.448,5021.156,5032.02,33128.0,0.001773045417148495,0.0
2022-02-08 13:00:00,5031.956,5060.945,5019.426,5058.217,57490.0,-0.001564780633175675,0.0
2022-02-08 14:00:00,5058.317,5079.627,5012.169,5030.939,134208.0,0.015343656522171964,1.0
2022-02-08 15:00:00,5032.011,5041.911,5031.055,5041.74,2760.0,0.013882905504845668,1.0
2022-02-08 21:00:00,5042.682,5070.525,5008.07,5056.971,121301.0,0.010157859319343614,1.0
2022-02-08 22:00:00,5056.848,5067.559,5034.414,5049.614,43218.0,0.007561766107270813,1.0
2022-02-08 23:00:00,5049.309,5052.98,5045.96,5050.777,1356.0,0.009675343021479743,1.0
2022-02-09 09:00:00,5048.795,5063.883,5009.008,5012.995,112980.0,0.011987245149855635,1.0
2022-02-09 10:00:00,5013.614,5029.706,4997.217,5019.264,58271.0,0.01276601509703415,1.0
2022-02-09 11:00:00,5019.071,5028.896,5012.569,5015.71,21141.0,0.0030880971986019085,1.0
2022-02-09 13:00:00,5013.179,5013.674,4974.925,4980.542,67602.0,0.007279328233754318,1.0
2022-02-09 14:00:00,4979.691,4995.66,4941.814,4961.805,94098.0,-0.003317139629630899,-1.0
2022-02-09 15:00:00,4961.765,4963.74,4960.021,4962.898,2767.0,-0.0018336060906350208,0.0
2022-02-09 21:00:00,4965.601,5015.341,4948.916,4998.164,135651.0,-0.00944166698011506,-1.0
2022-02-09 22:00:00,4998.773,5002.891,4974.83,4988.157,38806.0,-0.000662569361790395,0.0
2022-02-09 23:00:00,4987.28,4988.346,4985.185,4987.698,772.0,0.00307476515218029,1.0
2022-02-10 09:00:00,4986.232,5009.375,4985.203,5008.279,55113.0,-0.0065653291280298705,-1.0
2022-02-10 10:00:00,5008.239,5023.243,4990.931,5021.568,40029.0,-0.013323527631210143,-1.0
2022-02-10 11:00:00,5023.285,5024.123,4999.37,5021.267,29381.0,-0.01949448216954002,-1.0
2022-02-10 13:00:00,5020.474,5063.253,5020.474,5060.579,72255.0,-0.030109005313423563,-1.0
2022-02-10 14:00:00,5061.662,5068.07,5031.379,5040.942,84925.0,-0.030032680399814167,-1.0
2022-02-10 15:00:00,5041.871,5052.33,5040.068,5050.302,2372.0,-0.03420706326077122,-1.0
2022-02-10 21:00:00,5092.947,5135.633,5082.756,5108.132,140516.0,-0.04549608349979986,-1.0
2022-02-10 22:00:00,5108.159,5122.01,5097.315,5111.734,38341.0,-0.04949592447494337,-1.0
2022-02-10 23:00:00,5110.873,5111.937,5107.378,5108.339,1043.0,-0.044036231737948524,-1.0
2022-02-11 09:00:00,5101.109,5108.248,5065.358,5087.798,99186.0,-0.04872422214875658,-1.0
2022-02-11 10:00:00,5088.755,5107.566,5087.855,5099.645,37416.0,-0.05982514469144429,-1.0
2022-02-11 11:00:00,5099.546,5099.637,5055.076,5073.087,46221.0,-0.04804037462791405,-1.0
2022-02-11 13:00:00,5061.633,5097.735,5056.394,5083.34,31311.0,-0.051540719290859904,-1.0
2022-02-11 14:00:00,5084.13,5088.716,5029.019,5031.199,83695.0,-0.03691545494423881,-1.0
2022-02-11 15:00:00,5030.642,5032.564,5015.046,5016.797,7219.0,-0.03603713684249119,-1.0
2022-02-11 21:00:00,5009.693,5009.693,4927.628,4945.346,203240.0,-0.020488354101007134,-1.0
2022-02-11 22:00:00,4947.098,4988.327,4947.098,4953.798,77406.0,-0.015794346075475866,-1.0
2022-02-11 23:00:00,4953.792,4955.721,4950.159,4950.973,2258.0,-0.012142461693893339,-1.0
2022-02-14 09:00:00,4960.4,4988.607,4940.566,4984.852,99818.0,-0.01922945756463778,-1.0
2022-02-14 10:00:00,4984.774,5004.901,4978.256,5003.034,44843.0,-0.02148716159034684,-1.0
2022-02-14 11:00:00,5003.355,5005.877,4972.301,4975.398,21824.0,-0.012852439141552076,-1.0
2022-02-14 13:00:00,4974.61,4974.681,4947.226,4954.663,36900.0,-0.008161604532941836,-1.0
2022-02-14 14:00:00,4954.683,4964.427,4891.86,4923.38,128523.0,-0.011921484833590016,-1.0
2022-02-14 15:00:00,4921.652,4922.467,4905.517,4908.21,3201.0,-0.012286352865912438,-1.0
2022-02-14 21:00:00,4910.446,4914.695,4858.573,4889.549,141089.0,-0.007652239501025589,-1.0
2022-02-14 22:00:00,4889.254,4891.334,4869.817,4877.546,36010.0,-0.006538738947823358,-1.0
2022-02-14 23:00:00,4878.124,4880.224,4872.095,4875.732,1262.0,-0.010971890989906766,-1.0
2022-02-15 09:00:00,4870.802,4884.564,4831.405,4858.724,119720.0,-0.005340290989980109,-1.0
2022-02-15 10:00:00,4858.102,4890.03,4844.194,4883.387,61987.0,-0.015314575723775191,-1.0
2022-02-15 11:00:00,4884.323,4894.289,4810.556,4839.899,92462.0,-0.00830699153019514,-1.0
2022-02-15 13:00:00,4833.646,4833.646,4770.027,4794.558,116549.0,0.00043027949604532926,0.0
2022-02-15 14:00:00,4795.44,4835.79,4784.533,4829.374,92180.0,-0.0031929604126746188,-1.0
2022-02-15 15:00:00,4829.147,4829.603,4819.739,4821.341,3005.0,-0.004208787555163671,-1.0
2022-02-15 21:00:00,4830.276,4877.085,4822.212,4845.47,159693.0,-0.00981617882269425,-1.0
2022-02-15 22:00:00,4845.426,4854.705,4830.209,4836.006,40565.0,0.0006110414255069012,0.0
2022-02-15 23:00:00,4835.992,4844.916,4835.803,4844.024,1438.0,0.003953531196377194,1.0
2022-02-16 09:00:00,4844.864,4878.416,4844.066,4875.556,74303.0,0.0008766179693147495,0.0
2022-02-16 10:00:00,4875.563,4892.775,4865.445,4890.856,43937.0,-0.006113449261233543,-1.0
2022-02-16 11:00:00,4890.712,4899.382,4881.634,4888.996,31446.0,-0.0038007803647211688,-1.0
2022-02-16 13:00:00,4888.476,4921.395,4888.476,4895.533,60606.0,-0.0038884427906011577,-1.0
2022-02-16 14:00:00,4895.667,4921.946,4893.883,4911.452,60466.0,-0.003919411204670228,-1.0
2022-02-16 15:00:00,4911.386,4915.408,4909.303,4914.225,2843.0,-0.0012803646556680598,0.0
2022-02-16 21:00:00,4890.974,4917.547,4862.768,4864.686,120482.0,0.009714912740514028,1.0
2022-02-16 22:00:00,4863.484,4872.24,4832.541,4847.906,90533.0,0.00751458464747466,1.0
2022-02-16 23:00:00,4848.94,4852.291,4847.091,4852.133,1133.0,0.0011390866655963561,0.0
2022-02-17 09:00:00,4851.887,4861.38,4834.729,4845.653,52864.0,0.006915682984315945,1.0
2022-02-17 10:00:00,4845.383,4846.263,4799.865,4822.236,95162.0,0.013227888473314136,1.0
2022-02-17 11:00:00,4821.799,4846.995,4814.619,4832.777,33260.0,0.01846847061223804,1.0
2022-02-17 13:00:00,4831.74,4848.16,4800.771,4808.6,54373.0,0.025063012103314897,1.0
2022-02-17 14:00:00,4808.356,4845.169,4790.762,4799.694,122563.0,0.0316520178161356,1.0
2022-02-17 15:00:00,4799.304,4800.409,4793.756,4796.621,3597.0,0.029752819745399884,1.0
2022-02-17 21:00:00,4789.666,4821.078,4765.23,4813.954,142899.0,0.02590053831008776,1.0
2022-02-17 22:00:00,4813.914,4818.416,4787.73,4801.049,49143.0,0.027365061260570412,1.0
2022-02-17 23:00:00,4799.983,4800.106,4796.271,4797.906,763.0,0.025830643618278474,1.0
2022-02-18 09:00:00,4794.068,4844.037,4792.516,4838.961,67778.0,0.007360464364147632,1.0
2022-02-18 10:00:00,4838.602,4864.979,4831.924,4863.175,57180.0,0.005661733332647838,1.0
2022-02-18 11:00:00,4862.542,4894.252,4853.831,4879.83,51349.0,-0.01127006473586172,-1.0
2022-02-18 13:00:00,4887.318,4889.803,4859.959,4860.956,29878.0,-0.007722760707975954,-1.0
2022-02-18 14:00:00,4862.714,4888.371,4860.784,4870.414,62301.0,-0.004240091294087082,-1.0
2022-02-18 15:00:00,4870.039,4876.826,4868.451,4876.497,2694.0,-0.0063186750653184244,-1.0
2022-02-18 21:00:00,4875.874,4905.242,4861.614,4892.202,97595.0,-0.00819324304270358,-1.0
2022-02-18 22:00:00,4890.786,4916.041,4884.077,4907.933,57995.0,-0.01406987422199938,-1.0
2022-02-18 23:00:00,4907.512,4912.95,4907.43,4911.946,1819.0,-0.006907649229042887,-1.0
2022-02-21 09:00:00,4908.373,4911.773,4860.125,4884.336,121318.0,-0.0005011940210502144,0.0
2022-02-21 10:00:00,4884.295,4892.133,4847.455,4857.66,48946.0,0.01039656954171344,1.0
2022-02-21 11:00:00,4857.648,4883.335,4856.899,4879.164,24344.0,0.0031325038469706204,1.0
2022-02-21 13:00:00,4880.88,4892.93,4861.118,4886.024,26609.0,0.000524148059853921,0.0
2022-02-21 14:00:00,4885.301,4925.835,4865.854,4922.031,78624.0,-0.012471884065744348,-1.0
2022-02-21 15:00:00,4923.942,4929.949,4921.98,4929.118,4778.0,-0.015060909477111336,-1.0
2022-02-21 21:00:00,4915.049,4963.602,4915.049,4951.614,127933.0,-0.01854587211361779,-1.0
2022-02-21 22:00:00,4951.108,4958.819,4934.897,4939.334,38240.0,-0.01974011071128207,-1.0
2022-02-21 23:00:00,4940.606,4941.77,4937.719,4938.638,1389.0,-0.029544987909622098,-1.0
2022-02-22 09:00:00,4939.565,4954.173,4923.472,4932.43,61696.0,-0.027623301293682827,-1.0
2022-02-22 10:00:00,4932.107,4944.677,4915.482,4921.839,40818.0,-0.024482515580050424,-1.0
2022-02-22 11:00:00,4921.071,4928.608,4873.655,4874.578,54001.0,-0.019722732921701184,-1.0
2022-02-22 13:00:00,4875.96,4905.71,4867.098,4890.709,47050.0,-0.02336879990201829,-1.0
2022-02-22 14:00:00,4889.995,4902.709,4820.323,4824.834,124642.0,-0.004901101260685847,-1.0
2022-02-22 15:00:00,4825.052,4827.687,4820.28,4823.416,4695.0,-0.014112819628246892,-1.0
2022-02-22 21:00:00,4833.574,4862.015,4826.696,4849.763,83011.0,-0.018317596138203093,-1.0
2022-02-22 22:00:00,4849.631,4869.447,4837.835,4845.684,40052.0,-0.016750576389215757,-1.0
2022-02-22 23:00:00,4844.867,4856.132,4844.867,4852.119,887.0,-0.019713655003102633,-1.0
2022-02-23 09:00:00,4848.371,4880.826,4834.749,4838.879,72662.0,-0.020199719811138012,-1.0
2022-02-23 10:00:00,4838.76,4888.278,4838.01,4878.016,69461.0,-0.03449312179377842,-1.0
2022-02-23 11:00:00,4877.75,4886.177,4866.319,4881.888,26171.0,-0.02541332369771687,-1.0
2022-02-23 13:00:00,4882.301,4912.34,4878.584,4908.163,47385.0,-0.028625984915333764,-1.0
2022-02-23 14:00:00,4907.953,4911.923,4872.237,4894.448,80507.0,-0.02201780466356989,-1.0
2022-02-23 15:00:00,4894.588,4896.428,4887.923,4888.585,2305.0,-0.01937799997340739,-1.0
2022-02-23 21:00:00,4886.76,4904.455,4854.067,4860.644,116321.0,-0.014059453850148385,-1.0
2022-02-23 22:00:00,4860.56,4865.018,4840.409,4854.881,56237.0,-0.0020676098961025955,0.0
2022-02-23 23:00:00,4855.063,4861.377,4852.195,4859.782,899.0,0.0005790383190026622,0.0
2022-02-24 09:00:00,4860.866,4863.851,4837.897,4841.831,56259.0,0.002108912929840021,0.0
2022-02-24 10:00:00,4841.651,4844.107,4791.635,4792.726,111766.0,0.01280043966627764,1.0
2022-02-24 11:00:00,4791.457,4827.241,4780.911,4796.18,74945.0,0.023985129832491556,1.0
2022-02-24 13:00:00,4797.274,4827.154,4778.489,4801.34,70912.0,0.02425322930681839,1.0
2022-02-24 14:00:00,4800.375,4801.126,4758.289,4778.438,128740.0,0.040646127458386916,1.0
2022-02-24 15:00:00,4778.638,4780.953,4773.354,4776.419,2973.0,0.04320935830797098,1.0
2022-02-24 21:00:00,4780.644,4807.067,4768.101,4801.187,113147.0,0.037183929724045335,1.0
2022-02-24 22:00:00,4800.627,4810.932,4755.344,4755.344,70010.0,0.05652819228219866,1.0
2022-02-24 23:00:00,4755.072,4763.396,4754.098,4760.927,3360.0,0.05486998645431866,1.0
2022-02-25 09:00:00,4761.574,4784.511,4733.292,4764.516,141075.0,0.051241930974730704,1.0
2022-02-25 10:00:00,4764.779,4775.526,4742.358,4756.466,57310.0,0.04874669555085647,1.0
2022-02-25 11:00:00,4755.419,4767.533,4738.757,4741.135,35823.0,0.06458326961792892,1.0
2022-02-25 13:00:00,4741.743,4744.024,4708.879,4709.758,91196.0,0.07062931895863862,1.0
2022-02-25 14:00:00,4709.131,4771.407,4696.007,4757.823,174556.0,0.06669037498872897,1.0
2022-02-25 15:00:00,4758.437,4769.156,4756.594,4767.662,3202.0,0.06470865594079446,1.0
2022-02-25 21:00:00,4768.897,4795.641,4753.728,4786.683,104207.0,0.06216204415458475,1.0
2022-02-25 22:00:00,4786.66,4814.77,4782.036,4793.854,59523.0,0.0656465549430583,1.0
2022-02-25 23:00:00,4792.459,4794.481,4789.823,4792.306,1716.0,0.061361691010549065,1.0
2022-02-28 09:00:00,4800.347,4853.039,4800.344,4844.843,169950.0,0.04555400453636996,1.0
2022-02-28 10:00:00,4845.072,4863.853,4840.245,4862.596,68562.0,0.03945361695686845,1.0
2022-02-28 11:00:00,4861.608,4861.65,4841.795,4852.042,33252.0,0.04940579656977413,1.0
2022-02-28 13:00:00,4851.665,4880.065,4844.008,4854.075,69276.0,0.05026436550733149,1.0
2022-02-28 14:00:00,4854.712,4916.756,4843.935,4911.217,129833.0,0.04298893736521938,1.0
2022-02-28 15:00:00,4912.104,4918.345,4910.444,4917.788,6560.0,0.03908444202962811,1.0
2022-02-28 21:00:00,4914.418,4986.696,4912.971,4972.663,257474.0,0.026688315697243198,1.0
2022-02-28 22:00:00,4973.417,4984.353,4964.183,4982.805,68473.0,0.0471367031220366,1.0
2022-02-28 23:00:00,4982.993,4985.151,4978.796,4979.714,2246.0,0.045145162955141684,1.0
2022-03-01 09:00:00,4983.072,5040.272,4982.529,5024.155,226140.0,0.03299559826478295,1.0
2022-03-01 10:00:00,5024.501,5034.933,4997.418,5022.159,84914.0,0.03249160371067519,1.0
2022-03-01 11:00:00,5022.815,5033.44,5005.379,5008.659,45919.0,0.039146605907888744,1.0
2022-03-01 13:00:00,5005.9,5020.666,4988.268,4988.328,58358.0,0.04346546578332453,1.0
2022-03-01 14:00:00,4989.952,5053.15,4989.891,5047.333,132129.0,0.033103225010119315,1.0
2022-03-01 15:00:00,5046.663,5048.385,5041.124,5042.405,3692.0,0.039256862548724375,1.0
2022-03-01 21:00:00,5049.595,5091.022,5042.489,5075.124,193904.0,0.03267782225616558,1.0
2022-03-01 22:00:00,5075.751,5088.633,5070.275,5076.171,48501.0,0.018405999325081794,1.0
2022-03-01 23:00:00,5077.026,5086.538,5075.49,5084.233,1125.0,0.019830523109385313,1.0
2022-03-02 09:00:00,5089.146,5114.416,5072.559,5108.554,125175.0,0.011624815945960347,1.0
2022-03-02 10:00:00,5107.836,5119.003,5077.014,5086.37,109368.0,0.009882489869985968,1.0
2022-03-02 11:00:00,5086.483,5090.004,5036.411,5065.545,116566.0,0.01943324953188642,1.0
2022-03-02 13:00:00,5063.33,5079.285,5048.424,5054.443,55354.0,0.022714273363058993,1.0
2022-03-02 14:00:00,5053.498,5095.176,5050.846,5091.761,98770.0,0.029665571498740665,1.0
2022-03-02 15:00:00,5094.049,5099.004,5090.905,5098.062,4256.0,0.03123245656879033,1.0
2022-03-02 21:00:00,5105.146,5149.645,5105.146,5122.345,195011.0,0.026536674120934724,1.0
2022-03-02 22:00:00,5121.54,5123.262,5095.118,5109.997,80162.0,0.043920573730277974,1.0
2022-03-02 23:00:00,5110.172,5110.939,5105.375,5105.375,1453.0,0.04047146389834249,1.0
2022-03-03 09:00:00,5114.388,5220.824,5114.388,5217.678,273606.0,0.01630572066731608,1.0
2022-03-03 10:00:00,5216.45,5225.862,5194.465,5204.524,119507.0,0.02072370114923093,1.0
2022-03-03 11:00:00,5204.524,5210.59,5185.478,5189.93,64117.0,0.028230438560828394,1.0
2022-03-03 13:00:00,5188.949,5216.258,5161.555,5185.337,148593.0,0.029705880254263097,1.0
2022-03-03 14:00:00,5184.68,5217.337,5176.665,5204.731,131126.0,-0.006233175163135234,-1.0
2022-03-03 15:00:00,5204.982,5206.117,5201.504,5205.148,3589.0,-0.0019407709444572683,0.0
2022-03-03 21:00:00,5212.884,5284.802,5206.043,5214.416,295757.0,-0.0035986772056545405,-1.0
2022-03-03 22:00:00,5214.504,5253.338,5213.572,5240.354,98979.0,-0.0027484784424869476,0.0
2022-03-03 23:00:00,5240.726,5244.089,5240.134,5240.968,1703.0,-0.001307010460662888,0.0
2022-03-04 09:00:00,5244.42,5250.407,5155.794,5169.603,209549.0,0.004134166588807747,1.0
2022-03-04 10:00:00,5170.675,5194.03,5121.777,5185.056,202531.0,0.010984645103158025,1.0
2022-03-04 11:00:00,5185.28,5200.268,5167.905,5167.94,47285.0,0.0029615281911168265,0.0
2022-03-04 13:00:00,5160.732,5175.146,5136.01,5136.636,98972.0,0.00856202386153108,1.0
2022-03-04 14:00:00,5136.361,5171.088,5108.212,5163.985,167681.0,-0.006925271858845392,-1.0
2022-03-04 15:00:00,5162.977,5169.684,5162.286,5169.251,5102.0,-0.004344343116633403,-1.0
2022-03-04 21:00:00,5174.576,5246.975,5157.607,5242.811,218719.0,-0.017810483727145516,-1.0
2022-03-04 22:00:00,5243.125,5258.275,5226.829,5257.287,92290.0,-0.020734268454432925,-1.0
2022-03-04 23:00:00,5255.783,5259.513,5255.247,5258.275,4308.0,-0.0247027780022915,-1.0
2022-03-07 09:00:00,5297.607,5359.547,5297.451,5334.431,244770.0,-0.04139016888586612,-1.0
2022-03-07 10:00:00,5335.467,5354.288,5291.752,5311.997,124921.0,-0.040206159754984934,-1.0
2022-03-07 11:00:00,5310.628,5317.229,5272.942,5302.756,58985.0,-0.04066904077804077,-1.0
2022-03-07 13:00:00,5301.385,5329.145,5299.714,5312.381,54275.0,-0.043757780174276,-1.0
2022-03-07 14:00:00,5311.853,5340.304,5299.493,5336.444,127160.0,-0.06169070639549496,-1.0
2022-03-07 15:00:00,5335.403,5340.59,5333.841,5339.372,3538.0,-0.05701606855637709,-1.0
2022-03-07 21:00:00,5330.137,5331.537,5050.189,5172.289,499200.0,-0.027647333704671182,-1.0
2022-03-07 22:00:00,5171.307,5200.869,5108.402,5195.046,191758.0,-0.039799262605181934,-1.0
2022-03-07 23:00:00,5195.084,5198.254,5193.419,5195.651,2498.0,-0.028549454149248983,-1.0
2022-03-08 09:00:00,5198.421,5242.596,5173.648,5225.951,128976.0,-0.028521890082781123,-1.0
2022-03-08 10:00:00,5225.058,5269.74,5220.304,5234.118,69310.0,-0.03610885348782746,-1.0
2022-03-08 11:00:00,5235.743,5243.534,5161.244,5190.975,96713.0,-0.02602902152293162,-1.0
2022-03-08 13:00:00,5196.564,5247.672,5194.227,5242.012,64917.0,-0.03508309404862102,-1.0
2022-03-08 14:00:00,5239.736,5256.461,5180.23,5183.245,111311.0,-0.010909189127660389,-1.0
2022-03-08 15:00:00,5182.713,5185.384,5178.594,5180.616,3888.0,-0.019243271456521775,-1.0
2022-03-08 21:00:00,5126.231,5162.456,5064.422,5128.223,228758.0,-0.009878470573529982,-1.0
2022-03-08 22:00:00,5130.088,5154.534,5098.381,5146.794,111114.0,-0.01944666913033623,-1.0
2022-03-08 23:00:00,5148.683,5151.275,5141.126,5149.434,1943.0,-0.0175933898754699,-1.0
2022-03-09 09:00:00,5151.511,5167.192,5127.338,5148.281,90134.0,-0.017203023688877862,-1.0
2022-03-09 10:00:00,5148.259,5159.999,5120.687,5128.381,47143.0,-0.004124303557009658,-1.0
2022-03-09 11:00:00,5128.506,5143.046,5113.334,5113.638,32230.0,-0.00622648689641311,-1.0
2022-03-09 13:00:00,5112.198,5131.354,5075.893,5098.422,103618.0,-0.0016291315234399164,0.0
2022-03-09 14:00:00,5097.506,5122.26,5077.924,5087.098,111326.0,-0.0003447938294092045,0.0
2022-03-09 15:00:00,5086.52,5088.653,5079.022,5079.923,3546.0,-0.007451490898582531,-1.0
2022-03-09 21:00:00,5049.679,5049.679,4981.877,5007.235,268017.0,0.007130482192267916,1.0
2022-03-09 22:00:00,5006.722,5045.436,4997.095,5034.942,79567.0,-0.008615392193197003,-1.0
2022-03-09 23:00:00,5033.878,5034.096,5025.227,5029.289,1890.0,-0.009042232410982877,-1.0
2022-03-10 09:00:00,5009.329,5018.933,4983.054,4988.287,137669.0,-0.0017168218268115497,0.0
2022-03-10 10:00:00,4987.732,5068.592,4983.732,5047.318,135416.0,-0.0188870604150562,-1.0
2022-03-10 11:00:00,5048.485,5089.328,5046.772,5076.897,68055.0,-0.030289564669127626,-1.0
2022-03-10 13:00:00,5083.254,5101.635,5040.471,5045.12,68149.0,-0.025479671444881346,-1.0
2022-03-10 14:00:00,5044.532,5080.283,5042.544,5055.859,67785.0,-0.030165991575318914,-1.0
2022-03-10 15:00:00,5056.091,5059.94,5053.344,5058.106,2274.0,-0.030761316587671367,-1.0
2022-03-10 21:00:00,5054.102,5126.739,5054.102,5126.7,136430.0,-0.043636842413248236,-1.0
2022-03-10 22:00:00,5126.791,5131.365,5078.391,5080.924,56246.0,-0.04089689198263935,-1.0
2022-03-10 23:00:00,5080.707,5082.945,5075.429,5077.564,2986.0,-0.023551647994983427,-1.0
2022-03-11 09:00:00,5072.236,5085.124,5040.298,5046.706,116923.0,-0.01997917057185414,-1.0
2022-03-11 10:00:00,5046.706,5068.363,5032.92,5058.838,60886.0,-0.024538441436551144,-1.0
2022-03-11 11:00:00,5058.723,5068.297,5041.325,5059.715,29408.0,-0.03171562034620522,-1.0
2022-03-11 13:00:00,5059.335,5112.581,5058.926,5107.23,86500.0,-0.04092727368847686,-1.0
2022-03-11 14:00:00,5107.227,5113.61,5076.859,5081.798,93947.0,-0.037094351251269614,-1.0
2022-03-11 15:00:00,5082.618,5090.116,5080.43,5090.116,3829.0,-0.032540122857710865,-1.0
2022-03-11 21:00:00,5063.208,5098.906,5029.283,5085.344,154673.0,-0.03153238011037209,-1.0
2022-03-11 22:00:00,5086.901,5092.27,5040.395,5042.07,74413.0,-0.018179041544445013,-1.0
2022-03-11 23:00:00,5040.566,5046.935,5039.304,5042.939,3340.0,-0.019363113454277343,-1.0
2022-03-14 09:00:00,5026.825,5026.976,4966.112,4991.564,301053.0,-0.008390957223026694,-1.0
2022-03-14 10:00:00,4992.793,5003.483,4981.37,4983.813,45832.0,0.003002921658577549,1.0
2022-03-14 11:00:00,4984.481,4998.889,4974.344,4979.723,37671.0,0.010524079351401705,1.0
2022-03-14 13:00:00,4979.389,4984.172,4947.693,4951.989,82487.0,0.016556983466643544,1.0
2022-03-14 14:00:00,4952.795,4960.51,4922.445,4923.12,115338.0,0.022691707697557635,1.0
2022-03-14 15:00:00,4920.73,4922.244,4913.181,4916.572,11972.0,0.01732284201268686,1.0
2022-03-14 21:00:00,4921.845,4930.599,4890.134,4903.344,147071.0,0.019806279143376477,1.0
2022-03-14 22:00:00,4902.788,4909.467,4882.941,4902.512,75461.0,0.021967309819945494,1.0
2022-03-14 23:00:00,4903.717,4905.34,4898.657,4902.987,1359.0,0.024562169958843433,1.0
2022-03-15 09:00:00,4896.281,4907.143,4864.179,4873.13,120558.0,0.0311241440306332,1.0
2022-03-15 10:00:00,4874.655,4969.905,4868.757,4957.979,154212.0,0.010148288244060654,1.0
2022-03-15 11:00:00,4958.328,4976.642,4943.775,4945.877,45526.0,0.013025192498721534,1.0
2022-03-15 13:00:00,4938.873,4951.044,4925.655,4934.702,48448.0,0.01574542900462877,1.0
2022-03-15 14:00:00,4934.851,4944.284,4893.626,4899.243,120012.0,0.028863438698590708,1.0
2022-03-15 15:00:00,4898.369,4900.823,4894.965,4898.205,3496.0,0.03078352171867034,1.0
2022-03-15 21:00:00,4886.044,4904.077,4863.059,4893.292,136118.0,0.031735486049064565,1.0
2022-03-15 22:00:00,4894.324,4937.761,4893.461,4924.483,73219.0,0.030843034690138944,1.0
2022-03-15 23:00:00,4924.572,4927.5,4922.085,4924.991,1097.0,0.030777924264227107,1.0
2022-03-16 09:00:00,4927.196,4952.92,4925.425,4950.41,83009.0,0.023589763272133107,1.0
2022-03-16 10:00:00,4950.828,4952.901,4933.421,4945.292,48311.0,0.02286154184626505,1.0
2022-03-16 11:00:00,4945.424,4967.347,4941.759,4949.68,51426.0,0.027118318760000617,1.0
2022-03-16 13:00:00,4961.853,5003.85,4961.853,4998.779,68976.0,0.017072769170231337,1.0
2022-03-16 14:00:00,4998.581,5032.727,4992.536,5032.13,95962.0,0.005617501932581238,1.0
2022-03-16 15:00:00,5033.788,5034.475,5030.341,5033.979,4483.0,0.008840720233437585,1.0
2022-03-16 21:00:00,5030.863,5060.385,5027.394,5034.834,119850.0,0.008072957320936446,1.0
2022-03-16 22:00:00,5035.095,5041.895,5000.22,5001.741,68001.0,0.01908515454918594,1.0
2022-03-16 23:00:00,5001.083,5004.851,4999.075,5000.461,3192.0,0.019128236376606003,1.0
2022-03-17 09:00:00,5007.63,5045.032,5007.535,5010.207,73292.0,0.011351227603969134,1.0
2022-03-17 10:00:00,5009.606,5027.43,4993.448,5023.415,46229.0,0.007726218120541484,1.0
2022-03-17 11:00:00,5023.167,5039.67,5021.711,5024.802,31415.0,0.012486263140318761,1.0
2022-03-17 13:00:00,5016.921,5018.918,4999.614,5008.294,47501.0,0.015441385829186553,1.0
2022-03-17 14:00:00,5006.772,5020.021,4989.274,5010.298,71210.0,0.021178979773259055,1.0
2022-03-17 15:00:00,5010.263,5013.616,5009.144,5012.401,2187.0,0.022262783843511352,1.0
2022-03-17 21:00:00,5012.328,5044.4,5009.691,5040.652,103208.0,0.017019623651860903,1.0
2022-03-17 22:00:00,5040.323,5051.041,5027.01,5048.989,48285.0,0.016160066896560986,1.0
2022-03-17 23:00:00,5048.705,5052.345,5047.228,5048.583,1757.0,0.012716241369112983,1.0
2022-03-18 09:00:00,5052.519,5087.224,5048.073,5076.369,95817.0,0.009414603233137775,1.0
2022-03-18 10:00:00,5075.835,5090.118,5072.125,5076.572,44513.0,0.009702019394189564,1.0
2022-03-18 11:00:00,5075.989,5079.884,5055.296,5067.189,30087.0,0.007837481491217308,1.0
2022-03-18 13:00:00,5060.834,5069.797,5049.028,5058.349,34077.0,0.00997123765086199,1.0
2022-03-18 14:00:00,5058.072,5086.161,5046.155,5083.907,56666.0,-0.0007260164279165223,0.0
2022-03-18 15:00:00,5084.237,5086.104,5082.236,5084.122,3063.0,-0.002281613226433269,0.0
2022-03-18 21:00:00,5060.336,5081.008,5045.71,5060.398,105705.0,0.002461861695463406,0.0
2022-03-18 22:00:00,5060.642,5086.433,5059.507,5078.483,36075.0,0.003876157506089809,1.0
2022-03-18 23:00:00,5076.934,5081.39,5073.933,5075.48,3081.0,0.005915696643470282,1.0
2022-03-21 09:00:00,5085.544,5142.7,5063.023,5097.2,205221.0,0.0040904810484188115,1.0
2022-03-21 10:00:00,5096.615,5107.495,5068.029,5096.111,76322.0,0.0026139540524136766,0.0
2022-03-21 11:00:00,5095.372,5096.436,5066.453,5067.079,30503.0,0.013336283093277217,1.0
2022-03-21 13:00:00,5063.941,5079.901,5052.864,5062.227,53979.0,0.015306109346736166,1.0
2022-03-21 14:00:00,5062.799,5093.241,5062.198,5087.543,58758.0,0.014208037160570548,1.0
2022-03-21 15:00:00,5089.143,5090.994,5083.414,5085.629,2398.0,0.013800456148098926,1.0
2022-03-21 21:00:00,5083.277,5126.999,5073.251,5116.411,156542.0,0.007634257685709668,1.0
2022-03-21 22:00:00,5117.35,5133.506,5112.678,5123.991,57856.0,0.003639740975345124,1.0
2022-03-21 23:00:00,5124.382,5127.101,5122.234,5126.442,1053.0,-0.0018059308971016957,0.0
2022-03-22 09:00:00,5126.534,5140.237,5115.078,5130.581,65866.0,0.001140416650667762,0.0
2022-03-22 10:00:00,5130.648,5138.036,5101.368,5112.782,61797.0,0.005085880837477463,1.0
2022-03-22 11:00:00,5111.655,5131.329,5101.811,5124.161,36337.0,-6.888932646731153e-05,0.0
2022-03-22 13:00:00,5126.678,5132.061,5120.643,5125.825,28663.0,0.00024074173425748605,0.0
2022-03-22 14:00:00,5125.884,5131.423,5104.272,5106.903,67852.0,0.010698656308921417,1.0
2022-03-22 15:00:00,5106.398,5110.966,5105.739,5108.787,2994.0,0.010810393934998672,1.0
2022-03-22 21:00:00,5113.385,5122.758,5051.021,5080.216,199115.0,0.015970777620478993,1.0
2022-03-22 22:00:00,5080.607,5085.732,5066.264,5072.522,58144.0,0.019091292260536345,1.0
2022-03-22 23:00:00,5072.998,5075.113,5070.562,5072.856,1362.0,0.022337909848022496,1.0
2022-03-23 09:00:00,5074.523,5104.245,5064.991,5098.168,66587.0,0.01750315015119164,1.0
2022-03-23 10:00:00,5098.175,5110.951,5095.265,5105.505,38629.0,0.01969599481344157,1.0
2022-03-23 11:00:00,5105.497,5123.263,5105.433,5118.05,50179.0,0.020775099891560168,1.0
2022-03-23 13:00:00,5120.018,5128.952,5102.61,5109.432,41381.0,0.023514746844659044,1.0
2022-03-23 14:00:00,5109.573,5135.753,5109.445,5134.655,56532.0,0.02246927982503212,1.0
2022-03-23 15:00:00,5136.832,5140.614,5135.278,5139.71,5523.0,0.02372663049082542,1.0
2022-03-23 21:00:00,5136.553,5176.738,5134.339,5159.827,132853.0,0.020293897450437724,1.0
2022-03-23 22:00:00,5160.756,5165.824,5145.572,5155.813,57603.0,0.019285610242264408,1.0
2022-03-23 23:00:00,5155.622,5157.156,5154.217,5155.471,1105.0,0.020698399816428032,1.0
2022-03-24 09:00:00,5159.55,5163.959,5130.354,5142.641,76007.0,0.02575466574470202,1.0
2022-03-24 10:00:00,5143.931,5145.075,5108.445,5117.184,69535.0,0.034083003464405355,1.0
2022-03-24 11:00:00,5117.184,5137.431,5110.715,5136.432,35885.0,0.025871071592109118,1.0
2022-03-24 13:00:00,5136.421,5155.61,5130.338,5138.785,39092.0,0.025199536466304757,1.0
2022-03-24 14:00:00,5137.958,5146.291,5119.022,5123.808,51370.0,0.028440956413667267,1.0
2022-03-24 15:00:00,5122.756,5128.785,5122.721,5127.059,1802.0,0.021949620630462678,1.0
2022-03-24 21:00:00,5131.278,5175.283,5127.17,5161.54,132157.0,0.016051604753619976,1.0
2022-03-24 22:00:00,5161.421,5181.096,5150.294,5164.015,77962.0,0.015413781718294727,1.0
2022-03-24 23:00:00,5163.918,5164.844,5160.826,5161.351,1088.0,0.015117359776539272,1.0
2022-03-25 09:00:00,5160.617,5173.344,5157.909,5169.363,46690.0,0.012891143454232198,1.0
2022-03-25 10:00:00,5169.549,5189.019,5168.977,5186.173,47341.0,0.01310098988213475,1.0
2022-03-25 11:00:00,5185.783,5190.441,5175.27,5187.402,33124.0,0.007572962342228278,1.0
2022-03-25 13:00:00,5185.277,5214.272,5176.009,5206.063,56730.0,0.0026880197185473334,0.0
2022-03-25 14:00:00,5207.05,5244.243,5198.586,5224.378,133501.0,-0.013920891635329617,-1.0
2022-03-25 15:00:00,5224.513,5230.665,5222.192,5229.579,5056.0,-0.011456371535834788,-1.0
2022-03-25 21:00:00,5227.976,5250.612,5208.509,5250.027,139842.0,-0.014694210144062199,-1.0
2022-03-25 22:00:00,5250.258,5275.152,5247.27,5261.658,94021.0,-0.011079207352511332,-1.0
2022-03-25 23:00:00,5261.871,5264.762,5259.803,5264.54,2206.0,-0.008590494136239893,-1.0
2022-03-28 09:00:00,5249.864,5268.104,5222.324,5255.246,155870.0,-0.009827893879753705,-1.0
2022-03-28 10:00:00,5255.577,5268.274,5249.414,5262.181,64955.0,-0.004324632695074458,-1.0
2022-03-28 11:00:00,5262.084,5279.4,5255.998,5275.088,46609.0,-0.008905064711716554,-1.0
2022-03-28 13:00:00,5275.039,5294.918,5263.249,5291.593,61823.0,-0.01151770364803191,-1.0
2022-03-28 14:00:00,5292.512,5298.092,5256.814,5269.317,98367.0,0.0011443608346204538,0.0
2022-03-28 15:00:00,5269.324,5273.185,5266.687,5268.28,1793.0,0.0014598692552407625,0.0
2022-03-28 21:00:00,5262.994,5278.114,5243.642,5269.534,113597.0,0.0011388103767809837,0.0
2022-03-28 22:00:00,5269.788,5270.393,5232.721,5239.596,68013.0,-0.0015764574215262608,0.0
2022-03-28 23:00:00,5239.991,5244.697,5239.951,5244.391,1621.0,-0.006716127763929073,-1.0
2022-03-29 09:00:00,5242.643,5257.148,5234.602,5243.612,85495.0,-0.008663493790158365,-1.0
2022-03-29 10:00:00,5243.2,5246.861,5224.479,5239.377,74337.0,-0.0013285930750927524,0.0
2022-03-29 11:00:00,5239.136,5249.591,5231.003,5236.002,34864.0,-0.0035359039205867613,-1.0
2022-03-29 13:00:00,5234.492,5259.528,5232.194,5254.117,36704.0,-0.006020041045907449,-1.0
2022-03-29 14:00:00,5254.112,5255.5,5220.0,5226.686,82873.0,-0.0028379359311042655,0.0
2022-03-29 15:00:00,5227.314,5228.673,5218.312,5220.057,5291.0,0.0036005353964525815,1.0
2022-03-29 21:00:00,5174.752,5186.68,5129.565,5151.65,241999.0,0.017532829287704003,1.0
2022-03-29 22:00:00,5152.135,5180.416,5139.243,5169.667,65602.0,0.02450370594469614,1.0
2022-03-29 23:00:00,5169.564,5174.866,5168.216,5172.882,1024.0,0.02698805037501352,1.0
2022-03-30 09:00:00,5181.628,5206.367,5170.854,5203.363,80899.0,0.019689766022474218,1.0
2022-03-30 10:00:00,5203.335,5223.498,5201.484,5219.315,71182.0,0.01629524180855154,1.0
2022-03-30 11:00:00,5218.054,5225.393,5197.076,5203.598,44414.0,0.021516650594454057,1.0
2022-03-30 13:00:00,5208.436,5239.424,5202.793,5239.424,39242.0,0.014966912393423336,1.0
2022-03-30 14:00:00,5239.071,5240.354,5218.491,5228.113,53901.0,0.008944718677656761,1.0
2022-03-30 15:00:00,5228.268,5232.547,5227.606,5230.646,2160.0,0.009945807840943574,1.0
2022-03-30 21:00:00,5237.19,5292.191,5237.19,5275.347,211003.0,0.00705735565831034,1.0
2022-03-30 22:00:00,5274.949,5279.62,5264.025,5275.971,39912.0,0.006383279968749031,1.0
2022-03-30 23:00:00,5275.709,5277.037,5274.182,5275.535,1414.0,0.0005047829272292698,0.0
2022-03-31 09:00:00,5266.714,5281.104,5229.414,5231.336,138927.0,0.007757291827556121,1.0
2022-03-31 10:00:00,5231.224,5235.533,5206.627,5209.169,89699.0,0.012209433020890774,1.0
2022-03-31 11:00:00,5209.269,5213.353,5176.5,5198.184,75199.0,0.009285935241999808,1.0
2022-03-31 13:00:00,5195.344,5236.5,5192.445,5232.416,78134.0,0.0037936586081839543,1.0
2022-03-31 14:00:00,5232.247,5232.247,5201.737,5217.488,104558.0,0.006225026296179188,1.0
2022-03-31 15:00:00,5217.698,5223.427,5216.141,5222.487,4054.0,0.001726572033592391,0.0
2022-03-31 21:00:00,5214.325,5243.092,5207.265,5211.853,142976.0,0.0012287376485867006,0.0
2022-03-31 22:00:00,5212.178,5242.242,5210.368,5238.852,57499.0,-0.001743129983439045,0.0
2022-03-31 23:00:00,5239.474,5244.125,5239.18,5241.973,1464.0,-0.001085659922323103,0.0
2022-04-01 09:00:00,5241.974,5299.842,5231.816,5296.343,164114.0,-0.011644072145629594,-1.0
2022-04-01 10:00:00,5296.746,5320.821,5293.751,5312.488,99904.0,-0.01334478308468654,-1.0
2022-04-01 11:00:00,5312.454,5316.821,5300.582,5305.816,35256.0,-0.016948382680439765,-1.0
2022-04-01 13:00:00,5307.632,5313.488,5290.144,5304.365,44372.0,-0.017086305335322818,-1.0
2022-04-01 14:00:00,5303.703,5328.772,5299.235,5315.562,115500.0,-0.018962247077543272,-1.0
2022-04-01 15:00:00,5314.995,5319.108,5313.84,5317.842,4218.0,-0.027737755277422536,-1.0
2022-04-06 09:00:00,5341.154,5341.154,5236.021,5274.877,216743.0,-0.021444291497223534,-1.0
2022-04-06 10:00:00,5275.127,5290.258,5261.859,5282.669,50098.0,-0.018837447509961296,-1.0
2022-04-06 11:00:00,5282.712,5316.841,5281.994,5312.577,32217.0,-0.021361196270661145,-1.0
2022-04-06 13:00:00,5313.196,5329.792,5306.402,5309.649,55542.0,-0.020507193601686367,-1.0
2022-04-06 14:00:00,5309.603,5312.271,5268.758,5278.198,92386.0,-0.018274229197161592,-1.0
2022-04-06 15:00:00,5278.52,5278.846,5271.917,5271.917,2396.0,-0.02169874829212983,-1.0
2022-04-06 21:00:00,5278.881,5294.495,5250.278,5272.77,152439.0,-0.021408102382618643,-1.0
2022-04-06 22:00:00,5272.038,5277.097,5240.929,5246.454,60225.0,-0.03461137751326888,-1.0
2022-04-06 23:00:00,5245.619,5255.209,5245.619,5252.266,1782.0,-0.038245778107963216,-1.0
2022-04-07 09:00:00,5240.074,5261.697,5211.562,5249.967,133664.0,-0.035749938999616516,-1.0
2022-04-07 10:00:00,5248.746,5249.799,5224.513,5231.504,53726.0,-0.0330239640455212,-1.0
2022-04-07 11:00:00,5230.677,5231.58,5213.005,5218.257,43055.0,-0.03188210162895382,-1.0
2022-04-07 13:00:00,5216.16,5231.893,5190.778,5229.72,89707.0,-0.033888812402958525,-1.0
2022-04-07 14:00:00,5230.374,5260.35,5228.239,5236.282,100901.0,-0.03019833538377047,-1.0
2022-04-07 15:00:00,5235.244,5237.894,5233.155,5234.672,2069.0,-0.02550589607142519,-1.0
2022-04-07 21:00:00,5216.803,5268.468,5215.293,5241.594,113632.0,-0.026552037414572776,-1.0
2022-04-07 22:00:00,5241.873,5243.1,5213.861,5215.891,64616.0,-0.024115918066539364,-1.0
2022-04-07 23:00:00,5215.647,5216.648,5212.759,5213.733,3315.0,-0.018393922358509698,-1.0
2022-04-08 09:00:00,5215.055,5229.763,5204.766,5214.767,74353.0,-0.01943653474834062,-1.0
2022-04-08 10:00:00,5214.463,5215.295,5167.64,5170.337,106094.0,-0.006068850057549558,-1.0
2022-04-08 11:00:00,5169.951,5175.865,5141.227,5161.761,95229.0,0.002595238330484447,0.0
2022-04-08 13:00:00,5175.507,5187.329,5171.462,5183.157,48882.0,-0.00040245742122035666,0.0
2022-04-08 14:00:00,5182.784,5203.157,5161.469,5199.094,77701.0,-0.008616501259642502,-1.0
2022-04-08 15:00:00,5197.823,5202.003,5196.012,5200.763,2049.0,-0.006918600213084113,-1.0
2022-04-08 21:00:00,5200.578,5220.43,5173.163,5181.743,113096.0,-0.003918179654992691,-1.0
2022-04-08 22:00:00,5181.729,5197.181,5149.915,5157.523,68327.0,-0.006071131432666398,-1.0
2022-04-08 23:00:00,5158.727,5161.489,5157.531,5159.89,1837.0,-0.0007046661847443301,0.0
2022-04-11 09:00:00,5133.398,5133.398,5059.081,5064.867,227935.0,0.010560593200176702,1.0
2022-04-11 10:00:00,5064.3,5066.203,5037.327,5051.389,108498.0,0.013768094280602775,1.0
2022-04-11 11:00:00,5051.389,5067.569,5044.801,5062.281,41980.0,0.0074638290525554886,1.0
2022-04-11 13:00:00,5063.145,5078.036,5052.022,5058.739,38419.0,0.006866335661911117,1.0
2022-04-11 14:00:00,5058.491,5066.239,5045.955,5051.888,71633.0,0.023874044713580424,1.0
2022-04-11 15:00:00,5052.572,5056.085,5050.081,5052.491,2567.0,0.020004587835980376,1.0
2022-04-11 21:00:00,5045.255,5078.999,5040.778,5078.155,112947.0,0.015466050169796053,1.0
2022-04-11 22:00:00,5077.1,5113.819,5071.668,5101.157,98348.0,0.0067331783750234995,1.0
2022-04-11 23:00:00,5099.819,5104.078,5099.093,5102.419,1366.0,0.00794407515337344,1.0
2022-04-12 09:00:00,5100.981,5116.534,5085.543,5090.105,95085.0,0.013836060356318897,1.0
2022-04-12 10:00:00,5090.763,5120.401,5088.077,5117.832,51429.0,0.010942719495286227,1.0
2022-04-12 11:00:00,5118.737,5129.888,5107.622,5113.41,48905.0,0.00921479013026544,1.0
2022-04-12 13:00:00,5124.249,5150.148,5123.97,5138.959,63378.0,0.0044442853114803876,1.0
2022-04-12 14:00:00,5139.846,5177.302,5138.911,5175.157,117802.0,-0.001478216023204812,0.0
2022-04-12 15:00:00,5175.948,5181.28,5174.723,5181.071,4842.0,0.0002374026528492802,0.0
2022-04-12 21:00:00,5192.864,5192.864,5147.206,5154.296,106351.0,0.006138956707181703,1.0
2022-04-12 22:00:00,5154.401,5167.393,5136.8,5164.781,56030.0,0.009970606691745515,1.0
2022-04-12 23:00:00,5164.648,5166.324,5159.794,5161.44,1134.0,0.007788911621563019,1.0
2022-04-13 09:00:00,5143.787,5148.182,5108.844,5126.211,113061.0,0.012907974330358205,1.0
2022-04-13 10:00:00,5126.31,5161.107,5117.039,5156.254,61870.0,0.0017720228677640234,0.0
2022-04-13 11:00:00,5156.63,5160.732,5117.728,5118.355,41988.0,0.014228008803609858,1.0
2022-04-13 13:00:00,5118.225,5134.082,5113.792,5120.937,35583.0,0.015094112659460618,1.0
2022-04-13 14:00:00,5120.234,5120.627,5089.991,5100.065,93817.0,0.016281361119907307,1.0
2022-04-13 15:00:00,5099.397,5100.738,5092.42,5093.474,2769.0,0.017583284021867884,1.0
2022-04-13 21:00:00,5109.926,5179.619,5109.926,5172.497,167575.0,0.0019653950500114854,0.0
2022-04-13 22:00:00,5171.901,5180.01,5153.29,5153.564,64367.0,-0.0002475956444900557,0.0
2022-04-13 23:00:00,5153.422,5156.883,5153.392,5156.694,1242.0,0.002212270109492525,0.0
2022-04-14 09:00:00,5164.313,5171.3,5128.576,5135.504,75561.0,0.011855701017855349,1.0
2022-04-14 10:00:00,5135.613,5151.503,5130.679,5142.953,35033.0,0.009245466563664878,1.0
2022-04-14 11:00:00,5143.262,5161.87,5136.235,5160.532,34509.0,0.006102277827169754,1.0
2022-04-14 13:00:00,5168.367,5191.027,5168.367,5173.835,70299.0,0.002468188490742269,0.0
2022-04-14 14:00:00,5174.098,5183.332,5158.144,5160.529,72872.0,0.0076395268779615375,1.0
2022-04-14 15:00:00,5160.115,5163.99,5158.554,5161.798,2318.0,0.007974159391746841,1.0
2022-04-14 21:00:00,5160.957,5199.054,5152.212,5167.507,122912.0,0.005606959022987325,1.0
2022-04-14 22:00:00,5166.587,5190.757,5163.471,5182.301,48979.0,0.006690657296826211,1.0
2022-04-14 23:00:00,5182.846,5187.582,5182.816,5185.938,1190.0,0.0014203794954741043,0.0
2022-04-15 09:00:00,5192.837,5218.224,5188.576,5216.277,84471.0,-0.0015606916580541298,0.0
2022-04-15 10:00:00,5215.563,5222.902,5197.168,5201.642,41506.0,0.004823476894411447,1.0
2022-04-15 11:00:00,5200.858,5207.736,5173.723,5192.38,56214.0,-0.0032853912849214032,-1.0
2022-04-15 13:00:00,5194.605,5198.323,5165.37,5165.391,37970.0,-0.00041061751182034143,0.0
2022-04-15 14:00:00,5165.091,5192.082,5161.406,5191.179,67530.0,0.0038288026669857085,1.0
2022-04-15 15:00:00,5190.994,5200.02,5189.179,5198.233,6458.0,0.004181228505917236,1.0
2022-04-15 21:00:00,5185.074,5195.392,5115.717,5183.101,168690.0,0.006925004934304779,1.0
2022-04-15 22:00:00,5183.091,5192.017,5170.807,5183.034,39326.0,0.011432107140335298,1.0
2022-04-15 23:00:00,5183.343,5184.456,5181.515,5182.663,1595.0,0.013055643401857399,1.0
2022-04-18 09:00:00,5179.534,5179.626,5146.516,5152.288,98008.0,0.019766363992075087,1.0
2022-04-18 10:00:00,5152.702,5181.767,5140.658,5168.102,90234.0,0.010906905475162912,1.0
2022-04-18 11:00:00,5167.776,5204.27,5167.776,5196.389,65693.0,0.005302335910571722,1.0
2022-04-18 13:00:00,5197.371,5205.99,5183.046,5190.502,40171.0,0.006221556219417633,1.0
2022-04-18 14:00:00,5191.595,5198.949,5179.376,5192.023,47821.0,0.0026240253558198405,0.0
2022-04-18 15:00:00,5192.209,5194.037,5183.171,5186.605,4327.0,0.005145755267655877,1.0
2022-04-18 21:00:00,5196.869,5213.666,5188.761,5199.953,78129.0,0.002385790794647557,0.0
2022-04-18 22:00:00,5199.207,5216.074,5194.264,5202.959,38162.0,-0.0007151699638608624,0.0
2022-04-18 23:00:00,5202.0,5202.022,5196.272,5196.481,1234.0,0.0059126551218026905,1.0
2022-04-19 09:00:00,5199.811,5218.76,5182.919,5216.974,85406.0,-0.0016390727651700748,0.0
2022-04-19 10:00:00,5216.883,5218.498,5182.155,5193.304,57795.0,-0.007495613582412984,-1.0
2022-04-19 11:00:00,5193.296,5243.74,5176.961,5208.136,153902.0,-0.01071266188133347,-1.0
2022-04-19 13:00:00,5209.024,5236.582,5199.918,5226.732,86864.0,-0.014238916401300043,-1.0
2022-04-19 14:00:00,5227.419,5228.31,5146.804,5175.321,162150.0,-0.0026008048582880244,0.0
2022-04-19 15:00:00,5176.753,5178.318,5162.204,5163.27,4122.0,-0.0020020258479607773,0.0
2022-04-19 21:00:00,5167.954,5212.148,5162.631,5211.055,119597.0,-0.010935213694731752,-1.0
2022-04-19 22:00:00,5209.627,5224.094,5208.755,5219.968,81269.0,-0.020498784666879127,-1.0
2022-04-19 23:00:00,5220.453,5222.288,5218.727,5218.994,1500.0,-0.020993126261497925,-1.0
2022-04-20 09:00:00,5222.484,5245.33,5216.249,5242.287,94210.0,-0.029644313636395803,-1.0
2022-04-20 10:00:00,5243.052,5250.805,5235.882,5250.326,55099.0,-0.028692504046415487,-1.0
2022-04-20 11:00:00,5249.255,5259.256,5246.696,5254.13,34143.0,-0.033675603763134845,-1.0
2022-04-20 13:00:00,5251.13,5255.417,5221.759,5224.47,63087.0,-0.02838201769748892,-1.0
2022-04-20 14:00:00,5224.832,5243.476,5210.71,5223.942,93368.0,-0.02797102264917943,-1.0
2022-04-20 15:00:00,5224.339,5225.759,5221.422,5222.795,1764.0,-0.042000499732422904,-1.0
2022-04-20 21:00:00,5228.407,5232.324,5189.983,5205.647,132788.0,-0.03890601879074781,-1.0
2022-04-20 22:00:00,5205.392,5221.111,5193.657,5213.294,43587.0,-0.05202948462143127,-1.0
2022-04-20 23:00:00,5213.677,5214.81,5211.278,5212.359,733.0,-0.052361128617579904,-1.0
2022-04-21 09:00:00,5214.434,5217.677,5196.254,5199.238,52378.0,-0.047032276652848,-1.0
2022-04-21 10:00:00,5200.062,5227.368,5199.25,5227.206,47265.0,-0.05915684210647148,-1.0
2022-04-21 11:00:00,5226.684,5228.883,5205.683,5208.423,30164.0,-0.06318419222094676,-1.0
2022-04-21 13:00:00,5209.659,5211.213,5137.25,5154.377,164210.0,-0.05092002389425535,-1.0
2022-04-21 14:00:00,5155.297,5167.188,5131.603,5152.343,128989.0,-0.05300093569081091,-1.0
2022-04-21 15:00:00,5152.399,5154.785,5150.679,5152.309,2600.0,-0.049528473544579836,-1.0
2022-04-21 21:00:00,5161.612,5166.496,5134.191,5161.861,111730.0,-0.052891195636612424,-1.0
2022-04-21 22:00:00,5163.086,5175.07,5150.365,5152.933,39835.0,-0.048462302925343675,-1.0
2022-04-21 23:00:00,5154.158,5155.964,5151.088,5154.071,1294.0,-0.04397630533223158,-1.0
2022-04-22 09:00:00,5149.763,5151.474,5100.973,5112.965,145443.0,-0.03251635792539165,-1.0
2022-04-22 10:00:00,5112.902,5129.026,5103.391,5109.431,49502.0,-0.034718151590656464,-1.0
2022-04-22 11:00:00,5110.224,5111.796,5086.047,5086.883,62670.0,-0.035483615408492826,-1.0
2022-04-22 13:00:00,5085.486,5103.068,5070.475,5099.681,70258.0,-0.0380439482391153,-1.0
2022-04-22 14:00:00,5099.565,5101.687,5076.171,5077.194,75354.0,-0.022999515086482833,-1.0
2022-04-22 15:00:00,5078.538,5080.8,5072.589,5076.189,5990.0,-0.02043816729440147,-1.0
2022-04-22 21:00:00,5072.878,5089.895,5047.557,5077.823,116593.0,-0.020817188783460967,-1.0
2022-04-22 22:00:00,5077.444,5078.174,5003.383,5003.435,116178.0,-0.00680792295692861,-1.0
2022-04-22 23:00:00,5003.904,5008.977,5002.632,5003.116,4590.0,-0.008424349945114233,-1.0
2022-04-25 09:00:00,4966.11,4991.462,4939.401,4942.049,259702.0,-0.003772726656494002,-1.0
2022-04-25 10:00:00,4941.917,4947.239,4888.931,4939.434,156828.0,-0.0034872416556229646,-1.0
2022-04-25 11:00:00,4939.671,4964.955,4936.695,4954.706,59117.0,-0.0020758042959561785,0.0
2022-04-25 13:00:00,4952.907,4959.617,4916.54,4917.981,54870.0,0.0055366216339591936,1.0
2022-04-25 14:00:00,4919.371,4933.531,4876.412,4879.333,124576.0,0.006990914536884609,1.0
2022-04-25 15:00:00,4879.679,4893.361,4879.317,4891.916,5035.0,0.008615438204580727,1.0
2022-04-25 21:00:00,4895.197,4916.934,4873.816,4879.264,134147.0,0.01203706132728214,1.0
2022-04-25 22:00:00,4879.067,4901.01,4854.408,4897.123,94494.0,0.0035447343266649376,1.0
2022-04-25 23:00:00,4896.99,4896.99,4887.977,4888.844,1213.0,0.0042781074626230585,1.0
2022-04-26 09:00:00,4896.019,4930.541,4896.019,4903.21,105025.0,-0.0014382414785415432,0.0
2022-04-26 10:00:00,4903.82,4936.22,4900.657,4927.414,55855.0,-0.0006829139991078041,0.0
2022-04-26 11:00:00,4927.421,4946.71,4917.918,4946.71,41582.0,4.4069694807224844e-05,0.0
2022-04-26 13:00:00,4945.667,4947.901,4924.023,4932.041,55482.0,0.0024612528565760346,0.0
2022-04-26 14:00:00,4931.951,4935.462,4904.304,4906.382,86000.0,0.0015496143594200505,0.0
2022-04-26 15:00:00,4907.064,4909.495,4904.014,4905.669,2313.0,0.0021028732268727882,0.0
2022-04-26 21:00:00,4917.409,4972.121,4917.409,4960.421,153381.0,-0.00891779145358829,-1.0
2022-04-26 22:00:00,4960.172,4977.374,4942.171,4972.441,84025.0,-0.012381645151747403,-1.0
2022-04-26 23:00:00,4972.617,4975.041,4970.569,4972.117,1028.0,-0.00904061589862025,-1.0
2022-04-27 09:00:00,4976.276,4980.117,4955.339,4969.372,71218.0,-0.008498256922605245,-1.0
2022-04-27 10:00:00,4970.595,4972.106,4936.184,4960.968,80181.0,0.0038022821352607563,1.0
2022-04-27 11:00:00,4959.985,4962.827,4909.176,4923.404,58442.0,0.01295871718022723,1.0
2022-04-27 13:00:00,4933.148,4955.715,4912.703,4922.209,66181.0,0.013495160404607034,1.0
2022-04-27 14:00:00,4922.048,4952.58,4910.733,4944.421,93364.0,0.005236609099427379,1.0
2022-04-27 15:00:00,4944.134,4946.767,4942.028,4945.21,1507.0,0.014541546263960491,1.0
2022-04-27 21:00:00,4941.903,4942.869,4896.782,4913.444,133834.0,0.023972797898988926,1.0
2022-04-27 22:00:00,4913.271,4949.411,4881.766,4934.062,121680.0,0.017486201024632494,1.0
2022-04-27 23:00:00,4933.28,4938.1,4932.387,4937.996,1409.0,0.013880732183663102,1.0
2022-04-28 09:00:00,4937.97,4947.924,4911.063,4914.482,70023.0,0.018479668864389006,1.0
2022-04-28 10:00:00,4915.347,4924.663,4899.264,4909.759,57210.0,0.013325297636808646,1.0
2022-04-28 11:00:00,4908.511,4909.364,4884.883,4896.158,48481.0,0.008091446395316343,1.0
2022-04-28 13:00:00,4895.158,4935.438,4875.572,4924.049,99479.0,0.0013194425969360374,0.0
2022-04-28 14:00:00,4924.08,4951.318,4921.408,4946.928,94163.0,-0.003087774877661376,-1.0
2022-04-28 15:00:00,4946.602,4947.98,4942.283,4944.18,2760.0,-0.0008076162275646099,0.0
2022-04-28 21:00:00,4946.207,4948.889,4908.984,4913.985,98410.0,0.0011595476990671157,0.0
2022-04-28 22:00:00,4914.478,4932.592,4904.504,4915.985,83277.0,-0.00767719999145644,-1.0
2022-04-28 23:00:00,4915.968,4918.907,4914.299,4916.185,1088.0,-0.019748036333050938,-1.0
2022-04-29 09:00:00,4921.115,4933.684,4908.74,4910.874,60388.0,-0.018236672331646057,-1.0
2022-04-29 10:00:00,4910.973,4930.458,4910.935,4927.166,46236.0,-0.024380952458269094,-1.0
2022-04-29 11:00:00,4926.946,4935.118,4924.307,4927.141,24678.0,-0.02507153742910949,-1.0
2022-04-29 13:00:00,4945.644,5001.968,4945.449,4979.831,130810.0,-0.03602531893150602,-1.0
2022-04-29 14:00:00,4980.686,4989.102,4968.238,4987.205,89394.0,-0.04548359251324143,-1.0
2022-04-29 15:00:00,4988.508,4989.91,4985.278,4988.635,2913.0,-0.04190304562270053,-1.0
2022-05-05 09:00:00,4997.351,5022.2,4968.449,4970.313,167671.0,-0.041505031976859334,-1.0
2022-05-05 10:00:00,4970.32,5017.943,4957.706,5017.121,85045.0,-0.05608495390085274,-1.0
2022-05-05 11:00:00,5016.441,5033.663,5012.014,5031.233,53286.0,-0.05889291948911928,-1.0
2022-05-05 13:00:00,5033.374,5037.314,5015.249,5020.34,42039.0,-0.055555998199325114,-1.0
2022-05-05 14:00:00,5019.536,5034.042,5000.544,5006.539,72269.0,-0.06206143605392862,-1.0
2022-05-05 15:00:00,5005.107,5007.872,5004.036,5005.3,1510.0,-0.06629712504744979,-1.0
2022-05-05 21:00:00,5003.508,5013.712,4973.13,4975.183,115329.0,-0.06044139481904492,-1.0
2022-05-05 22:00:00,4975.024,4977.773,4931.189,4935.775,100916.0,-0.0588774812466127,-1.0
2022-05-05 23:00:00,4936.577,4936.67,4930.5,4930.546,2450.0,-0.052628856925784784,-1.0
2022-05-06 09:00:00,4927.835,4937.414,4912.579,4931.653,118155.0,-0.05514195747348805,-1.0
2022-05-06 10:00:00,4931.796,4944.748,4923.387,4940.187,50645.0,-0.05722779319892149,-1.0
2022-05-06 11:00:00,4939.398,4944.73,4918.623,4919.683,31257.0,-0.04693046279607849,-1.0
2022-05-06 13:00:00,4921.556,4927.108,4878.244,4878.244,87237.0,-0.038611639762176714,-1.0
2022-05-06 14:00:00,4877.343,4882.556,4817.009,4819.1,161759.0,-0.019590587454089054,-1.0
2022-05-06 15:00:00,4818.786,4823.354,4817.09,4821.316,4299.0,-0.021702373376895442,-1.0
2022-05-06 21:00:00,4835.152,4840.508,4790.889,4807.037,161923.0,-0.01875042775830517,-1.0
2022-05-06 22:00:00,4807.755,4813.254,4778.366,4803.61,74961.0,-0.007434200528352496,-1.0
2022-05-06 23:00:00,4803.261,4804.125,4800.255,4800.431,1480.0,-0.007089155119613208,-1.0
2022-05-09 09:00:00,4787.768,4790.966,4720.191,4760.369,194021.0,0.005147290052514965,1.0
2022-05-09 10:00:00,4760.619,4790.03,4750.956,4779.596,83265.0,-0.0022880594928943146,0.0
2022-05-09 11:00:00,4780.428,4783.972,4745.885,4764.02,44922.0,-0.002321568759157266,0.0
2022-05-09 13:00:00,4763.34,4765.077,4733.143,4735.736,55409.0,0.006791130248814558,1.0
2022-05-09 14:00:00,4736.031,4758.049,4728.522,4734.929,85057.0,0.010245982569115634,1.0
2022-05-09 15:00:00,4733.935,4741.43,4731.962,4741.43,3854.0,0.01306525668416478,1.0
2022-05-09 21:00:00,4719.537,4734.685,4688.45,4695.826,172530.0,0.024328627168042512,1.0
2022-05-09 22:00:00,4696.651,4711.593,4661.207,4673.463,96590.0,0.017623976053731612,1.0
2022-05-09 23:00:00,4675.493,4680.167,4674.476,4674.476,3076.0,0.009976519293285541,1.0
2022-05-10 09:00:00,4677.919,4680.582,4625.044,4645.169,167103.0,0.01589802222481037,1.0
2022-05-10 10:00:00,4644.136,4703.046,4636.514,4671.057,105577.0,0.013523491578030384,1.0
2022-05-10 11:00:00,4670.785,4681.884,4650.659,4659.712,31962.0,0.01296002843094153,1.0
2022-05-10 13:00:00,4675.996,4689.675,4651.561,4657.471,55137.0,0.01377356938991151,1.0
2022-05-10 14:00:00,4657.19,4690.635,4640.843,4688.8,80221.0,0.0014093158164136185,0.0
2022-05-10 15:00:00,4688.673,4690.46,4685.723,4689.887,3851.0,0.003494966936303696,1.0
2022-05-10 21:00:00,4691.581,4739.629,4691.581,4724.691,144823.0,-0.003959412372152893,-1.0
2022-05-10 22:00:00,4724.456,4729.665,4712.644,4716.682,41272.0,0.0003383734582913282,0.0
2022-05-10 23:00:00,4716.728,4721.87,4713.663,4716.903,786.0,-0.005946274494090865,-1.0
2022-05-11 09:00:00,4712.293,4772.687,4706.554,4767.899,135987.0,-0.009590177979860807,-1.0
2022-05-11 10:00:00,4769.017,4776.658,4755.352,4766.4,51373.0,-0.003962529372272515,-1.0
2022-05-11 11:00:00,4765.662,4786.615,4750.347,4784.872,54522.0,-0.005714050448998499,-1.0
2022-05-11 13:00:00,4790.87,4803.795,4767.774,4768.66,78706.0,-0.002034114405304597,0.0
2022-05-11 14:00:00,4768.076,4776.518,4751.115,4752.96,68768.0,-0.0003048626540092099,0.0
2022-05-11 15:00:00,4753.532,4767.977,4752.626,4767.897,2782.0,-0.00026783296702928853,0.0
2022-05-11 21:00:00,4745.455,4794.985,4734.01,4783.443,134546.0,-0.0037807495563342212,-1.0
2022-05-11 22:00:00,4783.365,4816.926,4780.746,4803.378,73248.0,-0.010580054286795608,-1.0
2022-05-11 23:00:00,4803.268,4810.069,4802.28,4810.069,1135.0,-0.018143398774529147,-1.0
2022-05-12 09:00:00,4799.835,4807.466,4750.187,4755.828,109106.0,-0.009248442121960755,-1.0
2022-05-12 10:00:00,4755.772,4757.508,4716.214,4721.111,92864.0,-0.0014780419269955875,0.0
2022-05-12 11:00:00,4722.058,4736.256,4697.361,4719.018,62940.0,0.007600521973003745,1.0
2022-05-12 13:00:00,4716.122,4739.297,4685.482,4734.226,112730.0,0.0062561440877559275,1.0
2022-05-12 14:00:00,4734.034,4737.877,4703.58,4720.102,96478.0,0.011048278193988254,1.0
2022-05-12 15:00:00,4720.991,4722.959,4718.069,4721.621,2155.0,0.009101747048312318,1.0
2022-05-12 21:00:00,4696.819,4706.859,4663.701,4695.408,142395.0,0.01438362757826356,1.0
2022-05-12 22:00:00,4696.068,4719.195,4681.121,4706.278,73266.0,0.01328480807976068,1.0
2022-05-12 23:00:00,4706.286,4712.829,4703.773,4705.984,1606.0,0.010744405420842738,1.0
2022-05-13 09:00:00,4704.53,4735.429,4704.247,4718.278,68736.0,0.004716975133724508,1.0
2022-05-13 10:00:00,4718.181,4728.356,4688.059,4688.855,61541.0,0.013636378177614858,1.0
2022-05-13 11:00:00,4687.907,4722.97,4679.566,4722.174,44939.0,0.008070858888300194,1.0
2022-05-13 13:00:00,4723.212,4755.143,4717.829,4747.513,75269.0,0.002699729310904469,0.0
2022-05-13 14:00:00,4747.274,4776.455,4743.775,4757.531,105504.0,-0.006088241989384861,-1.0
2022-05-13 15:00:00,4757.147,4760.123,4756.909,4758.96,2039.0,-0.004434582345722651,-1.0
2022-05-13 21:00:00,4756.966,4779.786,4737.396,4751.511,107794.0,-0.0024611118442113286,0.0
2022-05-13 22:00:00,4750.833,4784.476,4750.032,4766.62,61760.0,-0.011289760878777899,-1.0
2022-05-13 23:00:00,4767.659,4769.56,4764.898,4765.358,1355.0,-0.007288644420838933,-1.0
2022-05-16 09:00:00,4755.363,4789.23,4738.676,4752.558,137327.0,-0.009557379415464171,-1.0
2022-05-16 10:00:00,4753.359,4753.584,4708.265,4722.798,107222.0,0.0007736938992521915,0.0
2022-05-16 11:00:00,4723.184,4731.398,4699.603,4711.844,44826.0,-0.008255154457575407,-1.0
2022-05-16 13:00:00,4713.159,4725.47,4710.738,4714.133,43111.0,-0.009966625888577914,-1.0
2022-05-16 14:00:00,4714.895,4756.194,4694.599,4754.885,92368.0,-0.024247274119142855,-1.0
2022-05-16 15:00:00,4753.557,4764.608,4753.487,4763.844,6632.0,-0.026016385087337054,-1.0
2022-05-16 21:00:00,4760.892,4777.494,4755.557,4772.251,102047.0,-0.0282395037478122,-1.0
2022-05-16 22:00:00,4772.297,4779.049,4761.708,4764.596,33658.0,-0.025701234690202326,-1.0
2022-05-16 23:00:00,4764.668,4766.766,4762.91,4762.945,917.0,-0.02122930245887777,-1.0
2022-05-17 09:00:00,4773.638,4794.74,4766.041,4768.8,82494.0,-0.022004906894816285,-1.0
2022-05-17 10:00:00,4768.63,4784.078,4747.941,4756.547,61558.0,-0.01906740330748329,-1.0
2022-05-17 11:00:00,4756.723,4779.747,4738.375,4740.534,43652.0,-0.008364036625409636,-1.0
2022-05-17 13:00:00,4742.188,4771.154,4737.399,4752.794,47741.0,-0.010275008763266416,-1.0
2022-05-17 14:00:00,4752.833,4774.982,4750.039,4760.286,54044.0,-0.010001709981291015,-1.0
2022-05-17 15:00:00,4760.493,4762.327,4757.73,4760.33,1634.0,-0.007725094688813662,-1.0
2022-05-17 21:00:00,4760.72,4767.316,4719.046,4728.566,111376.0,-0.0005676139446927878,0.0
2022-05-17 22:00:00,4728.274,4748.609,4722.455,4737.856,51543.0,0.004549948331059405,1.0
2022-05-17 23:00:00,4738.035,4740.966,4737.196,4739.817,729.0,0.0022456563196427697,0.0
2022-05-18 09:00:00,4739.796,4748.438,4704.1,4712.806,75547.0,0.006801255982105098,1.0
2022-05-18 10:00:00,4712.663,4754.083,4707.857,4730.625,92099.0,0.003373972783723132,1.0
2022-05-18 11:00:00,4732.25,4735.843,4706.208,4707.136,36548.0,0.010784052128512902,1.0
2022-05-18 13:00:00,4719.386,4736.004,4711.74,4726.452,49811.0,0.006758769580226289,1.0
2022-05-18 14:00:00,4727.068,4743.54,4668.182,4672.947,121892.0,0.025992162975527013,1.0
2022-05-18 15:00:00,4671.896,4672.96,4665.532,4667.149,4646.0,0.016628567033107205,1.0
2022-05-18 21:00:00,4669.731,4669.731,4623.263,4639.592,122913.0,0.02254206835428638,1.0
2022-05-18 22:00:00,4640.674,4648.319,4630.91,4639.906,41411.0,0.025842549396474877,1.0
2022-05-18 23:00:00,4639.928,4640.838,4634.02,4637.485,1045.0,0.02427457986387025,1.0
2022-05-19 09:00:00,4620.959,4654.762,4605.561,4642.14,127560.0,0.01620114860818494,1.0
2022-05-19 10:00:00,4641.953,4669.449,4636.557,4661.831,60979.0,0.011335031235580965,1.0
2022-05-19 11:00:00,4660.985,4682.209,4659.033,4663.863,40767.0,0.012757664622652938,1.0
2022-05-19 13:00:00,4662.26,4667.886,4646.316,4665.852,38912.0,0.01182463567211315,1.0
2022-05-19 14:00:00,4666.902,4711.923,4664.452,4700.884,117626.0,0.0006354124032841653,0.0
2022-05-19 15:00:00,4702.525,4705.564,4700.667,4703.959,1972.0,-0.0024239156846392676,0.0
2022-05-19 21:00:00,4695.098,4729.387,4683.312,4712.675,111870.0,-0.003900969194777916,-1.0
2022-05-19 22:00:00,4713.391,4727.776,4702.911,4723.556,47720.0,-0.010647063356505029,-1.0
2022-05-19 23:00:00,4723.603,4727.592,4719.54,4725.882,1223.0,-0.012730745287334675,-1.0
2022-05-20 09:00:00,4729.047,4767.453,4726.531,4759.413,124556.0,-0.021382468804451122,-1.0
2022-05-20 10:00:00,4760.072,4763.881,4735.191,4750.461,58959.0,-0.024908740435928306,-1.0
2022-05-20 11:00:00,4750.583,4755.467,4733.859,4744.859,25491.0,-0.031227692962003773,-1.0
2022-05-20 13:00:00,4747.579,4761.926,4744.823,4746.586,35034.0,-0.030602626814303965,-1.0
2022-05-20 14:00:00,4747.382,4759.969,4742.735,4757.898,50851.0,-0.02812061124471354,-1.0
2022-05-20 15:00:00,4758.052,4762.746,4757.061,4758.397,3054.0,-0.02554431671001814,-1.0
2022-05-20 21:00:00,4764.182,4803.155,4754.81,4794.407,128315.0,-0.03342373728388105,-1.0
2022-05-20 22:00:00,4795.199,4800.13,4738.943,4744.757,76942.0,-0.017695110624211068,-1.0
2022-05-20 23:00:00,4745.842,4748.073,4743.857,4744.178,2259.0,-0.02422042343267895,-1.0
2022-05-23 09:00:00,4792.719,4828.505,4757.695,4759.813,166663.0,-0.030875162532645724,-1.0
2022-05-23 10:00:00,4760.721,4767.516,4741.079,4750.058,55567.0,-0.03393011201126388,-1.0
2022-05-23 11:00:00,4750.71,4762.355,4717.303,4717.348,48414.0,-0.011312712142500401,-1.0
2022-05-23 13:00:00,4720.627,4725.981,4704.141,4714.673,49610.0,-0.0112071399225354,-1.0
2022-05-23 14:00:00,4714.441,4741.715,4679.802,4723.363,120998.0,-0.022006566084376875,-1.0
2022-05-23 15:00:00,4723.622,4723.978,4720.225,4721.024,1823.0,-0.02565206192554841,-1.0
2022-05-23 21:00:00,4725.056,4738.838,4701.41,4703.871,82105.0,-0.022904327095704897,-1.0
2022-05-23 22:00:00,4703.92,4723.87,4685.513,4692.557,56036.0,-0.023310531976489475,-1.0
2022-05-23 23:00:00,4691.831,4697.886,4691.831,4694.291,1240.0,-0.017534064249532123,-1.0
2022-05-24 09:00:00,4691.948,4702.161,4672.305,4673.264,80046.0,-0.012353892268872499,-1.0
2022-05-24 10:00:00,4673.36,4695.764,4662.215,4665.718,74861.0,-0.013246621420325937,-1.0
2022-05-24 11:00:00,4666.202,4676.808,4654.671,4657.645,40791.0,-0.0073000411151988185,-1.0
2022-05-24 13:00:00,4654.717,4657.111,4622.568,4632.133,80981.0,-0.0022926802835755993,0.0
2022-05-24 14:00:00,4632.277,4648.398,4594.574,4596.688,129021.0,0.01463967099790107,1.0
2022-05-24 15:00:00,4598.238,4602.592,4596.219,4601.328,3633.0,0.012569632071436665,1.0
2022-05-24 21:00:00,4615.463,4636.643,4585.693,4624.103,157404.0,0.008672600934711026,1.0
2022-05-24 22:00:00,4624.103,4637.91,4607.546,4636.847,56742.0,0.007857494543166983,1.0
2022-05-24 23:00:00,4636.888,4637.839,4630.486,4634.16,2062.0,0.011724023339720712,1.0
2022-05-25 09:00:00,4639.083,4666.475,4633.636,4660.798,86385.0,0.007363545899221682,1.0
2022-05-25 10:00:00,4661.218,4669.372,4629.06,4629.272,67336.0,0.010205060320499679,1.0
2022-05-25 11:00:00,4630.057,4636.556,4609.623,4612.853,44108.0,0.01651927776584253,1.0
2022-05-25 13:00:00,4612.626,4624.082,4587.54,4588.888,55699.0,0.021444628851259858,1.0
2022-05-25 14:00:00,4589.004,4667.52,4588.894,4663.982,120476.0,0.012567801505237368,1.0
2022-05-25 15:00:00,4663.731,4664.574,4658.959,4661.835,3813.0,0.014441523563146189,1.0
2022-05-25 21:00:00,4649.021,4649.021,4570.361,4619.418,248458.0,0.024667393165113124,1.0
2022-05-25 22:00:00,4619.375,4622.57,4595.569,4599.92,64387.0,0.024079549209551496,1.0
2022-05-25 23:00:00,4600.039,4601.001,4594.914,4596.132,1678.0,0.02516550873647682,1.0
2022-05-26 09:00:00,4595.116,4623.825,4581.025,4583.171,133199.0,0.024454684322273795,1.0
2022-05-26 10:00:00,4583.667,4622.349,4576.225,4611.981,75952.0,0.021381701268934128,1.0
2022-05-26 11:00:00,4612.072,4617.485,4577.168,4615.531,78832.0,0.0220414509186484,1.0
2022-05-26 13:00:00,4616.243,4641.502,4595.691,4603.913,89377.0,0.02549787539425709,1.0
2022-05-26 14:00:00,4602.908,4635.304,4598.219,4623.644,83255.0,0.027598361811592666,1.0
2022-05-26 15:00:00,4624.528,4624.54,4619.8,4621.513,2855.0,0.030547355379071786,1.0
2022-05-26 21:00:00,4634.574,4664.138,4619.371,4663.982,144662.0,0.021618436777843576,1.0
2022-05-26 22:00:00,4663.3,4668.868,4645.636,4659.165,69051.0,0.022234670804747256,1.0
2022-05-26 23:00:00,4659.433,4665.805,4659.28,4664.206,1148.0,0.019909497993870786,1.0
2022-05-27 09:00:00,4665.836,4696.489,4659.452,4673.281,120434.0,0.016990846473815772,1.0
2022-05-27 10:00:00,4673.373,4698.179,4671.47,4688.491,49599.0,0.016164262659350323,1.0
2022-05-27 11:00:00,4687.483,4702.679,4682.014,4695.118,35562.0,0.017140570268947417,1.0
2022-05-27 13:00:00,4690.337,4690.363,4669.485,4676.514,60542.0,0.02138066944737043,1.0
2022-05-27 14:00:00,4676.68,4696.389,4654.931,4689.054,97058.0,0.016285374406010314,1.0
2022-05-27 15:00:00,4687.773,4690.11,4686.012,4687.295,2183.0,0.01695775495248323,1.0
2022-05-27 21:00:00,4685.336,4726.139,4685.336,4722.598,121736.0,0.008449586435263058,1.0
2022-05-27 22:00:00,4722.779,4744.595,4714.204,4729.159,83497.0,0.008887626742936736,1.0
2022-05-27 23:00:00,4729.202,4735.748,4729.131,4733.367,1660.0,0.01558510041583497,1.0
2022-05-30 09:00:00,4720.387,4732.527,4698.902,4710.684,142609.0,0.020630125051903245,1.0
2022-05-30 10:00:00,4711.661,4729.498,4707.778,4711.796,62884.0,0.01875781549116299,1.0
2022-05-30 11:00:00,4711.783,4712.59,4691.754,4695.251,48278.0,0.02168787142583004,1.0
2022-05-30 13:00:00,4696.095,4715.295,4692.92,4710.593,37255.0,0.019622582549585627,1.0
2022-05-30 14:00:00,4710.684,4723.035,4704.133,4717.264,56910.0,0.017561874849489036,1.0
2022-05-30 15:00:00,4717.276,4721.352,4715.235,4721.303,2826.0,0.017184239181429473,1.0
2022-05-30 21:00:00,4721.115,4752.151,4703.683,4751.249,125361.0,0.010914603717885586,1.0
2022-05-30 22:00:00,4750.695,4777.784,4750.551,4762.688,93570.0,0.006634488759288863,1.0
2022-05-30 23:00:00,4763.584,4765.63,4762.606,4764.81,577.0,0.005189713755637508,1.0
2022-05-31 09:00:00,4764.883,4781.31,4757.611,4762.76,83506.0,0.013579941042588726,1.0
2022-05-31 10:00:00,4761.858,4773.031,4751.429,4757.068,43529.0,0.02125784201529177,1.0
2022-05-31 11:00:00,4757.28,4761.491,4741.017,4752.684,35311.0,0.023818541270574735,1.0
2022-05-31 13:00:00,4756.122,4770.448,4754.526,4764.277,44319.0,0.020898868810524704,1.0
2022-05-31 14:00:00,4764.289,4783.12,4756.568,4775.595,76895.0,0.014843386007397928,1.0
2022-05-31 15:00:00,4776.532,4780.066,4774.754,4776.501,3779.0,0.01608960199108089,1.0
2022-05-31 21:00:00,4774.352,4783.963,4757.096,4765.417,102916.0,0.021660643758982634,1.0
2022-05-31 22:00:00,4764.804,4784.118,4757.809,4766.781,61412.0,0.019488833239874107,1.0
2022-05-31 23:00:00,4766.472,4767.692,4762.379,4762.502,1563.0,0.014780256260259757,1.0
2022-06-01 09:00:00,4761.924,4774.178,4747.306,4771.19,69213.0,0.012766626355269916,1.0
2022-06-01 10:00:00,4771.145,4811.548,4769.553,4807.137,95177.0,0.005839234454936612,1.0
2022-06-01 11:00:00,4807.906,4814.372,4798.575,4807.866,34414.0,0.004654247851333712,1.0
2022-06-01 13:00:00,4807.501,4807.728,4790.327,4800.179,37924.0,0.006644960531680159,1.0
2022-06-01 14:00:00,4799.463,4808.69,4792.981,4797.081,46504.0,0.009730709154171065,1.0
2022-06-01 15:00:00,4799.834,4803.293,4798.794,4803.027,1778.0,0.005895448849236077,1.0
2022-06-01 21:00:00,4800.644,4803.27,4784.142,4800.108,82752.0,0.008163774648403723,1.0
2022-06-01 22:00:00,4800.073,4806.897,4789.864,4802.435,38650.0,0.0035111354968883845,1.0
2022-06-01 23:00:00,4802.175,4803.181,4799.687,4803.107,655.0,-0.0008688126248280071,0.0
2022-06-02 09:00:00,4795.542,4805.647,4781.814,4794.286,72592.0,0.0006634981726162322,0.0
2022-06-02 10:00:00,4794.168,4801.699,4785.991,4789.538,29687.0,0.004039638061124239,1.0
2022-06-02 11:00:00,4790.353,4834.402,4789.447,4827.438,52192.0,0.0017307317048918212,0.0
2022-06-02 13:00:00,4831.055,4858.564,4820.976,4858.193,93828.0,-0.003974111361981664,-1.0
2022-06-02 14:00:00,4856.714,4871.526,4853.717,4865.886,115145.0,-0.002674949639181956,0.0
2022-06-02 15:00:00,4865.827,4867.605,4860.227,4863.845,4807.0,-0.004827456467054454,-1.0
2022-06-06 09:00:00,4814.634,4868.904,4814.634,4846.481,142829.0,-0.003471384701600938,-1.0
2022-06-06 10:00:00,4847.539,4860.787,4843.939,4853.353,33031.0,0.0009117408109404327,0.0
2022-06-06 11:00:00,4854.046,4869.046,4836.441,4868.639,40531.0,-0.004081838887623523,-1.0
2022-06-06 13:00:00,4869.855,4872.433,4854.147,4859.68,32436.0,-0.0009076729331972595,0.0
2022-06-06 14:00:00,4859.769,4864.224,4818.003,4832.893,65847.0,0.008596921140194863,1.0
2022-06-06 15:00:00,4832.962,4833.919,4829.423,4832.102,1967.0,0.006202269736855773,1.0
2022-06-06 21:00:00,4840.858,4851.073,4828.378,4835.207,72914.0,0.005980095578121053,1.0
2022-06-06 22:00:00,4836.193,4843.03,4820.891,4830.243,41653.0,0.0064354940320807946,1.0
2022-06-06 23:00:00,4829.711,4832.437,4828.565,4832.076,1153.0,0.00631198681477692,1.0
2022-06-07 09:00:00,4831.364,4855.299,4827.769,4843.76,63204.0,-0.00029006391728753176,0.0
2022-06-07 10:00:00,4843.504,4848.106,4829.762,4831.343,28641.0,0.0029416251340466707,0.0
2022-06-07 11:00:00,4830.579,4843.798,4816.435,4839.295,48182.0,0.0037769964426637033,1.0
2022-06-07 13:00:00,4836.121,4845.158,4818.228,4819.297,47924.0,0.00847426502247115,1.0
2022-06-07 14:00:00,4819.927,4823.637,4792.201,4798.934,93522.0,0.014281088258350635,1.0
2022-06-07 15:00:00,4799.272,4801.116,4796.124,4797.467,4513.0,0.009500430122812816,1.0
2022-06-07 21:00:00,4788.105,4815.091,4772.81,4808.886,117096.0,0.007069412749647046,1.0
2022-06-07 22:00:00,4809.845,4839.737,4805.208,4835.793,60268.0,-0.0006389851674790952,0.0
2022-06-07 23:00:00,4835.938,4841.232,4834.078,4838.886,1401.0,0.005238189120388401,1.0
2022-06-08 09:00:00,4841.596,4854.703,4830.041,4852.87,69033.0,0.002946091694193432,0.0
2022-06-08 10:00:00,4851.791,4861.359,4831.691,4840.365,69862.0,0.004545111783925386,1.0
2022-06-08 11:00:00,4838.424,4863.1,4822.477,4829.657,65134.0,0.007532418968883277,1.0
2022-06-08 13:00:00,4832.533,4859.556,4825.351,4857.778,60378.0,0.0020070904845795753,0.0
2022-06-08 14:00:00,4858.56,4866.968,4841.414,4848.766,88439.0,-0.001593601341042208,0.0
2022-06-08 15:00:00,4849.705,4859.35,4847.335,4855.269,3625.0,-0.007495156293091182,-1.0
2022-06-08 21:00:00,4856.123,4885.546,4849.768,4874.441,102342.0,-0.012881477076038046,-1.0
2022-06-08 22:00:00,4873.567,4878.999,4857.083,4862.072,38899.0,-0.015259749341433121,-1.0
2022-06-08 23:00:00,4861.262,4866.782,4860.987,4864.122,909.0,-0.02005788506127114,-1.0
2022-06-09 09:00:00,4867.57,4876.161,4849.467,4861.328,63704.0,-0.023165480708152317,-1.0
2022-06-09 10:00:00,4861.371,4866.82,4845.233,4862.576,44562.0,-0.02221703064383984,-1.0
2022-06-09 11:00:00,4862.548,4873.553,4839.835,4842.355,44917.0,-0.015417911326203812,-1.0
2022-06-09 13:00:00,4833.506,4855.828,4818.447,4845.555,66085.0,-0.01586980232398562,-1.0
2022-06-09 14:00:00,4846.132,4869.098,4842.727,4857.573,80845.0,-0.012912415315220162,-1.0
2022-06-09 15:00:00,4856.633,4861.806,4856.192,4860.137,2091.0,-0.022885774619110545,-1.0
2022-06-09 21:00:00,4825.168,4882.465,4825.168,4867.468,141089.0,-0.02439728417320868,-1.0
2022-06-09 22:00:00,4868.153,4868.164,4841.759,4843.045,60967.0,-0.025367305073564352,-1.0
2022-06-09 23:00:00,4844.545,4845.011,4840.875,4842.882,1493.0,-0.02527709739778912,-1.0
2022-06-10 09:00:00,4840.922,4849.878,4814.763,4832.703,105202.0,-0.029300165973369385,-1.0
2022-06-10 10:00:00,4831.861,4865.088,4829.069,4864.233,53292.0,-0.03734895100625319,-1.0
2022-06-10 11:00:00,4864.387,4876.788,4862.481,4867.167,49879.0,-0.03714008580350761,-1.0
2022-06-10 13:00:00,4866.418,4870.687,4846.726,4862.365,36613.0,-0.03528838332786618,-1.0
2022-06-10 14:00:00,4862.354,4898.856,4852.29,4866.036,167511.0,-0.04054758328956064,-1.0
2022-06-10 15:00:00,4865.892,4868.48,4863.656,4867.528,2717.0,-0.03984733112988781,-1.0
2022-06-10 21:00:00,4844.703,4864.249,4830.717,4841.039,123007.0,-0.03498174668702317,-1.0
2022-06-10 22:00:00,4840.958,4842.769,4807.257,4818.878,95359.0,-0.026427728612345006,-1.0
2022-06-10 23:00:00,4819.18,4819.772,4810.692,4811.651,2153.0,-0.02150446904814995,-1.0
2022-06-13 09:00:00,4795.198,4798.422,4757.632,4787.878,177226.0,-0.019937642521384177,-1.0
2022-06-13 10:00:00,4788.184,4792.319,4761.146,4766.558,49905.0,-0.012472941690838636,-1.0
2022-06-13 11:00:00,4767.141,4769.993,4745.877,4748.713,49043.0,-0.021274185237136808,-1.0
2022-06-13 13:00:00,4749.42,4758.658,4741.022,4754.544,48072.0,-0.02309537991445657,-1.0
2022-06-13 14:00:00,4754.874,4773.105,4745.118,4767.696,64090.0,-0.019025122407133367,-1.0
2022-06-13 15:00:00,4768.364,4772.066,4765.689,4768.657,3087.0,-0.018296975437738634,-1.0
2022-06-13 21:00:00,4771.424,4795.723,4759.735,4794.85,99480.0,-0.024075622803633127,-1.0
2022-06-13 22:00:00,4795.153,4798.669,4748.804,4748.909,84519.0,-0.020582832814863394,-1.0
2022-06-13 23:00:00,4749.851,4751.103,4747.7,4748.715,1333.0,-0.023154474420974878,-1.0
2022-06-14 09:00:00,4757.579,4757.88,4715.746,4720.19,104637.0,-0.01926024164281509,-1.0
2022-06-14 10:00:00,4720.145,4736.201,4714.655,4720.468,57873.0,-0.024982268707255274,-1.0
2022-06-14 11:00:00,4720.391,4720.485,4685.446,4691.104,72612.0,-0.018495006719100798,-1.0
2022-06-14 13:00:00,4696.046,4705.475,4677.945,4682.559,53939.0,-0.017708052370509344,-1.0
2022-06-14 14:00:00,4681.581,4719.229,4679.882,4686.4,102077.0,-0.04255441276886303,-1.0
2022-06-14 15:00:00,4686.714,4691.784,4683.851,4690.78,3839.0,-0.03725627720762848,-1.0
2022-06-14 21:00:00,4696.229,4696.229,4650.579,4668.73,134989.0,-0.03203098058786862,-1.0
2022-06-14 22:00:00,4668.507,4680.979,4659.476,4673.57,55449.0,-0.031823638032595976,-1.0
2022-06-14 23:00:00,4674.223,4675.851,4671.653,4671.691,1192.0,-0.035245695830481975,-1.0
2022-06-15 09:00:00,4669.567,4696.148,4665.54,4691.526,75797.0,-0.04230073541103682,-1.0
2022-06-15 10:00:00,4691.547,4710.053,4672.355,4708.179,61050.0,-0.04782549686407426,-1.0
2022-06-15 11:00:00,4708.003,4708.101,4677.962,4692.419,33818.0,-0.052226367679442144,-1.0
2022-06-15 13:00:00,4701.96,4707.959,4680.852,4707.105,37567.0,-0.055774409111332586,-1.0
2022-06-15 14:00:00,4707.49,4708.549,4641.611,4647.688,151669.0,-0.04798902163828563,-1.0
2022-06-15 15:00:00,4647.962,4651.588,4639.977,4644.736,4982.0,-0.05580618575522913,-1.0
2022-06-15 21:00:00,4650.893,4681.584,4646.898,4676.99,91223.0,-0.06390841117898466,-1.0
2022-06-15 22:00:00,4676.903,4681.52,4662.958,4681.405,51850.0,-0.10765336474840353,-1.0
2022-06-15 23:00:00,4679.826,4682.292,4677.268,4679.411,1520.0,-0.10305121734337934,-1.0
2022-06-16 09:00:00,4686.666,4696.002,4650.276,4651.163,84586.0,-0.0975566756099495,-1.0
2022-06-16 10:00:00,4650.443,4659.654,4637.1,4638.761,62557.0,-0.08622561067491955,-1.0
2022-06-16 11:00:00,4638.019,4644.075,4621.904,4629.278,52080.0,-0.0896967086444151,-1.0
2022-06-16 13:00:00,4629.134,4632.017,4600.555,4602.54,63095.0,-0.08472147987850191,-1.0
2022-06-16 14:00:00,4601.807,4623.796,4595.157,4604.342,106446.0,-0.09054692288279187,-1.0
2022-06-16 15:00:00,4604.383,4605.312,4597.237,4599.64,2602.0,-0.08100894852640643,-1.0
2022-06-16 21:00:00,4594.388,4594.388,4476.122,4486.973,252771.0,-0.058232576839664416,-1.0
2022-06-16 22:00:00,4487.687,4538.124,4478.249,4516.019,135050.0,-0.04663133613919707,-1.0
2022-06-16 23:00:00,4516.349,4521.266,4515.067,4519.186,1256.0,-0.05287700041556142,-1.0
2022-06-17 09:00:00,4517.176,4536.696,4508.437,4524.84,81115.0,-0.0524445063250855,-1.0
2022-06-17 10:00:00,4523.805,4525.03,4503.322,4507.034,45885.0,-0.05396675507662014,-1.0
2022-06-17 11:00:00,4506.206,4508.778,4486.816,4493.071,47502.0,-0.049159027311164234,-1.0
2022-06-17 13:00:00,4494.305,4505.515,4471.962,4483.008,80540.0,-0.04461647179750731,-1.0
2022-06-17 14:00:00,4482.797,4485.936,4446.545,4447.351,119040.0,-0.03508987709762504,-1.0
2022-06-17 15:00:00,4448.032,4448.315,4442.36,4444.569,4296.0,-0.03519621362611328,-1.0
2022-06-17 21:00:00,4443.543,4443.543,4407.681,4424.65,160190.0,-0.03102053269750132,-1.0
2022-06-17 22:00:00,4424.935,4428.375,4385.282,4385.531,101770.0,-0.03775460713879337,-1.0
2022-06-17 23:00:00,4386.811,4387.32,4374.904,4378.091,3965.0,-0.0399041500051051,-1.0
2022-06-20 09:00:00,4303.511,4303.511,4175.542,4177.436,366767.0,0.006797470984594532,1.0
2022-06-20 10:00:00,4177.901,4215.378,4153.45,4197.192,141997.0,0.0024502095686829792,0.0
2022-06-20 11:00:00,4197.53,4202.678,4177.568,4197.411,46685.0,-0.002296415576173056,0.0
2022-06-20 13:00:00,4196.392,4250.428,4174.505,4238.781,97295.0,-0.011793484966550473,-1.0
2022-06-20 14:00:00,4239.395,4240.735,4163.097,4214.047,174239.0,0.0018248491295898006,0.0
2022-06-20 15:00:00,4213.827,4217.953,4212.223,4212.606,5507.0,0.005419685581799042,1.0
2022-06-20 21:00:00,4197.915,4220.018,4184.795,4187.433,160365.0,0.010810919243364714,1.0
2022-06-20 22:00:00,4187.528,4233.855,4174.003,4227.028,118451.0,-0.002531092767779282,0.0
2022-06-20 23:00:00,4226.73,4229.551,4222.56,4225.685,1580.0,-0.007338455185372363,-1.0
2022-06-21 09:00:00,4232.923,4318.944,4232.105,4305.431,224299.0,-0.014029257465744809,-1.0
2022-06-21 10:00:00,4305.667,4316.755,4276.094,4280.225,79087.0,-0.0017844856286760437,0.0
2022-06-21 11:00:00,4280.322,4289.737,4259.677,4287.537,74421.0,-0.003497112677978195,-1.0
2022-06-21 13:00:00,4286.239,4293.033,4254.963,4263.804,57818.0,0.0030341450967258103,1.0
2022-06-21 14:00:00,4265.338,4291.543,4263.058,4272.196,84391.0,0.003582700793690293,1.0
2022-06-21 15:00:00,4273.495,4284.463,4272.218,4282.992,2459.0,-0.0001447586173403758,0.0
2022-06-21 21:00:00,4290.568,4302.943,4273.086,4291.294,130897.0,-0.0013767409084531257,0.0
2022-06-21 22:00:00,4290.861,4325.092,4284.001,4288.137,75391.0,-0.004029488796649814,-1.0
2022-06-21 23:00:00,4288.579,4289.38,4286.213,4287.395,1451.0,-0.002585019574823532,0.0
2022-06-22 09:00:00,4280.847,4281.813,4217.309,4219.957,161830.0,0.008273780988763621,1.0
2022-06-22 10:00:00,4220.786,4232.042,4198.504,4203.387,134177.0,0.016053482584401643,1.0
2022-06-22 11:00:00,4203.562,4215.672,4187.002,4205.832,57702.0,0.01006031624658329,1.0
2022-06-22 13:00:00,4207.011,4231.309,4197.024,4207.476,52054.0,0.00910355757228343,1.0
2022-06-22 14:00:00,4208.122,4209.352,4161.211,4187.772,106829.0,0.008369844394585088,1.0
2022-06-22 15:00:00,4189.339,4191.516,4188.467,4188.791,2358.0,0.029723612374071517,1.0
2022-06-22 21:00:00,4199.765,4240.41,4193.158,4221.737,162085.0,0.023153502930191906,1.0
2022-06-22 22:00:00,4220.17,4240.729,4211.507,4235.437,57801.0,0.024914312265770955,1.0
2022-06-22 23:00:00,4235.765,4236.006,4230.405,4232.703,1271.0,0.020863263971036942,1.0
2022-06-23 09:00:00,4228.122,4236.024,4202.12,4216.329,80422.0,0.024175058445391785,1.0
2022-06-23 10:00:00,4217.334,4228.573,4183.835,4194.675,85403.0,0.03298086264132502,1.0
2022-06-23 11:00:00,4195.174,4248.918,4187.948,4245.029,65287.0,0.019925658929538317,1.0
2022-06-23 13:00:00,4254.624,4286.503,4248.019,4272.587,107934.0,0.013325884294456658,1.0
2022-06-23 14:00:00,4272.452,4299.562,4266.256,4272.543,131963.0,0.010969579475268101,1.0
2022-06-23 15:00:00,4273.279,4277.893,4269.739,4276.741,3273.0,0.010306445959668923,1.0
2022-06-23 21:00:00,4308.963,4313.407,4281.004,4287.502,132977.0,0.007722678613327731,1.0
2022-06-23 22:00:00,4287.304,4301.969,4278.773,4282.372,67760.0,0.006406496212846406,1.0
2022-06-23 23:00:00,4282.33,4287.481,4280.794,4285.386,1123.0,0.013166608562215859,1.0
2022-06-24 09:00:00,4282.037,4294.328,4267.099,4270.858,122010.0,0.013442497971133682,1.0
2022-06-24 10:00:00,4269.842,4286.284,4260.496,4276.312,65858.0,0.01806018831179759,1.0
2022-06-24 11:00:00,4277.575,4287.039,4244.204,4254.872,53292.0,0.031239717669532565,1.0
2022-06-24 13:00:00,4255.906,4292.148,4254.839,4270.866,50613.0,0.027561389188984212,1.0
2022-06-24 14:00:00,4270.389,4280.352,4246.166,4248.144,75413.0,0.03943651627628445,1.0
2022-06-24 15:00:00,4246.601,4248.277,4243.712,4245.779,5063.0,0.036810441617427504,1.0
2022-06-24 21:00:00,4252.19,4280.351,4221.232,4222.823,159105.0,0.043554749985969095,1.0
2022-06-24 22:00:00,4222.694,4325.048,4218.09,4313.297,151498.0,0.01903694551986568,1.0
2022-06-24 23:00:00,4312.713,4327.157,4312.675,4319.485,4153.0,0.017531719637873512,1.0
2022-06-27 09:00:00,4346.927,4351.755,4325.834,4340.96,149074.0,0.01129727064981022,1.0
2022-06-27 10:00:00,4341.396,4346.907,4316.269,4321.011,52929.0,0.020970555270514137,1.0
2022-06-27 11:00:00,4321.374,4338.703,4312.123,4318.259,25985.0,0.013068924304910938,1.0
2022-06-27 13:00:00,4315.179,4335.741,4311.852,4333.019,31313.0,0.009342677703467252,1.0
2022-06-27 14:00:00,4333.891,4342.116,4316.024,4329.614,69000.0,0.01623216295956186,1.0
2022-06-27 15:00:00,4328.652,4331.192,4326.498,4329.523,2220.0,0.020083505734927433,1.0
2022-06-27 21:00:00,4327.912,4348.672,4317.502,4319.411,92143.0,0.02185436857015925,1.0
2022-06-27 22:00:00,4319.231,4335.48,4315.56,4320.819,49201.0,0.018557824338394986,1.0
2022-06-27 23:00:00,4320.847,4322.696,4317.531,4320.613,894.0,0.01488515634239866,1.0
2022-06-28 09:00:00,4321.542,4339.924,4304.555,4309.807,73935.0,0.020848497392110615,1.0
2022-06-28 10:00:00,4309.662,4342.718,4305.261,4341.81,59725.0,0.010546983861569175,1.0
2022-06-28 11:00:00,4342.132,4346.554,4314.781,4328.269,49367.0,0.01689936554313041,1.0
2022-06-28 13:00:00,4330.238,4357.789,4330.131,4353.543,50549.0,0.011126569784655971,1.0
2022-06-28 14:00:00,4354.217,4389.041,4352.552,4387.793,120186.0,-0.008063735002995722,-1.0
2022-06-28 15:00:00,4388.107,4389.507,4386.183,4388.577,2261.0,-0.010220625045430504,-1.0
2022-06-28 21:00:00,4384.369,4423.241,4384.369,4415.676,105924.0,-0.017277309295337828,-1.0
2022-06-28 22:00:00,4415.732,4419.084,4386.714,4402.068,65875.0,-0.006150291181326714,-1.0
2022-06-28 23:00:00,4402.261,4406.747,4402.163,4406.747,894.0,-0.011045335709084269,-1.0
2022-06-29 09:00:00,4403.791,4405.667,4391.576,4395.409,55509.0,-0.012309434685145244,-1.0
2022-06-29 10:00:00,4395.726,4418.981,4394.179,4395.213,68848.0,-0.020587625673659068,-1.0
2022-06-29 11:00:00,4395.264,4402.546,4383.098,4390.001,36137.0,-0.021023457625636205,-1.0
2022-06-29 13:00:00,4397.931,4423.38,4376.439,4411.625,89212.0,-0.024652820672654636,-1.0
2022-06-29 14:00:00,4412.382,4433.155,4366.374,4374.694,176937.0,-0.014446724730918488,-1.0
2022-06-29 15:00:00,4374.271,4377.115,4372.442,4373.501,2356.0,-0.028524973470910354,-1.0
2022-06-29 21:00:00,4381.474,4416.031,4381.474,4399.893,114678.0,-0.03506608001603681,-1.0
2022-06-29 22:00:00,4398.891,4417.42,4396.962,4416.475,55990.0,-0.04780282917937966,-1.0
2022-06-29 23:00:00,4415.614,4416.591,4412.267,4413.809,1139.0,-0.049946429489812684,-1.0
2022-06-30 09:00:00,4401.793,4410.658,4386.384,4401.004,78218.0,-0.046975417427477816,-1.0
2022-06-30 10:00:00,4400.276,4405.2,4374.624,4384.926,56754.0,-0.04575561822480019,-1.0
2022-06-30 11:00:00,4384.973,4406.507,4356.923,4399.66,97262.0,-0.04998158948646033,-1.0
2022-06-30 13:00:00,4404.403,4422.198,4378.013,4387.603,97773.0,-0.047634665214697045,-1.0
2022-06-30 14:00:00,4386.96,4422.9,4383.544,4401.414,95870.0,-0.06063006115761894,-1.0
2022-06-30 15:00:00,4401.087,4405.513,4398.686,4401.983,1755.0,-0.050505419943693675,-1.0
2022-06-30 21:00:00,4389.535,4389.535,4325.396,4352.411,172661.0,-0.03740869141264467,-1.0
2022-06-30 22:00:00,4351.943,4360.424,4331.953,4343.723,58084.0,-0.03111961789460336,-1.0
2022-06-30 23:00:00,4343.797,4343.945,4336.287,4339.385,1564.0,-0.0296055777489207,-1.0
2022-07-01 09:00:00,4339.487,4378.198,4334.881,4374.994,102463.0,-0.03207135826929132,-1.0
2022-07-01 10:00:00,4375.996,4392.229,4351.815,4358.073,72954.0,-0.023570968177908023,-1.0
2022-07-01 11:00:00,4357.339,4364.904,4334.715,4341.304,42232.0,-0.019834823822519772,-1.0
2022-07-01 13:00:00,4335.723,4335.813,4302.931,4304.726,90275.0,-0.012115521406008082,-1.0
2022-07-01 14:00:00,4303.861,4329.23,4295.568,4297.708,117112.0,-0.028481460350493742,-1.0
2022-07-01 15:00:00,4297.457,4304.491,4296.336,4302.866,2480.0,-0.028509137862996494,-1.0
2022-07-01 21:00:00,4299.193,4329.942,4299.193,4311.494,107814.0,-0.031233720840154196,-1.0
2022-07-01 22:00:00,4312.059,4317.088,4248.42,4248.747,119877.0,-0.014556997627771236,-1.0
2022-07-01 23:00:00,4248.4,4249.359,4243.278,4245.606,5020.0,-0.017053866986244025,-1.0
2022-07-04 09:00:00,4197.092,4219.424,4165.339,4205.355,236212.0,-0.009403486744876274,-1.0
2022-07-04 10:00:00,4205.798,4216.432,4187.788,4193.355,74836.0,-0.005930335018141676,-1.0
2022-07-04 11:00:00,4193.127,4204.02,4185.297,4194.265,28569.0,0.007451841979464842,1.0
2022-07-04 13:00:00,4195.568,4206.135,4182.249,4184.291,45896.0,0.0102552618830765,1.0
2022-07-04 14:00:00,4184.367,4192.86,4172.038,4179.758,80690.0,0.009393606041306679,1.0
2022-07-04 15:00:00,4181.786,4182.558,4177.639,4178.601,2626.0,0.00910711503682699,1.0
2022-07-04 21:00:00,4169.213,4190.802,4128.888,4134.556,144650.0,0.020113405163698538,1.0
2022-07-04 22:00:00,4134.253,4208.217,4123.276,4179.659,171012.0,0.0037115468032200526,1.0
2022-07-04 23:00:00,4179.52,4189.593,4178.495,4189.593,2008.0,0.005369972691858255,1.0
2022-07-05 09:00:00,4196.951,4218.346,4177.439,4208.548,117993.0,0.004544085038355223,1.0
2022-07-05 10:00:00,4209.219,4234.794,4193.19,4210.915,95532.0,-0.0006084188353362389,0.0
2022-07-05 11:00:00,4211.292,4238.282,4210.893,4234.682,58266.0,-0.010031449823150726,-1.0
2022-07-05 13:00:00,4232.384,4263.823,4220.531,4255.349,70605.0,-0.014170165596288337,-1.0
2022-07-05 14:00:00,4256.295,4268.647,4246.373,4255.195,91436.0,0.00011303829789250004,0.0
2022-07-05 15:00:00,4255.138,4255.277,4250.534,4252.572,2718.0,-0.004492340164963761,-1.0
2022-07-05 21:00:00,4215.163,4219.591,4173.64,4175.303,202483.0,0.013550633331281689,1.0
2022-07-05 22:00:00,4175.886,4208.009,4172.535,4180.195,77882.0,0.00038802017609233504,0.0
2022-07-05 23:00:00,4180.163,4181.068,4176.457,4176.83,1527.0,0.0018911471139597116,0.0
2022-07-06 09:00:00,4177.375,4226.242,4176.193,4186.898,133042.0,-0.0038037707152169422,-1.0
2022-07-06 10:00:00,4188.001,4202.175,4163.052,4173.202,95947.0,-0.0031052894156572896,-1.0
2022-07-06 11:00:00,4173.173,4185.717,4146.834,4165.81,69745.0,0.00682580338517587,1.0
2022-07-06 13:00:00,4169.954,4185.431,4142.931,4168.487,90062.0,0.006660450182524288,1.0
2022-07-06 14:00:00,4168.131,4231.062,4164.849,4225.52,162973.0,-0.004648895283894108,-1.0
2022-07-06 15:00:00,4226.694,4230.735,4225.257,4227.202,2915.0,-0.031210479177479676,-1.0
2022-07-06 21:00:00,4226.199,4238.915,4200.747,4219.021,160347.0,-0.030316511816366867,-1.0
2022-07-06 22:00:00,4218.971,4233.598,4213.141,4216.656,66040.0,-0.04541632042073152,-1.0
2022-07-06 23:00:00,4216.603,4219.546,4216.516,4217.716,947.0,-0.04349866136079341,-1.0
2022-07-07 09:00:00,4223.452,4235.687,4182.669,4195.172,101589.0,-0.043052346840606215,-1.0
2022-07-07 10:00:00,4194.184,4220.632,4182.033,4212.091,106832.0,-0.053317461564814345,-1.0
2022-07-07 11:00:00,4212.982,4246.764,4201.763,4227.672,80581.0,-0.04472201249292748,-1.0
2022-07-07 13:00:00,4224.239,4241.387,4202.478,4208.353,79087.0,-0.04014610941620156,-1.0
2022-07-07 14:00:00,4208.179,4225.833,4185.535,4192.202,98125.0,-0.038638643843975126,-1.0
2022-07-07 15:00:00,4192.673,4196.53,4191.301,4195.05,2470.0,-0.042264335347612154,-1.0
2022-07-07 21:00:00,4215.783,4268.919,4209.534,4255.676,161915.0,-0.05496659050172065,-1.0
2022-07-07 22:00:00,4255.772,4262.812,4228.104,4233.468,56347.0,-0.04645718356675892,-1.0
2022-07-07 23:00:00,4232.009,4233.852,4229.74,4231.881,2108.0,-0.054989495215012014,-1.0
2022-07-08 09:00:00,4240.193,4241.479,4175.939,4181.817,132126.0,-0.043765186281465696,-1.0
2022-07-08 10:00:00,4182.135,4200.957,4172.479,4184.729,49721.0,-0.05083005375019517,-1.0
2022-07-08 11:00:00,4184.533,4199.37,4169.381,4170.972,48726.0,-0.06345499322460085,-1.0
2022-07-08 13:00:00,4169.151,4175.591,4158.682,4160.243,52592.0,-0.060030868389178316,-1.0
2022-07-08 14:00:00,4160.139,4206.431,4158.619,4194.245,104843.0,-0.0753925915152786,-1.0
2022-07-08 15:00:00,4194.463,4198.096,4192.88,4196.251,3133.0,-0.07380897853822375,-1.0
2022-07-08 21:00:00,4197.565,4239.15,4189.479,4205.876,156233.0,-0.07642736019797074,-1.0
2022-07-08 22:00:00,4205.602,4205.935,4093.297,4095.269,206898.0,-0.04383497152445899,-1.0
2022-07-08 23:00:00,4095.942,4100.175,4087.891,4091.115,6888.0,-0.04371155540726666,-1.0
2022-07-11 09:00:00,4059.99,4075.201,4016.005,4025.151,274584.0,-0.033585075441890246,-1.0
2022-07-11 10:00:00,4024.888,4050.617,4022.93,4034.251,69480.0,-0.0411526203996727,-1.0
2022-07-11 11:00:00,4034.44,4036.89,4013.378,4014.56,55804.0,-0.027510860467896844,-1.0
2022-07-11 13:00:00,4011.527,4028.584,3982.987,3987.513,91142.0,-0.0201396208614241,-1.0
2022-07-11 14:00:00,3985.607,4042.635,3980.938,4038.602,157448.0,-0.045817834983491804,-1.0
2022-07-11 15:00:00,4038.283,4040.862,4036.432,4039.404,4423.0,-0.038052148287222594,-1.0
2022-07-11 21:00:00,4058.862,4063.25,4014.17,4030.221,166049.0,-0.038857422458966846,-1.0
2022-07-11 22:00:00,4030.734,4036.876,4012.007,4017.749,56186.0,-0.03984693916917154,-1.0
2022-07-11 23:00:00,4018.828,4022.122,4017.519,4021.756,930.0,-0.03616554559749524,-1.0
2022-07-12 09:00:00,4011.956,4040.402,3974.684,4036.793,200874.0,-0.03783696612632856,-1.0
2022-07-12 10:00:00,4036.893,4044.748,3996.418,3999.172,66295.0,-0.040159312977786354,-1.0
2022-07-12 11:00:00,3999.153,4021.956,3994.107,3998.799,38259.0,-0.04889343025243326,-1.0
2022-07-12 13:00:00,4000.485,4005.381,3969.253,3972.019,69848.0,-0.046822031818075295,-1.0
2022-07-12 14:00:00,3972.247,3977.803,3904.052,3906.303,162943.0,-0.05486133564139798,-1.0
2022-07-12 15:00:00,3906.944,3914.447,3906.566,3910.5,4035.0,-0.06537834036568209,-1.0
2022-07-12 21:00:00,3904.09,3909.419,3859.649,3878.03,210806.0,-0.056494921390499914,-1.0
2022-07-12 22:00:00,3877.881,3890.47,3866.8,3886.53,68095.0,-0.053215078746336734,-1.0
2022-07-12 23:00:00,3886.578,3887.186,3881.849,3884.432,1470.0,-0.05354965668082226,-1.0
2022-07-13 09:00:00,3866.345,3932.218,3864.308,3915.753,141538.0,-0.06563718395925387,-1.0
2022-07-13 10:00:00,3914.902,3936.887,3908.473,3912.286,50628.0,-0.06993737165432186,-1.0
2022-07-13 11:00:00,3910.315,3914.813,3882.664,3889.966,43198.0,-0.08035802883624169,-1.0
2022-07-13 13:00:00,3891.776,3910.621,3866.858,3868.231,55416.0,-0.07766806067166104,-1.0
2022-07-13 14:00:00,3867.383,3919.265,3855.441,3904.116,159375.0,-0.07222275157807809,-1.0
2022-07-13 15:00:00,3904.735,3908.302,3903.884,3907.206,2606.0,-0.05305760689351937,-1.0
2022-07-13 21:00:00,3877.426,3906.01,3840.926,3853.562,216087.0,-0.030263169503955068,-1.0
2022-07-13 22:00:00,3852.682,3890.259,3801.827,3885.696,233405.0,-0.04295678303192013,-1.0
2022-07-13 23:00:00,3885.306,3886.035,3871.141,3873.617,3762.0,-0.03915771745115747,-1.0
2022-07-14 09:00:00,3870.575,3873.67,3837.82,3857.654,103225.0,-0.027317898391094643,-1.0
2022-07-14 10:00:00,3858.183,3890.276,3851.888,3876.307,80238.0,-0.03548351562453635,-1.0
2022-07-14 11:00:00,3876.595,3902.168,3868.94,3884.053,57602.0,-0.02965124317304628,-1.0
2022-07-14 13:00:00,3888.122,3894.598,3823.038,3838.568,122249.0,-0.017513822863109384,-1.0
2022-07-14 14:00:00,3839.017,3849.403,3803.278,3803.284,153807.0,0.008399583097133928,1.0
2022-07-14 15:00:00,3803.514,3803.922,3783.483,3786.041,15544.0,0.011791472939674986,1.0
2022-07-14 21:00:00,3747.138,3747.138,3673.126,3691.998,334458.0,0.037292544578843144,1.0
2022-07-14 22:00:00,3692.935,3694.575,3649.161,3654.838,165558.0,0.035533175478639524,1.0
2022-07-14 23:00:00,3655.353,3661.707,3654.596,3658.941,2645.0,0.03451025856935113,1.0
2022-07-15 09:00:00,3677.283,3696.495,3642.777,3679.708,186802.0,0.02560719491872721,1.0
2022-07-15 10:00:00,3680.389,3705.464,3665.032,3676.422,131627.0,0.015497132810107261,1.0
2022-07-15 11:00:00,3675.074,3679.329,3648.809,3658.734,61045.0,0.024191974601050575,1.0
2022-07-15 13:00:00,3657.319,3657.457,3624.253,3638.671,80433.0,0.029361544366061122,1.0
2022-07-15 14:00:00,3639.521,3654.499,3557.776,3577.376,210244.0,0.045922765736674004,1.0
2022-07-15 15:00:00,3576.33,3577.461,3567.289,3567.793,6312.0,0.05817630114751604,1.0
2022-07-15 21:00:00,3586.959,3642.58,3584.558,3622.15,239159.0,0.04396339190812079,1.0
2022-07-15 22:00:00,3622.812,3700.195,3617.612,3699.899,161249.0,0.02655964392541527,1.0
2022-07-15 23:00:00,3699.727,3737.392,3699.567,3736.941,16044.0,0.024482859108559647,1.0
2022-07-18 09:00:00,3695.531,3749.97,3680.491,3718.779,280905.0,0.03011875672095602,1.0
2022-07-18 10:00:00,3718.737,3737.855,3704.421,3721.935,75798.0,0.021592531841636134,1.0
2022-07-18 11:00:00,3721.033,3753.262,3720.755,3752.271,54096.0,0.014440854618442989,1.0
2022-07-18 13:00:00,3753.205,3761.432,3732.992,3738.762,66846.0,0.018181419411024198,1.0
2022-07-18 14:00:00,3738.367,3777.984,3731.238,3768.886,114332.0,0.005885558756619395,1.0
2022-07-18 15:00:00,3769.087,3772.313,3764.385,3771.34,4665.0,0.0048136736544570355,1.0
2022-07-18 21:00:00,3768.0,3841.37,3768.0,3835.23,204951.0,-0.011505959225392,-1.0
2022-07-18 22:00:00,3834.897,3846.726,3822.171,3830.684,97843.0,-0.017739129617582648,-1.0
2022-07-18 23:00:00,3830.193,3831.373,3828.586,3829.682,2169.0,-0.014815329314548788,-1.0
2022-07-19 09:00:00,3826.159,3827.645,3781.964,3784.706,114852.0,-0.008291000674821216,-1.0
2022-07-19 10:00:00,3784.573,3798.784,3775.942,3785.212,54239.0,0.0018223549962327443,0.0
2022-07-19 11:00:00,3785.425,3811.175,3762.462,3773.935,60730.0,0.003293644432137765,1.0
2022-07-19 13:00:00,3774.217,3776.977,3731.357,3733.396,90685.0,0.01644668821630483,1.0
2022-07-19 14:00:00,3733.372,3791.103,3719.088,3747.246,178131.0,0.0076586912094909355,1.0
2022-07-19 15:00:00,3747.281,3751.451,3745.508,3745.508,3757.0,0.005117062892403425,1.0
2022-07-19 21:00:00,3729.021,3754.68,3695.215,3741.659,200519.0,0.00593373153459462,1.0
2022-07-19 22:00:00,3742.026,3794.537,3736.649,3775.354,118440.0,0.005442138670969736,1.0
2022-07-19 23:00:00,3775.299,3784.766,3775.108,3781.392,3503.0,0.002580795643509061,0.0
2022-07-20 09:00:00,3789.747,3811.811,3778.89,3798.167,116634.0,-0.002512264468623922,0.0
2022-07-20 10:00:00,3798.256,3831.116,3795.923,3828.432,76806.0,-0.007150185767959258,-1.0
2022-07-20 11:00:00,3828.667,3840.789,3812.431,3830.784,69277.0,-0.007740713128174349,-1.0
2022-07-20 13:00:00,3822.158,3823.71,3791.095,3802.301,71324.0,0.0005054833901892632,0.0
2022-07-20 14:00:00,3803.664,3817.751,3765.939,3806.457,113369.0,0.005847957825347881,1.0
2022-07-20 15:00:00,3807.194,3808.032,3804.116,3806.738,2844.0,0.006846281514514619,1.0
2022-07-20 21:00:00,3804.475,3817.053,3783.984,3791.068,122181.0,0.011527886073264835,1.0
2022-07-20 22:00:00,3790.96,3798.39,3762.452,3789.494,82376.0,0.01021957021174855,1.0
2022-07-20 23:00:00,3788.937,3791.569,3787.197,3791.102,1513.0,0.017962323356111285,1.0
2022-07-21 09:00:00,3786.628,3789.476,3755.494,3762.731,91923.0,0.019473621685950945,1.0
2022-07-21 10:00:00,3763.363,3776.831,3749.492,3772.944,65110.0,0.016460355626799608,1.0
2022-07-21 11:00:00,3773.15,3794.08,3750.618,3753.327,65232.0,0.021320817504043715,1.0
2022-07-21 13:00:00,3754.522,3794.528,3753.769,3792.11,92450.0,0.01121987495088487,1.0
2022-07-21 14:00:00,3792.797,3814.927,3776.113,3786.365,143211.0,0.001847946513344672,0.0
2022-07-21 15:00:00,3786.631,3795.643,3785.691,3794.798,2932.0,0.002524772069554198,0.0
2022-07-21 21:00:00,3761.47,3783.257,3738.493,3775.945,149038.0,0.007837508226417506,1.0
2022-07-21 22:00:00,3775.894,3781.583,3756.399,3764.674,47072.0,0.015765508514150192,1.0
2022-07-21 23:00:00,3764.812,3768.466,3763.468,3763.861,1163.0,0.02229944198258125,1.0
2022-07-22 09:00:00,3764.228,3796.747,3758.644,3795.9,100946.0,0.010398851392291672,1.0
2022-07-22 10:00:00,3796.931,3817.94,3786.909,3791.151,97124.0,0.011681940392244997,1.0
2022-07-22 11:00:00,3790.68,3805.846,3781.29,3788.625,31266.0,0.016370846943152235,1.0
2022-07-22 13:00:00,3788.902,3804.581,3783.836,3801.058,29844.0,0.014093444509397163,1.0
2022-07-22 14:00:00,3800.308,3811.251,3789.559,3801.131,59611.0,0.013232640495684043,1.0
2022-07-22 15:00:00,3801.501,3805.848,3801.33,3804.223,1958.0,0.008004262631291547,1.0
2022-07-22 21:00:00,3796.086,3847.162,3796.086,3828.717,146851.0,0.0014043869003637387,0.0
2022-07-22 22:00:00,3828.135,3849.554,3821.968,3832.8,70083.0,-0.011129461490294342,-1.0
2022-07-22 23:00:00,3833.785,3840.667,3832.354,3834.771,1764.0,-0.005613373001934221,-1.0
2022-07-25 09:00:00,3841.831,3844.074,3806.849,3828.221,111909.0,0.004106607220429543,1.0
2022-07-25 10:00:00,3828.774,3862.773,3828.412,3859.199,90542.0,0.001380079130410228,0.0
2022-07-25 11:00:00,3859.762,3862.142,3834.463,3836.005,41270.0,0.004876948804811277,1.0
2022-07-25 13:00:00,3835.248,3849.129,3826.646,3835.048,41240.0,0.005502147561125732,1.0
2022-07-25 14:00:00,3835.068,3848.805,3826.022,3833.351,61978.0,0.006513622154610953,1.0
2022-07-25 15:00:00,3832.733,3836.067,3831.801,3834.657,2298.0,0.013019938941083825,1.0
2022-07-25 21:00:00,3835.628,3841.06,3787.057,3793.362,134522.0,0.023632070970289673,1.0
2022-07-25 22:00:00,3793.604,3828.748,3790.885,3804.379,77416.0,0.031134122020965816,1.0
2022-07-25 23:00:00,3804.256,3808.307,3804.032,3805.539,1158.0,0.0304847749556633,1.0
2022-07-26 09:00:00,3802.937,3826.527,3792.412,3824.026,93882.0,0.03049351651897769,1.0
2022-07-26 10:00:00,3823.906,3874.177,3822.898,3847.793,138180.0,0.027469513042931274,1.0
2022-07-26 11:00:00,3847.778,3854.83,3825.879,3835.373,52117.0,0.04401944739142715,1.0
2022-07-26 13:00:00,3834.821,3841.79,3824.443,3835.439,40325.0,0.041532924914201484,1.0
2022-07-26 14:00:00,3835.465,3858.503,3832.76,3850.648,72113.0,0.029694742287531876,1.0
2022-07-26 15:00:00,3850.987,3856.0,3849.948,3854.628,2694.0,0.030610476549228546,1.0
2022-07-26 21:00:00,3852.966,3877.683,3844.286,3851.43,123109.0,0.030958371306242197,1.0
2022-07-26 22:00:00,3851.346,3852.858,3832.51,3834.673,56113.0,0.035019413650133925,1.0
2022-07-26 23:00:00,3835.01,3836.856,3833.528,3834.094,1018.0,0.030813537696258837,1.0
2022-07-27 09:00:00,3828.319,3834.55,3787.645,3790.143,137402.0,0.04227386671162543,1.0
2022-07-27 10:00:00,3790.692,3818.999,3788.579,3813.245,64825.0,0.03487790582561573,1.0
2022-07-27 11:00:00,3813.148,3845.914,3809.843,3843.942,86246.0,0.026552689920919723,1.0
2022-07-27 13:00:00,3852.058,3874.522,3852.052,3864.525,99906.0,0.021428247973554304,1.0
2022-07-27 14:00:00,3863.909,3871.516,3842.711,3854.713,93994.0,0.03744481106634915,1.0
2022-07-27 15:00:00,3855.236,3857.087,3853.12,3856.149,1987.0,0.04617534229097481,1.0
2022-07-27 21:00:00,3856.965,3865.391,3827.738,3858.32,125395.0,0.047245433245557654,1.0
2022-07-27 22:00:00,3858.61,3899.25,3848.444,3884.584,89690.0,0.03131017375348299,1.0
2022-07-27 23:00:00,3883.854,3884.507,3879.925,3883.007,2203.0,0.040765056565697594,1.0
2022-07-28 09:00:00,3889.246,3929.815,3889.235,3922.825,152681.0,0.029677337123119266,1.0
2022-07-28 10:00:00,3923.932,3928.155,3904.131,3921.55,72408.0,0.030128138108655986,1.0
2022-07-28 11:00:00,3921.48,3943.225,3918.202,3940.634,42008.0,0.01928090758999689,1.0
2022-07-28 13:00:00,3940.713,3964.303,3934.81,3953.49,90847.0,0.01577087585905121,1.0
2022-07-28 14:00:00,3953.549,4012.997,3950.034,4004.204,187279.0,0.0005204530038928668,0.0
2022-07-28 15:00:00,4004.176,4005.616,3993.969,3994.736,5629.0,-0.0002911331312006628,0.0
2022-07-28 21:00:00,3982.842,4002.225,3954.281,3964.992,167603.0,0.006482484706148203,1.0
2022-07-28 22:00:00,3964.659,3988.333,3955.994,3972.62,74668.0,0.005316894140391051,1.0
2022-07-28 23:00:00,3972.234,3973.693,3969.113,3970.664,1045.0,-0.0003478007708535179,0.0
2022-07-29 09:00:00,3973.789,3991.077,3964.929,3968.961,97777.0,-0.0016407316675572565,0.0
2022-07-29 10:00:00,3969.299,3972.844,3940.434,3952.236,85056.0,0.0022749147571147032,0.0
2022-07-29 11:00:00,3952.612,3965.706,3948.467,3950.367,35391.0,0.017242701754039504,1.0
2022-07-29 13:00:00,3950.239,3963.943,3944.909,3946.243,29017.0,0.019126546439233484,1.0
2022-07-29 14:00:00,3946.071,3951.225,3931.026,3946.009,77703.0,0.013226274952743342,1.0
2022-07-29 15:00:00,3946.196,3947.955,3944.452,3947.335,2430.0,0.011455323655073573,1.0
2022-07-29 21:00:00,3968.691,4006.47,3956.508,3999.052,150957.0,-0.0003963439335122515,0.0
2022-07-29 22:00:00,3999.349,4061.973,3997.701,4034.208,152446.0,0.0023828716813807885,0.0
2022-07-29 23:00:00,4034.557,4041.092,4031.702,4040.608,3932.0,-0.0020952292328284133,0.0
2022-08-01 09:00:00,4054.756,4067.992,3992.027,4006.211,207071.0,0.011380329193844284,1.0
2022-08-01 10:00:00,4005.354,4041.298,4004.441,4041.298,70009.0,0.0018531174884900924,0.0
2022-08-01 11:00:00,4040.644,4046.128,4022.364,4039.244,57138.0,-0.010259345560703946,-1.0
2022-08-01 13:00:00,4038.933,4053.321,4033.2,4039.699,51215.0,-0.011681315860414316,-1.0
2022-08-01 14:00:00,4040.359,4042.367,4013.063,4016.613,87764.0,-0.0073452433679818555,-1.0
2022-08-01 15:00:00,4016.406,4019.857,4013.411,4015.84,2272.0,-0.014959012311247539,-1.0
2022-08-01 21:00:00,4005.465,4010.385,3989.706,4006.288,107099.0,-0.01326489758100267,-1.0
2022-08-01 22:00:00,4006.084,4010.965,3991.564,3993.573,49790.0,-0.004220781741062394,-1.0
2022-08-01 23:00:00,3993.038,3995.747,3990.473,3990.695,1708.0,-0.008123397052393158,-1.0
2022-08-02 09:00:00,3990.21,4009.218,3980.165,3993.742,97640.0,-0.01059858148072659,-1.0
2022-08-02 10:00:00,3992.942,4001.844,3947.569,3969.283,92389.0,-0.00907695420054453,-1.0
2022-08-02 11:00:00,3969.148,3977.959,3946.645,3962.449,62612.0,-0.00979091465909095,-1.0
2022-08-02 13:00:00,3963.974,3975.28,3951.79,3961.227,35519.0,-0.009921925706353078,-1.0
2022-08-02 14:00:00,3961.958,4028.852,3960.191,4018.482,159101.0,-0.02597299179142767,-1.0
2022-08-02 15:00:00,4019.106,4021.721,4018.837,4021.721,1853.0,-0.023884799567150478,-1.0
2022-08-02 21:00:00,4019.838,4031.32,3990.563,3998.2,132813.0,-0.017171977389825347,-1.0
2022-08-02 22:00:00,3997.624,4017.21,3960.201,3992.553,109824.0,-0.006620826323407539,-1.0
2022-08-02 23:00:00,3990.971,3999.978,3986.327,3997.467,2395.0,-0.004705229586635786,-1.0
2022-08-03 09:00:00,3993.752,4047.508,3988.768,4043.821,99328.0,-0.014946259985296098,-1.0
2022-08-03 10:00:00,4043.71,4048.62,4027.545,4032.142,57460.0,-0.009637805414591024,-1.0
2022-08-03 11:00:00,4032.888,4059.529,4030.92,4051.803,51459.0,-0.02028454986582513,-1.0
2022-08-03 13:00:00,4052.122,4062.161,4032.266,4048.787,57691.0,-0.019188710100086718,-1.0
2022-08-03 14:00:00,4047.948,4051.67,3997.008,3997.804,88958.0,0.0026289432898660772,0.0
2022-08-03 15:00:00,3997.961,3998.08,3990.096,3992.51,5108.0,0.012142737275548354,1.0
2022-08-03 21:00:00,4015.938,4015.938,3975.777,3987.11,112985.0,0.01496999079533795,1.0
2022-08-03 22:00:00,3988.109,3988.296,3950.932,3955.767,94374.0,0.029903429600378426,1.0
2022-08-03 23:00:00,3956.197,3957.068,3951.015,3953.145,2440.0,0.02410485828372093,1.0
2022-08-04 09:00:00,3951.189,3980.875,3941.525,3976.717,96086.0,0.01761955904833051,1.0
2022-08-04 10:00:00,3976.007,3990.508,3943.369,3958.277,70380.0,0.025549753087012305,1.0
2022-08-04 11:00:00,3958.497,3962.436,3945.753,3951.414,29137.0,0.02846145708852571,1.0
2022-08-04 13:00:00,3952.534,3966.18,3927.422,3933.254,73945.0,0.03383152982238122,1.0
2022-08-04 14:00:00,3933.792,3956.605,3916.852,3923.653,116307.0,0.03800616415365988,1.0
2022-08-04 15:00:00,3923.616,3925.613,3919.349,3921.924,4390.0,0.033863226314431435,1.0
2022-08-04 21:00:00,3917.382,3932.662,3898.413,3914.11,115383.0,0.03674986139888758,1.0
2022-08-04 22:00:00,3914.651,3949.163,3914.651,3925.663,103912.0,0.025105822889025315,1.0
2022-08-04 23:00:00,3925.702,3932.637,3925.172,3929.543,1870.0,0.027201890906907004,1.0
2022-08-05 09:00:00,3930.989,3976.834,3927.916,3966.119,92328.0,0.013908306835977388,1.0
2022-08-05 10:00:00,3965.631,3989.674,3956.25,3978.658,58631.0,0.01178311883052032,1.0
2022-08-05 11:00:00,3978.647,3990.601,3966.777,3983.381,33559.0,0.008604750587503504,1.0
2022-08-05 13:00:00,3983.079,4002.988,3979.091,3993.281,38711.0,0.005792730338786592,1.0
2022-08-05 14:00:00,3991.791,4011.361,3967.234,3969.614,90358.0,0.012164155003483917,1.0
2022-08-05 15:00:00,3969.362,3974.244,3967.197,3971.096,3776.0,0.006243112732605789,1.0
2022-08-05 21:00:00,3964.942,4009.383,3952.351,4008.314,116221.0,-0.003082343349348384,-1.0
2022-08-05 22:00:00,4009.185,4049.583,4007.236,4040.99,126602.0,-0.007635752624975505,-1.0
2022-08-05 23:00:00,4042.053,4047.672,4041.126,4046.797,3588.0,-0.011236788007898582,-1.0
2022-08-08 09:00:00,4038.424,4082.043,4006.739,4074.058,174722.0,-0.023978549151730304,-1.0
2022-08-08 10:00:00,4073.868,4074.559,4046.288,4048.435,57080.0,-0.01641226795045492,-1.0
2022-08-08 11:00:00,4048.881,4062.609,4038.159,4046.785,26032.0,-0.014463580348350592,-1.0
2022-08-08 13:00:00,4045.379,4062.324,4039.555,4059.41,31259.0,-0.016848261200519233,-1.0
2022-08-08 14:00:00,4059.999,4073.154,4049.836,4063.877,71649.0,-0.016752721600579973,-1.0
2022-08-08 15:00:00,4063.437,4066.947,4062.774,4066.322,2373.0,-0.022236310847985004,-1.0
2022-08-08 21:00:00,4048.635,4081.426,4046.684,4072.776,118550.0,-0.024878363062441837,-1.0
2022-08-08 22:00:00,4072.076,4077.976,4041.297,4054.733,77098.0,-0.010396245572766442,-1.0
2022-08-08 23:00:00,4055.435,4058.763,4054.019,4057.953,1768.0,-0.01612142871048533,-1.0
2022-08-09 09:00:00,4061.707,4065.625,4024.22,4024.22,99925.0,-0.006000417472205778,-1.0
2022-08-09 10:00:00,4023.64,4040.159,4020.965,4036.434,51036.0,-0.005004169521909702,-1.0
2022-08-09 11:00:00,4036.93,4046.114,4020.562,4021.281,35315.0,-0.0012180198299994798,0.0
2022-08-09 13:00:00,4020.465,4031.067,4008.532,4025.539,46066.0,-0.0010738934587393937,0.0
2022-08-09 14:00:00,4025.669,4039.508,4005.903,4017.657,92823.0,0.0017335974673795425,0.0
2022-08-09 15:00:00,4017.201,4017.898,4014.135,4016.413,1830.0,0.007754929585179596,1.0
2022-08-09 21:00:00,4016.289,4034.054,3994.844,4017.901,105999.0,0.0074260167186797265,1.0
2022-08-09 22:00:00,4018.197,4031.06,3983.611,3995.888,87617.0,0.010610407498908913,1.0
2022-08-09 23:00:00,3997.151,3998.468,3995.345,3995.959,1567.0,0.006758077347640481,1.0
2022-08-10 09:00:00,3991.517,4013.874,3985.549,4010.134,68186.0,0.0042614536072859265,1.0
2022-08-10 10:00:00,4009.957,4024.803,3993.874,4001.324,52316.0,0.01044054417987642,1.0
2022-08-10 11:00:00,4000.381,4000.995,3975.535,3976.368,52440.0,0.018335325100694883,1.0
2022-08-10 13:00:00,3975.305,3994.905,3971.928,3981.991,38450.0,0.01671073591075417,1.0
2022-08-10 14:00:00,3982.724,4002.432,3978.123,3988.254,62816.0,0.019111119803302462,1.0
2022-08-10 15:00:00,3987.467,3992.191,3985.212,3991.016,3685.0,0.021377263333446923,1.0
2022-08-10 21:00:00,4007.824,4048.762,3989.287,3995.796,138485.0,0.021110687332386406,1.0
2022-08-10 22:00:00,3996.51,4004.179,3962.319,3975.902,82220.0,0.01990340808198995,1.0
2022-08-10 23:00:00,3975.842,3976.077,3968.923,3971.452,1814.0,0.012342589058107607,1.0
2022-08-11 09:00:00,3979.766,4025.807,3978.526,4012.579,98758.0,6.629152971184408e-05,0.0
2022-08-11 10:00:00,4012.702,4020.024,3982.932,3992.533,53917.0,0.000868871966743932,0.0
2022-08-11 11:00:00,3992.155,4015.757,3988.807,4000.073,36300.0,-0.001875715768187156,0.0
2022-08-11 13:00:00,4000.189,4026.785,3974.581,4016.235,90363.0,-0.00572974439991688,-1.0
2022-08-11 14:00:00,4016.275,4025.133,3999.701,4016.383,74538.0,-0.013122254526024965,-1.0
2022-08-11 15:00:00,4016.924,4021.318,4015.235,4021.216,1726.0,-0.011501744745867855,-1.0
2022-08-11 21:00:00,4022.567,4048.268,4022.567,4024.622,89864.0,-0.01277064032348875,-1.0
2022-08-11 22:00:00,4023.879,4048.537,4021.957,4047.56,52123.0,-0.010747462668867107,-1.0
2022-08-11 23:00:00,4047.646,4049.435,4045.517,4047.738,1889.0,-0.003821393578339272,-1.0
2022-08-12 09:00:00,4048.16,4067.746,4034.59,4038.286,93094.0,-0.002853190685355107,0.0
2022-08-12 10:00:00,4037.937,4042.603,4018.67,4022.964,66958.0,0.0013790826862980204,0.0
2022-08-12 11:00:00,4023.525,4028.092,4014.972,4027.223,29175.0,-0.004699019647037172,-1.0
2022-08-12 13:00:00,4026.967,4047.328,4026.52,4043.1,42483.0,-0.008642625707996279,-1.0
2022-08-12 14:00:00,4042.885,4053.0,4031.603,4049.276,62670.0,-0.015626744138952257,-1.0
2022-08-12 15:00:00,4048.83,4051.362,4047.684,4048.533,2803.0,-0.015852902767496287,-1.0
2022-08-12 21:00:00,4034.783,4085.491,4021.789,4064.474,189951.0,-0.019138023763960614,-1.0
2022-08-12 22:00:00,4063.872,4092.621,4057.483,4076.333,92609.0,-0.0263584942643302,-1.0
2022-08-12 23:00:00,4075.803,4084.004,4075.758,4080.15,1711.0,-0.032220629143536426,-1.0
2022-08-15 09:00:00,4073.858,4077.941,4039.147,4055.036,161131.0,-0.030594796199096653,-1.0
2022-08-15 10:00:00,4054.139,4055.206,4010.191,4020.47,115018.0,-0.020951530542448936,-1.0
2022-08-15 11:00:00,4021.619,4026.468,4010.232,4012.845,39650.0,-0.03514364497008976,-1.0
2022-08-15 13:00:00,4014.81,4028.837,3988.889,3996.002,54105.0,-0.03303076424886674,-1.0
2022-08-15 14:00:00,3996.03,4006.284,3974.235,3992.57,114952.0,-0.027477038599198055,-1.0
2022-08-15 15:00:00,3992.648,3995.576,3990.265,3993.223,4009.0,-0.030231970516046803,-1.0
2022-08-15 21:00:00,3969.792,3981.469,3950.367,3963.679,117653.0,-0.022121872129403062,-1.0
2022-08-15 22:00:00,3964.033,3980.699,3955.914,3974.965,47838.0,-0.02554286641517602,-1.0
2022-08-15 23:00:00,3975.076,3976.313,3971.283,3973.225,962.0,-0.03270768708039437,-1.0
2022-08-16 09:00:00,3972.771,4013.94,3972.699,4004.059,74797.0,-0.034699288896592205,-1.0
2022-08-16 10:00:00,4003.503,4037.879,4000.923,4032.27,86922.0,-0.032883710664216435,-1.0
2022-08-16 11:00:00,4032.894,4034.65,4017.212,4026.764,28143.0,-0.040704396880472796,-1.0
2022-08-16 13:00:00,4026.51,4031.653,4008.637,4028.512,34728.0,-0.04053283197369159,-1.0
2022-08-16 14:00:00,4028.464,4031.692,4006.853,4008.299,58796.0,-0.039316927205280856,-1.0
2022-08-16 15:00:00,4007.254,4008.454,4004.408,4008.157,2594.0,-0.042724374319668634,-1.0
2022-08-16 21:00:00,4014.345,4026.567,3983.92,3985.999,130353.0,-0.03752936214986498,-1.0
2022-08-16 22:00:00,3985.664,3995.744,3978.97,3984.352,54499.0,-0.03900006826706071,-1.0
2022-08-16 23:00:00,3984.46,3987.302,3983.653,3986.688,1431.0,-0.03540532893469468,-1.0
2022-08-17 09:00:00,3988.375,3989.53,3948.65,3968.887,139551.0,-0.031078990155174523,-1.0
2022-08-17 10:00:00,3968.106,3968.155,3945.793,3948.685,63857.0,-0.033561046272366606,-1.0
2022-08-17 11:00:00,3948.593,3953.694,3925.877,3930.973,74708.0,-0.03921192030573603,-1.0
2022-08-17 13:00:00,3935.268,3943.919,3925.078,3936.235,61127.0,-0.04052171681822862,-1.0
2022-08-17 14:00:00,3936.295,3949.451,3863.444,3871.819,196830.0,-0.016073581952048874,-1.0
2022-08-17 15:00:00,3871.076,3871.849,3862.865,3864.011,7815.0,-0.01020286950528867,-1.0
2022-08-17 21:00:00,3878.626,3893.33,3861.134,3882.866,128486.0,-0.0142333008659068,-1.0
2022-08-17 22:00:00,3884.194,3900.189,3870.165,3872.5,70616.0,-0.006788637830858674,-1.0
2022-08-17 23:00:00,3872.645,3877.391,3872.541,3875.995,1418.0,-0.005505167060328958,-1.0
2022-08-18 09:00:00,3875.298,3892.298,3872.248,3873.433,78184.0,-0.005024483449178026,-1.0
2022-08-18 10:00:00,3873.206,3878.56,3822.173,3843.27,141399.0,0.0035173172844999256,1.0
2022-08-18 11:00:00,3843.19,3867.014,3830.424,3865.121,53480.0,-0.002838462237016643,0.0
2022-08-18 13:00:00,3874.06,3903.584,3874.06,3899.674,112626.0,-0.012396164397331648,-1.0
2022-08-18 14:00:00,3899.823,3908.643,3858.225,3862.857,118891.0,-0.006816198476930399,-1.0
2022-08-18 15:00:00,3862.217,3865.225,3860.199,3865.225,2893.0,-0.002253426385268655,0.0
2022-08-18 21:00:00,3866.601,3881.578,3844.412,3850.705,114625.0,0.0036616671492622544,1.0
2022-08-18 22:00:00,3850.041,3852.778,3821.409,3836.911,119303.0,0.01891912530678973,1.0
2022-08-18 23:00:00,3836.905,3837.74,3834.577,3836.407,1181.0,0.015023953402232849,1.0
2022-08-19 09:00:00,3836.493,3845.253,3826.724,3828.962,77791.0,0.017854708404000937,1.0
2022-08-19 10:00:00,3828.335,3846.412,3818.66,3845.538,70056.0,0.012309851053350713,1.0
2022-08-19 11:00:00,3846.452,3856.556,3835.281,3845.538,50083.0,0.013199973579769583,1.0
2022-08-19 13:00:00,3845.808,3847.264,3815.88,3816.163,49633.0,0.0218803546913483,1.0
2022-08-19 14:00:00,3815.704,3819.819,3771.389,3776.832,186040.0,0.03620468159558064,1.0
2022-08-19 15:00:00,3776.19,3782.007,3773.573,3776.732,3955.0,0.03755839704802987,1.0
2022-08-19 21:00:00,3795.553,3812.631,3769.587,3809.585,138366.0,0.029936069151889212,1.0
2022-08-19 22:00:00,3808.787,3832.169,3802.817,3824.587,88578.0,0.021211702073975623,1.0
2022-08-19 23:00:00,3825.384,3829.84,3824.637,3827.6,2541.0,0.021337391576967363,1.0
2022-08-22 09:00:00,3829.895,3856.178,3824.527,3846.211,134212.0,0.018251728779310413,1.0
2022-08-22 10:00:00,3845.774,3859.798,3833.474,3854.657,49796.0,0.019458281242663005,1.0
2022-08-22 11:00:00,3855.565,3868.037,3847.19,3853.971,42639.0,0.0221869858387621,1.0
2022-08-22 13:00:00,3853.808,3858.29,3839.921,3856.788,31716.0,0.022567224332786715,1.0
2022-08-22 14:00:00,3856.194,3865.377,3846.985,3854.15,53393.0,0.02923575885733562,1.0
2022-08-22 15:00:00,3853.411,3854.452,3850.429,3851.333,1921.0,0.03023238966871988,1.0
2022-08-22 21:00:00,3849.925,3860.09,3829.157,3836.527,101896.0,0.0340922923258457,1.0
2022-08-22 22:00:00,3835.768,3858.999,3831.66,3856.515,50244.0,0.027935325027907368,1.0
2022-08-22 23:00:00,3856.891,3868.227,3855.422,3864.805,6412.0,0.028040483284408942,1.0
2022-08-23 09:00:00,3862.504,3913.393,3862.203,3909.502,141562.0,0.017884119256109887,1.0
2022-08-23 10:00:00,3909.617,3914.647,3892.914,3894.045,40611.0,0.017780225960408798,1.0
2022-08-23 11:00:00,3893.029,3908.113,3892.914,3897.327,25004.0,0.01037275034914954,1.0
2022-08-23 13:00:00,3896.229,3897.176,3878.678,3892.876,40935.0,0.010255656743240724,1.0
2022-08-23 14:00:00,3893.149,3899.57,3874.949,3896.299,61889.0,0.016418914462160105,1.0
2022-08-23 15:00:00,3896.38,3900.931,3895.79,3899.662,2122.0,0.013790425939478922,1.0
2022-08-23 21:00:00,3897.441,3918.44,3897.441,3913.571,110380.0,0.011254171701497142,1.0
2022-08-23 22:00:00,3913.061,3942.497,3910.177,3918.58,73367.0,0.011199975501329543,1.0
2022-08-23 23:00:00,3918.495,3927.506,3917.666,3923.629,2259.0,0.016740879425654144,1.0
2022-08-24 09:00:00,3924.116,3931.446,3900.115,3905.713,70233.0,0.019420013708124406,1.0
2022-08-24 10:00:00,3905.634,3920.059,3894.478,3909.271,66131.0,0.02070462753797309,1.0
2022-08-24 11:00:00,3910.008,3928.32,3908.01,3916.411,50305.0,0.016719644592970394,1.0
2022-08-24 13:00:00,3915.295,3941.103,3906.019,3929.662,65496.0,0.014294868108249509,1.0
2022-08-24 14:00:00,3929.272,3941.541,3915.179,3939.479,94087.0,0.009592892867305592,1.0
2022-08-24 15:00:00,3939.599,3944.421,3939.407,3943.825,4429.0,0.00277725304748562,0.0
2022-08-24 21:00:00,3949.051,3973.913,3945.292,3966.829,150733.0,-0.0035776687122132077,-1.0
2022-08-24 22:00:00,3967.382,3986.445,3963.349,3967.768,69918.0,-0.015248119345687601,-1.0
2022-08-24 23:00:00,3967.669,3968.749,3966.551,3967.323,1209.0,-0.020912590177305866,-1.0
2022-08-25 09:00:00,3967.089,3980.723,3949.325,3964.248,91820.0,-0.017988279239845726,-1.0
2022-08-25 10:00:00,3964.669,3976.493,3956.267,3973.176,47607.0,-0.023922675461645792,-1.0
2022-08-25 11:00:00,3973.323,3986.221,3972.49,3979.42,48486.0,-0.023489855305547067,-1.0
2022-08-25 13:00:00,3974.662,3974.735,3933.089,3963.282,119891.0,-0.019079136937517942,-1.0
2022-08-25 14:00:00,3962.763,3965.432,3932.736,3937.753,112066.0,-0.017030524768821293,-1.0
2022-08-25 15:00:00,3938.545,3938.733,3932.29,3932.8,3612.0,-0.018336808380797456,-1.0
2022-08-25 21:00:00,3917.742,3967.919,3916.374,3960.272,116682.0,-0.026242389411636407,-1.0
2022-08-25 22:00:00,3959.419,3971.011,3940.837,3953.44,64114.0,-0.028744081104051133,-1.0
2022-08-25 23:00:00,3953.872,3959.169,3953.301,3957.615,2574.0,-0.030919379474759354,-1.0
2022-08-26 09:00:00,3957.106,3965.49,3945.486,3962.468,66098.0,-0.036261996311389745,-1.0
2022-08-26 10:00:00,3962.787,3992.627,3961.453,3989.314,93132.0,-0.04253638595507894,-1.0
2022-08-26 11:00:00,3989.478,3992.238,3970.771,3981.562,62673.0,-0.045876216419586106,-1.0
2022-08-26 13:00:00,3978.874,3990.551,3973.249,3990.211,54756.0,-0.048600938647104096,-1.0
2022-08-26 14:00:00,3990.545,3999.154,3979.198,3981.892,91707.0,-0.03862385016971827,-1.0
2022-08-26 15:00:00,3982.44,3985.836,3980.863,3985.836,3847.0,-0.03988623716580401,-1.0
2022-08-26 21:00:00,4022.869,4035.884,3966.439,3977.27,229517.0,-0.03818674618519736,-1.0
2022-08-26 22:00:00,3977.153,3987.6,3950.518,3954.778,96778.0,-0.0301622493095693,-1.0
2022-08-26 23:00:00,3954.624,3955.624,3950.681,3952.637,2409.0,-0.033207957118247894,-1.0
2022-08-29 09:00:00,3941.384,3942.919,3892.59,3907.267,213735.0,-0.022382652631622035,-1.0
2022-08-29 10:00:00,3906.823,3907.207,3882.039,3884.356,79635.0,-0.014742212093845188,-1.0
2022-08-29 11:00:00,3884.423,3899.206,3879.541,3892.938,57815.0,-0.017537140329488984,-1.0
2022-08-29 13:00:00,3894.044,3895.448,3870.086,3878.127,57238.0,-0.012629292439365721,-1.0
2022-08-29 14:00:00,3879.074,3887.223,3858.806,3885.944,91897.0,-0.00905262659472187,-1.0
2022-08-29 15:00:00,3886.885,3889.403,3885.193,3887.666,5919.0,-0.008814800448392487,-1.0
2022-08-29 21:00:00,3882.539,3883.904,3849.829,3870.691,141816.0,-0.005095989320769834,-1.0
2022-08-29 22:00:00,3870.25,3875.118,3853.983,3860.685,46005.0,-0.004806400936621361,-1.0
2022-08-29 23:00:00,3860.548,3861.739,3856.345,3856.345,1197.0,-0.005017185962355535,-1.0
2022-08-30 09:00:00,3856.223,3871.874,3822.867,3839.802,184572.0,0.00039949976587325353,0.0
2022-08-30 10:00:00,3840.614,3846.651,3823.627,3835.248,100745.0,-0.0021378017797024,0.0
2022-08-30 11:00:00,3834.817,3834.817,3816.802,3818.781,53217.0,-0.00888293934635163,-1.0
2022-08-30 13:00:00,3818.948,3828.028,3811.621,3819.623,57329.0,-0.008650591956326557,-1.0
2022-08-30 14:00:00,3819.502,3830.621,3791.182,3798.903,150715.0,-0.011598085026124633,-1.0
2022-08-30 15:00:00,3798.804,3801.94,3794.659,3796.283,5382.0,-0.014409884616083607,-1.0
2022-08-30 21:00:00,3797.439,3837.955,3793.888,3828.096,177225.0,-0.023910842361320066,-1.0
2022-08-30 22:00:00,3828.737,3838.762,3824.089,3826.856,46209.0,-0.02757590042583259,-1.0
2022-08-30 23:00:00,3827.0,3827.508,3824.001,3825.391,896.0,-0.022643698382727437,-1.0
2022-08-31 09:00:00,3826.404,3838.866,3810.698,3835.493,115290.0,-0.024055577731467603,-1.0
2022-08-31 10:00:00,3834.293,3836.837,3813.542,3821.378,66402.0,-0.021338375842431805,-1.0
2022-08-31 11:00:00,3821.005,3829.785,3816.422,3819.812,37528.0,-0.017222575351875907,-1.0
2022-08-31 13:00:00,3829.518,3836.999,3809.192,3827.092,64969.0,-0.019662709963596432,-1.0
2022-08-31 14:00:00,3827.134,3834.658,3814.718,3824.667,82490.0,-0.024161319142293986,-1.0
2022-08-31 15:00:00,3825.101,3830.375,3823.875,3829.149,2580.0,-0.014601677814052106,-1.0
2022-08-31 21:00:00,3833.194,3872.724,3833.194,3850.766,205110.0,-0.019494562899952883,-1.0
2022-08-31 22:00:00,3850.741,3861.53,3834.833,3853.397,70295.0,-0.030780633295764782,-1.0
2022-08-31 23:00:00,3854.305,3856.567,3849.493,3850.966,3486.0,-0.02606618702943628,-1.0
2022-09-01 09:00:00,3852.611,3855.772,3831.46,3842.129,78502.0,-0.020688009174080275,-1.0
2022-09-01 10:00:00,3841.385,3843.098,3820.357,3836.997,53163.0,-0.01698176985804254,-1.0
2022-09-01 11:00:00,3837.552,3858.311,3835.665,3841.336,59593.0,-0.014429615113075148,-1.0
2022-09-01 13:00:00,3844.717,3851.653,3821.458,3827.049,69105.0,-0.011768336386599704,-1.0
2022-09-01 14:00:00,3827.029,3827.355,3773.41,3784.859,168820.0,0.0003276211874736249,0.0
2022-09-01 15:00:00,3783.998,3789.087,3782.122,3786.581,3449.0,0.00029419679652964843,0.0
2022-09-01 21:00:00,3776.434,3776.434,3740.316,3754.843,188518.0,0.007954526993538729,1.0
2022-09-01 22:00:00,3755.638,3761.13,3734.756,3741.579,64943.0,0.008218989897046128,1.0
2022-09-01 23:00:00,3741.768,3742.084,3735.932,3736.563,1832.0,0.015168485048960737,1.0
2022-09-02 09:00:00,3738.081,3755.564,3719.409,3721.327,150333.0,0.023966450677406177,1.0
2022-09-02 10:00:00,3721.761,3741.985,3694.225,3738.77,135991.0,0.01624758944786657,1.0
2022-09-02 11:00:00,3738.802,3757.354,3719.291,3743.228,76618.0,0.01553899468586998,1.0
2022-09-02 13:00:00,3743.279,3747.994,3732.712,3739.836,37807.0,0.01671463668460334,1.0
2022-09-02 14:00:00,3739.718,3756.575,3723.901,3754.025,86156.0,0.013322766896864065,1.0
2022-09-02 15:00:00,3753.916,3756.282,3750.329,3751.841,2701.0,0.011035382362952014,1.0
2022-09-02 21:00:00,3753.988,3763.653,3722.658,3732.258,132427.0,0.016015505894823014,1.0
2022-09-02 22:00:00,3732.258,3783.273,3730.017,3773.237,104380.0,0.007665831751358244,1.0
2022-09-02 23:00:00,3773.107,3776.228,3770.165,3775.697,2721.0,0.0037876450361350317,1.0
2022-09-05 09:00:00,3764.959,3765.517,3729.414,3734.787,123686.0,0.016573903679112115,1.0
2022-09-05 10:00:00,3735.422,3753.921,3730.595,3750.586,57981.0,0.014339625861132141,1.0
2022-09-05 11:00:00,3749.87,3768.832,3748.057,3762.643,35015.0,0.008221614434321817,1.0
2022-09-05 13:00:00,3763.419,3773.223,3753.238,3771.838,43610.0,0.005712864656435343,1.0
2022-09-05 14:00:00,3771.911,3795.846,3771.76,3785.907,91331.0,0.005104721272868039,1.0
2022-09-05 15:00:00,3786.199,3786.69,3781.732,3782.011,2455.0,0.008072689370813556,1.0
2022-09-05 21:00:00,3776.687,3788.231,3763.128,3786.099,116353.0,0.007608887142148156,1.0
2022-09-05 22:00:00,3785.929,3799.639,3780.936,3787.695,57563.0,0.004753550642277071,1.0
2022-09-05 23:00:00,3786.92,3787.982,3784.711,3784.711,632.0,0.010166165923897522,1.0
2022-09-06 09:00:00,3787.042,3797.621,3772.283,3772.331,63739.0,0.017020510660384753,1.0
2022-09-06 10:00:00,3772.274,3801.307,3771.731,3793.241,70651.0,0.008783254214535803,1.0
2022-09-06 11:00:00,3793.371,3814.582,3788.446,3810.514,59577.0,0.004943690011373725,1.0
2022-09-06 13:00:00,3810.165,3813.016,3792.894,3799.516,39930.0,0.006938515326688933,1.0
2022-09-06 14:00:00,3799.281,3810.115,3795.237,3801.394,47993.0,0.005866005996747623,1.0
2022-09-06 15:00:00,3801.858,3803.43,3800.356,3802.346,1727.0,0.006964910610449489,1.0
2022-09-06 21:00:00,3804.752,3833.763,3792.415,3804.039,177867.0,0.006665809682813444,1.0
2022-09-06 22:00:00,3804.337,3805.214,3782.733,3793.244,66913.0,0.014350250076188018,1.0
2022-09-06 23:00:00,3793.297,3795.115,3790.393,3792.032,1473.0,0.016081615345018178,1.0
2022-09-07 09:00:00,3790.448,3804.418,3769.498,3802.162,112444.0,0.013380545068831892,1.0
2022-09-07 10:00:00,3801.838,3817.069,3781.619,3789.998,66137.0,0.01589525904763009,1.0
2022-09-07 11:00:00,3790.16,3801.805,3782.447,3796.687,35296.0,0.016316593914641915,1.0
2022-09-07 13:00:00,3797.553,3806.293,3783.51,3804.368,36127.0,0.013688738839144959,1.0
2022-09-07 14:00:00,3804.88,3814.198,3789.125,3793.578,75237.0,0.01974916556348652,1.0
2022-09-07 15:00:00,3793.716,3795.594,3792.3,3793.386,2566.0,0.02222315366798948,1.0
2022-09-07 21:00:00,3794.188,3816.694,3790.691,3805.233,130076.0,0.0217232427028778,1.0
2022-09-07 22:00:00,3804.649,3823.931,3803.053,3812.542,70294.0,0.019388638866142345,1.0
2022-09-07 23:00:00,3812.702,3818.077,3811.297,3814.907,1692.0,0.01703842321713216,1.0
2022-09-08 09:00:00,3814.364,3826.281,3802.503,3805.7,73820.0,0.01962740100375762,1.0
2022-09-08 10:00:00,3805.979,3827.319,3805.414,3823.187,55023.0,0.007313793439870974,1.0
2022-09-08 11:00:00,3823.169,3837.326,3822.86,3836.538,73330.0,-0.004843689805757191,-1.0
2022-09-08 13:00:00,3837.858,3843.849,3820.181,3826.558,77619.0,-0.003345565388006698,-1.0
2022-09-08 14:00:00,3826.441,3840.032,3822.373,3829.352,68082.0,-0.004425291798716836,-1.0
2022-09-08 15:00:00,3828.572,3831.05,3825.178,3825.879,3604.0,-0.004114610002041292,-1.0
2022-09-08 21:00:00,3832.228,3838.785,3808.021,3823.693,120441.0,-0.004573588936141129,-1.0
2022-09-08 22:00:00,3823.733,3831.762,3816.802,3828.829,37927.0,-0.007546171427347637,-1.0
2022-09-08 23:00:00,3829.121,3830.341,3825.644,3829.396,908.0,-0.002068472417060099,0.0
2022-09-09 09:00:00,3833.453,3850.176,3822.387,3847.678,120635.0,-0.007738173516598813,-1.0
2022-09-09 10:00:00,3848.216,3859.618,3842.129,3853.014,84947.0,-0.001415255693335133,0.0
2022-09-09 11:00:00,3852.802,3856.814,3846.391,3853.037,34263.0,-0.0027479621919020603,0.0
2022-09-09 13:00:00,3848.77,3857.243,3840.522,3850.241,46817.0,-0.0015913289583690871,0.0
2022-09-09 14:00:00,3850.128,3862.361,3848.732,3858.636,96323.0,0.0006650018296621548,0.0
2022-09-09 15:00:00,3858.075,3858.728,3856.006,3856.445,3268.0,-0.003960383202664666,-1.0
2022-09-13 09:00:00,3861.737,3891.182,3851.288,3868.498,168191.0,-0.008929822375505964,-1.0
2022-09-13 10:00:00,3869.517,3885.18,3867.836,3877.687,38964.0,-0.025072162864099076,-1.0
2022-09-13 11:00:00,3878.304,3890.028,3875.417,3887.895,40461.0,-0.023304384506268823,-1.0
2022-09-13 13:00:00,3888.126,3893.131,3879.811,3886.462,29851.0,-0.023373700810660158,-1.0
2022-09-13 14:00:00,3886.675,3891.226,3879.038,3879.907,49121.0,-0.02243739347360653,-1.0
2022-09-13 15:00:00,3880.768,3883.43,3879.739,3880.396,2722.0,-0.022759532789952432,-1.0
2022-09-13 21:00:00,3866.431,3866.431,3838.21,3851.149,119868.0,-0.01642496823675223,-1.0
2022-09-13 22:00:00,3851.775,3852.365,3808.052,3817.955,88998.0,-0.005821441059415345,-1.0
2022-09-13 23:00:00,3818.387,3818.576,3810.202,3813.756,4385.0,-0.011468221878903654,-1.0
2022-09-14 09:00:00,3812.373,3814.132,3779.475,3812.406,140224.0,-0.012698280298583114,-1.0
2022-09-14 10:00:00,3812.261,3825.604,3805.18,3810.137,53783.0,-0.015592615173680187,-1.0
2022-09-14 11:00:00,3809.461,3810.488,3793.034,3806.205,30511.0,-0.010005504170164266,-1.0
2022-09-14 13:00:00,3804.805,3810.27,3794.964,3799.936,28623.0,-0.007578022366692564,-1.0
2022-09-14 14:00:00,3799.203,3826.868,3795.719,3821.475,66816.0,-0.007732878011762456,-1.0
2022-09-14 15:00:00,3821.182,3821.36,3816.436,3817.904,2868.0,-0.005201283217178896,-1.0
2022-09-14 21:00:00,3826.175,3849.657,3818.042,3847.561,121140.0,-0.0125133818541149,-1.0
2022-09-14 22:00:00,3848.255,3856.206,3834.633,3842.449,57781.0,-0.011287072385345879,-1.0
2022-09-14 23:00:00,3842.023,3844.382,3840.624,3844.114,1093.0,-0.013190815881110674,-1.0
2022-09-15 09:00:00,3845.344,3864.577,3844.185,3861.202,87326.0,-0.018149529602439908,-1.0
2022-09-15 10:00:00,3860.763,3862.52,3840.435,3841.172,46952.0,-0.012953858874322684,-1.0
2022-09-15 11:00:00,3841.247,3841.945,3829.318,3833.953,32807.0,-0.01919350602367843,-1.0
2022-09-15 13:00:00,3829.47,3832.13,3770.971,3780.465,138272.0,-0.005197508772069134,-1.0
2022-09-15 14:00:00,3780.787,3810.906,3773.23,3797.29,145208.0,-0.014508504749439691,-1.0
2022-09-15 15:00:00,3797.258,3798.327,3794.051,3795.621,3667.0,-0.014425570940828893,-1.0
2022-09-15 21:00:00,3786.445,3795.44,3774.013,3792.852,95124.0,-0.013649623027737368,-1.0
2022-09-15 22:00:00,3793.051,3798.902,3786.855,3792.08,49972.0,-0.00780943440011815,-1.0
2022-09-15 23:00:00,3792.199,3792.429,3787.052,3787.894,897.0,-0.006153287288398248,-1.0
2022-09-16 09:00:00,3785.983,3798.509,3782.638,3795.729,45974.0,-0.008495601240236024,-1.0
2022-09-16 10:00:00,3795.729,3813.667,3769.252,3770.019,113006.0,-0.0012458823151818763,0.0
2022-09-16 11:00:00,3769.293,3771.751,3751.148,3763.995,83602.0,-0.012243905743764215,-1.0
2022-09-16 13:00:00,3758.521,3768.451,3746.89,3750.727,44865.0,-0.00909583662047384,-1.0
2022-09-16 14:00:00,3751.023,3786.945,3746.425,3768.122,91824.0,-0.015032952754714347,-1.0
2022-09-16 15:00:00,3768.028,3773.233,3767.79,3771.14,2636.0,-0.014424020322767116,-1.0
2022-09-16 21:00:00,3767.13,3800.052,3767.13,3791.924,104387.0,-0.019444482537097255,-1.0
2022-09-16 22:00:00,3792.826,3819.725,3791.953,3798.046,97091.0,-0.027446744984131233,-1.0
2022-09-16 23:00:00,3797.47,3799.696,3795.844,3799.415,1545.0,-0.021939693347528547,-1.0
2022-09-19 09:00:00,3801.917,3807.372,3782.595,3799.079,92071.0,-0.029477670772310942,-1.0
2022-09-19 10:00:00,3799.347,3805.797,3786.864,3793.407,41889.0,-0.02862809079015248,-1.0
2022-09-19 11:00:00,3793.046,3798.22,3786.541,3791.123,20977.0,-0.0200484130955392,-1.0
2022-09-19 13:00:00,3789.085,3796.06,3784.616,3791.414,23790.0,-0.019662584988081076,-1.0
2022-09-19 14:00:00,3791.327,3791.459,3757.335,3760.366,105286.0,-0.009311593605516024,-1.0
2022-09-19 15:00:00,3759.352,3761.954,3758.002,3760.816,2849.0,-0.006552301415437454,-1.0
2022-09-19 21:00:00,3761.86,3761.86,3715.389,3742.197,163553.0,-0.0013305018415653341,0.0
2022-09-19 22:00:00,3741.924,3752.741,3730.032,3740.867,49980.0,0.011911142523912234,1.0
2022-09-19 23:00:00,3740.461,3743.319,3740.164,3741.081,968.0,0.014516927059317812,1.0
2022-09-20 09:00:00,3744.007,3771.469,3743.198,3762.466,88860.0,0.008628383618616073,1.0
2022-09-20 10:00:00,3762.63,3770.044,3751.8,3764.586,33120.0,0.007393641691277684,1.0
2022-09-20 11:00:00,3765.546,3772.698,3758.346,3763.482,21922.0,0.011668449590033967,1.0
2022-09-20 13:00:00,3763.466,3775.945,3758.445,3765.322,27741.0,0.012257915790468848,1.0
2022-09-20 14:00:00,3765.032,3767.615,3714.205,3717.909,125569.0,0.02746758998135776,1.0
2022-09-20 15:00:00,3718.475,3718.722,3714.956,3716.611,4738.0,0.028919895033405415,1.0
2022-09-20 21:00:00,3743.416,3743.416,3704.251,3711.476,127004.0,0.029761474949588744,1.0
2022-09-20 22:00:00,3711.248,3721.63,3707.675,3716.745,41132.0,0.028696345861768873,1.0
2022-09-20 23:00:00,3716.799,3718.192,3714.361,3718.192,862.0,0.02488306144491731,1.0
2022-09-21 09:00:00,3715.347,3722.186,3690.891,3693.802,102170.0,0.03298633765426512,1.0
2022-09-21 10:00:00,3693.968,3717.166,3688.976,3716.057,63412.0,0.029077056675933695,1.0
2022-09-21 11:00:00,3715.472,3716.804,3682.652,3687.091,49730.0,0.03512796402367069,1.0
2022-09-21 13:00:00,3689.521,3697.674,3682.735,3684.809,56258.0,0.036752515530655706,1.0
2022-09-21 14:00:00,3684.732,3735.482,3683.947,3715.117,124860.0,0.020252390436155787,1.0
2022-09-21 15:00:00,3714.251,3717.825,3712.983,3716.865,2448.0,0.018907869938779118,1.0
2022-09-21 21:00:00,3716.478,3737.988,3711.734,3725.351,98038.0,0.01628544531777002,1.0
2022-09-21 22:00:00,3725.664,3741.136,3723.174,3736.174,51111.0,0.023727481642985604,1.0
2022-09-21 23:00:00,3736.113,3739.02,3735.048,3737.218,2031.0,0.0201047945289785,1.0
2022-09-22 09:00:00,3728.039,3796.875,3723.446,3785.425,232431.0,0.0068658076702087035,1.0
2022-09-22 10:00:00,3784.96,3801.992,3782.335,3795.39,94751.0,0.004891460429626482,1.0
2022-09-22 11:00:00,3794.514,3800.526,3779.354,3794.93,54691.0,0.004693367203084154,1.0
2022-09-22 13:00:00,3799.937,3803.33,3789.519,3792.42,54183.0,0.005625431782344739,1.0
2022-09-22 14:00:00,3792.371,3811.647,3790.406,3807.396,78466.0,0.009463423295081454,1.0
2022-09-22 15:00:00,3808.085,3811.875,3807.147,3811.477,4367.0,0.009489759481691763,1.0
2022-09-22 21:00:00,3811.251,3835.148,3811.251,3820.031,130999.0,0.008158048979183733,1.0
2022-09-22 22:00:00,3819.553,3829.094,3816.645,3824.095,36695.0,0.005951211986103972,1.0
2022-09-22 23:00:00,3824.222,3825.685,3819.82,3821.935,1343.0,0.005230858190942596,1.0
2022-09-23 09:00:00,3822.851,3835.812,3814.065,3823.402,85570.0,0.002130301757440097,0.0
2022-09-23 10:00:00,3823.318,3823.449,3803.337,3810.712,44890.0,0.010158731491647753,1.0
2022-09-23 11:00:00,3811.134,3817.594,3806.0,3815.647,28320.0,0.014905991041624187,1.0
2022-09-23 13:00:00,3823.058,3829.418,3818.734,3824.109,35554.0,0.013702799789441226,1.0
2022-09-23 14:00:00,3824.647,3831.308,3808.798,3816.611,68002.0,0.019485873724097203,1.0
2022-09-23 15:00:00,3816.852,3824.338,3814.902,3820.235,4918.0,0.016004251047383178,1.0
2022-09-23 21:00:00,3799.717,3801.344,3777.887,3790.357,111042.0,0.02442223779976397,1.0
2022-09-23 22:00:00,3790.131,3790.851,3753.924,3787.143,126134.0,0.02147291507080665,1.0
2022-09-23 23:00:00,3787.27,3788.62,3783.231,3786.02,1560.0,0.023873091003217103,1.0
2022-09-26 09:00:00,3787.603,3831.094,3787.132,3824.824,134096.0,0.009672601928873092,1.0
2022-09-26 10:00:00,3824.793,3828.756,3810.538,3812.354,49476.0,0.012383162738822336,1.0
2022-09-26 11:00:00,3812.311,3816.086,3802.327,3811.415,34394.0,0.013938130589295642,1.0
2022-09-26 13:00:00,3809.602,3822.308,3801.514,3813.955,38265.0,0.012786988834425219,1.0
2022-09-26 14:00:00,3814.175,3817.494,3791.71,3812.741,75832.0,0.012617431921024788,1.0
2022-09-26 15:00:00,3813.062,3814.638,3811.933,3813.754,2474.0,0.01232250428318132,1.0
2022-09-26 21:00:00,3809.836,3851.727,3809.836,3843.427,175189.0,0.005195623593215131,1.0
2022-09-26 22:00:00,3844.133,3853.249,3840.163,3847.647,67173.0,0.007005580293618393,1.0
2022-09-26 23:00:00,3848.541,3851.93,3847.444,3851.195,1072.0,0.004846547630021321,1.0
2022-09-27 09:00:00,3844.882,3850.482,3833.393,3846.853,71465.0,0.009006062877890053,1.0
2022-09-27 10:00:00,3847.817,3854.505,3833.572,3841.927,60333.0,0.00419607139854548,1.0
2022-09-27 11:00:00,3841.898,3845.475,3829.172,3831.547,34291.0,0.009488334607405316,1.0
2022-09-27 13:00:00,3836.635,3852.354,3835.693,3849.424,46641.0,0.005294298575579128,1.0
2022-09-27 14:00:00,3849.557,3884.175,3848.432,3872.523,156469.0,0.00022904964024738296,0.0
2022-09-27 15:00:00,3871.585,3876.686,3871.38,3876.51,4079.0,-0.0026472265001251565,0.0
2022-09-27 21:00:00,3874.1,3904.575,3874.1,3890.981,137759.0,-0.008725563039243836,-1.0
2022-09-27 22:00:00,3890.53,3893.838,3876.43,3881.375,42321.0,-0.006177192360954588,-1.0
2022-09-27 23:00:00,3882.342,3882.926,3880.337,3882.926,1267.0,-0.004502532368631212,-1.0
2022-09-28 09:00:00,3881.686,3882.826,3865.399,3868.464,70771.0,-0.0018640473324812602,0.0
2022-09-28 10:00:00,3868.917,3876.646,3864.373,3876.404,54529.0,-0.003710655545706798,-1.0
2022-09-28 11:00:00,3876.527,3877.295,3857.27,3861.82,42820.0,-0.007944181758859834,-1.0
2022-09-28 13:00:00,3863.816,3869.926,3857.746,3859.563,46335.0,-0.008260779782581672,-1.0
2022-09-28 14:00:00,3859.01,3872.494,3855.7,3864.539,55691.0,0.00524331621443073,1.0
2022-09-28 15:00:00,3864.658,3865.977,3861.69,3862.724,1914.0,0.004748980253313478,1.0
2022-09-28 21:00:00,3871.586,3883.186,3845.362,3860.848,88610.0,0.006481736654745302,1.0
2022-09-28 22:00:00,3860.91,3879.227,3858.051,3860.749,65152.0,0.003492586542145159,1.0
2022-09-28 23:00:00,3860.831,3864.429,3860.239,3863.396,1559.0,0.0023681237957485814,0.0
2022-09-29 09:00:00,3866.829,3878.624,3860.999,3874.602,91988.0,-0.0004942443120609456,0.0
2022-09-29 10:00:00,3874.547,3875.396,3862.818,3869.86,36768.0,-0.003948204844619701,-1.0
2022-09-29 11:00:00,3870.591,3882.538,3868.397,3881.498,44533.0,-0.010564735573739844,-1.0
2022-09-29 13:00:00,3884.656,3887.908,3857.068,3858.048,69388.0,-0.0048288668259180954,-1.0
2022-09-29 14:00:00,3857.439,3877.716,3847.748,3867.902,88414.0,-0.014804408177870114,-1.0
2022-09-29 15:00:00,3868.886,3871.758,3867.115,3869.804,1794.0,-0.016191000887900254,-1.0
2022-09-29 21:00:00,3872.904,3876.796,3855.952,3873.41,78065.0,-0.021354568713355854,-1.0
2022-09-29 22:00:00,3873.959,3876.737,3857.217,3866.248,40755.0,-0.02109383567738026,-1.0
2022-09-29 23:00:00,3866.106,3866.642,3856.852,3857.03,2131.0,-0.02293915266409655,-1.0
2022-09-30 09:00:00,3863.969,3870.856,3852.342,3857.399,72265.0,-0.022563649754666244,-1.0
2022-09-30 10:00:00,3857.219,3867.002,3854.774,3865.443,33024.0,-0.029360412247703558,-1.0
2022-09-30 11:00:00,3866.18,3866.18,3857.676,3861.253,16473.0,-0.033912825707095695,-1.0
2022-09-30 13:00:00,3861.253,3869.451,3859.67,3862.02,27615.0,-0.0338185716283189,-1.0
2022-09-30 14:00:00,3861.979,3861.979,3814.048,3831.141,155574.0,-0.027612661606555334,-1.0
2022-09-30 15:00:00,3831.966,3832.106,3826.808,3827.68,3907.0,-0.024773230782092447,-1.0
2022-10-10 09:00:00,3853.554,3886.533,3853.554,3884.802,204531.0,-0.037521346004249355,-1.0
2022-10-10 10:00:00,3884.978,3892.429,3874.4,3881.068,65838.0,-0.031191671983072763,-1.0
2022-10-10 11:00:00,3880.993,3886.394,3868.683,3885.873,32954.0,-0.03263230682011477,-1.0
2022-10-10 13:00:00,3885.88,3889.945,3872.708,3874.233,45828.0,-0.029707557599142863,-1.0
2022-10-10 14:00:00,3874.222,3882.395,3865.576,3872.545,62951.0,-0.026829643038363632,-1.0
2022-10-10 15:00:00,3872.769,3873.839,3869.988,3872.687,1947.0,-0.02472004579765928,-1.0
2022-10-10 21:00:00,3873.557,3889.342,3833.86,3854.581,154184.0,-0.019797741959502305,-1.0
2022-10-10 22:00:00,3853.85,3861.78,3837.893,3840.491,42204.0,-0.02144074807101484,-1.0
2022-10-10 23:00:00,3840.188,3840.644,3837.523,3839.418,1699.0,-0.02423830903537988,-1.0
2022-10-11 09:00:00,3837.993,3838.734,3798.22,3810.64,149859.0,-0.015588457581928507,-1.0
2022-10-11 10:00:00,3810.69,3818.953,3804.225,3807.148,67060.0,-0.023138843039461638,-1.0
2022-10-11 11:00:00,3807.148,3808.04,3770.12,3790.695,127907.0,-0.02152296610516013,-1.0
2022-10-11 13:00:00,3779.14,3788.155,3776.359,3784.694,47897.0,-0.019530244717274412,-1.0
2022-10-11 14:00:00,3784.778,3790.061,3759.766,3768.553,128250.0,-0.011313360857602312,-1.0
2022-10-11 15:00:00,3767.71,3773.302,3766.015,3770.362,5385.0,-0.01322260302856868,-1.0
2022-10-11 21:00:00,3780.342,3782.421,3751.047,3751.952,107765.0,-0.0076301615798923215,-1.0
2022-10-11 22:00:00,3752.627,3753.726,3721.436,3730.307,107158.0,0.0016869925183101875,0.0
2022-10-11 23:00:00,3730.307,3733.571,3729.108,3731.412,1879.0,0.0072476585271206515,1.0
2022-10-12 09:00:00,3733.872,3740.337,3723.097,3725.353,108249.0,0.007484122981097323,1.0
2022-10-12 10:00:00,3725.478,3741.322,3715.809,3732.856,79411.0,0.0020166864191921126,0.0
2022-10-12 11:00:00,3733.836,3745.577,3730.087,3739.039,37503.0,0.002854476778658841,0.0
2022-10-12 13:00:00,3740.785,3762.962,3740.564,3760.011,61904.0,-0.002419673772230974,0.0
2022-10-12 14:00:00,3760.176,3770.159,3745.9,3759.068,74388.0,-0.011975574796731604,-1.0
2022-10-12 15:00:00,3760.201,3760.92,3755.724,3759.139,3351.0,-0.018022212001205608,-1.0
2022-10-12 21:00:00,3756.205,3769.968,3749.85,3768.646,104360.0,-0.021025853847774514,-1.0
2022-10-12 22:00:00,3768.605,3784.728,3765.799,3776.954,58691.0,-0.023038406080667206,-1.0
2022-10-12 23:00:00,3776.419,3779.915,3775.626,3778.269,1444.0,-0.025834846592447464,-1.0
2022-10-13 09:00:00,3777.763,3789.484,3755.441,3758.148,78025.0,-0.026595280441323775,-1.0
2022-10-13 10:00:00,3757.748,3765.53,3740.168,3746.357,76416.0,-0.021335927142020844,-1.0
2022-10-13 11:00:00,3747.096,3754.507,3734.638,3751.238,35109.0,-0.02092909060955337,-1.0
2022-10-13 13:00:00,3752.483,3761.803,3715.97,3719.055,86388.0,-0.011597032041741694,-1.0
2022-10-13 14:00:00,3718.853,3728.095,3709.025,3709.108,130615.0,-0.006637714512492045,-1.0
2022-10-13 15:00:00,3708.823,3712.382,3706.018,3710.778,6601.0,-0.010207023971792371,-1.0
2022-10-13 21:00:00,3701.848,3732.116,3683.181,3725.918,146185.0,-0.014034393671573064,-1.0
2022-10-13 22:00:00,3725.75,3731.928,3713.424,3720.508,54893.0,-0.01570672607074085,-1.0
2022-10-13 23:00:00,3721.527,3723.693,3720.494,3723.324,937.0,-0.020611152830105624,-1.0
2022-10-14 09:00:00,3733.894,3747.056,3732.191,3736.6,88626.0,-0.024757533586683086,-1.0
2022-10-14 10:00:00,3737.338,3764.713,3735.706,3758.456,55850.0,-0.027996336793619497,-1.0
2022-10-14 11:00:00,3758.649,3761.814,3751.047,3753.234,26661.0,-0.020314480791765153,-1.0
2022-10-14 13:00:00,3756.168,3762.388,3737.096,3740.384,38313.0,-0.017187272750605234,-1.0
2022-10-14 14:00:00,3740.742,3760.545,3739.065,3749.712,53203.0,-0.019867392482409273,-1.0
2022-10-14 15:00:00,3749.747,3751.766,3748.547,3750.913,3023.0,-0.020729886297016182,-1.0
2022-10-14 21:00:00,3747.261,3754.961,3712.134,3714.051,117969.0,-0.011951639867088557,-1.0
2022-10-14 22:00:00,3714.733,3719.171,3691.272,3691.391,99312.0,-0.0044267865419837385,-1.0
2022-10-14 23:00:00,3692.228,3692.914,3689.075,3689.407,5781.0,-0.0058161108275666205,-1.0
2022-10-17 09:00:00,3706.4,3728.132,3686.993,3689.939,148361.0,-0.008648381450208204,-1.0
2022-10-17 10:00:00,3690.521,3691.255,3669.507,3680.658,94311.0,-0.008064862315379409,-1.0
2022-10-17 11:00:00,3680.559,3681.412,3655.792,3658.199,64299.0,-0.0017150515868600608,0.0
2022-10-17 13:00:00,3659.936,3671.642,3659.391,3666.425,37962.0,-0.004079723436317417,-1.0
2022-10-17 14:00:00,3666.228,3682.784,3661.508,3672.728,79081.0,-0.012436259913611948,-1.0
2022-10-17 15:00:00,3673.404,3677.784,3672.417,3675.925,4420.0,-0.012604718540231447,-1.0
2022-10-17 21:00:00,3688.918,3702.553,3665.887,3684.488,114354.0,-0.014304022702747296,-1.0
2022-10-17 22:00:00,3684.488,3691.137,3667.38,3672.902,49951.0,-0.008944153696450413,-1.0
2022-10-17 23:00:00,3672.963,3675.404,3671.71,3673.627,884.0,-0.007979852064458382,-1.0
2022-10-18 09:00:00,3674.041,3679.681,3652.765,3662.071,87394.0,-0.008251615001456785,-1.0
2022-10-18 10:00:00,3661.096,3661.967,3640.614,3646.582,64429.0,-0.0014857748982470887,0.0
2022-10-18 11:00:00,3646.621,3654.171,3640.606,3644.091,33501.0,-0.011019208905595318,-1.0
2022-10-18 13:00:00,3645.224,3654.538,3639.369,3653.233,39975.0,-0.014512624844897664,-1.0
2022-10-18 14:00:00,3653.074,3688.321,3643.842,3676.989,105103.0,-0.01051866078468011,-1.0
2022-10-18 15:00:00,3676.443,3679.03,3675.288,3676.097,3440.0,-0.007595283802358935,-1.0
2022-10-18 21:00:00,3676.456,3691.881,3668.82,3675.215,96650.0,-0.006704641769257057,-1.0
2022-10-18 22:00:00,3674.464,3680.723,3654.166,3673.157,57320.0,-0.00787061375269293,-1.0
2022-10-18 23:00:00,3671.385,3672.227,3667.396,3669.662,1242.0,-0.005627221253619444,-1.0
2022-10-19 09:00:00,3670.953,3686.816,3666.474,3675.05,74582.0,-0.0037085209725038733,-1.0
2022-10-19 10:00:00,3674.999,3681.567,3666.293,3667.949,33671.0,-0.004397552964885855,-1.0
2022-10-19 11:00:00,3667.295,3671.832,3653.386,3658.027,40221.0,-0.006107117306679296,-1.0
2022-10-19 13:00:00,3652.524,3655.819,3643.38,3650.974,55659.0,-0.003643959118854335,-1.0
2022-10-19 14:00:00,3650.99,3670.807,3635.656,3651.925,108044.0,0.001879830500352494,0.0
2022-10-19 15:00:00,3650.969,3652.89,3648.232,3651.467,4614.0,0.00030179651082698044,0.0
2022-10-19 21:00:00,3652.182,3655.761,3597.777,3627.053,247312.0,0.0068336470407242625,1.0
2022-10-19 22:00:00,3627.534,3653.622,3615.051,3629.591,88986.0,0.00677844969309216,1.0
2022-10-19 23:00:00,3629.497,3632.11,3627.577,3631.785,852.0,0.001524043961853554,0.0
2022-10-20 09:00:00,3635.645,3648.698,3623.555,3640.051,70240.0,-0.003394457934792608,-1.0
2022-10-20 10:00:00,3639.756,3645.187,3630.182,3644.312,39847.0,-0.003204720122755705,-1.0
2022-10-20 11:00:00,3643.568,3651.976,3629.686,3631.853,34402.0,0.0037022423539719014,1.0
2022-10-20 13:00:00,3642.353,3651.874,3634.498,3641.164,53328.0,0.0006448487351846707,0.0
2022-10-20 14:00:00,3642.305,3644.088,3593.125,3603.936,130543.0,0.003155993891123426,1.0
2022-10-20 15:00:00,3603.891,3603.932,3597.806,3600.215,3342.0,0.003171755020186258,1.0
2022-10-20 21:00:00,3615.35,3641.685,3590.706,3638.312,157100.0,-0.006702283916277594,-1.0
2022-10-20 22:00:00,3637.523,3660.668,3630.725,3648.176,109386.0,-0.00815558240611203,-1.0
2022-10-20 23:00:00,3649.193,3652.265,3648.214,3650.574,1551.0,-0.011632691187741953,-1.0
2022-10-21 09:00:00,3646.717,3653.195,3636.151,3644.247,65710.0,-0.007726699095862576,-1.0
2022-10-21 10:00:00,3644.247,3658.423,3640.988,3649.012,46276.0,-0.011323064983069448,-1.0
2022-10-21 11:00:00,3648.896,3665.106,3648.78,3661.421,38226.0,-0.013880676382202393,-1.0
2022-10-21 13:00:00,3661.063,3663.01,3647.412,3651.819,29735.0,-0.011289442329973053,-1.0
2022-10-21 14:00:00,3651.06,3652.787,3627.744,3635.687,66804.0,-0.005515876366694957,-1.0
2022-10-21 15:00:00,3635.556,3638.694,3634.596,3637.67,2554.0,-0.004379176780741598,-1.0
2022-10-21 21:00:00,3636.863,3662.006,3631.276,3658.79,97190.0,-0.010174675234162076,-1.0
2022-10-21 22:00:00,3658.633,3663.235,3641.321,3652.569,58796.0,-0.00873412658323499,-1.0
2022-10-21 23:00:00,3652.212,3654.733,3650.777,3651.839,1537.0,-0.002469714573944738,0.0
2022-10-24 09:00:00,3660.686,3680.714,3645.617,3654.194,137088.0,-0.002133439001870131,0.0
2022-10-24 10:00:00,3654.24,3654.994,3632.501,3637.32,68196.0,-0.003130876579459705,-1.0
2022-10-24 11:00:00,3637.303,3639.976,3625.926,3627.695,29843.0,-0.003676163514297712,-1.0
2022-10-24 13:00:00,3623.27,3645.027,3618.32,3632.633,51624.0,-0.005142550871502733,-1.0
2022-10-24 14:00:00,3633.412,3647.108,3628.833,3645.299,51076.0,-0.007554387170983783,-1.0
2022-10-24 15:00:00,3644.556,3646.196,3640.625,3643.512,2886.0,-0.00505885530224691,-1.0
2022-10-24 21:00:00,3642.739,3642.739,3597.086,3615.31,178931.0,0.0031742782776581022,1.0
2022-10-24 22:00:00,3615.37,3624.001,3610.858,3611.634,44260.0,0.008860255496542561,1.0
2022-10-24 23:00:00,3611.557,3614.755,3611.401,3613.927,1042.0,0.008125233298846388,1.0
2022-10-25 09:00:00,3613.918,3622.241,3598.183,3618.423,108351.0,0.0033782672727871122,1.0
2022-10-25 10:00:00,3619.114,3619.234,3597.875,3608.108,49947.0,0.0031772884847127473,1.0
2022-10-25 11:00:00,3606.486,3617.277,3597.957,3616.089,35984.0,-0.0033810008547909393,-1.0
2022-10-25 13:00:00,3612.213,3623.781,3602.06,3607.694,51248.0,-0.0019172912115051654,0.0
2022-10-25 14:00:00,3607.759,3617.293,3605.731,3610.598,46040.0,-0.017100491386745336,-1.0
2022-10-25 15:00:00,3610.78,3611.686,3608.573,3610.592,1678.0,-0.016760132410419157,-1.0
2022-10-25 21:00:00,3608.486,3626.336,3593.235,3615.633,118512.0,-0.017290471682275172,-1.0
2022-10-25 22:00:00,3615.79,3625.048,3615.778,3621.74,29038.0,-0.025225996344298496,-1.0
2022-10-25 23:00:00,3622.48,3623.509,3620.473,3621.563,1116.0,-0.026282574678391676,-1.0
2022-10-26 09:00:00,3621.137,3627.597,3604.432,3620.667,82476.0,-0.024781069344405247,-1.0
2022-10-26 10:00:00,3620.162,3654.163,3620.162,3642.82,100648.0,-0.033642343019968136,-1.0
2022-10-26 11:00:00,3642.699,3649.939,3636.999,3646.398,27987.0,-0.03405909064232709,-1.0
2022-10-26 13:00:00,3645.676,3646.257,3625.178,3625.932,41712.0,-0.029814403579548534,-1.0
2022-10-26 14:00:00,3625.835,3631.424,3604.837,3614.359,96611.0,-0.028462861602845762,-1.0
2022-10-26 15:00:00,3614.158,3618.188,3612.537,3613.952,2228.0,-0.041826786852730835,-1.0
2022-10-26 21:00:00,3613.288,3628.776,3611.694,3617.761,77119.0,-0.04448469647386877,-1.0
2022-10-26 22:00:00,3617.856,3635.333,3615.071,3625.08,40580.0,-0.04190914407406181,-1.0
2022-10-26 23:00:00,3626.556,3630.014,3625.515,3626.786,1301.0,-0.04035363542265804,-1.0
2022-10-27 09:00:00,3632.478,3657.664,3632.478,3643.634,99848.0,-0.04549633689882132,-1.0
2022-10-27 10:00:00,3643.673,3647.442,3626.227,3643.291,55394.0,-0.04860001575498644,-1.0
2022-10-27 11:00:00,3643.485,3645.261,3626.216,3630.647,30715.0,-0.05123219084642486,-1.0
2022-10-27 13:00:00,3629.714,3631.834,3614.473,3619.572,40223.0,-0.04818636015528913,-1.0
2022-10-27 14:00:00,3619.572,3621.072,3599.851,3603.863,87034.0,-0.034881459145366965,-1.0
2022-10-27 15:00:00,3603.663,3605.028,3600.027,3600.777,2247.0,-0.03487413966485569,-1.0
2022-10-27 21:00:00,3594.5,3599.451,3547.323,3548.855,194353.0,-0.01991177436102636,-1.0
2022-10-27 22:00:00,3548.059,3562.598,3532.713,3550.078,113409.0,-0.018157347528702197,-1.0
2022-10-27 23:00:00,3550.708,3554.479,3548.15,3553.117,1110.0,-0.012292587043995492,-1.0
2022-10-28 09:00:00,3547.244,3552.327,3527.567,3530.378,106089.0,-0.009901489302278715,-1.0
2022-10-28 10:00:00,3529.509,3538.175,3509.468,3526.379,102655.0,-0.0059502963237926835,-1.0
2022-10-28 11:00:00,3526.379,3538.08,3518.249,3530.943,49620.0,0.001485722086139493,0.0
2022-10-28 13:00:00,3526.619,3527.718,3509.808,3520.267,51421.0,0.005491628902012357,1.0
2022-10-28 14:00:00,3519.39,3527.108,3503.16,3522.205,87431.0,0.0025637349330888464,0.0
2022-10-28 15:00:00,3521.623,3522.473,3516.091,3517.827,3955.0,0.004158248828040634,1.0
2022-10-28 21:00:00,3519.144,3531.333,3508.478,3511.484,101545.0,0.006270853006876859,1.0
2022-10-28 22:00:00,3511.487,3513.193,3454.451,3462.792,139842.0,0.01955965013203225,1.0
2022-10-28 23:00:00,3463.726,3464.134,3456.284,3456.826,2949.0,0.024477367388465614,1.0
2022-10-31 09:00:00,3457.278,3497.993,3457.216,3473.156,164146.0,0.023318273063461542,1.0
2022-10-31 10:00:00,3473.443,3486.873,3465.632,3480.432,60861.0,0.023336470874879903,1.0
2022-10-31 11:00:00,3481.376,3484.129,3469.457,3477.862,27644.0,0.020332319108693715,1.0
2022-10-31 13:00:00,3478.779,3480.594,3462.616,3466.227,50652.0,0.02493431618875519,1.0
2022-10-31 14:00:00,3466.454,3469.036,3438.804,3444.641,100506.0,0.027332311262625072,1.0
2022-10-31 15:00:00,3443.851,3446.543,3443.53,3445.158,2602.0,0.0313297677494037,1.0
2022-10-31 21:00:00,3458.56,3484.191,3442.223,3478.155,131311.0,0.021976306403826137,1.0
2022-10-31 22:00:00,3478.058,3479.138,3454.638,3475.203,72876.0,0.018904507161164433,1.0
2022-10-31 23:00:00,3474.56,3479.332,3473.653,3478.191,1486.0,0.021267952219990265,1.0
2022-11-01 09:00:00,3473.577,3495.431,3468.968,3485.618,86944.0,0.023649751636582148,1.0
2022-11-01 10:00:00,3485.177,3511.733,3483.111,3509.44,59225.0,0.019139235889486676,1.0
2022-11-01 11:00:00,3510.016,3510.798,3488.033,3495.422,32960.0,0.0185591324881516,1.0
2022-11-01 13:00:00,3496.38,3509.654,3495.719,3505.396,33441.0,0.015964815387476832,1.0
2022-11-01 14:00:00,3506.345,3551.184,3502.864,3536.189,140678.0,0.005522612054955207,1.0
2022-11-01 15:00:00,3536.596,3543.216,3535.561,3539.599,3470.0,0.009409540459244123,1.0
2022-11-01 21:00:00,3537.476,3560.399,3521.081,3531.235,127249.0,0.01147275669843551,1.0
2022-11-01 22:00:00,3530.52,3537.019,3518.96,3532.455,66965.0,0.016651875253895696,1.0
2022-11-01 23:00:00,3532.369,3536.276,3530.586,3533.504,1890.0,0.01718945273586786,1.0
2022-11-02 09:00:00,3533.516,3537.918,3521.438,3530.523,65709.0,0.02476431962063412,1.0
2022-11-02 10:00:00,3530.351,3545.281,3519.706,3541.44,60436.0,0.0258462659257251,1.0
2022-11-02 11:00:00,3541.132,3560.755,3537.715,3554.144,55241.0,0.02018713929429985,1.0
2022-11-02 13:00:00,3552.489,3574.853,3551.595,3561.653,76504.0,0.017550558687216306,1.0
2022-11-02 14:00:00,3561.597,3563.336,3529.023,3548.575,94296.0,0.02656249339523612,1.0
2022-11-02 15:00:00,3548.722,3552.655,3547.707,3552.655,2658.0,0.03148715538097559,1.0
2022-11-02 21:00:00,3543.505,3548.67,3530.459,3538.791,83039.0,0.033559201433483926,1.0
2022-11-02 22:00:00,3539.341,3556.633,3536.843,3553.094,38260.0,0.0143007756057115,1.0
2022-11-02 23:00:00,3553.495,3555.382,3551.456,3554.592,1145.0,0.011536907752000796,1.0
2022-11-03 09:00:00,3548.663,3565.862,3533.05,3540.9,95652.0,0.014950436329746703,1.0
2022-11-03 10:00:00,3540.134,3557.876,3537.141,3552.165,39417.0,0.00980951053793961,1.0
2022-11-03 11:00:00,3551.603,3570.325,3551.603,3568.052,36726.0,0.00989027065749035,1.0
2022-11-03 13:00:00,3569.797,3583.226,3568.382,3576.608,61531.0,0.007651663251885511,1.0
2022-11-03 14:00:00,3577.023,3577.316,3551.627,3560.294,90479.0,0.013464337495723767,1.0
2022-11-03 15:00:00,3559.92,3564.524,3558.427,3561.359,2274.0,0.008250502125733538,1.0
2022-11-03 21:00:00,3555.189,3570.926,3547.448,3555.718,96328.0,0.010251094153135956,1.0
2022-11-03 22:00:00,3555.634,3578.1,3553.754,3572.905,51009.0,0.00666572438953731,1.0
2022-11-03 23:00:00,3572.176,3574.791,3571.196,3571.748,1264.0,0.0074011380422134895,1.0
2022-11-04 09:00:00,3570.463,3593.211,3567.431,3591.277,84263.0,0.0038640851151275583,1.0
2022-11-04 10:00:00,3591.337,3603.626,3584.309,3594.243,58881.0,0.0011927407245420696,0.0
2022-11-04 11:00:00,3594.303,3618.014,3594.159,3617.954,56668.0,0.002451109107523185,0.0
2022-11-04 13:00:00,3622.032,3633.825,3621.035,3632.973,82316.0,-0.0011937881178858167,0.0
2022-11-04 14:00:00,3633.101,3642.678,3611.82,3625.892,107161.0,0.007638672084000328,1.0
2022-11-04 15:00:00,3626.252,3626.81,3622.596,3624.162,3461.0,0.010209532576082472,1.0
2022-11-04 21:00:00,3630.859,3661.786,3630.859,3642.834,129011.0,0.005571211864169511,1.0
2022-11-04 22:00:00,3643.382,3665.652,3634.852,3664.518,93906.0,-0.005012664694238135,-1.0
2022-11-04 23:00:00,3664.531,3665.597,3656.964,3657.55,2791.0,-0.001043321348990515,0.0
2022-11-07 09:00:00,3639.76,3639.76,3594.399,3603.906,155942.0,0.015381089295891803,1.0
2022-11-07 10:00:00,3603.799,3608.565,3588.316,3595.601,68784.0,0.01866252679315643,1.0
2022-11-07 11:00:00,3596.268,3598.4,3587.626,3593.838,26228.0,0.020440264697518317,1.0
2022-11-07 13:00:00,3594.282,3600.942,3586.816,3587.01,31113.0,0.023144624631657,1.0
2022-11-07 14:00:00,3587.648,3612.419,3585.569,3603.341,80566.0,0.006621910055140586,1.0
2022-11-07 15:00:00,3603.761,3605.531,3600.317,3603.975,2589.0,0.008587739926053948,1.0
2022-11-07 21:00:00,3605.199,3617.138,3597.076,3608.231,99750.0,0.006989297525574054,1.0
2022-11-07 22:00:00,3607.861,3612.682,3590.005,3590.742,40752.0,0.010451321760237798,1.0
2022-11-07 23:00:00,3590.905,3594.477,3589.936,3592.168,1310.0,0.014165818525191462,1.0
2022-11-08 09:00:00,3595.594,3601.765,3585.594,3596.721,80496.0,0.0147937524206075,1.0
2022-11-08 10:00:00,3596.812,3612.484,3592.966,3598.183,54306.0,0.006407678542197559,1.0
2022-11-08 11:00:00,3598.183,3611.266,3597.335,3605.154,28195.0,0.003511916550582876,1.0
2022-11-08 13:00:00,3602.649,3606.05,3592.837,3598.53,21970.0,0.004965082964432625,1.0
2022-11-08 14:00:00,3597.671,3629.961,3596.756,3626.822,103356.0,0.009411821148101495,1.0
2022-11-08 15:00:00,3627.279,3630.868,3626.373,3628.636,4153.0,0.00836870934422747,1.0
2022-11-08 21:00:00,3627.719,3671.033,3625.752,3653.589,157298.0,0.0024255601820566243,0.0
2022-11-08 22:00:00,3652.961,3670.498,3652.784,3661.163,59092.0,0.009198170089668209,1.0
2022-11-08 23:00:00,3661.201,3663.807,3660.185,3663.129,1518.0,0.00955112418918364,1.0
2022-11-09 09:00:00,3661.235,3661.589,3643.479,3646.149,90608.0,0.016281013200502854,1.0
2022-11-09 10:00:00,3646.089,3661.203,3644.57,3653.734,49834.0,0.018947739490614266,1.0
2022-11-09 11:00:00,3652.982,3667.76,3650.528,3659.338,33690.0,0.012471654709130427,1.0
2022-11-09 13:00:00,3660.288,3668.536,3650.907,3662.704,45037.0,0.011856813982238227,1.0
2022-11-09 14:00:00,3663.229,3677.773,3658.79,3667.297,83335.0,0.015618042389258312,1.0
2022-11-09 15:00:00,3666.627,3671.245,3666.605,3670.03,3555.0,0.011872927469257638,1.0
2022-11-09 21:00:00,3659.835,3659.835,3620.251,3627.202,166670.0,0.023136842116871233,1.0
2022-11-09 22:00:00,3627.263,3639.045,3623.475,3634.925,63272.0,0.02765394059024601,1.0
2022-11-09 23:00:00,3635.005,3635.85,3631.982,3633.45,2086.0,0.03064910759746249,1.0
2022-11-10 09:00:00,3630.335,3633.642,3614.54,3628.27,80661.0,0.028644229894688126,1.0
2022-11-10 10:00:00,3627.582,3644.68,3625.966,3643.054,49862.0,0.02018416416555991,1.0
2022-11-10 11:00:00,3642.868,3660.25,3640.067,3649.93,45808.0,0.022655776960106087,1.0
2022-11-10 13:00:00,3647.807,3648.209,3612.372,3621.239,80217.0,0.03150302976412215,1.0
2022-11-10 14:00:00,3620.568,3632.128,3606.012,3617.815,109311.0,0.03591504817134092,1.0
2022-11-10 15:00:00,3618.068,3619.075,3614.791,3616.397,3162.0,0.03770852591681725,1.0
2022-11-10 21:00:00,3622.537,3662.798,3604.027,3660.957,193509.0,0.02489103259065867,1.0
2022-11-10 22:00:00,3661.066,3666.927,3649.49,3659.003,55990.0,0.0238898410304665,1.0
2022-11-10 23:00:00,3659.981,3662.756,3658.942,3662.451,1154.0,0.025521160556141176,1.0
2022-11-11 09:00:00,3663.467,3709.425,3663.261,3694.839,184539.0,0.017240264054807334,1.0
2022-11-11 10:00:00,3694.9,3704.067,3690.716,3698.116,62466.0,0.01325053081082366,1.0
2022-11-11 11:00:00,3697.594,3709.572,3696.916,3705.512,41471.0,0.014753426786905525,1.0
2022-11-11 13:00:00,3706.441,3724.394,3705.506,3722.964,71656.0,0.010513128786633411,1.0
2022-11-11 14:00:00,3722.028,3727.333,3702.49,3704.976,125959.0,0.01846813582598105,1.0
2022-11-11 15:00:00,3704.822,3706.139,3702.897,3706.132,4525.0,0.01856005128797357,1.0
2022-11-11 21:00:00,3705.208,3729.624,3699.171,3724.573,113881.0,0.013636462488451687,1.0
2022-11-11 22:00:00,3725.127,3728.75,3708.139,3713.604,55990.0,0.017849506840255467,1.0
2022-11-11 23:00:00,3713.796,3714.3,3709.403,3711.124,1759.0,0.02285992060626383,1.0
2022-11-14 09:00:00,3728.516,3752.551,3727.575,3735.445,191974.0,0.017508757323424596,1.0
2022-11-14 10:00:00,3735.69,3745.812,3724.99,3744.812,51731.0,0.014071200370005213,1.0
2022-11-14 11:00:00,3745.021,3745.653,3728.757,3732.199,26305.0,0.01635362958941896,1.0
2022-11-14 13:00:00,3728.812,3731.459,3710.915,3716.586,62905.0,0.02032510481393419,1.0
2022-11-14 14:00:00,3715.659,3734.468,3713.911,3732.622,66736.0,0.005269218259979211,1.0
2022-11-14 15:00:00,3732.843,3736.195,3731.009,3735.319,2669.0,0.0006802631850185131,0.0
2022-11-14 21:00:00,3727.39,3754.519,3727.39,3747.749,114971.0,-0.002013475288766623,0.0
2022-11-14 22:00:00,3747.611,3757.143,3742.259,3752.766,52198.0,-0.0007341251759369247,0.0
2022-11-14 23:00:00,3752.9,3753.792,3749.809,3752.082,1053.0,0.0010820659036769307,0.0
2022-11-15 09:00:00,3748.152,3757.019,3733.161,3746.416,74351.0,-0.000455635466002797,0.0
2022-11-15 10:00:00,3746.416,3762.481,3744.947,3755.921,58675.0,-0.0023323174262716824,0.0
2022-11-15 11:00:00,3755.737,3761.256,3752.891,3758.539,25659.0,0.005167699470459073,1.0
2022-11-15 13:00:00,3758.421,3761.671,3738.726,3747.118,45986.0,0.008853203982367244,1.0
2022-11-15 14:00:00,3747.949,3762.68,3744.395,3760.181,64149.0,0.0029799097437064673,0.0
2022-11-15 15:00:00,3760.449,3762.538,3759.28,3762.104,3788.0,0.00617898920391358,1.0
2022-11-15 21:00:00,3751.619,3784.99,3751.619,3773.4,126264.0,0.0032617798272115313,1.0
2022-11-15 22:00:00,3773.309,3778.92,3765.703,3774.918,45950.0,-0.00455639036397619,-1.0
2022-11-15 23:00:00,3774.144,3776.885,3773.052,3775.363,1229.0,-0.0017894967980562023,0.0
2022-11-16 09:00:00,3779.297,3786.977,3770.882,3779.89,60085.0,-0.0008912957784484965,0.0
2022-11-16 10:00:00,3780.505,3797.472,3770.615,3795.96,62573.0,-0.004509267747816149,-1.0
2022-11-16 11:00:00,3796.345,3808.057,3792.114,3800.848,47984.0,-0.004137497737347064,-1.0
2022-11-16 13:00:00,3799.308,3801.461,3788.318,3797.506,39731.0,-0.003463325666898234,-1.0
2022-11-16 14:00:00,3797.221,3805.376,3787.387,3793.234,71326.0,-0.008120247788562513,-1.0
2022-11-16 15:00:00,3792.403,3794.291,3790.844,3792.126,1589.0,-0.00590143892898083,-1.0
2022-11-16 21:00:00,3798.528,3800.022,3748.396,3752.29,154644.0,0.0037076025573717017,1.0
2022-11-16 22:00:00,3752.275,3758.479,3736.286,3737.86,95163.0,-0.005216086209756464,-1.0
2022-11-16 23:00:00,3737.534,3741.262,3736.639,3740.203,1917.0,-0.006048067444467612,-1.0
2022-11-17 09:00:00,3737.319,3762.861,3731.446,3750.011,81942.0,-0.007239445430960106,-1.0
2022-11-17 10:00:00,3750.943,3761.075,3749.939,3756.142,31443.0,-0.006124901561229543,-1.0
2022-11-17 11:00:00,3756.32,3757.367,3738.394,3744.709,31961.0,-0.002437572585746904,0.0
2022-11-17 13:00:00,3745.891,3753.551,3731.033,3747.161,43250.0,-0.0032576662705445215,-1.0
2022-11-17 14:00:00,3747.161,3780.917,3736.827,3777.962,83281.0,-0.003749640679286919,-1.0
2022-11-17 15:00:00,3777.933,3782.352,3777.595,3780.292,2564.0,-0.009176804331517196,-1.0
2022-11-17 21:00:00,3770.479,3791.915,3768.338,3771.386,101545.0,-0.007000079016043463,-1.0
2022-11-17 22:00:00,3770.902,3788.874,3764.207,3785.35,47445.0,-0.009073665579140569,-1.0
2022-11-17 23:00:00,3785.89,3787.288,3782.984,3785.708,1208.0,-0.006706011134509099,-1.0
2022-11-18 09:00:00,3782.068,3792.254,3754.061,3757.718,93061.0,0.0020262297490125742,0.0
2022-11-18 10:00:00,3757.656,3789.804,3756.827,3768.607,59255.0,-0.0067178668404532516,-1.0
2022-11-18 11:00:00,3767.384,3776.823,3757.188,3776.521,33057.0,-0.013634506467725184,-1.0
2022-11-18 13:00:00,3778.141,3787.751,3775.142,3778.843,39327.0,-0.01384894794517783,-1.0
2022-11-18 14:00:00,3778.729,3789.988,3772.077,3785.122,76130.0,-0.013529814891039178,-1.0
2022-11-18 15:00:00,3785.751,3786.31,3783.235,3784.354,2006.0,-0.010425293194029938,-1.0
2022-11-18 21:00:00,3781.997,3789.859,3746.832,3762.432,139397.0,-0.004805136677553169,-1.0
2022-11-18 22:00:00,3762.288,3774.3,3752.851,3769.747,53295.0,-0.007227806003957254,-1.0
2022-11-18 23:00:00,3769.63,3769.937,3763.57,3766.202,2565.0,-0.008764532544988296,-1.0
2022-11-21 09:00:00,3751.697,3752.485,3708.434,3718.363,179027.0,0.0022819181451623005,0.0
2022-11-21 10:00:00,3719.053,3723.173,3706.863,3717.582,53066.0,0.007251218668478688,1.0
2022-11-21 11:00:00,3717.391,3726.141,3714.123,3722.863,26864.0,0.004957474932598952,1.0
2022-11-21 13:00:00,3722.948,3736.51,3722.886,3733.136,33427.0,0.002573707467394752,0.0
2022-11-21 14:00:00,3733.479,3745.474,3732.757,3735.581,63976.0,0.00448203371844967,1.0
2022-11-21 15:00:00,3735.672,3737.687,3734.14,3734.954,1930.0,0.010662246442660301,1.0
2022-11-21 21:00:00,3734.53,3776.914,3728.995,3763.796,137571.0,0.003977367530014978,1.0
2022-11-21 22:00:00,3764.332,3769.383,3740.404,3745.601,48601.0,0.00735102324032915,1.0
2022-11-21 23:00:00,3745.982,3747.282,3743.586,3744.986,1392.0,0.010134617325672293,1.0
2022-11-22 09:00:00,3752.597,3760.926,3745.184,3751.003,63629.0,0.005334039988770953,1.0
2022-11-22 10:00:00,3751.372,3760.996,3732.403,3760.321,54848.0,-0.0009302397321930886,0.0
2022-11-22 11:00:00,3759.506,3767.844,3755.011,3765.332,39383.0,-0.0023065695136577453,0.0
2022-11-22 13:00:00,3765.575,3765.575,3740.487,3743.29,41754.0,0.0037384226175370175,1.0
2022-11-22 14:00:00,3743.177,3746.589,3718.617,3725.03,102111.0,0.005324520876341891,1.0
2022-11-22 15:00:00,3724.917,3728.447,3724.841,3726.51,2107.0,0.006292482778792922,1.0
2022-11-22 21:00:00,3726.833,3740.121,3712.125,3733.91,87792.0,0.004194530666245373,1.0
2022-11-22 22:00:00,3733.964,3745.513,3732.643,3744.901,38846.0,0.0032660409447406546,1.0
2022-11-22 23:00:00,3744.611,3745.947,3743.017,3744.353,1283.0,0.004136629212042784,1.0
2022-11-23 09:00:00,3743.62,3743.634,3727.382,3742.5,62930.0,0.0048066800267201155,1.0
2022-11-23 10:00:00,3741.666,3745.572,3720.946,3733.193,62306.0,0.013225943582343585,1.0
2022-11-23 11:00:00,3733.245,3739.299,3726.848,3726.848,35403.0,0.019434385303613157,1.0
2022-11-23 13:00:00,3731.044,3750.532,3727.126,3744.539,50077.0,0.015005852522833811,1.0
2022-11-23 14:00:00,3745.116,3757.508,3740.694,3741.319,77302.0,0.018100835560934527,1.0
2022-11-23 15:00:00,3741.253,3743.547,3740.586,3742.744,1990.0,0.02013148641745194,1.0
2022-11-23 21:00:00,3738.827,3758.678,3737.45,3752.324,89245.0,0.01722825640856166,1.0
2022-11-23 22:00:00,3752.595,3804.795,3748.132,3774.777,160086.0,0.0018316313784893148,0.0
2022-11-23 23:00:00,3775.055,3780.364,3774.969,3778.766,2198.0,0.0051355389563682826,1.0
2022-11-24 09:00:00,3781.263,3797.488,3770.425,3773.135,95344.0,0.006090691162653805,1.0
2022-11-24 10:00:00,3772.507,3787.346,3769.292,3782.94,47096.0,0.0009717309817231917,0.0
2022-11-24 11:00:00,3782.088,3782.926,3768.171,3771.011,26971.0,0.00783105644613605,1.0
2022-11-24 13:00:00,3768.721,3768.721,3745.966,3756.823,85788.0,0.012745609787844748,1.0
2022-11-24 14:00:00,3757.676,3770.104,3753.284,3756.647,99614.0,0.02102300269362549,1.0
2022-11-24 15:00:00,3756.812,3757.805,3753.849,3757.284,2028.0,0.021988755707580247,1.0
2022-11-24 21:00:00,3758.343,3758.833,3730.08,3744.864,136683.0,0.02518382510019054,1.0
2022-11-24 22:00:00,3745.428,3751.749,3735.981,3749.959,41413.0,0.025237342594945738,1.0
2022-11-24 23:00:00,3749.604,3751.48,3748.137,3749.572,1057.0,0.022901013769038088,1.0
2022-11-25 09:00:00,3749.979,3759.307,3741.072,3757.132,75116.0,0.023100865234439494,1.0
2022-11-25 10:00:00,3757.019,3773.574,3754.761,3759.842,76434.0,0.02321693305197397,1.0
2022-11-25 11:00:00,3760.426,3764.483,3750.922,3760.489,33709.0,0.022738266220164467,1.0
2022-11-25 13:00:00,3760.948,3784.527,3760.948,3782.568,65562.0,0.016612259184765478,1.0
2022-11-25 14:00:00,3782.356,3803.04,3772.998,3799.277,121233.0,0.010051649300643214,1.0
2022-11-25 15:00:00,3799.195,3801.881,3797.438,3800.729,3880.0,0.011840360099338944,1.0
2022-11-25 21:00:00,3818.878,3825.292,3800.381,3809.04,141402.0,0.009786192846491463,1.0
2022-11-25 22:00:00,3809.416,3818.942,3806.058,3818.091,40263.0,0.006527083822779571,1.0
2022-11-25 23:00:00,3818.721,3820.657,3816.768,3816.97,2753.0,0.007420545616025295,1.0
2022-11-28 09:00:00,3801.38,3801.38,3769.107,3781.691,153468.0,0.01666794034732091,1.0
2022-11-28 10:00:00,3781.723,3802.679,3779.586,3798.172,62369.0,0.005700900327841865,1.0
2022-11-28 11:00:00,3799.065,3803.93,3794.381,3796.116,29664.0,0.00924813677980335,1.0
2022-11-28 13:00:00,3795.374,3795.59,3780.927,3786.616,48156.0,0.01248793117654386,1.0
2022-11-28 14:00:00,3786.883,3806.023,3783.149,3800.542,70166.0,0.01639581933313725,1.0
2022-11-28 15:00:00,3799.985,3804.706,3798.462,3804.706,3296.0,0.01597547878863694,1.0
2022-11-28 21:00:00,3800.393,3839.707,3800.393,3835.623,149287.0,0.008548806804005493,1.0
2022-11-28 22:00:00,3835.228,3848.694,3833.55,3839.902,66536.0,0.006124375049154855,1.0
2022-11-28 23:00:00,3839.972,3842.525,3837.761,3839.174,1687.0,0.0030496143180799005,1.0
2022-11-29 09:00:00,3840.379,3859.419,3836.293,3844.598,133116.0,-0.0009519850970114052,0.0
2022-11-29 10:00:00,3845.148,3850.342,3830.995,3835.441,57666.0,0.005410590333680119,1.0
2022-11-29 11:00:00,3836.136,3846.765,3826.191,3843.925,40166.0,0.0017731875621922392,0.0
2022-11-29 13:00:00,3848.073,3856.009,3844.029,3847.134,57682.0,0.0002877466706384469,0.0
2022-11-29 14:00:00,3847.655,3851.527,3839.269,3845.996,97011.0,-0.0009032770704910146,0.0
2022-11-29 15:00:00,3846.013,3847.788,3844.191,3845.405,3086.0,0.001639099132601087,0.0
2022-11-29 21:00:00,3844.455,3844.455,3816.004,3837.466,153498.0,0.0039758006976478915,1.0
2022-11-29 22:00:00,3837.531,3850.325,3833.838,3845.731,56705.0,0.007669543189578233,1.0
2022-11-29 23:00:00,3845.796,3848.342,3845.538,3846.316,696.0,0.013390995435632515,1.0
2022-11-30 09:00:00,3844.873,3856.559,3838.612,3843.012,100284.0,0.013282550249647833,1.0
2022-11-30 10:00:00,3842.516,3849.141,3837.978,3845.294,49594.0,0.01501081581798427,1.0
2022-11-30 11:00:00,3844.44,3847.049,3835.784,3844.724,32657.0,0.014239773778299833,1.0
2022-11-30 13:00:00,3843.574,3843.673,3818.832,3819.825,60026.0,0.020882370265653604,1.0
2022-11-30 14:00:00,3819.721,3834.814,3816.136,3831.223,85512.0,0.01798511859006907,1.0
2022-11-30 15:00:00,3830.389,3834.32,3829.835,3833.903,2070.0,0.022412930113255368,1.0
2022-11-30 21:00:00,3852.445,3877.691,3845.589,3862.855,157278.0,0.014645385343224083,1.0
2022-11-30 22:00:00,3862.488,3872.34,3857.925,3865.488,53572.0,0.02699529787700812,1.0
2022-11-30 23:00:00,3865.533,3868.487,3864.658,3868.413,1213.0,0.021671677765533318,1.0
2022-12-01 09:00:00,3875.55,3884.913,3862.491,3863.419,103101.0,0.020403947902104376,1.0
2022-12-01 10:00:00,3863.293,3866.609,3848.203,3850.882,75149.0,0.021388606558185835,1.0
2022-12-01 11:00:00,3849.837,3854.283,3840.432,3840.938,45922.0,0.02101517910468741,1.0
2022-12-01 13:00:00,3840.262,3856.773,3835.531,3856.193,41424.0,0.01785984259605254,1.0
2022-12-01 14:00:00,3856.32,3860.107,3844.062,3850.741,62258.0,0.016669778621828838,1.0
2022-12-01 15:00:00,3850.806,3852.757,3847.639,3848.241,2958.0,0.018328373924606112,1.0
2022-12-01 21:00:00,3837.124,3850.315,3825.117,3842.522,138542.0,0.019714656155514505,1.0
2022-12-01 22:00:00,3841.745,3855.483,3841.257,3851.708,31678.0,0.017703574621959883,1.0
2022-12-01 23:00:00,3850.855,3854.85,3850.32,3852.723,870.0,0.01789046344624312,1.0
2022-12-02 09:00:00,3849.898,3876.997,3842.685,3875.226,86409.0,0.010922459748153984,1.0
2022-12-02 10:00:00,3874.452,3899.94,3873.35,3897.822,126783.0,0.007106532827820208,1.0
2022-12-02 11:00:00,3898.684,3901.358,3891.104,3894.057,49701.0,0.008200701736004429,1.0
2022-12-02 13:00:00,3893.938,3903.978,3888.944,3903.015,66872.0,0.005683554892820036,1.0
2022-12-02 14:00:00,3903.682,3913.563,3891.949,3899.472,116381.0,0.004337510309087938,1.0
2022-12-02 15:00:00,3901.001,3903.104,3897.448,3899.592,2627.0,0.008356771682781105,1.0
2022-12-02 21:00:00,3901.43,3908.091,3887.137,3900.128,210305.0,0.008309727270489495,1.0
2022-12-02 22:00:00,3900.119,3922.141,3893.558,3919.832,81807.0,0.0018919178168860726,0.0
2022-12-02 23:00:00,3919.825,3921.942,3916.796,3919.428,1881.0,0.007295707434860458,1.0
2022-12-05 09:00:00,3928.949,3990.27,3928.949,3969.838,249386.0,-0.008921522742237937,-1.0
2022-12-05 10:00:00,3969.75,3971.085,3939.881,3952.248,109583.0,-0.007581508043017529,-1.0
2022-12-05 11:00:00,3952.263,3954.956,3938.124,3942.248,35228.0,-0.006734482457724623,-1.0
2022-12-05 13:00:00,3942.904,3955.235,3933.063,3933.247,52964.0,-0.005249352506974501,-1.0
2022-12-05 14:00:00,3933.17,3934.926,3908.215,3921.656,125161.0,-0.0006844047514620716,0.0
2022-12-05 15:00:00,3921.99,3926.488,3921.524,3925.064,2340.0,0.0037275825311384255,1.0
2022-12-05 21:00:00,3929.996,3930.923,3906.695,3914.932,192980.0,0.0061464669118135645,1.0
2022-12-05 22:00:00,3914.81,3927.566,3902.048,3918.773,64769.0,0.006908284812618557,1.0
2022-12-05 23:00:00,3918.712,3920.68,3917.656,3918.276,750.0,0.0068833844272327945,1.0
2022-12-06 09:00:00,3905.978,3928.73,3904.349,3919.897,113397.0,0.005420040373509839,1.0
2022-12-06 10:00:00,3919.566,3939.108,3919.535,3921.65,43464.0,0.005962031287850741,1.0
2022-12-06 11:00:00,3922.216,3932.408,3914.754,3917.553,32430.0,0.008298547588252212,1.0
2022-12-06 13:00:00,3917.437,3931.544,3916.485,3925.522,38071.0,0.005877944385485566,1.0
2022-12-06 14:00:00,3925.273,3930.638,3914.985,3925.991,53406.0,0.01389865641566672,1.0
2022-12-06 15:00:00,3927.091,3927.826,3924.369,3925.198,1802.0,0.018717017587393123,1.0
2022-12-06 21:00:00,3913.395,3927.077,3910.259,3916.386,140516.0,0.021152154052230844,1.0
2022-12-06 22:00:00,3916.12,3940.379,3916.12,3932.18,100356.0,0.02169356438413306,1.0
2022-12-06 23:00:00,3932.839,3934.522,3931.056,3932.537,956.0,0.024114712715989788,1.0
2022-12-07 09:00:00,3928.331,3933.407,3916.072,3927.248,76826.0,0.025280043429903063,1.0
2022-12-07 10:00:00,3927.807,3951.451,3923.709,3948.023,82530.0,0.023057109849663932,1.0
2022-12-07 11:00:00,3947.891,3948.739,3924.503,3934.421,49299.0,0.02626714324674457,1.0
2022-12-07 13:00:00,3939.774,3959.317,3914.142,3922.284,104709.0,0.029040987343088794,1.0
2022-12-07 14:00:00,3922.833,3924.409,3902.022,3915.699,127806.0,0.03704191767549039,1.0
2022-12-07 15:00:00,3915.653,3917.652,3911.825,3912.6,2091.0,0.04144686397791749,1.0
2022-12-07 21:00:00,3915.683,3927.912,3913.334,3918.972,94521.0,0.03957747082653298,1.0
2022-12-07 22:00:00,3919.004,3940.527,3914.875,3939.695,51775.0,0.0290273739464603,1.0
2022-12-07 23:00:00,3939.208,3941.18,3937.643,3938.995,1529.0,0.02412112734339595,1.0
2022-12-08 09:00:00,3936.699,3950.757,3935.321,3945.845,74529.0,0.02527189993524836,1.0
2022-12-08 10:00:00,3946.854,3947.625,3935.835,3945.247,51716.0,0.024205328589059213,1.0
2022-12-08 11:00:00,3945.788,3951.961,3939.478,3941.143,36662.0,0.025677322543231712,1.0
2022-12-08 13:00:00,3940.423,3950.069,3935.642,3945.031,31902.0,0.024776231162695537,1.0
2022-12-08 14:00:00,3944.533,3958.77,3936.666,3950.063,92826.0,0.024966437244165394,1.0
2022-12-08 15:00:00,3949.451,3950.075,3946.846,3948.596,2504.0,0.023640808023915324,1.0
2022-12-08 21:00:00,3955.036,3986.396,3955.036,3980.557,120225.0,0.015904306859567643,1.0
2022-12-08 22:00:00,3980.846,4006.51,3971.212,3998.666,115757.0,0.006304102418156362,1.0
2022-12-08 23:00:00,3998.785,3999.251,3996.008,3999.226,2228.0,0.003809737184145101,1.0
2022-12-09 09:00:00,3995.445,4017.483,3986.406,4017.483,92552.0,-0.0023315593370277334,0.0
2022-12-09 10:00:00,4017.643,4030.76,4014.86,4027.369,73805.0,-0.0017500258853857763,0.0
2022-12-09 11:00:00,4026.534,4037.668,4024.71,4026.529,44708.0,0.002365809360866354,0.0
2022-12-09 13:00:00,4026.03,4047.236,4020.507,4039.053,67995.0,-0.00033225610062559175,0.0
2022-12-09 14:00:00,4039.689,4050.05,4023.718,4037.767,131080.0,0.003739938436269382,1.0
2022-12-09 15:00:00,4037.619,4039.386,4035.039,4036.191,2123.0,0.002296472094606086,0.0
2022-12-09 21:00:00,4040.593,4061.499,4034.864,4060.744,116863.0,-0.004986278376573368,-1.0
2022-12-09 22:00:00,4060.056,4087.623,4057.693,4074.765,74497.0,-0.010032971226561547,-1.0
2022-12-09 23:00:00,4074.612,4076.348,4072.04,4074.075,2653.0,-0.008767143462012813,-1.0
2022-12-12 09:00:00,4066.241,4067.691,4034.964,4054.054,125529.0,-0.0017789600237194643,0.0
2022-12-12 10:00:00,4053.362,4062.374,4034.008,4034.008,56282.0,0.0033153132071131867,1.0
2022-12-12 11:00:00,4033.595,4050.654,4032.853,4045.564,35688.0,0.006047364471307375,1.0
2022-12-12 13:00:00,4045.798,4051.849,4040.727,4040.743,23652.0,0.007723084591125909,1.0
2022-12-12 14:00:00,4040.621,4051.651,4038.445,4042.341,57157.0,0.017509161151916624,1.0
2022-12-12 15:00:00,4042.712,4044.153,4039.645,4042.774,1978.0,0.01648397857510711,1.0
2022-12-12 21:00:00,4043.932,4072.368,4033.509,4048.682,114160.0,0.014357511901403941,1.0
2022-12-12 22:00:00,4049.37,4058.686,4038.351,4041.944,48842.0,0.01333912592554478,1.0
2022-12-12 23:00:00,4041.481,4045.565,4040.855,4043.865,848.0,0.015618473910479347,1.0
2022-12-13 09:00:00,4042.732,4048.741,4018.346,4023.874,88415.0,0.020550345264290087,1.0
2022-12-13 10:00:00,4024.238,4029.871,4013.601,4014.462,46745.0,0.026229915739643426,1.0
2022-12-13 11:00:00,4014.866,4021.559,4001.89,4008.116,68505.0,0.033865037838226156,1.0
2022-12-13 13:00:00,4009.874,4023.735,4009.081,4020.321,36264.0,0.03257824437401898,1.0
2022-12-13 14:00:00,4019.563,4039.143,4007.804,4036.055,78276.0,0.039211309062934095,1.0
2022-12-13 15:00:00,4036.196,4038.576,4034.985,4037.711,2474.0,0.04005933064550684,1.0
2022-12-13 21:00:00,4037.006,4063.596,4026.93,4052.868,114279.0,0.036129970184077015,1.0
2022-12-13 22:00:00,4052.868,4057.22,4028.376,4045.46,56857.0,0.02300603639635535,1.0
2022-12-13 23:00:00,4045.367,4046.853,4037.108,4040.496,1517.0,0.022656624335230097,1.0
2022-12-14 09:00:00,4037.947,4043.433,4027.553,4033.883,58462.0,0.0059270434963037116,1.0
2022-12-14 10:00:00,4033.683,4042.024,4030.322,4038.357,28060.0,0.011351893851880814,1.0
2022-12-14 11:00:00,4038.644,4048.228,4030.985,4046.842,22943.0,0.0147235795220076,1.0
2022-12-14 13:00:00,4048.746,4060.931,4041.617,4047.382,49303.0,0.015165111669716463,1.0
2022-12-14 14:00:00,4047.952,4076.014,4046.56,4070.029,103186.0,-0.013899655260441662,-1.0
2022-12-14 15:00:00,4070.84,4073.297,4069.004,4071.95,2984.0,-0.013929935288989245,-1.0
2022-12-14 21:00:00,4071.464,4120.765,4070.076,4113.119,132792.0,-0.024909563764140955,-1.0
2022-12-14 22:00:00,4112.819,4113.879,4096.944,4109.415,66008.0,-0.01791471535486198,-1.0
2022-12-14 23:00:00,4108.962,4110.45,4105.903,4106.811,1277.0,-0.02483289345431272,-1.0
2022-12-15 09:00:00,4108.263,4119.375,4095.436,4095.86,75766.0,-0.020907941189396113,-1.0
2022-12-15 10:00:00,4096.376,4114.102,4090.901,4107.024,47313.0,-0.022839165293409628,-1.0
2022-12-15 11:00:00,4106.259,4108.201,4091.096,4106.566,28425.0,-0.02753541523501632,-1.0
2022-12-15 13:00:00,4109.264,4120.821,4104.046,4119.761,38796.0,-0.03212273721703775,-1.0
2022-12-15 14:00:00,4119.704,4152.654,4115.675,4143.851,119577.0,-0.03806772975186604,-1.0
2022-12-15 15:00:00,4143.151,4152.661,4142.237,4151.296,3627.0,-0.041140405309570804,-1.0
2022-12-15 21:00:00,4149.109,4195.114,4146.758,4194.314,154132.0,-0.050450681565567146,-1.0
2022-12-15 22:00:00,4194.534,4214.34,4192.217,4199.459,100479.0,-0.042991013842497275,-1.0
2022-12-15 23:00:00,4199.143,4199.479,4195.285,4199.298,2329.0,-0.04370944857926253,-1.0
2022-12-16 09:00:00,4194.79,4194.959,4125.54,4138.53,184983.0,-0.033188837582426516,-1.0
2022-12-16 10:00:00,4139.387,4148.086,4129.59,4132.04,80619.0,-0.039155961704146106,-1.0
2022-12-16 11:00:00,4131.102,4133.703,4054.877,4057.792,119062.0,-0.014126155308108427,-1.0
2022-12-16 13:00:00,4056.069,4088.235,4043.323,4084.2,106532.0,-0.020003917535869893,-1.0
2022-12-16 14:00:00,4084.222,4111.73,4078.184,4106.426,100500.0,-0.025957365358586892,-1.0
2022-12-16 15:00:00,4106.257,4109.761,4102.772,4108.761,2690.0,-0.026185022686888004,-1.0
2022-12-16 21:00:00,4108.43,4108.43,4009.583,4013.457,240882.0,-0.003639754954394608,-1.0
2022-12-16 22:00:00,4014.78,4031.782,3998.624,4015.228,152822.0,0.003272790486617466,1.0
2022-12-16 23:00:00,4015.068,4015.185,4009.704,4010.663,3042.0,0.007271117019804408,1.0
2022-12-19 09:00:00,4019.412,4049.239,4007.64,4035.796,115699.0,-0.0036364573432353694,-1.0
2022-12-19 10:00:00,4035.735,4045.806,4003.952,4004.827,85358.0,0.00833544120632417,1.0
2022-12-19 11:00:00,4004.641,4025.414,4002.985,4010.224,40381.0,0.01522782767246917,1.0
2022-12-19 13:00:00,4007.77,4022.249,4003.661,4013.223,47932.0,0.014572576704558948,1.0
2022-12-19 14:00:00,4013.048,4018.324,3982.954,3993.49,111678.0,0.023157188323997324,1.0
2022-12-19 15:00:00,3993.775,3994.593,3987.311,3987.423,3767.0,0.020743472663923592,1.0
2022-12-19 21:00:00,3989.072,4000.107,3964.67,3986.104,142094.0,0.02068561181544696,1.0
2022-12-19 22:00:00,3986.898,3994.246,3971.586,3980.51,45117.0,0.019836654097087954,1.0
2022-12-19 23:00:00,3981.215,3982.925,3980.025,3982.708,713.0,0.013259068955092813,1.0
2022-12-20 09:00:00,3984.743,4019.597,3976.105,4018.92,86925.0,0.002544464682053913,0.0
2022-12-20 10:00:00,4019.094,4020.737,3996.889,4015.749,50000.0,0.0067695964065484174,1.0
2022-12-20 11:00:00,4014.805,4016.672,3993.835,4001.177,22419.0,0.00668178388509173,1.0
2022-12-20 13:00:00,3995.196,3996.554,3969.402,3970.246,63375.0,0.015050200919539923,1.0
2022-12-20 14:00:00,3971.265,4011.346,3970.527,4000.471,75897.0,0.004425978840991506,1.0
2022-12-20 15:00:00,4000.972,4003.663,3999.985,4002.5,2591.0,0.002574890693316687,0.0
2022-12-20 21:00:00,3989.855,4011.482,3988.901,3999.834,74677.0,0.0034251421433990196,1.0
2022-12-20 22:00:00,3999.778,4003.588,3984.474,4001.173,34867.0,0.008347802007061504,1.0
2022-12-20 23:00:00,4000.953,4002.49,3997.838,3998.849,959.0,0.012289036170157919,1.0
2022-12-21 09:00:00,3998.605,4037.902,3993.347,4028.369,84534.0,0.006630475013584911,1.0
2022-12-21 10:00:00,4029.002,4044.249,4019.006,4039.825,44824.0,0.00038367998613805847,0.0
2022-12-21 11:00:00,4040.052,4040.737,4021.096,4021.12,25654.0,0.006982134330733731,1.0
2022-12-21 13:00:00,4021.208,4040.406,4016.636,4038.209,31227.0,0.0027551818145123753,0.0
2022-12-21 14:00:00,4037.519,4077.463,4031.63,4071.291,89719.0,-0.006419830957796966,-1.0
2022-12-21 15:00:00,4071.317,4073.965,4070.733,4071.706,2284.0,-0.007815642877948536,-1.0
2022-12-21 21:00:00,4066.505,4089.103,4065.398,4085.968,104727.0,-0.016696655480414862,-1.0
2022-12-21 22:00:00,4085.411,4089.422,4069.148,4070.136,39185.0,-0.017050535903468615,-1.0
2022-12-21 23:00:00,4070.242,4072.729,4067.683,4068.559,1868.0,-0.007325443725899043,-1.0
2022-12-22 09:00:00,4072.779,4077.223,4049.826,4059.47,63285.0,-0.0010846243475132944,0.0
2022-12-22 10:00:00,4058.947,4067.859,4031.589,4035.515,50133.0,0.0041035654681000925,1.0
2022-12-22 11:00:00,4035.636,4042.809,4025.798,4029.146,49638.0,0.005340585821412286,1.0
2022-12-22 13:00:00,4030.174,4048.91,4029.411,4042.934,38988.0,0.001867703009744886,0.0
2022-12-22 14:00:00,4043.578,4044.584,4020.846,4027.912,67492.0,0.0059460087509360365,1.0
2022-12-22 15:00:00,4027.836,4031.002,4026.394,4029.999,1679.0,0.006210919655315101,1.0
2022-12-22 21:00:00,4024.569,4045.537,4005.797,4018.177,112698.0,0.01063044261116414,1.0
2022-12-22 22:00:00,4018.044,4030.645,3993.84,4012.806,58599.0,0.019419827422506815,1.0
2022-12-22 23:00:00,4012.442,4016.034,4010.9,4013.534,2083.0,0.020294084963525916,1.0
2022-12-23 09:00:00,4011.651,4038.641,4011.157,4034.574,79699.0,0.013159505811518105,1.0
2022-12-23 10:00:00,4034.627,4060.039,4027.422,4047.991,62869.0,0.01021247329848316,1.0
2022-12-23 11:00:00,4048.09,4062.043,4048.09,4055.079,28057.0,0.008997605225446872,1.0
2022-12-23 13:00:00,4053.564,4053.733,4036.824,4041.375,34037.0,0.01266227459713582,1.0
2022-12-23 14:00:00,4041.474,4057.813,4029.931,4049.196,66296.0,0.010145470853967092,1.0
2022-12-23 15:00:00,4050.063,4051.91,4048.315,4049.335,2354.0,0.002937272416334973,0.0
2022-12-23 21:00:00,4048.216,4059.637,4031.398,4045.154,96149.0,0.004150892648339264,1.0
2022-12-23 22:00:00,4045.284,4060.807,4035.726,4039.883,50326.0,0.005337530814630053,1.0
2022-12-23 23:00:00,4039.579,4039.756,4015.758,4017.746,8699.0,0.01230714933198866,1.0
2022-12-26 09:00:00,4015.431,4015.992,3981.996,4000.738,146135.0,0.019742857442801888,1.0
2022-12-26 10:00:00,4001.531,4040.701,3997.758,4038.755,60561.0,0.007199743485306728,1.0
2022-12-26 11:00:00,4038.011,4056.05,4030.913,4055.067,47244.0,0.005501018848763729,1.0
2022-12-26 13:00:00,4055.3,4060.201,4041.37,4052.075,37756.0,0.005976444167494457,1.0
2022-12-26 14:00:00,4052.892,4057.536,4039.292,4050.664,47163.0,0.000114302247730184,0.0
2022-12-26 15:00:00,4050.043,4050.977,4047.752,4050.485,1669.0,0.001549690962934079,0.0
2022-12-26 21:00:00,4047.625,4074.814,4038.371,4051.862,94669.0,0.0017308091934029144,0.0
2022-12-26 22:00:00,4052.274,4069.564,4048.06,4055.029,51330.0,0.0015412960055279507,0.0
2022-12-26 23:00:00,4055.308,4063.422,4055.088,4060.892,1473.0,0.0025578124215074353,0.0
2022-12-27 09:00:00,4065.98,4096.691,4062.611,4090.734,97132.0,-0.0005260669601103478,0.0
2022-12-27 10:00:00,4090.83,4107.396,4086.436,4094.985,59112.0,-0.0022803502332731846,0.0
2022-12-27 11:00:00,4096.052,4097.171,4077.968,4087.667,25820.0,-0.00013601890760672042,0.0
2022-12-27 13:00:00,4087.846,4093.492,4079.394,4089.331,25763.0,-0.000477828769546945,0.0
2022-12-27 14:00:00,4088.868,4095.163,4073.851,4091.565,48849.0,0.008160447163860203,1.0
2022-12-27 15:00:00,4091.566,4095.057,4091.146,4092.548,1889.0,0.009088958761143453,1.0
2022-12-27 21:00:00,4095.517,4101.75,4081.358,4090.277,77821.0,0.009992232799881302,1.0
2022-12-27 22:00:00,4091.162,4095.788,4053.928,4061.229,84067.0,0.0183727635156748,1.0
2022-12-27 23:00:00,4061.738,4066.575,4056.075,4061.945,3095.0,0.019039154887621517,1.0
2022-12-28 09:00:00,4059.684,4074.187,4045.461,4061.446,71846.0,0.022003493337102102,1.0
2022-12-28 10:00:00,4061.898,4083.707,4057.064,4067.193,38340.0,0.02178529516548626,1.0
2022-12-28 11:00:00,4068.164,4083.507,4066.024,4079.724,20666.0,0.013681807887004172,1.0
2022-12-28 13:00:00,4076.206,4081.136,4067.665,4067.833,26728.0,0.017884215010793104,1.0
2022-12-28 14:00:00,4067.66,4088.001,4060.931,4077.374,47299.0,-0.001471044844058846,0.0
2022-12-28 15:00:00,4077.589,4077.996,4074.441,4076.292,1339.0,0.00031867196952523963,0.0
2022-12-28 21:00:00,4084.401,4098.016,4038.921,4051.127,143902.0,0.009592145593065812,1.0
2022-12-28 22:00:00,4050.799,4066.144,4045.437,4056.762,39901.0,0.008295285747598712,1.0
2022-12-28 23:00:00,4057.55,4060.522,4056.168,4058.875,1065.0,0.00801847802654672,1.0
2022-12-29 09:00:00,4054.782,4071.026,4051.214,4061.279,37264.0,0.008503478830191143,1.0
2022-12-29 10:00:00,4061.279,4074.619,4050.056,4071.279,34535.0,0.007655825110487472,1.0
2022-12-29 11:00:00,4071.241,4092.536,4070.248,4088.582,34050.0,0.0024536624189021275,0.0
2022-12-29 13:00:00,4087.196,4087.528,4064.863,4085.647,47623.0,0.0017830713226081095,0.0
2022-12-29 14:00:00,4086.651,4089.2,4070.521,4087.111,65630.0,0.002452343476847127,0.0
2022-12-29 15:00:00,4086.238,4088.614,4085.093,4087.377,2466.0,-0.002091561409676665,0.0
2022-12-29 21:00:00,4084.977,4128.542,4084.977,4124.954,153313.0,-0.01397736799004303,-1.0
2022-12-29 22:00:00,4125.821,4161.314,4115.835,4129.745,106642.0,-0.014423650854955889,-1.0
2022-12-29 23:00:00,4130.336,4133.13,4127.169,4131.148,4757.0,-0.01300800649117395,-1.0
2022-12-30 09:00:00,4131.569,4152.551,4127.154,4135.845,81065.0,-0.014442030588670628,-1.0
2022-12-30 10:00:00,4135.924,4144.542,4127.403,4139.281,39607.0,-0.01678069210570629,-1.0
2022-12-30 11:00:00,4138.487,4151.688,4132.387,4150.812,31178.0,-0.023737042294375125,-1.0
2022-12-30 13:00:00,4149.512,4161.002,4140.402,4155.798,54519.0,-0.025769298700273606,-1.0
2022-12-30 14:00:00,4155.759,4163.364,4130.597,4135.542,107422.0,-0.01919143851035733,-1.0
2022-12-30 15:00:00,4135.501,4143.005,4135.46,4140.583,2658.0,-0.022733030590136632,-1.0
2023-01-03 09:00:00,4119.74,4122.096,4048.187,4071.376,239649.0,-0.009832548013251577,-1.0
2023-01-03 10:00:00,4071.294,4085.141,4069.471,4077.591,51266.0,-0.002030610720888815,0.0
2023-01-03 11:00:00,4077.591,4091.832,4075.594,4089.986,25408.0,-0.005373368026198589,-1.0
2023-01-03 13:00:00,4088.937,4098.914,4081.547,4090.414,36228.0,-0.005310220432455004,-1.0
2023-01-03 14:00:00,4091.179,4101.757,4084.742,4091.421,54987.0,0.0015422514573787312,0.0
2023-01-03 15:00:00,4092.236,4095.892,4091.343,4095.814,1991.0,0.00042506813053533196,0.0
2023-01-03 21:00:00,4099.042,4109.16,4084.13,4102.448,78009.0,0.00018233015994342707,0.0
2023-01-03 22:00:00,4101.836,4109.297,4097.778,4098.614,27329.0,0.004752094244542368,1.0
2023-01-03 23:00:00,4098.544,4099.381,4092.177,4092.932,2931.0,0.012506682251256632,1.0
2023-01-04 09:00:00,4092.693,4102.384,4077.834,4097.134,77829.0,0.013364708110596238,1.0
2023-01-04 10:00:00,4097.298,4106.611,4076.215,4078.828,53885.0,0.014600027262733298,1.0
2023-01-04 11:00:00,4078.922,4084.544,4062.196,4067.298,68615.0,0.021079596331520355,1.0
2023-01-04 13:00:00,4062.738,4079.287,4059.177,4070.179,40549.0,0.021827295556288887,1.0
2023-01-04 14:00:00,4069.329,4080.953,4060.681,4077.41,53847.0,0.02533471002425564,1.0
2023-01-04 15:00:00,4077.013,4079.763,4075.223,4076.115,1268.0,0.01890059529723773,1.0
2023-01-04 21:00:00,4077.572,4078.134,4049.133,4069.821,105017.0,0.018259771129983435,1.0
2023-01-04 22:00:00,4069.85,4069.85,4048.914,4052.284,44110.0,0.026085289185061922,1.0
2023-01-04 23:00:00,4051.563,4052.385,4047.388,4048.706,3638.0,0.024841764257518384,1.0
2023-01-05 09:00:00,4047.712,4056.175,4027.071,4056.175,113686.0,0.022229563566660573,1.0
2023-01-05 10:00:00,4056.339,4057.224,4043.428,4046.455,27104.0,0.025203542359917428,1.0
2023-01-05 11:00:00,4046.217,4047.121,4028.821,4031.344,41477.0,0.026868210700947276,1.0
2023-01-05 13:00:00,4029.065,4070.213,4023.658,4069.311,73749.0,0.01754596785549202,1.0
2023-01-05 14:00:00,4070.281,4074.756,4054.709,4068.009,56000.0,0.018914412431241034,1.0
2023-01-05 15:00:00,4068.112,4070.253,4066.211,4068.693,1796.0,0.01941213062769788,1.0
2023-01-05 21:00:00,4088.895,4121.233,4086.901,4097.731,139332.0,0.013362516963656305,1.0
2023-01-05 22:00:00,4097.761,4116.502,4091.067,4097.555,78445.0,0.012157982016104555,1.0
2023-01-05 23:00:00,4098.346,4103.251,4097.405,4103.196,2277.0,0.01110085894020173,1.0
2023-01-06 09:00:00,4100.038,4133.462,4099.984,4118.091,112837.0,0.00835945587409294,1.0
2023-01-06 10:00:00,4117.405,4144.175,4117.334,4144.121,81374.0,0.0013457618636135928,0.0
2023-01-06 11:00:00,4144.212,4153.862,4138.901,4151.891,70168.0,0.0017719636666762137,0.0
2023-01-06 13:00:00,4145.16,4151.598,4136.475,4138.379,51529.0,0.005323582011217423,1.0
2023-01-06 14:00:00,4139.828,4172.407,4138.158,4153.035,97761.0,-0.0016407278050871966,0.0
2023-01-06 15:00:00,4152.213,4159.483,4151.384,4159.02,3354.0,0.0003907170439190001,0.0
2023-01-06 21:00:00,4157.876,4189.259,4130.597,4180.71,197028.0,-0.006159480088310408,-1.0
2023-01-06 22:00:00,4180.912,4193.676,4142.142,4153.156,120519.0,0.0068273380532781515,1.0
2023-01-06 23:00:00,4153.786,4153.841,4143.855,4144.135,3451.0,0.008703625726478386,1.0
2023-01-09 09:00:00,4155.911,4166.471,4146.083,4157.989,78440.0,0.007289100572416136,1.0
2023-01-09 10:00:00,4157.023,4162.885,4144.625,4149.283,30124.0,0.008867556153677602,1.0
2023-01-09 11:00:00,4149.229,4149.229,4134.557,4146.342,28705.0,0.009933816361506193,1.0
2023-01-09 13:00:00,4146.192,4156.14,4144.711,4148.44,26800.0,0.00970991505240523,1.0
2023-01-09 14:00:00,4148.875,4148.875,4134.796,4139.659,39077.0,0.007321375987732322,1.0
2023-01-09 15:00:00,4138.744,4141.724,4138.744,4140.711,1344.0,0.000657616530107983,0.0
2023-01-09 21:00:00,4147.193,4161.887,4143.676,4144.953,78702.0,-0.0003987982493408845,0.0
2023-01-09 22:00:00,4144.953,4149.572,4140.119,4147.675,29779.0,-0.0005219791811074792,0.0
2023-01-09 23:00:00,4148.506,4152.74,4146.061,4152.487,2908.0,-0.0017396803409619728,0.0
2023-01-10 09:00:00,4147.643,4150.037,4130.594,4147.373,47462.0,0.002084210896873812,0.0
2023-01-10 10:00:00,4147.373,4151.261,4137.01,4148.745,30552.0,0.006374698854713924,1.0
2023-01-10 11:00:00,4148.747,4163.933,4146.712,4152.516,36052.0,0.00627450923729139,1.0
2023-01-10 13:00:00,4154.615,4167.828,4147.929,4149.698,30706.0,0.0065754182593528625,1.0
2023-01-10 14:00:00,4148.798,4171.921,4148.049,4159.248,53399.0,0.006507185914376953,1.0
2023-01-10 15:00:00,4160.335,4161.468,4158.424,4160.41,1532.0,0.001766172084001326,0.0
2023-01-10 21:00:00,4148.279,4157.033,4135.82,4146.221,100840.0,0.005193162641354659,1.0
2023-01-10 22:00:00,4146.095,4163.432,4141.914,4160.645,37141.0,0.0088906888234877,1.0
2023-01-10 23:00:00,4159.698,4161.524,4153.469,4154.959,1361.0,0.010510332352256683,1.0
2023-01-11 09:00:00,4158.403,4184.832,4157.195,4181.511,68278.0,0.002866427949131277,0.0
2023-01-11 10:00:00,4181.759,4185.692,4170.037,4180.204,36897.0,0.005373421966966312,1.0
2023-01-11 11:00:00,4180.278,4191.613,4171.838,4188.297,30845.0,0.0018444250730070874,0.0
2023-01-11 13:00:00,4186.827,4192.543,4179.841,4186.077,30521.0,0.0023957992172622578,0.0
2023-01-11 14:00:00,4186.23,4193.135,4176.168,4187.531,56136.0,-0.00512593220205418,-1.0
2023-01-11 15:00:00,4187.445,4192.206,4185.758,4188.721,2027.0,-0.004553657309713303,-1.0
2023-01-11 21:00:00,4175.233,4183.588,4157.116,4169.967,92672.0,0.0007693106444248933,0.0
2023-01-11 22:00:00,4168.995,4174.659,4129.794,4143.434,90649.0,-0.0005637835669640785,0.0
2023-01-11 23:00:00,4142.296,4149.149,4137.728,4143.3,2190.0,-0.0035918229430648312,-1.0
2023-01-12 09:00:00,4144.837,4161.491,4139.26,4145.51,46005.0,-0.004583995696548943,-1.0
2023-01-12 10:00:00,4146.179,4159.706,4140.304,4145.263,34198.0,-0.0066350434218528246,-1.0
2023-01-12 11:00:00,4144.706,4156.824,4140.899,4156.017,22725.0,-0.007131106537822083,-1.0
2023-01-12 13:00:00,4156.037,4181.911,4155.9,4175.192,45554.0,-0.01145264696809153,-1.0
2023-01-12 14:00:00,4175.397,4183.558,4166.7,4178.571,39268.0,-0.01732793340115555,-1.0
2023-01-12 15:00:00,4178.615,4179.55,4175.219,4176.984,1331.0,-0.01564310516870554,-1.0
2023-01-12 21:00:00,4175.428,4189.103,4173.808,4186.313,72085.0,-0.016800702670822877,-1.0
2023-01-12 22:00:00,4186.456,4189.062,4150.615,4167.758,76234.0,-0.006454549424414719,-1.0
2023-01-12 23:00:00,4168.78,4170.586,4164.54,4167.753,3052.0,-0.007198603180178744,-1.0
2023-01-13 09:00:00,4171.279,4210.405,4165.625,4197.636,105093.0,-0.013070452035383888,-1.0
2023-01-13 10:00:00,4196.878,4201.726,4183.253,4198.629,48469.0,-0.009392827992185044,-1.0
2023-01-13 11:00:00,4197.746,4200.887,4185.847,4193.497,22378.0,-0.011132713341633581,-1.0
2023-01-13 13:00:00,4194.016,4207.75,4190.778,4202.666,34918.0,-0.014342562554340516,-1.0
2023-01-13 14:00:00,4201.832,4206.119,4193.132,4196.022,37770.0,-0.005017609535889013,-1.0
2023-01-13 15:00:00,4196.93,4198.703,4194.79,4196.106,2145.0,-0.0035154021371243253,-1.0
2023-01-13 21:00:00,4176.211,4176.211,4137.8,4166.066,172644.0,0.0035594731336470987,1.0
2023-01-13 22:00:00,4166.071,4172.415,4162.18,4169.647,38560.0,0.0039082445108663336,1.0
2023-01-13 23:00:00,4169.793,4173.202,4168.686,4173.175,2778.0,0.0016792969381825135,0.0
2023-01-16 09:00:00,4155.514,4156.277,4114.836,4141.098,123048.0,0.009859945357487345,1.0
2023-01-16 10:00:00,4140.666,4142.565,4126.661,4128.418,32743.0,0.014226514853873851,1.0
2023-01-16 11:00:00,4128.355,4133.051,4116.883,4126.507,33362.0,0.014831914740481632,1.0
2023-01-16 13:00:00,4125.265,4128.324,4116.731,4117.759,26743.0,0.017033779781672413,1.0
2023-01-16 14:00:00,4117.777,4133.3,4117.777,4126.38,42105.0,0.02141707743833578,1.0
2023-01-16 15:00:00,4126.459,4129.474,4124.953,4127.375,2125.0,0.020264211514582495,1.0
2023-01-16 21:00:00,4139.343,4139.343,4099.111,4106.165,92630.0,0.025409110447339508,1.0
2023-01-16 22:00:00,4106.167,4120.0,4100.398,4111.643,31454.0,0.019674859903936148,1.0
2023-01-16 23:00:00,4110.849,4117.092,4108.856,4115.98,1384.0,0.022735047303436905,1.0
2023-01-17 09:00:00,4112.396,4145.835,4112.231,4140.857,57925.0,0.014280135730357172,1.0
2023-01-17 10:00:00,4141.35,4145.537,4130.783,4137.751,24015.0,0.01767796080527802,1.0
2023-01-17 11:00:00,4138.719,4145.621,4137.145,4142.771,14309.0,0.017130080325463405,1.0
2023-01-17 13:00:00,4143.353,4163.82,4141.068,4159.192,36384.0,0.013478819924639136,1.0
2023-01-17 14:00:00,4158.697,4161.973,4143.102,4146.812,42142.0,0.012518773457779245,1.0
2023-01-17 15:00:00,4146.935,4147.853,4140.658,4142.389,2336.0,0.010352480175087374,1.0
2023-01-17 21:00:00,4146.922,4176.841,4146.922,4174.968,72256.0,0.0018009718876887757,0.0
2023-01-17 22:00:00,4174.803,4186.98,4172.352,4181.355,47595.0,0.00571632879772228,1.0
2023-01-17 23:00:00,4182.224,4184.519,4177.446,4180.895,1892.0,0.004247894290576373,1.0
2023-01-18 09:00:00,4181.175,4200.584,4177.313,4185.943,73156.0,0.0009797075593240658,0.0
2023-01-18 10:00:00,4185.779,4189.885,4177.476,4180.183,25602.0,0.0007052322828929547,0.0
2023-01-18 11:00:00,4179.941,4184.762,4177.178,4181.929,12966.0,0.0015968707264039832,0.0
2023-01-18 13:00:00,4182.203,4190.756,4181.928,4187.151,16603.0,0.0016216276890897805,0.0
2023-01-18 14:00:00,4187.962,4193.779,4182.819,4187.711,35076.0,0.019519494062508178,1.0
2023-01-18 15:00:00,4188.41,4189.673,4187.444,4187.9,1787.0,0.01835120227321571,1.0
2023-01-18 21:00:00,4191.631,4215.795,4189.72,4214.755,93627.0,0.005633542163186161,1.0
2023-01-18 22:00:00,4214.764,4220.361,4208.698,4211.013,43925.0,0.001359292882733955,0.0
2023-01-18 23:00:00,4211.09,4212.132,4209.307,4210.499,1453.0,0.0016294980713687087,0.0
2023-01-19 09:00:00,4197.977,4204.023,4187.843,4192.539,55310.0,0.00615665113669781,1.0
2023-01-19 10:00:00,4192.618,4211.2,4191.873,4209.557,28219.0,0.0027753514205889106,0.0
2023-01-19 11:00:00,4209.271,4211.38,4199.846,4199.989,15057.0,0.007114066251126091,1.0
2023-01-19 13:00:00,4199.984,4213.455,4196.169,4210.898,30587.0,0.004016245465931557,1.0
2023-01-19 14:00:00,4211.734,4218.42,4208.953,4213.737,33194.0,-9.563957124050395e-05,0.0
2023-01-19 15:00:00,4213.181,4216.379,4211.906,4215.253,1572.0,-0.0025343674507793466,0.0
2023-01-19 21:00:00,4186.297,4214.145,4186.297,4198.725,73280.0,-0.0043906185806406465,-1.0
2023-01-19 22:00:00,4197.681,4199.657,4175.309,4185.273,51345.0,-0.003697249856819414,-1.0
2023-01-19 23:00:00,4184.913,4187.075,4181.996,4182.487,1193.0,-0.00748980212012614,-1.0
2023-01-20 09:00:00,4189.88,4210.124,4183.094,4205.257,47039.0,-0.01357158432885296,-1.0
2023-01-20 10:00:00,4206.076,4207.503,4190.157,4198.655,18656.0,-0.014911918221430356,-1.0
2023-01-20 11:00:00,4198.884,4201.585,4183.38,4190.044,22952.0,-0.008757187275360404,-1.0
2023-01-20 13:00:00,4190.411,4196.475,4182.088,4183.131,21135.0,-0.006579999526670464,-1.0
2023-01-20 14:00:00,4182.979,4193.007,4181.336,4188.607,43236.0,-0.009055994033338479,-1.0
2023-01-20 15:00:00,4189.466,4194.717,4188.546,4193.941,2057.0,-0.01682331725696656,-1.0
2023-01-30 09:00:00,4244.472,4286.662,4244.472,4269.453,160459.0,-0.03785520065451009,-1.0
2023-01-30 10:00:00,4269.565,4275.998,4251.246,4264.753,56697.0,-0.03552773161775133,-1.0
2023-01-30 11:00:00,4265.656,4267.231,4228.244,4238.499,49668.0,-0.03447635589863291,-1.0
2023-01-30 13:00:00,4238.57,4245.646,4215.682,4216.737,34446.0,-0.030763360389799033,-1.0
2023-01-30 14:00:00,4216.507,4221.365,4205.82,4217.36,52770.0,-0.025760902555152995,-1.0
2023-01-30 15:00:00,4217.216,4220.144,4216.241,4218.351,1516.0,-0.02869604734172175,-1.0
2023-01-30 21:00:00,4227.704,4235.147,4215.954,4221.24,49363.0,-0.028548246486814307,-1.0
2023-01-30 22:00:00,4221.453,4231.746,4219.21,4229.868,22852.0,-0.025802460029485677,-1.0
2023-01-30 23:00:00,4229.302,4231.691,4226.99,4227.81,587.0,-0.022843978324475517,-1.0
2023-01-31 09:00:00,4228.968,4229.202,4194.738,4213.334,84505.0,-0.021585756078203015,-1.0
2023-01-31 10:00:00,4213.334,4219.787,4204.419,4204.57,28474.0,-0.02461631034802591,-1.0
2023-01-31 11:00:00,4204.326,4207.163,4177.023,4180.29,52143.0,-0.029350595293627945,-1.0
2023-01-31 13:00:00,4178.377,4182.198,4155.603,4169.799,72319.0,-0.028435663205828365,-1.0
2023-01-31 14:00:00,4169.231,4178.361,4150.246,4151.161,92629.0,-0.020376227277140068,-1.0
2023-01-31 15:00:00,4150.951,4151.276,4146.431,4148.185,5135.0,-0.023802217114231965,-1.0
2023-01-31 21:00:00,4157.642,4157.642,4129.153,4136.045,109509.0,-0.02063686444417312,-1.0
2023-01-31 22:00:00,4136.045,4158.274,4129.668,4153.351,50867.0,-0.02939722648049726,-1.0
2023-01-31 23:00:00,4154.213,4158.578,4154.141,4155.606,1540.0,-0.03179415950405303,-1.0
2023-02-01 09:00:00,4158.985,4174.178,4149.565,4150.675,56004.0,-0.02352629391604982,-1.0
2023-02-01 10:00:00,4150.517,4151.737,4119.839,4123.385,85026.0,-0.016338760508659775,-1.0
2023-02-01 11:00:00,4122.502,4126.024,4101.114,4107.832,66690.0,-0.007714775093041842,-1.0
2023-02-01 13:00:00,4108.875,4118.135,4104.536,4113.236,38944.0,-0.008654499766120873,-1.0
2023-02-01 14:00:00,4113.22,4117.846,4083.123,4092.371,125647.0,-0.004348090630101687,-1.0
2023-02-01 15:00:00,4091.913,4092.951,4084.544,4087.016,4743.0,0.003892815687533474,1.0
2023-02-01 21:00:00,4091.494,4109.098,4083.263,4108.717,91513.0,0.0002633425470774295,0.0
2023-02-01 22:00:00,4108.859,4113.008,4087.545,4097.301,57379.0,-0.009700532130785741,-1.0
2023-02-01 23:00:00,4097.341,4101.155,4095.776,4100.731,1079.0,-0.015618191000580098,-1.0
2023-02-02 09:00:00,4110.795,4125.621,4101.686,4120.727,68457.0,-0.01858021654916714,-1.0
2023-02-02 10:00:00,4121.039,4133.46,4114.045,4131.23,46330.0,-0.017548042592641765,-1.0
2023-02-02 11:00:00,4130.4,4133.109,4115.233,4122.386,22760.0,-0.007376795865307205,-1.0
2023-02-02 13:00:00,4123.382,4127.672,4099.079,4101.069,38334.0,-0.003142107582193916,-1.0
2023-02-02 14:00:00,4101.142,4105.417,4044.881,4057.596,186314.0,0.006406502766662795,1.0
2023-02-02 15:00:00,4058.111,4058.276,4049.024,4051.228,4157.0,0.0017584791574307337,0.0
2023-02-02 21:00:00,4061.289,4071.875,4057.308,4066.576,79122.0,-0.004416983722915787,-1.0
2023-02-02 22:00:00,4066.414,4074.194,4049.379,4049.449,48548.0,0.00020471920994676645,0.0
2023-02-02 23:00:00,4050.256,4053.078,4047.703,4050.69,1808.0,0.003868970471697421,1.0
2023-02-03 09:00:00,4051.157,4063.601,4030.522,4031.254,87890.0,0.0031546015210155696,1.0
2023-02-03 10:00:00,4031.286,4033.921,4016.896,4023.482,83416.0,0.005923476232775512,1.0
2023-02-03 11:00:00,4022.727,4063.26,4022.727,4053.025,58099.0,0.0025472332393706104,0.0
2023-02-03 13:00:00,4065.885,4066.938,4052.098,4056.014,37304.0,0.0018774590028534865,0.0
2023-02-03 14:00:00,4056.657,4078.021,4054.076,4076.141,60515.0,-0.006973998200749222,-1.0
2023-02-03 15:00:00,4075.902,4078.837,4075.818,4077.638,2175.0,-0.008678308373622112,-1.0
2023-02-03 21:00:00,4087.636,4087.636,4057.332,4074.577,78592.0,-0.008038871274245182,-1.0
2023-02-03 22:00:00,4074.847,4110.568,4074.583,4102.926,76067.0,-0.010348468385732593,-1.0
2023-02-03 23:00:00,4102.29,4109.799,4102.216,4109.799,3267.0,-0.0034780289741663446,-1.0
2023-02-06 09:00:00,4087.647,4087.649,4048.112,4057.555,108857.0,0.00808836848791944,1.0
2023-02-06 10:00:00,4056.992,4061.262,4036.685,4036.685,48064.0,0.016131305762029917,1.0
2023-02-06 11:00:00,4036.562,4045.272,4034.389,4044.163,33833.0,0.018338034347280218,1.0
2023-02-06 13:00:00,4044.221,4065.705,4042.226,4058.735,36867.0,0.014707045421787713,1.0
2023-02-06 14:00:00,4058.999,4098.936,4057.563,4091.976,84256.0,0.00934976158217926,1.0
2023-02-06 15:00:00,4092.069,4093.114,4085.997,4088.183,2813.0,0.007996217390464076,1.0
2023-02-06 21:00:00,4084.6,4098.685,4080.494,4083.591,66160.0,0.00904473538118777,1.0
2023-02-06 22:00:00,4083.903,4088.261,4057.305,4058.352,51787.0,0.02474773011311005,1.0
2023-02-06 23:00:00,4058.98,4059.131,4047.716,4048.614,3328.0,0.024619289465481156,1.0
2023-02-07 09:00:00,4048.917,4065.842,4038.941,4050.278,70684.0,0.025052107534347102,1.0
2023-02-07 10:00:00,4050.16,4069.162,4046.599,4066.362,31122.0,0.020549080480291596,1.0
2023-02-07 11:00:00,4066.118,4066.118,4042.353,4043.971,33249.0,0.02676651242058856,1.0
2023-02-07 13:00:00,4042.49,4050.157,4026.367,4047.315,72565.0,0.025847506309738637,1.0
2023-02-07 14:00:00,4047.273,4077.087,4041.577,4063.349,94106.0,0.02469367017206741,1.0
2023-02-07 15:00:00,4062.946,4065.468,4060.773,4063.629,2500.0,0.020257262658574447,1.0
2023-02-07 21:00:00,4068.553,4068.553,4032.51,4047.714,91187.0,0.024069388301643936,1.0
2023-02-07 22:00:00,4048.237,4052.016,4034.64,4042.251,48200.0,0.02343595189907788,1.0
2023-02-07 23:00:00,4042.493,4043.595,4039.919,4041.822,1062.0,0.017198679209524843,1.0
2023-02-08 09:00:00,4047.122,4066.579,4046.246,4060.467,50314.0,0.009919548662752287,1.0
2023-02-08 10:00:00,4059.742,4109.714,4056.976,4095.505,119209.0,0.004131602818211741,1.0
2023-02-08 11:00:00,4096.563,4099.947,4081.71,4090.374,35441.0,0.009724538636320309,1.0
2023-02-08 13:00:00,4089.079,4102.932,4084.587,4101.802,25488.0,0.0076186027506934765,1.0
2023-02-08 14:00:00,4101.077,4122.884,4100.352,4118.325,95575.0,0.0029011794843778285,0.0
2023-02-08 15:00:00,4117.928,4120.619,4117.401,4118.427,2735.0,0.0033296693130655582,1.0
2023-02-08 21:00:00,4117.264,4137.186,4116.335,4130.235,98954.0,0.0007207822315197008,0.0
2023-02-08 22:00:00,4130.743,4137.183,4117.622,4120.873,50915.0,-0.0025317450938187112,0.0
2023-02-08 23:00:00,4120.617,4122.354,4118.217,4120.526,1062.0,-0.002594328976446114,0.0
2023-02-09 09:00:00,4120.586,4159.674,4120.491,4158.787,90346.0,-0.011850089942091325,-1.0
2023-02-09 10:00:00,4160.113,4167.342,4147.222,4148.288,67616.0,-0.01233520912723494,-1.0
2023-02-09 11:00:00,4148.766,4154.776,4140.859,4151.746,21704.0,-0.017652091433339193,-1.0
2023-02-09 13:00:00,4151.683,4160.586,4147.974,4149.922,40159.0,-0.01829456071704465,-1.0
2023-02-09 14:00:00,4150.126,4158.835,4143.295,4152.214,50370.0,-0.016563693489786376,-1.0
2023-02-09 15:00:00,4151.716,4153.357,4147.729,4151.928,2851.0,-0.01630664115562691,-1.0
2023-02-09 21:00:00,4150.453,4165.556,4142.071,4163.688,73386.0,-0.01876077170047324,-1.0
2023-02-09 22:00:00,4162.94,4164.713,4130.45,4145.947,67573.0,-0.008113948393455181,-1.0
2023-02-09 23:00:00,4145.601,4147.047,4143.824,4145.14,1305.0,-0.007134379055954761,-1.0
2023-02-10 09:00:00,4140.525,4156.733,4135.106,4136.985,67620.0,-0.00846800266377549,-1.0
2023-02-10 10:00:00,4136.803,4141.561,4106.519,4111.336,82799.0,0.00217739440415459,0.0
2023-02-10 11:00:00,4110.612,4118.844,4099.947,4100.745,37447.0,0.0053348842710289005,1.0
2023-02-10 13:00:00,4098.029,4115.801,4095.576,4112.426,37452.0,0.002437490668524961,0.0
2023-02-10 14:00:00,4113.243,4142.237,4112.331,4130.151,85193.0,0.003808819580688398,1.0
2023-02-10 15:00:00,4130.783,4134.024,4128.931,4133.052,1787.0,0.0042919856803157784,1.0
2023-02-10 21:00:00,4133.703,4144.505,4123.562,4130.273,69772.0,0.005823585995405118,1.0
2023-02-10 22:00:00,4131.166,4139.807,4125.44,4132.14,28823.0,0.008882080471619865,1.0
2023-02-10 23:00:00,4131.458,4136.564,4131.24,4133.212,1868.0,0.00552766226363413,1.0
2023-02-13 09:00:00,4138.254,4139.73,4106.143,4110.44,107529.0,0.009972654995572297,1.0
2023-02-13 10:00:00,4109.077,4117.111,4102.047,4109.836,43749.0,0.010670498774160176,1.0
2023-02-13 11:00:00,4109.736,4110.874,4097.517,4109.505,25912.0,0.011377039327120883,1.0
2023-02-13 13:00:00,4112.333,4116.703,4096.052,4097.118,50469.0,0.01569273816375295,1.0
2023-02-13 14:00:00,4098.017,4099.907,4074.044,4078.459,95733.0,0.019445825004002788,1.0
2023-02-13 15:00:00,4078.538,4079.504,4073.28,4074.001,4227.0,0.020558168738790173,1.0
2023-02-13 21:00:00,4090.959,4093.912,4075.099,4083.438,77843.0,0.01940889025375189,1.0
2023-02-13 22:00:00,4082.14,4086.948,4055.23,4084.224,83132.0,0.022273264150056423,1.0
2023-02-13 23:00:00,4084.363,4087.07,4083.081,4085.574,1313.0,0.024504512707394416,1.0
2023-02-14 09:00:00,4089.17,4124.086,4086.942,4112.307,118589.0,0.019391305172498163,1.0
2023-02-14 10:00:00,4113.437,4121.793,4105.038,4115.567,43300.0,0.024041158848829385,1.0
2023-02-14 11:00:00,4115.748,4117.382,4101.093,4101.953,20193.0,0.027112938641666404,1.0
2023-02-14 13:00:00,4101.984,4122.13,4096.276,4120.288,26813.0,0.023415110788372266,1.0
2023-02-14 14:00:00,4120.561,4137.799,4118.052,4122.622,94043.0,0.0270243063758938,1.0
2023-02-14 15:00:00,4122.711,4123.832,4120.517,4122.45,2855.0,0.027654913946803555,1.0
2023-02-14 21:00:00,4117.606,4158.652,4117.606,4145.882,116713.0,0.021851321383483845,1.0
2023-02-14 22:00:00,4145.813,4156.406,4137.292,4150.791,45258.0,0.021788859039156585,1.0
2023-02-14 23:00:00,4150.791,4157.002,4150.428,4154.326,1715.0,0.02010915850128275,1.0
2023-02-15 09:00:00,4157.77,4174.535,4154.78,4168.842,107744.0,0.012320927490176046,1.0
2023-02-15 10:00:00,4168.851,4171.449,4155.007,4156.059,32565.0,0.016935515111792258,1.0
2023-02-15 11:00:00,4155.912,4161.495,4146.721,4151.432,31945.0,0.018285979392171296,1.0
2023-02-15 13:00:00,4150.946,4161.61,4145.79,4153.69,35957.0,0.018425303766049072,1.0
2023-02-15 14:00:00,4153.933,4158.132,4143.381,4156.259,57345.0,0.017754187118752745,1.0
2023-02-15 15:00:00,4157.094,4161.583,4156.634,4161.413,3635.0,0.0201573359817929,1.0
2023-02-15 21:00:00,4158.762,4163.646,4144.296,4157.768,66761.0,0.02129868718023716,1.0
2023-02-15 22:00:00,4158.097,4169.478,4156.095,4157.755,40654.0,0.019621887292541197,1.0
2023-02-15 23:00:00,4158.163,4165.622,4157.724,4162.693,1214.0,0.018990350717672303,1.0
2023-02-16 09:00:00,4165.492,4181.859,4164.968,4175.193,55903.0,0.016382476211279248,1.0
2023-02-16 10:00:00,4175.26,4185.866,4165.536,4185.689,44736.0,0.016667984649600058,1.0
2023-02-16 11:00:00,4185.835,4193.603,4183.118,4192.05,55562.0,0.013358619291277537,1.0
2023-02-16 13:00:00,4190.235,4227.949,4186.136,4214.51,103422.0,0.009246151984453672,1.0
2023-02-16 14:00:00,4215.485,4222.004,4190.213,4213.169,130440.0,0.017500603464992784,1.0
2023-02-16 15:00:00,4213.261,4217.01,4212.45,4216.765,3902.0,0.016854152413046424,1.0
2023-02-16 21:00:00,4211.037,4243.56,4211.037,4234.033,109323.0,0.013137592456175943,1.0
2023-02-16 22:00:00,4234.033,4238.062,4224.84,4236.456,34700.0,0.009781997027704242,1.0
2023-02-16 23:00:00,4236.572,4238.336,4233.894,4236.475,1282.0,0.010469553107241127,1.0
2023-02-17 09:00:00,4236.128,4248.792,4232.616,4241.232,60432.0,0.008210585980677388,1.0
2023-02-17 10:00:00,4241.31,4242.987,4234.034,4237.866,58121.0,0.012230684028235045,1.0
2023-02-17 11:00:00,4238.136,4238.136,4215.995,4220.206,40413.0,0.01838630626087922,1.0
2023-02-17 13:00:00,4218.806,4231.959,4214.123,4226.444,31296.0,0.01689363445960709,1.0
2023-02-17 14:00:00,4226.331,4234.457,4216.97,4227.345,58075.0,0.012901951461260002,1.0
2023-02-17 15:00:00,4228.303,4231.724,4227.933,4230.223,2716.0,0.01446779519661262,1.0
2023-02-17 21:00:00,4229.404,4235.929,4203.033,4230.05,100810.0,0.014544508930154356,1.0
2023-02-17 22:00:00,4230.79,4247.825,4229.31,4245.296,71833.0,0.009581664034733898,1.0
2023-02-17 23:00:00,4244.576,4247.806,4243.706,4246.323,2300.0,0.01478432045795846,1.0
2023-02-20 09:00:00,4237.333,4245.814,4222.042,4239.338,84144.0,0.015181143848402788,1.0
2023-02-20 10:00:00,4238.456,4257.278,4236.534,4241.744,61421.0,0.008005669366185356,1.0
2023-02-20 11:00:00,4241.022,4251.422,4236.037,4243.593,26813.0,0.0065908771175746715,1.0
2023-02-20 13:00:00,4244.705,4264.014,4244.231,4255.456,39895.0,0.004372269387816433,1.0
2023-02-20 14:00:00,4256.388,4261.325,4243.286,4248.05,46350.0,0.01179199868174806,1.0
2023-02-20 15:00:00,4248.93,4253.541,4247.198,4253.478,2394.0,0.01563120815483237,1.0
2023-02-20 21:00:00,4256.636,4293.069,4256.636,4286.902,126872.0,0.008289436054288168,1.0
2023-02-20 22:00:00,4287.645,4297.085,4280.171,4287.835,54755.0,0.007788545967836852,1.0
2023-02-20 23:00:00,4288.039,4290.896,4286.796,4289.658,1147.0,0.0034291778039181762,1.0
2023-02-21 09:00:00,4290.573,4300.072,4274.963,4277.897,71764.0,0.00923421017383067,1.0
2023-02-21 10:00:00,4278.029,4292.276,4274.258,4280.829,38037.0,0.0025252118222896546,0.0
2023-02-21 11:00:00,4280.377,4280.91,4268.189,4276.055,36683.0,-0.0003117359341730961,0.0
2023-02-21 13:00:00,4279.644,4292.575,4276.909,4289.698,39571.0,-0.0029321411437356264,0.0
2023-02-21 14:00:00,4288.705,4301.474,4283.926,4297.8,52537.0,-0.004408999953464685,-1.0
2023-02-21 15:00:00,4298.079,4301.441,4296.137,4297.844,2408.0,-0.0003913590162881177,0.0
2023-02-21 21:00:00,4293.857,4304.364,4270.029,4281.886,122736.0,0.0025341636839466665,0.0
2023-02-21 22:00:00,4281.618,4295.328,4279.162,4291.425,42183.0,-0.001104994261812845,0.0
2023-02-21 23:00:00,4291.354,4292.825,4288.611,4291.574,1182.0,-0.005559498682767551,-1.0
2023-02-22 09:00:00,4285.858,4291.295,4275.742,4285.973,46550.0,-0.0030403831288717755,-1.0
2023-02-22 10:00:00,4286.123,4312.257,4284.479,4309.102,62508.0,-0.01085632226853761,-1.0
2023-02-22 11:00:00,4310.02,4312.116,4301.164,4303.696,22568.0,-0.004107632137585899,-1.0
2023-02-22 13:00:00,4302.125,4316.412,4266.327,4275.702,77391.0,0.0026615512493621185,0.0
2023-02-22 14:00:00,4275.089,4285.443,4267.055,4271.562,75670.0,-0.0011951131693744732,0.0
2023-02-22 15:00:00,4272.288,4275.354,4270.598,4274.062,2992.0,-0.0044185133486599444,-1.0
2023-02-22 21:00:00,4290.37,4309.059,4282.843,4298.143,95769.0,-0.010164622256635088,-1.0
2023-02-22 22:00:00,4298.659,4322.831,4296.083,4319.965,77024.0,-0.0030162281407371924,-1.0
2023-02-22 23:00:00,4319.995,4326.308,4319.898,4322.438,3000.0,-0.005828886383101321,-1.0
2023-02-23 09:00:00,4322.41,4323.997,4308.648,4321.231,51203.0,-0.013051604970898209,-1.0
2023-02-23 10:00:00,4320.456,4322.141,4300.695,4304.368,32294.0,-0.008696747118276177,-1.0
2023-02-23 11:00:00,4304.37,4320.934,4301.801,4317.4,24516.0,-0.010990410895446293,-1.0
2023-02-23 13:00:00,4315.624,4317.192,4287.09,4291.639,62044.0,-0.0053238401459209305,-1.0
2023-02-23 14:00:00,4290.826,4302.206,4270.208,4274.722,101298.0,-0.006511768484593696,-1.0
2023-02-23 15:00:00,4275.405,4277.964,4272.678,4277.12,2604.0,-0.006388644695495992,-1.0
2023-02-23 21:00:00,4284.658,4287.808,4260.395,4278.851,97388.0,-0.006684738496386078,-1.0
2023-02-23 22:00:00,4279.024,4298.332,4277.699,4296.162,40317.0,-0.01186896583508722,-1.0
2023-02-23 23:00:00,4296.399,4297.34,4292.512,4292.737,1397.0,-0.011139047185979483,-1.0
2023-02-24 09:00:00,4283.293,4295.183,4271.736,4286.683,57779.0,-0.008566763625861758,-1.0
2023-02-24 10:00:00,4286.661,4299.071,4267.567,4267.715,58172.0,-0.005355090487532618,-1.0
2023-02-24 11:00:00,4268.275,4280.216,4255.86,4272.942,59964.0,-0.0050660645522452525,-1.0
2023-02-24 13:00:00,4270.782,4270.93,4253.473,4262.321,51295.0,-0.002471188819424993,0.0
2023-02-24 14:00:00,4262.32,4289.058,4261.582,4286.018,62576.0,-0.006738889104058781,-1.0
2023-02-24 15:00:00,4286.027,4288.145,4285.1,4287.082,2346.0,-0.007164546887603303,-1.0
2023-02-24 21:00:00,4276.217,4281.105,4249.763,4266.457,111720.0,-0.0020065829797418803,0.0
2023-02-24 22:00:00,4266.782,4274.154,4247.205,4255.177,73076.0,0.008777543213831144,1.0
2023-02-24 23:00:00,4256.096,4256.96,4251.981,4254.454,1783.0,0.007192227251722586,1.0
2023-02-27 09:00:00,4268.931,4308.96,4265.222,4306.935,126480.0,-0.004383163432928662,-1.0
2023-02-27 10:00:00,4307.089,4309.847,4290.43,4297.243,44753.0,-0.0057010971918508456,-1.0
2023-02-27 11:00:00,4298.093,4299.932,4264.822,4264.832,52736.0,0.006861700531228244,1.0
2023-02-27 13:00:00,4263.742,4274.468,4254.225,4266.934,68420.0,0.006604976781923505,1.0
2023-02-27 14:00:00,4267.036,4274.399,4253.022,4269.95,59148.0,0.004950877644937371,1.0
2023-02-27 15:00:00,4269.99,4271.326,4266.6,4268.791,2429.0,0.005680296833459308,1.0
2023-02-27 21:00:00,4273.593,4273.593,4244.079,4246.886,96258.0,0.010704078235205708,1.0
2023-02-27 22:00:00,4247.787,4251.688,4241.639,4249.795,40935.0,0.014254334620846304,1.0
2023-02-27 23:00:00,4249.916,4252.006,4248.863,4250.248,906.0,0.013715670238536688,1.0
2023-02-28 09:00:00,4252.114,4265.356,4244.27,4245.171,64522.0,0.014346182992393012,1.0
2023-02-28 10:00:00,4245.066,4258.464,4241.716,4244.92,55726.0,0.01664365877331018,1.0
2023-02-28 11:00:00,4244.889,4255.464,4236.292,4249.96,45645.0,0.014132838897307341,1.0
2023-02-28 13:00:00,4247.683,4250.617,4241.975,4244.861,26743.0,0.015492615659264256,1.0
2023-02-28 14:00:00,4245.312,4258.883,4231.874,4251.295,81765.0,0.016474744754245416,1.0
2023-02-28 15:00:00,4250.947,4252.165,4250.21,4251.788,1734.0,0.016599604683958945,1.0
2023-02-28 21:00:00,4259.343,4286.024,4254.652,4257.135,132333.0,0.014781067548950217,1.0
2023-02-28 22:00:00,4257.22,4263.332,4252.671,4256.367,26094.0,0.0206086552216949,1.0
2023-02-28 23:00:00,4257.226,4259.385,4255.944,4257.896,835.0,0.022644282528272268,1.0
2023-03-01 09:00:00,4258.811,4293.071,4249.479,4292.527,85679.0,0.01506292214352999,1.0
2023-03-01 10:00:00,4291.828,4299.452,4276.937,4285.053,83047.0,0.015989067113055574,1.0
2023-03-01 11:00:00,4285.162,4290.89,4281.5,4288.057,21946.0,0.017139697536669895,1.0
2023-03-01 13:00:00,4284.2,4284.2,4269.549,4272.744,42621.0,0.020575302428603368,1.0
2023-03-01 14:00:00,4273.242,4298.569,4270.743,4294.096,70942.0,0.010613642545485715,1.0
2023-03-01 15:00:00,4294.812,4296.017,4293.695,4295.117,1813.0,0.011013902531642231,1.0
2023-03-01 21:00:00,4295.092,4299.683,4283.244,4291.09,56155.0,0.012244441389017582,1.0
2023-03-01 22:00:00,4291.392,4294.079,4282.653,4293.039,21909.0,0.0032897441649145285,1.0
2023-03-01 23:00:00,4292.913,4293.814,4289.944,4292.345,1018.0,0.0012790211411244394,0.0
2023-03-02 09:00:00,4293.611,4311.828,4291.48,4310.373,73532.0,-0.0019216434401383472,0.0
2023-03-02 10:00:00,4310.373,4312.576,4297.959,4308.543,38279.0,-6.73081364164089e-05,0.0
2023-03-02 11:00:00,4308.556,4309.532,4302.077,4306.073,20508.0,0.0010866048949936722,0.0
2023-03-02 13:00:00,4307.013,4319.297,4299.242,4315.571,87201.0,-0.00026624518516792843,0.0
2023-03-02 14:00:00,4315.286,4316.626,4308.019,4310.024,45117.0,0.0013208743153168756,0.0
2023-03-02 15:00:00,4310.009,4311.726,4308.958,4310.625,1639.0,0.0005054951428157372,0.0
2023-03-02 21:00:00,4311.015,4335.092,4309.765,4321.334,114339.0,-0.0023217367599911156,0.0
2023-03-02 22:00:00,4320.703,4325.295,4312.89,4322.366,34786.0,0.0035152044042546177,1.0
2023-03-02 23:00:00,4321.757,4322.709,4319.653,4320.06,694.0,0.0031163919019642637,1.0
2023-03-03 09:00:00,4320.222,4345.235,4318.974,4344.085,73860.0,0.0006560645107083227,0.0
2023-03-03 10:00:00,4344.384,4356.199,4343.673,4354.313,58561.0,-0.0018149820649090331,0.0
2023-03-03 11:00:00,4354.747,4358.199,4343.61,4357.185,30098.0,-0.0060144336308878615,-1.0
2023-03-03 13:00:00,4354.948,4362.066,4350.693,4353.567,38106.0,-0.00477103028390277,-1.0
2023-03-03 14:00:00,4354.355,4363.534,4353.625,4361.553,59961.0,-0.006266804507476954,-1.0
2023-03-03 15:00:00,4360.918,4363.329,4359.78,4360.657,2858.0,-0.00631785531400433,-1.0
2023-03-03 21:00:00,4348.609,4366.947,4333.91,4339.672,123545.0,-0.0019492256557638074,0.0
2023-03-03 22:00:00,4339.046,4355.187,4337.311,4342.423,41082.0,3.638521627219562e-05,0.0
2023-03-03 23:00:00,4343.23,4344.208,4341.705,4343.632,1565.0,-0.001996255668067499,0.0
2023-03-06 09:00:00,4328.586,4329.705,4296.08,4307.162,200160.0,0.006374731203516242,1.0
2023-03-06 10:00:00,4306.693,4307.659,4281.705,4297.835,88089.0,0.009230461383464065,1.0
2023-03-06 11:00:00,4299.368,4303.291,4293.062,4302.09,29178.0,0.006621665283617981,1.0
2023-03-06 13:00:00,4303.851,4310.196,4296.872,4308.253,30644.0,0.004713975711268628,1.0
2023-03-06 14:00:00,4308.981,4319.002,4301.651,4310.752,77353.0,0.00861265041459112,1.0
2023-03-06 15:00:00,4310.71,4316.025,4310.641,4314.422,3863.0,0.003957192875430434,1.0
2023-03-06 21:00:00,4315.6,4324.603,4310.31,4315.717,64434.0,0.0031401502925239516,1.0
2023-03-06 22:00:00,4315.631,4321.559,4311.185,4312.804,36840.0,0.002151732376430681,0.0
2023-03-06 23:00:00,4312.864,4313.709,4310.732,4311.301,1176.0,0.0009495973489209059,0.0
2023-03-07 09:00:00,4310.089,4343.06,4306.431,4337.56,98210.0,-0.003581045564787658,-1.0
2023-03-07 10:00:00,4336.832,4343.812,4330.893,4333.523,53163.0,0.0031189404094542988,1.0
2023-03-07 11:00:00,4333.523,4347.455,4326.704,4346.935,35942.0,0.010213403236993405,1.0
2023-03-07 13:00:00,4346.433,4352.284,4340.945,4346.41,52994.0,0.009513828653992737,1.0
2023-03-07 14:00:00,4346.292,4351.044,4329.956,4330.979,73947.0,0.017483114094988695,1.0
2023-03-07 15:00:00,4330.75,4334.598,4329.656,4332.796,2183.0,0.016632908634516833,1.0
2023-03-07 21:00:00,4331.738,4342.045,4323.064,4334.22,84748.0,0.016700582803826296,1.0
2023-03-07 22:00:00,4334.269,4341.828,4330.434,4333.107,33137.0,0.014398213568231785,1.0
2023-03-07 23:00:00,4332.01,4333.416,4331.213,4331.213,867.0,0.01703702865686822,1.0
2023-03-08 09:00:00,4326.836,4345.125,4304.828,4342.581,86098.0,0.012073234788251523,1.0
2023-03-08 10:00:00,4342.831,4346.332,4333.226,4334.961,34604.0,0.016926795881208503,1.0
2023-03-08 11:00:00,4334.83,4343.608,4329.6,4334.619,24482.0,0.011020807134375742,1.0
2023-03-08 13:00:00,4338.886,4342.804,4328.122,4337.506,37229.0,0.01022407807620318,1.0
2023-03-08 14:00:00,4336.59,4338.504,4323.133,4330.577,58972.0,0.019722314139663064,1.0
2023-03-08 15:00:00,4330.376,4330.516,4327.585,4328.562,1494.0,0.021635591681486793,1.0
2023-03-08 21:00:00,4339.396,4359.071,4330.272,4347.879,103584.0,0.01753176663839993,1.0
2023-03-08 22:00:00,4347.71,4350.614,4309.907,4331.495,122280.0,0.023841883691427493,1.0
2023-03-08 23:00:00,4330.835,4331.689,4328.687,4329.269,1078.0,0.02703204628772191,1.0
2023-03-09 09:00:00,4332.266,4334.83,4317.607,4322.084,49471.0,0.02715912046133301,1.0
2023-03-09 10:00:00,4322.084,4333.556,4312.465,4315.395,42997.0,0.02655654928459616,1.0
2023-03-09 11:00:00,4315.456,4326.847,4306.204,4322.027,56786.0,0.027531757668334877,1.0
2023-03-09 13:00:00,4329.061,4356.086,4316.514,4347.039,131798.0,0.021882941468894163,1.0
2023-03-09 14:00:00,4347.039,4396.356,4340.885,4391.332,201872.0,0.011689391738087538,1.0
2023-03-09 15:00:00,4391.742,4392.772,4386.669,4387.761,4382.0,0.015156021487952349,1.0
2023-03-09 21:00:00,4380.267,4407.683,4380.267,4406.698,121139.0,0.010789484552832839,1.0
2023-03-09 22:00:00,4406.838,4416.98,4402.748,4404.863,68316.0,0.009070429659219758,1.0
2023-03-09 23:00:00,4404.137,4407.243,4403.877,4406.604,1499.0,0.004906726358892105,1.0
2023-03-10 09:00:00,4401.197,4406.378,4388.555,4395.496,71120.0,0.009505411903457528,1.0
2023-03-10 10:00:00,4395.692,4408.196,4391.923,4405.004,42136.0,0.009455383014408123,1.0
2023-03-10 11:00:00,4404.817,4406.554,4386.819,4395.01,36434.0,0.013784724039308176,1.0
2023-03-10 13:00:00,4395.118,4412.319,4393.483,4408.338,37693.0,0.01072127409468147,1.0
2023-03-10 14:00:00,4408.466,4416.604,4380.529,4382.39,104659.0,0.02054609471087677,1.0
2023-03-10 15:00:00,4383.357,4385.43,4380.135,4381.853,5103.0,0.019603806882613324,1.0
2023-03-10 21:00:00,4385.682,4426.918,4385.682,4415.986,123314.0,0.012644967624444494,1.0
2023-03-10 22:00:00,4416.522,4424.964,4402.96,4422.213,51140.0,0.010807937112029672,1.0
2023-03-10 23:00:00,4422.13,4424.835,4420.853,4424.105,2249.0,0.007254122585246227,1.0
2023-03-13 09:00:00,4414.236,4447.282,4409.199,4434.766,148662.0,0.004071466228432458,1.0
2023-03-13 10:00:00,4434.07,4447.468,4428.42,4446.298,53372.0,-0.002380182344952954,0.0
2023-03-13 11:00:00,4446.239,4447.09,4436.227,4439.468,23356.0,-0.003120418933079384,-1.0
2023-03-13 13:00:00,4442.219,4443.378,4427.854,4429.997,29213.0,-0.001061174533526777,0.0
2023-03-13 14:00:00,4428.958,4443.739,4428.228,4441.02,39538.0,-0.015832173689828147,-1.0
2023-03-13 15:00:00,4440.899,4442.846,4438.453,4442.165,3760.0,-0.016334152378401117,-1.0
2023-03-13 21:00:00,4414.054,4444.366,4402.28,4442.664,150738.0,-0.016730727329368082,-1.0
2023-03-13 22:00:00,4442.676,4461.709,4441.072,4454.262,72905.0,-0.024586789012410952,-1.0
2023-03-13 23:00:00,4455.056,4457.068,4453.062,4454.244,1285.0,-0.03164442720246114,-1.0
2023-03-14 09:00:00,4452.723,4459.473,4443.173,4444.817,71040.0,-0.025928626532880788,-1.0
2023-03-14 10:00:00,4444.158,4457.66,4427.111,4428.226,111571.0,-0.022804165821708283,-1.0
2023-03-14 11:00:00,4428.54,4445.29,4425.453,4437.277,54432.0,-0.031239654409675053,-1.0
2023-03-14 13:00:00,4436.823,4448.166,4435.911,4446.655,51553.0,-0.034697767198039825,-1.0
2023-03-14 14:00:00,4446.68,4477.904,4445.886,4455.594,227457.0,-0.04084932334499055,-1.0
2023-03-14 15:00:00,4455.75,4458.427,4453.289,4455.601,4546.0,-0.03430536082562143,-1.0
2023-03-14 21:00:00,4467.305,4475.647,4449.563,4472.431,134848.0,-0.03846990596389283,-1.0
2023-03-14 22:00:00,4472.374,4477.187,4466.454,4467.754,48134.0,-0.03432373402832821,-1.0
2023-03-14 23:00:00,4467.623,4472.507,4467.283,4471.826,998.0,-0.03077579494372093,-1.0
2023-03-15 09:00:00,4466.355,4476.794,4461.917,4470.008,73267.0,-0.026925455166970612,-1.0
2023-03-15 10:00:00,4470.08,4484.348,4451.079,4456.198,66055.0,-0.026216294697856943,-1.0
2023-03-15 11:00:00,4456.342,4460.265,4444.772,4452.822,41739.0,-0.02455903245178001,-1.0
2023-03-15 13:00:00,4454.638,4455.879,4435.715,4435.715,47335.0,-0.021949561682840325,-1.0
2023-03-15 14:00:00,4435.897,4445.445,4413.41,4425.615,132820.0,-0.018746095175472727,-1.0
2023-03-15 15:00:00,4425.577,4426.608,4423.655,4425.296,1724.0,-0.01863039218167567,-1.0
2023-03-15 21:00:00,4377.549,4394.19,4359.697,4370.709,223365.0,-0.006243380650599149,-1.0
2023-03-15 22:00:00,4371.038,4379.416,4362.087,4369.606,81751.0,-0.015362712336077878,-1.0
2023-03-15 23:00:00,4369.683,4371.442,4366.158,4368.335,2140.0,-0.010802971841674185,-1.0
2023-03-16 09:00:00,4369.827,4382.913,4343.716,4344.746,163997.0,-0.007957427200577507,-1.0
2023-03-16 10:00:00,4344.496,4346.472,4289.727,4313.292,199239.0,-0.002256513122691479,0.0
2023-03-16 11:00:00,4313.233,4335.387,4310.557,4329.569,62594.0,-0.009774414035207757,-1.0
2023-03-16 13:00:00,4332.273,4347.15,4324.851,4327.244,79811.0,-0.010300551575090152,-1.0
2023-03-16 14:00:00,4326.66,4329.861,4292.979,4298.658,127198.0,-0.0016989023085811415,0.0
2023-03-16 15:00:00,4299.227,4299.758,4290.015,4292.366,6836.0,-0.002932415362529555,0.0
2023-03-16 21:00:00,4296.247,4302.806,4265.923,4273.586,173339.0,0.0018504366122500979,0.0
2023-03-16 22:00:00,4272.78,4302.885,4266.539,4302.75,84253.0,-0.00040439253965482116,0.0
2023-03-16 23:00:00,4302.629,4303.883,4299.085,4300.377,2191.0,-0.006551751160421559,-1.0
2023-03-17 09:00:00,4303.082,4319.347,4301.711,4314.404,86071.0,-0.010462858832877155,-1.0
2023-03-17 10:00:00,4314.716,4340.783,4312.498,4334.202,65943.0,-0.01936827125270117,-1.0
2023-03-17 11:00:00,4334.546,4351.534,4332.161,4349.651,52110.0,-0.022707798855586284,-1.0
2023-03-17 13:00:00,4349.713,4350.998,4332.857,4339.373,42666.0,-0.02052923314036379,-1.0
2023-03-17 14:00:00,4338.646,4343.742,4322.058,4343.465,81456.0,-0.01848869508560568,-1.0
2023-03-17 15:00:00,4342.85,4343.932,4335.634,4338.353,3089.0,-0.013425371333314668,-1.0
2023-03-17 21:00:00,4359.169,4361.015,4339.953,4342.652,112108.0,-0.014715662226676175,-1.0
2023-03-17 22:00:00,4342.745,4351.368,4334.697,4342.851,46464.0,-0.018861112204862675,-1.0
2023-03-17 23:00:00,4342.966,4346.646,4342.601,4343.421,1750.0,-0.022053353796466023,-1.0
2023-03-20 09:00:00,4351.141,4354.366,4298.04,4302.477,178186.0,-0.014821229724179822,-1.0
2023-03-20 10:00:00,4303.066,4331.888,4297.984,4321.144,73062.0,-0.018364118390870626,-1.0
2023-03-20 11:00:00,4320.674,4321.326,4300.89,4310.173,31248.0,-0.012640559903280026,-1.0
2023-03-20 13:00:00,4309.089,4312.509,4299.743,4303.559,29751.0,-0.009821405957255338,-1.0
2023-03-20 14:00:00,4303.343,4305.319,4282.94,4287.25,85358.0,-0.006928917138025572,-1.0
2023-03-20 15:00:00,4286.98,4288.123,4282.388,4282.671,2998.0,-0.0007988005616121986,0.0
2023-03-20 21:00:00,4296.001,4300.46,4279.423,4291.355,97283.0,-0.0021874209894077084,0.0
2023-03-20 22:00:00,4291.88,4294.335,4272.307,4279.779,51960.0,-0.00010608024386320718,0.0
2023-03-20 23:00:00,4279.83,4281.802,4278.7,4281.494,1479.0,-0.0012642783103280202,0.0
2023-03-21 09:00:00,4283.709,4308.174,4282.469,4301.01,74943.0,-0.009219462405342058,-1.0
2023-03-21 10:00:00,4300.823,4306.82,4267.767,4272.202,69641.0,-0.013641677055532639,-1.0
2023-03-21 11:00:00,4272.125,4278.221,4265.739,4269.263,38806.0,-0.016531190512273437,-1.0
2023-03-21 13:00:00,4273.56,4278.401,4246.058,4250.256,80240.0,-0.012350550178624626,-1.0
2023-03-21 14:00:00,4249.636,4263.812,4247.794,4250.88,83346.0,-0.013341237579042561,-1.0
2023-03-21 15:00:00,4250.82,4251.727,4248.448,4250.289,3158.0,-0.013162869630747443,-1.0
2023-03-21 21:00:00,4268.05,4273.262,4246.095,4263.16,122165.0,-0.016004794565533494,-1.0
2023-03-21 22:00:00,4263.439,4283.217,4252.786,4280.109,62025.0,-0.02680071932747508,-1.0
2023-03-21 23:00:00,4279.72,4280.618,4278.049,4278.747,1986.0,-0.019217308244680174,-1.0
2023-03-22 09:00:00,4282.306,4295.2,4260.04,4260.94,98029.0,-0.013154139696874395,-1.0
2023-03-22 10:00:00,4260.94,4270.484,4239.878,4247.634,92007.0,-0.007933593148562144,-1.0
2023-03-22 11:00:00,4247.277,4253.057,4237.486,4238.709,40160.0,-0.003357154265602938,-1.0
2023-03-22 13:00:00,4240.432,4246.263,4232.772,4241.79,40162.0,-0.004512246009349904,-1.0
2023-03-22 14:00:00,4241.116,4265.753,4231.696,4255.69,80334.0,-0.007388696075136936,-1.0
2023-03-22 15:00:00,4256.729,4261.53,4255.67,4261.292,2411.0,-0.014417927708310132,-1.0
2023-03-22 21:00:00,4263.912,4269.443,4253.153,4257.544,73042.0,-0.01480548410069276,-1.0
2023-03-22 22:00:00,4256.725,4281.257,4256.119,4279.25,60934.0,-0.017361687211544095,-1.0
2023-03-22 23:00:00,4279.118,4281.968,4278.695,4281.968,2253.0,-0.017817508211177634,-1.0
2023-03-23 09:00:00,4280.35,4286.968,4266.659,4279.325,72854.0,-0.019758489948765258,-1.0
2023-03-23 10:00:00,4279.932,4283.612,4265.92,4276.081,36279.0,-0.017618702732712484,-1.0
2023-03-23 11:00:00,4276.191,4277.344,4254.206,4261.357,52724.0,-0.014118272653523174,-1.0
2023-03-23 13:00:00,4257.272,4257.272,4205.791,4213.922,166841.0,-0.003203903631818362,-1.0
2023-03-23 14:00:00,4212.873,4217.92,4191.338,4198.687,139783.0,0.0014397358031213265,0.0
2023-03-23 15:00:00,4198.784,4201.223,4196.843,4197.763,6487.0,-0.0007873241057201874,0.0
2023-03-23 21:00:00,4198.196,4203.704,4184.159,4194.168,122699.0,0.0004947345933688702,0.0
2023-03-23 22:00:00,4193.585,4202.848,4178.469,4194.343,64646.0,0.00651258135064295,1.0
2023-03-23 23:00:00,4195.083,4197.631,4193.945,4194.929,1786.0,0.007443272579822009,1.0
2023-03-24 09:00:00,4194.757,4195.295,4165.399,4165.399,108086.0,0.015048738428179217,1.0
2023-03-24 10:00:00,4166.014,4203.814,4165.412,4196.521,79036.0,0.006154621887987795,1.0
2023-03-24 11:00:00,4195.702,4208.004,4180.876,4204.891,44401.0,0.006506470679026015,1.0
2023-03-24 13:00:00,4207.845,4218.855,4203.787,4213.935,61240.0,0.004527359819266201,1.0
2023-03-24 14:00:00,4213.777,4242.094,4210.187,4224.479,126718.0,0.006756099391191237,1.0
2023-03-24 15:00:00,4223.862,4225.115,4220.662,4222.65,3076.0,0.005832356458622101,1.0
2023-03-24 21:00:00,4196.275,4225.186,4194.13,4224.246,142944.0,0.005766946337878967,1.0
2023-03-24 22:00:00,4224.018,4231.904,4196.438,4199.853,79162.0,0.012482817851005829,1.0
2023-03-24 23:00:00,4199.258,4199.919,4193.327,4194.509,2520.0,0.012641288885063863,1.0
2023-03-27 09:00:00,4199.06,4229.97,4197.483,4204.955,131488.0,0.007545383957735592,1.0
2023-03-27 10:00:00,4205.182,4212.618,4192.511,4205.674,56562.0,0.007620657235915143,1.0
2023-03-27 11:00:00,4205.191,4211.715,4191.434,4194.772,39485.0,0.012400435589824626,1.0
2023-03-27 13:00:00,4197.357,4205.957,4190.108,4200.742,45812.0,0.01117850132190923,1.0
2023-03-27 14:00:00,4200.679,4212.318,4197.106,4201.194,59795.0,0.01191137567082107,1.0
2023-03-27 15:00:00,4201.553,4202.574,4199.589,4200.421,1955.0,0.011984036838212107,1.0
2023-03-27 21:00:00,4207.549,4211.081,4196.284,4204.732,123809.0,0.010828751987047011,1.0
2023-03-27 22:00:00,4205.258,4208.701,4187.108,4194.458,60846.0,0.010146483765006159,1.0
2023-03-27 23:00:00,4194.569,4196.243,4193.771,4196.243,1201.0,0.00857457492333017,1.0
2023-03-28 09:00:00,4198.289,4223.028,4198.231,4221.659,97627.0,0.010123745191167854,1.0
2023-03-28 10:00:00,4221.45,4232.992,4217.258,4226.153,67709.0,0.007024118625141941,1.0
2023-03-28 11:00:00,4225.31,4233.021,4219.608,4228.083,53833.0,0.005179652338896977,1.0
2023-03-28 13:00:00,4227.685,4229.801,4219.43,4222.349,47371.0,0.006882188090089236,1.0
2023-03-28 14:00:00,4221.502,4233.157,4220.461,4232.25,64022.0,0.007147498375568551,1.0
2023-03-28 15:00:00,4231.981,4235.492,4231.331,4233.013,3774.0,0.005982027458928219,1.0
2023-03-28 21:00:00,4235.029,4253.735,4230.078,4253.02,99605.0,0.0016893877762153692,0.0
2023-03-28 22:00:00,4253.549,4253.846,4244.098,4247.278,57590.0,0.00899022856521287,1.0
2023-03-28 23:00:00,4246.874,4249.312,4245.252,4248.607,1576.0,0.00968717511410214,1.0
2023-03-29 09:00:00,4245.949,4253.158,4235.463,4252.279,82247.0,0.006803645762660348,1.0
2023-03-29 10:00:00,4252.399,4256.165,4241.142,4247.533,71509.0,0.006863513479471339,1.0
2023-03-29 11:00:00,4247.135,4250.69,4234.938,4236.683,70777.0,0.0069582737249871095,1.0
2023-03-29 13:00:00,4238.557,4241.626,4228.006,4237.724,56520.0,0.006277426278823222,1.0
2023-03-29 14:00:00,4237.935,4250.152,4227.733,4246.789,56885.0,0.00161109958606386,0.0
2023-03-29 15:00:00,4246.705,4248.507,4244.994,4247.7,2596.0,-0.0019132707112083005,0.0
2023-03-29 21:00:00,4256.336,4268.985,4245.282,4251.236,86221.0,-0.0031734300330539134,-1.0
2023-03-29 22:00:00,4251.689,4256.789,4246.432,4250.759,28114.0,-0.008543885927195639,-1.0
2023-03-29 23:00:00,4251.076,4253.091,4248.769,4250.264,1752.0,-0.01663237860048223,-1.0
2023-03-30 09:00:00,4249.221,4252.957,4233.028,4237.017,80217.0,-0.013658429975617302,-1.0
2023-03-30 10:00:00,4236.197,4249.81,4229.805,4232.224,63785.0,-0.016705164944010482,-1.0
2023-03-30 11:00:00,4233.257,4265.538,4231.89,4264.398,65268.0,-0.02693322715187472,-1.0
2023-03-30 13:00:00,4256.401,4257.647,4225.203,4255.838,112467.0,-0.02576131892238368,-1.0
2023-03-30 14:00:00,4255.107,4256.358,4227.598,4249.983,136257.0,-0.02583775040982526,-1.0
2023-03-30 15:00:00,4250.302,4252.206,4248.473,4251.408,2792.0,-0.026449355131288294,-1.0
2023-03-30 21:00:00,4253.71,4267.461,4247.246,4262.5,109343.0,-0.029180997067448682,-1.0
2023-03-30 22:00:00,4262.889,4265.029,4251.603,4258.335,44060.0,-0.034747853327650326,-1.0
2023-03-30 23:00:00,4258.972,4261.426,4257.779,4260.205,1025.0,-0.036622650787931456,-1.0
2023-03-31 09:00:00,4259.961,4286.847,4259.101,4285.462,104023.0,-0.043513394821841925,-1.0
2023-03-31 10:00:00,4285.075,4296.858,4283.2,4289.764,63792.0,-0.043536660758027645,-1.0
2023-03-31 11:00:00,4288.951,4292.117,4278.52,4281.21,37389.0,-0.043131965028578405,-1.0
2023-03-31 13:00:00,4281.251,4282.097,4273.83,4276.686,31429.0,-0.042796688838039505,-1.0
2023-03-31 14:00:00,4277.075,4282.188,4260.358,4266.163,74538.0,-0.044782864602219724,-1.0
2023-03-31 15:00:00,4265.782,4267.799,4262.567,4264.326,2212.0,-0.0445772673102385,-1.0
2023-03-31 21:00:00,4195.868,4257.054,4195.868,4253.631,150553.0,-0.04610390511071608,-1.0
2023-03-31 22:00:00,4254.498,4254.607,4239.03,4239.573,47170.0,-0.043607693510643676,-1.0
2023-03-31 23:00:00,4239.48,4240.347,4236.991,4237.745,2339.0,-0.042230006760671075,-1.0
2023-04-03 09:00:00,4240.151,4253.597,4211.469,4214.441,188321.0,-0.03699684015033069,-1.0
2023-04-03 10:00:00,4214.246,4214.246,4178.244,4179.572,117260.0,-0.02237645385699788,-1.0
2023-04-03 11:00:00,4178.628,4191.047,4171.954,4179.146,61018.0,-0.01859973305550937,-1.0
2023-04-03 13:00:00,4178.973,4184.038,4160.588,4161.524,73945.0,-0.013787256783812901,-1.0
2023-04-03 14:00:00,4162.036,4170.295,4146.142,4149.544,128115.0,-0.010374151955009943,-1.0
2023-04-03 15:00:00,4149.348,4149.794,4145.795,4146.202,3519.0,-0.0081879754049611,-1.0
2023-04-03 21:00:00,4150.206,4152.864,4136.484,4140.173,137846.0,-0.007550409125415827,-1.0
2023-04-03 22:00:00,4140.365,4152.19,4136.302,4138.961,46171.0,-0.005799039903976,-1.0
2023-04-03 23:00:00,4138.984,4139.952,4137.36,4138.116,1097.0,-0.00832311129025866,-1.0
2023-04-04 09:00:00,4137.611,4140.139,4106.812,4110.367,140521.0,-0.0009624444727198644,0.0
2023-04-04 10:00:00,4110.641,4115.194,4099.232,4104.185,69227.0,0.0045923855771608625,1.0
2023-04-04 11:00:00,4104.469,4105.383,4092.848,4098.987,50861.0,0.005588697890478881,1.0
2023-04-04 13:00:00,4099.964,4108.651,4097.877,4103.002,46659.0,0.005469897406825368,1.0
2023-04-04 14:00:00,4102.414,4110.989,4087.926,4096.553,122111.0,-0.006788878356999091,-1.0
2023-04-04 15:00:00,4096.6,4097.537,4089.159,4093.658,4723.0,-0.009727485784107983,-1.0
2023-04-06 09:00:00,4078.267,4096.486,4058.565,4075.112,251022.0,-0.009387717441876409,-1.0
2023-04-06 10:00:00,4074.6,4093.932,4072.249,4074.234,81538.0,-0.012604087050473748,-1.0
2023-04-06 11:00:00,4074.611,4080.061,4053.316,4057.522,57004.0,-0.0038158757980855606,-1.0
2023-04-06 13:00:00,4055.323,4068.256,4047.441,4054.695,92845.0,-0.002685528751237793,0.0
2023-04-06 14:00:00,4054.685,4083.152,4049.66,4058.785,128845.0,-0.005752706782941128,-1.0
2023-04-06 15:00:00,4058.685,4060.16,4056.898,4058.52,2883.0,-0.008376206104688382,-1.0
2023-04-06 21:00:00,4065.656,4107.719,4064.31,4086.048,201882.0,-0.01506859439732473,-1.0
2023-04-06 22:00:00,4085.498,4102.87,4084.505,4101.415,59651.0,-0.02421310693992195,-1.0
2023-04-06 23:00:00,4101.58,4105.759,4100.591,4104.148,2144.0,-0.020832582060880844,-1.0
2023-04-07 09:00:00,4103.244,4117.388,4093.167,4106.496,109670.0,-0.019392445530203906,-1.0
2023-04-07 10:00:00,4106.15,4121.379,4100.524,4112.253,56597.0,-0.021353987704550194,-1.0
2023-04-07 11:00:00,4111.944,4116.73,4103.712,4108.913,23532.0,-0.011095878642356177,-1.0
2023-04-07 13:00:00,4108.365,4120.785,4108.046,4114.959,28852.0,-0.012599882526168537,-1.0
2023-04-07 14:00:00,4115.222,4119.283,4093.457,4103.674,75571.0,-0.014115887373119827,-1.0
2023-04-07 15:00:00,4103.95,4106.638,4102.973,4106.411,2351.0,-0.016421882758447692,-1.0
2023-04-07 21:00:00,4110.885,4141.831,4110.885,4123.033,161420.0,-0.020510386407288153,-1.0
2023-04-07 22:00:00,4122.197,4126.357,4112.56,4121.895,51508.0,-0.017328194920055127,-1.0
2023-04-07 23:00:00,4122.052,4125.445,4121.182,4125.445,1888.0,-0.02031780813948549,-1.0
2023-04-10 09:00:00,4114.102,4114.102,4061.289,4068.742,188251.0,-0.006552393835736035,-1.0
2023-04-10 10:00:00,4068.872,4070.691,4052.659,4053.837,73378.0,-0.0038013368569086163,-1.0
2023-04-10 11:00:00,4054.161,4056.663,4034.578,4036.856,75785.0,-0.0009680801098677675,0.0
2023-04-10 13:00:00,4036.311,4045.671,4022.338,4022.882,69740.0,0.002183757813428247,0.0
2023-04-10 14:00:00,4022.96,4042.394,4014.171,4042.039,120080.0,-0.0037993200956251104,-1.0
2023-04-10 15:00:00,4042.192,4046.212,4040.398,4043.806,8129.0,-0.01150623941900279,-1.0
2023-04-10 21:00:00,4040.491,4046.357,4029.218,4035.436,95884.0,-0.00931175714346609,-1.0
2023-04-10 22:00:00,4035.424,4045.154,4021.333,4024.525,42405.0,-0.005057242780203891,-1.0
2023-04-10 23:00:00,4024.078,4026.055,4023.112,4024.477,1453.0,-0.005498602675577449,-1.0
2023-04-11 09:00:00,4023.889,4027.268,3998.894,4002.107,118877.0,0.0017708172220282938,0.0
2023-04-11 10:00:00,4001.24,4042.987,4000.154,4018.648,78491.0,-0.006097324274233562,-1.0
2023-04-11 11:00:00,4018.452,4032.992,4007.706,4026.861,46667.0,-0.00751975297880904,-1.0
2023-04-11 13:00:00,4029.538,4035.156,4021.018,4024.44,39544.0,-0.00708520937074478,-1.0
2023-04-11 14:00:00,4024.203,4067.071,4022.993,4063.321,133367.0,-0.010547529963790634,-1.0
2023-04-11 15:00:00,4062.902,4065.619,4062.038,4063.111,3229.0,-0.00973539733470241,-1.0
2023-04-11 21:00:00,4063.824,4073.273,4042.271,4045.747,98934.0,-0.004665393065854093,-1.0
2023-04-11 22:00:00,4045.747,4057.102,4038.272,4038.976,41236.0,0.0030861782788508003,1.0
2023-04-11 23:00:00,4039.528,4041.652,4037.325,4038.468,2046.0,0.0018516922753876138,0.0
2023-04-12 09:00:00,4038.024,4060.274,4035.1,4050.47,67640.0,-0.0023180026021670744,0.0
2023-04-12 10:00:00,4051.148,4061.457,4038.201,4041.625,56565.0,-5.690780317323309e-05,0.0
2023-04-12 11:00:00,4041.729,4047.511,4026.295,4042.082,45419.0,-0.004227276933026097,-1.0
2023-04-12 13:00:00,4037.063,4041.453,4018.337,4038.427,49952.0,-0.0043828946270417345,-1.0
2023-04-12 14:00:00,4038.427,4042.321,4027.336,4032.948,54776.0,0.002680669326755552,0.0
2023-04-12 15:00:00,4033.223,4033.881,4030.813,4031.667,2940.0,-0.0006907812574798104,0.0
2023-04-12 21:00:00,4036.203,4040.978,4013.735,4026.682,94237.0,2.607605964414826e-05,0.0
2023-04-12 22:00:00,4026.284,4029.687,3996.505,3997.277,68040.0,0.0077787954149787595,1.0
2023-04-12 23:00:00,3997.03,4000.566,3996.694,3997.859,2148.0,0.0043105572257551295,1.0
2023-04-13 09:00:00,4001.599,4011.915,3989.607,4004.172,120566.0,0.005944300095000948,1.0
2023-04-13 10:00:00,4003.592,4021.453,3994.782,4002.348,67500.0,0.008357344238931764,1.0
2023-04-13 11:00:00,4002.17,4025.035,4000.075,4009.194,47083.0,0.008794286332863978,1.0
2023-04-13 13:00:00,4008.173,4008.361,3977.365,3994.145,122127.0,0.013117701034889878,1.0
2023-04-13 14:00:00,3994.69,4000.428,3978.379,3996.58,109338.0,0.015350624784190461,1.0
2023-04-13 15:00:00,3996.017,3997.91,3994.315,3995.926,2685.0,0.017790369491326903,1.0
2023-04-13 21:00:00,3997.895,4022.34,3994.917,4020.463,108933.0,0.011576029924911562,1.0
2023-04-13 22:00:00,4020.413,4027.638,4015.041,4023.555,41314.0,0.013074756030425823,1.0
2023-04-13 23:00:00,4023.881,4028.845,4023.269,4026.872,2809.0,0.008042719013666233,1.0
2023-04-14 09:00:00,4028.697,4051.441,4023.563,4051.441,106749.0,0.002095057042667111,0.0
2023-04-14 10:00:00,4050.66,4060.13,4041.26,4045.946,94404.0,0.0025353773876369743,0.0
2023-04-14 11:00:00,4046.182,4051.741,4037.714,4041.081,31535.0,0.005574745965250336,1.0
2023-04-14 13:00:00,4042.167,4048.972,4033.612,4041.395,45945.0,0.0063809649885744925,1.0
2023-04-14 14:00:00,4041.236,4044.646,4012.46,4024.995,83993.0,0.006520008099388928,1.0
2023-04-14 15:00:00,4024.063,4025.468,4019.676,4020.727,3047.0,0.010988062606588384,1.0
2023-04-14 21:00:00,4017.889,4054.167,4017.889,4043.759,129727.0,0.004963451085982106,1.0
2023-04-14 22:00:00,4044.014,4045.759,4007.298,4028.882,88850.0,0.00957287902698559,1.0
2023-04-14 23:00:00,4029.311,4030.68,4025.705,4026.787,2488.0,0.005565727712938446,1.0
2023-04-17 09:00:00,4015.521,4040.22,4008.407,4028.371,93209.0,0.004855064243089823,1.0
2023-04-17 10:00:00,4028.538,4031.312,4012.462,4015.092,54813.0,0.007599825857041414,1.0
2023-04-17 11:00:00,4015.111,4029.387,4014.524,4027.974,24790.0,0.0030310523354916967,1.0
2023-04-17 13:00:00,4030.445,4040.55,4026.307,4035.797,44075.0,0.00047103459366262476,0.0
2023-04-17 14:00:00,4036.337,4056.348,4032.416,4044.452,80670.0,-0.012430361393830447,-1.0
2023-04-17 15:00:00,4044.41,4048.194,4043.588,4046.539,2369.0,-0.009043283655489308,-1.0
2023-04-17 21:00:00,4047.728,4077.041,4047.728,4057.93,130266.0,-0.01087820637615731,-1.0
2023-04-17 22:00:00,4057.567,4068.69,4054.275,4067.015,42849.0,-0.014935278084786934,-1.0
2023-04-17 23:00:00,4067.486,4068.687,4065.486,4067.004,1033.0,-0.01734495466441634,-1.0
2023-04-18 09:00:00,4067.772,4084.37,4066.013,4076.162,80534.0,-0.02072390645906608,-1.0
2023-04-18 10:00:00,4075.984,4078.688,4049.637,4059.259,79712.0,-0.01622291162007649,-1.0
2023-04-18 11:00:00,4059.084,4067.432,4057.245,4059.929,21567.0,-0.014383995385141006,-1.0
2023-04-18 13:00:00,4059.322,4064.658,4049.419,4056.204,34883.0,-0.013005016512976222,-1.0
2023-04-18 14:00:00,4056.177,4070.959,4050.756,4063.609,58936.0,-0.022006300310881223,-1.0
2023-04-18 15:00:00,4064.891,4073.773,4062.981,4067.183,3148.0,-0.02719597323257888,-1.0
2023-04-18 21:00:00,4063.788,4072.546,4046.416,4051.238,101491.0,-0.02373200488344545,-1.0
2023-04-18 22:00:00,4050.48,4069.625,4049.75,4064.907,41499.0,-0.03243518240392708,-1.0
2023-04-18 23:00:00,4064.949,4065.867,4063.1,4063.83,786.0,-0.03411117098894389,-1.0
2023-04-19 09:00:00,4062.483,4075.007,4059.027,4067.45,66847.0,-0.0346401307944781,-1.0
2023-04-19 10:00:00,4067.291,4067.45,4039.866,4049.199,75796.0,-0.03015781639776169,-1.0
2023-04-19 11:00:00,4048.714,4051.12,4039.027,4047.929,32865.0,-0.034051239535080775,-1.0
2023-04-19 13:00:00,4052.622,4059.874,4045.606,4045.606,45719.0,-0.03313595046082102,-1.0
2023-04-19 14:00:00,4044.898,4052.183,4027.08,4040.183,79368.0,-0.03787971980477126,-1.0
2023-04-19 15:00:00,4039.867,4040.694,4036.499,4037.698,2788.0,-0.04561485281960169,-1.0
2023-04-19 21:00:00,4026.637,4026.637,3989.346,3994.178,148798.0,-0.0353544584142219,-1.0
2023-04-19 22:00:00,3993.173,4016.721,3982.427,4009.945,96314.0,-0.04817472558850566,-1.0
2023-04-19 23:00:00,4009.888,4014.119,4009.085,4013.787,1516.0,-0.05188117854784018,-1.0
2023-04-20 09:00:00,4009.913,4014.222,3997.595,4006.273,59850.0,-0.04822187604289574,-1.0
2023-04-20 10:00:00,4005.953,4009.846,3994.385,3996.462,50607.0,-0.05283448209941689,-1.0
2023-04-20 11:00:00,3996.09,4008.716,3990.754,3991.688,43605.0,-0.04647983509733223,-1.0
2023-04-20 13:00:00,3991.078,3997.141,3979.23,3993.406,72588.0,-0.04862841394038066,-1.0
2023-04-20 14:00:00,3993.479,4020.47,3991.543,4001.531,127879.0,-0.04422407323596892,-1.0
2023-04-20 15:00:00,4001.075,4004.834,4000.017,4003.453,3069.0,-0.04641792972216731,-1.0
2023-04-20 21:00:00,3996.853,3996.853,3964.41,3974.184,131034.0,-0.038998194346311174,-1.0
2023-04-20 22:00:00,3974.162,3981.324,3954.024,3956.572,76245.0,-0.033247720501484626,-1.0
2023-04-20 23:00:00,3955.921,3958.243,3952.501,3955.094,2066.0,-0.036833005738928046,-1.0
2023-04-21 09:00:00,3952.787,3959.514,3932.03,3933.061,145584.0,-0.03045465097032571,-1.0
2023-04-21 10:00:00,3933.009,3938.846,3923.312,3925.208,78949.0,-0.03337530138530241,-1.0
2023-04-21 11:00:00,3924.837,3933.071,3920.371,3926.553,28340.0,-0.03815458495020946,-1.0
2023-04-21 13:00:00,3927.183,3938.097,3921.619,3927.084,52206.0,-0.038446083659020226,-1.0
2023-04-21 14:00:00,3926.646,3937.225,3909.705,3910.092,94895.0,-0.0385415483830048,-1.0
2023-04-21 15:00:00,3910.517,3912.37,3908.398,3911.551,6509.0,-0.033445300853804504,-1.0
2023-04-21 21:00:00,3908.564,3909.612,3883.871,3887.142,137493.0,-0.028232567783734088,-1.0
2023-04-21 22:00:00,3887.619,3893.468,3852.254,3853.519,91057.0,-0.011033032404926412,-1.0
2023-04-21 23:00:00,3852.911,3856.697,3851.889,3852.966,3504.0,-0.012277294946282965,-1.0
2023-04-24 09:00:00,3844.215,3847.998,3815.128,3816.767,206257.0,-0.006086564885936126,-1.0
2023-04-24 10:00:00,3816.95,3829.107,3804.02,3805.547,88462.0,-0.0034399785365940546,-1.0
2023-04-24 11:00:00,3805.105,3819.809,3805.005,3813.083,31103.0,-0.006231702797972184,-1.0
2023-04-24 13:00:00,3811.206,3812.972,3782.086,3785.311,67693.0,0.001944622251645869,0.0
2023-04-24 14:00:00,3784.857,3829.935,3784.449,3806.155,152372.0,0.0012196035106294477,0.0
2023-04-24 15:00:00,3806.835,3807.213,3798.766,3799.213,5013.0,0.0042843083554408735,1.0
2023-04-24 21:00:00,3798.857,3828.199,3793.355,3824.567,115332.0,-0.0024002717170335456,0.0
2023-04-24 22:00:00,3824.04,3832.544,3814.148,3817.621,52915.0,-0.0070682762903913,-1.0
2023-04-24 23:00:00,3816.562,3819.716,3815.029,3819.198,1508.0,-0.01040872979091414,-1.0
2023-04-25 09:00:00,3819.374,3838.528,3817.784,3825.025,92697.0,-0.007941647440212796,-1.0
2023-04-25 10:00:00,3824.436,3827.962,3805.78,3809.416,69497.0,-0.0024389565224696296,0.0
2023-04-25 11:00:00,3808.495,3824.388,3804.738,3813.281,38752.0,-0.012719492741290285,-1.0
2023-04-25 13:00:00,3808.243,3808.41,3789.656,3794.203,53529.0,-0.008838483338925158,-1.0
2023-04-25 14:00:00,3794.646,3805.632,3774.771,3776.737,85766.0,-0.008024916746916714,-1.0
2023-04-25 15:00:00,3776.77,3777.168,3774.551,3776.103,3904.0,-0.003905613803437048,-1.0
2023-04-25 21:00:00,3763.018,3782.98,3751.624,3759.391,183496.0,-0.000315476629060438,0.0
2023-04-25 22:00:00,3759.389,3781.419,3755.894,3780.728,65767.0,-2.5127435774341517e-05,0.0
2023-04-25 23:00:00,3780.69,3781.915,3776.329,3777.398,1861.0,-0.0027598362682460737,0.0
2023-04-26 09:00:00,3776.48,3819.721,3776.409,3811.003,147390.0,-0.015028327188406868,-1.0
2023-04-26 10:00:00,3809.905,3813.089,3792.695,3805.662,57004.0,-0.015056250397434134,-1.0
2023-04-26 11:00:00,3805.634,3807.612,3788.753,3793.536,40326.0,-0.014930397391773828,-1.0
2023-04-26 13:00:00,3795.56,3804.447,3787.59,3792.456,34334.0,-0.014942295968628276,-1.0
2023-04-26 14:00:00,3792.308,3797.571,3782.116,3789.321,63416.0,-0.019496104975007384,-1.0
2023-04-26 15:00:00,3789.186,3794.155,3789.117,3792.672,1339.0,-0.0190382927919947,-1.0
2023-04-26 21:00:00,3810.908,3833.075,3808.167,3810.797,171686.0,-0.03125776576395966,-1.0
2023-04-26 22:00:00,3810.921,3816.267,3800.458,3815.49,46688.0,-0.0358826782405405,-1.0
2023-04-26 23:00:00,3815.356,3816.397,3812.85,3815.387,1390.0,-0.037723040939228535,-1.0
2023-04-27 09:00:00,3810.304,3815.442,3789.665,3790.637,79773.0,-0.031183940852157654,-1.0
2023-04-27 10:00:00,3791.053,3794.672,3773.641,3779.445,58886.0,-0.04310950417323186,-1.0
2023-04-27 11:00:00,3779.897,3807.386,3775.683,3794.648,47390.0,-0.049256215596282,-1.0
2023-04-27 13:00:00,3798.188,3810.556,3790.163,3800.125,64559.0,-0.050672280517088296,-1.0
2023-04-27 14:00:00,3799.293,3801.405,3760.421,3764.778,132972.0,-0.04312551762680289,-1.0
2023-04-27 15:00:00,3763.011,3764.481,3760.156,3760.668,3415.0,-0.03947782681161969,-1.0
2023-04-27 21:00:00,3745.797,3757.808,3732.662,3746.429,160675.0,-0.028690254105976618,-1.0
2023-04-27 22:00:00,3746.529,3771.474,3745.676,3761.355,77114.0,-0.021318381274833178,-1.0
2023-04-27 23:00:00,3762.0,3763.253,3757.86,3758.205,2005.0,-0.02128143621755599,-1.0
2023-04-28 09:00:00,3765.853,3784.26,3764.108,3780.633,85819.0,-0.025998027314473468,-1.0
2023-04-28 10:00:00,3779.878,3784.223,3759.356,3766.973,39254.0,-0.018810328611328028,-1.0
2023-04-28 11:00:00,3767.009,3768.112,3750.762,3753.73,29189.0,-0.010286301891718391,-1.0
2023-04-28 13:00:00,3753.13,3761.288,3744.756,3748.363,39417.0,-0.009365955218317963,-1.0
2023-04-28 14:00:00,3747.322,3750.417,3729.818,3736.897,120825.0,0.002117799875137103,0.0
2023-04-28 15:00:00,3737.008,3738.604,3734.07,3735.788,4143.0,0.0066676695786806175,1.0
2023-05-04 09:00:00,3703.242,3721.497,3688.7,3715.444,207997.0,0.013271092230161454,1.0
2023-05-04 10:00:00,3715.276,3733.694,3710.665,3720.466,81190.0,0.014531244204355073,1.0
2023-05-04 11:00:00,3722.168,3723.911,3690.46,3691.68,68071.0,0.03360556711307593,1.0
2023-05-04 13:00:00,3687.873,3696.926,3673.979,3678.58,84850.0,0.03774527127315436,1.0
2023-05-04 14:00:00,3677.727,3681.909,3666.152,3671.459,91833.0,0.036134408691476654,1.0
2023-05-04 15:00:00,3672.292,3674.152,3670.468,3672.43,2928.0,0.03938754448689291,1.0
2023-05-04 21:00:00,3659.533,3667.091,3611.372,3616.515,200451.0,0.055549334096498974,1.0
2023-05-04 22:00:00,3616.779,3617.733,3606.897,3607.738,67693.0,0.0533223310561909,1.0
2023-05-04 23:00:00,3608.288,3608.5,3606.395,3607.564,4475.0,0.056045020961513134,1.0
2023-05-05 09:00:00,3608.652,3624.949,3601.507,3602.42,104456.0,0.05619083838086613,1.0
2023-05-05 10:00:00,3602.453,3614.637,3587.782,3612.205,99271.0,0.05038030787289202,1.0
2023-05-05 11:00:00,3612.126,3640.627,3610.725,3638.943,87425.0,0.03843506204961161,1.0
2023-05-05 13:00:00,3645.774,3683.914,3636.374,3681.169,174867.0,0.02661708821301059,1.0
2023-05-05 14:00:00,3681.136,3684.673,3663.439,3678.225,126528.0,0.03092116442033865,1.0
2023-05-05 15:00:00,3679.028,3684.254,3678.634,3682.344,4628.0,0.027460769553306234,1.0
2023-05-05 21:00:00,3665.465,3699.768,3665.416,3696.115,142696.0,0.023943248519053197,1.0
2023-05-05 22:00:00,3696.139,3715.166,3688.465,3715.118,89965.0,0.017699572395816193,1.0
2023-05-05 23:00:00,3714.874,3715.147,3712.054,3713.256,3238.0,0.011976551037687735,1.0
2023-05-08 09:00:00,3703.274,3754.994,3680.905,3744.811,313045.0,0.0015389294680025025,0.0
2023-05-08 10:00:00,3744.481,3771.994,3735.943,3760.697,129866.0,-0.0013524088752697278,0.0
2023-05-08 11:00:00,3761.699,3774.457,3755.706,3764.752,58926.0,-0.0011567827044118757,0.0
2023-05-08 13:00:00,3764.996,3777.226,3759.693,3774.529,51545.0,-0.0027086823283117337,0.0
2023-05-08 14:00:00,3774.412,3816.476,3770.797,3815.741,194170.0,-0.02356160965851723,-1.0
2023-05-08 15:00:00,3816.583,3819.483,3814.584,3817.429,8574.0,-0.03284854806729868,-1.0
2023-05-08 21:00:00,3817.539,3824.154,3802.18,3804.125,155895.0,-0.03077291098478621,-1.0
2023-05-08 22:00:00,3804.181,3821.569,3801.462,3817.078,71009.0,-0.03631075917233028,-1.0
2023-05-08 23:00:00,3817.461,3819.532,3816.713,3817.41,2009.0,-0.03566842440293289,-1.0
2023-05-09 09:00:00,3818.701,3822.252,3786.796,3800.111,129134.0,-0.026336862265339114,-1.0
2023-05-09 10:00:00,3799.946,3813.889,3793.947,3809.75,57447.0,-0.02640068245947895,-1.0
2023-05-09 11:00:00,3809.924,3816.502,3803.238,3804.843,34993.0,-0.037687757418637176,-1.0
2023-05-09 13:00:00,3804.335,3805.48,3791.357,3794.189,53801.0,-0.03613499485660837,-1.0
2023-05-09 14:00:00,3794.662,3800.481,3775.664,3778.806,91195.0,-0.03987158906808127,-1.0
2023-05-09 15:00:00,3778.991,3780.387,3777.531,3779.151,2572.0,-0.0351020639291735,-1.0
2023-05-09 21:00:00,3776.164,3793.765,3765.47,3791.96,127671.0,-0.039237228240804244,-1.0
2023-05-09 22:00:00,3791.731,3791.731,3772.993,3783.464,49017.0,-0.03856783096125669,-1.0
2023-05-09 23:00:00,3783.76,3786.873,3781.771,3784.612,2036.0,-0.032066959572077634,-1.0
2023-05-10 09:00:00,3784.334,3805.06,3778.439,3780.874,108354.0,-0.025682421577656347,-1.0
2023-05-10 10:00:00,3780.298,3791.689,3755.704,3757.728,83757.0,-0.02043335760331772,-1.0
2023-05-10 11:00:00,3758.021,3773.752,3747.679,3750.574,62193.0,-0.026510075524439694,-1.0
2023-05-10 13:00:00,3754.568,3761.234,3744.862,3755.611,63992.0,-0.029225337767942425,-1.0
2023-05-10 14:00:00,3756.737,3763.612,3738.441,3760.397,129215.0,-0.0039493170534919885,-1.0
2023-05-10 15:00:00,3760.716,3764.533,3760.59,3764.305,3604.0,-0.004481039660707604,-1.0
2023-05-10 21:00:00,3761.878,3776.77,3718.079,3725.836,165212.0,0.005106504956203197,1.0
2023-05-10 22:00:00,3725.683,3739.56,3690.496,3692.032,136094.0,0.0038588506275134783,1.0
2023-05-10 23:00:00,3692.113,3695.074,3684.634,3687.061,7073.0,0.001783263146446402,0.0
2023-05-11 09:00:00,3688.26,3699.515,3676.163,3678.477,99479.0,0.005136908562973259,1.0
2023-05-11 10:00:00,3678.17,3691.568,3665.639,3681.249,70417.0,0.011294807822019151,1.0
2023-05-11 11:00:00,3681.358,3710.844,3681.358,3700.028,87223.0,0.009334523954953858,1.0
2023-05-11 13:00:00,3703.888,3721.331,3678.879,3709.17,113853.0,0.006717136178713826,1.0
2023-05-11 14:00:00,3709.287,3709.287,3653.544,3661.447,150310.0,0.02011827564348188,1.0
2023-05-11 15:00:00,3660.591,3662.035,3656.561,3657.086,4317.0,0.021438380174816793,1.0
2023-05-11 21:00:00,3640.238,3642.65,3617.958,3628.139,171752.0,0.029779178802135105,1.0
2023-05-11 22:00:00,3627.186,3656.471,3625.592,3646.495,94245.0,0.029316645161998098,1.0
2023-05-11 23:00:00,3646.213,3647.15,3641.205,3643.174,2139.0,0.022044239446153312,1.0
2023-05-12 09:00:00,3643.224,3657.625,3631.195,3637.544,89538.0,0.02283766189494899,1.0
2023-05-12 10:00:00,3636.905,3666.405,3636.905,3663.251,61176.0,0.011938575871541405,1.0
2023-05-12 11:00:00,3663.496,3687.798,3663.489,3683.772,76432.0,0.006692868071096746,1.0
2023-05-12 13:00:00,3684.289,3687.338,3673.199,3680.945,48215.0,0.0078023442349722145,1.0
2023-05-12 14:00:00,3680.977,3681.922,3647.479,3651.146,88385.0,0.018927481946764104,1.0
2023-05-12 15:00:00,3650.034,3652.18,3645.392,3645.852,3976.0,0.020235873535184655,1.0
2023-05-12 21:00:00,3648.459,3749.911,3648.459,3745.546,255440.0,-0.006453798725205824,-1.0
2023-05-12 22:00:00,3745.39,3774.935,3732.713,3747.437,155955.0,-0.0013275740192563367,0.0
2023-05-12 23:00:00,3746.82,3747.85,3742.597,3744.862,2459.0,0.0028177273288041414,0.0
2023-05-15 09:00:00,3733.491,3743.567,3698.714,3706.279,189013.0,0.011183453809062964,1.0
2023-05-15 10:00:00,3705.471,3706.213,3692.926,3693.636,55992.0,0.012851022677924977,1.0
2023-05-15 11:00:00,3693.853,3707.07,3693.852,3697.373,30824.0,0.021378962847405394,1.0
2023-05-15 13:00:00,3705.384,3727.498,3703.432,3722.828,64086.0,0.014018106665148081,1.0
2023-05-15 14:00:00,3722.659,3744.437,3708.442,3734.566,97541.0,0.010340157330195795,1.0
2023-05-15 15:00:00,3735.28,3735.387,3733.1,3734.085,2873.0,0.010473516269715318,1.0
2023-05-15 21:00:00,3735.515,3748.676,3728.55,3735.109,120780.0,0.009661565432227008,1.0
2023-05-15 22:00:00,3735.109,3752.402,3725.316,3735.488,55751.0,0.005856530659447964,1.0
2023-05-15 23:00:00,3736.317,3737.674,3734.531,3736.182,1049.0,0.009391137797890999,1.0
2023-05-16 09:00:00,3736.533,3765.895,3736.089,3753.398,89645.0,-0.0020610657329705856,0.0
2023-05-16 10:00:00,3753.237,3756.007,3713.319,3723.485,97528.0,0.0027240609267930524,0.0
2023-05-16 11:00:00,3723.784,3732.319,3711.504,3720.617,35257.0,0.010211209592387428,1.0
2023-05-16 13:00:00,3721.059,3724.305,3706.985,3706.985,45589.0,0.014533913679175921,1.0
2023-05-16 14:00:00,3706.88,3717.693,3697.141,3708.427,76857.0,0.014011061832955005,1.0
2023-05-16 15:00:00,3709.23,3710.753,3708.182,3709.665,1809.0,0.004617667633061236,1.0
2023-05-16 21:00:00,3712.63,3731.466,3704.455,3720.253,112825.0,0.0008663389290997027,0.0
2023-05-16 22:00:00,3720.055,3720.911,3706.22,3719.629,52511.0,-0.006414349388070672,-1.0
2023-05-16 23:00:00,3718.929,3722.386,3718.862,3721.373,1630.0,0.004545902815976769,1.0
2023-05-17 09:00:00,3721.439,3749.59,3715.979,3742.462,73684.0,-9.61933614823951e-05,0.0
2023-05-17 10:00:00,3742.68,3760.57,3739.417,3755.414,70297.0,-0.010094226628542247,-1.0
2023-05-17 11:00:00,3756.387,3756.577,3744.678,3747.728,25582.0,-0.006618409873928974,-1.0
2023-05-17 13:00:00,3749.965,3752.392,3733.545,3741.103,49467.0,-0.005305119907150433,-1.0
2023-05-17 14:00:00,3740.42,3782.793,3739.627,3776.419,133065.0,-0.015884360289469966,-1.0
2023-05-17 15:00:00,3776.114,3777.054,3773.227,3775.015,5009.0,-0.017987478195450823,-1.0
2023-05-17 21:00:00,3779.548,3792.027,3772.37,3773.182,95387.0,-0.017671026735524533,-1.0
2023-05-17 22:00:00,3772.772,3782.807,3765.516,3773.194,38110.0,-0.021847803213934973,-1.0
2023-05-17 23:00:00,3772.477,3773.273,3770.033,3771.196,983.0,-0.024815734849103585,-1.0
2023-05-18 09:00:00,3770.838,3778.672,3748.764,3757.365,91178.0,-0.024481784442022436,-1.0
2023-05-18 10:00:00,3756.649,3776.817,3755.808,3771.269,51514.0,-0.03309390022297524,-1.0
2023-05-18 11:00:00,3772.007,3775.818,3742.761,3745.662,56489.0,-0.028023083769971688,-1.0
2023-05-18 13:00:00,3741.426,3743.099,3720.321,3733.628,92267.0,-0.023511715682440808,-1.0
2023-05-18 14:00:00,3733.017,3764.916,3730.077,3758.609,100950.0,-0.021687544514473273,-1.0
2023-05-18 15:00:00,3757.76,3762.076,3757.528,3760.862,3469.0,-0.025591207547631337,-1.0
2023-05-18 21:00:00,3749.131,3769.228,3740.836,3760.386,122319.0,-0.02505992735852121,-1.0
2023-05-18 22:00:00,3760.406,3768.255,3715.856,3726.795,101160.0,-0.013952202898200813,-1.0
2023-05-18 23:00:00,3727.225,3727.653,3722.547,3723.476,1981.0,-0.015616590519181576,-1.0
2023-05-19 09:00:00,3722.704,3729.701,3685.16,3695.77,137387.0,-0.011104316556495604,-1.0
2023-05-19 10:00:00,3696.31,3741.403,3689.559,3738.29,126266.0,-0.021251962795823736,-1.0
2023-05-19 11:00:00,3738.206,3751.826,3727.948,3742.102,53544.0,-0.022746306754866566,-1.0
2023-05-19 13:00:00,3739.27,3739.335,3715.645,3717.506,45676.0,-0.01722525800899847,-1.0
2023-05-19 14:00:00,3717.346,3730.953,3709.978,3722.924,60705.0,-0.030685557910932318,-1.0
2023-05-19 15:00:00,3722.107,3724.235,3719.831,3721.256,2036.0,-0.025307584320992678,-1.0
2023-05-19 21:00:00,3725.665,3735.52,3703.484,3716.433,86678.0,-0.024372294616908194,-1.0
2023-05-19 22:00:00,3715.596,3748.411,3699.653,3707.112,122889.0,-0.031672903327441944,-1.0
2023-05-19 23:00:00,3706.546,3707.95,3704.759,3706.506,1713.0,-0.034515524863577667,-1.0
2023-05-22 09:00:00,3700.42,3700.508,3669.79,3690.758,158537.0,-0.029354674568205202,-1.0
2023-05-22 10:00:00,3690.797,3702.565,3674.3,3677.611,69843.0,-0.031154192218807226,-1.0
2023-05-22 11:00:00,3678.323,3688.841,3661.917,3665.378,61507.0,-0.030184062871551027,-1.0
2023-05-22 13:00:00,3665.35,3665.424,3643.293,3646.463,76583.0,-0.025994230573572325,-1.0
2023-05-22 14:00:00,3646.557,3657.136,3630.911,3640.697,122057.0,-0.030539756535630444,-1.0
2023-05-22 15:00:00,3640.594,3645.981,3640.301,3645.844,3060.0,-0.03054381920894042,-1.0
2023-05-22 21:00:00,3641.628,3680.731,3641.628,3677.094,124444.0,-0.03910397721679136,-1.0
2023-05-22 22:00:00,3678.302,3692.845,3661.52,3664.617,89607.0,-0.03076992766229055,-1.0
2023-05-22 23:00:00,3663.709,3667.265,3663.67,3666.151,1520.0,-0.02830925403781788,-1.0
2023-05-23 09:00:00,3664.928,3689.534,3664.523,3674.798,87733.0,-0.03044929272302858,-1.0
2023-05-23 10:00:00,3674.066,3681.546,3654.23,3665.328,57842.0,-0.03838073973188754,-1.0
2023-05-23 11:00:00,3665.541,3665.541,3647.499,3654.731,35147.0,-0.03405284821235822,-1.0
2023-05-23 13:00:00,3654.909,3662.553,3644.589,3658.844,42403.0,-0.03461202500024595,-1.0
2023-05-23 14:00:00,3658.06,3670.422,3639.509,3656.983,94327.0,-0.039361681473498826,-1.0
2023-05-23 15:00:00,3657.607,3664.128,3653.471,3653.471,6864.0,-0.03062539705392492,-1.0
2023-05-23 21:00:00,3650.796,3662.655,3602.961,3608.684,178943.0,-0.017800949044028316,-1.0
2023-05-23 22:00:00,3608.474,3638.688,3600.624,3627.08,88883.0,-0.024877587480838504,-1.0
2023-05-23 23:00:00,3626.552,3627.744,3624.212,3625.855,1251.0,-0.025050643227597334,-1.0
2023-05-24 09:00:00,3622.31,3624.669,3588.804,3589.697,120396.0,-0.006031706854366829,-1.0
2023-05-24 10:00:00,3589.645,3593.387,3577.767,3578.574,87066.0,0.002034888757365407,0.0
2023-05-24 11:00:00,3578.481,3587.626,3575.311,3582.417,39909.0,0.008951777528969956,1.0
2023-05-24 13:00:00,3580.166,3580.393,3555.465,3563.038,73617.0,0.011893782777506206,1.0
2023-05-24 14:00:00,3563.105,3572.791,3548.268,3554.742,98414.0,0.018001025109557887,1.0
2023-05-24 15:00:00,3554.862,3555.243,3551.676,3551.676,3831.0,0.016473912597883427,1.0
2023-05-24 21:00:00,3545.707,3546.146,3517.711,3529.511,165000.0,0.022403386758108948,1.0
2023-05-24 22:00:00,3529.62,3542.837,3523.276,3534.486,52850.0,0.01619782904784464,1.0
2023-05-24 23:00:00,3533.34,3534.642,3531.368,3533.305,1186.0,0.02291395732890311,1.0
2023-05-25 09:00:00,3535.004,3553.373,3531.761,3551.857,96559.0,0.01574134319033679,1.0
2023-05-25 10:00:00,3551.91,3590.744,3547.09,3562.365,165971.0,0.01370971250840394,1.0
2023-05-25 11:00:00,3561.713,3565.478,3554.064,3562.903,33335.0,0.015407099210952483,1.0
2023-05-25 13:00:00,3558.134,3560.125,3521.745,3524.65,82843.0,0.026345027165817873,1.0
2023-05-25 14:00:00,3523.876,3536.091,3515.125,3530.277,128960.0,0.02457795804691808,1.0
2023-05-25 15:00:00,3531.19,3533.512,3529.31,3532.204,2709.0,0.021854626742962666,1.0
2023-05-25 21:00:00,3523.506,3537.558,3506.585,3513.038,164766.0,0.026772838779426836,1.0
2023-05-25 22:00:00,3513.624,3560.156,3507.112,3541.582,136281.0,0.018692211559692893,1.0
2023-05-25 23:00:00,3542.852,3544.974,3541.694,3544.446,1230.0,0.013602972086469971,1.0
2023-05-26 09:00:00,3545.487,3559.566,3525.407,3536.847,111264.0,0.012010980401470509,1.0
2023-05-26 10:00:00,3535.836,3548.615,3530.173,3535.025,46287.0,0.008058217410060714,1.0
2023-05-26 11:00:00,3534.67,3574.782,3530.977,3568.045,76424.0,0.0013718997378115976,0.0
2023-05-26 13:00:00,3578.958,3616.059,3578.928,3585.856,185117.0,-0.004232741080511972,-1.0
2023-05-26 14:00:00,3586.291,3624.323,3586.258,3614.486,134438.0,-0.020277295305611894,-1.0
2023-05-26 15:00:00,3614.561,3615.379,3605.416,3605.416,5343.0,-0.018144369470818378,-1.0
2023-05-26 21:00:00,3605.064,3641.402,3601.678,3618.731,154714.0,-0.02192840528903642,-1.0
2023-05-26 22:00:00,3617.942,3623.604,3605.41,3610.186,58297.0,-0.01628254056716201,-1.0
2023-05-26 23:00:00,3610.09,3610.967,3608.584,3608.584,2460.0,-0.018412485340510227,-1.0
2023-05-29 09:00:00,3607.044,3611.076,3576.136,3591.737,136589.0,-0.010876631557377463,-1.0
2023-05-29 10:00:00,3591.925,3624.031,3589.217,3614.267,101108.0,-0.00908759646146779,-1.0
2023-05-29 11:00:00,3614.39,3621.196,3598.629,3607.768,44226.0,-0.009011111579236862,-1.0
2023-05-29 13:00:00,3606.542,3613.152,3593.245,3611.204,42848.0,-0.009608429764699064,-1.0
2023-05-29 14:00:00,3610.445,3621.568,3598.146,3617.797,94185.0,-0.008139207368462053,-1.0
2023-05-29 15:00:00,3616.918,3620.752,3616.534,3617.507,2954.0,-0.0017738735543566097,0.0
2023-05-29 21:00:00,3617.221,3631.814,3613.231,3617.044,91089.0,-0.0006256490106285464,0.0
2023-05-29 22:00:00,3617.051,3621.234,3606.508,3609.399,39650.0,0.002492381695678448,0.0
2023-05-29 23:00:00,3609.476,3611.397,3605.925,3607.092,1662.0,0.004744542140871381,1.0
2023-05-30 09:00:00,3608.583,3624.182,3599.424,3607.782,91617.0,0.007303933552526083,1.0
2023-05-30 10:00:00,3608.184,3610.346,3591.809,3592.661,53138.0,0.01390640530793186,1.0
2023-05-30 11:00:00,3591.8,3597.421,3578.35,3579.328,48991.0,0.021407090939975337,1.0
2023-05-30 13:00:00,3578.89,3579.986,3559.519,3563.511,93062.0,0.02665657549534714,1.0
2023-05-30 14:00:00,3563.192,3592.838,3560.697,3572.94,122619.0,0.01807615017324669,1.0
2023-05-30 15:00:00,3572.681,3572.974,3569.845,3570.678,2638.0,0.017738367895396952,1.0
2023-05-30 21:00:00,3564.115,3567.75,3539.267,3541.194,156011.0,0.025826034947534625,1.0
2023-05-30 22:00:00,3541.196,3554.492,3539.155,3539.998,67997.0,0.03026470636424093,1.0
2023-05-30 23:00:00,3539.712,3540.961,3537.818,3539.378,2390.0,0.035840195650196124,1.0
2023-05-31 09:00:00,3541.04,3560.104,3532.247,3551.403,101703.0,0.04627213526597802,1.0
2023-05-31 10:00:00,3551.588,3555.094,3533.813,3542.141,50037.0,0.04969310933698009,1.0
2023-05-31 11:00:00,3541.741,3557.72,3539.183,3552.671,31905.0,0.04552630964139383,1.0
2023-05-31 13:00:00,3553.777,3584.079,3549.068,3581.422,99492.0,0.03738291661803608,1.0
2023-05-31 14:00:00,3581.701,3584.729,3568.737,3575.258,79282.0,0.04556985817527014,1.0
2023-05-31 15:00:00,3573.891,3576.772,3572.027,3576.506,2408.0,0.04772171499222989,1.0
2023-05-31 21:00:00,3561.561,3601.983,3559.241,3588.351,130546.0,0.044911715715658836,1.0
2023-05-31 22:00:00,3589.342,3614.87,3587.228,3611.09,74600.0,0.04436499782614105,1.0
2023-05-31 23:00:00,3611.326,3615.011,3610.919,3614.781,1823.0,0.03986769876238694,1.0
2023-06-01 09:00:00,3614.578,3620.113,3590.829,3618.395,91630.0,0.03692963316608613,1.0
2023-06-01 10:00:00,3618.127,3640.747,3615.146,3624.206,130149.0,0.038981779733271174,1.0
2023-06-01 11:00:00,3624.825,3636.465,3618.148,3634.133,47005.0,0.033361464756518334,1.0
2023-06-01 13:00:00,3635.491,3650.186,3634.063,3642.622,82777.0,0.031447127920492486,1.0
2023-06-01 14:00:00,3643.178,3659.454,3638.654,3655.951,122654.0,0.030882799030949797,1.0
2023-06-01 15:00:00,3657.429,3661.709,3654.715,3658.502,5774.0,0.032027042762310866,1.0
2023-06-01 21:00:00,3654.311,3654.311,3628.835,3637.525,116314.0,0.037935959203029515,1.0
2023-06-01 22:00:00,3637.505,3643.759,3631.615,3634.016,41799.0,0.03256892649894766,1.0
2023-06-01 23:00:00,3633.443,3635.309,3632.29,3632.649,1236.0,0.040585809418966765,1.0
2023-06-02 09:00:00,3635.897,3647.298,3625.647,3647.135,84389.0,0.039138940565676864,1.0
2023-06-02 10:00:00,3646.542,3668.405,3637.37,3666.23,82395.0,0.03086331190350852,1.0
2023-06-02 11:00:00,3666.263,3730.539,3664.493,3715.734,225600.0,0.011289828604523433,1.0
2023-06-02 13:00:00,3712.12,3721.842,3708.651,3718.161,74945.0,0.010466464469935585,1.0
2023-06-02 14:00:00,3717.824,3738.229,3710.648,3714.411,163695.0,0.007302369070089389,1.0
2023-06-02 15:00:00,3715.145,3717.396,3713.38,3715.306,4221.0,0.004958407194454515,1.0
2023-06-02 21:00:00,3721.816,3740.275,3715.324,3738.182,144931.0,-0.00010673637613146906,0.0
2023-06-02 22:00:00,3738.342,3760.703,3734.545,3747.183,105352.0,0.0040998798297280465,1.0
2023-06-02 23:00:00,3746.422,3749.842,3746.031,3749.51,2386.0,-0.0010782742278324688,0.0
2023-06-05 09:00:00,3770.126,3798.615,3744.315,3771.296,231326.0,-0.01060325150823479,-1.0
2023-06-05 10:00:00,3771.278,3775.079,3756.059,3758.894,57505.0,-0.013562766068955328,-1.0
2023-06-05 11:00:00,3759.473,3775.851,3749.088,3752.021,52170.0,-0.010270198381085848,-1.0
2023-06-05 13:00:00,3753.624,3769.988,3737.293,3765.484,64515.0,-0.013717758460798132,-1.0
2023-06-05 14:00:00,3765.377,3771.278,3750.436,3755.373,76269.0,-0.0015630937326331874,0.0
2023-06-05 15:00:00,3756.232,3760.534,3754.723,3757.172,2670.0,-0.0003350924578379735,0.0
2023-06-05 21:00:00,3755.564,3771.83,3745.914,3768.857,91465.0,-0.0028860208811318532,0.0
2023-06-05 22:00:00,3767.864,3784.833,3766.257,3775.673,64626.0,-0.006622395530545126,-1.0
2023-06-05 23:00:00,3775.768,3776.915,3774.573,3775.518,1394.0,-0.007484800761114108,-1.0
2023-06-06 09:00:00,3774.502,3774.502,3750.008,3752.372,70038.0,-0.007949105259286653,-1.0
2023-06-06 10:00:00,3752.619,3781.923,3751.874,3780.083,76329.0,-0.01500919424256025,-1.0
2023-06-06 11:00:00,3780.212,3791.188,3774.408,3789.88,50656.0,-0.012382713964558267,-1.0
2023-06-06 13:00:00,3789.499,3796.198,3777.476,3779.382,65233.0,-0.009691796171966714,-1.0
2023-06-06 14:00:00,3779.234,3796.015,3752.464,3757.684,107277.0,0.0023157881290709306,0.0
2023-06-06 15:00:00,3757.659,3759.322,3754.606,3757.077,3151.0,0.005316100787926346,1.0
2023-06-06 21:00:00,3758.008,3770.445,3734.046,3741.535,131636.0,0.009786357738201029,1.0
2023-06-06 22:00:00,3740.748,3756.211,3727.93,3733.728,89306.0,0.011714029516879665,1.0
2023-06-06 23:00:00,3733.881,3738.601,3732.885,3737.783,1572.0,0.010767077703547769,1.0
2023-06-07 09:00:00,3739.637,3764.318,3736.232,3762.546,81801.0,0.006462113685786248,1.0
2023-06-07 10:00:00,3762.481,3764.506,3738.159,3745.467,71209.0,0.012545832068470975,1.0
2023-06-07 11:00:00,3746.136,3747.009,3729.253,3731.308,42468.0,0.02146807500211717,1.0
2023-06-07 13:00:00,3731.975,3742.985,3707.117,3707.913,110503.0,0.028784386257174863,1.0
2023-06-07 14:00:00,3707.028,3717.843,3679.349,3713.487,218534.0,0.024312728171661798,1.0
2023-06-07 15:00:00,3713.104,3714.924,3711.305,3713.83,3342.0,0.02415296338281512,1.0
2023-06-07 21:00:00,3738.752,3751.364,3720.16,3749.503,123700.0,0.013200682863835456,1.0
2023-06-07 22:00:00,3749.321,3765.923,3744.681,3755.913,81500.0,0.001454772780945656,0.0
2023-06-07 23:00:00,3756.714,3759.533,3754.121,3757.98,1546.0,-0.0013158665027488607,0.0
2023-06-08 09:00:00,3757.98,3770.122,3749.845,3750.669,83026.0,-0.0017028962033172525,0.0
2023-06-08 10:00:00,3750.425,3761.609,3743.529,3747.259,48029.0,0.00012542501065440097,0.0
2023-06-08 11:00:00,3747.113,3753.175,3718.958,3722.544,59539.0,0.00871151556569918,1.0
2023-06-08 13:00:00,3722.505,3753.571,3719.93,3723.347,73667.0,0.008823512823274223,1.0
2023-06-08 14:00:00,3723.231,3743.728,3722.478,3742.951,80439.0,0.005076208585151128,1.0
2023-06-08 15:00:00,3741.841,3743.949,3738.489,3742.753,3745.0,0.008463556104289992,1.0
2023-06-08 21:00:00,3747.236,3781.134,3746.629,3766.386,140177.0,0.0031842195675111204,1.0
2023-06-08 22:00:00,3765.583,3783.978,3764.708,3777.05,54850.0,0.0039059583537415974,1.0
2023-06-08 23:00:00,3777.278,3780.07,3776.708,3778.151,1389.0,0.013059298053465875,1.0
2023-06-09 09:00:00,3780.904,3806.052,3770.561,3777.465,134013.0,0.01126549153996128,1.0
2023-06-09 10:00:00,3777.585,3784.316,3770.322,3778.028,42478.0,0.013288678643991095,1.0
2023-06-09 11:00:00,3778.573,3797.496,3775.387,3786.86,38725.0,0.013398435643250562,1.0
2023-06-09 13:00:00,3784.501,3796.364,3772.965,3792.457,50300.0,0.012532244927233255,1.0
2023-06-09 14:00:00,3792.609,3820.796,3787.106,3811.412,163338.0,0.006953853322600748,1.0
2023-06-09 15:00:00,3811.246,3816.311,3810.751,3814.643,3779.0,0.004621140169604378,1.0
2023-06-09 21:00:00,3803.711,3811.732,3792.536,3803.772,83700.0,0.00785746359140346,1.0
2023-06-09 22:00:00,3803.707,3830.039,3801.572,3803.53,96853.0,0.007965495211027657,1.0
2023-06-09 23:00:00,3803.58,3803.902,3798.211,3798.999,2759.0,0.007479865090777905,1.0
2023-06-12 09:00:00,3792.433,3792.433,3757.5,3761.377,158887.0,0.02107180428869534,1.0
2023-06-12 10:00:00,3761.27,3765.018,3747.759,3753.035,85636.0,0.021690978101723046,1.0
2023-06-12 11:00:00,3753.217,3757.376,3742.554,3744.282,37187.0,0.02631238779557729,1.0
2023-06-12 13:00:00,3750.392,3762.435,3745.429,3747.729,48900.0,0.024169036768667152,1.0
2023-06-12 14:00:00,3747.671,3756.77,3731.264,3754.973,91689.0,0.025102710458903492,1.0
2023-06-12 15:00:00,3754.293,3757.245,3753.199,3756.2,2107.0,0.026090996219583665,1.0
2023-06-12 21:00:00,3762.549,3776.659,3754.593,3761.951,92658.0,0.024074476249159014,1.0
2023-06-12 22:00:00,3761.751,3774.773,3746.096,3774.43,53175.0,0.018431922171029843,1.0
2023-06-12 23:00:00,3774.709,3779.117,3773.06,3778.379,4609.0,0.01048968353889327,1.0
2023-06-13 09:00:00,3775.853,3794.431,3773.029,3791.803,89522.0,0.012432871644439342,1.0
2023-06-13 10:00:00,3792.599,3827.81,3773.645,3827.491,163639.0,0.0041619954168409115,1.0
2023-06-13 11:00:00,3827.861,3833.848,3808.525,3820.02,108349.0,0.007932942759462016,1.0
2023-06-13 13:00:00,3819.77,3830.775,3813.482,3828.233,67041.0,0.006475049977365539,1.0
2023-06-13 14:00:00,3828.378,3840.463,3824.34,3837.598,111875.0,0.007967483827123117,1.0
2023-06-13 15:00:00,3838.16,3842.945,3836.904,3839.985,3706.0,0.0038729317953064514,1.0
2023-06-13 21:00:00,3835.188,3844.552,3832.037,3837.916,95703.0,0.003952926536172189,1.0
2023-06-13 22:00:00,3837.179,3841.758,3828.467,3832.271,36542.0,0.010626075243634845,1.0
2023-06-13 23:00:00,3833.113,3834.294,3831.07,3833.66,1280.0,0.013225220807270344,1.0
2023-06-14 09:00:00,3833.736,3835.737,3817.235,3833.827,82238.0,0.013712929665318717,1.0
2023-06-14 10:00:00,3833.961,3836.752,3820.976,3827.415,44462.0,0.015871547767879846,1.0
2023-06-14 11:00:00,3826.375,3841.532,3823.821,3840.636,34142.0,0.012184961032495719,1.0
2023-06-14 13:00:00,3838.713,3856.794,3828.387,3834.442,101209.0,0.014259180344884582,1.0
2023-06-14 14:00:00,3834.481,3843.674,3818.223,3842.803,108683.0,0.008710568821768891,1.0
2023-06-14 15:00:00,3842.719,3843.456,3836.835,3838.308,2238.0,0.01495606918465114,1.0
2023-06-14 21:00:00,3841.957,3866.628,3841.957,3849.233,97025.0,0.011920037056733071,1.0
2023-06-14 22:00:00,3848.92,3871.127,3847.898,3854.203,61363.0,0.005243885700882968,1.0
2023-06-14 23:00:00,3853.968,3856.02,3852.252,3852.518,1532.0,-0.004074218472178433,-1.0
2023-06-15 09:00:00,3851.237,3854.024,3827.945,3844.0,92222.0,-6.0093652445427135e-05,0.0
2023-06-15 10:00:00,3843.721,3857.341,3816.334,3818.013,72468.0,0.01081714493900366,1.0
2023-06-15 11:00:00,3818.244,3840.548,3817.518,3838.946,41910.0,0.0022836997446695735,0.0
2023-06-15 13:00:00,3837.874,3845.754,3831.742,3843.421,53630.0,-6.296473896555554e-05,0.0
2023-06-15 14:00:00,3844.205,3858.801,3840.545,3850.324,96469.0,-0.0034282829185284854,-1.0
2023-06-15 15:00:00,3850.337,3853.886,3849.989,3853.021,2425.0,-0.005293768188649994,-1.0
2023-06-15 21:00:00,3856.888,3869.152,3848.022,3868.174,96732.0,-0.010295555473978115,-1.0
2023-06-15 22:00:00,3868.973,3870.2,3851.787,3854.857,50110.0,-0.005257263758422187,-1.0
2023-06-15 23:00:00,3854.877,3855.015,3852.017,3853.087,1309.0,-0.010438902625349546,-1.0
2023-06-16 09:00:00,3851.463,3880.451,3847.624,3872.993,104124.0,-0.014372863570886834,-1.0
2023-06-16 10:00:00,3873.16,3885.242,3866.737,3884.361,72718.0,-0.014179423591164668,-1.0
2023-06-16 11:00:00,3885.21,3888.629,3870.122,3886.4,39296.0,-0.01596824825030882,-1.0
2023-06-16 13:00:00,3885.513,3895.392,3879.287,3888.162,60117.0,-0.015923204845888574,-1.0
2023-06-16 14:00:00,3888.162,3895.321,3878.699,3887.434,73763.0,-0.02180152769153133,-1.0
2023-06-16 15:00:00,3886.75,3889.52,3886.301,3889.118,2464.0,-0.026487496650911574,-1.0
2023-06-16 21:00:00,3888.601,3891.291,3851.876,3876.276,170753.0,-0.024090131868834845,-1.0
2023-06-16 22:00:00,3876.707,3897.952,3875.711,3895.714,73727.0,-0.0192154762900972,-1.0
2023-06-16 23:00:00,3895.448,3896.444,3893.559,3895.116,3921.0,-0.022934618635234504,-1.0
2023-06-19 09:00:00,3883.599,3884.654,3862.308,3874.414,119672.0,-0.014394951081634638,-1.0
2023-06-19 10:00:00,3875.734,3877.203,3832.951,3836.822,84207.0,-0.0118293212455517,-1.0
2023-06-19 11:00:00,3836.267,3852.32,3829.636,3843.769,65990.0,-0.01678092518046739,-1.0
2023-06-19 13:00:00,3844.361,3863.814,3835.992,3859.313,56210.0,-0.021187449683402262,-1.0
2023-06-19 14:00:00,3858.976,3859.794,3836.571,3847.713,63219.0,-0.030026667789411553,-1.0
2023-06-19 15:00:00,3848.457,3848.476,3842.752,3843.179,2764.0,-0.02960231620749392,-1.0
2023-06-19 21:00:00,3859.511,3859.511,3823.548,3837.124,127277.0,-0.02412353627352142,-1.0
2023-06-19 22:00:00,3837.771,3840.808,3812.805,3832.624,81732.0,-0.025427487799481435,-1.0
2023-06-19 23:00:00,3832.678,3833.491,3827.919,3828.349,2041.0,-0.022492463461403434,-1.0
2023-06-20 09:00:00,3831.265,3854.115,3828.557,3834.591,89219.0,-0.02281807890333025,-1.0
2023-06-20 10:00:00,3834.323,3835.381,3807.278,3812.865,88210.0,-0.01379094198194786,-1.0
2023-06-20 11:00:00,3812.056,3824.034,3801.958,3817.327,52686.0,-0.015917420750174185,-1.0
2023-06-20 13:00:00,3816.124,3833.218,3812.496,3829.283,36096.0,-0.018822583757847035,-1.0
2023-06-20 14:00:00,3829.509,3835.397,3820.558,3824.341,56433.0,-0.010767345275957317,-1.0
2023-06-20 15:00:00,3824.322,3826.331,3823.217,3826.25,2049.0,-0.00918784710878803,-1.0
2023-06-20 21:00:00,3826.725,3827.785,3795.193,3802.682,102412.0,0.0018108272003813158,0.0
2023-06-20 22:00:00,3802.382,3802.392,3777.647,3786.105,111542.0,0.012240548003819242,1.0
2023-06-20 23:00:00,3785.601,3786.798,3782.79,3782.896,1276.0,0.010248761795196057,1.0
2023-06-21 09:00:00,3782.957,3824.714,3782.167,3820.856,112459.0,0.0007516640250247178,0.0
2023-06-21 10:00:00,3821.027,3825.828,3804.915,3805.783,48564.0,0.0020437318680545497,0.0
2023-06-21 11:00:00,3805.069,3821.725,3805.069,3818.642,26024.0,0.001643778076080461,0.0
2023-06-21 13:00:00,3815.289,3815.303,3785.762,3791.435,58557.0,0.009160120112833273,1.0
2023-06-21 14:00:00,3791.445,3798.158,3773.373,3779.267,111783.0,0.010812943356476331,1.0
2023-06-21 15:00:00,3778.87,3780.719,3776.636,3777.544,3295.0,0.004827210483848799,1.0
2023-06-26 09:00:00,3744.167,3758.336,3724.756,3732.179,245288.0,0.01680251670672817,1.0
2023-06-26 10:00:00,3733.831,3736.673,3725.9,3729.412,77287.0,0.020196749514400692,1.0
2023-06-26 11:00:00,3729.509,3750.3,3724.083,3744.559,47017.0,0.01844569680969105,1.0
2023-06-26 13:00:00,3743.367,3743.924,3733.296,3735.17,42788.0,0.021333968735024147,1.0
2023-06-26 14:00:00,3734.937,3753.124,3728.117,3742.24,84264.0,0.017803775278977352,1.0
2023-06-26 15:00:00,3741.694,3750.899,3741.494,3747.093,3507.0,0.010042985322221804,1.0
2023-06-26 21:00:00,3744.046,3765.23,3744.046,3760.282,92200.0,0.006925544413956165,1.0
2023-06-26 22:00:00,3760.987,3763.67,3752.067,3756.565,35586.0,0.01832392092243846,1.0
2023-06-26 23:00:00,3756.536,3757.771,3754.678,3757.206,1349.0,0.012383936361221608,1.0
2023-06-27 09:00:00,3761.331,3787.911,3757.059,3783.163,101092.0,0.009248345894691777,1.0
2023-06-27 10:00:00,3783.132,3794.384,3770.242,3791.095,78963.0,0.0012439677718443746,0.0
2023-06-27 11:00:00,3792.001,3811.122,3790.047,3809.568,98328.0,-0.0009027270283665512,0.0
2023-06-27 13:00:00,3811.502,3838.219,3810.451,3832.449,115415.0,-0.007162521927884826,-1.0
2023-06-27 14:00:00,3833.325,3838.398,3812.389,3821.666,104434.0,0.004893415594141409,1.0
2023-06-27 15:00:00,3821.818,3824.463,3820.03,3823.728,4421.0,0.004551840507483729,1.0
2023-06-27 21:00:00,3820.659,3828.745,3811.636,3813.561,97266.0,0.0077607254741696805,1.0
2023-06-27 22:00:00,3814.317,3835.212,3813.491,3824.919,48974.0,0.007959122794495834,1.0
2023-06-27 23:00:00,3825.6,3827.822,3824.508,3826.165,1268.0,0.008706106506123011,1.0
2023-06-28 09:00:00,3826.884,3830.215,3807.171,3820.132,77527.0,0.006780917518033407,1.0
2023-06-28 10:00:00,3819.343,3821.244,3791.118,3795.779,105781.0,0.008465982872027118,1.0
2023-06-28 11:00:00,3795.923,3804.203,3792.998,3794.889,29251.0,0.004401973285648125,1.0
2023-06-28 13:00:00,3793.733,3813.66,3783.976,3804.734,58289.0,0.0023867634373388865,0.0
2023-06-28 14:00:00,3804.474,3817.048,3801.994,3813.63,72931.0,0.0021425780686641915,0.0
2023-06-28 15:00:00,3814.326,3815.378,3812.084,3814.856,2850.0,0.00021861899898707385,0.0
2023-06-28 21:00:00,3809.893,3813.745,3786.473,3808.866,93624.0,0.001433760074520931,0.0
2023-06-28 22:00:00,3808.82,3812.254,3783.846,3784.725,50575.0,0.004638381916783991,1.0
2023-06-28 23:00:00,3785.256,3787.378,3784.446,3786.324,1588.0,0.008742516488287812,1.0
2023-06-29 09:00:00,3782.436,3831.412,3779.75,3825.4,106056.0,-0.0012307209703560631,0.0
2023-06-29 10:00:00,3825.569,3826.448,3800.176,3803.735,50712.0,0.010736289462856834,1.0
2023-06-29 11:00:00,3803.929,3820.273,3801.175,3818.151,45933.0,0.0074237503964616,1.0
2023-06-29 13:00:00,3814.797,3815.907,3787.553,3795.811,86449.0,0.013526226674615739,1.0
2023-06-29 14:00:00,3796.037,3814.63,3795.227,3806.129,66661.0,0.013238384721064412,1.0
2023-06-29 15:00:00,3806.14,3807.04,3803.103,3804.999,1605.0,0.011779766564984674,1.0
2023-06-29 21:00:00,3804.501,3844.478,3804.501,3840.367,120234.0,0.002742446229748276,0.0
2023-06-29 22:00:00,3840.53,3848.053,3832.654,3841.133,65378.0,0.004256556594109177,1.0
2023-06-29 23:00:00,3841.198,3844.485,3840.367,3843.157,2350.0,0.00866397079276231,1.0
2023-06-30 09:00:00,3845.701,3857.046,3837.637,3855.362,79850.0,0.002278125893236459,0.0
2023-06-30 10:00:00,3855.2,3861.223,3844.246,3859.476,59750.0,-0.0043837557222794815,-1.0
2023-06-30 11:00:00,3860.356,3860.356,3844.89,3846.036,31148.0,0.0020254620601575135,0.0
2023-06-30 13:00:00,3845.974,3848.684,3825.134,3827.914,51031.0,0.007239974565781765,1.0
2023-06-30 14:00:00,3828.279,3832.479,3798.037,3811.594,148887.0,0.01104131237482272,1.0
2023-06-30 15:00:00,3811.533,3813.874,3807.549,3813.815,5158.0,0.010769531296090625,1.0
2023-06-30 21:00:00,3812.336,3827.361,3802.085,3821.801,91889.0,0.008253176970752773,1.0
2023-06-30 22:00:00,3822.68,3833.277,3814.024,3815.69,44161.0,0.0036383982975555693,1.0
2023-06-30 23:00:00,3815.19,3816.824,3814.015,3814.327,2048.0,0.005543048616439957,1.0
2023-07-03 09:00:00,3806.799,3812.592,3789.177,3802.28,121438.0,0.006477166331779801,1.0
2023-07-03 10:00:00,3801.679,3825.333,3789.86,3819.426,92174.0,0.0036432175934289508,1.0
2023-07-03 11:00:00,3820.306,3825.38,3800.277,3820.692,62247.0,0.005184139417676114,1.0
2023-07-03 13:00:00,3821.114,3854.055,3817.708,3844.573,101117.0,-0.0011699608773198082,0.0
2023-07-03 14:00:00,3844.311,3863.23,3836.68,3846.496,108353.0,0.0029049815728392743,0.0
2023-07-03 15:00:00,3845.775,3847.55,3844.43,3847.154,2636.0,0.0016058624115384732,0.0
2023-07-03 21:00:00,3846.045,3869.048,3845.699,3856.516,108269.0,-0.0003648370705580251,0.0
2023-07-03 22:00:00,3855.93,3859.431,3844.666,3849.821,41907.0,0.0035349695479348063,1.0
2023-07-03 23:00:00,3850.247,3851.51,3849.181,3850.899,758.0,-0.003758862540928731,-1.0
2023-07-04 09:00:00,3852.769,3864.052,3841.25,3857.483,74057.0,-0.007192254638581723,-1.0
2023-07-04 10:00:00,3858.44,3878.51,3852.233,3876.454,84735.0,-0.010411835146244565,-1.0
2023-07-04 11:00:00,3876.467,3877.173,3857.893,3864.145,41956.0,-0.0042296549430728015,-1.0
2023-07-04 13:00:00,3862.575,3863.512,3839.866,3842.557,45976.0,0.0016455188563241406,0.0
2023-07-04 14:00:00,3841.873,3857.187,3839.842,3853.826,54334.0,-0.0030229699005611802,-1.0
2023-07-04 15:00:00,3853.966,3855.684,3853.496,3855.628,1622.0,-0.005898649973493277,-1.0
2023-07-04 21:00:00,3865.61,3867.912,3846.211,3853.679,77433.0,-0.0061826633718065314,-1.0
2023-07-04 22:00:00,3852.951,3863.352,3850.64,3854.888,33598.0,-0.0033451036709756504,-1.0
2023-07-04 23:00:00,3855.01,3856.025,3853.017,3853.343,667.0,-0.0005880608084978736,0.0
2023-07-05 09:00:00,3852.603,3859.791,3824.752,3829.573,95344.0,0.004203601811481321,1.0
2023-07-05 10:00:00,3830.237,3847.017,3826.905,3835.47,54852.0,-0.0012496512813291892,0.0
2023-07-05 11:00:00,3835.381,3836.842,3825.612,3826.908,52744.0,-0.01788075386186443,-1.0
2023-07-05 13:00:00,3828.305,3836.933,3825.344,3833.341,27042.0,-0.020161785763384944,-1.0
2023-07-05 14:00:00,3833.318,3848.433,3829.35,3840.499,65997.0,-0.0173115524831538,-1.0
2023-07-05 15:00:00,3840.475,3841.665,3838.602,3840.075,1903.0,-0.016080154684478768,-1.0
2023-07-05 21:00:00,3839.182,3861.098,3832.522,3857.67,87975.0,-0.020576150889008184,-1.0
2023-07-05 22:00:00,3857.782,3858.703,3846.913,3853.332,30678.0,-0.014526129593816392,-1.0
2023-07-05 23:00:00,3853.803,3856.256,3852.535,3855.109,1098.0,-0.019347312877534665,-1.0
2023-07-06 09:00:00,3852.159,3870.605,3851.85,3863.43,64904.0,-0.02589848916636248,-1.0
2023-07-06 10:00:00,3862.339,3864.035,3833.615,3836.424,70324.0,-0.02257440783396205,-1.0
2023-07-06 11:00:00,3836.424,3837.373,3826.191,3829.739,42949.0,-0.02119700585340152,-1.0
2023-07-06 13:00:00,3830.193,3839.063,3824.376,3836.093,41288.0,-0.02308416401792133,-1.0
2023-07-06 14:00:00,3837.128,3853.314,3836.056,3847.801,69427.0,-0.019865372455592195,-1.0
2023-07-06 15:00:00,3848.678,3849.75,3846.723,3848.88,1984.0,-0.019839797551495585,-1.0
2023-07-06 21:00:00,3848.986,3860.458,3837.432,3842.176,81311.0,-0.018706066562281333,-1.0
2023-07-06 22:00:00,3841.439,3847.015,3832.06,3832.885,46424.0,-0.01800080096324318,-1.0
2023-07-06 23:00:00,3832.796,3832.809,3829.529,3829.853,3621.0,-0.011821341445742144,-1.0
2023-07-07 09:00:00,3831.18,3846.441,3827.951,3841.993,66540.0,-0.015783995441948966,-1.0
2023-07-07 10:00:00,3841.918,3851.973,3831.068,3851.077,54046.0,-0.02300343514294837,-1.0
2023-07-07 11:00:00,3851.949,3855.048,3842.64,3845.671,36773.0,-0.019381273125028027,-1.0
2023-07-07 13:00:00,3848.492,3853.878,3829.775,3830.677,48899.0,-0.015553908617197517,-1.0
2023-07-07 14:00:00,3830.561,3831.64,3756.868,3758.48,348690.0,0.008119239692641727,1.0
2023-07-07 15:00:00,3757.819,3760.926,3755.218,3756.054,9726.0,0.0063548074654942895,1.0
2023-07-07 21:00:00,3758.618,3779.396,3755.747,3774.014,137518.0,0.0018161034908720038,0.0
2023-07-07 22:00:00,3774.07,3782.729,3769.068,3778.326,51612.0,0.0012153530425908453,0.0
2023-07-07 23:00:00,3778.925,3779.991,3776.997,3778.294,2312.0,0.0007445159111493446,0.0
2023-07-10 09:00:00,3778.206,3804.223,3776.381,3797.358,123581.0,-0.004267967360464917,-1.0
2023-07-10 10:00:00,3797.358,3804.142,3775.551,3780.523,74130.0,0.003430742254444636,1.0
2023-07-10 11:00:00,3780.386,3786.98,3759.693,3763.373,51358.0,0.011276586190101301,1.0
2023-07-10 13:00:00,3760.399,3760.487,3748.01,3749.819,79471.0,0.015454345929763549,1.0
2023-07-10 14:00:00,3749.521,3762.456,3743.967,3748.56,98095.0,0.017615297607614697,1.0
2023-07-10 15:00:00,3748.824,3749.142,3743.347,3747.54,2869.0,0.017362589858947473,1.0
2023-07-10 21:00:00,3747.603,3777.595,3747.603,3771.363,88592.0,0.01110792039907065,1.0
2023-07-10 22:00:00,3770.712,3778.403,3762.991,3772.519,43199.0,0.012883964268967239,1.0
2023-07-10 23:00:00,3772.268,3772.584,3769.345,3770.304,1050.0,0.008538568773234136,1.0
2023-07-11 09:00:00,3771.127,3773.067,3752.803,3763.89,96027.0,0.010856587201007545,1.0
2023-07-11 10:00:00,3763.904,3790.734,3761.095,3784.579,88347.0,0.005349075815301962,1.0
2023-07-11 11:00:00,3784.203,3786.033,3770.88,3781.351,34285.0,0.009114731745347071,1.0
2023-07-11 13:00:00,3780.467,3780.467,3760.634,3762.489,43112.0,0.014746089623119156,1.0
2023-07-11 14:00:00,3762.639,3778.518,3762.501,3771.137,53518.0,0.015818836600208303,1.0
2023-07-11 15:00:00,3770.21,3771.237,3768.519,3771.095,2413.0,0.014156365724013907,1.0
2023-07-11 21:00:00,3776.346,3797.608,3775.415,3788.996,100506.0,0.009378209953243578,1.0
2023-07-11 22:00:00,3789.646,3789.646,3773.376,3779.923,37345.0,0.013284926703533472,1.0
2023-07-11 23:00:00,3780.888,3783.612,3778.94,3780.868,1548.0,0.011968944697355252,1.0
2023-07-12 09:00:00,3784.707,3791.007,3774.259,3782.918,58302.0,0.011011076634492209,1.0
2023-07-12 10:00:00,3783.056,3788.114,3764.663,3781.107,64652.0,0.0175504157909311,1.0
2023-07-12 11:00:00,3781.653,3783.252,3774.549,3781.151,20980.0,0.02093780438813481,1.0
2023-07-12 13:00:00,3779.582,3794.61,3779.437,3793.493,52470.0,0.017990279671005086,1.0
2023-07-12 14:00:00,3792.913,3806.54,3780.401,3805.811,85956.0,0.011873684741570153,1.0
2023-07-12 15:00:00,3806.482,3808.985,3804.63,3807.77,6416.0,0.0038930922823595094,1.0
2023-07-12 21:00:00,3808.101,3829.144,3808.101,3814.592,116803.0,0.001740422042514671,0.0
2023-07-12 22:00:00,3814.741,3819.016,3809.89,3812.607,35575.0,-0.002173316053818308,0.0
2023-07-12 23:00:00,3812.886,3814.748,3811.769,3813.255,885.0,-0.004211624976562004,-1.0
2023-07-13 09:00:00,3813.987,3821.124,3798.535,3821.124,82254.0,-0.00482083282301224,-1.0
2023-07-13 10:00:00,3820.594,3823.058,3801.442,3802.497,47398.0,-0.0004318215109702455,0.0
2023-07-13 11:00:00,3803.182,3806.089,3797.664,3804.753,27135.0,-0.0065678376493822415,-1.0
2023-07-13 13:00:00,3806.384,3810.811,3789.316,3804.823,61886.0,-0.006543799803565024,-1.0
2023-07-13 14:00:00,3804.703,3816.937,3794.334,3815.817,63826.0,-0.005594607917518046,-1.0
2023-07-13 15:00:00,3815.615,3818.927,3814.86,3817.971,3109.0,-0.0038240206643790405,-1.0
2023-07-13 21:00:00,3817.105,3834.354,3816.096,3830.792,90623.0,-0.007089395613230868,-1.0
2023-07-13 22:00:00,3830.886,3833.461,3819.037,3824.48,48255.0,-0.005334058486382486,-1.0
2023-07-13 23:00:00,3823.834,3824.912,3822.922,3824.53,835.0,0.002566589881632463,0.0
2023-07-14 09:00:00,3824.95,3832.415,3822.72,3830.139,72210.0,0.0014440729174580737,0.0
2023-07-14 10:00:00,3830.131,3831.95,3819.285,3826.121,44194.0,0.0019123807114307173,0.0
2023-07-14 11:00:00,3826.14,3829.833,3817.572,3824.572,27894.0,0.0031702893814000623,1.0
2023-07-14 13:00:00,3824.173,3848.29,3823.296,3847.467,77639.0,-0.002342060373747187,0.0
2023-07-14 14:00:00,3847.308,3866.159,3845.251,3860.32,142739.0,-0.00865342769511341,-1.0
2023-07-14 15:00:00,3860.514,3863.65,3859.179,3861.739,3472.0,-0.008667338730038462,-1.0
2023-07-14 21:00:00,3858.989,3866.672,3840.92,3851.0,83171.0,-0.006138145936120468,-1.0
2023-07-14 22:00:00,3851.497,3855.749,3822.373,3822.594,70218.0,0.0021351992913712014,0.0
2023-07-14 23:00:00,3822.458,3824.379,3820.494,3821.231,5050.0,-0.004232929126765742,-1.0
2023-07-17 09:00:00,3821.549,3829.825,3791.154,3804.321,187333.0,0.004383173764779624,1.0
2023-07-17 10:00:00,3804.469,3813.86,3797.195,3797.195,58917.0,0.005413996384173052,1.0
2023-07-17 11:00:00,3796.926,3805.902,3796.197,3802.703,20892.0,0.007640617739539437,1.0
2023-07-17 13:00:00,3802.566,3816.792,3799.695,3800.855,46039.0,0.00824209289751905,1.0
2023-07-17 14:00:00,3799.868,3804.293,3774.026,3779.764,126905.0,0.021309002360993878,1.0
2023-07-17 15:00:00,3780.365,3782.36,3778.353,3779.925,5084.0,0.02126259118897852,1.0
2023-07-17 21:00:00,3781.308,3800.66,3781.166,3794.469,81789.0,0.01718764865386958,1.0
2023-07-17 22:00:00,3794.331,3806.114,3793.602,3803.371,45079.0,0.015010894282992666,1.0
2023-07-17 23:00:00,3803.196,3804.403,3802.029,3803.634,774.0,0.014277924742496253,1.0
2023-07-18 09:00:00,3803.638,3809.958,3795.818,3804.08,60604.0,0.012770499043132618,1.0
2023-07-18 10:00:00,3803.274,3835.555,3800.456,3834.346,109682.0,0.010800277283270682,1.0
2023-07-18 11:00:00,3834.349,3838.428,3828.883,3835.67,39372.0,0.011229328904728539,1.0
2023-07-18 13:00:00,3834.809,3840.382,3829.631,3833.438,33205.0,0.01122099796579464,1.0
2023-07-18 14:00:00,3833.702,3841.3,3828.24,3836.697,62930.0,0.009034854720088597,1.0
2023-07-18 15:00:00,3836.023,3838.841,3835.495,3838.456,2441.0,0.006334578278349433,1.0
2023-07-18 21:00:00,3837.591,3839.667,3814.39,3826.915,96274.0,0.00929495429085828,1.0
2023-07-18 22:00:00,3827.103,3836.971,3819.623,3828.268,34462.0,0.01805202770547939,1.0
2023-07-18 23:00:00,3828.036,3829.186,3825.474,3827.362,1117.0,0.018636596172507257,1.0
2023-07-19 09:00:00,3827.362,3839.949,3827.355,3830.756,55158.0,0.01238032388384954,1.0
2023-07-19 10:00:00,3830.195,3832.353,3803.828,3805.056,65561.0,0.01738923159080968,1.0
2023-07-19 11:00:00,3805.269,3824.351,3797.382,3820.996,68389.0,0.024590708809954207,1.0
2023-07-19 13:00:00,3821.87,3822.017,3808.068,3817.753,27326.0,0.02684353859456072,1.0
2023-07-19 14:00:00,3818.029,3833.717,3817.088,3831.758,69969.0,0.023121501932011367,1.0
2023-07-19 15:00:00,3831.723,3833.754,3830.772,3832.182,2796.0,0.027717368329583592,1.0
2023-07-19 21:00:00,3834.575,3862.247,3834.575,3860.307,156681.0,0.020540076216736175,1.0
2023-07-19 22:00:00,3860.473,3868.026,3851.28,3860.296,79169.0,0.01508744407164637,1.0
2023-07-19 23:00:00,3860.476,3861.528,3859.243,3859.687,1298.0,0.013806819050353037,1.0
2023-07-20 09:00:00,3858.37,3868.807,3855.666,3860.463,78738.0,0.016438701782661765,1.0
2023-07-20 10:00:00,3860.642,3864.117,3847.13,3857.942,62191.0,0.014647965158626016,1.0
2023-07-20 11:00:00,3858.053,3859.809,3847.741,3852.66,29863.0,0.01426157511952785,1.0
2023-07-20 13:00:00,3855.848,3882.651,3851.702,3875.758,102366.0,0.008245096830091078,1.0
2023-07-20 14:00:00,3875.776,3883.0,3869.74,3878.742,99533.0,0.013171796422654482,1.0
2023-07-20 15:00:00,3878.807,3880.557,3874.789,3876.453,3811.0,0.025866171987639276,1.0
2023-07-20 21:00:00,3883.524,3887.783,3864.65,3871.361,120696.0,0.02763420926129079,1.0
2023-07-20 22:00:00,3871.169,3876.735,3854.325,3862.771,58832.0,0.038973576222872085,1.0
2023-07-20 23:00:00,3861.836,3862.877,3859.88,3862.486,952.0,0.04109218777750918,1.0
2023-07-21 09:00:00,3865.236,3897.5,3860.05,3897.376,180044.0,0.028781929174911524,1.0
2023-07-21 10:00:00,3897.685,3907.247,3893.67,3898.691,150660.0,0.029282648971154734,1.0
2023-07-21 11:00:00,3899.172,3900.054,3875.512,3878.182,85159.0,0.03368691825190263,1.0
2023-07-21 13:00:00,3875.956,3875.956,3862.209,3871.223,72299.0,0.035457786854438476,1.0
2023-07-21 14:00:00,3870.94,3916.864,3869.972,3914.957,185069.0,0.02939317085730452,1.0
2023-07-21 15:00:00,3915.776,3921.127,3914.607,3920.235,7938.0,0.02910896923271182,1.0
2023-07-21 21:00:00,3920.292,3932.634,3909.214,3920.354,183598.0,0.028986157882680996,1.0
2023-07-21 22:00:00,3920.578,3939.588,3914.359,3938.4,98203.0,0.02174309364208811,1.0
2023-07-21 23:00:00,3938.246,3940.641,3937.205,3939.598,3839.0,0.026432392340538367,1.0
2023-07-24 09:00:00,3938.952,3938.952,3912.68,3918.538,184239.0,0.026936576855960088,1.0
2023-07-24 10:00:00,3918.793,3922.337,3905.965,3912.977,73508.0,0.027892573863838206,1.0
2023-07-24 11:00:00,3913.095,3927.629,3911.376,3923.924,43828.0,0.02934817290039253,1.0
2023-07-24 13:00:00,3924.673,3929.666,3910.74,3914.453,58525.0,0.031629195701161864,1.0
2023-07-24 14:00:00,3914.209,3915.178,3895.935,3907.605,127024.0,0.03566481258980886,1.0
2023-07-24 15:00:00,3907.561,3908.698,3905.742,3907.714,3061.0,0.03997477809276729,1.0
2023-07-24 21:00:00,3918.115,3932.141,3906.538,3929.832,194381.0,0.03389305191672315,1.0
2023-07-24 22:00:00,3929.581,3984.116,3928.615,3976.722,315306.0,0.02583736051954338,1.0
2023-07-24 23:00:00,3976.034,3979.346,3975.14,3978.343,5539.0,0.026928045168553936,1.0
2023-07-25 09:00:00,3979.412,4014.348,3978.401,4013.317,343654.0,0.01788919240618174,1.0
2023-07-25 10:00:00,4012.588,4028.007,4008.645,4021.204,193839.0,0.016137704030932037,1.0
2023-07-25 11:00:00,4021.051,4026.156,4008.838,4009.55,59457.0,0.01441109351423469,1.0
2023-07-25 13:00:00,4011.22,4017.232,4003.033,4012.855,68640.0,0.013690502148719579,1.0
2023-07-25 14:00:00,4013.322,4021.842,4005.046,4008.826,96967.0,0.008693068743816808,1.0
2023-07-25 15:00:00,4008.788,4011.224,4007.765,4008.488,3953.0,0.012425133865936494,1.0
2023-07-25 21:00:00,4010.551,4033.936,4005.915,4030.03,218831.0,0.006985804075900127,1.0
2023-07-25 22:00:00,4029.243,4037.285,4024.982,4034.349,75418.0,0.017887148583327708,1.0
2023-07-25 23:00:00,4034.593,4036.14,4033.074,4033.99,2631.0,0.012666367541813443,1.0
2023-07-26 09:00:00,4035.011,4035.011,4013.07,4024.033,146375.0,0.016341814294266527,1.0
2023-07-26 10:00:00,4024.167,4049.251,4019.83,4043.731,121084.0,0.010906759129130947,1.0
2023-07-26 11:00:00,4043.772,4043.932,4012.243,4024.09,85475.0,0.018398693866190755,1.0
2023-07-26 13:00:00,4024.421,4031.137,4015.852,4022.12,64658.0,0.019699064175111625,1.0
2023-07-26 14:00:00,4022.794,4046.608,4021.821,4039.084,153274.0,0.010504361880069922,1.0
2023-07-26 15:00:00,4039.172,4041.141,4036.626,4038.264,3631.0,0.011397967047226181,1.0
2023-07-26 21:00:00,4032.653,4067.153,4019.064,4046.969,277462.0,0.008242217817828544,1.0
2023-07-26 22:00:00,4046.847,4064.893,4043.346,4063.924,88161.0,0.002025382364434035,0.0
2023-07-26 23:00:00,4063.289,4065.291,4062.456,4063.026,2251.0,0.0007964507241647804,0.0
2023-07-27 09:00:00,4063.648,4084.023,4061.226,4079.47,179570.0,-0.003263168990089374,-1.0
2023-07-27 10:00:00,4079.222,4102.299,4073.071,4085.472,217653.0,-0.008178981522820476,-1.0
2023-07-27 11:00:00,4086.026,4103.576,4083.48,4085.112,106043.0,-0.004887993279009315,-1.0
2023-07-27 13:00:00,4085.148,4098.656,4079.602,4086.097,112417.0,-0.004333719928822072,-1.0
2023-07-27 14:00:00,4086.119,4091.774,4043.665,4067.332,276708.0,0.001904934241906008,0.0
2023-07-27 15:00:00,4067.336,4069.419,4065.551,4067.793,7266.0,0.002259456171933971,0.0
2023-07-27 21:00:00,4077.772,4078.112,4037.528,4043.675,388363.0,0.008490049274484145,1.0
2023-07-27 22:00:00,4043.687,4070.308,4039.853,4058.294,150488.0,0.0032663971609746146,1.0
2023-07-27 23:00:00,4057.631,4059.845,4057.167,4058.183,2237.0,0.0004960348017819601,0.0
2023-07-28 09:00:00,4057.581,4129.028,4055.632,4106.512,359042.0,-0.006909513475182783,-1.0
2023-07-28 10:00:00,4106.347,4108.585,4071.981,4085.086,230752.0,-0.0032405682524186343,-1.0
2023-07-28 11:00:00,4085.1,4096.291,4076.531,4089.793,87436.0,-0.004576759752877542,-1.0
2023-07-28 13:00:00,4089.294,4100.337,4082.156,4087.835,89696.0,-0.0037799960125592703,-1.0
2023-07-28 14:00:00,4087.823,4103.471,4077.463,4098.128,185815.0,-0.00938599282404056,-1.0
2023-07-28 15:00:00,4098.206,4101.362,4096.652,4101.352,4704.0,-0.010873975215977551,-1.0
2023-07-28 21:00:00,4086.173,4103.535,4069.08,4081.512,263893.0,-0.006056824039718614,-1.0
2023-07-28 22:00:00,4081.293,4095.699,4072.429,4084.292,140178.0,-0.00558064898396102,-1.0
2023-07-28 23:00:00,4084.151,4085.585,4079.786,4080.325,3416.0,-0.007041350872785812,-1.0
2023-07-31 09:00:00,4074.844,4079.768,4055.838,4072.155,272528.0,-0.012024836972070095,-1.0
2023-07-31 10:00:00,4072.521,4080.273,4064.474,4066.262,79233.0,-0.012642323588593197,-1.0
2023-07-31 11:00:00,4066.089,4070.208,4055.62,4066.158,69549.0,-0.013303713234950486,-1.0
2023-07-31 13:00:00,4064.361,4064.646,4049.183,4052.057,83011.0,-0.009999365754232869,-1.0
2023-07-31 14:00:00,4052.888,4071.915,4052.001,4065.144,99434.0,-0.019589465957417392,-1.0
2023-07-31 15:00:00,4065.45,4068.488,4065.084,4068.389,4356.0,-0.030363369874414712,-1.0
2023-07-31 21:00:00,4069.659,4086.858,4068.784,4075.08,168253.0,-0.03236868969443538,-1.0
2023-07-31 22:00:00,4076.016,4079.99,4069.764,4076.984,45035.0,-0.024917929528298407,-1.0
2023-07-31 23:00:00,4076.344,4078.869,4076.065,4078.006,1876.0,-0.029754247541568045,-1.0
2023-08-01 09:00:00,4077.046,4092.218,4063.425,4071.55,158954.0,-0.027559037712910336,-1.0
2023-08-01 10:00:00,4071.774,4079.011,4051.925,4060.196,118730.0,-0.015417728602264449,-1.0
2023-08-01 11:00:00,4059.775,4082.249,4055.442,4078.138,79196.0,-0.02746670171534164,-1.0
2023-08-01 13:00:00,4078.468,4078.485,4062.314,4071.848,57693.0,-0.02564486690072911,-1.0
2023-08-01 14:00:00,4072.291,4079.625,4068.478,4071.075,85589.0,-0.018504694705943722,-1.0
2023-08-01 15:00:00,4071.765,4075.34,4071.027,4072.383,3210.0,-0.015493140011634368,-1.0
2023-08-01 21:00:00,4060.736,4064.421,4030.402,4059.663,287263.0,-0.012292399640068594,-1.0
2023-08-01 22:00:00,4058.715,4064.835,4052.195,4056.754,66425.0,-0.009255922345796658,-1.0
2023-08-01 23:00:00,4056.629,4058.176,4054.906,4056.791,1219.0,-0.015734604025694283,-1.0
2023-08-02 09:00:00,4056.603,4068.812,4050.167,4061.499,93008.0,-0.016360708201577697,-1.0
2023-08-02 10:00:00,4060.911,4067.139,4046.627,4051.594,78534.0,-0.013922421644419432,-1.0
2023-08-02 11:00:00,4052.112,4052.943,4020.348,4023.188,191737.0,-0.012035977438787407,-1.0
2023-08-02 13:00:00,4017.635,4028.84,4008.627,4014.855,119949.0,-0.01051470102905339,-1.0
2023-08-02 14:00:00,4015.016,4025.678,4008.718,4012.063,139489.0,-0.013078807586022442,-1.0
2023-08-02 15:00:00,4012.405,4012.959,4010.69,4011.539,7333.0,-0.008653536709975996,-1.0
2023-08-02 21:00:00,4008.786,4017.73,3983.934,3985.51,247202.0,-0.002255169350973974,0.0
2023-08-02 22:00:00,3985.199,3986.158,3943.611,3944.859,295641.0,0.006768556239906172,1.0
2023-08-02 23:00:00,3943.916,3946.417,3941.762,3943.175,6858.0,0.003798461899357652,1.0
2023-08-03 09:00:00,3943.468,3982.925,3942.857,3975.394,204005.0,-0.008835099112188527,-1.0
2023-08-03 10:00:00,3975.243,3976.218,3955.721,3956.668,92411.0,-0.0015275479266899127,0.0
2023-08-03 11:00:00,3956.948,3972.59,3956.223,3959.342,60989.0,0.0014979761788701355,0.0
2023-08-03 13:00:00,3969.451,4018.026,3968.081,3997.597,319984.0,-0.007721388624216044,-1.0
2023-08-03 14:00:00,3997.509,3997.783,3956.299,3966.125,286372.0,0.0029149358630905856,0.0
2023-08-03 15:00:00,3965.188,3968.527,3964.911,3967.426,6536.0,0.00230250041210604,0.0
2023-08-03 21:00:00,3982.471,4008.133,3975.209,3995.741,291991.0,-0.0054878431810269695,-1.0
2023-08-03 22:00:00,3996.106,4016.977,3991.134,4009.289,108174.0,-0.010622831130407448,-1.0
2023-08-03 23:00:00,4008.934,4011.178,4008.88,4009.76,2546.0,-0.010017806552013168,-1.0
2023-08-04 09:00:00,4013.919,4037.906,4013.919,4019.205,202167.0,-0.01332427681593745,-1.0
2023-08-04 10:00:00,4019.717,4020.812,3983.732,3992.959,150693.0,-0.012335463499625129,-1.0
2023-08-04 11:00:00,3992.497,4003.908,3989.774,3995.05,51703.0,-0.015675398305402998,-1.0
2023-08-04 13:00:00,3997.502,4001.869,3992.551,3995.186,41610.0,-0.016013271972819317,-1.0
2023-08-04 14:00:00,3995.029,3996.402,3969.16,3974.765,164660.0,-0.014687409192744706,-1.0
2023-08-04 15:00:00,3975.386,3976.449,3971.325,3972.64,3830.0,-0.01189284707398609,-1.0
2023-08-04 21:00:00,3970.611,3979.542,3950.358,3959.59,195166.0,-0.008273583881159468,-1.0
2023-08-04 22:00:00,3959.937,3980.933,3946.181,3976.825,137598.0,-0.008515084269486294,-1.0
2023-08-04 23:00:00,3976.71,3978.325,3975.23,3976.522,3548.0,-0.009390115281645656,-1.0
2023-08-07 09:00:00,3963.718,3975.258,3949.195,3971.56,201452.0,-0.005626000866158399,-1.0
2023-08-07 10:00:00,3971.024,3973.696,3942.28,3958.153,135737.0,-0.005582654333978437,-1.0
2023-08-07 11:00:00,3957.885,3962.903,3938.477,3940.271,75894.0,0.00043017345761235936,0.0
2023-08-07 13:00:00,3941.818,3960.393,3937.59,3950.624,82065.0,-0.00177263136152661,0.0
2023-08-07 14:00:00,3950.603,3972.435,3942.656,3965.273,147104.0,-0.0065193493613176475,-1.0
2023-08-07 15:00:00,3964.872,3966.849,3964.031,3966.73,3507.0,-0.010995454694420842,-1.0
2023-08-07 21:00:00,3969.399,3994.993,3969.399,3977.686,235809.0,-0.013728584910925642,-1.0
2023-08-07 22:00:00,3978.086,3983.153,3967.475,3976.561,73915.0,-0.01805278480576559,-1.0
2023-08-07 23:00:00,3976.223,3978.283,3973.813,3973.813,3106.0,-0.01873993567387294,-1.0
2023-08-08 09:00:00,3978.066,3984.284,3963.859,3966.699,104463.0,-0.01665238527047308,-1.0
2023-08-08 10:00:00,3967.478,3973.612,3956.524,3969.591,112355.0,-0.01361601232973365,-1.0
2023-08-08 11:00:00,3969.564,3971.372,3960.547,3965.652,63772.0,-0.015921215477303585,-1.0
2023-08-08 13:00:00,3966.43,3966.43,3938.708,3943.704,122534.0,-0.010356253917636844,-1.0
2023-08-08 14:00:00,3943.291,3948.36,3924.477,3932.426,203798.0,-0.0035962533052115477,-1.0
2023-08-08 15:00:00,3931.943,3934.348,3930.688,3931.21,4617.0,-0.005837897237746093,-1.0
2023-08-08 21:00:00,3912.597,3925.223,3900.365,3916.386,205204.0,-0.001819534642397289,0.0
2023-08-08 22:00:00,3915.502,3933.595,3913.997,3925.394,84972.0,-0.006530299888367782,-1.0
2023-08-08 23:00:00,3925.713,3927.626,3925.159,3926.83,1603.0,-0.011874718284214013,-1.0
2023-08-09 09:00:00,3929.326,3945.715,3922.795,3942.962,111618.0,-0.014792939926887445,-1.0
2023-08-09 10:00:00,3942.326,3949.665,3936.484,3939.182,74205.0,-0.014216911023659152,-1.0
2023-08-09 11:00:00,3938.941,3953.103,3934.778,3949.216,47415.0,-0.009812327307495906,-1.0
2023-08-09 13:00:00,3947.769,3949.989,3933.959,3936.056,64863.0,-0.005378988510326079,-1.0
2023-08-09 14:00:00,3936.901,3950.311,3935.265,3941.966,94600.0,-0.009151524898997053,-1.0
2023-08-09 15:00:00,3941.987,3943.783,3941.854,3943.621,2900.0,-0.009749415575178324,-1.0
2023-08-09 21:00:00,3939.621,3951.766,3933.855,3939.422,179238.0,-0.008347417463780224,-1.0
2023-08-09 22:00:00,3939.39,3939.865,3910.996,3923.114,163729.0,-0.012939975743758625,-1.0
2023-08-09 23:00:00,3922.965,3924.69,3921.457,3923.078,3541.0,-0.015557682003773594,-1.0
2023-08-10 09:00:00,3923.384,3931.384,3892.56,3904.773,184395.0,-0.011205773037254741,-1.0
2023-08-10 10:00:00,3905.266,3908.145,3894.379,3899.344,111563.0,-0.008030581554230622,-1.0
2023-08-10 11:00:00,3899.897,3911.999,3899.116,3900.644,47646.0,-0.00819300607797062,-1.0
2023-08-10 13:00:00,3901.176,3926.236,3896.378,3915.541,109464.0,-0.012149023595973113,-1.0
2023-08-10 14:00:00,3915.509,3921.601,3892.256,3902.514,158024.0,-0.006809456673313681,-1.0
2023-08-10 15:00:00,3902.484,3904.285,3900.703,3902.862,4125.0,-0.007086338179520606,-1.0
2023-08-10 21:00:00,3903.833,3924.225,3899.198,3918.284,180684.0,-0.01072944176583427,-1.0
2023-08-10 22:00:00,3918.485,3920.379,3902.293,3908.26,94497.0,-0.007735667534913279,-1.0
2023-08-10 23:00:00,3909.118,3909.889,3907.693,3909.26,1487.0,-0.014168410389690215,-1.0
2023-08-11 09:00:00,3910.342,3916.444,3898.507,3899.76,134206.0,-0.00657066075861085,-1.0
2023-08-11 10:00:00,3899.338,3902.199,3873.515,3880.2,185714.0,0.003835369310860281,1.0
2023-08-11 11:00:00,3880.344,3886.925,3873.129,3884.634,64136.0,0.00429564278127615,1.0
2023-08-11 13:00:00,3887.927,3900.545,3878.977,3883.179,101634.0,0.0048431967725412065,1.0
2023-08-11 14:00:00,3883.956,3914.43,3880.395,3910.465,179097.0,0.0006590009116562278,0.0
2023-08-11 15:00:00,3910.85,3915.458,3910.268,3914.884,7147.0,-0.0039094389514478176,-1.0
2023-08-11 21:00:00,3896.565,3909.359,3891.905,3905.891,144640.0,-0.0013692138362283936,0.0
2023-08-11 22:00:00,3906.36,3914.012,3899.769,3905.173,74570.0,-0.00046886527178173064,0.0
2023-08-11 23:00:00,3904.973,3908.809,3904.618,3906.538,2721.0,0.0004169932559212032,0.0
2023-08-14 09:00:00,3902.375,3905.14,3867.348,3872.349,273607.0,0.010881767113449722,1.0
2023-08-14 10:00:00,3871.539,3877.315,3858.228,3862.044,114026.0,0.012264489995453182,1.0
2023-08-14 11:00:00,3862.351,3865.992,3852.052,3861.017,72932.0,0.012254025299551932,1.0
2023-08-14 13:00:00,3860.105,3868.84,3852.545,3868.03,68129.0,0.009799044991895045,1.0
2023-08-14 14:00:00,3867.904,3871.234,3855.626,3868.686,86131.0,0.006455938786450918,1.0
2023-08-14 15:00:00,3868.509,3868.99,3865.941,3867.971,3807.0,0.0014035782584719708,0.0
2023-08-14 21:00:00,3872.324,3881.748,3868.936,3875.94,134375.0,-0.0006909291681501477,0.0
2023-08-14 22:00:00,3875.94,3880.674,3871.184,3875.205,53174.0,-0.005179855001219255,-1.0
2023-08-14 23:00:00,3875.519,3877.716,3875.144,3876.243,1729.0,-0.0014777195340952736,0.0
2023-08-15 09:00:00,3877.491,3888.283,3865.778,3878.027,140773.0,0.0019156648470988178,0.0
2023-08-15 10:00:00,3877.754,3880.673,3850.123,3853.872,125645.0,0.007014503854824539,1.0
2023-08-15 11:00:00,3853.505,3877.657,3853.035,3874.136,79098.0,0.0065945026194228155,1.0
2023-08-15 13:00:00,3873.898,3903.416,3870.042,3895.082,149528.0,0.0018736447653734194,0.0
2023-08-15 14:00:00,3894.93,3909.483,3890.128,3901.321,152686.0,-0.0028282727824755012,0.0
2023-08-15 15:00:00,3900.907,3903.15,3899.782,3901.986,3807.0,-0.004270389488839788,-1.0
2023-08-15 21:00:00,3906.065,3926.159,3900.427,3913.042,217584.0,-0.006808258127564202,-1.0
2023-08-15 22:00:00,3913.231,3914.493,3892.835,3899.579,87984.0,-0.0023692301143277343,0.0
2023-08-15 23:00:00,3899.824,3902.33,3899.131,3900.543,1930.0,-0.004934697553648312,-1.0
2023-08-16 09:00:00,3900.851,3912.269,3899.039,3903.342,87825.0,-0.005645162529955179,-1.0
2023-08-16 10:00:00,3904.289,3917.406,3901.73,3908.167,74480.0,-0.002909804007863493,0.0
2023-08-16 11:00:00,3907.31,3919.851,3906.488,3914.487,41067.0,-0.008654518459251533,-1.0
2023-08-16 13:00:00,3913.837,3914.35,3902.929,3909.41,38813.0,-0.007081119657441915,-1.0
2023-08-16 14:00:00,3909.767,3913.329,3896.968,3908.33,86619.0,-0.007377575588550566,-1.0
2023-08-16 15:00:00,3908.437,3908.994,3904.826,3905.933,3051.0,-0.014254980820203544,-1.0
2023-08-16 21:00:00,3902.391,3910.404,3888.664,3893.662,156328.0,-0.011851568009755273,-1.0
2023-08-16 22:00:00,3894.224,3894.933,3870.622,3873.4,145109.0,-0.008495895079258508,-1.0
2023-08-16 23:00:00,3873.807,3874.081,3871.98,3873.262,2550.0,-0.002940673778329565,0.0
2023-08-17 09:00:00,3872.017,3872.017,3843.527,3855.132,229635.0,0.0006394074184749434,0.0
2023-08-17 10:00:00,3855.75,3872.782,3852.737,3870.515,88485.0,-0.00377494984517561,-1.0
2023-08-17 11:00:00,3870.121,3888.884,3867.271,3885.456,94602.0,-0.008286543458476976,-1.0
2023-08-17 13:00:00,3886.453,3891.878,3875.282,3880.905,76273.0,-0.007079018940169989,-1.0
2023-08-17 14:00:00,3881.357,3903.212,3879.677,3899.684,160041.0,-0.01546817639583114,-1.0
2023-08-17 15:00:00,3899.064,3902.583,3898.643,3902.38,3907.0,-0.016153475571318084,-1.0
2023-08-17 21:00:00,3898.04,3911.209,3882.757,3890.287,209958.0,-0.013814919053529905,-1.0
2023-08-17 22:00:00,3890.391,3896.311,3882.649,3885.323,75009.0,-0.011113361746243514,-1.0
2023-08-17 23:00:00,3885.798,3886.851,3883.816,3886.401,2221.0,-0.01018757457092046,-1.0
2023-08-18 09:00:00,3884.882,3903.043,3883.173,3890.34,102108.0,-0.008563004775932206,-1.0
2023-08-18 10:00:00,3890.534,3893.407,3880.958,3881.295,59547.0,-0.005349760840131998,-1.0
2023-08-18 11:00:00,3880.721,3884.542,3870.729,3881.307,70980.0,0.0011818183926187724,0.0
2023-08-18 13:00:00,3877.685,3898.411,3876.986,3896.795,82491.0,-0.0023765684363688537,0.0
2023-08-18 14:00:00,3897.623,3898.804,3866.666,3880.609,159068.0,0.00674662147101139,1.0
2023-08-18 15:00:00,3880.683,3882.751,3879.895,3881.727,2936.0,0.006584697996536064,1.0
2023-08-18 21:00:00,3878.103,3882.367,3864.421,3879.496,145561.0,0.0075375770460904545,1.0
2023-08-18 22:00:00,3879.716,3880.47,3846.66,3850.254,160326.0,0.02070798446024606,1.0
2023-08-18 23:00:00,3849.79,3852.878,3846.674,3847.516,5270.0,0.022137919634382268,1.0
2023-08-21 09:00:00,3848.415,3851.217,3826.773,3840.492,214067.0,0.02392037270224752,1.0
2023-08-21 10:00:00,3840.216,3864.965,3837.536,3861.872,140976.0,0.017079281757655378,1.0
2023-08-21 11:00:00,3862.643,3864.862,3845.376,3857.597,80515.0,0.013473413630298837,1.0
2023-08-21 13:00:00,3857.53,3861.487,3849.832,3855.904,40019.0,0.013007325908528895,1.0
2023-08-21 14:00:00,3855.969,3863.069,3841.788,3853.259,111148.0,0.013796373407549313,1.0
2023-08-21 15:00:00,3853.042,3855.796,3851.912,3853.432,3844.0,0.01580097949049065,1.0
2023-08-21 21:00:00,3853.856,3862.525,3835.183,3839.363,136810.0,0.019229231515748832,1.0
2023-08-21 22:00:00,3838.874,3847.422,3831.885,3839.343,73369.0,0.020661607988658535,1.0
2023-08-21 23:00:00,3839.813,3840.048,3836.049,3836.543,2206.0,0.020882341211867033,1.0
2023-08-22 09:00:00,3837.33,3852.855,3835.869,3842.144,94676.0,0.021694657982626438,1.0
2023-08-22 10:00:00,3842.12,3851.309,3840.993,3846.808,48421.0,0.021933509548695905,1.0
2023-08-22 11:00:00,3846.91,3857.897,3845.79,3857.027,51685.0,0.0015475650027858376,0.0
2023-08-22 13:00:00,3855.196,3861.02,3849.142,3860.531,76258.0,0.000930441952156348,0.0
2023-08-22 14:00:00,3861.106,3905.514,3860.314,3885.894,367022.0,-0.0010172691277734222,0.0
2023-08-22 15:00:00,3886.388,3888.87,3884.642,3887.534,5970.0,-0.00047253606013477673,0.0
2023-08-22 21:00:00,3889.135,3912.265,3888.324,3906.79,173711.0,-0.004901978350512784,-1.0
2023-08-22 22:00:00,3907.238,3915.666,3899.395,3907.287,71801.0,-0.004526158431668814,-1.0
2023-08-22 23:00:00,3907.758,3910.261,3907.309,3908.738,1382.0,-0.004547759404697844,-1.0
2023-08-23 09:00:00,3909.408,3935.838,3904.574,3929.985,201919.0,-0.010965181800948427,-1.0
2023-08-23 10:00:00,3929.942,3935.176,3920.278,3932.692,89974.0,-0.008011560529021867,-1.0
2023-08-23 11:00:00,3933.062,3942.23,3927.317,3932.358,104974.0,-0.00991618769196501,-1.0
2023-08-23 13:00:00,3932.633,3938.423,3922.977,3927.83,72144.0,-0.009211702135784846,-1.0
2023-08-23 14:00:00,3928.455,3932.283,3905.48,3909.572,139793.0,-0.010542586247292568,-1.0
2023-08-23 15:00:00,3909.285,3910.041,3904.088,3906.059,4427.0,-0.008206737276625888,-1.0
2023-08-23 21:00:00,3907.784,3910.549,3894.429,3906.42,147584.0,-0.009039734590750637,-1.0
2023-08-23 22:00:00,3906.164,3916.627,3902.85,3914.32,58317.0,-0.01092399190664029,-1.0
2023-08-23 23:00:00,3913.805,3914.636,3910.855,3913.191,2099.0,-0.011913806405053993,-1.0
2023-08-24 09:00:00,3914.022,3929.538,3911.765,3918.67,146892.0,-0.018053319110820736,-1.0
2023-08-24 10:00:00,3919.77,3929.357,3916.268,3916.659,67036.0,-0.020013485983844895,-1.0
2023-08-24 11:00:00,3917.099,3925.498,3910.744,3925.498,45881.0,-0.023762335377575022,-1.0
2023-08-24 13:00:00,3928.287,3938.693,3921.773,3931.182,102284.0,-0.025332838825574532,-1.0
2023-08-24 14:00:00,3931.579,3931.894,3861.399,3862.996,292498.0,-0.007451988042441737,-1.0
2023-08-24 15:00:00,3862.44,3864.123,3856.483,3864.123,16560.0,-0.007705500057839797,-1.0
2023-08-24 21:00:00,3863.829,3895.39,3856.455,3881.941,204022.0,-0.011774264472334815,-1.0
2023-08-24 22:00:00,3882.531,3887.716,3870.277,3885.697,64861.0,-0.019501005868445248,-1.0
2023-08-24 23:00:00,3885.975,3888.114,3885.314,3887.639,1680.0,-0.017140994830024063,-1.0
2023-08-25 09:00:00,3888.072,3893.227,3881.931,3889.602,84172.0,-0.01439324640413079,-1.0
2023-08-25 10:00:00,3889.416,3896.786,3880.231,3890.962,66060.0,-0.014172587653130507,-1.0
2023-08-25 11:00:00,3890.861,3893.358,3875.991,3886.892,50908.0,-0.01786877536087952,-1.0
2023-08-25 13:00:00,3887.653,3903.411,3884.303,3901.185,64816.0,-0.021311985973492625,-1.0
2023-08-25 14:00:00,3901.372,3903.722,3883.626,3893.364,117619.0,-0.018738551031961082,-1.0
2023-08-25 15:00:00,3893.0,3894.468,3891.237,3891.648,3316.0,-0.015447440261811957,-1.0
2023-08-25 21:00:00,3891.653,3893.59,3866.45,3868.355,177377.0,-0.00920003464004724,-1.0
2023-08-25 22:00:00,3868.211,3881.964,3864.904,3874.003,96712.0,-0.012048003060400308,-1.0
2023-08-25 23:00:00,3873.42,3873.927,3870.548,3871.107,2404.0,-0.011408622908124152,-1.0
2023-08-28 09:00:00,3881.165,3912.296,3870.587,3871.56,284830.0,-0.010303856843236273,-1.0
2023-08-28 10:00:00,3871.286,3879.125,3854.66,3866.57,158756.0,-0.008563920994576662,-1.0
2023-08-28 11:00:00,3865.924,3867.494,3844.951,3847.925,132317.0,-0.0032305723214459845,-1.0
2023-08-28 13:00:00,3847.811,3850.986,3832.848,3838.273,158466.0,-0.0005262783548747006,0.0
2023-08-28 14:00:00,3838.066,3844.808,3812.345,3832.219,261336.0,0.006027317332334075,1.0
2023-08-28 15:00:00,3831.728,3834.06,3829.696,3831.594,5586.0,0.005709895150686674,1.0
2023-08-28 21:00:00,3833.396,3837.746,3824.955,3834.209,128135.0,0.005360427665784609,1.0
2023-08-28 22:00:00,3833.696,3840.794,3827.685,3834.348,61776.0,0.016872751247408925,1.0
2023-08-28 23:00:00,3834.897,3837.157,3833.71,3836.234,1632.0,0.01684334167310968,1.0
2023-08-29 09:00:00,3836.468,3837.659,3809.823,3809.922,143155.0,0.023728044826114562,1.0
2023-08-29 10:00:00,3810.358,3823.156,3809.827,3821.001,90676.0,0.019168798961319216,1.0
2023-08-29 11:00:00,3821.118,3834.537,3815.229,3833.618,48547.0,0.017217156221616212,1.0
2023-08-29 13:00:00,3833.471,3847.084,3832.212,3835.817,87425.0,0.016454903870544383,1.0
2023-08-29 14:00:00,3836.085,3839.052,3813.385,3817.438,139070.0,0.020134446191398543,1.0
2023-08-29 15:00:00,3817.544,3818.497,3815.596,3818.043,4345.0,0.024867189814258235,1.0
2023-08-29 21:00:00,3818.295,3827.447,3809.837,3820.408,128535.0,0.023995866410079756,1.0
2023-08-29 22:00:00,3820.06,3837.396,3818.881,3831.532,72631.0,0.027737729973284782,1.0
2023-08-29 23:00:00,3831.841,3833.516,3830.452,3832.766,1357.0,0.028566575679287498,1.0
2023-08-30 09:00:00,3832.811,3840.344,3822.582,3827.329,109670.0,0.02888567980437528,1.0
2023-08-30 10:00:00,3827.279,3829.146,3814.698,3826.943,128809.0,0.030956301152120592,1.0
2023-08-30 11:00:00,3826.629,3835.992,3821.5,3831.668,55807.0,0.03147454320155084,1.0
2023-08-30 13:00:00,3831.305,3840.913,3827.107,3833.457,71721.0,0.03069135769619954,1.0
2023-08-30 14:00:00,3833.757,3843.686,3820.057,3835.494,212117.0,0.02842919321474625,1.0
2023-08-30 15:00:00,3836.021,3838.175,3834.104,3836.253,4904.0,0.03350248276117344,1.0
2023-08-30 21:00:00,3842.675,3860.339,3833.549,3855.317,289284.0,0.028560297376324678,1.0
2023-08-30 22:00:00,3855.845,3856.919,3846.642,3853.472,57008.0,0.02622829489873021,1.0
2023-08-30 23:00:00,3853.729,3855.581,3853.094,3854.762,1629.0,0.027787188936696954,1.0
2023-08-31 09:00:00,3854.078,3909.746,3854.078,3899.044,387216.0,0.014387629377868,1.0
2023-08-31 10:00:00,3898.379,3906.737,3892.933,3900.849,124143.0,0.011249602330159359,1.0
2023-08-31 11:00:00,3901.218,3904.307,3895.943,3900.324,55950.0,0.00660868174028615,1.0
2023-08-31 13:00:00,3898.308,3898.71,3888.943,3894.245,70725.0,0.00918432199309496,1.0
2023-08-31 14:00:00,3895.381,3900.006,3878.437,3899.622,170977.0,0.011211855918342908,1.0
2023-08-31 15:00:00,3898.57,3900.876,3897.265,3898.935,5833.0,0.012872233058514723,1.0
2023-08-31 21:00:00,3899.515,3918.549,3885.732,3894.3,256802.0,0.014165575328043542,1.0
2023-08-31 22:00:00,3894.159,3914.139,3889.082,3912.987,89722.0,0.0082969864198373,1.0
2023-08-31 23:00:00,3912.108,3914.062,3911.17,3912.082,4856.0,0.008765153695653609,1.0
2023-09-01 09:00:00,3913.278,3939.696,3912.448,3937.81,224717.0,0.004023556240651542,1.0
2023-09-01 10:00:00,3937.81,3951.659,3932.269,3942.255,172731.0,-0.0005978811619238154,0.0
2023-09-01 11:00:00,3941.911,3948.375,3929.128,3937.884,71761.0,-0.004843210211372431,-1.0
2023-09-01 13:00:00,3935.888,3948.652,3933.791,3945.411,68648.0,-0.006874315502237877,-1.0
2023-09-01 14:00:00,3945.49,3957.543,3937.157,3952.268,162228.0,-0.006850749999746986,-1.0
2023-09-01 15:00:00,3952.729,3953.328,3950.212,3951.111,5135.0,-0.004868504073917406,-1.0
2023-09-01 21:00:00,3956.26,3960.415,3936.554,3944.534,157607.0,-0.003304065828815242,-1.0
2023-09-01 22:00:00,3943.579,3967.235,3939.04,3964.777,108810.0,-0.009644174186845838,-1.0
2023-09-01 23:00:00,3965.032,3967.608,3964.172,3965.426,4569.0,-0.008419524157051403,-1.0
2023-09-04 09:00:00,3960.321,3963.215,3942.86,3954.542,169440.0,-0.01048288272067914,-1.0
2023-09-04 10:00:00,3953.785,3967.52,3950.856,3961.875,83669.0,-0.00995160119892731,-1.0
2023-09-04 11:00:00,3962.293,3962.544,3953.737,3955.142,34620.0,-0.009182224051626973,-1.0
2023-09-04 13:00:00,3955.222,3958.662,3944.732,3944.732,58175.0,-0.006520341559325197,-1.0
2023-09-04 14:00:00,3944.732,3946.262,3916.544,3926.1,226913.0,-7.76852347112494e-05,0.0
2023-09-04 15:00:00,3926.685,3930.312,3925.875,3930.011,4337.0,-0.006803288845756432,-1.0
2023-09-04 21:00:00,3931.454,3946.384,3927.708,3943.344,116437.0,-0.010775879558060352,-1.0
2023-09-04 22:00:00,3943.387,3952.793,3936.373,3949.123,74267.0,-0.01469997262683389,-1.0
2023-09-04 23:00:00,3948.978,3950.076,3947.61,3949.465,1809.0,-0.014441449664701437,-1.0
2023-09-05 09:00:00,3949.894,3957.488,3941.639,3945.453,115250.0,-0.018627011904589964,-1.0
2023-09-05 10:00:00,3945.201,3951.155,3939.223,3946.372,67768.0,-0.019611937242611628,-1.0
2023-09-05 11:00:00,3946.928,3955.98,3945.706,3953.654,54037.0,-0.015700159902712747,-1.0
2023-09-05 13:00:00,3952.418,3953.119,3939.253,3939.898,48597.0,-0.01228356673193067,-1.0
2023-09-05 14:00:00,3939.175,3941.555,3903.348,3918.812,289734.0,-0.011454746999856111,-1.0
2023-09-05 15:00:00,3918.931,3920.099,3917.169,3918.289,4325.0,-0.011342705961709413,-1.0
2023-09-05 21:00:00,3911.745,3928.606,3904.178,3925.192,136204.0,-0.013092353189347138,-1.0
2023-09-05 22:00:00,3925.762,3936.923,3914.177,3931.875,83301.0,-0.016361913845175668,-1.0
2023-09-05 23:00:00,3932.266,3932.956,3930.295,3931.501,1854.0,-0.017162910552483673,-1.0
2023-09-06 09:00:00,3931.732,3934.907,3915.931,3926.54,79521.0,-0.023809511682040686,-1.0
2023-09-06 10:00:00,3926.677,3932.633,3922.045,3932.039,58478.0,-0.02347916691568938,-1.0
2023-09-06 11:00:00,3932.18,3932.237,3909.101,3913.087,63023.0,-0.023031177175462762,-1.0
2023-09-06 13:00:00,3912.242,3925.647,3907.244,3922.448,63320.0,-0.025522836759085163,-1.0
2023-09-06 14:00:00,3922.646,3923.721,3900.651,3918.825,141524.0,-0.02739162886834698,-1.0
2023-09-06 15:00:00,3918.767,3919.626,3917.144,3919.011,3576.0,-0.02359906619297576,-1.0
2023-09-06 21:00:00,3915.853,3930.386,3912.764,3925.795,135881.0,-0.024882858121730744,-1.0
2023-09-06 22:00:00,3925.681,3927.251,3901.18,3903.274,99041.0,-0.012952972299664267,-1.0
2023-09-06 23:00:00,3902.27,3903.394,3900.433,3900.851,6217.0,-0.014389936965036671,-1.0
2023-09-07 09:00:00,3900.567,3904.557,3883.701,3891.071,214421.0,-0.010749482597464752,-1.0
2023-09-07 10:00:00,3890.915,3902.037,3884.247,3892.429,95804.0,-0.007974968843362311,-1.0
2023-09-07 11:00:00,3891.473,3893.15,3869.117,3871.961,133711.0,-0.0028499770529713123,0.0
2023-09-07 13:00:00,3873.321,3882.147,3867.627,3868.976,93281.0,-0.001590084818308525,0.0
2023-09-07 14:00:00,3869.07,3901.774,3869.01,3891.581,171099.0,-0.0013084656338902103,0.0
2023-09-07 15:00:00,3892.167,3893.257,3890.106,3891.502,2939.0,-0.0010579462634221271,0.0
2023-09-07 21:00:00,3889.234,3893.436,3870.496,3873.923,123738.0,0.003454121313201195,1.0
2023-09-07 22:00:00,3873.967,3879.426,3862.036,3873.845,100825.0,-0.0014272641264686627,0.0
2023-09-07 23:00:00,3873.988,3875.443,3873.311,3873.802,2470.0,0.0036287347675487257,1.0
2023-09-08 09:00:00,3874.208,3882.762,3866.603,3867.542,95559.0,0.007558288959757895,1.0
2023-09-08 10:00:00,3867.769,3878.794,3862.104,3864.025,95259.0,0.007242189168030725,1.0
2023-09-08 11:00:00,3864.025,3865.463,3827.212,3833.051,180571.0,0.014703430765726812,1.0
2023-09-08 13:00:00,3835.489,3847.423,3830.287,3839.718,93476.0,0.013502814529608739,1.0
2023-09-08 14:00:00,3839.042,3848.55,3819.876,3822.964,181883.0,0.013765758714965718,1.0
2023-09-08 15:00:00,3822.817,3824.656,3821.287,3822.336,5902.0,0.01594443816556163,1.0
2023-09-08 21:00:00,3827.634,3827.634,3802.529,3811.482,226454.0,0.018897898507719568,1.0
2023-09-08 22:00:00,3811.493,3827.781,3809.818,3826.526,76648.0,0.014158795732735147,1.0
2023-09-08 23:00:00,3826.384,3829.187,3826.122,3828.11,4766.0,0.009566339525248777,1.0
2023-09-11 09:00:00,3830.69,3854.233,3830.69,3852.715,186530.0,-0.0005868588774409649,0.0
2023-09-11 10:00:00,3852.927,3854.679,3843.459,3844.718,65210.0,-6.112281837046894e-05,0.0
2023-09-11 11:00:00,3845.235,3853.192,3844.909,3849.244,29806.0,0.003327926210965048,1.0
2023-09-11 13:00:00,3854.037,3872.219,3853.361,3861.387,107371.0,0.000602374224598576,0.0
2023-09-11 14:00:00,3861.131,3865.041,3851.821,3860.926,86209.0,0.0014522422859179302,0.0
2023-09-11 15:00:00,3860.107,3863.009,3859.845,3862.824,4658.0,8.646523890289402e-05,0.0
2023-09-11 21:00:00,3863.48,3894.776,3863.48,3886.489,212410.0,-0.005791345350520691,-1.0
2023-09-11 22:00:00,3887.53,3891.688,3874.801,3887.385,69901.0,-0.00684547581471872,-1.0
2023-09-11 23:00:00,3887.701,3888.784,3886.267,3887.304,1945.0,-0.008852150487844547,-1.0
2023-09-12 09:00:00,3885.306,3889.468,3864.811,3868.316,115166.0,-0.001101254395969658,0.0
2023-09-12 10:00:00,3868.179,3893.221,3865.993,3887.859,104504.0,-0.007521106089495526,-1.0
2023-09-12 11:00:00,3888.073,3899.619,3883.442,3896.774,53257.0,-0.005277698937634003,-1.0
2023-09-12 13:00:00,3895.155,3896.491,3884.396,3892.009,51401.0,-0.0039110906475293885,-1.0
2023-09-12 14:00:00,3892.191,3897.344,3880.888,3889.41,91372.0,0.0005250153622272713,0.0
2023-09-12 15:00:00,3889.296,3894.171,3889.246,3891.565,6912.0,0.0015256073070859404,0.0
2023-09-12 21:00:00,3888.733,3897.607,3873.932,3875.59,137055.0,0.0065667420960421035,1.0
2023-09-12 22:00:00,3875.23,3885.29,3865.922,3883.281,89539.0,0.004985474911550343,1.0
2023-09-12 23:00:00,3883.227,3884.175,3880.329,3883.511,2180.0,0.0040574109356198715,1.0
2023-09-13 09:00:00,3882.968,3886.536,3873.357,3880.705,68805.0,0.005341039836833736,1.0
2023-09-13 10:00:00,3880.783,3882.576,3859.695,3864.731,89440.0,0.0070775947924964526,1.0
2023-09-13 11:00:00,3865.257,3868.732,3849.815,3850.454,70200.0,0.01357969735516903,1.0
2023-09-13 13:00:00,3850.844,3860.713,3835.472,3844.483,100276.0,0.014462542817850841,1.0
2023-09-13 14:00:00,3844.646,3864.812,3838.813,3862.054,125253.0,0.004859590259483692,1.0
2023-09-13 15:00:00,3861.844,3864.42,3861.548,3863.713,2768.0,0.0038139478786338105,1.0
2023-09-13 21:00:00,3866.663,3870.834,3860.615,3866.533,89731.0,0.0020162765971479557,0.0
2023-09-13 22:00:00,3867.2,3869.099,3850.506,3863.158,77092.0,0.005647193306616053,1.0
2023-09-13 23:00:00,3863.333,3864.28,3861.539,3863.981,1408.0,0.008046364617217293,1.0
2023-09-14 09:00:00,3865.147,3868.17,3855.06,3860.774,75237.0,0.009370141842024405,1.0
2023-09-14 10:00:00,3860.405,3866.147,3850.62,3852.893,51960.0,0.012509820542641612,1.0
2023-09-14 11:00:00,3853.176,3868.996,3851.601,3864.056,50315.0,0.011877674650677988,1.0
2023-09-14 13:00:00,3863.89,3882.369,3857.442,3858.618,107499.0,0.012688480694383336,1.0
2023-09-14 14:00:00,3858.763,3876.766,3853.453,3876.208,113803.0,0.016827528347291957,1.0
2023-09-14 15:00:00,3876.144,3877.973,3875.162,3876.787,5336.0,0.01806315384363393,1.0
2023-09-14 21:00:00,3885.623,3907.936,3885.267,3891.452,162538.0,0.014831481924998662,1.0
2023-09-14 22:00:00,3892.234,3904.951,3890.888,3897.502,84838.0,0.015801659627115005,1.0
2023-09-14 23:00:00,3897.884,3902.88,3897.567,3901.04,2776.0,0.010592816274634423,1.0
2023-09-15 09:00:00,3902.725,3918.113,3897.248,3902.641,152033.0,0.011096075708731622,1.0
2023-09-15 10:00:00,3902.867,3912.061,3895.707,3899.268,63162.0,0.012656478087682128,1.0
2023-09-15 11:00:00,3899.629,3903.26,3890.164,3901.432,47902.0,0.009277619089606167,1.0
2023-09-15 13:00:00,3897.986,3899.501,3881.306,3892.084,62667.0,0.011260034469965262,1.0
2023-09-15 14:00:00,3892.171,3906.567,3887.887,3902.742,90249.0,0.007771715373447611,1.0
2023-09-15 15:00:00,3902.634,3903.334,3898.177,3900.084,5160.0,0.012135379648233264,1.0
2023-09-15 21:00:00,3894.896,3896.928,3875.746,3880.822,130984.0,0.01745789938317185,1.0
2023-09-15 22:00:00,3881.229,3885.758,3864.216,3878.449,128341.0,0.01622349552617555,1.0
2023-09-15 23:00:00,3879.237,3879.237,3871.378,3874.329,3051.0,0.012496873652185943,1.0
2023-09-18 09:00:00,3875.984,3890.796,3870.121,3884.974,114942.0,0.011629164056181491,1.0
2023-09-18 10:00:00,3885.469,3907.048,3883.567,3895.072,138946.0,0.008325134939739158,1.0
2023-09-18 11:00:00,3895.535,3898.936,3889.906,3896.95,38253.0,0.009646518431080742,1.0
2023-09-18 13:00:00,3896.481,3905.447,3894.53,3901.092,49152.0,0.008165918670977195,1.0
2023-09-18 14:00:00,3899.776,3911.171,3896.67,3909.952,103021.0,0.0010061504591360052,0.0
2023-09-18 15:00:00,3909.573,3911.725,3906.813,3907.578,5012.0,0.0018105844592225205,0.0
2023-09-18 21:00:00,3905.15,3951.62,3905.15,3941.435,306963.0,-0.0071458745355435175,-1.0
2023-09-18 22:00:00,3941.437,3952.352,3940.855,3946.814,82494.0,-0.009362234957107182,-1.0
2023-09-18 23:00:00,3947.571,3949.433,3946.344,3949.168,1881.0,-0.013428398082836676,-1.0
2023-09-19 09:00:00,3951.084,3972.357,3949.181,3959.089,238827.0,-0.020059412657810905,-1.0
2023-09-19 10:00:00,3959.149,3961.822,3940.422,3942.363,115363.0,-0.021657822985858943,-1.0
2023-09-19 11:00:00,3942.363,3952.192,3941.695,3945.945,43054.0,-0.025330560866915267,-1.0
2023-09-19 13:00:00,3944.559,3949.444,3938.124,3948.619,56747.0,-0.025637317755904016,-1.0
2023-09-19 14:00:00,3948.643,3952.927,3935.465,3937.628,101159.0,-0.023124073680906396,-1.0
2023-09-19 15:00:00,3937.948,3939.321,3935.785,3935.909,5219.0,-0.022636194078674086,-1.0
2023-09-19 21:00:00,3937.319,3940.333,3924.34,3933.073,134842.0,-0.02236063251305021,-1.0
2023-09-19 22:00:00,3933.071,3948.237,3930.141,3947.413,63827.0,-0.025784735471054056,-1.0
2023-09-19 23:00:00,3948.239,3949.569,3947.312,3948.573,2483.0,-0.022709723234191143,-1.0
2023-09-20 09:00:00,3948.918,3948.918,3933.122,3941.371,75817.0,-0.017952636278087058,-1.0
2023-09-20 10:00:00,3940.972,3942.652,3920.654,3922.746,86766.0,-0.01367180031539139,-1.0
2023-09-20 11:00:00,3922.892,3933.919,3921.992,3930.153,40195.0,-0.015743661887972302,-1.0
2023-09-20 13:00:00,3930.281,3936.122,3924.437,3927.499,42665.0,-0.015556974043787131,-1.0
2023-09-20 14:00:00,3927.571,3940.55,3924.379,3934.542,75777.0,-0.017258425504162872,-1.0
2023-09-20 15:00:00,3935.255,3935.786,3932.236,3932.948,4222.0,-0.018376546041290118,-1.0
2023-09-20 21:00:00,3936.184,3940.965,3897.378,3913.886,181073.0,-0.013675666588142857,-1.0
2023-09-20 22:00:00,3913.032,3919.861,3907.49,3914.653,46532.0,-0.02316654886141884,-1.0
2023-09-20 23:00:00,3914.336,3915.613,3912.213,3913.27,1473.0,-0.02139233939901922,-1.0
2023-09-21 09:00:00,3907.853,3915.545,3895.914,3909.863,118773.0,-0.022211775706719086,-1.0
2023-09-21 10:00:00,3909.488,3915.126,3894.734,3896.137,90341.0,-0.019575287008644724,-1.0
2023-09-21 11:00:00,3896.116,3900.851,3869.65,3879.672,124320.0,-0.016107547235951952,-1.0
2023-09-21 13:00:00,3879.176,3879.388,3853.483,3856.98,159527.0,-0.010890126472006637,-1.0
2023-09-21 14:00:00,3856.923,3863.916,3835.639,3845.992,286029.0,-0.012119369983088974,-1.0
2023-09-21 15:00:00,3846.082,3849.317,3845.271,3847.387,6075.0,-0.011782542281293858,-1.0
2023-09-21 21:00:00,3842.806,3858.812,3835.452,3846.574,134169.0,-0.01211311676312481,-1.0
2023-09-21 22:00:00,3846.821,3851.96,3842.186,3846.815,56585.0,-0.010322565550981743,-1.0
2023-09-21 23:00:00,3845.957,3847.091,3844.304,3845.127,1607.0,-0.012143161981385792,-1.0
2023-09-22 09:00:00,3843.997,3848.153,3834.719,3845.63,99515.0,-0.015043828969505664,-1.0
2023-09-22 10:00:00,3845.532,3865.764,3844.787,3858.902,119226.0,-0.025255111428069403,-1.0
2023-09-22 11:00:00,3859.666,3870.977,3856.266,3870.613,57592.0,-0.02941317047196394,-1.0
2023-09-22 13:00:00,3870.692,3874.171,3863.58,3869.115,41255.0,-0.0277849068843908,-1.0
2023-09-22 14:00:00,3868.734,3880.65,3866.335,3868.278,117673.0,-0.027500091772101103,-1.0
2023-09-22 15:00:00,3867.689,3868.651,3865.764,3866.399,4002.0,-0.02598490223073197,-1.0
2023-09-22 21:00:00,3868.746,3873.376,3860.048,3866.638,106674.0,-0.0259178645634787,-1.0
2023-09-22 22:00:00,3866.854,3870.38,3859.97,3860.674,58332.0,-0.023142073119874935,-1.0
2023-09-22 23:00:00,3860.612,3863.052,3858.332,3860.361,3217.0,-0.024580343651798283,-1.0
2023-09-25 09:00:00,3864.968,3871.58,3823.671,3823.964,218487.0,-0.013075175393910558,-1.0
2023-09-25 10:00:00,3824.209,3833.132,3820.843,3829.556,116664.0,-0.015532348919822551,-1.0
2023-09-25 11:00:00,3829.954,3834.824,3822.788,3823.018,53786.0,-0.013720312067586386,-1.0
2023-09-25 13:00:00,3824.493,3828.831,3817.293,3819.869,61463.0,-0.014044722476085002,-1.0
2023-09-25 14:00:00,3819.942,3821.881,3805.628,3817.18,147267.0,-0.005505897023457062,-1.0
2023-09-25 15:00:00,3816.659,3818.333,3814.977,3814.977,3831.0,-0.0036060505738304744,-1.0
2023-09-25 21:00:00,3815.357,3822.037,3793.793,3799.381,195077.0,0.0010156917666324919,0.0
2023-09-25 22:00:00,3798.483,3809.997,3796.423,3802.055,48510.0,0.00029484055333236754,0.0
2023-09-25 23:00:00,3801.832,3802.721,3798.384,3799.98,2290.0,-0.0028586992563118304,0.0
2023-09-26 09:00:00,3801.194,3817.712,3801.194,3807.106,100642.0,-0.002884605787178089,0.0
2023-09-26 10:00:00,3807.585,3811.821,3796.037,3798.435,72164.0,0.00018060069475985482,0.0
2023-09-26 11:00:00,3799.351,3800.888,3783.155,3787.777,91621.0,0.0028863895630603367,0.0
2023-09-26 13:00:00,3787.943,3790.261,3760.01,3761.445,161208.0,0.008592974242611458,1.0
2023-09-26 14:00:00,3761.912,3763.461,3750.643,3756.766,205032.0,-0.00025873317635439824,0.0
2023-09-26 15:00:00,3756.823,3761.612,3756.486,3761.612,6408.0,-0.0036199905785073497,-1.0
2023-09-26 21:00:00,3761.363,3769.111,3752.779,3761.9,147660.0,-0.006468008187352104,-1.0
2023-09-26 22:00:00,3761.837,3768.342,3759.056,3765.931,44376.0,-0.009141696966832407,-1.0
2023-09-26 23:00:00,3765.756,3768.305,3764.692,3766.423,2018.0,-0.00754429335207436,-1.0
2023-09-27 09:00:00,3766.5,3771.33,3757.077,3771.33,100268.0,-0.00915989849734711,-1.0
2023-09-27 10:00:00,3771.751,3775.047,3761.799,3765.472,80976.0,-0.004911469266004406,-1.0
2023-09-27 11:00:00,3765.423,3777.452,3759.509,3773.965,47892.0,-0.00870145854558798,-1.0
2023-09-27 13:00:00,3774.87,3778.708,3769.319,3770.074,45489.0,-0.007694543926723988,-1.0
2023-09-27 14:00:00,3769.953,3783.884,3769.177,3770.565,98273.0,-0.013106523823352699,-1.0
2023-09-27 15:00:00,3771.258,3771.37,3765.652,3766.22,6094.0,-0.015683098703740038,-1.0
2023-09-27 21:00:00,3769.575,3797.164,3768.65,3796.163,154241.0,-0.0223765417870624,-1.0
2023-09-27 22:00:00,3796.132,3804.175,3790.394,3801.22,88415.0,-0.02429772546708685,-1.0
2023-09-27 23:00:00,3801.33,3804.915,3800.475,3803.24,2822.0,-0.02403739969078986,-1.0
2023-09-28 09:00:00,3805.413,3812.856,3799.4,3803.176,119968.0,-0.024011510379745693,-1.0
2023-09-28 10:00:00,3803.334,3805.928,3787.999,3789.117,75509.0,-0.018092341830563713,-1.0
2023-09-28 11:00:00,3788.814,3797.153,3786.963,3796.124,51934.0,-0.018307884568575683,-1.0
2023-09-28 13:00:00,3793.546,3801.478,3791.668,3799.121,62697.0,-0.01917522500599485,-1.0
2023-09-28 14:00:00,3799.284,3802.968,3794.2,3798.71,98856.0,-0.01954400309578783,-1.0
2023-09-28 15:00:00,3798.641,3799.144,3793.761,3793.767,4784.0,-0.018799783961429277,-1.0
2023-10-09 09:00:00,3757.504,3767.214,3739.0,3755.794,259280.0,-0.010255088537869776,-1.0
2023-10-09 10:00:00,3755.68,3756.386,3745.89,3747.995,58919.0,-0.009865274633504022,-1.0
2023-10-09 11:00:00,3747.951,3747.959,3735.837,3737.568,57345.0,-0.006640414301492418,-1.0
2023-10-09 13:00:00,3737.364,3741.105,3728.808,3731.504,44590.0,-0.004710165123767795,-1.0
2023-10-09 14:00:00,3730.664,3739.014,3722.536,3738.008,86025.0,-0.0032659106133533233,-1.0
2023-10-09 15:00:00,3738.006,3739.292,3736.704,3736.785,3403.0,-0.0029929471457415245,0.0
2023-10-09 21:00:00,3738.813,3756.975,3734.778,3746.978,107092.0,-0.006136411796386298,-1.0
2023-10-09 22:00:00,3746.756,3750.032,3734.487,3741.126,73059.0,-0.0065028550227927175,-1.0
2023-10-09 23:00:00,3741.102,3742.15,3739.336,3741.065,1452.0,-0.00941256032707269,-1.0
2023-10-10 09:00:00,3739.648,3745.656,3719.177,3721.146,127845.0,-0.0007032779686688426,0.0
2023-10-10 10:00:00,3721.155,3723.386,3707.154,3707.154,91027.0,-0.003639989058992462,-1.0
2023-10-10 11:00:00,3707.376,3714.722,3705.972,3711.218,43572.0,0.003883630657105029,1.0
2023-10-10 13:00:00,3711.271,3718.469,3708.013,3708.859,42450.0,0.00473514900404677,1.0
2023-10-10 14:00:00,3708.927,3711.927,3700.051,3711.82,97583.0,0.0028420020367366894,0.0
2023-10-10 15:00:00,3711.722,3713.847,3711.555,3711.856,3301.0,-0.0014927842028354997,0.0
2023-10-10 21:00:00,3713.245,3729.031,3713.245,3720.563,122159.0,-0.0037841047174850093,-1.0
2023-10-10 22:00:00,3720.33,3731.965,3718.255,3726.625,48420.0,-0.003847717438701222,-1.0
2023-10-10 23:00:00,3726.348,3727.216,3725.174,3726.272,1128.0,-0.0011778528244852024,0.0
2023-10-11 09:00:00,3727.688,3736.702,3721.184,3724.468,93446.0,-0.0031054099538510745,-1.0
2023-10-11 10:00:00,3724.231,3729.749,3721.39,3722.445,44917.0,-0.0012712074993720447,0.0
2023-10-11 11:00:00,3722.331,3722.449,3712.501,3717.278,44019.0,0.0008422829823328557,0.0
2023-10-11 13:00:00,3717.199,3719.314,3707.885,3711.02,36457.0,0.0030468712106106258,1.0
2023-10-11 14:00:00,3710.43,3712.749,3681.584,3712.749,216584.0,0.0020944049813225443,0.0
2023-10-11 15:00:00,3712.688,3715.694,3711.799,3713.928,5832.0,-9.61246421578369e-05,0.0
2023-10-11 21:00:00,3715.252,3729.168,3715.252,3725.8,103968.0,-0.0036037897901122266,-1.0
2023-10-11 22:00:00,3725.8,3727.669,3719.159,3725.601,40173.0,-7.435042024093392e-05,0.0
2023-10-11 23:00:00,3724.926,3725.749,3723.985,3723.985,937.0,0.004083528800465061,1.0
2023-10-12 09:00:00,3724.115,3725.211,3703.481,3716.798,84240.0,0.009352404946408287,1.0
2023-10-12 10:00:00,3716.617,3716.617,3701.056,3705.852,43046.0,0.012333466096325523,1.0
2023-10-12 11:00:00,3704.877,3721.448,3702.013,3718.529,44754.0,0.013208448824790659,1.0
2023-10-12 13:00:00,3717.017,3717.294,3690.201,3693.66,111262.0,0.020217616131425236,1.0
2023-10-12 14:00:00,3693.848,3731.06,3688.462,3725.631,176212.0,0.010060846068759944,1.0
2023-10-12 15:00:00,3726.484,3727.382,3724.599,3726.421,4067.0,0.008375865206856657,1.0
2023-10-12 21:00:00,3729.606,3741.855,3717.293,3722.369,101243.0,0.009607859940806424,1.0
2023-10-12 22:00:00,3721.968,3724.065,3704.777,3706.315,48998.0,0.015647347837407274,1.0
2023-10-12 23:00:00,3705.625,3708.757,3704.802,3706.484,2200.0,0.019187726157727954,1.0
2023-10-13 09:00:00,3705.446,3716.023,3702.719,3712.286,73386.0,0.018811858784587188,1.0
2023-10-13 10:00:00,3712.164,3725.184,3705.656,3721.883,60036.0,0.015502099340575757,1.0
2023-10-13 11:00:00,3721.303,3723.21,3705.908,3712.902,47812.0,0.013937884705817713,1.0
2023-10-13 13:00:00,3713.601,3721.685,3713.258,3717.713,32286.0,0.012017334312788447,1.0
2023-10-13 14:00:00,3717.012,3730.961,3716.237,3720.409,83236.0,0.01157560902578179,1.0
2023-10-13 15:00:00,3721.309,3723.283,3720.359,3722.327,2256.0,0.011926947847408283,1.0
2023-10-13 21:00:00,3732.285,3732.392,3714.718,3720.525,101644.0,0.012534252558442696,1.0
2023-10-13 22:00:00,3721.356,3722.851,3702.267,3713.571,71250.0,0.013703252206568805,1.0
2023-10-13 23:00:00,3714.139,3715.097,3710.86,3712.373,2322.0,0.013221731760251416,1.0
2023-10-16 09:00:00,3712.564,3727.484,3708.814,3725.324,121463.0,0.006424676081865562,1.0
2023-10-16 10:00:00,3725.078,3743.924,3723.995,3739.192,101982.0,0.0015532767506990796,0.0
2023-10-16 11:00:00,3739.456,3751.936,3735.272,3751.559,46912.0,-0.0019903725357911465,0.0
2023-10-16 13:00:00,3749.261,3759.063,3748.909,3751.558,73542.0,-0.0023203692972359555,0.0
2023-10-16 14:00:00,3752.257,3772.972,3749.495,3767.645,137941.0,-0.00811939553753071,-1.0
2023-10-16 15:00:00,3767.494,3770.13,3766.407,3768.337,3713.0,-0.010201847658529469,-1.0
2023-10-16 21:00:00,3764.813,3773.217,3760.088,3763.114,111584.0,-0.008795109582117419,-1.0
2023-10-16 22:00:00,3763.002,3766.746,3756.561,3757.633,38732.0,-0.006967684177778881,-1.0
2023-10-16 23:00:00,3758.465,3759.181,3756.909,3758.133,1766.0,-0.0032518806545697035,-1.0
2023-10-17 09:00:00,3758.002,3774.121,3756.711,3764.309,92117.0,-0.003924491852289527,-1.0
2023-10-17 10:00:00,3765.661,3780.275,3762.749,3777.603,65545.0,-0.006009895693115442,-1.0
2023-10-17 11:00:00,3777.734,3788.331,3776.619,3782.121,71162.0,-0.005927626323959457,-1.0
2023-10-17 13:00:00,3779.129,3781.439,3771.333,3779.58,33473.0,-0.005191846713126868,-1.0
2023-10-17 14:00:00,3779.58,3783.104,3760.781,3764.652,69215.0,0.0001120953543647661,0.0
2023-10-17 15:00:00,3764.077,3764.78,3761.958,3762.39,3636.0,-0.002581337926158636,0.0
2023-10-17 21:00:00,3763.225,3768.568,3756.947,3763.475,76764.0,-0.002770577724044968,0.0
2023-10-17 22:00:00,3762.887,3774.536,3761.822,3766.723,40046.0,-0.006128403920330705,-1.0
2023-10-17 23:00:00,3767.029,3768.004,3765.917,3767.159,1317.0,-0.008272281578770637,-1.0
2023-10-18 09:00:00,3767.734,3782.034,3763.583,3764.459,102210.0,-0.008674287593516093,-1.0
2023-10-18 10:00:00,3765.155,3771.156,3753.195,3761.457,73200.0,-0.0074604069646416,-1.0
2023-10-18 11:00:00,3760.911,3771.18,3742.366,3749.258,70745.0,-0.007440938980459516,-1.0
2023-10-18 13:00:00,3748.72,3754.047,3742.41,3745.0,48597.0,-0.006032576769025393,-1.0
2023-10-18 14:00:00,3745.122,3752.137,3731.148,3744.092,93084.0,-0.007449069093387628,-1.0
2023-10-18 15:00:00,3743.97,3744.105,3741.298,3742.853,2767.0,-0.0058385942488257125,-1.0
2023-10-18 21:00:00,3740.165,3741.494,3729.725,3737.054,73179.0,-0.004476788400702804,-1.0
2023-10-18 22:00:00,3737.862,3742.297,3728.365,3729.893,48589.0,-0.010650707674456108,-1.0
2023-10-18 23:00:00,3730.789,3730.792,3727.932,3730.017,1829.0,-0.011259198014378982,-1.0
2023-10-19 09:00:00,3728.482,3737.823,3720.471,3731.451,79758.0,-0.009187310780712424,-1.0
2023-10-19 10:00:00,3732.006,3749.699,3730.219,3745.912,71802.0,-0.01366289437658969,-1.0
2023-10-19 11:00:00,3746.166,3750.641,3740.445,3749.536,31258.0,-0.012148969899208831,-1.0
2023-10-19 13:00:00,3751.696,3764.661,3749.948,3754.9,89512.0,-0.015140216783402995,-1.0
2023-10-19 14:00:00,3755.087,3765.811,3752.026,3759.702,84456.0,-0.012089256010183845,-1.0
2023-10-19 15:00:00,3759.132,3760.794,3758.167,3759.957,2503.0,-0.012705464450790245,-1.0
2023-10-19 21:00:00,3762.147,3774.384,3762.147,3765.074,114982.0,-0.013951385816055739,-1.0
2023-10-19 22:00:00,3764.222,3765.897,3750.709,3752.678,61522.0,-0.010090127636850212,-1.0
2023-10-19 23:00:00,3753.398,3755.32,3752.522,3753.048,1630.0,-0.008745158601755138,-1.0
2023-10-20 09:00:00,3752.929,3761.207,3742.527,3743.639,79207.0,-0.007502325945423755,-1.0
2023-10-20 10:00:00,3744.032,3744.724,3733.892,3735.996,69198.0,-0.007793370228447778,-1.0
2023-10-20 11:00:00,3736.684,3736.684,3724.796,3731.805,58884.0,0.0028768920133823528,0.0
2023-10-20 13:00:00,3731.776,3734.103,3725.813,3733.395,31991.0,0.0034483358980230585,1.0
2023-10-20 14:00:00,3734.116,3736.517,3710.547,3721.36,142172.0,0.01571522239181374,1.0
2023-10-20 15:00:00,3721.445,3724.474,3721.157,3722.408,4777.0,0.018993887827449322,1.0
2023-10-20 21:00:00,3714.974,3722.351,3707.336,3716.202,94863.0,0.020940465561344608,1.0
2023-10-20 22:00:00,3716.189,3723.79,3714.089,3721.0,42149.0,0.02308277344799787,1.0
2023-10-20 23:00:00,3720.982,3721.334,3718.998,3720.324,1595.0,0.021728483863233415,1.0
2023-10-23 09:00:00,3717.65,3717.65,3684.39,3690.167,211591.0,0.0299441732582835,1.0
2023-10-23 10:00:00,3691.28,3703.6,3683.43,3688.02,74826.0,0.028140031778569517,1.0
2023-10-23 11:00:00,3688.035,3699.793,3686.097,3697.169,31207.0,0.024492523874348276,1.0
2023-10-23 13:00:00,3697.119,3703.051,3694.593,3694.732,33013.0,0.025421329611998972,1.0
2023-10-23 14:00:00,3694.444,3704.9,3693.537,3703.983,76660.0,0.0206161853334639,1.0
2023-10-23 15:00:00,3703.27,3704.099,3696.933,3698.05,3776.0,0.019960519733372886,1.0
2023-10-23 21:00:00,3701.129,3719.848,3701.129,3714.25,121227.0,0.015528303156761104,1.0
2023-10-23 22:00:00,3714.936,3717.616,3709.367,3712.185,31951.0,0.01885143116520325,1.0
2023-10-23 23:00:00,3711.292,3713.371,3711.228,3712.546,1297.0,0.017377562459832237,1.0
2023-10-24 09:00:00,3712.559,3720.4,3705.49,3714.813,76758.0,0.01771529280208714,1.0
2023-10-24 10:00:00,3715.074,3726.772,3709.767,3720.227,63769.0,0.017103795010358268,1.0
2023-10-24 11:00:00,3720.05,3722.738,3713.466,3715.553,25969.0,0.019661945341649088,1.0
2023-10-24 13:00:00,3714.848,3716.219,3700.978,3706.88,46728.0,0.022190089779005485,1.0
2023-10-24 14:00:00,3706.881,3757.842,3706.196,3742.541,224239.0,0.012573810146635665,1.0
2023-10-24 15:00:00,3741.737,3747.389,3741.421,3746.269,6369.0,0.011170313717461348,1.0
2023-10-24 21:00:00,3755.571,3781.964,3750.204,3779.842,188664.0,0.002551164837048752,0.0
2023-10-24 22:00:00,3779.982,3798.416,3779.81,3793.111,175016.0,0.00011889976328138614,0.0
2023-10-24 23:00:00,3793.269,3794.769,3789.821,3794.021,4453.0,0.0026771069532824667,0.0
2023-10-25 09:00:00,3791.882,3808.159,3791.882,3806.891,148534.0,0.00036722879641159627,0.0
2023-10-25 10:00:00,3805.944,3806.77,3794.912,3801.161,59939.0,0.007066788278633838,1.0
2023-10-25 11:00:00,3801.485,3807.257,3799.143,3800.666,35850.0,0.009507544204094694,1.0
2023-10-25 13:00:00,3799.936,3799.936,3788.345,3791.801,54359.0,0.012607465423422878,1.0
2023-10-25 14:00:00,3792.636,3800.01,3778.731,3787.722,120275.0,0.013370305423681984,1.0
2023-10-25 15:00:00,3787.369,3790.614,3786.882,3788.657,3682.0,0.011916359807710207,1.0
2023-10-25 21:00:00,3788.616,3792.131,3776.341,3780.345,99973.0,0.014034697891330035,1.0
2023-10-25 22:00:00,3780.047,3780.87,3766.663,3771.865,83770.0,0.017835739083981093,1.0
2023-10-25 23:00:00,3771.785,3773.598,3770.87,3771.926,1175.0,0.01750856193891401,1.0
2023-10-26 09:00:00,3772.609,3784.868,3771.122,3782.165,62022.0,0.01570106010710797,1.0
2023-10-26 10:00:00,3782.848,3784.23,3774.236,3777.061,45658.0,0.019590628798422872,1.0
2023-10-26 11:00:00,3776.765,3781.585,3768.916,3780.622,32383.0,0.018742154068827822,1.0
2023-10-26 13:00:00,3780.897,3788.475,3775.386,3783.857,44395.0,0.017871182764042048,1.0
2023-10-26 14:00:00,3783.174,3792.266,3778.507,3788.608,72819.0,0.0158034296501512,1.0
2023-10-26 15:00:00,3789.143,3790.943,3787.053,3789.136,3007.0,0.011778410698375595,1.0
2023-10-26 21:00:00,3787.71,3799.201,3778.922,3789.599,124911.0,0.011860621664719581,1.0
2023-10-26 22:00:00,3789.581,3793.711,3783.692,3788.116,38406.0,0.012964492111645968,1.0
2023-10-26 23:00:00,3788.772,3790.969,3787.905,3789.485,957.0,0.011206535980482862,1.0
2023-10-27 09:00:00,3788.744,3794.518,3782.121,3793.562,63444.0,0.01164156536785217,1.0
2023-10-27 10:00:00,3793.857,3809.06,3791.03,3804.178,92966.0,0.0107592231488643,1.0
2023-10-27 11:00:00,3804.83,3816.556,3802.865,3808.289,57436.0,0.009385579718345938,1.0
2023-10-27 13:00:00,3810.207,3830.814,3810.207,3828.023,101875.0,0.004265125888741988,1.0
2023-10-27 14:00:00,3828.576,3840.81,3827.692,3836.801,157641.0,0.0031109249606638837,1.0
2023-10-27 15:00:00,3837.445,3840.525,3836.518,3839.606,4429.0,0.003033905041298479,1.0
2023-10-27 21:00:00,3844.475,3844.475,3833.15,3838.365,101290.0,0.0032717055308705643,1.0
2023-10-27 22:00:00,3837.694,3843.101,3830.644,3833.804,56051.0,0.0071970293734369565,1.0
2023-10-27 23:00:00,3833.78,3835.753,3832.633,3833.401,2141.0,0.00512495301169906,1.0
2023-10-30 09:00:00,3833.991,3842.741,3824.983,3839.139,94280.0,0.0029722810244693035,0.0
2023-10-30 10:00:00,3839.603,3844.176,3836.305,3837.967,45182.0,0.004795768176224535,1.0
2023-10-30 11:00:00,3836.831,3842.034,3832.707,3841.549,27114.0,0.004515886690499056,1.0
2023-10-30 13:00:00,3840.031,3853.619,3837.106,3851.056,61509.0,0.0022134188648515853,0.0
2023-10-30 14:00:00,3850.699,3856.634,3848.047,3851.479,75288.0,-0.0008176079890348325,0.0
2023-10-30 15:00:00,3851.174,3852.298,3849.525,3851.479,2950.0,-0.0032029254216366715,-1.0
2023-10-30 21:00:00,3855.817,3864.017,3844.384,3848.481,96193.0,-0.0029401210503572847,0.0
2023-10-30 22:00:00,3848.635,3852.604,3832.61,3833.766,64201.0,0.002983750181935948,0.0
2023-10-30 23:00:00,3833.713,3835.999,3833.387,3834.546,2845.0,0.004062801698036789,1.0
2023-10-31 09:00:00,3833.478,3839.308,3824.5,3837.227,90930.0,0.0034392023198002403,1.0
2023-10-31 10:00:00,3836.099,3842.241,3830.306,3831.952,47080.0,0.005322874608032651,1.0
2023-10-31 11:00:00,3831.595,3840.879,3823.767,3837.725,49688.0,0.003981525513162147,1.0
2023-10-31 13:00:00,3836.544,3849.01,3836.384,3845.108,38289.0,0.001971075974979044,0.0
2023-10-31 14:00:00,3845.108,3850.108,3836.751,3844.032,57627.0,0.006786103757721003,1.0
2023-10-31 15:00:00,3844.995,3844.998,3842.103,3844.35,3122.0,0.009249678099028496,1.0
2023-10-31 21:00:00,3845.197,3856.354,3832.552,3848.737,100548.0,0.008647252332388508,1.0
2023-10-31 22:00:00,3848.723,3859.255,3847.08,3851.255,57277.0,0.009909756689702438,1.0
2023-10-31 23:00:00,3850.956,3852.407,3850.136,3850.923,1151.0,0.012834845048836445,1.0
2023-11-01 09:00:00,3850.417,3869.883,3849.777,3861.396,117770.0,0.005680070109359411,1.0
2023-11-01 10:00:00,3861.553,3863.194,3845.616,3853.047,78827.0,0.010108623123465681,1.0
2023-11-01 11:00:00,3853.047,3862.36,3847.773,3850.55,25133.0,0.011821428107672872,1.0
2023-11-01 13:00:00,3851.07,3856.373,3846.741,3856.373,28017.0,0.010001107258037475,1.0
2023-11-01 14:00:00,3855.726,3864.332,3853.77,3858.897,64865.0,0.01615461620250552,1.0
2023-11-01 15:00:00,3859.074,3860.873,3857.939,3859.58,2978.0,0.016789650687380475,1.0
2023-11-01 21:00:00,3863.949,3868.171,3847.194,3848.33,92923.0,0.019722321110715594,1.0
2023-11-01 22:00:00,3848.99,3852.538,3836.372,3839.143,76120.0,0.016626627348864026,1.0
2023-11-01 23:00:00,3838.963,3839.621,3836.824,3837.166,1760.0,0.018039094477538903,1.0
2023-11-02 09:00:00,3837.508,3853.397,3836.848,3845.205,96600.0,0.017976674845684496,1.0
2023-11-02 10:00:00,3844.888,3850.284,3837.558,3850.125,53385.0,0.0165114119671439,1.0
2023-11-02 11:00:00,3849.966,3857.745,3846.418,3850.424,50982.0,0.012064125924833273,1.0
2023-11-02 13:00:00,3851.069,3854.146,3844.163,3852.349,43942.0,0.011181229945677199,1.0
2023-11-02 14:00:00,3851.531,3855.777,3844.669,3853.005,63413.0,0.013000502205421455,1.0
2023-11-02 15:00:00,3853.162,3853.982,3851.868,3852.687,2023.0,0.011850949739753036,1.0
2023-11-02 21:00:00,3851.568,3873.511,3846.054,3870.118,170876.0,0.006923819893863773,1.0
2023-11-02 22:00:00,3870.123,3889.582,3867.196,3879.909,122394.0,0.00344673032279882,1.0
2023-11-02 23:00:00,3880.712,3883.155,3879.736,3882.018,2190.0,0.0024513023896334525,0.0
2023-11-03 09:00:00,3882.672,3890.557,3879.458,3889.42,88585.0,-0.00035429447064090695,0.0
2023-11-03 10:00:00,3889.409,3903.606,3884.029,3900.349,73150.0,0.0007732641361066975,0.0
2023-11-03 11:00:00,3900.177,3901.495,3877.947,3883.329,63333.0,0.0012422331458394626,0.0
2023-11-03 13:00:00,3883.331,3893.294,3878.115,3891.996,34004.0,-0.001209662085983666,0.0
2023-11-03 14:00:00,3891.348,3898.858,3882.806,3896.069,83084.0,-0.005369001421689431,-1.0
2023-11-03 15:00:00,3896.058,3896.078,3891.637,3894.941,3753.0,-0.005231658194565708,-1.0
2023-11-03 21:00:00,3898.708,3926.92,3891.332,3921.236,131369.0,-0.011832238610478924,-1.0
2023-11-03 22:00:00,3920.59,3926.481,3918.333,3924.381,52145.0,-0.011885441296347126,-1.0
2023-11-03 23:00:00,3924.232,3926.027,3923.248,3924.228,2053.0,-0.009928067380386674,-1.0
2023-11-06 09:00:00,3921.136,3921.297,3888.285,3902.975,206915.0,-0.00031540043172189605,0.0
2023-11-06 10:00:00,3904.119,3908.578,3896.24,3906.385,79686.0,-0.002532264484939472,0.0
2023-11-06 11:00:00,3906.554,3915.623,3905.426,3914.329,43374.0,0.004888960534487448,1.0
2023-11-06 13:00:00,3913.368,3918.082,3907.426,3913.696,44567.0,0.005542075828066374,1.0
2023-11-06 14:00:00,3914.334,3916.773,3894.284,3896.876,87199.0,0.014532410063856242,1.0
2023-11-06 15:00:00,3896.241,3898.023,3895.102,3895.423,3576.0,0.01241148907320217,1.0
2023-11-06 21:00:00,3900.497,3905.984,3887.257,3903.096,110925.0,0.010678958447345399,1.0
2023-11-06 22:00:00,3902.468,3904.093,3894.959,3898.345,39492.0,0.011392270309580106,1.0
2023-11-06 23:00:00,3898.191,3899.166,3896.402,3896.914,1559.0,0.011735183275792016,1.0
2023-11-07 09:00:00,3896.717,3900.059,3883.695,3893.282,84835.0,0.010865896690761068,1.0
2023-11-07 10:00:00,3893.282,3894.095,3882.676,3891.534,54756.0,0.012435199075737183,1.0
2023-11-07 11:00:00,3891.718,3898.419,3884.85,3888.042,36673.0,0.014857864189738699,1.0
2023-11-07 13:00:00,3888.832,3904.156,3887.207,3903.365,42683.0,0.011035606457505261,1.0
2023-11-07 14:00:00,3904.163,3910.869,3875.449,3888.153,140224.0,0.019368322182794825,1.0
2023-11-07 15:00:00,3888.153,3889.757,3885.848,3887.288,3449.0,0.021101858159210226,1.0
2023-11-07 21:00:00,3879.746,3882.296,3863.246,3875.151,132104.0,0.02429737576677656,1.0
2023-11-07 22:00:00,3875.571,3885.215,3871.204,3874.564,48701.0,0.026112873603326706,1.0
2023-11-07 23:00:00,3874.707,3874.904,3872.594,3874.839,812.0,0.02357310845689333,1.0
2023-11-08 09:00:00,3873.149,3882.802,3867.958,3877.738,61529.0,0.02688577722373206,1.0
2023-11-08 10:00:00,3877.217,3891.35,3873.378,3885.268,64636.0,0.023660143907704677,1.0
2023-11-08 11:00:00,3885.051,3904.514,3884.854,3901.744,62419.0,0.018962033388146345,1.0
2023-11-08 13:00:00,3900.038,3900.847,3887.637,3896.493,44394.0,0.02157093571065056,1.0
2023-11-08 14:00:00,3895.876,3937.375,3894.345,3933.466,215657.0,0.01225128169405813,1.0
2023-11-08 15:00:00,3933.471,3935.572,3932.325,3935.386,5447.0,0.013118154102291363,1.0
2023-11-08 21:00:00,3926.47,3955.929,3926.47,3953.507,150945.0,0.00903021039294986,1.0
2023-11-08 22:00:00,3953.519,3955.365,3940.208,3943.771,56549.0,0.00415262448047819,1.0
2023-11-08 23:00:00,3943.765,3944.942,3942.781,3944.777,1265.0,0.0011288344055950374,0.0
2023-11-09 09:00:00,3944.375,3949.563,3935.293,3942.756,71507.0,0.0038313301660057642,1.0
2023-11-09 10:00:00,3942.388,3951.186,3938.121,3942.645,50950.0,0.007096251374394617,1.0
2023-11-09 11:00:00,3942.176,3946.257,3928.123,3935.586,45070.0,0.005444424286497649,1.0
2023-11-09 13:00:00,3932.766,3944.203,3929.463,3939.926,47713.0,0.004453890758354403,1.0
2023-11-09 14:00:00,3940.349,3962.595,3937.801,3945.81,147958.0,-0.0016848251689767471,0.0
2023-11-09 15:00:00,3945.609,3947.576,3944.834,3946.441,2511.0,-0.001392900590684073,0.0
2023-11-09 21:00:00,3956.614,3969.363,3947.774,3963.46,127145.0,-0.005384689135250538,-1.0
2023-11-09 22:00:00,3963.418,3973.061,3960.667,3969.317,59800.0,-0.00519459645072443,-1.0
2023-11-09 23:00:00,3969.172,3970.602,3967.468,3969.307,1404.0,-0.004364993687814918,-1.0
2023-11-10 09:00:00,3965.629,3976.512,3964.468,3975.74,62168.0,-0.006880731637380656,-1.0
2023-11-10 10:00:00,3975.535,3981.456,3958.178,3966.181,64566.0,-0.007997365727887873,-1.0
2023-11-10 11:00:00,3966.791,3984.106,3966.178,3981.994,54365.0,-0.009217743673144643,-1.0
2023-11-10 13:00:00,3981.544,3981.544,3973.595,3977.194,37037.0,-0.00800790708222937,-1.0
2023-11-10 14:00:00,3978.012,3978.216,3967.015,3975.729,73928.0,0.007707265761826392,1.0
2023-11-10 15:00:00,3976.102,3981.164,3974.301,3980.544,4252.0,0.011783816483375124,1.0
2023-11-10 21:00:00,3979.795,3983.419,3966.566,3981.656,98452.0,0.011306350925343633,1.0
2023-11-10 22:00:00,3981.663,3987.173,3977.888,3987.011,44259.0,0.005237256681759809,1.0
2023-11-10 23:00:00,3986.974,3990.757,3986.794,3989.208,9224.0,0.004856352438880111,1.0
2023-11-13 09:00:00,3992.294,3999.802,3951.564,3960.148,211287.0,0.014406027249486565,1.0
2023-11-13 10:00:00,3959.999,3960.609,3937.459,3949.23,108564.0,0.009622128870691249,1.0
2023-11-13 11:00:00,3949.023,3960.228,3947.494,3957.862,33219.0,0.00934595496255296,1.0
2023-11-13 13:00:00,3957.568,3973.317,3957.039,3970.623,44718.0,0.006582342367935703,1.0
2023-11-13 14:00:00,3971.234,3972.818,3943.735,3957.013,104501.0,0.007347714045923093,1.0
2023-11-13 15:00:00,3956.607,3957.474,3956.034,3957.474,1686.0,0.007972762423707567,1.0
2023-11-13 21:00:00,3961.65,3965.195,3928.771,3939.162,155786.0,0.012069064435532323,1.0
2023-11-13 22:00:00,3938.77,3945.447,3932.838,3940.944,44719.0,0.01883812609364666,1.0
2023-11-13 23:00:00,3940.967,3943.18,3940.432,3942.118,1452.0,0.01899790924574056,1.0
2023-11-14 09:00:00,3942.935,3955.827,3940.798,3948.698,70197.0,0.018905978628905022,1.0
2023-11-14 10:00:00,3947.881,3953.936,3934.513,3951.981,53026.0,0.019406975893861814,1.0
2023-11-14 11:00:00,3951.971,3952.406,3936.677,3948.384,30823.0,0.02446443912243586,1.0
2023-11-14 13:00:00,3946.086,3948.271,3932.138,3934.462,36024.0,0.02783125113420849,1.0
2023-11-14 14:00:00,3934.343,3948.821,3926.099,3945.289,117550.0,0.02866380637768234,1.0
2023-11-14 15:00:00,3945.942,3946.109,3943.492,3945.345,2326.0,0.024483536927695806,1.0
2023-11-14 21:00:00,3960.688,4007.512,3958.786,4006.371,226200.0,0.008590567373815335,1.0
2023-11-14 22:00:00,4005.772,4034.653,4002.087,4027.45,149237.0,-0.0013137344970141685,0.0
2023-11-14 23:00:00,4027.827,4028.868,4024.867,4026.674,3254.0,0.0003712741582755125,0.0
2023-11-15 09:00:00,4025.789,4028.88,4004.751,4007.892,103230.0,0.0064522696719373,1.0
2023-11-15 10:00:00,4008.647,4014.907,4005.04,4008.581,52732.0,0.005149952065331791,1.0
2023-11-15 11:00:00,4008.581,4021.34,4006.785,4017.198,27061.0,-0.002120383411522168,0.0
2023-11-15 13:00:00,4017.266,4019.38,3985.5,3987.23,78575.0,0.00475743812120195,1.0
2023-11-15 14:00:00,3986.676,4004.273,3974.511,3994.852,191007.0,0.003999146902062984,1.0
2023-11-15 15:00:00,3994.631,3997.359,3993.655,3996.759,2559.0,0.0012472605928954253,0.0
2023-11-15 21:00:00,4006.297,4006.297,3982.311,3986.088,151126.0,0.004237487983205494,1.0
2023-11-15 22:00:00,3986.243,3991.98,3984.424,3989.026,41464.0,0.007009480509778638,1.0
2023-11-15 23:00:00,3988.951,3990.005,3986.473,3986.704,975.0,0.009002173223795814,1.0
2023-11-16 09:00:00,3987.608,4018.72,3987.583,4015.184,99257.0,0.004225460153258205,1.0
2023-11-16 10:00:00,4015.184,4017.011,4000.51,4017.01,65852.0,0.0010746799236247874,0.0
2023-11-16 11:00:00,4016.188,4033.657,4013.249,4023.352,93158.0,0.0037563206003353136,1.0
2023-11-16 13:00:00,4022.829,4034.745,4014.02,4028.677,81138.0,0.0028304577408414205,0.0
2023-11-16 14:00:00,4028.083,4046.587,4025.912,4044.979,112163.0,0.0016264608543085585,0.0
2023-11-16 15:00:00,4044.636,4045.541,4042.674,4043.963,4097.0,0.004725315241509362,1.0
2023-11-16 21:00:00,4054.185,4066.96,4047.511,4058.376,130534.0,0.001190870436844597,0.0
2023-11-16 22:00:00,4058.949,4059.776,4039.978,4041.941,63772.0,0.006117110566433395,1.0
2023-11-16 23:00:00,4041.204,4042.195,4039.643,4040.788,2163.0,0.0026811602093452644,0.0
2023-11-17 09:00:00,4040.299,4040.871,4018.64,4022.159,122648.0,0.004468992896601032,1.0
2023-11-17 10:00:00,4023.173,4031.211,4018.367,4028.169,46998.0,0.0005116468549358652,0.0
2023-11-17 11:00:00,4027.588,4034.332,4025.283,4033.752,21146.0,-0.004120977194433383,-1.0
2023-11-17 13:00:00,4033.455,4038.786,4028.978,4029.225,33875.0,-0.004048173035757421,-1.0
2023-11-17 14:00:00,4029.958,4030.543,4001.02,4008.68,127664.0,0.002102936627518358,0.0
2023-11-17 15:00:00,4008.656,4009.265,4006.199,4006.199,3431.0,0.004482303550073244,1.0
2023-11-17 21:00:00,4002.415,4017.579,3984.898,4010.828,151295.0,0.0036371542235169876,1.0
2023-11-17 22:00:00,4010.828,4013.262,3998.58,4001.744,53645.0,0.0032125993067022196,1.0
2023-11-17 23:00:00,4001.735,4004.114,4001.579,4002.979,1586.0,0.0007574358996138009,0.0
2023-11-20 09:00:00,4003.232,4025.179,3990.277,4016.987,115798.0,-0.002029879608771449,0.0
2023-11-20 10:00:00,4016.667,4025.859,4012.747,4022.593,51172.0,-0.0020208358141129133,0.0
2023-11-20 11:00:00,4021.756,4035.203,4018.72,4032.15,46151.0,0.0028027231129794106,0.0
2023-11-20 13:00:00,4032.573,4043.399,4018.286,4021.327,64327.0,0.007246115523557191,1.0
2023-11-20 14:00:00,4021.662,4047.6,4019.94,4038.465,97709.0,0.00036746635169548913,0.0
2023-11-20 15:00:00,4037.81,4041.228,4037.356,4040.08,3500.0,-0.00675432169660007,-1.0
2023-11-20 21:00:00,4044.286,4066.66,4044.286,4051.558,151809.0,-0.011514829603821492,-1.0
2023-11-20 22:00:00,4051.137,4067.838,4044.806,4063.072,67533.0,-0.014520294004142752,-1.0
2023-11-20 23:00:00,4063.236,4064.595,4061.705,4063.209,1812.0,-0.015692522831092303,-1.0
2023-11-21 09:00:00,4063.527,4068.071,4050.967,4066.666,95344.0,-0.019622462233190585,-1.0
2023-11-21 10:00:00,4067.505,4068.939,4048.986,4051.622,65730.0,-0.014456432510239026,-1.0
2023-11-21 11:00:00,4051.766,4052.909,4031.255,4040.134,58720.0,-0.007473514492341086,-1.0
2023-11-21 13:00:00,4040.841,4044.551,4027.864,4030.23,65414.0,-0.005524250477019953,-1.0
2023-11-21 14:00:00,4030.189,4031.023,4013.461,4017.129,144199.0,-0.00619073970489862,-1.0
2023-11-21 15:00:00,4017.114,4017.704,4012.343,4012.914,6040.0,-0.005248305844580808,-1.0
2023-11-21 21:00:00,4007.473,4029.036,3999.157,4017.11,174794.0,-0.005580130989691636,-1.0
2023-11-21 22:00:00,4017.25,4027.761,4013.892,4024.156,47157.0,-0.003908645688685979,-1.0
2023-11-21 23:00:00,4024.433,4025.961,4023.456,4025.416,1261.0,-0.004801491324126494,-1.0
2023-11-22 09:00:00,4025.144,4030.202,4012.101,4014.6,94882.0,-0.0023245155183579634,0.0
2023-11-22 10:00:00,4014.479,4017.268,4003.219,4006.011,58323.0,0.0008439817064905359,0.0
2023-11-22 11:00:00,4005.62,4021.476,4000.416,4008.833,45435.0,0.009468341534805734,1.0
2023-11-22 13:00:00,4008.965,4021.185,4000.274,4014.464,63954.0,0.008610863118961887,1.0
2023-11-22 14:00:00,4014.604,4048.228,4003.56,4043.451,174601.0,-0.007076381041837734,-1.0
2023-11-22 15:00:00,4044.447,4050.747,4043.431,4050.466,7323.0,-0.007165348382136693,-1.0
2023-11-22 21:00:00,4048.843,4065.082,4038.978,4039.949,180179.0,-0.004126289713063227,-1.0
2023-11-22 22:00:00,4040.375,4045.01,4005.656,4012.792,118569.0,0.0011373627140405748,0.0
2023-11-22 23:00:00,4012.242,4013.077,4001.451,4004.905,10265.0,0.005650570987326704,1.0
2023-11-23 09:00:00,4002.088,4011.377,3991.394,4004.075,162411.0,0.007417443479455373,1.0
2023-11-23 10:00:00,4003.938,4033.0,3992.16,3999.447,174752.0,0.010983768505995976,1.0
2023-11-23 11:00:00,3999.596,4003.365,3974.161,3986.868,144400.0,0.015826207439022362,1.0
2023-11-23 13:00:00,3986.303,3998.814,3981.139,3993.05,77328.0,0.014570315923917766,1.0
2023-11-23 14:00:00,3992.652,4015.014,3992.515,4009.94,126073.0,0.006129767527693663,1.0
2023-11-23 15:00:00,4009.936,4010.506,4006.395,4007.966,2988.0,0.006441920914498766,1.0
2023-11-23 21:00:00,4016.19,4020.364,3988.43,3992.26,127766.0,0.010801400710374534,1.0
2023-11-23 22:00:00,3992.551,3998.038,3981.511,3991.853,68952.0,0.011903744952532077,1.0
2023-11-23 23:00:00,3991.988,3994.941,3991.819,3994.694,2340.0,0.0034608408053282223,1.0
2023-11-24 09:00:00,3994.985,4009.403,3991.602,4008.427,90406.0,0.0026020181981609835,0.0
2023-11-24 10:00:00,4008.286,4011.895,4000.166,4006.088,63519.0,-0.000627045636541227,0.0
2023-11-24 11:00:00,4005.397,4006.236,3990.697,4005.268,43299.0,0.0008134287143831101,0.0
2023-11-24 13:00:00,4004.314,4010.368,3995.221,4009.392,48747.0,-0.0002449249162965285,0.0
2023-11-24 14:00:00,4009.943,4059.509,4007.239,4046.79,255095.0,-0.008505506833811509,-1.0
2023-11-24 15:00:00,4047.771,4051.538,4046.329,4049.032,6210.0,-0.008867551553062607,-1.0
2023-11-24 21:00:00,4048.161,4053.562,4013.114,4014.838,201269.0,-0.0011975576598607447,0.0
2023-11-24 22:00:00,4014.531,4033.32,4014.223,4021.443,64290.0,0.0003342083923605522,0.0
2023-11-24 23:00:00,4020.804,4024.388,4020.058,4023.279,2810.0,-0.0029687227756265374,0.0
2023-11-27 09:00:00,4020.818,4039.757,4008.34,4017.356,154305.0,-0.0004015078574067829,0.0
2023-11-27 10:00:00,4016.689,4027.535,4010.944,4027.535,76074.0,-0.004970285795157591,-1.0
2023-11-27 11:00:00,4027.709,4035.949,4026.021,4033.775,46982.0,-0.007102528028955529,-1.0
2023-11-27 13:00:00,4036.353,4051.735,4036.353,4043.376,78390.0,-0.00923238402760475,-1.0
2023-11-27 14:00:00,4043.995,4054.278,4034.852,4049.965,91179.0,-0.019399920740055768,-1.0
2023-11-27 15:00:00,4050.138,4052.295,4048.983,4051.23,2818.0,-0.01849388951009946,-1.0
2023-11-27 21:00:00,4044.205,4046.372,4021.266,4034.52,163551.0,-0.014503831930440319,-1.0
2023-11-27 22:00:00,4034.52,4041.807,4026.693,4033.785,60620.0,-0.016514018471485228,-1.0
2023-11-27 23:00:00,4033.727,4036.839,4033.057,4035.382,1724.0,-0.009877875254436848,-1.0
2023-11-28 09:00:00,4035.906,4046.089,4025.616,4039.371,146841.0,-0.012154120035025319,-1.0
2023-11-28 10:00:00,4039.507,4042.832,4007.379,4008.519,148572.0,-0.0014541530176106745,0.0
2023-11-28 11:00:00,4008.519,4021.19,4006.388,4018.857,74744.0,-0.00182041809400031,0.0
2023-11-28 13:00:00,4017.27,4017.27,4001.606,4003.576,89045.0,0.0015521124115041008,0.0
2023-11-28 14:00:00,4004.07,4023.609,3991.86,4008.526,180198.0,0.0056596863784843495,1.0
2023-11-28 15:00:00,4008.747,4009.535,4006.436,4008.41,4071.0,0.0047455225388620265,1.0
2023-11-28 21:00:00,4008.309,4019.568,4001.687,4012.37,109120.0,0.003559741499413041,1.0
2023-11-28 22:00:00,4011.538,4015.571,4000.478,4013.127,46898.0,0.002013641731248508,0.0
2023-11-28 23:00:00,4012.957,4013.598,4009.89,4010.03,1552.0,-0.000651865447390676,0.0
2023-11-29 09:00:00,4011.265,4030.924,4011.265,4022.787,131718.0,-0.003076971263952007,-1.0
2023-11-29 10:00:00,4022.186,4022.647,4009.046,4011.335,82365.0,0.0038144408283027798,1.0
2023-11-29 11:00:00,4011.796,4017.826,4007.119,4015.743,48404.0,0.00401868346654652,1.0
2023-11-29 13:00:00,4014.338,4016.18,4003.729,4007.517,64424.0,0.005940336622402361,1.0
2023-11-29 14:00:00,4007.98,4013.249,3999.974,4005.125,117125.0,0.004535189288723876,1.0
2023-11-29 15:00:00,4005.476,4006.788,4003.533,4006.046,3606.0,0.0021589866916157086,0.0
2023-11-29 21:00:00,4004.883,4011.475,3963.441,3971.396,309589.0,0.011210919283798363,1.0
2023-11-29 22:00:00,3971.396,3981.807,3969.433,3976.307,67728.0,0.006631530211324262,1.0
2023-11-29 23:00:00,3975.71,3976.963,3973.232,3976.004,1949.0,0.0061700139134669265,1.0
2023-11-30 09:00:00,3976.835,3981.223,3964.029,3967.171,114076.0,0.007979993804149193,1.0
2023-11-30 10:00:00,3967.044,3999.084,3959.993,3995.521,153380.0,-0.0027998851714207866,0.0
2023-11-30 11:00:00,3995.354,4000.498,3988.48,3990.276,65610.0,-0.0021376967407767647,0.0
2023-11-30 13:00:00,3985.832,4007.014,3981.2,4002.69,90351.0,-0.005499301719593616,-1.0
2023-11-30 14:00:00,4002.41,4022.275,4000.881,4011.541,163474.0,-0.010346398055011804,-1.0
2023-11-30 15:00:00,4011.397,4012.408,4009.342,4009.79,3380.0,-0.006327762800545676,-1.0
2023-11-30 21:00:00,4016.074,4038.143,4006.451,4031.213,194260.0,-0.011305530122074987,-1.0
2023-11-30 22:00:00,4031.671,4033.636,4023.014,4027.432,48980.0,-0.012530317085428058,-1.0
2023-11-30 23:00:00,4027.286,4028.102,4025.144,4026.653,1556.0,-0.013188124231216302,-1.0
2023-12-01 09:00:00,4025.225,4029.474,4016.149,4021.208,98970.0,-0.011444073522185431,-1.0
2023-12-01 10:00:00,4021.208,4022.508,4007.404,4007.416,69346.0,-0.006973321462009475,-1.0
2023-12-01 11:00:00,4007.404,4011.696,4002.05,4010.409,42290.0,-0.009199809794961059,-1.0
2023-12-01 13:00:00,4010.594,4028.94,4009.424,4026.636,59909.0,-0.013589507469758826,-1.0
2023-12-01 14:00:00,4026.647,4041.293,4022.05,4031.881,105329.0,-0.017938525467393513,-1.0
2023-12-01 15:00:00,4031.486,4033.574,4028.622,4031.323,3908.0,-0.013024260273860382,-1.0
2023-12-01 21:00:00,4034.12,4039.123,4013.86,4023.289,143190.0,-0.011633765309924302,-1.0
2023-12-01 22:00:00,4023.289,4027.095,4011.87,4014.695,86256.0,-0.005331164633926176,-1.0
2023-12-01 23:00:00,4014.294,4017.517,4013.615,4015.919,2470.0,-0.0061248745305868355,-1.0
2023-12-04 09:00:00,4017.424,4033.623,4002.676,4002.676,158410.0,-0.0030187304693160485,-1.0
2023-12-04 10:00:00,4002.658,4007.945,3993.684,4000.536,109770.0,0.0013798151047759554,0.0
2023-12-04 11:00:00,4000.39,4004.499,3992.14,3998.829,47579.0,0.005772189808566428,1.0
2023-12-04 13:00:00,3997.752,4004.355,3983.704,3984.334,54174.0,0.009905294084281174,1.0
2023-12-04 14:00:00,3983.704,3993.499,3977.588,3981.746,115266.0,0.023526864847732597,1.0
2023-12-04 15:00:00,3981.684,3983.015,3980.024,3980.678,3114.0,0.023986114928160537,1.0
2023-12-04 21:00:00,3982.436,3986.436,3967.082,3970.036,137994.0,0.026632000314354837,1.0
2023-12-04 22:00:00,3970.558,3988.256,3968.08,3984.417,53147.0,0.02468943386196777,1.0
2023-12-04 23:00:00,3984.173,3986.248,3984.12,3985.638,1054.0,0.026269069092576914,1.0
2023-12-05 09:00:00,3985.638,3991.329,3975.695,3976.967,74775.0,0.030657785191579343,1.0
2023-12-05 10:00:00,3976.84,3985.69,3971.461,3973.549,54197.0,0.03277196279698588,1.0
2023-12-05 11:00:00,3973.41,3980.452,3966.201,3975.189,49664.0,0.03427761547941488,1.0
2023-12-05 13:00:00,3976.409,3982.316,3970.903,3979.471,34243.0,0.03284783329241502,1.0
2023-12-05 14:00:00,3979.552,3983.601,3964.897,3973.514,75740.0,0.039226739857969414,1.0
2023-12-05 15:00:00,3972.586,3973.845,3971.042,3971.916,3239.0,0.0441174989601995,1.0
2023-12-05 21:00:00,3970.102,3970.237,3953.336,3959.555,148024.0,0.0469898763876243,1.0
2023-12-05 22:00:00,3958.77,3983.14,3955.646,3978.818,63249.0,0.04375043040420542,1.0
2023-12-05 23:00:00,3979.865,3980.183,3975.571,3976.483,1420.0,0.04347887316505566,1.0
2023-12-06 09:00:00,3976.221,3994.084,3970.098,3993.292,98944.0,0.038419679803029634,1.0
2023-12-06 10:00:00,3993.252,3996.727,3986.496,3991.322,60949.0,0.03670012091231927,1.0
2023-12-06 11:00:00,3990.63,3993.397,3987.403,3990.593,22303.0,0.037884845685841675,1.0
2023-12-06 13:00:00,3992.998,4017.276,3992.998,4006.056,96913.0,0.03444385200805978,1.0
2023-12-06 14:00:00,4006.224,4023.416,4005.065,4021.911,91635.0,0.03366036692507614,1.0
2023-12-06 15:00:00,4022.617,4024.55,4021.36,4023.8,5979.0,0.03137805059893633,1.0
2023-12-06 21:00:00,4022.836,4075.874,4018.394,4075.424,329390.0,0.018183384109236356,1.0
2023-12-06 22:00:00,4075.523,4090.363,4074.834,4076.159,145735.0,0.010680397894194095,1.0
2023-12-06 23:00:00,4077.793,4078.623,4074.31,4075.766,2983.0,0.010437547199716499,1.0
2023-12-07 09:00:00,4072.502,4095.117,4065.967,4082.79,142302.0,0.009235351316134342,1.0
2023-12-07 10:00:00,4082.914,4093.092,4077.526,4090.337,59518.0,0.009448854703169907,1.0
2023-12-07 11:00:00,4091.407,4104.604,4090.596,4098.892,68446.0,0.004708345572413223,1.0
2023-12-07 13:00:00,4098.985,4110.828,4093.47,4103.77,66541.0,0.00373583314854371,1.0
2023-12-07 14:00:00,4104.153,4116.161,4096.428,4111.449,88087.0,0.0009894321928838742,0.0
2023-12-07 15:00:00,4110.958,4112.03,4107.184,4110.188,6373.0,0.004872526512169284,1.0
2023-12-07 21:00:00,4114.905,4134.943,4097.797,4129.382,198733.0,0.000413136881015157,0.0
2023-12-07 22:00:00,4129.303,4162.606,4129.303,4147.147,182280.0,-0.0020028226633875255,0.0
2023-12-07 23:00:00,4148.062,4148.829,4145.591,4145.614,2614.0,-0.0026780110256284986,0.0
2023-12-08 09:00:00,4145.614,4157.129,4141.101,4152.893,81554.0,-0.0028310385073729584,0.0
2023-12-08 10:00:00,4153.276,4164.414,4143.107,4149.376,100131.0,-0.0013223675077891422,0.0
2023-12-08 11:00:00,4149.431,4150.511,4140.508,4146.713,50223.0,0.000484238962281646,0.0
2023-12-08 13:00:00,4146.157,4146.753,4123.267,4137.804,79181.0,0.0035335168122994937,1.0
2023-12-08 14:00:00,4137.671,4147.497,4131.09,4141.776,87930.0,-0.0037836425726548895,-1.0
2023-12-08 15:00:00,4141.655,4144.717,4140.687,4144.04,3676.0,-0.006658960820841559,-1.0
2023-12-08 21:00:00,4144.09,4161.301,4130.529,4157.29,149382.0,-0.009824669436099009,-1.0
2023-12-08 22:00:00,4157.29,4170.131,4141.257,4150.059,91641.0,-0.007642060028544207,-1.0
2023-12-08 23:00:00,4150.009,4150.165,4146.891,4149.529,3719.0,-0.01675828750684732,-1.0
2023-12-11 09:00:00,4145.168,4145.168,4115.694,4119.694,174329.0,-0.012801436223175866,-1.0
2023-12-11 10:00:00,4118.714,4128.892,4109.11,4118.307,74558.0,-0.017737871411723248,-1.0
2023-12-11 11:00:00,4118.104,4124.361,4115.664,4120.496,26910.0,-0.015056439807246497,-1.0
2023-12-11 13:00:00,4124.174,4135.295,4122.788,4128.986,55142.0,-0.017291896848281803,-1.0
2023-12-11 14:00:00,4128.911,4137.001,4113.53,4118.191,84127.0,-0.012890125785812225,-1.0
2023-12-11 15:00:00,4118.073,4120.02,4117.282,4119.101,3490.0,-0.011343009069211827,-1.0
2023-12-11 21:00:00,4113.376,4133.96,4110.285,4115.517,102014.0,-0.010205522173763285,-1.0
2023-12-11 22:00:00,4115.71,4132.895,4115.504,4130.215,45306.0,-0.014889055412369658,-1.0
2023-12-11 23:00:00,4130.631,4131.791,4129.79,4131.088,1236.0,-0.012588451274821525,-1.0
2023-12-12 09:00:00,4128.013,4147.016,4122.15,4138.841,97901.0,-0.013772213042250282,-1.0
2023-12-12 10:00:00,4139.02,4140.263,4116.794,4134.512,88718.0,-0.020245194596121556,-1.0
2023-12-12 11:00:00,4135.618,4144.472,4132.525,4141.136,31333.0,-0.022171452471012907,-1.0
2023-12-12 13:00:00,4142.626,4152.32,4141.149,4143.889,40250.0,-0.023426061846733893,-1.0
2023-12-12 14:00:00,4143.846,4152.255,4140.435,4148.721,56275.0,-0.020096555058775837,-1.0
2023-12-12 15:00:00,4149.635,4153.073,4147.73,4152.425,4649.0,-0.02167432283545162,-1.0
2023-12-12 21:00:00,4144.917,4147.475,4125.309,4126.105,118112.0,-0.015070387205366756,-1.0
2023-12-12 22:00:00,4125.917,4129.788,4113.692,4116.445,82566.0,-0.013881638161083065,-1.0
2023-12-12 23:00:00,4116.125,4117.134,4114.377,4116.446,1701.0,-0.01112294440398339,-1.0
2023-12-13 09:00:00,4116.084,4119.99,4104.605,4118.344,105542.0,-0.012685681429234697,-1.0
2023-12-13 10:00:00,4118.278,4118.796,4079.347,4079.99,112204.0,-0.0135769940612599,-1.0
2023-12-13 11:00:00,4079.256,4082.094,4066.956,4066.956,169527.0,-0.008815438377007353,-1.0
2023-12-13 13:00:00,4065.33,4066.31,4040.404,4045.257,163561.0,-0.002942211088195396,0.0
2023-12-13 14:00:00,4045.226,4065.312,4041.21,4058.456,120234.0,-0.009896374384741441,-1.0
2023-12-13 15:00:00,4058.51,4059.673,4056.164,4057.588,6052.0,-0.009556909178556386,-1.0
2023-12-13 21:00:00,4059.277,4066.41,4048.219,4065.107,102237.0,-0.011872996208955846,-1.0
2023-12-13 22:00:00,4065.635,4075.655,4061.382,4072.378,63957.0,-0.013984703777498065,-1.0
2023-12-13 23:00:00,4072.428,4074.198,4072.071,4073.516,1187.0,-0.015685221317407426,-1.0
2023-12-14 09:00:00,4080.359,4092.352,4067.457,4068.72,113336.0,-0.010885978882793586,-1.0
2023-12-14 10:00:00,4069.041,4080.044,4058.4,4079.084,73231.0,-0.012384643218918764,-1.0
2023-12-14 11:00:00,4078.916,4084.52,4074.383,4081.84,35603.0,-0.01384596162514951,-1.0
2023-12-14 13:00:00,4080.504,4081.609,4049.981,4050.808,69691.0,-0.0066641025691664205,-1.0
2023-12-14 14:00:00,4050.808,4062.636,4046.175,4049.321,88090.0,-0.00477660328731659,-1.0
2023-12-14 15:00:00,4048.939,4050.411,4045.316,4046.814,4875.0,-0.004396545035180741,-1.0
2023-12-14 21:00:00,4054.981,4074.949,4045.85,4065.346,112063.0,-0.009203398677504932,-1.0
2023-12-14 22:00:00,4066.307,4074.447,4057.067,4062.424,48113.0,-0.009653349822667426,-1.0
2023-12-14 23:00:00,4061.645,4064.732,4061.481,4063.923,1271.0,-0.005216142136551275,-1.0
2023-12-15 09:00:00,4063.923,4077.955,4055.652,4059.302,82830.0,-0.009697972705652397,-1.0
2023-12-15 10:00:00,4059.65,4074.232,4057.019,4070.659,58163.0,-0.011482415992103485,-1.0
2023-12-15 11:00:00,4070.035,4070.715,4061.677,4066.1,22895.0,-0.009017731979046241,-1.0
2023-12-15 13:00:00,4062.223,4062.23,4020.352,4024.596,172116.0,0.0015785435357983922,0.0
2023-12-15 14:00:00,4023.764,4032.843,4014.843,4031.104,144169.0,-0.0014901624964276802,0.0
2023-12-15 15:00:00,4031.318,4035.945,4030.847,4033.355,6400.0,-0.001047267101457759,0.0
2023-12-15 21:00:00,4035.75,4039.953,4012.547,4018.292,106017.0,0.0027188168505425147,0.0
2023-12-15 22:00:00,4018.215,4021.346,4004.108,4018.81,93598.0,0.009373670315342173,1.0
2023-12-15 23:00:00,4018.813,4019.636,4014.562,4016.842,1817.0,0.0072529614060000405,1.0
2023-12-18 09:00:00,4012.844,4020.193,4001.893,4015.427,116523.0,0.009994204850443018,1.0
2023-12-18 10:00:00,4015.096,4018.082,4006.183,4009.622,39911.0,0.013722490548984402,1.0
2023-12-18 11:00:00,4009.466,4026.409,4007.835,4024.428,48795.0,0.008060275895108597,1.0
2023-12-18 13:00:00,4025.359,4030.501,4015.961,4028.566,40214.0,0.0073919603154075164,1.0
2023-12-18 14:00:00,4028.511,4030.865,4017.553,4025.323,68431.0,0.006674247010736775,1.0
2023-12-18 15:00:00,4025.576,4025.795,4022.843,4023.813,1958.0,0.007878596743934117,1.0
2023-12-18 21:00:00,4025.826,4035.248,4022.859,4029.979,71347.0,0.0062456901140179825,1.0
2023-12-18 22:00:00,4030.798,4035.98,4024.618,4029.022,38047.0,0.007166007035950621,1.0
2023-12-18 23:00:00,4028.204,4029.366,4025.922,4027.931,824.0,0.009874051963650802,1.0
2023-12-19 09:00:00,4025.961,4027.541,4011.838,4023.208,73213.0,0.013748729869298294,1.0
2023-12-19 10:00:00,4022.855,4048.691,4020.934,4042.725,92337.0,0.010447408616712707,1.0
2023-12-19 11:00:00,4043.365,4047.155,4019.135,4019.935,55065.0,0.019506036789152068,1.0
2023-12-19 13:00:00,4018.856,4034.514,4016.299,4023.918,51040.0,0.01816115537145642,1.0
2023-12-19 14:00:00,4024.45,4043.644,4021.856,4029.433,74861.0,0.021805549316739992,1.0
2023-12-19 15:00:00,4029.97,4031.11,4028.134,4030.949,2766.0,0.019137925089104273,1.0
2023-12-19 21:00:00,4033.234,4037.551,4022.883,4025.097,62718.0,0.021072287202022647,1.0
2023-12-19 22:00:00,4025.124,4037.763,4023.44,4029.131,32248.0,0.024952775176582745,1.0
2023-12-19 23:00:00,4029.112,4030.242,4028.153,4029.217,1306.0,0.028075926414487046,1.0
2023-12-20 09:00:00,4031.971,4059.694,4030.444,4056.481,112454.0,0.020054327876797624,1.0
2023-12-20 10:00:00,4055.769,4056.434,4041.901,4045.976,57218.0,0.018411379602844835,1.0
2023-12-20 11:00:00,4046.121,4057.343,4045.987,4055.558,46453.0,0.016027634175124657,1.0
2023-12-20 13:00:00,4056.338,4068.555,4052.978,4064.644,61527.0,0.013899372245146329,1.0
2023-12-20 14:00:00,4065.479,4071.914,4054.871,4056.866,81640.0,0.01630889459992035,1.0
2023-12-20 15:00:00,4057.672,4058.916,4056.533,4058.345,2353.0,0.014764639280297887,1.0
2023-12-20 21:00:00,4059.108,4060.293,4044.786,4052.189,99583.0,0.015912140327116978,1.0
2023-12-20 22:00:00,4051.9,4064.766,4049.366,4055.515,44650.0,0.01979748564608939,1.0
2023-12-20 23:00:00,4055.463,4056.46,4054.081,4055.149,1487.0,0.0159964529046898,1.0
2023-12-21 09:00:00,4051.987,4065.882,4050.61,4057.894,60967.0,0.013954529122742157,1.0
2023-12-21 10:00:00,4057.04,4068.401,4054.106,4067.703,40556.0,0.013377328679109663,1.0
2023-12-21 11:00:00,4068.56,4082.102,4065.925,4078.522,68089.0,0.012389537190188002,1.0
2023-12-21 13:00:00,4080.571,4093.838,4077.514,4084.961,79875.0,0.010878684031499898,1.0
2023-12-21 14:00:00,4085.915,4099.065,4083.945,4098.348,87306.0,0.010465436317267256,1.0
2023-12-21 15:00:00,4096.569,4099.342,4096.521,4096.997,4636.0,0.01100708640987522,1.0
2023-12-21 21:00:00,4098.779,4120.875,4097.468,4117.297,147884.0,0.006263089594945486,1.0
2023-12-21 22:00:00,4117.587,4122.885,4107.38,4108.093,55885.0,0.00799641098680102,1.0
2023-12-21 23:00:00,4108.918,4110.95,4108.053,4109.915,1654.0,0.006304996575355078,1.0
2023-12-22 09:00:00,4112.529,4133.122,4109.745,4129.669,102377.0,0.0008051492746754808,0.0
2023-12-22 10:00:00,4129.935,4144.278,4119.258,4142.341,94619.0,-0.0003539061607917719,0.0
2023-12-22 11:00:00,4142.209,4142.228,4135.111,4137.831,32203.0,-0.00027308993528254516,0.0
2023-12-22 13:00:00,4135.549,4135.656,4110.272,4120.468,72573.0,0.0036605065249870985,1.0
2023-12-22 14:00:00,4120.581,4130.03,4118.935,4120.559,69589.0,0.002732396259827857,0.0
2023-12-22 15:00:00,4120.554,4123.039,4119.31,4121.14,3552.0,-0.0016590069737986196,0.0
2023-12-22 21:00:00,4116.831,4124.56,4105.076,4123.029,81942.0,-0.0019684557154463125,0.0
2023-12-22 22:00:00,4123.195,4128.045,4118.133,4118.265,42377.0,0.0014586239593614317,0.0
2023-12-22 23:00:00,4118.323,4119.032,4116.668,4116.668,1504.0,0.0028197561717389344,0.0
2023-12-25 09:00:00,4113.407,4141.649,4107.62,4135.804,126897.0,-0.0016013814968021942,0.0
2023-12-25 10:00:00,4136.801,4138.712,4115.049,4120.017,58999.0,0.0019873704404617994,0.0
2023-12-25 11:00:00,4120.027,4124.277,4111.074,4114.52,41532.0,0.004964613126196902,1.0
2023-12-25 13:00:00,4115.266,4128.763,4114.351,4122.118,35525.0,0.0033570120991198546,1.0
2023-12-25 14:00:00,4122.1,4137.841,4117.026,4129.053,74819.0,-0.002371972459544566,0.0
2023-12-25 15:00:00,4128.465,4130.965,4127.927,4129.4,2471.0,-0.0027388966920132447,0.0
2023-12-25 21:00:00,4123.318,4148.605,4123.318,4141.239,95074.0,-0.005761560730979225,-1.0
2023-12-25 22:00:00,4141.15,4146.806,4137.298,4142.093,37953.0,-0.004253646646755562,-1.0
2023-12-25 23:00:00,4142.046,4144.096,4141.764,4143.084,1035.0,-0.004644607736652089,-1.0
2023-12-26 09:00:00,4142.55,4150.024,4135.163,4140.943,79201.0,-0.006965321667069517,-1.0
2023-12-26 10:00:00,4140.212,4145.115,4128.654,4135.828,52633.0,-0.005115057976298978,-1.0
2023-12-26 11:00:00,4135.098,4138.887,4131.183,4132.994,23106.0,-0.008771607217431166,-1.0
2023-12-26 13:00:00,4131.453,4146.943,4120.914,4140.875,54900.0,-0.010923053702418022,-1.0
2023-12-26 14:00:00,4140.998,4152.066,4135.56,4136.701,115733.0,-0.004326636128644574,-1.0
2023-12-26 15:00:00,4136.73,4137.759,4134.844,4135.551,3240.0,-0.0037670917369899757,-1.0
2023-12-26 21:00:00,4133.203,4137.685,4123.405,4131.818,87532.0,-0.002906952823188345,0.0
2023-12-26 22:00:00,4131.836,4137.499,4101.963,4114.303,101055.0,-8.020799634833099e-05,0.0
2023-12-26 23:00:00,4114.799,4117.137,4113.663,4114.913,1817.0,-0.003731063086874293,-1.0
2023-12-27 09:00:00,4111.788,4126.561,4109.217,4124.272,78401.0,-0.0038717136018186597,-1.0
2023-12-27 10:00:00,4124.291,4130.093,4117.255,4128.276,44799.0,-0.004681857511464718,-1.0
2023-12-27 11:00:00,4128.86,4134.424,4119.827,4129.181,28458.0,-0.004608419926372698,-1.0
2023-12-27 13:00:00,4127.308,4129.298,4119.673,4128.205,28833.0,-0.004022087081431341,-1.0
2023-12-27 14:00:00,4127.602,4141.26,4126.719,4134.947,74879.0,-0.0007642177759472744,0.0
2023-12-27 15:00:00,4135.621,4136.892,4134.275,4135.956,1333.0,0.0022920940164739573,0.0
2023-12-27 21:00:00,4130.259,4138.827,4118.282,4119.259,99207.0,0.0061159057976204485,1.0
2023-12-27 22:00:00,4120.102,4123.648,4112.211,4118.09,54379.0,0.006997175875223611,1.0
2023-12-27 23:00:00,4117.99,4118.323,4116.222,4117.379,1140.0,0.006338741223482259,1.0
2023-12-28 09:00:00,4118.202,4129.542,4115.285,4124.474,56237.0,0.0047974602337171384,1.0
2023-12-28 10:00:00,4125.216,4127.261,4114.908,4123.841,49441.0,0.009382757482647682,1.0
2023-12-28 11:00:00,4123.904,4124.601,4107.629,4112.1,49808.0,0.010767734247707822,1.0
2023-12-28 13:00:00,4107.672,4121.446,4104.616,4114.673,58720.0,0.010386730610184646,1.0
2023-12-28 14:00:00,4114.736,4115.703,4082.13,4096.741,168206.0,0.01949207919172832,1.0
2023-12-28 15:00:00,4096.68,4098.193,4094.726,4095.644,2951.0,0.01617450149475891,1.0
2023-12-28 21:00:00,4095.471,4122.374,4092.662,4118.803,121387.0,0.009998050404450102,1.0
2023-12-28 22:00:00,4118.811,4122.671,4114.202,4119.972,36755.0,0.00818791972372637,1.0
2023-12-28 23:00:00,4119.923,4120.948,4118.995,4119.807,1083.0,0.009503357802926216,1.0
2023-12-29 09:00:00,4120.579,4120.579,4109.453,4113.973,63942.0,0.01099545378640056,1.0
2023-12-29 10:00:00,4113.747,4113.747,4092.444,4099.56,96410.0,0.01235327693703715,1.0
2023-12-29 11:00:00,4098.781,4115.123,4098.01,4108.304,45306.0,0.010454435699013465,1.0
2023-12-29 13:00:00,4107.641,4112.873,4104.308,4108.948,26537.0,0.010127896483479415,1.0
2023-12-29 14:00:00,4108.996,4117.708,4105.825,4110.152,81494.0,0.012471558229476725,1.0
2023-12-29 15:00:00,4109.413,4112.809,4108.262,4111.601,3977.0,0.0056642169315555355,1.0
2024-01-02 09:00:00,4098.839,4143.325,4084.371,4131.787,208285.0,0.000587155146187225,0.0
2024-01-02 10:00:00,4132.836,4153.971,4127.919,4145.436,88341.0,-0.0006426344538909201,0.0
2024-01-02 11:00:00,4144.771,4150.272,4140.265,4144.452,21084.0,-6.611248000950233e-05,0.0
2024-01-02 13:00:00,4142.839,4148.492,4142.046,4146.905,19486.0,-0.0004972383018178372,0.0
2024-01-02 14:00:00,4146.941,4148.787,4138.0,4143.478,45654.0,-0.0016647849946349754,0.0
2024-01-02 15:00:00,4143.378,4145.34,4141.606,4144.261,2104.0,-0.00384411116963929,-1.0
2024-01-02 21:00:00,4142.154,4163.353,4138.856,4162.534,99094.0,-0.008373505177375024,-1.0
2024-01-02 22:00:00,4163.438,4163.46,4154.389,4156.378,36730.0,-0.01128843430506077,-1.0
2024-01-02 23:00:00,4156.492,4158.576,4155.637,4157.411,981.0,-0.012690349835510614,-1.0
2024-01-03 09:00:00,4158.186,4182.756,4154.886,4176.595,114252.0,-0.018719315614753162,-1.0
2024-01-03 10:00:00,4177.436,4178.921,4159.121,4161.889,56396.0,-0.018362334987790406,-1.0
2024-01-03 11:00:00,4162.708,4165.533,4155.325,4159.983,25598.0,-0.021087586175232004,-1.0
2024-01-03 13:00:00,4158.983,4165.435,4152.038,4153.706,25597.0,-0.018598090476312047,-1.0
2024-01-03 14:00:00,4153.706,4170.235,4152.887,4158.959,47519.0,-0.019594326368689793,-1.0
2024-01-03 15:00:00,4158.135,4160.91,4157.92,4159.208,2844.0,-0.020311318885710892,-1.0
2024-01-03 21:00:00,4158.378,4163.396,4144.39,4150.203,77663.0,-0.018454759923791763,-1.0
2024-01-03 22:00:00,4150.181,4157.94,4148.513,4151.254,22192.0,-0.0218391840152397,-1.0
2024-01-03 23:00:00,4151.375,4152.228,4149.452,4150.563,503.0,-0.021754880000616802,-1.0
2024-01-04 09:00:00,4151.495,4167.672,4150.336,4161.412,53164.0,-0.027999871197564728,-1.0
2024-01-04 10:00:00,4160.58,4164.377,4130.533,4134.89,81280.0,-0.02116428732082357,-1.0
2024-01-04 11:00:00,4135.11,4142.775,4132.174,4134.213,38769.0,-0.020520229605973273,-1.0
2024-01-04 13:00:00,4135.956,4143.64,4132.209,4142.772,34492.0,-0.022797537494218777,-1.0
2024-01-04 14:00:00,4142.797,4155.48,4141.159,4144.178,66745.0,-0.022692075485174615,-1.0
2024-01-04 15:00:00,4145.02,4146.766,4143.115,4144.843,2608.0,-0.02144761574805124,-1.0
2024-01-04 21:00:00,4145.229,4147.462,4129.722,4136.58,71273.0,-0.019963593113151476,-1.0
2024-01-04 22:00:00,4137.419,4137.419,4117.841,4128.33,74158.0,-0.017992505444089982,-1.0
2024-01-04 23:00:00,4128.332,4128.608,4126.61,4127.679,1134.0,-0.020600923666787098,-1.0
2024-01-05 09:00:00,4126.001,4132.572,4107.759,4109.459,74021.0,-0.01391302358777633,-1.0
2024-01-05 10:00:00,4109.627,4116.278,4090.027,4104.652,128579.0,-0.013597011390977883,-1.0
2024-01-05 11:00:00,4104.68,4109.332,4094.984,4098.412,29840.0,-0.01287571869299632,-1.0
2024-01-05 13:00:00,4098.368,4099.395,4082.646,4085.467,51423.0,-0.009765101517158254,-1.0
2024-01-05 14:00:00,4085.467,4098.006,4068.192,4072.259,142787.0,-0.008883275842720265,-1.0
2024-01-05 15:00:00,4072.311,4079.908,4072.101,4076.455,8277.0,-0.01098380823534176,-1.0
2024-01-05 21:00:00,4082.022,4086.875,4060.669,4077.467,100140.0,-0.011493410001846742,-1.0
2024-01-05 22:00:00,4076.321,4081.629,4067.648,4074.729,32320.0,-0.01119068286504445,-1.0
2024-01-05 23:00:00,4073.967,4075.772,4072.765,4073.612,1904.0,-0.014831309412874843,-1.0
2024-01-08 09:00:00,4072.42,4077.451,4057.977,4060.594,63133.0,-0.010815412720404925,-1.0
2024-01-08 10:00:00,4062.263,4069.152,4058.486,4060.268,31808.0,-0.009489767670508437,-1.0
2024-01-08 11:00:00,4060.508,4061.37,4044.893,4044.893,66946.0,-0.010029189894516372,-1.0
2024-01-08 13:00:00,4048.172,4050.279,4038.575,4047.378,48791.0,-0.011231715940542317,-1.0
2024-01-08 14:00:00,4047.381,4058.1,4040.911,4049.378,61020.0,-0.01129210461458528,-1.0
2024-01-08 15:00:00,4049.929,4050.079,4047.208,4048.327,2073.0,-0.008675188540846712,-1.0
2024-01-08 21:00:00,4046.736,4065.986,4045.679,4050.138,103973.0,-0.008684642350458177,-1.0
2024-01-08 22:00:00,4049.367,4057.709,4046.636,4055.946,26075.0,-0.010026267608099248,-1.0
2024-01-08 23:00:00,4054.99,4055.855,4053.071,4053.999,1467.0,-0.008651457486792639,-1.0
2024-01-09 09:00:00,4055.789,4061.547,4048.363,4054.051,53016.0,-0.006972285252454909,-1.0
2024-01-09 10:00:00,4054.051,4054.175,4041.627,4042.645,49960.0,-0.0026883389464075966,0.0
2024-01-09 11:00:00,4043.482,4054.145,4037.841,4052.284,38767.0,-0.0033741465306973127,-1.0
2024-01-09 13:00:00,4051.23,4058.412,4045.603,4048.841,31170.0,-0.002690399548907954,0.0
2024-01-09 14:00:00,4049.863,4052.407,4041.92,4045.642,54872.0,-0.0007833120182161123,0.0
2024-01-09 15:00:00,4046.47,4047.772,4045.534,4045.572,1880.0,-0.0039297286020370265,-1.0
2024-01-09 21:00:00,4053.814,4053.814,4033.428,4036.084,82189.0,-0.0016364872485310064,0.0
2024-01-09 22:00:00,4036.084,4042.749,4030.541,4031.68,36803.0,0.0025361635844115514,0.0
2024-01-09 23:00:00,4030.488,4032.374,4029.562,4030.603,2151.0,0.0038629455691864736,1.0
2024-01-10 09:00:00,4029.692,4031.155,4017.32,4029.13,83682.0,0.003766073569232062,1.0
2024-01-10 10:00:00,4029.941,4039.282,4011.342,4013.195,82279.0,0.003644477778926703,1.0
2024-01-10 11:00:00,4013.424,4017.81,4010.253,4016.677,27133.0,0.0022737700840769147,0.0
2024-01-10 13:00:00,4016.61,4021.737,4011.15,4021.737,19021.0,0.0003533299168990468,0.0
2024-01-10 14:00:00,4020.941,4023.903,3998.742,4004.326,103009.0,-0.0012548928334006999,0.0
2024-01-10 15:00:00,4004.388,4004.454,3999.227,4001.919,4529.0,0.0018661047362528583,0.0
2024-01-10 21:00:00,4001.54,4008.037,3989.24,4003.652,128234.0,0.00165648762679675,0.0
2024-01-10 22:00:00,4003.454,4018.212,3997.895,4013.207,50150.0,0.003378096370309392,1.0
2024-01-10 23:00:00,4012.51,4015.262,4011.447,4014.964,1445.0,0.007243900567975164,1.0
2024-01-11 09:00:00,4020.167,4024.79,4012.857,4015.28,58253.0,0.00600605686278416,1.0
2024-01-11 10:00:00,4015.361,4022.514,4012.036,4018.926,26585.0,0.0038428177080145195,1.0
2024-01-11 11:00:00,4018.888,4032.41,4015.253,4025.785,39001.0,-0.0019735281442003756,0.0
2024-01-11 13:00:00,4032.038,4043.561,4028.179,4031.777,49365.0,-0.004371273510414948,-1.0
2024-01-11 14:00:00,4031.807,4040.51,4028.784,4038.611,52846.0,-0.0036732926246177302,-1.0
2024-01-11 15:00:00,4037.912,4039.822,4036.911,4037.948,3609.0,-0.004277667765904782,-1.0
2024-01-11 21:00:00,4045.395,4051.052,4034.885,4042.473,104083.0,-0.00494301384325881,-1.0
2024-01-11 22:00:00,4043.315,4044.997,4021.061,4029.674,88107.0,-0.004009505483570173,-1.0
2024-01-11 23:00:00,4030.437,4031.435,4027.679,4029.479,1997.0,-0.004952501303518315,-1.0
2024-01-12 09:00:00,4029.479,4044.757,4024.687,4041.905,56185.0,-0.009293884937919137,-1.0
2024-01-12 10:00:00,4041.282,4049.76,4037.416,4046.173,35484.0,-0.012779236083083912,-1.0
2024-01-12 11:00:00,4046.897,4048.05,4040.37,4044.304,18409.0,-0.006144444136741429,-1.0
2024-01-12 13:00:00,4044.168,4044.168,4027.7,4027.821,31625.0,-0.0006842409332489845,0.0
2024-01-12 14:00:00,4027.782,4038.232,4023.886,4025.81,60789.0,0.0020582193397105323,0.0
2024-01-12 15:00:00,4024.997,4025.877,4022.161,4023.158,5004.0,0.002538801608089949,0.0
2024-01-12 21:00:00,4015.532,4021.206,3987.214,3999.301,148190.0,0.008997322282068836,1.0
2024-01-12 22:00:00,3999.26,4017.628,3994.666,4009.387,54828.0,0.004635870770269866,1.0
2024-01-12 23:00:00,4010.255,4013.662,4008.252,4010.284,2086.0,1.5709610591195502e-05,0.0
2024-01-15 09:00:00,4017.947,4034.99,4017.069,4026.764,93942.0,-0.0026681474255755098,0.0
2024-01-15 10:00:00,4026.596,4045.041,4021.091,4044.048,52977.0,-0.008597078966421721,-1.0
2024-01-15 11:00:00,4043.165,4045.366,4036.675,4039.396,26916.0,-0.011630699243154229,-1.0
2024-01-15 13:00:00,4037.282,4038.271,4029.933,4034.37,19617.0,-0.011085497859641025,-1.0
2024-01-15 14:00:00,4034.129,4038.826,4016.707,4017.84,47687.0,-0.00841073810803818,-1.0
2024-01-15 15:00:00,4017.862,4018.785,4014.112,4014.153,4944.0,-0.0010580065084713622,0.0
2024-01-15 21:00:00,4013.094,4026.35,4002.056,4023.776,81499.0,-0.003880186173385355,-1.0
2024-01-15 22:00:00,4024.634,4029.227,4015.666,4020.675,32791.0,-0.0033641117474056703,-1.0
2024-01-15 23:00:00,4020.801,4024.424,4020.673,4022.491,1309.0,-0.008822145282612211,-1.0
2024-01-16 09:00:00,4025.065,4025.335,4008.117,4013.517,49913.0,-0.0016187797385684036,0.0
2024-01-16 10:00:00,4013.012,4025.192,4007.909,4009.523,36363.0,0.0011116035498486678,0.0
2024-01-16 11:00:00,4009.4,4013.401,4001.574,4004.34,28117.0,0.0053284686115564585,1.0
2024-01-16 13:00:00,4002.703,4005.004,3992.474,3994.466,41386.0,0.00788916465930613,1.0
2024-01-16 14:00:00,3993.608,4020.512,3991.44,4019.454,92251.0,-0.00012265347482528545,0.0
2024-01-16 15:00:00,4019.625,4025.065,4019.379,4025.065,7702.0,-0.002929393686810068,0.0
2024-01-16 21:00:00,4038.584,4048.04,4032.233,4034.096,123417.0,-0.00491956562263268,-1.0
2024-01-16 22:00:00,4034.168,4036.786,4028.278,4033.372,24746.0,-0.0027522876640190042,0.0
2024-01-16 23:00:00,4033.253,4035.284,4033.253,4035.284,953.0,0.0006505118351025603,0.0
2024-01-17 09:00:00,4035.212,4036.947,4025.354,4027.974,36293.0,0.0011511990891698199,0.0
2024-01-17 10:00:00,4028.024,4029.053,4007.583,4010.347,56237.0,0.0029850284775856063,0.0
2024-01-17 11:00:00,4009.324,4016.02,4006.486,4016.02,27036.0,0.003487781435351433,1.0
2024-01-17 13:00:00,4014.004,4015.967,4002.574,4009.281,33282.0,0.004460151333867609,1.0
2024-01-17 14:00:00,4009.427,4012.242,3988.607,3992.415,86727.0,0.0072246998370660495,1.0
2024-01-17 15:00:00,3993.465,3993.588,3988.813,3989.647,4498.0,0.007220939596911756,1.0
2024-01-17 21:00:00,3989.194,3990.749,3977.321,3984.047,83598.0,0.008040065792396564,1.0
2024-01-17 22:00:00,3984.047,4010.818,3980.201,4009.906,65964.0,0.00659890780482142,1.0
2024-01-17 23:00:00,4009.855,4011.084,4006.254,4008.163,2001.0,0.007747938394720932,1.0
2024-01-18 09:00:00,4009.815,4014.756,4005.186,4007.149,57026.0,0.007946797086906439,1.0
2024-01-18 10:00:00,4007.091,4008.542,3983.278,3987.004,54546.0,0.011799336042803034,1.0
2024-01-18 11:00:00,3986.399,4009.583,3986.399,4007.02,35399.0,0.005051384819641526,1.0
2024-01-18 13:00:00,4008.937,4021.495,3998.094,4013.98,67669.0,0.0023388258038156444,0.0
2024-01-18 14:00:00,4013.971,4025.992,4011.214,4025.677,92139.0,-0.0019072568415201563,0.0
2024-01-18 15:00:00,4025.73,4026.046,4023.847,4025.979,4124.0,0.0009575310750503215,0.0
2024-01-18 21:00:00,4016.042,4024.952,4015.259,4018.961,56237.0,0.0026509339105306065,0.0
2024-01-18 22:00:00,4018.903,4021.059,4011.378,4013.274,25766.0,0.009757370167100503,1.0
2024-01-18 23:00:00,4012.411,4016.004,4012.284,4014.25,854.0,0.007805193996387838,1.0
2024-01-19 09:00:00,4017.446,4023.364,4012.531,4022.271,45933.0,0.004801764973071145,1.0
2024-01-19 10:00:00,4022.33,4039.648,4013.589,4037.909,63156.0,0.002108517056724079,0.0
2024-01-19 11:00:00,4037.982,4038.009,4029.588,4032.611,27616.0,0.002195103866948812,0.0
2024-01-19 13:00:00,4031.548,4032.65,4018.461,4022.318,30648.0,0.004987919900912768,1.0
2024-01-19 14:00:00,4022.293,4033.086,4019.473,4030.027,53190.0,0.006822286798574834,1.0
2024-01-19 15:00:00,4029.139,4030.028,4027.117,4027.163,1698.0,0.006505572285005616,1.0
2024-01-19 21:00:00,4032.234,4032.234,4017.174,4021.259,74297.0,0.008180771246020197,1.0
2024-01-19 22:00:00,4022.072,4024.888,4007.401,4018.456,53840.0,0.010157881534599348,1.0
2024-01-19 23:00:00,4017.687,4018.716,4014.544,4016.079,1191.0,0.01009616593697485,1.0
2024-01-22 09:00:00,4019.828,4043.289,4011.073,4036.367,110214.0,0.006606931431160661,1.0
2024-01-22 10:00:00,4037.082,4044.093,4031.362,4039.218,48445.0,0.00569268605952938,1.0
2024-01-22 11:00:00,4039.218,4044.142,4037.229,4038.993,18760.0,0.008490235066017673,1.0
2024-01-22 13:00:00,4037.003,4037.169,4028.304,4034.048,33436.0,0.009789670326183574,1.0
2024-01-22 14:00:00,4035.109,4038.885,4009.194,4027.261,112841.0,0.017598561404388802,1.0
2024-01-22 15:00:00,4026.246,4027.282,4022.226,4023.368,3358.0,0.020329236599784042,1.0
2024-01-22 21:00:00,4023.562,4027.824,4014.041,4017.999,50763.0,0.02079467914252838,1.0
2024-01-22 22:00:00,4017.243,4034.524,4016.181,4029.834,40862.0,0.019039245785310355,1.0
2024-01-22 23:00:00,4029.838,4031.817,4028.744,4029.615,1138.0,0.018992881453935566,1.0
2024-01-23 09:00:00,4034.499,4057.376,4033.785,4052.433,138781.0,0.014911289094724004,1.0
2024-01-23 10:00:00,4052.348,4057.258,4042.923,4045.582,39708.0,0.01523760981732665,1.0
2024-01-23 11:00:00,4045.49,4047.534,4037.896,4041.585,23829.0,0.012275629486946292,1.0
2024-01-23 13:00:00,4044.403,4050.272,4042.624,4046.423,20807.0,0.010867870215249398,1.0
2024-01-23 14:00:00,4046.423,4052.479,4040.623,4041.463,44264.0,0.013929856589061937,1.0
2024-01-23 15:00:00,4042.529,4043.56,4040.44,4042.381,3575.0,0.011272316983480777,1.0
2024-01-23 21:00:00,4042.746,4059.424,4040.642,4057.521,70611.0,0.007397127457873826,1.0
2024-01-23 22:00:00,4058.404,4061.28,4047.833,4053.362,33607.0,0.008524528527183085,1.0
2024-01-23 23:00:00,4053.403,4054.335,4051.459,4054.156,868.0,0.0097016493691905,1.0
2024-01-24 09:00:00,4054.335,4065.694,4049.756,4059.275,56110.0,0.008956032789106434,1.0
2024-01-24 10:00:00,4060.108,4060.904,4047.507,4056.626,32767.0,0.011895106918902531,1.0
2024-01-24 11:00:00,4056.626,4066.781,4054.115,4063.035,26847.0,0.00831791997853828,1.0
2024-01-24 13:00:00,4060.935,4067.065,4057.369,4062.212,27172.0,0.00834717636597989,1.0
2024-01-24 14:00:00,4061.467,4076.122,4060.254,4073.285,66001.0,0.006745906559447735,1.0
2024-01-24 15:00:00,4072.572,4074.423,4072.434,4073.54,3254.0,0.007665323035983534,1.0
2024-01-24 21:00:00,4085.938,4098.135,4083.545,4098.135,106115.0,0.001632937909561302,0.0
2024-01-24 22:00:00,4098.088,4110.685,4094.654,4105.16,71564.0,0.0005924251429907212,0.0
2024-01-24 23:00:00,4105.171,4106.19,4101.506,4101.552,1993.0,-0.0021443102513389123,0.0
2024-01-25 09:00:00,4103.315,4109.766,4095.197,4106.559,61303.0,-0.003570629327376037,-1.0
2024-01-25 10:00:00,4105.864,4112.669,4099.537,4106.149,44949.0,-0.006203135833599915,-1.0
2024-01-25 11:00:00,4106.24,4113.789,4104.339,4112.86,25790.0,-0.006518335173091168,-1.0
2024-01-25 13:00:00,4112.268,4116.79,4104.288,4107.227,43197.0,-0.005044035793492701,-1.0
2024-01-25 14:00:00,4108.064,4113.871,4085.454,4091.198,88130.0,-0.002447204950725855,0.0
2024-01-25 15:00:00,4090.486,4092.266,4089.502,4090.399,3262.0,-0.00011319189154890222,0.0
2024-01-25 21:00:00,4093.188,4103.204,4088.569,4097.76,70730.0,-0.002346647924719954,0.0
2024-01-25 22:00:00,4097.757,4102.376,4081.253,4087.948,50502.0,-0.0004253968005463946,0.0
2024-01-25 23:00:00,4087.894,4088.737,4085.851,4087.535,842.0,-0.001830932334524334,0.0
2024-01-26 09:00:00,4086.738,4096.686,4084.042,4087.915,56285.0,-0.004401021058412414,-1.0
2024-01-26 10:00:00,4087.075,4095.744,4087.031,4093.488,26940.0,-0.010208897644258384,-1.0
2024-01-26 11:00:00,4092.647,4099.646,4091.806,4095.63,20957.0,-0.013018265810144035,-1.0
2024-01-26 13:00:00,4095.072,4109.57,4094.011,4104.88,34050.0,-0.016100836078033972,-1.0
2024-01-26 14:00:00,4104.886,4105.727,4087.359,4096.831,55319.0,-0.018678095337591467,-1.0
2024-01-26 15:00:00,4096.785,4097.803,4094.924,4096.12,1346.0,-0.01665478550433088,-1.0
2024-01-26 21:00:00,4094.339,4103.507,4089.477,4100.763,43174.0,-0.01820441708043114,-1.0
2024-01-26 22:00:00,4099.914,4109.524,4095.129,4104.765,35722.0,-0.021823417418536842,-1.0
2024-01-26 23:00:00,4104.738,4106.678,4103.89,4104.827,1252.0,-0.01970119568985498,-1.0
2024-01-29 09:00:00,4104.243,4115.548,4096.128,4107.592,80595.0,-0.02041463709151239,-1.0
2024-01-29 10:00:00,4107.613,4108.549,4089.121,4092.757,44138.0,-0.019422848705652432,-1.0
2024-01-29 11:00:00,4092.768,4093.787,4084.233,4091.896,32382.0,-0.021916246160704006,-1.0
2024-01-29 13:00:00,4089.711,4090.891,4074.821,4080.678,46196.0,-0.019938598438788806,-1.0
2024-01-29 14:00:00,4080.678,4092.933,4075.952,4086.051,45445.0,-0.02009519704966975,-1.0
2024-01-29 15:00:00,4085.989,4087.514,4084.936,4086.51,1439.0,-0.01768917731756444,-1.0
2024-01-29 21:00:00,4084.786,4095.717,4078.631,4081.186,44271.0,-0.016897294070890235,-1.0
2024-01-29 22:00:00,4081.275,4093.876,4079.195,4089.936,28152.0,-0.022349982982618873,-1.0
2024-01-29 23:00:00,4089.936,4090.184,4088.041,4088.144,870.0,-0.021141623191355256,-1.0
2024-01-30 09:00:00,4089.443,4091.15,4081.378,4086.209,31412.0,-0.021177330870741036,-1.0
2024-01-30 10:00:00,4086.209,4087.061,4069.476,4080.051,50499.0,-0.021934529739946914,-1.0
2024-01-30 11:00:00,4080.051,4083.97,4067.336,4069.924,29475.0,-0.01750769793244299,-1.0
2024-01-30 13:00:00,4069.224,4070.107,4049.696,4051.698,61625.0,-0.013132025141064286,-1.0
2024-01-30 14:00:00,4051.654,4052.505,4036.393,4042.312,120692.0,-0.011605734540035445,-1.0
2024-01-30 15:00:00,4041.342,4041.432,4037.689,4038.788,3814.0,-0.014668757062762428,-1.0
2024-01-30 21:00:00,4036.644,4042.514,4016.369,4020.31,116146.0,-0.010050220007909774,-1.0
2024-01-30 22:00:00,4020.183,4029.723,4017.325,4027.9,40734.0,-0.011983167407333916,-1.0
2024-01-30 23:00:00,4027.968,4028.909,4025.924,4026.111,1151.0,-0.016501035366387053,-1.0
2024-01-31 09:00:00,4027.807,4032.055,4015.185,4015.185,50491.0,-0.013580196180250734,-1.0
2024-01-31 10:00:00,4015.185,4025.746,4010.39,4023.957,49173.0,-0.01947411465877986,-1.0
2024-01-31 11:00:00,4023.015,4024.678,4016.201,4023.737,16538.0,-0.015526362682252881,-1.0
2024-01-31 13:00:00,4022.611,4022.819,4007.167,4013.264,35863.0,-0.012907947246929266,-1.0
2024-01-31 14:00:00,4013.926,4019.895,4000.28,4002.217,69510.0,-0.009271111486458634,-1.0
2024-01-31 15:00:00,4003.039,4003.039,3999.128,3999.315,6553.0,-0.004677551030613962,-1.0
2024-01-31 21:00:00,3998.888,4006.821,3995.726,4003.941,71771.0,-0.00566666691642056,-1.0
2024-01-31 22:00:00,4003.853,4017.169,4000.246,4014.223,39708.0,-0.01053553825983258,-1.0
2024-01-31 23:00:00,4014.234,4015.405,4011.368,4012.225,1085.0,-0.013567783461794864,-1.0
2024-02-01 09:00:00,4007.084,4010.23,3998.526,3998.526,46938.0,-0.00887727127446455,-1.0
2024-02-01 10:00:00,3999.481,4013.084,3997.746,4001.714,38505.0,-0.0066109172219703674,-1.0
2024-02-01 11:00:00,4001.814,4004.516,3999.654,3999.674,16159.0,-0.009085240447096486,-1.0
2024-02-01 13:00:00,3999.674,4002.36,3984.93,3990.557,68333.0,-0.006607097705909222,-1.0
2024-02-01 14:00:00,3990.478,4005.29,3988.588,3998.669,47181.0,-0.015239570967239262,-1.0
2024-02-01 15:00:00,3998.612,3999.795,3996.679,3998.491,1584.0,-0.01542006722035892,-1.0
2024-02-01 21:00:00,4000.701,4008.96,3994.441,3995.398,67438.0,-0.01463483738040621,-1.0
2024-02-01 22:00:00,3995.397,3997.184,3976.619,3979.544,103724.0,-0.0074232123077417195,-1.0
2024-02-01 23:00:00,3979.68,3981.715,3978.753,3979.905,1201.0,-0.00729841541443829,-1.0
2024-02-02 09:00:00,3979.943,3990.308,3977.637,3979.633,46943.0,-0.008744524934836889,-1.0
2024-02-02 10:00:00,3980.467,3983.216,3956.68,3959.676,130906.0,0.0005631773912815135,0.0
2024-02-02 11:00:00,3959.889,3964.342,3955.615,3960.658,36070.0,-2.0451147258782812e-05,0.0
2024-02-02 13:00:00,3957.997,3958.905,3937.772,3945.594,94977.0,0.003758116014977713,1.0
2024-02-02 14:00:00,3945.594,3979.109,3938.748,3961.263,121258.0,-0.0019158031163292975,0.0
2024-02-02 15:00:00,3961.919,3964.057,3960.147,3961.461,2962.0,-0.0006949456273833573,0.0
2024-02-02 21:00:00,3960.109,3969.17,3953.612,3965.112,52621.0,-0.0016693097193724016,0.0
2024-02-02 22:00:00,3965.443,3987.271,3963.643,3980.608,57473.0,-0.006495238918275806,-1.0
2024-02-02 23:00:00,3980.45,3981.566,3980.407,3981.252,1815.0,-0.010459021433458589,-1.0
2024-02-05 09:00:00,3979.675,3981.398,3967.905,3971.931,57712.0,-0.005970143992934468,-1.0
2024-02-05 10:00:00,3971.819,3972.889,3954.132,3957.788,47797.0,-0.0034744155068437733,-1.0
2024-02-05 11:00:00,3957.901,3973.434,3955.14,3963.03,23027.0,0.0002326502701216053,0.0
2024-02-05 13:00:00,3966.359,3975.882,3966.35,3975.259,23734.0,-0.00350467730530257,-1.0
2024-02-05 14:00:00,3974.301,3975.146,3957.346,3963.336,43387.0,0.0005321274804862314,0.0
2024-02-05 15:00:00,3962.395,3966.184,3962.343,3964.191,2187.0,0.0009058594805347041,0.0
2024-02-05 21:00:00,3954.269,3957.568,3925.009,3937.731,111574.0,0.007884489824215917,1.0
2024-02-05 22:00:00,3936.88,3940.836,3933.775,3936.834,25254.0,0.011338044733407599,1.0
2024-02-05 23:00:00,3936.763,3937.951,3935.009,3936.926,1387.0,0.008202084570550772,1.0
2024-02-06 09:00:00,3935.238,3955.631,3935.238,3950.003,41984.0,0.005395945268902289,1.0
2024-02-06 10:00:00,3949.036,3958.777,3946.222,3950.858,28013.0,0.004766812677144972,1.0
2024-02-06 11:00:00,3951.006,3955.822,3941.396,3944.833,16268.0,0.00840618601598599,1.0
2024-02-06 13:00:00,3957.064,3971.428,3957.059,3961.906,52548.0,0.003961981934957598,1.0
2024-02-06 14:00:00,3960.834,3963.518,3938.284,3960.577,65360.0,6.413206964538384e-05,0.0
2024-02-06 15:00:00,3961.405,3961.52,3959.424,3960.422,2230.0,-0.0031168395691166372,-1.0
2024-02-06 21:00:00,3957.918,3962.915,3950.017,3953.674,47952.0,-0.0019485673325621126,0.0
2024-02-06 22:00:00,3953.69,3961.402,3953.69,3958.708,18401.0,-0.003070193608621802,-1.0
2024-02-06 23:00:00,3959.651,3959.682,3954.971,3958.493,1647.0,-0.0058406065136403906,-1.0
2024-02-07 09:00:00,3953.43,3965.403,3950.073,3954.753,39259.0,-0.004393953301255464,-1.0
2024-02-07 10:00:00,3954.753,3962.484,3939.612,3939.612,48077.0,-0.0034219105840880325,-1.0
2024-02-07 11:00:00,3940.421,3949.905,3939.574,3948.218,17298.0,-0.00313103278491705,-1.0
2024-02-07 13:00:00,3945.365,3946.831,3940.265,3944.037,14407.0,-0.0022943496726830857,0.0
2024-02-07 14:00:00,3944.153,3970.526,3940.399,3963.952,54514.0,-0.01018150572963557,-1.0
2024-02-07 15:00:00,3964.664,3964.664,3960.467,3961.327,2248.0,-0.015782085144700253,-1.0
2024-02-07 21:00:00,3960.089,3968.556,3955.071,3965.445,39527.0,-0.017390229848100285,-1.0
2024-02-07 22:00:00,3964.767,3973.469,3962.029,3967.782,21662.0,-0.01885814291208546,-1.0
2024-02-07 23:00:00,3967.616,3969.628,3967.491,3968.778,902.0,-0.021775972352195055,-1.0
2024-02-08 09:00:00,3968.564,3984.112,3968.564,3981.47,47423.0,-0.025571962114495365,-1.0
2024-02-08 10:00:00,3982.312,3984.152,3969.209,3969.217,26515.0,-0.025119563883758415,-1.0
2024-02-08 11:00:00,3969.217,3973.0,3967.012,3971.317,11558.0,-0.02720759888973864,-1.0
2024-02-08 13:00:00,3970.113,3972.877,3962.153,3969.691,19082.0,-0.02671341421788242,-1.0
2024-02-08 14:00:00,3969.176,3983.428,3966.136,3977.994,50848.0,-0.027547301479087218,-1.0
2024-02-08 15:00:00,3978.687,3978.812,3974.992,3977.603,3178.0,-0.02004926082366693,-1.0
2024-02-19 09:00:00,4002.683,4016.183,3957.917,3960.831,185489.0,-0.007516856942394194,-1.0
2024-02-19 10:00:00,3961.908,3969.647,3946.4,3948.078,53551.0,-0.002520973496470935,0.0
2024-02-19 11:00:00,3948.192,3952.899,3937.404,3945.97,44084.0,-0.009688112175206556,-1.0
2024-02-19 13:00:00,3945.206,3953.8,3944.335,3946.554,26126.0,-0.009167998208057014,-1.0
2024-02-19 14:00:00,3946.196,3954.98,3929.311,3935.373,59754.0,-0.006349588717511613,-1.0
2024-02-19 15:00:00,3935.387,3939.423,3934.372,3937.376,3246.0,-0.006354993782661445,-1.0
2024-02-19 21:00:00,3938.659,3943.574,3918.249,3926.131,135248.0,-0.0039351718014502875,-1.0
2024-02-19 22:00:00,3926.251,3941.769,3924.403,3935.856,30570.0,-0.008889044721148417,-1.0
2024-02-19 23:00:00,3935.049,3936.959,3934.07,3934.988,1024.0,-0.009897107691306736,-1.0
2024-02-20 09:00:00,3934.866,3941.774,3919.484,3923.593,75735.0,-0.006842197954782773,-1.0
2024-02-20 10:00:00,3923.472,3925.274,3897.727,3898.809,107173.0,-0.004858150271018729,-1.0
2024-02-20 11:00:00,3899.665,3899.787,3887.12,3896.485,61756.0,3.977944224082611e-05,0.0
2024-02-20 13:00:00,3896.425,3899.544,3887.132,3892.957,37917.0,0.0008934082755088395,0.0
2024-02-20 14:00:00,3892.033,3893.972,3876.648,3882.354,93843.0,0.005418104582941254,1.0
2024-02-20 15:00:00,3883.212,3883.337,3876.89,3879.656,4507.0,0.00851080611270696,1.0
2024-02-20 21:00:00,3879.886,3883.184,3856.707,3869.512,121740.0,0.011212783420751743,1.0
2024-02-20 22:00:00,3870.353,3873.876,3861.339,3863.267,42316.0,0.011645583906056774,1.0
2024-02-20 23:00:00,3862.582,3863.647,3862.319,3863.647,1247.0,0.011401662729540286,1.0
2024-02-21 09:00:00,3862.815,3872.285,3856.272,3868.411,59299.0,0.007997599014168893,1.0
2024-02-21 10:00:00,3868.411,3913.496,3867.542,3897.855,135493.0,0.0011821886653044238,0.0
2024-02-21 11:00:00,3897.796,3951.77,3895.724,3931.058,139095.0,-0.008025066025482206,-1.0
2024-02-21 13:00:00,3934.095,3960.516,3934.036,3938.125,115850.0,-0.00992172671004599,-1.0
2024-02-21 14:00:00,3937.753,3942.225,3897.728,3907.741,122597.0,-0.0015553743198436065,0.0
2024-02-21 15:00:00,3907.773,3911.391,3907.481,3910.372,3655.0,-0.007293679476019093,-1.0
2024-02-21 21:00:00,3909.643,3914.177,3897.549,3910.385,83436.0,-0.007430214671956928,-1.0
2024-02-21 22:00:00,3910.385,3920.368,3905.395,3912.354,34753.0,-0.010597711761256776,-1.0
2024-02-21 23:00:00,3912.51,3912.673,3909.664,3910.681,1097.0,-0.00793774792676772,-1.0
2024-02-22 09:00:00,3911.671,3915.271,3890.814,3900.87,61069.0,-0.003933737858477673,-1.0
2024-02-22 10:00:00,3901.699,3906.43,3889.257,3896.043,40720.0,-0.008727316407955444,-1.0
2024-02-22 11:00:00,3896.041,3902.63,3891.225,3896.747,20460.0,-0.007803688563819938,-1.0
2024-02-22 13:00:00,3895.348,3899.917,3877.812,3879.868,60320.0,-0.0035485743329412315,-1.0
2024-02-22 14:00:00,3880.58,3911.224,3877.046,3896.64,88010.0,-0.008957717418083207,-1.0
2024-02-22 15:00:00,3896.364,3899.089,3896.01,3896.435,1584.0,-0.00868126890349769,-1.0
2024-02-22 21:00:00,3898.81,3914.033,3898.505,3903.389,71460.0,-0.010437852850433287,-1.0
2024-02-22 22:00:00,3904.209,3916.753,3900.638,3912.675,32532.0,-0.006875091848926908,-1.0
2024-02-22 23:00:00,3912.622,3914.698,3911.789,3912.9,1324.0,-0.0003526795982519638,0.0
2024-02-23 09:00:00,3914.155,3918.524,3900.837,3908.257,52960.0,0.00059131218852807,0.0
2024-02-23 10:00:00,3909.248,3921.083,3905.525,3907.699,42590.0,-0.0005128337673909647,0.0
2024-02-23 11:00:00,3906.879,3908.683,3892.122,3899.349,41024.0,0.00668342330989088,1.0
2024-02-23 13:00:00,3898.88,3903.429,3892.642,3902.463,23325.0,0.00686540782065068,1.0
2024-02-23 14:00:00,3902.463,3909.049,3895.585,3899.511,43670.0,0.0062253959534925895,1.0
2024-02-23 15:00:00,3899.467,3901.484,3898.232,3899.052,1456.0,0.00471627462265178,1.0
2024-02-23 21:00:00,3901.548,3906.254,3886.618,3901.663,67616.0,0.004512947427801985,1.0
2024-02-23 22:00:00,3901.0,3903.455,3881.04,3881.851,46405.0,0.00950371356345203,1.0
2024-02-23 23:00:00,3881.808,3882.873,3879.839,3881.33,3759.0,0.008846194474574447,1.0
2024-02-26 09:00:00,3879.112,3889.217,3859.277,3870.892,148657.0,0.011852048571750429,1.0
2024-02-26 10:00:00,3871.044,3886.214,3864.175,3879.639,59903.0,0.011480707354472855,1.0
2024-02-26 11:00:00,3878.824,3888.4,3878.672,3885.525,21396.0,0.006742975530977105,1.0
2024-02-26 13:00:00,3884.289,3885.255,3860.109,3862.041,73352.0,0.013085826898264418,1.0
2024-02-26 14:00:00,3862.223,3876.923,3856.064,3866.338,92728.0,0.008140260887692683,1.0
2024-02-26 15:00:00,3866.433,3867.522,3864.348,3866.1,2478.0,0.00671503582421568,1.0
2024-02-26 21:00:00,3859.784,3870.383,3851.573,3861.735,87517.0,0.007798308273353759,1.0
2024-02-26 22:00:00,3861.735,3873.483,3857.007,3862.609,34454.0,0.008749267658207206,1.0
2024-02-26 23:00:00,3862.751,3863.616,3861.782,3862.646,1062.0,0.012118376884653613,1.0
2024-02-27 09:00:00,3862.861,3887.775,3862.861,3885.775,78138.0,0.007375620050054327,1.0
2024-02-27 10:00:00,3885.616,3917.73,3881.757,3911.52,115840.0,-0.0014659262895242574,0.0
2024-02-27 11:00:00,3912.171,3917.921,3907.557,3910.568,40028.0,-0.002451050589070446,0.0
2024-02-27 13:00:00,3911.379,3916.096,3903.915,3905.695,37202.0,-0.0005302513381102127,0.0
2024-02-27 14:00:00,3904.716,3931.562,3900.939,3925.41,96396.0,-0.002010490623909305,0.0
2024-02-27 15:00:00,3925.516,3929.292,3924.2,3929.255,3932.0,-0.0043153218612688995,-1.0
2024-02-27 21:00:00,3925.534,3933.285,3922.042,3923.787,75634.0,-0.002577611883621622,0.0
2024-02-27 22:00:00,3923.77,3928.336,3914.288,3917.441,33801.0,-0.0027890656170699015,0.0
2024-02-27 23:00:00,3917.463,3919.511,3916.493,3919.271,1150.0,-0.0029571825984985845,0.0
2024-02-28 09:00:00,3920.075,3923.146,3909.892,3918.743,50203.0,-0.003880070726761088,-1.0
2024-02-28 10:00:00,3918.577,3921.156,3908.629,3915.665,36989.0,-0.0022338478904604564,0.0
2024-02-28 11:00:00,3916.477,3918.512,3903.756,3916.77,23679.0,-0.00833339716143656,-1.0
2024-02-28 13:00:00,3918.573,3928.427,3917.603,3924.18,36292.0,-0.011618478255329738,-1.0
2024-02-28 14:00:00,3924.18,3926.35,3907.804,3911.725,45069.0,-0.010450632393637107,-1.0
2024-02-28 15:00:00,3911.706,3913.773,3911.374,3912.579,1294.0,-0.008735670257392908,-1.0
2024-02-28 21:00:00,3907.686,3907.686,3891.092,3897.811,98940.0,-0.005195480232366372,-1.0
2024-02-28 22:00:00,3897.003,3903.892,3890.002,3892.061,34409.0,-0.005733209217430124,-1.0
2024-02-28 23:00:00,3892.715,3893.217,3890.234,3891.85,2393.0,-0.007011061577398938,-1.0
2024-02-29 09:00:00,3892.185,3899.888,3887.889,3896.404,39535.0,-0.00941201169077944,-1.0
2024-02-29 10:00:00,3896.404,3911.243,3894.591,3909.455,48921.0,-0.01683764105226944,-1.0
2024-02-29 11:00:00,3909.455,3920.114,3906.815,3914.435,29899.0,-0.008425992512329294,-1.0
2024-02-29 13:00:00,3914.345,3915.154,3901.718,3905.786,28702.0,-0.006334704461534807,-1.0
2024-02-29 14:00:00,3906.59,3915.474,3888.879,3900.983,105456.0,-0.006753682341091976,-1.0
2024-02-29 15:00:00,3901.673,3905.581,3900.863,3903.624,2285.0,-0.005569696261730058,-1.0
2024-02-29 21:00:00,3900.08,3924.564,3900.08,3917.518,77999.0,-0.009315336904642159,-1.0
2024-02-29 22:00:00,3916.882,3920.618,3909.733,3912.299,27539.0,-0.010343278977399195,-1.0
2024-02-29 23:00:00,3912.519,3914.479,3912.519,3913.673,1372.0,-0.011019827154695782,-1.0
2024-03-01 09:00:00,3916.603,3918.386,3902.882,3906.515,40926.0,-0.011216135097394943,-1.0
2024-03-01 10:00:00,3906.344,3916.189,3902.418,3907.681,24840.0,-0.015413233577664097,-1.0
2024-03-01 11:00:00,3908.317,3910.27,3895.209,3903.538,33388.0,-0.012142574249309188,-1.0
2024-03-01 13:00:00,3902.683,3913.264,3896.186,3906.918,30489.0,-0.014152843750495997,-1.0
2024-03-01 14:00:00,3906.748,3911.326,3876.402,3884.13,108752.0,-0.00918944525543692,-1.0
2024-03-01 15:00:00,3883.33,3884.155,3878.558,3878.587,4303.0,-0.008682027759078236,-1.0
2024-03-01 21:00:00,3873.902,3878.622,3865.533,3870.845,100472.0,-0.006749430679864409,-1.0
2024-03-01 22:00:00,3871.022,3886.625,3863.922,3878.4,50633.0,-0.013645317656765682,-1.0
2024-03-01 23:00:00,3877.612,3880.453,3875.774,3877.56,1518.0,-0.009697851226028693,-1.0
2024-03-04 09:00:00,3884.307,3892.795,3868.57,3869.747,83209.0,-0.0058561968004626165,-1.0
2024-03-04 10:00:00,3869.387,3870.541,3856.017,3864.564,67401.0,-0.00548367163799073,-1.0
2024-03-04 11:00:00,3863.765,3867.66,3858.577,3859.731,24921.0,-0.004540471861899207,-1.0
2024-03-04 13:00:00,3856.539,3856.559,3840.853,3843.629,74205.0,-0.0011426701172251082,0.0
2024-03-04 14:00:00,3842.851,3892.905,3839.713,3881.452,128664.0,-0.0062453432375308105,-1.0
2024-03-04 15:00:00,3881.263,3882.417,3879.259,3881.044,4213.0,-0.005056113767326536,-1.0
2024-03-04 21:00:00,3884.605,3886.107,3870.731,3874.637,69388.0,-0.00359336887558763,-1.0
2024-03-04 22:00:00,3874.637,3885.949,3873.844,3881.882,33218.0,-0.004393487488800493,-1.0
2024-03-04 23:00:00,3882.815,3883.041,3879.438,3881.025,1185.0,-0.0038677926578674364,-1.0
2024-03-05 09:00:00,3879.255,3899.249,3869.097,3871.833,103061.0,-0.005546210283346456,-1.0
2024-03-05 10:00:00,3871.681,3873.645,3857.339,3870.545,58959.0,-0.005842846420852938,-1.0
2024-03-05 11:00:00,3870.363,3870.363,3860.876,3862.699,14182.0,-0.0035974845567827533,-1.0
2024-03-05 13:00:00,3862.207,3865.592,3839.938,3847.451,80975.0,0.00036985526261407213,0.0
2024-03-05 14:00:00,3848.244,3859.718,3846.317,3856.139,58794.0,-0.003464346072587094,-1.0
2024-03-05 15:00:00,3856.152,3856.967,3850.637,3851.624,3765.0,-0.004443320531806734,-1.0
2024-03-05 21:00:00,3853.786,3853.786,3837.399,3848.437,79990.0,-0.0038662449196907485,-1.0
2024-03-05 22:00:00,3847.46,3854.145,3841.76,3844.913,26204.0,-0.0027740549656130498,0.0
2024-03-05 23:00:00,3845.497,3845.697,3843.736,3844.719,1092.0,-0.004214612303265902,-1.0
2024-03-06 09:00:00,3843.935,3845.503,3821.488,3825.478,108626.0,0.0024349898234939673,0.0
2024-03-06 10:00:00,3826.646,3840.933,3824.692,3839.956,41878.0,-0.0029799820622945184,0.0
2024-03-06 11:00:00,3839.364,3849.855,3832.496,3847.085,24979.0,-0.0020872946659614227,0.0
2024-03-06 13:00:00,3849.861,3849.884,3839.64,3843.372,35624.0,-0.00138576229415212,0.0
2024-03-06 14:00:00,3844.143,3850.064,3833.479,3842.206,58222.0,-0.0031765605488097014,-1.0
2024-03-06 15:00:00,3842.398,3843.192,3836.692,3839.237,3334.0,-0.006521347861567353,-1.0
2024-03-06 21:00:00,3832.814,3861.925,3832.814,3857.211,110329.0,-0.012012306301107157,-1.0
2024-03-06 22:00:00,3857.201,3862.832,3852.488,3861.421,40584.0,-0.01913647851399777,-1.0
2024-03-06 23:00:00,3860.861,3864.419,3859.879,3860.714,3435.0,-0.02019704127267648,-1.0
2024-03-07 09:00:00,3860.73,3870.324,3855.171,3864.827,61022.0,-0.020800413576079944,-1.0
2024-03-07 10:00:00,3865.605,3871.918,3858.725,3866.014,32271.0,-0.02507828476565268,-1.0
2024-03-07 11:00:00,3865.237,3869.156,3848.605,3850.359,34279.0,-0.020534448865677214,-1.0
2024-03-07 13:00:00,3848.776,3853.486,3841.106,3847.93,39283.0,-0.020768049314826353,-1.0
2024-03-07 14:00:00,3847.93,3864.502,3839.694,3848.803,78036.0,-0.018887950357552703,-1.0
2024-03-07 15:00:00,3847.878,3850.429,3847.68,3848.874,1686.0,-0.018700534234168138,-1.0
2024-03-07 21:00:00,3848.756,3855.975,3841.808,3842.78,80854.0,-0.01734031092073973,-1.0
2024-03-07 22:00:00,3842.012,3845.714,3832.558,3834.51,49090.0,-0.013099196507506896,-1.0
2024-03-07 23:00:00,3835.295,3835.513,3832.758,3833.558,2018.0,-0.014736440664260183,-1.0
2024-03-08 09:00:00,3833.139,3843.946,3828.735,3834.247,64679.0,-0.014730402084164118,-1.0
2024-03-08 10:00:00,3834.269,3835.207,3824.772,3828.515,49764.0,-0.009801189233945769,-1.0
2024-03-08 11:00:00,3828.727,3839.933,3826.783,3834.793,25944.0,-0.008362641738419769,-1.0
2024-03-08 13:00:00,3837.505,3837.712,3824.367,3828.513,24318.0,-0.007187385807492315,-1.0
2024-03-08 14:00:00,3828.721,3848.293,3826.769,3839.055,73442.0,-0.006699825868605687,-1.0
2024-03-08 15:00:00,3839.814,3839.814,3837.839,3838.046,2680.0,-0.0072734928137911095,-1.0
2024-03-08 21:00:00,3837.276,3838.634,3823.301,3830.001,76678.0,-0.005244385053685427,-1.0
2024-03-08 22:00:00,3829.449,3831.19,3812.424,3814.2,86644.0,-0.0019731529547480048,0.0
2024-03-08 23:00:00,3813.397,3813.444,3808.92,3810.877,5514.0,-0.0024750208416592268,0.0
2024-03-11 09:00:00,3807.179,3807.179,3784.543,3787.527,175390.0,0.001772924655058603,0.0
2024-03-11 10:00:00,3786.992,3794.466,3780.783,3782.739,43686.0,-0.0012850476863457607,0.0
2024-03-11 11:00:00,3783.276,3787.897,3777.812,3784.437,28143.0,-0.004064541172174372,-1.0
2024-03-11 13:00:00,3783.003,3784.503,3766.32,3769.061,50999.0,-0.00026637934488201706,0.0
2024-03-11 14:00:00,3769.824,3789.656,3766.335,3771.294,91245.0,-0.009415866278258805,-1.0
2024-03-11 15:00:00,3771.277,3772.308,3768.016,3768.016,2752.0,-0.0033009413972764716,-1.0
2024-03-11 21:00:00,3768.349,3780.299,3762.633,3776.107,99797.0,-0.005382792383796333,-1.0
2024-03-11 22:00:00,3775.105,3785.553,3771.416,3776.898,40409.0,-0.005895843626171538,-1.0
2024-03-11 23:00:00,3775.391,3778.099,3774.638,3776.145,1563.0,-0.009961481881654435,-1.0
2024-03-12 09:00:00,3782.31,3795.975,3781.303,3784.281,80390.0,-0.01504010933648959,-1.0
2024-03-12 10:00:00,3784.044,3784.23,3772.377,3777.065,35686.0,-0.017698662850652597,-1.0
2024-03-12 11:00:00,3776.873,3784.758,3775.133,3777.767,19390.0,-0.0189101127729687,-1.0
2024-03-12 13:00:00,3778.864,3791.744,3777.333,3790.991,30564.0,-0.02310108359529211,-1.0
2024-03-12 14:00:00,3791.734,3806.949,3781.875,3802.724,109950.0,-0.02957117056089267,-1.0
2024-03-12 15:00:00,3802.743,3803.762,3800.772,3800.996,3560.0,-0.02957593220303313,-1.0
2024-03-12 21:00:00,3805.825,3827.739,3802.105,3813.334,146144.0,-0.03342744170848916,-1.0
2024-03-12 22:00:00,3813.583,3814.587,3803.701,3810.13,48386.0,-0.026554736977478493,-1.0
2024-03-12 23:00:00,3809.155,3811.374,3809.155,3809.915,1292.0,-0.027873325257912623,-1.0
2024-03-13 09:00:00,3809.679,3818.277,3804.946,3806.674,57883.0,-0.024457571097498725,-1.0
2024-03-13 10:00:00,3806.66,3807.133,3794.233,3801.445,58177.0,-0.021667550102658313,-1.0
2024-03-13 11:00:00,3801.918,3802.894,3787.093,3794.242,36004.0,-0.027054679169119956,-1.0
2024-03-13 13:00:00,3794.961,3795.197,3772.455,3777.878,72028.0,-0.022957596830813547,-1.0
2024-03-13 14:00:00,3777.388,3784.305,3753.935,3769.055,129638.0,-0.034143837115669595,-1.0
2024-03-13 15:00:00,3769.063,3770.275,3766.57,3768.057,4937.0,-0.02570714827296933,-1.0
2024-03-13 21:00:00,3766.659,3773.928,3733.834,3735.784,170931.0,-0.016712690027046517,-1.0
2024-03-13 22:00:00,3735.779,3759.747,3733.584,3755.578,101668.0,-0.012622823970105253,-1.0
2024-03-13 23:00:00,3755.795,3757.745,3755.537,3755.781,990.0,-0.017383867696226154,-1.0
2024-03-14 09:00:00,3761.876,3766.16,3743.271,3754.63,86464.0,-0.014652841957796127,-1.0
2024-03-14 10:00:00,3755.836,3756.874,3738.271,3738.529,52715.0,-0.006209929092431781,-1.0
2024-03-14 11:00:00,3738.527,3742.686,3723.668,3727.365,47942.0,-0.0015472055996662054,0.0
2024-03-14 13:00:00,3727.344,3727.346,3703.342,3710.216,136001.0,0.0026545624297884974,0.0
2024-03-14 14:00:00,3710.212,3726.857,3701.369,3706.329,114713.0,0.0053017419662419706,1.0
2024-03-14 15:00:00,3706.331,3707.579,3702.385,3703.415,3571.0,0.008455979143574311,1.0
2024-03-14 21:00:00,3698.516,3700.16,3681.947,3690.273,161717.0,0.012203704170396026,1.0
2024-03-14 22:00:00,3690.015,3705.016,3684.927,3688.578,77790.0,0.01617777907909233,1.0
2024-03-14 23:00:00,3688.3,3688.591,3685.15,3685.864,2299.0,0.022132395552304635,1.0
2024-03-15 09:00:00,3687.036,3715.157,3682.66,3708.953,96882.0,0.016874034262499428,1.0
2024-03-15 10:00:00,3708.909,3713.89,3702.012,3703.72,38408.0,0.01896498655405916,1.0
2024-03-15 11:00:00,3703.703,3718.941,3701.738,3713.572,38309.0,0.017202036206649517,1.0
2024-03-15 13:00:00,3712.371,3723.472,3707.88,3719.077,47276.0,0.016144328283603678,1.0
2024-03-15 14:00:00,3719.061,3721.464,3689.629,3691.59,115086.0,0.023077318987211475,1.0
2024-03-15 15:00:00,3691.604,3692.851,3689.866,3691.147,4163.0,0.02347292047702253,1.0
2024-03-15 21:00:00,3684.131,3690.489,3627.887,3640.365,275089.0,0.03774703910184831,1.0
2024-03-15 22:00:00,3639.39,3671.197,3621.721,3671.191,176604.0,0.037380239818631075,1.0
2024-03-15 23:00:00,3670.577,3674.333,3668.555,3673.349,8846.0,0.03399785862982253,1.0
2024-03-18 09:00:00,3674.509,3721.883,3665.265,3708.172,239399.0,0.022290228177117982,1.0
2024-03-18 10:00:00,3708.175,3710.161,3685.29,3690.491,68163.0,0.02567896792052874,1.0
2024-03-18 11:00:00,3690.224,3705.603,3686.272,3699.614,27174.0,0.02199391612206034,1.0
2024-03-18 13:00:00,3699.208,3717.559,3698.481,3715.313,45558.0,0.0179745286601694,1.0
2024-03-18 14:00:00,3714.59,3725.856,3709.564,3721.598,99278.0,0.012724641404042086,1.0
2024-03-18 15:00:00,3722.29,3722.575,3717.868,3720.065,3226.0,0.01653438851202869,1.0
2024-03-18 21:00:00,3723.431,3744.751,3721.942,3725.979,172295.0,0.013781344446654199,1.0
2024-03-18 22:00:00,3726.252,3742.894,3725.29,3734.731,59662.0,0.015867273975019823,1.0
2024-03-18 23:00:00,3734.765,3737.283,3733.031,3735.308,1969.0,0.01668751278341708,1.0
2024-03-19 09:00:00,3733.983,3751.646,3727.268,3748.251,89093.0,0.01787793827040931,1.0
2024-03-19 10:00:00,3748.651,3777.144,3745.01,3767.441,190986.0,0.012433638642250881,1.0
2024-03-19 11:00:00,3767.193,3777.074,3762.782,3771.538,67926.0,0.01168780481596636,1.0
2024-03-19 13:00:00,3768.731,3787.055,3767.676,3773.961,91080.0,0.011733560574685366,1.0
2024-03-19 14:00:00,3773.243,3780.997,3766.581,3777.453,81159.0,0.01155381681784002,1.0
2024-03-19 15:00:00,3776.766,3781.106,3776.376,3779.119,5162.0,0.010846707923195852,1.0
2024-03-19 21:00:00,3788.384,3793.96,3769.765,3776.782,128036.0,0.01162365209323695,1.0
2024-03-19 22:00:00,3777.483,3781.135,3771.817,3777.789,33393.0,0.007844270815548343,1.0
2024-03-19 23:00:00,3776.844,3779.388,3776.1,3777.778,1375.0,0.008559793614129785,1.0
2024-03-20 09:00:00,3780.411,3811.497,3777.095,3808.421,147884.0,-0.0010434770735692576,0.0
2024-03-20 10:00:00,3807.185,3814.182,3793.601,3798.235,85304.0,0.0016318105646438057,0.0
2024-03-20 11:00:00,3797.947,3801.201,3776.962,3790.828,74715.0,0.00525558004741978,1.0
2024-03-20 13:00:00,3790.458,3797.489,3781.351,3785.259,43053.0,0.006462173394211542,1.0
2024-03-20 14:00:00,3785.984,3795.904,3779.689,3780.983,61161.0,0.012637454333965452,1.0
2024-03-20 15:00:00,3780.66,3783.664,3779.686,3782.094,4308.0,0.010374147231665812,1.0
2024-03-20 21:00:00,3779.044,3779.839,3760.111,3768.954,121839.0,0.013726885496612554,1.0
2024-03-20 22:00:00,3769.624,3782.25,3759.352,3781.574,56722.0,0.0029395167197574304,0.0
2024-03-20 23:00:00,3781.249,3781.249,3776.624,3777.328,2553.0,0.006000802683801861,1.0
2024-03-21 09:00:00,3782.283,3801.834,3781.968,3793.991,98329.0,0.002121776250918935,0.0
2024-03-21 10:00:00,3794.297,3807.217,3792.957,3797.641,72123.0,0.0023274975175378455,0.0
2024-03-21 11:00:00,3797.673,3818.277,3794.663,3815.262,72545.0,-0.005240793423885527,-1.0
2024-03-21 13:00:00,3816.322,3818.274,3801.666,3814.284,67408.0,-0.0054251335244046356,-1.0
2024-03-21 14:00:00,3814.626,3823.608,3807.326,3815.619,103688.0,-0.005804824852795927,-1.0
2024-03-21 15:00:00,3815.994,3818.243,3814.951,3818.243,4011.0,-0.006369421747123,-1.0
2024-03-21 21:00:00,3809.523,3831.974,3809.523,3821.097,130439.0,-0.007263359187165455,-1.0
2024-03-21 22:00:00,3821.097,3824.054,3812.814,3820.11,42565.0,-0.007740091253916827,-1.0
2024-03-21 23:00:00,3819.774,3821.076,3817.753,3820.682,1471.0,-0.012332091495706719,-1.0
2024-03-22 09:00:00,3819.38,3823.044,3805.794,3807.423,62741.0,-0.011983696058987917,-1.0
2024-03-22 10:00:00,3807.401,3813.724,3799.823,3810.115,76415.0,-0.016221820076296856,-1.0
2024-03-22 11:00:00,3810.453,3817.416,3797.243,3804.447,40901.0,-0.021594465634558767,-1.0
2024-03-22 13:00:00,3804.47,3810.72,3792.855,3804.433,56315.0,-0.02168601733819472,-1.0
2024-03-22 14:00:00,3804.723,3818.974,3802.105,3810.751,93539.0,-0.024582031205922502,-1.0
2024-03-22 15:00:00,3810.728,3812.355,3807.442,3809.72,3358.0,-0.016207752800730724,-1.0
2024-03-22 21:00:00,3818.164,3834.64,3806.259,3828.765,119558.0,-0.02251770479514927,-1.0
2024-03-22 22:00:00,3829.129,3829.756,3812.758,3821.33,55478.0,-0.018481785137635327,-1.0
2024-03-22 23:00:00,3821.72,3822.364,3819.367,3820.69,1331.0,-0.022492534071070904,-1.0
2024-03-25 09:00:00,3815.818,3815.818,3786.604,3792.69,133184.0,-0.01901631823323289,-1.0
2024-03-25 10:00:00,3792.066,3806.811,3789.122,3799.995,49635.0,-0.022646345587296838,-1.0
2024-03-25 11:00:00,3800.254,3811.154,3795.319,3802.041,32414.0,-0.02827823266503447,-1.0
2024-03-25 13:00:00,3802.381,3811.448,3800.432,3806.48,35527.0,-0.029689634517979846,-1.0
2024-03-25 14:00:00,3805.854,3808.08,3782.391,3795.267,78119.0,-0.025293345632863222,-1.0
2024-03-25 15:00:00,3794.914,3795.281,3792.598,3793.591,3326.0,-0.025389400175190212,-1.0
2024-03-25 21:00:00,3789.466,3797.487,3782.633,3793.47,72096.0,-0.02534276005873243,-1.0
2024-03-25 22:00:00,3793.117,3802.044,3791.914,3793.923,29191.0,-0.02927971917194935,-1.0
2024-03-25 23:00:00,3793.315,3794.518,3791.539,3793.343,1285.0,-0.025978404800198685,-1.0
2024-03-26 09:00:00,3794.774,3802.313,3784.964,3790.542,81549.0,-0.024193637743626078,-1.0
2024-03-26 10:00:00,3790.552,3790.552,3762.813,3773.565,129769.0,-0.03141432571056809,-1.0
2024-03-26 11:00:00,3773.923,3776.415,3759.828,3761.796,48227.0,-0.02340158796489754,-1.0
2024-03-26 13:00:00,3761.721,3761.953,3742.524,3748.308,123769.0,-0.01989751109033726,-1.0
2024-03-26 14:00:00,3747.707,3755.028,3720.294,3722.292,127004.0,-0.020387170055438886,-1.0
2024-03-26 15:00:00,3723.289,3723.897,3720.292,3721.93,5745.0,-0.018990684940340036,-1.0
2024-03-26 21:00:00,3717.913,3723.137,3698.538,3717.075,165413.0,-0.01797381005225882,-1.0
2024-03-26 22:00:00,3716.079,3750.497,3712.116,3747.973,120344.0,-0.03008159343730595,-1.0
2024-03-26 23:00:00,3747.814,3748.377,3742.132,3742.55,2964.0,-0.03169176096511741,-1.0
2024-03-27 09:00:00,3741.181,3754.655,3734.576,3750.705,118823.0,-0.03634356740932701,-1.0
2024-03-27 10:00:00,3751.137,3751.137,3728.217,3734.753,83469.0,-0.02984856026623456,-1.0
2024-03-27 11:00:00,3734.172,3738.462,3712.727,3720.567,89643.0,-0.02932402507467272,-1.0
2024-03-27 13:00:00,3720.379,3723.41,3711.237,3713.939,85376.0,-0.028367186429287025,-1.0
2024-03-27 14:00:00,3713.528,3717.026,3689.781,3694.526,149726.0,-0.02258692996070399,-1.0
2024-03-27 15:00:00,3694.137,3695.007,3691.196,3693.467,6353.0,-0.02388216816340855,-1.0
2024-03-27 21:00:00,3686.024,3701.733,3667.503,3699.272,181325.0,-0.02635410426700172,-1.0
2024-03-27 22:00:00,3698.777,3702.219,3690.325,3697.274,53829.0,-0.03140908680287144,-1.0
2024-03-27 23:00:00,3698.692,3699.295,3696.257,3697.333,1675.0,-0.026784441650238144,-1.0
2024-03-28 09:00:00,3697.829,3703.68,3679.402,3682.838,104049.0,-0.022169859222697316,-1.0
2024-03-28 10:00:00,3682.847,3703.753,3671.424,3694.798,107968.0,-0.019089812217068403,-1.0
2024-03-28 11:00:00,3694.276,3719.705,3690.834,3698.835,84594.0,-0.008149863402936325,-1.0
2024-03-28 13:00:00,3701.296,3719.677,3648.525,3655.021,297824.0,0.006063166258141774,1.0
2024-03-28 14:00:00,3655.51,3680.237,3641.452,3673.764,283944.0,0.009621195046823912,1.0
2024-03-28 15:00:00,3673.804,3675.768,3673.183,3673.726,4040.0,0.0124189991305829,1.0
2024-03-28 21:00:00,3662.581,3665.681,3644.613,3646.405,168436.0,0.020003263488284927,1.0
2024-03-28 22:00:00,3645.917,3661.218,3643.933,3651.248,84856.0,0.017163172701498204,1.0
2024-03-28 23:00:00,3651.192,3651.763,3648.916,3650.265,1758.0,0.012793043792711027,1.0
2024-03-29 09:00:00,3651.849,3658.062,3634.712,3635.228,128425.0,0.017682247165789877,1.0
2024-03-29 10:00:00,3634.775,3639.712,3622.949,3623.942,136392.0,0.022281813561033828,1.0
2024-03-29 11:00:00,3623.876,3631.285,3612.976,3614.391,77801.0,0.025261517085450866,1.0
2024-03-29 13:00:00,3613.895,3632.234,3605.384,3623.276,113037.0,0.021571086497412937,1.0
2024-03-29 14:00:00,3623.315,3633.187,3606.995,3611.465,153028.0,0.030496488267226656,1.0
2024-03-29 15:00:00,3611.945,3612.437,3607.157,3608.585,5644.0,0.032322364583347744,1.0
2024-03-29 21:00:00,3608.832,3625.365,3597.495,3611.078,182511.0,0.030806867090658274,1.0
2024-03-29 22:00:00,3610.648,3620.952,3601.54,3605.259,62358.0,0.028514733615532167,1.0
2024-03-29 23:00:00,3604.839,3605.299,3599.573,3601.781,3341.0,0.028321821898666246,1.0
2024-04-01 09:00:00,3595.091,3598.048,3564.824,3581.146,263727.0,0.03342896380097319,1.0
2024-04-01 10:00:00,3581.518,3613.421,3580.155,3598.302,119474.0,0.02694576497470191,1.0
2024-04-01 11:00:00,3599.235,3602.906,3593.048,3601.19,37520.0,0.02053959941019499,1.0
2024-04-01 13:00:00,3601.562,3624.832,3593.765,3624.265,88448.0,0.013477215380221992,1.0
2024-04-01 14:00:00,3624.281,3671.045,3619.394,3668.69,319207.0,0.010025376905652902,1.0
2024-04-01 15:00:00,3668.698,3677.182,3668.268,3677.182,10705.0,0.008361566003532134,1.0
2024-04-01 21:00:00,3676.81,3710.721,3672.822,3709.11,320970.0,-0.0022673902903931967,0.0
2024-04-01 22:00:00,3708.506,3725.637,3705.597,3719.35,138102.0,-0.0030142363585034444,-1.0
2024-04-01 23:00:00,3719.349,3720.966,3716.755,3719.345,4055.0,0.004612102399750493,1.0
2024-04-02 09:00:00,3720.701,3722.893,3700.791,3713.915,164776.0,0.006272087541044927,1.0
2024-04-02 10:00:00,3713.915,3714.584,3684.203,3696.963,130243.0,0.016848153470835334,1.0
2024-04-02 11:00:00,3696.922,3711.232,3692.334,3699.507,54980.0,0.012843603215239184,1.0
2024-04-02 13:00:00,3699.464,3707.988,3693.506,3704.69,46659.0,0.010985804480266924,1.0
2024-04-02 14:00:00,3704.982,3720.571,3696.559,3705.696,142296.0,0.009031501774565508,1.0
2024-04-02 15:00:00,3705.329,3705.685,3701.394,3701.434,3615.0,0.014356598010392694,1.0
2024-04-02 21:00:00,3696.018,3731.912,3696.018,3721.602,197858.0,0.008951252713213316,1.0
2024-04-02 22:00:00,3721.847,3726.574,3717.004,3725.223,54100.0,0.012849163660806342,1.0
2024-04-02 23:00:00,3724.873,3725.667,3721.691,3722.324,1731.0,0.014031019330934133,1.0
2024-04-03 09:00:00,3723.602,3734.387,3705.159,3708.062,122683.0,0.017676079849797636,1.0
2024-04-03 10:00:00,3707.466,3719.667,3698.55,3703.79,82609.0,0.01760925970424889,1.0
2024-04-03 11:00:00,3703.79,3710.004,3697.151,3700.86,39108.0,0.017566727733553746,1.0
2024-04-03 13:00:00,3699.852,3704.743,3693.592,3695.261,56327.0,0.01864902100284662,1.0
2024-04-03 14:00:00,3694.911,3696.82,3669.315,3675.157,178740.0,0.024231617860134908,1.0
2024-04-03 15:00:00,3675.193,3675.842,3671.189,3673.11,6293.0,0.02031902121090847,1.0
2024-04-08 09:00:00,3651.621,3724.01,3644.427,3705.47,289306.0,0.012810250791397665,1.0
2024-04-08 10:00:00,3704.852,3713.56,3700.439,3707.929,78863.0,0.008789272933758896,1.0
2024-04-08 11:00:00,3707.971,3714.494,3700.367,3700.7,43043.0,0.012400356689275091,1.0
2024-04-08 13:00:00,3701.068,3711.501,3699.366,3708.139,39144.0,0.010276313805927924,1.0
2024-04-08 14:00:00,3708.559,3739.226,3708.559,3736.499,165894.0,0.002187341680005864,0.0
2024-04-08 15:00:00,3736.503,3739.676,3735.749,3737.209,4703.0,0.005437212636488932,1.0
2024-04-08 21:00:00,3735.062,3766.1,3733.206,3759.25,213571.0,-0.0013002593602447084,0.0
2024-04-08 22:00:00,3759.289,3767.341,3746.03,3747.022,56272.0,-0.0006282322334909735,0.0
2024-04-08 23:00:00,3746.384,3748.77,3744.392,3745.389,5181.0,0.0038279067941941382,1.0
2024-04-09 09:00:00,3749.035,3752.473,3731.772,3739.164,117103.0,0.004950839278512447,1.0
2024-04-09 10:00:00,3739.012,3755.166,3731.419,3754.574,67253.0,0.004159726243243558,1.0
2024-04-09 11:00:00,3753.579,3764.485,3750.92,3754.915,60399.0,0.003220578894595443,1.0
2024-04-09 13:00:00,3760.745,3778.974,3756.872,3773.089,98387.0,-0.001830595567716572,0.0
2024-04-09 14:00:00,3772.767,3780.48,3757.426,3774.552,143007.0,-0.0015691928472571655,0.0
2024-04-09 15:00:00,3774.553,3775.817,3771.575,3773.606,6254.0,-0.003354086250657899,-1.0
2024-04-09 21:00:00,3769.396,3784.334,3766.78,3769.011,120728.0,-0.002005565916363667,0.0
2024-04-09 22:00:00,3768.306,3772.979,3757.603,3765.872,64773.0,0.0009599370345036253,0.0
2024-04-09 23:00:00,3766.863,3766.863,3762.99,3764.174,1193.0,0.000776000259286585,0.0
2024-04-10 09:00:00,3764.174,3773.711,3758.774,3764.212,72668.0,0.0022256982337870864,0.0
2024-04-10 10:00:00,3764.45,3765.629,3739.28,3747.744,124928.0,0.00942967289121127,1.0
2024-04-10 11:00:00,3746.756,3763.394,3745.009,3752.938,63612.0,0.00865428632180969,1.0
2024-04-10 13:00:00,3748.608,3751.709,3733.129,3740.519,83888.0,0.0117106743743315,1.0
2024-04-10 14:00:00,3740.529,3751.23,3735.855,3746.59,93057.0,0.011341513216017694,1.0
2024-04-10 15:00:00,3747.343,3747.82,3744.55,3746.245,3236.0,0.009673686584833677,1.0
2024-04-10 21:00:00,3743.12,3761.275,3738.77,3744.672,140771.0,0.010279672024679368,1.0
2024-04-10 22:00:00,3744.398,3765.651,3743.68,3757.529,71596.0,0.003225257875587957,1.0
2024-04-10 23:00:00,3757.412,3757.798,3753.644,3754.362,1956.0,0.004329630440538261,1.0
2024-04-11 09:00:00,3754.302,3762.206,3742.958,3744.668,74201.0,0.00732962174483817,1.0
2024-04-11 10:00:00,3744.897,3767.786,3744.179,3759.726,74229.0,0.005534179884385136,1.0
2024-04-11 11:00:00,3759.62,3764.638,3751.33,3757.676,43385.0,0.0073199498839175755,1.0
2024-04-11 13:00:00,3760.679,3771.129,3758.372,3770.192,80223.0,0.0038918442349885033,1.0
2024-04-11 14:00:00,3769.694,3773.632,3761.076,3767.008,96970.0,0.003449421928490766,1.0
2024-04-11 15:00:00,3767.781,3768.331,3765.353,3766.182,3094.0,0.006578545593388821,1.0
2024-04-11 21:00:00,3767.053,3789.02,3767.053,3768.629,125869.0,0.006899591336796473,1.0
2024-04-11 22:00:00,3769.875,3772.323,3755.579,3760.949,77431.0,0.005726214314525418,1.0
2024-04-11 23:00:00,3760.95,3761.947,3759.213,3761.452,1298.0,0.005990771648820628,1.0
2024-04-12 09:00:00,3760.392,3771.473,3758.082,3769.487,61981.0,0.004066070528960511,1.0
2024-04-12 10:00:00,3769.489,3772.363,3760.071,3767.095,53109.0,0.007508703656265653,1.0
2024-04-12 11:00:00,3767.098,3774.691,3765.435,3772.59,36745.0,0.0031132458072570543,1.0
2024-04-12 13:00:00,3774.24,3784.341,3773.51,3783.084,62088.0,-0.0007348501910081155,0.0
2024-04-12 14:00:00,3782.88,3789.535,3773.869,3785.417,113618.0,-0.00013948265144891374,0.0
2024-04-12 15:00:00,3785.689,3786.163,3782.394,3784.323,3635.0,0.00231956944478583,0.0
2024-04-12 21:00:00,3790.971,3802.086,3786.2,3789.082,110691.0,0.0012161257001036597,0.0
2024-04-12 22:00:00,3789.074,3792.439,3771.618,3782.485,74172.0,0.0021747607723493043,0.0
2024-04-12 23:00:00,3783.23,3784.292,3782.104,3783.166,1792.0,0.0018056305221604539,0.0
2024-04-15 09:00:00,3784.698,3788.095,3767.252,3769.648,107571.0,0.0054310110652241155,1.0
2024-04-15 10:00:00,3770.587,3774.508,3759.007,3770.617,64810.0,0.011711611123590608,1.0
2024-04-15 11:00:00,3770.264,3776.342,3763.803,3772.115,30960.0,0.016371982296404023,1.0
2024-04-15 13:00:00,3770.883,3781.85,3768.284,3780.533,39299.0,0.01438686026547047,1.0
2024-04-15 14:00:00,3778.919,3788.553,3774.018,3785.182,58939.0,0.01594401537363332,1.0
2024-04-15 15:00:00,3785.244,3787.748,3783.868,3784.865,3694.0,0.016179176800229424,1.0
2024-04-15 21:00:00,3789.271,3794.958,3778.831,3780.002,75684.0,0.017021948665635587,1.0
2024-04-15 22:00:00,3780.996,3795.692,3778.966,3790.958,67995.0,0.013362585393982128,1.0
2024-04-15 23:00:00,3791.14,3795.164,3789.908,3794.631,2950.0,0.018190174486004067,1.0
2024-04-16 09:00:00,3794.691,3795.643,3780.095,3782.485,62860.0,0.02092090252836424,1.0
2024-04-16 10:00:00,3783.936,3794.73,3773.159,3783.986,82814.0,0.01618689921157219,1.0
2024-04-16 11:00:00,3783.986,3790.845,3779.08,3784.814,27725.0,0.017156457358274462,1.0
2024-04-16 13:00:00,3786.581,3796.732,3786.579,3795.381,47961.0,0.01410003369885667,1.0
2024-04-16 14:00:00,3795.381,3807.835,3776.32,3784.335,164749.0,0.016015759704148792,1.0
2024-04-16 15:00:00,3784.465,3786.157,3779.423,3780.304,3943.0,0.0171390978080069,1.0
2024-04-16 21:00:00,3774.796,3790.578,3773.391,3784.889,68828.0,0.015407321060142068,1.0
2024-04-16 22:00:00,3786.357,3796.447,3780.908,3793.101,53102.0,0.01706018373884581,1.0
2024-04-16 23:00:00,3792.868,3794.635,3791.932,3793.69,1233.0,0.016145494228574225,1.0
2024-04-17 09:00:00,3792.926,3792.926,3784.268,3790.711,45182.0,0.013731197128981975,1.0
2024-04-17 10:00:00,3789.597,3797.344,3788.01,3789.997,49297.0,0.013013730617728753,1.0
2024-04-17 11:00:00,3789.997,3793.569,3778.098,3790.121,49508.0,0.012128636526380042,1.0
2024-04-17 13:00:00,3791.494,3819.519,3791.485,3814.777,161360.0,0.005823407239794133,1.0
2024-04-17 14:00:00,3814.835,3839.107,3813.947,3833.872,176434.0,-0.0037111306793758546,-1.0
2024-04-17 15:00:00,3833.585,3835.867,3831.754,3834.923,3694.0,-0.0022063024472720274,0.0
2024-04-17 21:00:00,3837.552,3848.394,3836.999,3845.533,120979.0,-0.0049759032102961445,-1.0
2024-04-17 22:00:00,3845.385,3850.105,3843.117,3846.101,52125.0,-0.0018299051428966662,0.0
2024-04-17 23:00:00,3845.829,3846.245,3843.256,3844.345,1450.0,-0.0020185493237468966,0.0
2024-04-18 09:00:00,3842.533,3847.172,3834.781,3841.615,88417.0,-0.004322661172449547,-1.0
2024-04-18 10:00:00,3842.462,3863.862,3840.68,3863.656,101719.0,-0.010360135581428521,-1.0
2024-04-18 11:00:00,3863.715,3870.094,3861.051,3861.618,60333.0,-0.010600996784249478,-1.0
2024-04-18 13:00:00,3861.928,3862.105,3827.388,3845.237,114197.0,-0.006964200126026041,-1.0
2024-04-18 14:00:00,3845.149,3854.127,3835.684,3849.748,80864.0,-0.006320153942543805,-1.0
2024-04-18 15:00:00,3849.598,3850.886,3847.754,3848.896,3140.0,-0.005834140491195496,-1.0
2024-04-18 21:00:00,3840.916,3848.845,3837.18,3844.944,80989.0,-0.005125432255970407,-1.0
2024-04-18 22:00:00,3845.066,3850.045,3840.168,3845.095,29078.0,-0.004906510762412889,-1.0
2024-04-18 23:00:00,3844.953,3845.214,3843.024,3843.204,866.0,-0.004593823278701885,-1.0
2024-04-19 09:00:00,3843.856,3861.477,3842.281,3857.812,60751.0,-0.008704675085255496,-1.0
2024-04-19 10:00:00,3858.363,3860.411,3847.049,3854.941,44393.0,-0.009129582009166927,-1.0
2024-04-19 11:00:00,3853.947,3854.751,3835.11,3842.762,55877.0,-0.011707204349371697,-1.0
2024-04-19 13:00:00,3841.053,3844.047,3829.918,3839.319,49407.0,-0.010664391263138062,-1.0
2024-04-19 14:00:00,3839.064,3843.652,3830.238,3836.09,58314.0,-0.004982156310201293,-1.0
2024-04-19 15:00:00,3836.207,3837.814,3834.874,3836.992,2090.0,-0.007252816789818738,-1.0
2024-04-19 21:00:00,3826.141,3828.446,3809.123,3819.644,117702.0,-0.002323514966316233,0.0
2024-04-19 22:00:00,3818.953,3834.483,3818.021,3826.462,49288.0,0.0021968073902210315,0.0
2024-04-19 23:00:00,3826.58,3827.512,3824.472,3826.398,1655.0,0.00351531649347507,1.0
2024-04-22 09:00:00,3822.338,3839.183,3818.789,3839.063,70524.0,-0.00019275536765097015,0.0
2024-04-22 10:00:00,3838.385,3847.087,3834.841,3836.585,61198.0,-0.00020382710144572656,0.0
2024-04-22 11:00:00,3836.585,3838.505,3821.975,3825.009,37604.0,0.0021388184968976647,0.0
2024-04-22 13:00:00,3825.815,3825.818,3814.214,3823.628,57222.0,0.0032704541341363894,1.0
2024-04-22 14:00:00,3823.69,3831.765,3813.963,3820.681,60887.0,0.003676831433977287,1.0
2024-04-22 15:00:00,3820.683,3821.749,3817.635,3818.458,2977.0,0.004944404259520495,1.0
2024-04-22 21:00:00,3816.941,3830.036,3814.447,3825.417,74576.0,0.0026133098692247927,0.0
2024-04-22 22:00:00,3824.485,3831.281,3824.42,3826.441,27590.0,0.005117287840058198,1.0
2024-04-22 23:00:00,3825.491,3826.422,3824.306,3825.237,1004.0,0.0053024165561506124,1.0
2024-04-23 09:00:00,3824.588,3835.169,3817.677,3826.229,66377.0,0.00140817499423071,0.0
2024-04-23 10:00:00,3825.544,3833.031,3820.406,3825.549,47857.0,0.004176394028674018,1.0
2024-04-23 11:00:00,3825.542,3829.353,3819.626,3824.231,21447.0,0.000968299247613435,0.0
2024-04-23 13:00:00,3825.228,3825.33,3814.603,3819.747,42100.0,0.0021459536456210626,0.0
2024-04-23 14:00:00,3819.526,3827.095,3796.31,3797.774,131475.0,0.006192048289340039,1.0
2024-04-23 15:00:00,3798.25,3799.526,3796.262,3798.375,3866.0,0.002820679896008146,0.0
2024-04-23 21:00:00,3790.095,3819.639,3785.776,3816.978,102726.0,-0.0018425571224146174,0.0
2024-04-23 22:00:00,3816.718,3817.616,3805.055,3809.163,34479.0,0.003668259930068615,1.0
2024-04-23 23:00:00,3809.806,3812.02,3808.619,3810.769,1488.0,0.0040128383536237365,1.0
2024-04-24 09:00:00,3811.057,3836.666,3811.057,3834.868,96043.0,-0.0009838669805584282,0.0
2024-04-24 10:00:00,3835.837,3849.086,3832.059,3839.849,95714.0,-0.001777153216181175,0.0
2024-04-24 11:00:00,3840.95,3843.016,3837.167,3838.323,19782.0,-0.0014115539520774217,0.0
2024-04-24 13:00:00,3839.256,3844.94,3830.509,3835.803,42237.0,-0.0009526036660381142,0.0
2024-04-24 14:00:00,3836.797,3839.705,3829.249,3833.19,52742.0,-0.0009902978980953921,0.0
2024-04-24 15:00:00,3833.053,3836.231,3832.123,3836.133,2961.0,-0.004539988577038313,-1.0
2024-04-24 21:00:00,3831.914,3841.283,3821.984,3834.729,89258.0,-0.004403701017725038,-1.0
2024-04-24 22:00:00,3835.408,3842.141,3832.945,3837.338,27535.0,-0.007286040479103036,-1.0
2024-04-24 23:00:00,3836.493,3837.502,3833.508,3835.414,1390.0,-0.005214039475269175,-1.0
2024-04-25 09:00:00,3838.08,3857.345,3835.479,3846.022,117601.0,-0.008420648659836051,-1.0
2024-04-25 10:00:00,3846.702,3852.586,3842.704,3845.52,46397.0,-0.007649940710229077,-1.0
2024-04-25 11:00:00,3844.676,3848.581,3826.876,3831.617,55619.0,-0.0043689126548922385,-1.0
2024-04-25 13:00:00,3832.317,3848.582,3832.152,3841.526,54451.0,-0.006942293244923989,-1.0
2024-04-25 14:00:00,3840.734,3843.501,3819.1,3827.934,81913.0,-0.00021630466982972395,0.0
2024-04-25 15:00:00,3827.856,3828.865,3825.008,3827.944,3112.0,-0.0004987011304240881,0.0
2024-04-25 21:00:00,3827.474,3834.271,3814.378,3821.29,79737.0,0.0014573612575857786,0.0
2024-04-25 22:00:00,3821.29,3822.146,3804.531,3809.089,63142.0,0.005882771444825758,1.0
2024-04-25 23:00:00,3808.38,3811.801,3807.181,3809.945,2669.0,-9.343966907664596e-05,0.0
2024-04-26 09:00:00,3812.209,3826.985,3809.456,3823.136,68822.0,-0.0041337791802332135,-1.0
2024-04-26 10:00:00,3822.276,3827.189,3816.366,3826.061,30793.0,-0.008275090229873506,-1.0
2024-04-26 11:00:00,3825.139,3835.998,3823.282,3831.095,41760.0,-0.006544865110366518,-1.0
2024-04-26 13:00:00,3830.508,3835.132,3825.331,3833.025,26291.0,-0.008321886760456856,-1.0
2024-04-26 14:00:00,3833.017,3839.736,3827.114,3832.905,77501.0,0.004537550500208021,1.0
2024-04-26 15:00:00,3832.953,3834.071,3831.294,3832.149,3244.0,0.010427308541499897,1.0
2024-04-26 21:00:00,3831.43,3840.109,3820.613,3829.394,80297.0,0.01170576858897257,1.0
2024-04-26 22:00:00,3829.341,3830.32,3802.798,3818.717,91728.0,0.014576361641881294,1.0
2024-04-26 23:00:00,3818.84,3818.978,3816.538,3817.842,3448.0,0.014303368237868335,1.0
2024-04-29 09:00:00,3816.202,3817.365,3801.562,3809.379,99370.0,0.01706682375263793,1.0
2024-04-29 10:00:00,3808.348,3822.335,3807.445,3815.416,64177.0,0.01759257706105967,1.0
2024-04-29 11:00:00,3816.319,3817.208,3810.58,3813.636,31046.0,0.01554159862136816,1.0
2024-04-29 13:00:00,3813.833,3819.354,3809.419,3816.102,27110.0,0.015368823998939322,1.0
2024-04-29 14:00:00,3816.155,3821.11,3810.11,3814.877,59286.0,0.012852576898285305,1.0
2024-04-29 15:00:00,3815.659,3816.821,3814.733,3814.857,3843.0,0.012362979791903081,1.0
2024-04-29 21:00:00,3815.819,3845.598,3815.819,3827.106,126591.0,0.00855058626544436,1.0
2024-04-29 22:00:00,3827.132,3829.033,3819.472,3826.035,27540.0,0.009726518445335692,1.0
2024-04-29 23:00:00,3827.762,3827.874,3824.984,3826.859,828.0,0.009355714438394487,1.0
2024-04-30 09:00:00,3827.654,3841.322,3821.911,3831.497,93244.0,0.007907614177957135,1.0
2024-04-30 10:00:00,3832.354,3832.484,3807.653,3809.589,83582.0,0.012274289956213182,1.0
2024-04-30 11:00:00,3809.527,3816.564,3805.619,3807.332,32880.0,0.010029070225554325,1.0
2024-04-30 13:00:00,3807.353,3808.284,3790.197,3794.4,74307.0,0.014249683744465518,1.0
2024-04-30 14:00:00,3794.539,3809.549,3781.609,3806.021,111700.0,0.009814712005004706,1.0
2024-04-30 15:00:00,3805.851,3805.933,3801.127,3801.127,3145.0,0.011702581892159924,1.0
2024-05-06 09:00:00,3813.674,3851.249,3813.674,3850.297,197030.0,-0.00351920903764052,-1.0
2024-05-06 10:00:00,3850.304,3874.381,3850.251,3872.108,120293.0,-0.011181506300960684,-1.0
2024-05-06 11:00:00,3872.027,3878.01,3868.289,3874.22,36963.0,-0.017144870451342407,-1.0
2024-05-06 13:00:00,3874.108,3879.199,3870.601,3874.38,42495.0,-0.017448211068609717,-1.0
2024-05-06 14:00:00,3873.476,3877.335,3867.59,3872.45,51740.0,-0.01711965293289768,-1.0
2024-05-06 15:00:00,3872.343,3874.461,3871.441,3874.393,2579.0,-0.01701402000261715,-1.0
2024-05-06 21:00:00,3877.381,3887.298,3875.01,3882.539,78831.0,-0.018759888825328024,-1.0
2024-05-06 22:00:00,3882.621,3885.471,3870.813,3872.906,38740.0,-0.018174208204381974,-1.0
2024-05-06 23:00:00,3872.86,3875.707,3872.852,3874.751,951.0,-0.015264722817027569,-1.0
2024-05-07 09:00:00,3876.49,3878.39,3861.925,3863.908,54130.0,-0.0133276982785304,-1.0
2024-05-07 10:00:00,3863.827,3870.636,3860.079,3862.02,39225.0,-0.013116452012159427,-1.0
2024-05-07 11:00:00,3862.81,3865.9,3857.911,3859.83,23771.0,-0.013352919688172786,-1.0
2024-05-07 13:00:00,3860.82,3867.937,3855.088,3863.249,30937.0,-0.014595745705234045,-1.0
2024-05-07 14:00:00,3863.249,3864.988,3852.958,3862.662,65542.0,-0.012682445422353764,-1.0
2024-05-07 15:00:00,3862.821,3862.821,3859.977,3861.795,2293.0,-0.014805032374841227,-1.0
2024-05-07 21:00:00,3862.253,3866.077,3855.2,3856.349,54715.0,-0.013387792443059524,-1.0
2024-05-07 22:00:00,3857.154,3857.271,3841.722,3845.516,74305.0,-0.013061966196474028,-1.0
2024-05-07 23:00:00,3845.608,3848.469,3845.555,3848.469,1618.0,-0.016898668015774613,-1.0
2024-05-08 09:00:00,3845.897,3851.39,3838.448,3843.376,63932.0,-0.014611372917976317,-1.0
2024-05-08 10:00:00,3843.376,3850.555,3841.477,3845.61,42370.0,-0.01128975637155098,-1.0
2024-05-08 11:00:00,3845.61,3848.445,3832.739,3836.747,40432.0,-0.008402430496459588,-1.0
2024-05-08 13:00:00,3835.842,3835.842,3823.924,3828.812,62667.0,-0.006085177334379431,-1.0
2024-05-08 14:00:00,3829.669,3830.526,3802.047,3807.797,177197.0,-0.002932666841220768,0.0
2024-05-08 15:00:00,3808.783,3809.903,3805.918,3806.779,4727.0,-0.0027143682362438387,0.0
2024-05-08 21:00:00,3808.293,3811.972,3793.596,3806.155,126773.0,-0.0030928850769346987,-1.0
2024-05-08 22:00:00,3806.071,3811.384,3802.555,3808.474,36312.0,-0.005888447708977502,-1.0
2024-05-08 23:00:00,3808.72,3810.544,3807.478,3809.703,1076.0,-0.0020124928373681404,0.0
2024-05-09 09:00:00,3811.17,3816.15,3800.753,3802.519,69431.0,-0.0007079517551390414,0.0
2024-05-09 10:00:00,3801.53,3820.995,3799.624,3815.604,80830.0,-0.003567980325002289,-1.0
2024-05-09 11:00:00,3816.444,3826.134,3807.454,3812.411,55943.0,0.002229560244160454,0.0
2024-05-09 13:00:00,3813.253,3822.143,3810.288,3811.364,40996.0,0.0022480140967904814,0.0
2024-05-09 14:00:00,3811.45,3815.027,3801.326,3808.29,85276.0,0.0008775592194922388,0.0
2024-05-09 15:00:00,3807.572,3808.675,3806.666,3806.862,2307.0,-0.0013262892114292502,0.0
2024-05-09 21:00:00,3810.987,3818.859,3807.804,3813.674,63276.0,-0.002894321853414846,0.0
2024-05-09 22:00:00,3814.504,3816.438,3803.636,3804.621,31625.0,-0.006097059339156283,-1.0
2024-05-09 23:00:00,3804.627,3805.551,3802.733,3804.721,1403.0,-0.006238565193085085,-1.0
2024-05-10 09:00:00,3805.624,3816.288,3790.565,3795.286,111068.0,-0.0023041741781778475,0.0
2024-05-10 10:00:00,3795.321,3796.138,3776.796,3783.435,149500.0,-0.0023885701749864364,0.0
2024-05-10 11:00:00,3783.523,3787.499,3775.482,3787.219,45988.0,-0.0033499515079534344,-1.0
2024-05-10 13:00:00,3790.802,3803.134,3789.475,3802.194,61619.0,-0.008218675848733599,-1.0
2024-05-10 14:00:00,3802.194,3808.074,3786.554,3804.509,72257.0,-0.010059116695478964,-1.0
2024-05-10 15:00:00,3804.43,3806.343,3804.269,3805.513,2269.0,-0.010562307893837102,-1.0
2024-05-10 21:00:00,3811.065,3811.065,3794.561,3796.63,66354.0,-0.007750294339980504,-1.0
2024-05-10 22:00:00,3796.444,3803.107,3792.666,3796.446,30117.0,-0.006569038516549387,-1.0
2024-05-10 23:00:00,3796.444,3796.525,3794.383,3794.383,1014.0,-0.008141771666170767,-1.0
2024-05-13 09:00:00,3791.95,3801.118,3777.041,3786.048,115845.0,-0.005540605929982891,-1.0
2024-05-13 10:00:00,3785.965,3805.603,3784.964,3802.036,56806.0,-0.009958611649127015,-1.0
2024-05-13 11:00:00,3801.929,3803.551,3792.192,3799.827,27557.0,-0.0057247343102725876,-1.0
2024-05-13 13:00:00,3800.804,3805.767,3798.035,3801.99,30360.0,-0.0074931812024754355,-1.0
2024-05-13 14:00:00,3802.085,3827.784,3802.085,3820.911,149500.0,-0.012431851985037129,-1.0
2024-05-13 15:00:00,3820.911,3820.911,3817.837,3819.932,5049.0,-0.011749423811732673,-1.0
2024-05-13 21:00:00,3819.629,3824.55,3808.863,3811.632,69496.0,-0.009573064765958527,-1.0
2024-05-13 22:00:00,3811.632,3811.742,3799.839,3801.813,33722.0,-0.0012851763093029477,0.0
2024-05-13 23:00:00,3801.911,3802.811,3801.638,3802.636,1103.0,-0.0015773268858760205,0.0
2024-05-14 09:00:00,3801.736,3807.347,3780.622,3781.424,115231.0,0.014242253711829253,1.0
2024-05-14 10:00:00,3781.424,3787.326,3777.798,3780.985,77761.0,0.014801169536509597,1.0
2024-05-14 11:00:00,3781.787,3789.602,3780.887,3786.541,19784.0,0.013814719027207137,1.0
2024-05-14 13:00:00,3786.934,3788.538,3769.824,3774.398,65936.0,0.01710232996096329,1.0
2024-05-14 14:00:00,3773.774,3784.581,3769.595,3774.532,84030.0,0.01761966781577156,1.0
2024-05-14 15:00:00,3774.618,3776.314,3770.94,3770.945,3168.0,0.020949125484460804,1.0
2024-05-14 21:00:00,3772.01,3772.326,3759.755,3766.239,96786.0,0.022376168904841114,1.0
2024-05-14 22:00:00,3766.241,3770.213,3762.398,3765.318,25631.0,0.02324292397083057,1.0
2024-05-14 23:00:00,3764.447,3768.303,3764.447,3767.205,1320.0,0.019702139915401526,1.0
2024-05-15 09:00:00,3767.507,3779.076,3762.551,3771.507,72910.0,0.01857665914447458,1.0
2024-05-15 10:00:00,3771.609,3774.372,3759.447,3763.49,48044.0,0.02263749870465987,1.0
2024-05-15 11:00:00,3764.388,3767.536,3759.529,3765.071,24901.0,0.0211337316082486,1.0
2024-05-15 13:00:00,3764.737,3770.186,3763.095,3764.173,28020.0,0.022299984618135316,1.0
2024-05-15 14:00:00,3764.085,3784.136,3762.008,3778.074,101789.0,0.016067181320429398,1.0
2024-05-15 15:00:00,3777.968,3778.069,3772.616,3773.501,4131.0,0.020192918989553697,1.0
2024-05-15 21:00:00,3767.423,3783.923,3767.423,3773.41,70566.0,0.01979721260080404,1.0
2024-05-15 22:00:00,3772.615,3778.271,3771.533,3775.05,23872.0,0.026342167653408497,1.0
2024-05-15 23:00:00,3775.145,3775.245,3773.259,3775.143,563.0,0.02466131746532513,1.0
2024-05-16 09:00:00,3776.833,3802.821,3776.833,3796.927,114735.0,0.019013007097581754,1.0
2024-05-16 10:00:00,3796.833,3801.46,3787.983,3796.638,37581.0,0.018826129854887432,1.0
2024-05-16 11:00:00,3796.538,3836.544,3794.145,3835.28,132535.0,0.007764491771135353,1.0
2024-05-16 13:00:00,3838.649,3846.089,3832.388,3836.948,111962.0,0.007351155136843171,1.0
2024-05-16 14:00:00,3837.749,3842.572,3831.003,3838.851,85001.0,0.007703867641645917,1.0
2024-05-16 15:00:00,3839.049,3839.249,3837.071,3838.949,5469.0,0.007799009572672118,1.0
2024-05-16 21:00:00,3839.465,3847.514,3835.178,3841.038,82949.0,0.006789310597812356,1.0
2024-05-16 22:00:00,3841.233,3853.817,3834.505,3849.943,63077.0,0.0031325139099461848,1.0
2024-05-16 23:00:00,3850.041,3852.498,3848.855,3850.513,2092.0,0.0026006924272168734,0.0
2024-05-17 09:00:00,3849.717,3856.502,3846.991,3852.835,72744.0,0.001638533703104364,0.0
2024-05-17 10:00:00,3852.737,3852.737,3840.238,3841.427,56406.0,0.005911084604757523,1.0
2024-05-17 11:00:00,3842.222,3844.36,3833.552,3841.569,33509.0,0.008509543886885816,1.0
2024-05-17 13:00:00,3846.829,3861.197,3839.786,3848.686,68196.0,0.006415955991213561,1.0
2024-05-17 14:00:00,3848.68,3852.57,3844.543,3844.641,53025.0,0.011641659130202224,1.0
2024-05-17 15:00:00,3846.235,3848.418,3844.546,3848.114,2438.0,0.01456427746163447,1.0
2024-05-17 21:00:00,3846.012,3847.792,3825.323,3838.777,101015.0,0.016955660617952003,1.0
2024-05-17 22:00:00,3839.668,3851.679,3833.919,3849.699,55088.0,0.01552796725146558,1.0
2024-05-17 23:00:00,3848.809,3849.897,3847.621,3848.113,2007.0,0.01543951541963555,1.0
2024-05-20 09:00:00,3853.775,3883.531,3853.775,3874.493,154812.0,0.008853029286670522,1.0
2024-05-20 10:00:00,3874.497,3879.657,3867.059,3868.243,47564.0,0.012920594698936964,1.0
2024-05-20 11:00:00,3869.038,3874.755,3866.129,3869.118,26473.0,0.010637049580808843,1.0
2024-05-20 13:00:00,3870.203,3872.781,3866.329,3868.114,21215.0,0.011158668022710812,1.0
2024-05-20 14:00:00,3868.909,3870.984,3854.356,3865.059,75000.0,0.011396462511956421,1.0
2024-05-20 15:00:00,3865.253,3865.352,3863.081,3865.154,1340.0,0.009545027183910404,1.0
2024-05-20 21:00:00,3857.614,3868.63,3851.384,3868.425,78477.0,0.009027963576907909,1.0
2024-05-20 22:00:00,3867.539,3875.634,3865.775,3868.889,36278.0,0.009799454055156405,1.0
2024-05-20 23:00:00,3868.787,3869.678,3867.116,3867.116,1263.0,0.009568370847939383,1.0
2024-05-21 09:00:00,3868.703,3874.35,3856.262,3862.003,71357.0,0.007369491944982897,1.0
2024-05-21 10:00:00,3862.108,3864.982,3853.792,3860.527,52662.0,0.007386556291407903,1.0
2024-05-21 11:00:00,3860.726,3867.363,3858.256,3859.148,33960.0,0.010085127598112347,1.0
2024-05-21 13:00:00,3859.24,3866.107,3855.526,3864.134,27165.0,0.008991147822513385,1.0
2024-05-21 14:00:00,3863.511,3875.448,3863.316,3874.259,75479.0,0.007496401247309516,1.0
2024-05-21 15:00:00,3873.668,3875.351,3872.185,3873.379,2956.0,0.006868937947977779,1.0
2024-05-21 21:00:00,3873.831,3893.837,3870.092,3889.399,126138.0,0.0027466968547068564,0.0
2024-05-21 22:00:00,3889.399,3909.835,3887.513,3904.159,112337.0,0.0005289231304360438,0.0
2024-05-21 23:00:00,3904.173,3905.167,3902.099,3903.866,1791.0,0.0016688585110246799,0.0
2024-05-22 09:00:00,3901.515,3914.031,3896.113,3909.477,71310.0,-0.0010993797891635567,0.0
2024-05-22 10:00:00,3910.369,3911.369,3901.578,3907.526,41510.0,0.0004255889788065418,0.0
2024-05-22 11:00:00,3907.618,3914.062,3903.945,3908.794,39152.0,-0.0011934627406816434,0.0
2024-05-22 13:00:00,3911.121,3919.995,3903.24,3918.223,48622.0,-0.00405821720713697,-1.0
2024-05-22 14:00:00,3918.127,3927.435,3909.482,3910.274,90134.0,-0.0036746785519377128,-1.0
2024-05-22 15:00:00,3909.379,3912.278,3908.283,3911.277,4544.0,-0.003178501548215645,-1.0
2024-05-22 21:00:00,3901.88,3918.534,3896.535,3909.107,75042.0,-0.003048522335152227,-1.0
2024-05-22 22:00:00,3909.012,3911.626,3901.268,3902.047,53322.0,-0.002556094275645619,0.0
2024-05-22 23:00:00,3901.379,3903.367,3900.48,3903.349,1741.0,-0.004938579665820311,-1.0
2024-05-23 09:00:00,3899.86,3909.343,3892.71,3906.802,97275.0,-0.006780225872721482,-1.0
2024-05-23 10:00:00,3906.927,3908.575,3896.933,3904.118,35689.0,-0.009726140449648231,-1.0
2024-05-23 11:00:00,3904.118,3908.189,3888.589,3890.464,44123.0,-0.0034402066180280848,-1.0
2024-05-23 13:00:00,3887.758,3894.375,3882.439,3889.043,61884.0,-0.002833087728780584,0.0
2024-05-23 14:00:00,3889.023,3899.15,3888.244,3898.068,54499.0,-0.0020540944898857745,0.0
2024-05-23 15:00:00,3898.05,3899.274,3896.627,3898.877,2812.0,0.0003962679510023201,0.0
2024-05-23 21:00:00,3901.224,3913.657,3900.531,3903.302,81100.0,-0.0007345063231080221,0.0
2024-05-23 22:00:00,3902.411,3905.952,3896.369,3899.985,29701.0,-0.0005779509408369277,0.0
2024-05-23 23:00:00,3899.206,3901.195,3898.33,3900.082,970.0,-0.0007733170738461593,0.0
2024-05-24 09:00:00,3895.959,3907.785,3891.812,3906.224,64180.0,-0.0027507383089142726,0.0
2024-05-24 10:00:00,3905.928,3912.928,3902.371,3910.381,41949.0,-0.0066239069799081075,-1.0
2024-05-24 11:00:00,3910.949,3911.841,3898.593,3905.179,21695.0,-0.008810095516748452,-1.0
2024-05-24 13:00:00,3905.095,3914.017,3904.307,3909.189,24186.0,-0.009931471719581753,-1.0
2024-05-24 14:00:00,3909.17,3916.665,3892.858,3904.129,64760.0,-0.010613891088127493,-1.0
2024-05-24 15:00:00,3904.498,3905.49,3901.424,3902.322,2351.0,-0.009820819501824828,-1.0
2024-05-24 21:00:00,3897.164,3906.714,3895.137,3895.905,51021.0,-0.008975578203267354,-1.0
2024-05-24 22:00:00,3896.582,3899.845,3892.934,3898.845,33891.0,-0.008140616002944355,-1.0
2024-05-24 23:00:00,3898.744,3899.056,3895.987,3897.19,1557.0,-0.008192826113173873,-1.0
2024-05-27 09:00:00,3895.624,3896.908,3876.216,3892.073,114439.0,-0.007186915558880769,-1.0
2024-05-27 10:00:00,3891.757,3892.54,3878.167,3884.072,28907.0,-0.006173675462246907,-1.0
2024-05-27 11:00:00,3884.275,3887.145,3880.228,3880.313,18066.0,-0.0004069259361294252,0.0
2024-05-27 13:00:00,3880.169,3880.169,3864.959,3866.146,61179.0,0.0035084034591554097,1.0
2024-05-27 14:00:00,3866.929,3878.959,3865.163,3877.08,51768.0,0.012320096567519905,1.0
2024-05-27 15:00:00,3877.06,3879.143,3876.265,3878.025,2946.0,0.012808839551060082,1.0
2024-05-27 21:00:00,3883.206,3894.689,3881.101,3890.061,66201.0,0.009837120806074719,1.0
2024-05-27 22:00:00,3890.06,3900.532,3887.066,3900.422,28633.0,0.003404759792658384,1.0
2024-05-27 23:00:00,3899.436,3901.509,3897.771,3900.435,2451.0,-0.0018390256471392998,0.0
2024-05-28 09:00:00,3899.547,3911.113,3894.986,3897.731,61239.0,-0.007317077551016331,-1.0
2024-05-28 10:00:00,3897.734,3903.782,3894.889,3897.066,29468.0,-0.009521778691969797,-1.0
2024-05-28 11:00:00,3896.398,3897.176,3885.668,3895.479,29461.0,-0.007732296849758308,-1.0
2024-05-28 13:00:00,3894.716,3897.24,3882.828,3884.479,21117.0,-0.004862428140298846,-1.0
2024-05-28 14:00:00,3883.811,3885.466,3865.296,3870.774,113596.0,-0.005079345887928373,-1.0
2024-05-28 15:00:00,3870.676,3871.776,3868.806,3870.365,3044.0,-0.007093129459366229,-1.0
2024-05-28 21:00:00,3864.319,3873.58,3861.065,3862.691,69236.0,-0.005129843417451616,-1.0
2024-05-28 22:00:00,3862.792,3870.318,3858.713,3863.998,35167.0,-0.005748191381051502,-1.0
2024-05-28 23:00:00,3863.998,3864.218,3860.937,3860.937,954.0,-0.007325423854364861,-1.0
2024-05-29 09:00:00,3860.937,3868.974,3855.925,3867.106,49527.0,-0.007949872592062486,-1.0
2024-05-29 10:00:00,3866.327,3873.398,3863.396,3865.261,34104.0,-0.004718180738635782,-1.0
2024-05-29 11:00:00,3866.147,3870.083,3858.274,3864.101,27751.0,-0.007835716509480535,-1.0
2024-05-29 13:00:00,3861.449,3867.718,3856.155,3860.093,35727.0,-0.006632741750004486,-1.0
2024-05-29 14:00:00,3860.884,3885.533,3860.111,3878.734,100127.0,-0.015594005672985084,-1.0
2024-05-29 15:00:00,3878.713,3879.71,3877.415,3879.71,3031.0,-0.01651747166669676,-1.0
2024-05-29 21:00:00,3887.726,3948.73,3886.675,3924.846,266519.0,-0.027804403026258903,-1.0
2024-05-29 22:00:00,3924.831,3930.529,3922.412,3927.698,58069.0,-0.027183607293636065,-1.0
2024-05-29 23:00:00,3928.581,3929.568,3927.254,3928.328,1100.0,-0.03104654193845315,-1.0
2024-05-30 09:00:00,3926.188,3928.587,3907.456,3913.702,98745.0,-0.02918898781767239,-1.0
2024-05-30 10:00:00,3913.486,3918.861,3885.118,3893.262,85215.0,-0.023440754822048958,-1.0
2024-05-30 11:00:00,3893.14,3896.757,3867.324,3869.211,79654.0,-0.017757883971693412,-1.0
2024-05-30 13:00:00,3864.795,3868.763,3856.45,3859.959,85644.0,-0.015206120065005798,-1.0
2024-05-30 14:00:00,3860.061,3874.069,3858.399,3865.358,86466.0,-0.01654827314830868,-1.0
2024-05-30 15:00:00,3865.257,3867.129,3864.922,3865.591,2579.0,-0.01644147039870489,-1.0
2024-05-30 21:00:00,3863.394,3864.135,3833.791,3851.113,142987.0,-0.012588828216673925,-1.0
2024-05-30 22:00:00,3851.214,3853.102,3839.251,3842.912,46198.0,-0.01361623685371927,-1.0
2024-05-30 23:00:00,3842.55,3845.947,3841.433,3842.876,2197.0,-0.012223657489859199,-1.0
2024-05-31 09:00:00,3842.756,3854.523,3840.714,3841.787,73203.0,-0.012709450055403845,-1.0
2024-05-31 10:00:00,3840.794,3846.518,3830.467,3832.654,60613.0,-0.012777046923619978,-1.0
2024-05-31 11:00:00,3833.319,3836.725,3826.478,3836.363,44769.0,-0.011716044597448069,-1.0
2024-05-31 13:00:00,3837.158,3850.878,3835.502,3847.024,35207.0,-0.014879293708591364,-1.0
2024-05-31 14:00:00,3846.032,3846.921,3832.072,3833.823,54898.0,-0.012106192695906935,-1.0
2024-05-31 15:00:00,3833.04,3834.696,3831.825,3834.49,4415.0,-0.008404768300347533,-1.0
2024-05-31 21:00:00,3835.363,3839.326,3813.453,3818.249,98278.0,-0.0046094427052819,-1.0
2024-05-31 22:00:00,3818.377,3821.619,3807.866,3815.627,71962.0,-0.007791380027450224,-1.0
2024-05-31 23:00:00,3816.378,3817.712,3815.354,3815.718,1751.0,-0.007136009526909435,-1.0
2024-06-03 09:00:00,3812.873,3829.96,3810.824,3820.929,95743.0,-0.009945487079189434,-1.0
2024-06-03 10:00:00,3820.783,3820.911,3806.367,3806.367,42523.0,-0.005054163195509073,-1.0
2024-06-03 11:00:00,3807.243,3808.382,3797.745,3799.465,61045.0,-0.004022408418027369,-1.0
2024-06-03 13:00:00,3797.351,3806.592,3792.387,3802.001,58791.0,-0.005283270572522203,-1.0
2024-06-03 14:00:00,3802.109,3806.989,3796.291,3800.502,57680.0,-0.0033690286177984084,-1.0
2024-06-03 15:00:00,3801.134,3802.019,3798.26,3801.264,4225.0,-0.00525114803917861,-1.0
2024-06-03 21:00:00,3802.873,3809.52,3795.573,3801.393,70184.0,-0.005807081772392335,-1.0
2024-06-03 22:00:00,3801.393,3808.345,3799.527,3802.035,24369.0,-0.004727205299267355,-1.0
2024-06-03 23:00:00,3802.655,3802.897,3800.894,3802.632,991.0,-0.003540442514553129,-1.0
2024-06-04 09:00:00,3803.604,3808.526,3786.614,3790.586,91670.0,-0.0007315491588898613,0.0
2024-06-04 10:00:00,3791.332,3806.264,3789.598,3795.902,56865.0,0.004331513300396061,1.0
2024-06-04 11:00:00,3795.774,3796.892,3790.686,3792.96,22344.0,0.008942883658145636,1.0
2024-06-04 13:00:00,3793.82,3793.821,3781.831,3783.684,49560.0,0.012069189710345714,1.0
2024-06-04 14:00:00,3783.821,3800.988,3783.692,3791.416,67755.0,0.012126867639952885,1.0
2024-06-04 15:00:00,3790.665,3792.295,3789.423,3789.783,3100.0,0.01421004843812959,1.0
2024-06-04 21:00:00,3784.529,3794.517,3775.791,3787.41,89821.0,0.015822950248322823,1.0
2024-06-04 22:00:00,3787.28,3804.239,3786.532,3802.262,48715.0,0.006828566784719186,1.0
2024-06-04 23:00:00,3801.522,3802.27,3799.282,3800.649,1360.0,0.006515729287287546,1.0
2024-06-05 09:00:00,3802.892,3804.993,3783.164,3785.898,59908.0,0.011782673489882644,1.0
2024-06-05 10:00:00,3785.898,3788.87,3782.912,3788.489,34052.0,0.006361111250422044,1.0
2024-06-05 11:00:00,3788.606,3792.079,3782.18,3782.928,18502.0,0.010599197235580483,1.0
2024-06-05 13:00:00,3783.041,3788.243,3781.303,3787.129,23923.0,0.007644313145921428,1.0
2024-06-05 14:00:00,3788.12,3799.331,3778.462,3784.182,67501.0,-0.0018638109900633436,0.0
2024-06-05 15:00:00,3783.44,3784.548,3780.931,3781.914,3397.0,-0.0027636799779160036,0.0
2024-06-05 21:00:00,3790.041,3802.722,3786.156,3787.698,81816.0,-0.004143413756851777,-1.0
2024-06-05 22:00:00,3786.937,3788.506,3777.734,3781.303,67813.0,-0.0038529046733361385,-1.0
2024-06-05 23:00:00,3781.174,3781.419,3779.194,3779.318,1370.0,-0.003101617805117274,-1.0
2024-06-06 09:00:00,3783.284,3795.156,3782.321,3784.062,65879.0,-0.00451155398616622,-1.0
2024-06-06 10:00:00,3783.317,3795.391,3782.682,3789.169,38372.0,-0.005962784980031255,-1.0
2024-06-06 11:00:00,3789.793,3799.496,3784.467,3787.813,44072.0,-0.005442982533720695,-1.0
2024-06-06 13:00:00,3788.191,3812.344,3785.83,3812.344,96018.0,-0.01177831801117639,-1.0
2024-06-06 14:00:00,3811.881,3836.309,3810.014,3826.88,190023.0,-0.01104764194330636,-1.0
2024-06-06 15:00:00,3826.619,3831.205,3825.632,3829.35,5812.0,-0.014273962944102747,-1.0
2024-06-06 21:00:00,3834.197,3840.994,3825.707,3837.394,106857.0,-0.015432348098735706,-1.0
2024-06-06 22:00:00,3837.268,3848.455,3833.681,3843.636,60017.0,-0.0167125607107437,-1.0
2024-06-06 23:00:00,3845.241,3849.577,3843.006,3847.338,3805.0,-0.01877609921457389,-1.0
2024-06-07 09:00:00,3849.568,3854.208,3826.974,3828.226,92719.0,-0.013880841935664228,-1.0
2024-06-07 10:00:00,3827.973,3832.384,3822.688,3825.413,50176.0,-0.011076189682002987,-1.0
2024-06-07 11:00:00,3824.796,3830.515,3819.449,3830.506,33884.0,-0.013620393754767588,-1.0
2024-06-07 13:00:00,3829.894,3832.761,3806.013,3812.588,63853.0,-0.009405946826670054,-1.0
2024-06-07 14:00:00,3812.468,3825.365,3808.002,3823.024,65934.0,-0.01283329636434401,-1.0
2024-06-07 15:00:00,3823.755,3824.873,3816.079,3816.079,4559.0,-0.009705511861782803,-1.0
2024-06-11 09:00:00,3802.173,3810.127,3776.139,3777.129,172243.0,0.0004701983967188557,0.0
2024-06-11 10:00:00,3777.129,3778.725,3770.345,3771.462,81099.0,0.0026806580578036124,0.0
2024-06-11 11:00:00,3771.457,3777.802,3771.457,3772.004,25039.0,0.004477460787422316,1.0
2024-06-11 13:00:00,3770.872,3772.601,3765.622,3766.734,58771.0,0.005853081210406688,1.0
2024-06-11 14:00:00,3765.859,3774.545,3763.465,3767.596,103589.0,0.0075440678883828775,1.0
2024-06-11 15:00:00,3768.457,3770.311,3766.731,3766.99,2975.0,0.008074085675831478,1.0
2024-06-11 21:00:00,3766.815,3775.178,3763.607,3766.575,71555.0,0.008080550632869424,1.0
2024-06-11 22:00:00,3766.575,3773.54,3765.457,3767.196,24275.0,0.006429450445371041,1.0
2024-06-11 23:00:00,3766.955,3769.797,3766.955,3767.441,962.0,0.009273403352567527,1.0
2024-06-12 09:00:00,3768.928,3786.835,3768.928,3784.602,80822.0,0.006895308938694215,1.0
2024-06-12 10:00:00,3783.733,3784.602,3770.696,3774.69,38913.0,0.012654019270456613,1.0
2024-06-12 11:00:00,3773.947,3782.111,3773.203,3778.174,22133.0,0.007656344043445362,1.0
2024-06-12 13:00:00,3778.518,3786.232,3776.556,3779.399,29682.0,0.007459122468942882,1.0
2024-06-12 14:00:00,3778.656,3783.283,3774.231,3775.1,45995.0,0.005730444226643074,1.0
2024-06-12 15:00:00,3774.961,3775.951,3772.977,3775.087,3486.0,0.003842295555042866,1.0
2024-06-12 21:00:00,3786.557,3798.848,3779.592,3783.042,85879.0,0.0011702222708603644,0.0
2024-06-12 22:00:00,3782.556,3784.412,3776.247,3778.333,24070.0,-0.001314071576009882,0.0
2024-06-12 23:00:00,3777.593,3779.203,3776.604,3776.727,1226.0,-0.0008541787637813531,0.0
2024-06-13 09:00:00,3777.348,3781.642,3761.505,3773.962,121579.0,-0.00042422260743486893,0.0
2024-06-13 10:00:00,3773.716,3789.838,3772.229,3779.042,54157.0,0.0004895420585428553,0.0
2024-06-13 11:00:00,3778.92,3779.893,3770.117,3778.905,27910.0,0.0008679763053053055,0.0
2024-06-13 13:00:00,3780.285,3787.996,3778.8,3781.572,36207.0,-3.4377237825991187e-05,0.0
2024-06-13 14:00:00,3781.941,3789.882,3778.96,3788.893,48698.0,0.0038354210583408273,1.0
2024-06-13 15:00:00,3788.152,3789.77,3787.04,3788.781,2862.0,0.0037497548683863968,1.0
2024-06-13 21:00:00,3794.657,3804.818,3791.171,3796.019,86345.0,0.0027415563515356886,0.0
2024-06-13 22:00:00,3796.495,3800.241,3790.952,3797.405,30307.0,0.001390686534620339,0.0
2024-06-13 23:00:00,3796.15,3797.879,3795.4,3797.011,625.0,0.0012056852087075794,0.0
2024-06-14 09:00:00,3797.011,3800.097,3782.383,3791.417,63122.0,0.004223223137945568,1.0
2024-06-14 10:00:00,3791.167,3804.242,3788.697,3802.378,58136.0,0.0010685418440774818,0.0
2024-06-14 11:00:00,3802.866,3810.824,3797.896,3810.698,47410.0,-0.004253289029988754,-1.0
2024-06-14 13:00:00,3812.469,3825.34,3812.459,3822.455,83732.0,-0.007735081250138984,-1.0
2024-06-14 14:00:00,3822.34,3824.462,3804.58,3807.101,81252.0,-0.0006842476729669158,0.0
2024-06-14 15:00:00,3807.351,3809.223,3806.475,3807.59,3175.0,0.0018371200680745276,0.0
2024-06-14 21:00:00,3808.574,3811.603,3794.977,3796.733,80135.0,0.004440396519850072,1.0
2024-06-14 22:00:00,3796.609,3801.174,3788.592,3789.592,62075.0,0.004949609351085832,1.0
2024-06-14 23:00:00,3789.596,3790.458,3786.989,3787.469,3662.0,0.005613775320669336,1.0
2024-06-17 09:00:00,3783.916,3786.008,3769.27,3773.368,114314.0,0.008610874953092354,1.0
2024-06-17 10:00:00,3773.242,3779.323,3769.39,3773.501,36074.0,0.006127731250104238,1.0
2024-06-17 11:00:00,3773.501,3775.1,3767.645,3772.361,31840.0,0.004005184021359547,1.0
2024-06-17 13:00:00,3772.107,3780.892,3770.509,3780.892,26113.0,0.0017741845046089875,0.0
2024-06-17 14:00:00,3781.063,3786.887,3772.238,3782.185,66345.0,-0.0005893418751329759,0.0
2024-06-17 15:00:00,3781.062,3782.914,3780.808,3781.442,2117.0,0.0020968191499433518,0.0
2024-06-17 21:00:00,3781.964,3807.03,3777.606,3803.425,111437.0,-0.003727429882277193,-1.0
2024-06-17 22:00:00,3803.55,3815.399,3801.686,3802.988,82941.0,-0.0023752375763478354,0.0
2024-06-17 23:00:00,3802.845,3806.426,3802.845,3806.426,1392.0,-0.0015221627847224323,0.0
2024-06-18 09:00:00,3806.426,3813.081,3798.738,3802.686,53962.0,-0.0019186438217618483,0.0
2024-06-18 10:00:00,3802.686,3809.53,3795.75,3801.589,39514.0,-0.007117023960244003,-1.0
2024-06-18 11:00:00,3801.334,3808.418,3799.003,3807.429,18673.0,-0.006878920132194259,-1.0
2024-06-18 13:00:00,3809.555,3819.494,3805.451,3806.441,53974.0,-0.007557715987191193,-1.0
2024-06-18 14:00:00,3805.828,3815.169,3788.516,3794.49,107048.0,-0.00409277663137859,-1.0
2024-06-18 15:00:00,3794.616,3796.597,3792.888,3792.888,3931.0,-0.0004674538241045183,0.0
2024-06-18 21:00:00,3791.322,3807.465,3785.767,3804.496,76273.0,-0.0036322813849718753,-1.0
2024-06-18 22:00:00,3804.496,3816.883,3804.496,3814.585,56548.0,-0.008725719835840558,-1.0
2024-06-18 23:00:00,3815.183,3815.313,3813.074,3813.592,1193.0,-0.010301573949179686,-1.0
2024-06-19 09:00:00,3815.784,3817.551,3806.486,3808.349,52523.0,-0.009624905700606798,-1.0
2024-06-19 10:00:00,3808.345,3812.464,3796.666,3808.731,51747.0,-0.011002877336309693,-1.0
2024-06-19 11:00:00,3807.724,3812.696,3804.74,3805.86,22887.0,-0.012850446416841436,-1.0
2024-06-19 13:00:00,3805.648,3810.679,3791.917,3796.624,56947.0,-0.01093840211724943,-1.0
2024-06-19 14:00:00,3796.884,3799.853,3777.654,3787.47,119165.0,-0.010822791995712174,-1.0
2024-06-19 15:00:00,3788.201,3788.604,3785.75,3787.6,3121.0,-0.011449994719611348,-1.0
2024-06-19 21:00:00,3787.807,3792.936,3777.833,3779.956,72684.0,-0.009315452349180782,-1.0
2024-06-19 22:00:00,3780.408,3799.908,3766.18,3789.371,154818.0,-0.015817928621926977,-1.0
2024-06-19 23:00:00,3789.509,3790.631,3788.388,3789.248,2002.0,-0.016580070768659118,-1.0
2024-06-20 09:00:00,3789.976,3800.342,3787.652,3793.955,64060.0,-0.015958017425088032,-1.0
2024-06-20 10:00:00,3793.359,3808.174,3789.255,3800.632,68040.0,-0.019000261009221673,-1.0
2024-06-20 11:00:00,3800.484,3802.474,3791.526,3795.39,21793.0,-0.01683068143194768,-1.0
2024-06-20 13:00:00,3796.221,3796.221,3772.686,3774.533,69012.0,-0.011937635728711272,-1.0
2024-06-20 14:00:00,3773.676,3790.217,3770.854,3781.238,114794.0,-0.011713888414323475,-1.0
2024-06-20 15:00:00,3781.108,3781.108,3776.157,3777.673,3530.0,-0.011903624268167162,-1.0
2024-06-20 21:00:00,3776.301,3786.815,3773.604,3778.96,65507.0,-0.012235112306031257,-1.0
2024-06-20 22:00:00,3778.96,3791.115,3775.894,3791.115,50294.0,-0.014917774849879216,-1.0
2024-06-20 23:00:00,3789.541,3791.537,3789.411,3790.677,2680.0,-0.01651736615913202,-1.0
2024-06-21 09:00:00,3790.809,3794.375,3777.727,3781.3,63484.0,-0.012271705498109181,-1.0
2024-06-21 10:00:00,3781.169,3783.404,3772.434,3774.306,50241.0,-0.010673220454303415,-1.0
2024-06-21 11:00:00,3774.174,3775.661,3763.583,3771.694,81316.0,-0.011904730341326693,-1.0
2024-06-21 13:00:00,3773.41,3776.509,3766.692,3766.824,25254.0,-0.011409346441458338,-1.0
2024-06-21 14:00:00,3766.692,3772.111,3755.559,3756.953,130882.0,-0.009098596655321478,-1.0
2024-06-21 15:00:00,3756.827,3758.548,3754.367,3755.095,5432.0,-0.007105545931594218,-1.0
2024-06-21 21:00:00,3751.734,3753.69,3742.889,3746.479,110291.0,-0.004592044957411939,-1.0
2024-06-21 22:00:00,3746.479,3752.77,3743.837,3744.232,28037.0,-0.006323593196148138,-1.0
2024-06-21 23:00:00,3744.497,3745.61,3744.098,3744.744,2294.0,-0.004102016052365751,-1.0
2024-06-24 09:00:00,3741.988,3741.988,3724.289,3729.431,130565.0,0.003075536187691849,1.0
2024-06-24 10:00:00,3729.565,3731.54,3722.058,3726.422,50443.0,0.004145263204221131,1.0
2024-06-24 11:00:00,3727.158,3734.771,3726.422,3733.411,27326.0,0.0058466640827918425,1.0
2024-06-24 13:00:00,3733.651,3737.093,3727.305,3728.419,25009.0,0.0071689903951246544,1.0
2024-06-24 14:00:00,3727.682,3734.221,3723.336,3731.511,61634.0,0.006064835397778503,1.0
2024-06-24 15:00:00,3732.107,3732.354,3728.738,3729.474,2871.0,0.005553866309297165,1.0
2024-06-24 21:00:00,3731.828,3740.636,3727.749,3736.945,71138.0,0.00391576541800851,1.0
2024-06-24 22:00:00,3737.682,3743.768,3731.462,3732.705,41980.0,0.006016280418623995,1.0
2024-06-24 23:00:00,3732.844,3734.318,3732.338,3732.724,1178.0,0.0038925996135797196,1.0
2024-06-25 09:00:00,3731.987,3737.014,3727.095,3734.56,53127.0,0.0048538515916198835,1.0
2024-06-25 10:00:00,3735.297,3736.287,3725.212,3728.065,33403.0,0.003159547915607694,1.0
2024-06-25 11:00:00,3728.33,3737.28,3728.33,3734.897,23821.0,0.0011692424181979288,0.0
2024-06-25 13:00:00,3737.007,3741.732,3733.041,3734.022,33559.0,0.0006127441134519322,0.0
2024-06-25 14:00:00,3733.14,3734.02,3717.491,3726.793,87663.0,0.0006225191471594234,0.0
2024-06-25 15:00:00,3726.166,3727.168,3723.579,3723.847,2970.0,0.0013153064559311065,0.0
2024-06-25 21:00:00,3718.861,3727.938,3715.949,3722.77,70797.0,0.002158876320589187,0.0
2024-06-25 22:00:00,3723.039,3733.735,3722.296,3728.413,61437.0,0.001999510247389419,0.0
2024-06-25 23:00:00,3728.29,3729.541,3727.297,3729.275,868.0,0.0032877704111388853,1.0
2024-06-26 09:00:00,3730.753,3731.521,3718.704,3720.555,52021.0,0.006277558052494916,1.0
2024-06-26 10:00:00,3719.816,3735.532,3719.556,3729.383,54912.0,0.0037861490761341345,1.0
2024-06-26 11:00:00,3728.525,3742.432,3727.524,3740.901,44031.0,0.0012082650676935802,0.0
2024-06-26 13:00:00,3741.557,3750.7,3740.422,3741.869,63444.0,0.0013386358528318374,0.0
2024-06-26 14:00:00,3741.008,3759.515,3740.269,3755.239,103424.0,-0.0008047423879012586,0.0
2024-06-26 15:00:00,3754.492,3756.244,3753.133,3755.148,3972.0,-0.001316858882792413,0.0
2024-06-26 21:00:00,3755.795,3763.304,3749.589,3754.142,78805.0,-0.0010942580222057983,0.0
2024-06-26 22:00:00,3754.741,3757.865,3746.833,3750.187,39077.0,0.0006114361763827031,0.0
2024-06-26 23:00:00,3750.931,3752.31,3750.075,3751.578,1359.0,-2.478956854951362e-05,0.0
2024-06-27 09:00:00,3750.89,3759.017,3746.193,3755.162,48086.0,-0.00047241636978641327,0.0
2024-06-27 10:00:00,3756.284,3759.604,3746.142,3747.254,33574.0,0.0024692748343187187,0.0
2024-06-27 11:00:00,3747.102,3756.385,3742.861,3752.687,33724.0,0.003064470871138467,1.0
2024-06-27 13:00:00,3751.674,3751.68,3736.729,3739.844,48314.0,0.006317375804980033,1.0
2024-06-27 14:00:00,3739.979,3744.686,3734.866,3739.264,61003.0,0.0089041586793551,1.0
2024-06-27 15:00:00,3740.142,3740.145,3736.31,3736.31,3664.0,0.009129863421397068,1.0
2024-06-27 21:00:00,3737.24,3738.123,3726.74,3729.113,63337.0,0.010618879073924593,1.0
2024-06-27 22:00:00,3728.977,3732.418,3727.448,3728.745,31370.0,0.010760993310081542,1.0
2024-06-27 23:00:00,3729.599,3730.807,3728.35,3730.807,991.0,0.008450450532552353,1.0
2024-06-28 09:00:00,3730.079,3736.857,3724.29,3735.868,65946.0,0.008594254400851414,1.0
2024-06-28 10:00:00,3736.004,3746.235,3734.162,3741.536,52154.0,0.005803231613968097,1.0
2024-06-28 11:00:00,3742.536,3747.735,3740.794,3743.911,22737.0,0.004472595635953923,1.0
2024-06-28 13:00:00,3742.454,3750.857,3741.595,3743.503,39716.0,0.004344593820280007,1.0
2024-06-28 14:00:00,3742.609,3753.148,3732.205,3745.421,93538.0,0.006509281600119215,1.0
2024-06-28 15:00:00,3744.556,3748.002,3744.308,3746.878,3410.0,0.004373507757658433,1.0
2024-06-28 21:00:00,3747.645,3763.144,3747.083,3752.217,73272.0,0.0034651514024908346,1.0
2024-06-28 22:00:00,3752.479,3753.474,3745.398,3750.203,31572.0,0.006260194448140504,1.0
2024-06-28 23:00:00,3751.034,3751.204,3749.172,3750.034,1876.0,0.004375160331879577,1.0
2024-07-01 09:00:00,3747.854,3754.585,3734.832,3752.48,90975.0,0.007149938174220763,1.0
2024-07-01 10:00:00,3752.884,3756.476,3740.827,3751.485,59149.0,0.009475447722701816,1.0
2024-07-01 11:00:00,3752.338,3758.656,3751.366,3753.388,31534.0,0.013956457472555465,1.0
2024-07-01 13:00:00,3755.762,3761.611,3749.095,3756.507,41596.0,0.014783148281102604,1.0
2024-07-01 14:00:00,3756.512,3768.175,3756.512,3764.187,77967.0,0.013036015479571065,1.0
2024-07-01 15:00:00,3763.596,3765.311,3763.198,3763.47,2894.0,0.013348319503011937,1.0
2024-07-01 21:00:00,3773.436,3779.99,3767.858,3772.559,96958.0,0.010614545723473076,1.0
2024-07-01 22:00:00,3772.837,3774.808,3767.592,3770.422,31397.0,0.01326164551341997,1.0
2024-07-01 23:00:00,3770.167,3771.877,3768.446,3768.712,1906.0,0.013418908104413423,1.0
2024-07-02 09:00:00,3772.738,3773.374,3765.29,3768.87,44740.0,0.009297747070076686,1.0
2024-07-02 10:00:00,3768.87,3771.29,3760.919,3762.334,40160.0,0.009670061190739595,1.0
2024-07-02 11:00:00,3762.334,3769.102,3762.334,3767.975,21379.0,0.009485997120469202,1.0
2024-07-02 13:00:00,3767.74,3768.933,3762.112,3763.249,24469.0,0.010982797045850576,1.0
2024-07-02 14:00:00,3763.971,3766.688,3753.208,3760.656,70877.0,0.01249090584195953,1.0
2024-07-02 15:00:00,3759.91,3761.042,3758.918,3759.767,2060.0,0.009906464948492845,1.0
2024-07-02 21:00:00,3767.182,3771.044,3762.229,3769.801,63678.0,0.006561884831586622,1.0
2024-07-02 22:00:00,3769.538,3769.678,3759.519,3763.265,31792.0,0.007886237084021546,1.0
2024-07-02 23:00:00,3763.265,3766.225,3763.265,3765.219,851.0,0.004957746149692731,1.0
2024-07-03 09:00:00,3763.776,3777.511,3760.873,3773.68,58769.0,-0.00356336520319679,-1.0
2024-07-03 10:00:00,3773.681,3775.991,3764.584,3766.441,50122.0,0.0013537979222295424,0.0
2024-07-03 11:00:00,3766.567,3782.794,3765.845,3779.31,53065.0,-0.005088759588390466,-1.0
2024-07-03 13:00:00,3780.254,3789.014,3778.973,3787.032,72880.0,-0.006565299685875451,-1.0
2024-07-03 14:00:00,3786.33,3809.613,3785.919,3805.772,173263.0,-0.011562174507563815,-1.0
2024-07-03 15:00:00,3805.329,3812.04,3805.043,3812.04,5296.0,-0.011781093587685296,-1.0
2024-07-03 21:00:00,3811.044,3815.949,3807.539,3813.257,72367.0,-0.012105924148306817,-1.0
2024-07-03 22:00:00,3813.97,3818.097,3811.398,3813.706,41456.0,-0.01630566173690367,-1.0
2024-07-03 23:00:00,3813.992,3814.148,3811.855,3812.603,1103.0,-0.020143980372464673,-1.0
2024-07-04 09:00:00,3813.32,3822.233,3811.441,3820.424,60695.0,-0.022806107384939447,-1.0
2024-07-04 10:00:00,3820.424,3821.304,3812.476,3819.284,43859.0,-0.027273174762599536,-1.0
2024-07-04 11:00:00,3819.159,3820.013,3803.07,3803.912,43505.0,-0.023421151698567066,-1.0
2024-07-04 13:00:00,3802.18,3802.192,3793.741,3798.716,67909.0,-0.02316835478093118,-1.0
2024-07-04 14:00:00,3798.591,3810.899,3791.514,3803.718,91570.0,-0.0228681516347952,-1.0
2024-07-04 15:00:00,3804.58,3806.427,3803.693,3804.58,2767.0,-0.022601969205536483,-1.0
2024-07-04 21:00:00,3804.785,3808.201,3797.594,3807.63,55573.0,-0.022996982374863185,-1.0
2024-07-04 22:00:00,3807.778,3807.778,3796.307,3797.013,35522.0,-0.020921445357179408,-1.0
2024-07-04 23:00:00,3797.127,3797.988,3794.036,3794.538,3870.0,-0.024855726836837528,-1.0
2024-07-05 09:00:00,3793.825,3801.941,3788.018,3792.943,75984.0,-0.021106038239963026,-1.0
2024-07-05 10:00:00,3792.943,3796.804,3783.612,3783.886,40886.0,-0.016278503105008977,-1.0
2024-07-05 11:00:00,3783.871,3785.297,3758.742,3760.233,117101.0,-0.011317915671715022,-1.0
2024-07-05 13:00:00,3759.142,3772.42,3755.653,3771.54,62082.0,-0.014622143739692577,-1.0
2024-07-05 14:00:00,3770.827,3774.564,3757.36,3760.078,86198.0,-0.013159301482575632,-1.0
2024-07-05 15:00:00,3761.343,3763.19,3760.344,3762.169,3657.0,-0.015745704140350907,-1.0
2024-07-05 21:00:00,3763.921,3768.227,3758.331,3761.769,75179.0,-0.015456291973270973,-1.0
2024-07-05 22:00:00,3762.301,3770.218,3759.48,3767.13,37342.0,-0.01710002043996361,-1.0
2024-07-05 23:00:00,3767.122,3767.957,3764.948,3767.094,2142.0,-0.017839480512033937,-1.0
2024-07-08 09:00:00,3763.664,3768.15,3749.817,3751.521,89047.0,-0.015523836865100924,-1.0
2024-07-08 10:00:00,3751.358,3751.532,3731.305,3735.802,113110.0,-0.012082813810796214,-1.0
2024-07-08 11:00:00,3735.102,3736.667,3730.449,3733.295,36240.0,-0.01249700331744483,-1.0
2024-07-08 13:00:00,3733.571,3733.722,3711.559,3715.12,114444.0,-0.007964211115657028,-1.0
2024-07-08 14:00:00,3715.096,3717.079,3709.159,3714.82,95895.0,-0.005119225157612019,-1.0
2024-07-08 15:00:00,3714.926,3715.654,3710.555,3710.706,5092.0,-0.003977140738177658,-1.0
2024-07-08 21:00:00,3711.083,3720.977,3707.614,3716.734,79804.0,-0.006874853029568469,-1.0
2024-07-08 22:00:00,3715.9,3721.994,3714.081,3718.589,28274.0,-0.009405987055842918,-1.0
2024-07-08 23:00:00,3719.272,3720.548,3718.397,3720.066,811.0,-0.0043956209379080536,-1.0
2024-07-09 09:00:00,3718.647,3720.938,3713.173,3717.574,44210.0,0.00031794928628180337,0.0
2024-07-09 10:00:00,3717.14,3717.861,3697.542,3700.222,92239.0,0.006255030103599184,1.0
2024-07-09 11:00:00,3699.369,3715.292,3698.637,3712.889,45363.0,-0.001792135450319144,0.0
2024-07-09 13:00:00,3715.238,3725.102,3713.75,3722.29,45267.0,-0.0040230610726192505,-1.0
2024-07-09 14:00:00,3722.29,3726.276,3715.62,3717.675,53669.0,-0.0035847673613213166,-1.0
2024-07-09 15:00:00,3717.234,3718.385,3715.335,3716.392,2129.0,-0.004236097806689913,-1.0
2024-07-09 21:00:00,3716.838,3720.921,3709.764,3710.598,68558.0,-0.002638927741566162,0.0
2024-07-09 22:00:00,3711.308,3713.333,3701.324,3702.931,44236.0,0.001575238642037911,0.0
2024-07-09 23:00:00,3702.656,3704.35,3701.814,3703.626,1337.0,0.002725977191001468,0.0
2024-07-10 09:00:00,3708.524,3710.579,3701.63,3702.712,55096.0,0.0029937516069302814,0.0
2024-07-10 10:00:00,3701.878,3707.496,3694.036,3699.891,66143.0,0.003861735386258679,1.0
2024-07-10 11:00:00,3699.62,3700.605,3692.641,3693.283,26381.0,0.005601520381730862,1.0
2024-07-10 13:00:00,3693.149,3693.3,3685.285,3690.663,50501.0,0.006210808193541384,1.0
2024-07-10 14:00:00,3690.513,3693.491,3684.267,3686.64,68781.0,0.0031619577718464925,1.0
2024-07-10 15:00:00,3686.499,3687.649,3685.381,3685.532,2399.0,0.01138288854906151,1.0
2024-07-10 21:00:00,3688.954,3698.488,3686.423,3695.803,77232.0,0.008767242193374497,1.0
2024-07-10 22:00:00,3696.788,3700.684,3694.841,3695.948,36182.0,0.014130610062695718,1.0
2024-07-10 23:00:00,3695.419,3696.675,3689.461,3691.182,5309.0,0.01673041318471972,1.0
2024-07-11 09:00:00,3693.766,3699.831,3679.652,3683.612,70701.0,0.0179788207878571,1.0
2024-07-11 10:00:00,3683.759,3706.809,3681.913,3703.714,87433.0,0.009768572843367452,1.0
2024-07-11 11:00:00,3703.837,3719.47,3697.312,3718.756,66076.0,0.005278646945376386,1.0
2024-07-11 13:00:00,3719.011,3731.139,3717.932,3723.367,94963.0,0.003764334807715603,1.0
2024-07-11 14:00:00,3722.222,3722.936,3701.163,3706.235,70342.0,0.006920230368554526,1.0
2024-07-11 15:00:00,3706.522,3707.36,3706.059,3707.315,2063.0,0.0067339840288726865,1.0
2024-07-11 21:00:00,3712.74,3721.06,3696.352,3704.348,72911.0,0.006896760239588783,1.0
2024-07-11 22:00:00,3704.348,3709.022,3698.954,3700.649,32077.0,0.008820344755744216,1.0
2024-07-11 23:00:00,3699.931,3701.081,3699.097,3700.806,649.0,0.009215560069887484,1.0
2024-07-12 09:00:00,3706.489,3710.834,3697.22,3708.764,54402.0,0.008696158612411022,1.0
2024-07-12 10:00:00,3708.881,3716.671,3705.972,3713.722,38446.0,0.007138391080430835,1.0
2024-07-12 11:00:00,3714.582,3721.418,3713.392,3713.797,22184.0,0.005235881228834038,1.0
2024-07-12 13:00:00,3713.523,3717.381,3708.403,3714.179,18460.0,0.005279497837880167,1.0
2024-07-12 14:00:00,3714.454,3718.55,3709.648,3713.971,39749.0,0.007148144129289048,1.0
2024-07-12 15:00:00,3713.885,3714.719,3712.75,3713.585,2097.0,0.006917843539329261,1.0
2024-07-12 21:00:00,3717.285,3717.285,3697.328,3698.297,61744.0,0.011446890284906764,1.0
2024-07-12 22:00:00,3698.297,3728.332,3686.348,3727.484,121456.0,0.001630053945234915,0.0
2024-07-12 23:00:00,3727.642,3729.5,3726.248,3728.205,4856.0,0.000942008285488639,0.0
2024-07-15 09:00:00,3725.979,3752.278,3713.855,3748.174,189377.0,-0.005788418573950919,-1.0
2024-07-15 10:00:00,3748.2,3765.037,3747.342,3752.937,146242.0,-0.013211252946692065,-1.0
2024-07-15 11:00:00,3752.218,3755.012,3748.551,3749.839,31622.0,-0.019901654444364186,-1.0
2024-07-15 13:00:00,3748.544,3748.577,3734.222,3739.894,54362.0,-0.017510121944632622,-1.0
2024-07-15 14:00:00,3740.727,3744.554,3736.102,3738.386,44996.0,-0.018781634641259676,-1.0
2024-07-15 15:00:00,3738.393,3739.628,3736.676,3737.383,3153.0,-0.02015287167518019,-1.0
2024-07-15 21:00:00,3736.016,3741.448,3727.398,3731.883,68972.0,-0.018516389715325925,-1.0
2024-07-15 22:00:00,3731.204,3733.703,3725.894,3732.28,28779.0,-0.018934270740673293,-1.0
2024-07-15 23:00:00,3732.687,3732.687,3729.195,3729.896,1282.0,-0.019410996982221568,-1.0
2024-07-16 09:00:00,3730.988,3733.573,3721.623,3733.29,65108.0,-0.018262176257402958,-1.0
2024-07-16 10:00:00,3732.305,3739.165,3727.423,3734.911,38272.0,-0.01718836138264074,-1.0
2024-07-16 11:00:00,3734.246,3741.426,3730.13,3741.016,30467.0,-0.016346896137306013,-1.0
2024-07-16 13:00:00,3739.309,3743.473,3735.471,3740.232,26361.0,-0.016624904551375434,-1.0
2024-07-16 14:00:00,3739.53,3743.481,3723.338,3733.242,75858.0,-0.015994141285242167,-1.0
2024-07-16 15:00:00,3732.413,3734.099,3731.428,3733.788,3059.0,-0.01601269273991989,-1.0
2024-07-16 21:00:00,3723.522,3740.834,3723.522,3740.519,64060.0,-0.016931072933996507,-1.0
2024-07-16 22:00:00,3739.7,3741.634,3735.031,3739.275,26444.0,-0.021565142975576795,-1.0
2024-07-16 23:00:00,3738.673,3740.631,3737.402,3740.631,1197.0,-0.01956541556758737,-1.0
2024-07-17 09:00:00,3742.885,3743.786,3730.447,3733.56,35398.0,-0.01739171193177557,-1.0
2024-07-17 10:00:00,3732.575,3740.374,3730.191,3731.717,28673.0,-0.019646452289924465,-1.0
2024-07-17 11:00:00,3731.717,3731.717,3725.452,3726.478,25639.0,-0.015286552074103253,-1.0
2024-07-17 13:00:00,3725.5,3725.629,3702.492,3703.356,98664.0,-0.009455477680244696,-1.0
2024-07-17 14:00:00,3702.491,3704.303,3672.655,3675.211,221036.0,-0.0027813369082754034,0.0
2024-07-17 15:00:00,3675.363,3676.506,3674.085,3674.408,4646.0,-0.003386940154713279,-1.0
2024-07-17 21:00:00,3674.249,3674.249,3662.65,3668.173,112659.0,-0.0021558416137951787,0.0
2024-07-17 22:00:00,3668.173,3669.754,3658.357,3662.064,60599.0,-0.006097108078941268,-1.0
2024-07-17 23:00:00,3662.126,3663.775,3661.672,3662.782,1162.0,1.0374627810230287e-05,0.0
2024-07-18 09:00:00,3662.083,3666.462,3650.257,3661.612,99547.0,-0.0015763548950571318,0.0
2024-07-18 10:00:00,3662.365,3665.905,3654.219,3657.495,42484.0,-0.00451866646434241,-1.0
2024-07-18 11:00:00,3656.76,3666.511,3654.839,3665.112,29672.0,-0.007275357478843747,-1.0
2024-07-18 13:00:00,3669.775,3682.272,3669.075,3670.714,67301.0,-0.008779218429983953,-1.0
2024-07-18 14:00:00,3670.714,3683.483,3664.705,3679.862,72049.0,-0.01223632842753349,-1.0
2024-07-18 15:00:00,3679.709,3681.393,3678.051,3678.051,2188.0,-0.01147509917616698,-1.0
2024-07-18 21:00:00,3672.393,3675.325,3665.786,3673.532,62951.0,-0.009985485358505177,-1.0
2024-07-18 22:00:00,3673.532,3680.618,3668.189,3674.0,36652.0,-0.010603701687534045,-1.0
2024-07-18 23:00:00,3674.271,3678.211,3672.674,3677.188,1509.0,-0.017879966974764426,-1.0
2024-07-19 09:00:00,3677.886,3677.886,3656.247,3658.637,83693.0,-0.013498469512006785,-1.0
2024-07-19 10:00:00,3658.815,3671.718,3658.109,3667.444,53805.0,-0.017052748453691445,-1.0
2024-07-19 11:00:00,3667.855,3673.355,3664.1,3668.627,21678.0,-0.02179262159930679,-1.0
2024-07-19 13:00:00,3665.113,3665.811,3657.417,3658.402,30266.0,-0.019129390373173908,-1.0
2024-07-19 14:00:00,3657.399,3672.63,3651.146,3669.513,101163.0,-0.02080684821119318,-1.0
2024-07-19 15:00:00,3669.085,3670.644,3668.339,3668.339,2125.0,-0.019689565222843382,-1.0
2024-07-19 21:00:00,3667.579,3671.67,3662.783,3664.989,51081.0,-0.018796236496207742,-1.0
2024-07-19 22:00:00,3664.293,3670.743,3658.976,3661.963,37140.0,-0.01980604391688283,-1.0
2024-07-19 23:00:00,3661.557,3662.575,3660.265,3660.265,981.0,-0.02221942946753848,-1.0
2024-07-22 09:00:00,3663.376,3667.636,3636.082,3639.736,127366.0,-0.01473980530456052,-1.0
2024-07-22 10:00:00,3639.219,3665.489,3636.899,3662.82,66234.0,-0.023931014901087195,-1.0
2024-07-22 11:00:00,3662.844,3667.556,3654.284,3655.84,64159.0,-0.020936638364917548,-1.0
2024-07-22 13:00:00,3652.022,3652.022,3640.0,3640.968,49343.0,-0.01713308109272036,-1.0
2024-07-22 14:00:00,3641.078,3646.264,3637.316,3638.447,57744.0,-0.020307840130693155,-1.0
2024-07-22 15:00:00,3637.88,3639.598,3637.466,3638.488,2682.0,-0.024216652631532557,-1.0
2024-07-22 21:00:00,3636.631,3642.221,3632.471,3634.834,63031.0,-0.0236145584640179,-1.0
2024-07-22 22:00:00,3634.999,3643.64,3633.132,3635.845,32251.0,-0.027430212234019872,-1.0
2024-07-22 23:00:00,3635.026,3637.546,3634.529,3636.85,1128.0,-0.028009678705473072,-1.0
2024-07-23 09:00:00,3636.85,3646.831,3635.042,3635.042,58866.0,-0.025862424698256573,-1.0
2024-07-23 10:00:00,3635.047,3636.614,3609.928,3611.44,117163.0,-0.022121092971224807,-1.0
2024-07-23 11:00:00,3610.577,3613.33,3606.626,3609.251,40554.0,-0.024538886322951772,-1.0
2024-07-23 13:00:00,3608.258,3608.267,3596.112,3604.904,70387.0,-0.022302396957034124,-1.0
2024-07-23 14:00:00,3604.904,3606.751,3587.304,3588.678,75980.0,-0.0028341913094459357,0.0
2024-07-23 15:00:00,3589.073,3591.344,3588.148,3588.419,4265.0,0.0004255355910221308,0.0
2024-07-23 21:00:00,3587.733,3595.683,3581.992,3593.162,95001.0,-0.0011004235266875591,0.0
2024-07-23 22:00:00,3593.281,3600.106,3592.312,3596.111,41748.0,-0.002280241071535283,0.0
2024-07-23 23:00:00,3596.257,3596.384,3594.689,3596.101,1151.0,-0.006371344965005227,-1.0
2024-07-24 09:00:00,3595.353,3598.976,3587.319,3589.434,58406.0,-0.004722192969699477,-1.0
2024-07-24 10:00:00,3589.434,3590.136,3576.146,3578.936,55522.0,-0.0008404732579739524,0.0
2024-07-24 11:00:00,3579.235,3589.048,3576.59,3586.087,43158.0,-0.006719859278372208,-1.0
2024-07-24 13:00:00,3585.226,3585.226,3570.739,3575.165,58683.0,-0.003303064334093599,-1.0
2024-07-24 14:00:00,3575.822,3591.434,3575.12,3579.299,84570.0,-0.0068236825143694274,-1.0
2024-07-24 15:00:00,3579.472,3580.482,3578.323,3578.587,1657.0,-0.006135382484762877,-1.0
2024-07-24 21:00:00,3576.667,3578.837,3563.154,3564.558,102916.0,-0.0029341646285457644,0.0
2024-07-24 22:00:00,3564.614,3569.644,3548.047,3550.376,99212.0,-0.003902685236718652,-1.0
2024-07-24 23:00:00,3550.303,3551.171,3548.297,3548.999,2514.0,-0.0017058331095612122,0.0
2024-07-25 09:00:00,3547.595,3547.595,3524.132,3536.113,166231.0,0.0015155058676010575,0.0
2024-07-25 10:00:00,3536.098,3539.304,3526.499,3534.983,55294.0,0.0033400443509911614,1.0
2024-07-25 11:00:00,3534.817,3545.051,3533.296,3541.031,35019.0,-0.0016274921061125757,0.0
2024-07-25 13:00:00,3536.988,3540.491,3526.369,3531.551,55238.0,0.00042870682031779345,0.0
2024-07-25 14:00:00,3531.538,3538.114,3510.229,3520.684,128209.0,-0.0036811028766001253,-1.0
2024-07-25 15:00:00,3521.369,3525.909,3520.55,3524.506,4702.0,-0.0035624850688295157,-1.0
2024-07-25 21:00:00,3526.143,3583.197,3526.143,3578.507,311529.0,-0.01897411406488792,-1.0
2024-07-25 22:00:00,3579.016,3601.759,3577.438,3589.946,124281.0,-0.026885919732497307,-1.0
2024-07-25 23:00:00,3589.964,3591.671,3588.81,3589.208,2897.0,-0.028051592440449254,-1.0
2024-07-26 09:00:00,3591.536,3592.04,3577.704,3587.911,94322.0,-0.029154569330175767,-1.0
2024-07-26 10:00:00,3587.741,3588.616,3567.626,3573.189,58123.0,-0.026155347506107186,-1.0
2024-07-26 11:00:00,3572.145,3579.324,3571.384,3572.484,27713.0,-0.03216417484305037,-1.0
2024-07-26 13:00:00,3571.386,3577.508,3569.527,3575.928,23386.0,-0.0326958484622732,-1.0
2024-07-26 14:00:00,3575.928,3580.435,3553.933,3561.989,90460.0,-0.03137207891433686,-1.0
2024-07-26 15:00:00,3561.824,3563.807,3560.769,3563.356,3189.0,-0.020912308509169454,-1.0
2024-07-26 21:00:00,3560.976,3563.246,3547.957,3554.875,109871.0,-0.01831653714968876,-1.0
2024-07-26 22:00:00,3554.957,3557.008,3544.851,3556.631,46941.0,-0.013417472883748695,-1.0
2024-07-26 23:00:00,3556.187,3556.805,3553.94,3554.099,1238.0,-0.01327115536173876,-1.0
2024-07-29 09:00:00,3547.396,3555.591,3526.102,3536.52,167480.0,-0.009520658726657865,-1.0
2024-07-29 10:00:00,3536.678,3547.225,3534.955,3542.945,46456.0,-0.014356135926468032,-1.0
2024-07-29 11:00:00,3543.027,3545.845,3530.117,3541.472,32739.0,-0.015204129808170232,-1.0
2024-07-29 13:00:00,3541.721,3554.72,3539.093,3546.79,49346.0,-0.01669199473326585,-1.0
2024-07-29 14:00:00,3546.898,3551.83,3521.058,3535.268,108867.0,0.0007611869878039808,0.0
2024-07-29 15:00:00,3535.797,3535.797,3532.189,3533.065,3390.0,0.001764473622760952,0.0
2024-07-29 21:00:00,3536.572,3562.948,3495.666,3507.724,296229.0,0.008726171158278109,1.0
2024-07-29 22:00:00,3506.768,3529.97,3502.261,3511.95,105258.0,0.0029513518130953563,0.0
2024-07-29 23:00:00,3511.258,3513.086,3508.418,3510.608,3526.0,-0.0002569355507650081,0.0
2024-07-30 09:00:00,3509.933,3518.5,3484.418,3493.427,161813.0,0.0038692664824539987,1.0
2024-07-30 10:00:00,3493.357,3503.435,3478.734,3488.525,96561.0,0.005779519997706712,1.0
2024-07-30 11:00:00,3487.795,3489.428,3477.989,3483.307,50386.0,0.009654331358103193,1.0
2024-07-30 13:00:00,3483.408,3485.117,3469.837,3479.731,76366.0,0.01105027946125714,1.0
2024-07-30 14:00:00,3479.929,3485.862,3452.6,3457.578,178446.0,0.02010453560266751,1.0
2024-07-30 15:00:00,3457.454,3461.965,3457.366,3459.01,6772.0,0.012362207683701396,1.0
2024-07-30 21:00:00,3457.332,3465.667,3448.904,3450.242,171961.0,0.014224219634448762,1.0
2024-07-30 22:00:00,3450.23,3514.231,3444.956,3488.838,283687.0,0.006328754731518037,1.0
2024-07-30 23:00:00,3488.664,3491.51,3487.871,3489.762,2235.0,0.006395278531888351,1.0
2024-07-31 09:00:00,3492.959,3512.345,3480.647,3508.91,150797.0,0.0028570125765551386,0.0
2024-07-31 10:00:00,3508.87,3522.429,3497.787,3506.932,127919.0,0.004146359267872935,1.0
2024-07-31 11:00:00,3507.16,3512.603,3499.971,3502.85,38614.0,0.009790884565425376,1.0
2024-07-31 13:00:00,3501.928,3509.714,3482.547,3492.082,72520.0,0.013140012176117277,1.0
2024-07-31 14:00:00,3491.456,3493.03,3473.862,3487.627,91335.0,0.01437825776667063,1.0
2024-07-31 15:00:00,3487.768,3488.776,3486.762,3487.587,4079.0,0.007046419200438532,1.0
2024-07-31 21:00:00,3502.419,3553.096,3495.711,3537.959,311444.0,-0.007035694873795832,-1.0
2024-07-31 22:00:00,3538.0,3547.969,3536.342,3539.299,93271.0,-0.0020862888385524973,0.0
2024-07-31 23:00:00,3539.143,3540.143,3538.225,3538.333,3790.0,-0.001102213952163375,0.0
2024-08-01 09:00:00,3541.625,3564.257,3522.046,3522.315,217407.0,0.011004126547455228,1.0
2024-08-01 10:00:00,3522.621,3528.177,3508.157,3509.706,99914.0,0.006332154317199135,1.0
2024-08-01 11:00:00,3509.607,3514.019,3496.729,3506.944,67713.0,0.008365688188918955,1.0
2024-08-01 13:00:00,3505.127,3516.616,3501.05,3508.687,76527.0,0.008580702695908746,1.0
2024-08-01 14:00:00,3508.956,3517.661,3493.307,3516.936,135655.0,0.004996963265751799,1.0
2024-08-01 15:00:00,3515.887,3518.972,3515.104,3518.183,7024.0,0.003076303876176954,1.0
2024-08-01 21:00:00,3515.946,3531.286,3498.702,3527.091,162121.0,0.000675627592256697,0.0
2024-08-01 22:00:00,3526.404,3527.315,3500.744,3501.771,74401.0,0.010725144505451608,1.0
2024-08-01 23:00:00,3500.776,3501.747,3498.885,3499.319,3619.0,0.0062575032456314884,1.0
2024-08-02 09:00:00,3495.18,3512.062,3481.439,3510.918,152497.0,-0.0015175518197804603,0.0
2024-08-02 10:00:00,3510.989,3518.052,3500.967,3512.08,82845.0,-0.004924432245279171,-1.0
2024-08-02 11:00:00,3511.793,3521.639,3510.589,3518.935,53559.0,-0.005008049310373749,-1.0
2024-08-02 13:00:00,3517.844,3531.09,3515.611,3521.473,61338.0,-0.005887877033275543,-1.0
2024-08-02 14:00:00,3520.735,3540.318,3520.735,3537.146,120927.0,-0.010801646299021962,-1.0
2024-08-02 15:00:00,3537.145,3538.841,3536.772,3537.968,3215.0,-0.008182663042740866,-1.0
2024-08-02 21:00:00,3533.559,3550.816,3528.816,3537.773,139825.0,-0.007961505726907906,-1.0
2024-08-02 22:00:00,3538.241,3540.408,3511.438,3512.162,88878.0,0.0022325279984238625,0.0
2024-08-02 23:00:00,3511.485,3514.195,3510.485,3513.067,4493.0,-0.00033019580896118816,0.0
2024-08-05 09:00:00,3507.77,3537.729,3500.216,3531.915,165421.0,-0.0071417347246465895,-1.0
2024-08-05 10:00:00,3531.543,3539.172,3521.708,3534.433,66993.0,-0.011794536775771362,-1.0
2024-08-05 11:00:00,3534.744,3562.455,3533.307,3561.075,89772.0,-0.020338521373461576,-1.0
2024-08-05 13:00:00,3556.685,3556.685,3527.41,3531.93,116286.0,-0.01003955344528341,-1.0
2024-08-05 14:00:00,3532.643,3548.978,3529.004,3536.282,94396.0,-0.010116274663615725,-1.0
2024-08-05 15:00:00,3537.06,3539.025,3535.302,3538.794,2720.0,-0.009769712506577061,-1.0
2024-08-05 21:00:00,3523.808,3537.372,3515.426,3534.51,130404.0,-0.008601192244469614,-1.0
2024-08-05 22:00:00,3534.255,3538.244,3528.268,3529.006,41166.0,-0.013435794668527049,-1.0
2024-08-05 23:00:00,3529.045,3531.01,3528.192,3529.474,869.0,-0.014931120047916507,-1.0
2024-08-06 09:00:00,3534.738,3548.609,3528.495,3539.328,96105.0,-0.02020666069943222,-1.0
2024-08-06 10:00:00,3538.563,3540.101,3519.529,3521.216,67261.0,-0.018667982878641902,-1.0
2024-08-06 11:00:00,3521.128,3528.019,3503.014,3505.59,101957.0,-0.02003913749183454,-1.0
2024-08-06 13:00:00,3501.882,3506.243,3491.721,3494.785,98316.0,-0.01771239146328024,-1.0
2024-08-06 14:00:00,3494.139,3512.562,3490.267,3501.312,121529.0,-0.013473520783066384,-1.0
2024-08-06 15:00:00,3500.927,3502.377,3500.327,3500.739,2396.0,-0.017718544570160828,-1.0
2024-08-06 21:00:00,3500.586,3503.59,3492.768,3498.939,74273.0,-0.017226936508467235,-1.0
2024-08-06 22:00:00,3499.612,3514.235,3497.624,3509.018,69689.0,-0.013726632351273181,-1.0
2024-08-06 23:00:00,3508.263,3511.766,3508.009,3509.607,1385.0,-0.008265597829044681,-1.0
2024-08-07 09:00:00,3506.974,3520.219,3499.377,3520.003,88243.0,-0.010804536246133924,-1.0
2024-08-07 10:00:00,3520.059,3521.932,3510.133,3511.907,55518.0,-0.011788467063621015,-1.0
2024-08-07 11:00:00,3511.821,3517.763,3505.371,3506.691,34357.0,-0.017279252720014352,-1.0
2024-08-07 13:00:00,3510.451,3513.487,3485.499,3492.746,117822.0,-0.013211667839573785,-1.0
2024-08-07 14:00:00,3492.918,3504.749,3485.336,3488.648,103572.0,-0.015612925121709127,-1.0
2024-08-07 15:00:00,3490.131,3496.471,3489.377,3496.471,8804.0,-0.025681894687529176,-1.0
2024-08-07 21:00:00,3499.721,3508.613,3492.315,3500.508,95795.0,-0.027062929151997348,-1.0
2024-08-07 22:00:00,3500.447,3505.574,3491.019,3504.221,52251.0,-0.03402867570281673,-1.0
2024-08-07 23:00:00,3504.331,3504.774,3503.357,3504.109,1216.0,-0.03207548623630136,-1.0
2024-08-08 09:00:00,3501.722,3504.924,3475.868,3481.591,123939.0,-0.02563397021649006,-1.0
2024-08-08 10:00:00,3480.822,3482.585,3467.274,3476.775,93352.0,-0.02584521575310458,-1.0
2024-08-08 11:00:00,3476.514,3483.564,3466.64,3467.81,42818.0,-0.02167506293597399,-1.0
2024-08-08 13:00:00,3465.578,3465.578,3443.914,3455.482,147610.0,-0.018464283709190173,-1.0
2024-08-08 14:00:00,3454.776,3454.776,3432.757,3435.341,121068.0,-0.009851714866151585,-1.0
2024-08-08 15:00:00,3434.874,3435.734,3432.822,3432.884,5511.0,-0.010834621851481133,-1.0
2024-08-08 21:00:00,3428.842,3458.627,3428.842,3454.137,155593.0,-0.01757515697842915,-1.0
2024-08-08 22:00:00,3454.612,3461.75,3435.779,3438.711,71022.0,-0.015396176067136716,-1.0
2024-08-08 23:00:00,3438.708,3439.832,3437.826,3438.663,1484.0,-0.02026688861339416,-1.0
2024-08-09 09:00:00,3439.795,3465.017,3438.125,3460.851,126178.0,-0.03163730539107294,-1.0
2024-08-09 10:00:00,3461.687,3484.441,3453.112,3480.598,126511.0,-0.04025371502253348,-1.0
2024-08-09 11:00:00,3480.136,3497.57,3478.067,3481.971,136936.0,-0.0385554618346907,-1.0
2024-08-09 13:00:00,3479.225,3480.04,3462.274,3470.507,79534.0,-0.034770712175483304,-1.0
2024-08-09 14:00:00,3470.467,3471.823,3442.255,3446.098,108441.0,-0.031684531316288775,-1.0
2024-08-09 15:00:00,3445.262,3447.216,3445.009,3446.601,3688.0,-0.032688437100784284,-1.0
2024-08-09 21:00:00,3450.417,3454.748,3429.267,3434.18,133048.0,-0.029689183444082615,-1.0
2024-08-09 22:00:00,3435.32,3440.042,3404.662,3406.675,149960.0,-0.026795042086492003,-1.0
2024-08-09 23:00:00,3407.483,3408.779,3404.243,3405.774,7638.0,-0.03084526454192195,-1.0
2024-08-12 09:00:00,3400.258,3423.03,3381.023,3384.977,237625.0,-0.02925928300251373,-1.0
2024-08-12 10:00:00,3384.781,3398.105,3382.147,3391.713,65059.0,-0.04125643885552825,-1.0
2024-08-12 11:00:00,3391.101,3400.269,3382.874,3392.344,44391.0,-0.03961184361019989,-1.0
2024-08-12 13:00:00,3393.247,3399.28,3385.721,3386.917,36469.0,-0.03738857491931455,-1.0
2024-08-12 14:00:00,3386.917,3399.895,3377.824,3392.645,101131.0,-0.04176741156236499,-1.0
2024-08-12 15:00:00,3393.381,3394.046,3390.423,3391.679,4017.0,-0.04331541988495971,-1.0
2024-08-12 21:00:00,3392.689,3402.157,3371.056,3401.497,179127.0,-0.04652275160025126,-1.0
2024-08-12 22:00:00,3401.729,3405.443,3385.243,3395.69,81019.0,-0.04624627100824869,-1.0
2024-08-12 23:00:00,3395.486,3396.4,3391.905,3393.43,2238.0,-0.04330043643157511,-1.0
2024-08-13 09:00:00,3392.781,3409.44,3381.6,3385.768,148184.0,-0.04705018181990022,-1.0
2024-08-13 10:00:00,3385.648,3387.058,3364.771,3368.972,108098.0,-0.05061306535049864,-1.0
2024-08-13 11:00:00,3368.573,3370.324,3349.015,3351.359,119101.0,-0.035592426833412925,-1.0
2024-08-13 13:00:00,3350.226,3353.054,3340.439,3340.491,81568.0,-0.031199006373613877,-1.0
2024-08-13 14:00:00,3340.502,3350.334,3338.035,3347.722,122929.0,-0.029384757754676253,-1.0
2024-08-13 15:00:00,3348.687,3351.03,3347.545,3349.835,6347.0,-0.026621012676743758,-1.0
2024-08-13 21:00:00,3350.279,3350.279,3329.567,3336.91,158782.0,-0.022332037723522654,-1.0
2024-08-13 22:00:00,3336.145,3355.782,3333.67,3333.937,94142.0,-0.017368354590983497,-1.0
2024-08-13 23:00:00,3333.88,3334.919,3331.184,3332.222,4068.0,-0.03088359659110349,-1.0
2024-08-14 09:00:00,3332.465,3344.681,3301.721,3315.393,321879.0,-0.031193587004617513,-1.0
2024-08-14 10:00:00,3316.232,3317.19,3296.609,3300.722,113580.0,-0.02721465182466152,-1.0
2024-08-14 11:00:00,3300.674,3304.915,3280.795,3285.935,109831.0,-0.0287571117505368,-1.0
2024-08-14 13:00:00,3283.588,3283.588,3237.411,3251.783,199024.0,-0.020547189034446658,-1.0
2024-08-14 14:00:00,3251.528,3268.548,3220.315,3257.967,305295.0,-0.028867081833548414,-1.0
2024-08-14 15:00:00,3258.57,3261.127,3255.566,3260.285,8728.0,-0.021053374168209182,-1.0
2024-08-14 21:00:00,3271.844,3280.507,3239.515,3250.943,327781.0,-0.01717901544259632,-1.0
2024-08-14 22:00:00,3251.995,3256.713,3243.797,3244.767,82350.0,-0.015511129150413552,-1.0
2024-08-14 23:00:00,3244.433,3245.438,3241.929,3243.25,3702.0,-0.027081785246280764,-1.0
2024-08-15 09:00:00,3241.012,3241.012,3217.385,3238.652,250419.0,-0.02316395833822219,-1.0
2024-08-15 10:00:00,3237.793,3266.867,3222.902,3246.493,255990.0,-0.020578821516017358,-1.0
2024-08-15 11:00:00,3246.438,3257.26,3222.901,3226.467,106023.0,-0.008113518594797307,-1.0
2024-08-15 13:00:00,3222.817,3222.838,3183.007,3198.458,242726.0,0.00028982716046299016,0.0
2024-08-15 14:00:00,3198.448,3240.894,3189.031,3232.076,374641.0,-0.002955685447990667,0.0
2024-08-15 15:00:00,3231.933,3236.281,3231.933,3236.271,7250.0,-0.006637886629395366,-1.0
2024-08-15 21:00:00,3241.231,3269.535,3229.786,3249.35,373678.0,-0.011064674473356201,-1.0
2024-08-15 22:00:00,3249.376,3274.107,3242.654,3260.659,142509.0,-0.020654720410812646,-1.0
2024-08-15 23:00:00,3260.416,3262.555,3259.72,3262.39,2211.0,-0.016664469913161818,-1.0
2024-08-16 09:00:00,3260.66,3276.125,3252.149,3276.032,155995.0,-0.021177143568805172,-1.0
2024-08-16 10:00:00,3275.887,3280.371,3226.335,3229.311,236250.0,-0.00406866975648989,-1.0
2024-08-16 11:00:00,3230.017,3233.804,3210.175,3211.974,121143.0,0.007026208804927984,1.0
2024-08-16 13:00:00,3209.11,3221.522,3204.17,3210.894,112824.0,0.008392055296749244,1.0
2024-08-16 14:00:00,3210.603,3216.472,3190.48,3191.441,198932.0,0.0260007939986984,1.0
2024-08-16 15:00:00,3191.307,3191.725,3183.13,3184.968,18867.0,0.03179435397781081,1.0
2024-08-16 21:00:00,3175.123,3175.123,3142.52,3163.919,415145.0,0.03975196583730492,1.0
2024-08-16 22:00:00,3164.286,3205.344,3163.016,3191.645,345392.0,0.027047494317193804,1.0
2024-08-16 23:00:00,3192.249,3196.196,3190.751,3195.095,6690.0,0.025741018655157467,1.0
2024-08-19 09:00:00,3194.473,3206.17,3167.243,3194.437,316268.0,0.033097224957011305,1.0
2024-08-19 10:00:00,3194.413,3196.663,3150.772,3155.417,209509.0,0.0470755529300882,1.0
2024-08-19 11:00:00,3155.501,3182.023,3154.823,3163.632,123052.0,0.053455648444572575,1.0
2024-08-19 13:00:00,3162.386,3186.568,3157.558,3179.684,117413.0,0.04894039785085555,1.0
2024-08-19 14:00:00,3179.349,3210.377,3176.048,3200.289,308848.0,0.03996889030959385,1.0
2024-08-19 15:00:00,3200.246,3201.979,3197.814,3199.385,6151.0,0.03531678744508702,1.0
2024-08-19 21:00:00,3207.123,3240.834,3200.765,3222.523,386551.0,0.028740834433144444,1.0
2024-08-19 22:00:00,3222.488,3229.507,3204.479,3214.789,131265.0,0.026841886046020346,1.0
2024-08-19 23:00:00,3215.406,3215.804,3212.534,3213.397,2123.0,0.03139388005901538,1.0
2024-08-20 09:00:00,3213.712,3217.462,3187.278,3193.311,173216.0,0.03504888812896709,1.0
2024-08-20 10:00:00,3193.311,3208.116,3191.095,3208.024,101942.0,0.02473173517405111,1.0
2024-08-20 11:00:00,3207.539,3214.046,3195.487,3206.655,66750.0,0.019609218952459696,1.0
2024-08-20 13:00:00,3205.666,3216.725,3199.512,3216.172,86900.0,0.01671645670691739,1.0
2024-08-20 14:00:00,3215.693,3249.835,3203.305,3234.542,283877.0,0.009154000782800138,1.0
2024-08-20 15:00:00,3234.446,3238.006,3233.231,3237.84,5116.0,0.007884577372569366,1.0
2024-08-20 21:00:00,3250.329,3281.1,3249.409,3274.421,431939.0,-0.003583839707844432,-1.0
2024-08-20 22:00:00,3274.219,3296.473,3273.645,3286.232,247548.0,-0.010831249893495059,-1.0
2024-08-20 23:00:00,3285.911,3291.011,3285.911,3289.691,8429.0,-0.011829378503938505,-1.0
2024-08-21 09:00:00,3289.437,3291.355,3263.283,3277.971,218730.0,-0.004198328783262625,-1.0
2024-08-21 10:00:00,3278.081,3285.371,3270.948,3277.34,74510.0,-0.0041018020711919454,-1.0
2024-08-21 11:00:00,3277.45,3302.048,3276.574,3300.164,141668.0,-0.017071878852081335,-1.0
2024-08-21 13:00:00,3297.582,3308.066,3297.127,3303.96,122911.0,-0.019486313393624638,-1.0
2024-08-21 14:00:00,3303.952,3337.944,3294.244,3332.746,271179.0,-0.03168228241816206,-1.0
2024-08-21 15:00:00,3332.682,3337.144,3331.113,3335.299,11329.0,-0.022573088649623322,-1.0
2024-08-21 21:00:00,3332.572,3338.631,3319.032,3328.201,240275.0,-0.01848686422484707,-1.0
2024-08-21 22:00:00,3328.208,3330.783,3308.634,3312.377,130592.0,-0.004112152692764167,-1.0
2024-08-21 23:00:00,3311.974,3315.169,3310.897,3315.141,4120.0,-0.0037180922319744536,-1.0
2024-08-22 09:00:00,3313.041,3321.59,3294.169,3301.08,186668.0,0.004565172610176113,1.0
2024-08-22 10:00:00,3300.437,3317.293,3298.055,3314.278,90715.0,0.00996898872092215,1.0
2024-08-22 11:00:00,3314.342,3329.047,3304.336,3305.233,111866.0,0.013120103786934168,1.0
2024-08-22 13:00:00,3305.793,3322.086,3282.731,3287.364,198233.0,0.018794693864141558,1.0
2024-08-22 14:00:00,3286.37,3287.92,3257.845,3269.535,295321.0,0.02385232150749276,1.0
2024-08-22 15:00:00,3268.864,3271.345,3268.631,3269.935,4107.0,0.022425828036337154,1.0
2024-08-22 21:00:00,3273.225,3287.57,3255.354,3264.151,282992.0,0.023998277040492396,1.0
2024-08-22 22:00:00,3263.785,3267.713,3243.446,3263.369,178900.0,0.022028461997401983,1.0
2024-08-22 23:00:00,3262.878,3263.476,3260.049,3262.686,2816.0,0.02160183358128855,1.0
2024-08-23 09:00:00,3261.545,3273.549,3248.812,3250.638,141908.0,0.029545892221773118,1.0
2024-08-23 10:00:00,3250.1,3259.342,3244.29,3250.776,104552.0,0.04190937794545065,1.0
2024-08-23 11:00:00,3251.758,3268.033,3249.945,3264.209,97641.0,0.02822582745161239,1.0
2024-08-23 13:00:00,3261.35,3276.901,3258.332,3263.897,89735.0,0.026854094966844815,1.0
2024-08-23 14:00:00,3263.827,3270.593,3242.312,3243.824,173364.0,0.033778343091363745,1.0
2024-08-23 15:00:00,3243.465,3245.408,3239.541,3239.578,12289.0,0.03909984572064631,1.0
2024-08-23 21:00:00,3238.047,3240.309,3218.292,3227.157,204660.0,0.043853150001688705,1.0
2024-08-23 22:00:00,3227.157,3296.41,3225.318,3260.011,396904.0,0.030530265081927636,1.0
2024-08-23 23:00:00,3259.479,3268.76,3259.441,3266.673,5842.0,0.025228114353655927,1.0
2024-08-26 09:00:00,3280.293,3305.682,3276.891,3298.756,307861.0,0.018430584135352913,1.0
2024-08-26 10:00:00,3298.247,3315.852,3292.832,3302.815,152203.0,0.014622375155738384,1.0
2024-08-26 11:00:00,3302.532,3318.175,3294.43,3316.15,85952.0,0.008896762812297303,1.0
2024-08-26 13:00:00,3316.557,3354.991,3316.07,3347.318,244709.0,-0.0008436605067101688,0.0
2024-08-26 14:00:00,3346.549,3357.708,3334.221,3348.598,221200.0,-0.0016054480113766266,0.0
2024-08-26 15:00:00,3347.972,3350.276,3346.04,3349.149,6452.0,-0.0028732672090731252,0.0
2024-08-26 21:00:00,3346.969,3351.529,3339.288,3347.521,151423.0,-0.002817009960505189,0.0
2024-08-26 22:00:00,3348.461,3350.063,3336.641,3343.266,68380.0,-0.005327724446693711,-1.0
2024-08-26 23:00:00,3343.149,3344.071,3341.226,3342.485,3118.0,-0.0007099508299962594,0.0
2024-08-27 09:00:00,3342.712,3344.22,3318.916,3335.256,242295.0,0.006839055232941624,1.0
2024-08-27 10:00:00,3335.685,3339.949,3325.617,3333.166,85573.0,0.0014553730597274956,0.0
2024-08-27 11:00:00,3333.531,3346.773,3329.745,3346.681,72509.0,-0.004209543724065781,-1.0
2024-08-27 13:00:00,3346.56,3387.852,3346.499,3387.014,283542.0,-0.016041858699137438,-1.0
2024-08-27 14:00:00,3386.952,3388.467,3334.094,3356.344,328598.0,-0.006117966453974952,-1.0
2024-08-27 15:00:00,3356.583,3356.978,3351.018,3351.546,5500.0,-0.004015758697627851,-1.0
2024-08-27 21:00:00,3350.935,3360.013,3346.186,3353.395,158150.0,-0.005341750673571116,-1.0
2024-08-27 22:00:00,3353.394,3371.101,3350.431,3366.245,94715.0,-0.009531688869942559,-1.0
2024-08-27 23:00:00,3366.226,3369.969,3365.262,3368.678,5903.0,-0.00931107098986605,-1.0
2024-08-28 09:00:00,3368.156,3381.33,3353.062,3359.54,198012.0,-0.0034870845413360594,-1.0
2024-08-28 10:00:00,3359.531,3362.369,3343.083,3349.085,144693.0,0.0013717179468422124,0.0
2024-08-28 11:00:00,3348.681,3359.554,3338.163,3359.554,103379.0,-0.008542800621749277,-1.0
2024-08-28 13:00:00,3355.836,3361.618,3343.662,3351.11,105658.0,-0.006062767262190739,-1.0
2024-08-28 14:00:00,3351.047,3355.418,3334.335,3345.653,173868.0,-0.0012484857216213637,0.0
2024-08-28 15:00:00,3345.148,3346.676,3343.314,3344.494,4983.0,-0.0030094238470752387,-1.0
2024-08-28 21:00:00,3341.076,3348.949,3327.471,3343.222,240540.0,-0.0034430857418383887,-1.0
2024-08-28 22:00:00,3342.615,3350.551,3337.201,3339.526,101913.0,-0.012106807972149353,-1.0
2024-08-28 23:00:00,3340.46,3341.005,3337.262,3338.091,4384.0,-0.01649685404022831,-1.0
2024-08-29 09:00:00,3337.799,3344.552,3298.14,3325.454,443904.0,-0.010370012635868705,-1.0
2024-08-29 10:00:00,3324.969,3342.652,3323.821,3340.112,160683.0,-0.016839255689629535,-1.0
2024-08-29 11:00:00,3340.149,3358.541,3338.599,3358.066,169388.0,-0.023782439058672413,-1.0
2024-08-29 13:00:00,3358.911,3363.891,3323.302,3338.017,168534.0,-0.018028368339645856,-1.0
2024-08-29 14:00:00,3338.167,3347.334,3325.181,3332.593,138485.0,-0.015496941870789498,-1.0
2024-08-29 15:00:00,3332.505,3333.967,3331.545,3332.68,5041.0,-0.015300298858576278,-1.0
2024-08-29 21:00:00,3333.679,3340.644,3327.065,3335.81,188591.0,-0.016561195032091122,-1.0
2024-08-29 22:00:00,3335.194,3339.483,3322.124,3338.087,98641.0,-0.019553115302267433,-1.0
2024-08-29 23:00:00,3338.049,3338.382,3334.308,3335.482,3255.0,-0.023166366959857732,-1.0
2024-08-30 09:00:00,3334.307,3345.884,3328.213,3334.159,186672.0,-0.028004663244914324,-1.0
2024-08-30 10:00:00,3333.897,3345.634,3329.879,3337.312,119705.0,-0.029654404502785444,-1.0
2024-08-30 11:00:00,3337.101,3353.832,3335.185,3347.825,91250.0,-0.040258376707265106,-1.0
2024-08-30 13:00:00,3355.141,3370.252,3349.711,3353.679,157915.0,-0.042914065418902664,-1.0
2024-08-30 14:00:00,3353.556,3355.091,3312.983,3330.854,319081.0,-0.04354258697619279,-1.0
2024-08-30 15:00:00,3330.929,3331.802,3328.487,3330.793,4515.0,-0.038063608275867085,-1.0
2024-08-30 21:00:00,3329.765,3343.908,3321.775,3341.476,170480.0,-0.0418728130921784,-1.0
2024-08-30 22:00:00,3340.944,3352.129,3330.492,3334.429,153578.0,-0.03844436333777089,-1.0
2024-08-30 23:00:00,3334.521,3335.293,3331.339,3331.711,5261.0,-0.037584592421131366,-1.0
2024-09-02 09:00:00,3329.637,3329.637,3295.52,3299.095,340818.0,-0.030030963036832774,-1.0
2024-09-02 10:00:00,3298.373,3299.807,3278.32,3283.023,175306.0,-0.03271953927828112,-1.0
2024-09-02 11:00:00,3282.146,3292.068,3277.158,3290.969,76769.0,-0.035994261872415126,-1.0
2024-09-02 13:00:00,3291.054,3295.638,3281.461,3283.867,57556.0,-0.035640602984225674,-1.0
2024-09-02 14:00:00,3283.52,3289.845,3265.717,3278.203,151498.0,-0.030337657552018584,-1.0
2024-09-02 15:00:00,3278.951,3281.078,3277.3,3277.838,4979.0,-0.02995907668408262,-1.0
2024-09-02 21:00:00,3275.964,3287.401,3274.427,3280.948,143747.0,-0.031077907970501115,-1.0
2024-09-02 22:00:00,3281.549,3288.193,3275.704,3281.689,53528.0,-0.04181962398021264,-1.0
2024-09-02 23:00:00,3281.632,3282.923,3280.064,3280.565,1488.0,-0.03559356391353327,-1.0
2024-09-03 09:00:00,3280.191,3282.807,3258.511,3272.817,216229.0,-0.04003859671958445,-1.0
2024-09-03 10:00:00,3272.128,3281.209,3256.654,3258.211,106844.0,-0.0381961143707389,-1.0
2024-09-03 11:00:00,3258.467,3259.729,3231.579,3240.787,175071.0,-0.03641862300731262,-1.0
2024-09-03 13:00:00,3241.448,3246.451,3235.515,3238.346,65200.0,-0.035808712225314954,-1.0
2024-09-03 14:00:00,3237.4,3238.207,3201.193,3213.047,239740.0,-0.022018974512355422,-1.0
2024-09-03 15:00:00,3213.997,3214.007,3209.462,3209.759,6039.0,-0.01987750482201316,-1.0
2024-09-03 21:00:00,3210.942,3216.144,3182.002,3185.82,250996.0,-0.012956161992830824,-1.0
2024-09-03 22:00:00,3186.116,3225.7,3153.227,3204.011,466530.0,-0.02947149682070384,-1.0
2024-09-03 23:00:00,3204.001,3204.647,3201.333,3201.559,4280.0,-0.03815547363019084,-1.0
2024-09-04 09:00:00,3203.907,3210.296,3177.247,3206.239,219283.0,-0.0433286476772318,-1.0
2024-09-04 10:00:00,3205.702,3209.927,3190.465,3206.49,76128.0,-0.03604689239635859,-1.0
2024-09-04 11:00:00,3205.786,3220.678,3197.864,3200.02,91221.0,-0.034037287266954604,-1.0
2024-09-04 13:00:00,3199.736,3199.858,3170.916,3175.604,162015.0,-0.02606212865332073,-1.0
2024-09-04 14:00:00,3175.726,3178.996,3158.206,3172.513,177763.0,-0.03212279981201018,-1.0
2024-09-04 15:00:00,3173.04,3173.04,3166.284,3166.828,5588.0,-0.03362449744665646,-1.0
2024-09-04 21:00:00,3171.914,3199.028,3171.17,3178.75,258674.0,-0.039242469524184094,-1.0
2024-09-04 22:00:00,3178.56,3192.892,3174.526,3179.637,98151.0,-0.03537793779604402,-1.0
2024-09-04 23:00:00,3179.409,3180.461,3178.052,3178.983,2663.0,-0.031145180707163333,-1.0
2024-09-05 09:00:00,3178.658,3179.708,3141.238,3144.45,286307.0,-0.019288905849989598,-1.0
2024-09-05 10:00:00,3143.786,3167.244,3137.81,3163.798,137710.0,-0.021970429211978695,-1.0
2024-09-05 11:00:00,3163.08,3163.279,3141.123,3141.778,71188.0,-0.0025256399401867176,0.0
2024-09-05 13:00:00,3140.779,3145.453,3127.35,3133.76,151879.0,0.001200793934442944,0.0
2024-09-05 14:00:00,3133.762,3137.118,3117.111,3122.762,195597.0,0.006952819331092151,1.0
2024-09-05 15:00:00,3122.801,3125.122,3121.406,3122.385,7596.0,0.0071454993538592115,1.0
2024-09-05 21:00:00,3135.055,3151.006,3129.512,3142.299,243711.0,0.00015816445220516684,0.0
2024-09-05 22:00:00,3143.098,3172.098,3143.098,3145.957,257636.0,-0.004295672191323553,-1.0
2024-09-05 23:00:00,3146.063,3147.059,3143.305,3144.544,4642.0,-0.0035108429075884975,-1.0
2024-09-06 09:00:00,3145.77,3146.119,3100.691,3109.584,287714.0,0.0071813464437687265,1.0
2024-09-06 10:00:00,3109.585,3114.012,3075.045,3079.402,192696.0,0.021277183037485763,1.0
2024-09-06 11:00:00,3079.398,3082.545,3067.172,3067.317,115369.0,0.021306568574425082,1.0
2024-09-06 13:00:00,3064.982,3094.237,3053.371,3090.906,193263.0,0.013920513920513935,1.0
2024-09-06 14:00:00,3090.428,3111.996,3074.7,3091.1,317728.0,0.0017000420562259743,0.0
2024-09-06 15:00:00,3092.12,3093.702,3090.131,3092.841,5548.0,0.008708174781697473,1.0
2024-09-06 21:00:00,3105.707,3110.127,3061.473,3070.603,288562.0,0.017148748959080726,1.0
2024-09-06 22:00:00,3071.016,3079.039,3050.36,3060.345,253567.0,0.02691918721582046,1.0
2024-09-06 23:00:00,3060.883,3061.044,3053.351,3054.008,7018.0,0.030349625803206836,1.0
2024-09-09 09:00:00,3048.049,3081.363,3036.409,3067.148,397457.0,0.02961219999817414,1.0
2024-09-09 10:00:00,3066.517,3088.977,3063.718,3079.973,173093.0,0.02807329804514525,1.0
2024-09-09 11:00:00,3080.012,3100.587,3077.17,3083.797,120740.0,0.03303006002016351,1.0
2024-09-09 13:00:00,3083.699,3094.485,3074.224,3094.288,86726.0,0.029910596557269437,1.0
2024-09-09 14:00:00,3093.441,3148.883,3086.088,3133.843,340108.0,0.020918405931631003,1.0
2024-09-09 15:00:00,3134.73,3137.961,3133.704,3137.523,9457.0,0.01402125179640109,1.0
2024-09-09 21:00:00,3138.003,3159.322,3133.332,3144.474,283088.0,0.01129314473581272,1.0
2024-09-09 22:00:00,3144.742,3161.627,3140.566,3144.696,155661.0,0.02022866439236107,1.0
2024-09-09 23:00:00,3145.364,3145.755,3142.244,3142.796,3395.0,0.018433904077770305,1.0
2024-09-10 09:00:00,3142.036,3151.267,3129.89,3132.443,146422.0,0.02853108580108236,1.0
2024-09-10 10:00:00,3132.092,3138.92,3116.328,3133.504,180544.0,0.0345705638160986,1.0
2024-09-10 11:00:00,3134.022,3143.79,3123.339,3131.915,75324.0,0.034554258337151554,1.0
2024-09-10 13:00:00,3137.741,3151.34,3132.387,3144.923,94231.0,0.030795984512180463,1.0
2024-09-10 14:00:00,3144.577,3170.085,3131.704,3132.671,280700.0,0.033874607323909976,1.0
2024-09-10 15:00:00,3132.075,3134.528,3131.114,3133.933,7103.0,0.03602310579071098,1.0
2024-09-10 21:00:00,3126.252,3133.332,3087.896,3096.355,359062.0,0.04872438722304127,1.0
2024-09-10 22:00:00,3096.696,3137.055,3084.128,3119.774,276524.0,0.04732297916451646,1.0
2024-09-10 23:00:00,3119.607,3125.144,3118.784,3123.26,3886.0,0.044917490058464474,1.0
2024-09-11 09:00:00,3123.084,3146.676,3117.33,3142.727,216519.0,0.033837810283871395,1.0
2024-09-11 10:00:00,3143.05,3160.736,3140.012,3146.696,169282.0,0.030675031842923528,1.0
2024-09-11 11:00:00,3147.342,3162.424,3142.92,3157.973,63568.0,0.024652205702835366,1.0
2024-09-11 13:00:00,3158.849,3178.315,3158.849,3166.438,164862.0,0.023894357003042488,1.0
2024-09-11 14:00:00,3166.01,3187.253,3155.593,3185.655,173116.0,0.012226057121690786,1.0
2024-09-11 15:00:00,3185.424,3188.194,3183.738,3186.84,7598.0,0.009419362126746253,1.0
2024-09-11 21:00:00,3188.62,3207.753,3182.424,3199.398,267017.0,0.0025354769866081307,0.0
2024-09-11 22:00:00,3199.556,3200.711,3174.95,3181.515,129665.0,0.004162482339388605,1.0
2024-09-11 23:00:00,3181.348,3182.467,3179.648,3179.985,2459.0,0.0032037886971163845,1.0
2024-09-12 09:00:00,3187.621,3225.56,3187.621,3208.309,261443.0,-0.00418631746505715,-1.0
2024-09-12 10:00:00,3208.879,3208.879,3183.328,3200.73,174421.0,0.0031502188563234273,1.0
2024-09-12 11:00:00,3200.933,3224.327,3196.756,3221.815,113431.0,-0.0029619950245436564,0.0
2024-09-12 13:00:00,3225.983,3242.495,3225.983,3241.831,219853.0,-0.007903866672877163,-1.0
2024-09-12 14:00:00,3242.528,3245.748,3231.924,3240.136,171658.0,-0.012505339282054759,-1.0
2024-09-12 15:00:00,3240.833,3242.118,3237.941,3241.774,8080.0,-0.002544285937267696,0.0
2024-09-12 21:00:00,3242.046,3255.755,3232.537,3238.789,198507.0,-0.00010374247905628928,0.0
2024-09-12 22:00:00,3238.838,3247.383,3237.103,3246.827,58310.0,-0.0023527585547367083,0.0
2024-09-12 23:00:00,3246.578,3249.439,3245.49,3247.223,4719.0,-0.0009888449299600875,0.0
2024-09-13 09:00:00,3248.85,3272.555,3242.862,3267.411,206813.0,-0.006205218749646154,-1.0
2024-09-13 10:00:00,3268.026,3274.532,3262.022,3263.549,101271.0,0.0004173370769061779,0.0
2024-09-13 11:00:00,3262.934,3269.483,3248.281,3249.07,89727.0,0.009144155096689217,1.0
2024-09-13 13:00:00,3245.824,3252.789,3239.312,3243.221,87819.0,0.011581696097799039,1.0
2024-09-13 14:00:00,3243.495,3251.785,3225.06,3235.824,172076.0,0.002500445018023197,0.0
2024-09-13 15:00:00,3234.939,3242.596,3234.726,3242.098,7636.0,7.957810035361842e-05,0.0
2024-09-18 09:00:00,3235.305,3274.348,3210.539,3224.603,406964.0,0.004919365267600331,1.0
2024-09-18 10:00:00,3224.976,3224.976,3213.738,3216.858,91581.0,0.0029357839233189525,0.0
2024-09-18 11:00:00,3217.673,3217.976,3202.708,3207.51,67617.0,0.007400132813303739,1.0
2024-09-18 13:00:00,3206.832,3212.413,3166.543,3194.758,197807.0,0.010309075053572259,1.0
2024-09-18 14:00:00,3194.781,3216.639,3186.398,3190.173,191896.0,0.008883217305143137,1.0
2024-09-18 15:00:00,3191.293,3195.828,3190.888,3194.878,3748.0,-0.004345705845418828,-1.0
2024-09-18 21:00:00,3197.457,3217.587,3189.613,3210.813,164620.0,-0.011166642218030222,-1.0
2024-09-18 22:00:00,3210.304,3228.561,3209.077,3212.272,117930.0,-0.007297327249996204,-1.0
2024-09-18 23:00:00,3213.152,3217.3,3212.334,3216.208,3761.0,-0.010641102814245894,-1.0
2024-09-19 09:00:00,3216.944,3240.832,3174.639,3199.617,340733.0,-0.005196872000617622,-1.0
2024-09-19 10:00:00,3199.238,3250.555,3199.238,3233.526,284003.0,-0.019600275365034857,-1.0
2024-09-19 11:00:00,3233.558,3242.757,3220.023,3238.453,67351.0,-0.021832029058318825,-1.0
2024-09-19 13:00:00,3238.222,3243.392,3228.782,3239.188,74122.0,-0.022240450384479124,-1.0
2024-09-19 14:00:00,3239.36,3245.874,3233.607,3244.012,129614.0,-0.019156525931470113,-1.0
2024-09-19 15:00:00,3244.655,3247.996,3243.034,3247.136,7972.0,-0.02098895765376011,-1.0
2024-09-19 21:00:00,3244.668,3280.781,3244.048,3264.911,269408.0,-0.025440203423615512,-1.0
2024-09-19 22:00:00,3265.416,3282.165,3262.139,3278.78,99515.0,-0.018708178041832675,-1.0
2024-09-19 23:00:00,3278.822,3281.814,3278.518,3280.783,4302.0,-0.011170199309128319,-1.0
2024-09-20 09:00:00,3282.147,3285.479,3240.906,3243.915,214034.0,0.003105815041392829,1.0
2024-09-20 10:00:00,3244.299,3257.719,3231.693,3242.356,135675.0,0.008003439474258784,1.0
2024-09-20 11:00:00,3242.483,3252.163,3239.939,3240.466,49170.0,0.01707779066344166,1.0
2024-09-20 13:00:00,3238.929,3238.929,3214.79,3226.302,137186.0,0.02273066811476414,1.0
2024-09-20 14:00:00,3226.115,3234.029,3201.757,3231.246,213156.0,0.03169148990822729,1.0
2024-09-20 15:00:00,3230.258,3231.086,3226.492,3227.693,4722.0,0.033240150162980105,1.0
2024-09-20 21:00:00,3228.443,3232.416,3213.777,3218.512,162689.0,0.03647275511167891,1.0
2024-09-20 22:00:00,3217.787,3221.744,3176.536,3180.994,228099.0,0.05232043820264987,1.0
2024-09-20 23:00:00,3181.183,3182.094,3174.959,3174.959,8315.0,0.054207944102585316,1.0
2024-09-23 09:00:00,3173.765,3204.078,3162.412,3188.831,342886.0,0.04544455319206316,1.0
2024-09-23 10:00:00,3188.823,3189.836,3166.487,3181.984,104046.0,0.04062748272775737,1.0
2024-09-23 11:00:00,3181.224,3186.164,3173.25,3182.989,54603.0,0.03965360860499364,1.0
2024-09-23 13:00:00,3183.199,3192.465,3167.994,3170.148,76572.0,0.04318441915014688,1.0
2024-09-23 14:00:00,3170.692,3181.8,3162.584,3167.751,126422.0,0.04989817697161159,1.0
2024-09-23 15:00:00,3167.148,3169.054,3165.432,3167.147,6492.0,0.047813379044294516,1.0
2024-09-23 21:00:00,3162.157,3185.686,3160.793,3181.868,141151.0,0.04423627881483453,1.0
2024-09-23 22:00:00,3181.683,3196.628,3171.418,3178.982,126426.0,0.0487042707382426,1.0
2024-09-23 23:00:00,3179.881,3182.962,3178.323,3181.851,2768.0,0.04407120257988198,1.0
2024-09-24 09:00:00,3184.229,3247.414,3183.379,3217.44,489066.0,0.0346085707891989,1.0
2024-09-24 10:00:00,3217.421,3245.218,3212.915,3244.136,200222.0,0.033318886754439364,1.0
2024-09-24 11:00:00,3244.157,3254.887,3238.248,3253.99,124174.0,0.03103359260477143,1.0
2024-09-24 13:00:00,3267.676,3277.992,3265.28,3268.306,207938.0,0.02625274377613361,1.0
2024-09-24 14:00:00,3268.362,3301.947,3268.121,3295.806,262713.0,0.028022280437622775,1.0
2024-09-24 15:00:00,3295.936,3300.226,3294.41,3299.638,9520.0,0.031561037907794694,1.0
2024-09-24 21:00:00,3307.712,3338.772,3302.319,3333.649,326575.0,0.02208630842659205,1.0
2024-09-24 22:00:00,3332.841,3340.745,3330.213,3334.982,105223.0,0.022840902889430883,1.0
2024-09-24 23:00:00,3334.347,3336.126,3333.193,3335.9,3361.0,0.02477832069306631,1.0
2024-09-25 09:00:00,3347.909,3361.065,3336.287,3347.425,323673.0,0.02612396095506243,1.0
2024-09-25 10:00:00,3347.309,3355.53,3338.586,3347.067,84078.0,0.02037156710636505,1.0
2024-09-25 11:00:00,3346.466,3347.33,3332.828,3333.746,57189.0,0.029544542385652562,1.0
2024-09-25 13:00:00,3332.236,3332.236,3301.521,3311.26,185760.0,0.03684096084270029,1.0
2024-09-25 14:00:00,3310.876,3325.03,3306.399,3309.206,144285.0,0.0482732111569966,1.0
2024-09-25 15:00:00,3308.949,3310.722,3306.062,3307.049,5538.0,0.061262775362566496,1.0
2024-09-25 21:00:00,3301.734,3329.081,3295.101,3325.816,194985.0,0.056574987912740925,1.0
2024-09-25 22:00:00,3326.013,3332.835,3311.973,3318.579,127447.0,0.09523925752558542,1.0
2024-09-25 23:00:00,3318.67,3324.159,3317.794,3322.622,3401.0,0.09724157608057739,1.0
2024-09-26 09:00:00,3319.503,3335.775,3316.028,3333.812,127062.0,0.09375753641777046,1.0
2024-09-26 10:00:00,3333.804,3337.8,3316.126,3322.079,100992.0,0.09762711843998888,1.0
2024-09-26 11:00:00,3322.174,3331.75,3310.207,3328.791,88133.0,0.09541542259637205,1.0
2024-09-26 13:00:00,3348.566,3365.21,3341.161,3352.227,240798.0,0.08775718350815749,1.0
2024-09-26 14:00:00,3353.103,3360.002,3338.253,3354.973,166865.0,0.12186983322965636,1.0
2024-09-26 15:00:00,3354.511,3354.731,3352.382,3354.108,6093.0,0.09576346378828589,1.0
2024-09-26 21:00:00,3382.5,3410.735,3375.882,3388.162,325381.0,0.08068386340440639,1.0
2024-09-26 22:00:00,3388.229,3407.669,3388.229,3403.778,100933.0,0.058223832459108685,1.0
2024-09-26 23:00:00,3403.244,3407.277,3402.803,3407.277,2757.0,0.05858079633678157,1.0
2024-09-27 09:00:00,3406.452,3423.394,3399.507,3411.156,211413.0,0.05718032244787396,1.0
2024-09-27 10:00:00,3411.16,3420.302,3399.353,3418.558,97705.0,0.0584269741803415,1.0
2024-09-27 11:00:00,3418.462,3434.873,3416.623,3434.873,96274.0,0.049798638843415795,1.0
2024-09-27 13:00:00,3436.086,3437.354,3405.701,3415.252,161235.0,0.05575020525571754,1.0
2024-09-27 14:00:00,3415.06,3433.04,3412.288,3432.24,148977.0,0.05486504440248945,1.0
2024-09-27 15:00:00,3432.089,3434.951,3430.88,3433.25,6258.0,0.050545401587417126,1.0
2024-09-27 21:00:00,3433.076,3472.704,3415.352,3468.952,254719.0,0.03953355364963247,1.0
2024-09-27 22:00:00,3468.954,3512.148,3468.703,3509.648,199330.0,0.035316077281824176,1.0
2024-09-27 23:00:00,3509.611,3518.616,3509.373,3513.974,8740.0,0.014819973056146622,1.0
2024-09-30 09:00:00,3641.06,3646.344,3628.391,3634.638,401677.0,-0.01596692710525783,-1.0
2024-09-30 10:00:00,3634.896,3645.835,3630.653,3645.719,138326.0,-0.02497559466322009,-1.0
2024-09-30 11:00:00,3645.784,3646.384,3645.666,3646.382,11643.0,-0.017317439588062956,-1.0
2024-09-30 13:00:00,3646.393,3646.404,3646.385,3646.404,9584.0,-0.016728535839692967,-1.0
2024-09-30 14:00:00,3646.404,3646.409,3646.403,3646.409,11904.0,-0.015473853865542779,-1.0
2024-09-30 15:00:00,3646.409,3646.409,3646.409,3646.409,107.0,-0.007156355746160196,-1.0
2024-10-08 09:00:00,3835.593,3902.913,3726.696,3763.843,669817.0,-0.036078284880639196,-1.0
2024-10-08 10:00:00,3763.253,3768.653,3649.78,3675.309,326723.0,-0.018204183648232133,-1.0
2024-10-08 11:00:00,3674.202,3708.363,3658.58,3661.532,105313.0,-0.01989221997786725,-1.0
2024-10-08 13:00:00,3658.329,3663.636,3560.472,3601.959,294782.0,-0.004923709570264312,-1.0
2024-10-08 14:00:00,3601.98,3627.567,3582.75,3606.878,156735.0,-0.0005805574793491909,0.0
2024-10-08 15:00:00,3605.927,3607.49,3603.712,3606.207,2664.0,0.0003089118289660113,0.0
2024-10-08 21:00:00,3607.963,3624.377,3586.015,3618.294,246856.0,-0.003012745785721072,-1.0
2024-10-08 22:00:00,3618.605,3620.24,3600.051,3605.925,76353.0,-0.00044648737841195457,0.0
2024-10-08 23:00:00,3606.101,3612.752,3601.642,3605.653,2240.0,-0.005744035823746708,-1.0
2024-10-09 09:00:00,3602.685,3649.922,3600.715,3620.55,282135.0,-0.011038101945837068,-1.0
2024-10-09 10:00:00,3620.716,3624.198,3600.193,3606.785,111666.0,-0.009044065559771346,-1.0
2024-10-09 11:00:00,3607.753,3617.509,3578.332,3606.092,82108.0,-0.001250106763776483,0.0
2024-10-09 13:00:00,3628.317,3657.67,3620.861,3633.595,158772.0,-0.00801575299393569,-1.0
2024-10-09 14:00:00,3632.726,3639.171,3563.942,3566.051,188388.0,0.013068797950450028,1.0
2024-10-09 15:00:00,3566.293,3577.416,3566.098,3576.604,8133.0,0.02301373034308527,1.0
2024-10-09 21:00:00,3576.82,3576.82,3527.335,3554.665,307771.0,0.03132840928751376,1.0
2024-10-09 22:00:00,3554.73,3584.21,3544.976,3583.236,138203.0,0.014851938303812616,1.0
2024-10-09 23:00:00,3583.286,3587.013,3583.024,3585.405,5600.0,0.015412763690573301,1.0
2024-10-10 09:00:00,3593.417,3611.311,3583.004,3589.985,239373.0,0.020095905693199214,1.0
2024-10-10 10:00:00,3590.959,3621.937,3580.45,3620.314,124677.0,0.009058882737795749,1.0
2024-10-10 11:00:00,3621.148,3634.152,3609.522,3628.05,88577.0,0.0036931685064979496,1.0
2024-10-10 13:00:00,3630.649,3633.762,3604.412,3608.403,109989.0,0.008691933800077219,1.0
2024-10-10 14:00:00,3608.489,3619.528,3572.695,3588.696,194982.0,0.016696315318990552,1.0
2024-10-10 15:00:00,3588.733,3589.797,3583.102,3584.224,5582.0,0.011907458908818096,1.0
2024-10-10 21:00:00,3588.668,3612.933,3580.488,3604.784,179619.0,0.005120140346827959,1.0
2024-10-10 22:00:00,3604.95,3611.865,3587.748,3607.321,97854.0,0.004060631144275804,1.0
2024-10-10 23:00:00,3606.603,3608.789,3605.747,3607.393,3286.0,0.006966804004997532,1.0
2024-10-11 09:00:00,3610.036,3621.544,3584.604,3604.315,188913.0,0.01188741827503978,1.0
2024-10-11 10:00:00,3605.124,3607.035,3560.468,3584.942,148142.0,0.014078888863474,1.0
2024-10-11 11:00:00,3585.151,3597.876,3573.568,3580.586,58732.0,0.009217764913341031,1.0
2024-10-11 13:00:00,3585.263,3591.842,3569.837,3574.165,68946.0,0.009907209096390306,1.0
2024-10-11 14:00:00,3574.047,3609.373,3559.766,3601.584,186059.0,0.010001155047334724,1.0
2024-10-11 15:00:00,3602.757,3605.907,3601.858,3604.469,4230.0,0.006343236687567581,1.0
2024-10-11 21:00:00,3608.666,3618.484,3579.939,3612.655,203566.0,0.004474548496881093,1.0
2024-10-11 22:00:00,3612.372,3662.042,3609.729,3658.915,225217.0,-0.010859230126963916,-1.0
2024-10-11 23:00:00,3659.619,3667.083,3657.749,3666.027,10411.0,-0.01349335397693473,-1.0
2024-10-14 09:00:00,3655.897,3658.419,3615.1,3636.454,321922.0,-0.0056819088045662785,-1.0
2024-10-14 10:00:00,3636.374,3647.137,3612.213,3640.666,127151.0,-0.007242081531236314,-1.0
2024-10-14 11:00:00,3640.482,3673.523,3638.808,3662.129,107863.0,-0.01828089616722953,-1.0
2024-10-14 13:00:00,3670.809,3677.509,3647.914,3653.11,64940.0,-0.01623767146349281,-1.0
2024-10-14 14:00:00,3653.763,3658.754,3631.26,3641.449,112311.0,-0.009302890140710526,-1.0
2024-10-14 15:00:00,3641.614,3643.234,3639.074,3639.767,2803.0,-0.006723507301428843,-1.0
2024-10-14 21:00:00,3631.974,3648.828,3608.983,3648.614,215719.0,-0.009213635643562238,-1.0
2024-10-14 22:00:00,3647.937,3650.566,3620.88,3626.903,113260.0,-0.0048807481203659905,-1.0
2024-10-14 23:00:00,3626.947,3627.838,3622.095,3623.241,2659.0,-0.020759314657788398,-1.0
2024-10-15 09:00:00,3621.672,3633.475,3613.846,3621.969,128153.0,-0.028203167945390985,-1.0
2024-10-15 10:00:00,3621.572,3640.798,3617.773,3632.525,102721.0,-0.039057955554332016,-1.0
2024-10-15 11:00:00,3632.226,3648.729,3626.159,3647.161,51696.0,-0.05517826057034503,-1.0
2024-10-15 13:00:00,3639.571,3650.162,3618.805,3635.414,111979.0,-0.052580256333941686,-1.0
2024-10-15 14:00:00,3636.173,3639.779,3611.56,3613.591,150761.0,-0.03786123000638425,-1.0
2024-10-15 15:00:00,3613.051,3614.242,3609.49,3609.575,4183.0,-0.04239307951767168,-1.0
2024-10-15 21:00:00,3613.532,3645.321,3612.066,3637.604,211418.0,-0.048796405546068226,-1.0
2024-10-15 22:00:00,3638.281,3640.273,3622.931,3627.333,67829.0,-0.04299743089481994,-1.0
2024-10-15 23:00:00,3627.652,3630.469,3626.3,3628.82,2189.0,-0.03892642787462593,-1.0
2024-10-16 09:00:00,3625.302,3629.631,3598.782,3619.182,212145.0,-0.04034668607436707,-1.0
2024-10-16 10:00:00,3619.927,3622.127,3600.419,3616.56,88138.0,-0.02783888557081869,-1.0
2024-10-16 11:00:00,3617.562,3638.191,3613.622,3615.792,88918.0,-0.027029486209383648,-1.0
2024-10-16 13:00:00,3611.418,3623.02,3606.37,3614.3,55253.0,-0.02678167279971226,-1.0
2024-10-16 14:00:00,3614.296,3619.939,3593.887,3595.182,144440.0,-0.015714086240974697,-1.0
2024-10-16 15:00:00,3594.782,3595.184,3592.037,3593.792,4949.0,-0.018356655031788096,-1.0
2024-10-16 21:00:00,3596.081,3611.79,3593.421,3607.573,140214.0,-0.020627441218791683,-1.0
2024-10-16 22:00:00,3607.256,3619.189,3603.884,3615.295,84986.0,-0.026181819187645877,-1.0
2024-10-16 23:00:00,3614.998,3616.341,3612.804,3614.997,2470.0,-0.02287498440524287,-1.0
2024-10-17 09:00:00,3615.987,3625.185,3605.012,3609.201,101117.0,-0.020273185117703357,-1.0
2024-10-17 10:00:00,3609.289,3629.581,3535.786,3548.025,422198.0,-0.008379309615913084,-1.0
2024-10-17 11:00:00,3548.342,3554.106,3513.521,3519.818,158846.0,0.0018481069191644722,0.0
2024-10-17 13:00:00,3521.782,3530.922,3488.809,3490.646,174846.0,0.01034135228837297,1.0
2024-10-17 14:00:00,3491.738,3494.076,3444.021,3445.917,244459.0,0.022563515023722263,1.0
2024-10-17 15:00:00,3445.151,3451.108,3442.535,3444.263,12288.0,0.01395567063258526,1.0
2024-10-17 21:00:00,3449.298,3489.437,3448.284,3476.776,213207.0,0.0041754199867924426,1.0
2024-10-17 22:00:00,3476.776,3480.669,3454.803,3456.554,81340.0,0.010355110899468117,1.0
2024-10-17 23:00:00,3457.132,3461.236,3453.672,3460.102,4100.0,0.003054823239314958,1.0
2024-10-18 09:00:00,3462.696,3492.905,3461.864,3471.367,198063.0,0.006087803450340978,1.0
2024-10-18 10:00:00,3471.366,3498.916,3453.977,3487.563,186926.0,0.0005562623528234628,0.0
2024-10-18 11:00:00,3487.563,3489.285,3461.972,3473.16,72055.0,0.0065248937566942675,1.0
2024-10-18 13:00:00,3497.385,3520.419,3487.367,3515.879,146469.0,-0.004591170515253746,-1.0
2024-10-18 14:00:00,3516.644,3561.068,3503.582,3518.059,289860.0,-0.006137190990827711,-1.0
2024-10-18 15:00:00,3517.557,3519.048,3514.998,3517.503,4664.0,-0.0032875593851662117,-1.0
2024-10-18 21:00:00,3516.056,3548.685,3514.097,3538.687,207523.0,-0.009806744705027593,-1.0
2024-10-18 22:00:00,3539.34,3540.324,3512.374,3527.822,124609.0,-0.007936908381431943,-1.0
2024-10-18 23:00:00,3528.476,3533.158,3528.233,3533.158,3268.0,-0.01260260650670025,-1.0
2024-10-21 09:00:00,3536.444,3551.61,3515.791,3520.64,177227.0,-0.005959995909834496,-1.0
2024-10-21 10:00:00,3519.651,3543.745,3519.651,3532.304,88446.0,-0.006230777418931104,-1.0
2024-10-21 11:00:00,3531.474,3539.908,3523.992,3536.031,38761.0,-0.013683137958914958,-1.0
2024-10-21 13:00:00,3529.694,3532.958,3515.258,3518.295,53266.0,-0.00982492940472587,-1.0
2024-10-21 14:00:00,3518.615,3533.207,3516.414,3526.323,67924.0,-0.012803988744082673,-1.0
2024-10-21 15:00:00,3526.733,3528.049,3524.918,3526.744,2580.0,-0.012611632712779852,-1.0
2024-10-21 21:00:00,3524.268,3532.75,3512.652,3523.669,116646.0,-0.011749968569692498,-1.0
2024-10-21 22:00:00,3523.607,3526.223,3485.989,3492.33,160383.0,-0.006078749717237436,-1.0
2024-10-21 23:00:00,3492.347,3493.242,3489.308,3491.293,3523.0,-0.006151875537229349,-1.0
2024-10-22 09:00:00,3491.938,3500.135,3480.987,3492.347,118481.0,-0.004527041556867173,-1.0
2024-10-22 10:00:00,3492.258,3496.299,3463.988,3470.672,106489.0,-0.0035099830810863845,-1.0
2024-10-22 11:00:00,3470.773,3492.991,3469.701,3492.5,70372.0,0.00032956335003574513,0.0
2024-10-22 13:00:00,3487.759,3490.486,3473.11,3489.503,60483.0,0.0007244584687274355,0.0
2024-10-22 14:00:00,3488.64,3502.593,3472.485,3495.822,137408.0,0.010384396001855837,1.0
2024-10-22 15:00:00,3496.156,3499.825,3495.173,3499.737,4886.0,0.009090111628388105,1.0
2024-10-22 21:00:00,3503.14,3510.213,3490.607,3496.468,103245.0,0.010757427209401111,1.0
2024-10-22 22:00:00,3496.559,3509.32,3494.928,3505.939,49785.0,0.0039578555131735615,1.0
2024-10-22 23:00:00,3506.581,3506.762,3503.342,3503.984,2209.0,0.010181267950995262,1.0
2024-10-23 09:00:00,3507.133,3510.69,3489.135,3499.822,91193.0,0.01196203692644934,1.0
2024-10-23 10:00:00,3499.822,3504.405,3482.219,3488.631,80241.0,0.016742097401530903,1.0
2024-10-23 11:00:00,3488.296,3499.657,3484.812,3499.657,43837.0,0.013213294902900408,1.0
2024-10-23 13:00:00,3500.138,3524.095,3499.803,3510.295,115906.0,0.010325343026725643,1.0
2024-10-23 14:00:00,3510.54,3511.363,3475.418,3487.647,167615.0,0.030550683598426154,1.0
2024-10-23 15:00:00,3486.905,3487.548,3483.086,3483.728,3177.0,0.03592789104086198,1.0
2024-10-23 21:00:00,3480.72,3485.033,3466.5,3481.172,128305.0,0.03799323905856992,1.0
2024-10-23 22:00:00,3481.627,3489.309,3474.426,3482.266,62586.0,0.03758299911609274,1.0
2024-10-23 23:00:00,3482.475,3482.905,3479.489,3482.266,1651.0,0.04469675780081123,1.0
2024-10-24 09:00:00,3474.202,3484.318,3458.076,3471.101,142077.0,0.050039166247251174,1.0
2024-10-24 10:00:00,3470.856,3482.524,3460.134,3469.815,99018.0,0.04872622891998562,1.0
2024-10-24 11:00:00,3470.546,3476.629,3467.298,3476.537,28986.0,0.04236600962394482,1.0
2024-10-24 13:00:00,3467.735,3468.449,3453.771,3458.49,99857.0,0.04770203181157104,1.0
2024-10-24 14:00:00,3459.128,3500.499,3457.15,3493.651,180395.0,0.03797832124616912,1.0
2024-10-24 15:00:00,3493.125,3494.833,3491.601,3492.031,4911.0,0.03453348495474413,1.0
2024-10-24 21:00:00,3492.104,3536.387,3485.846,3532.124,232081.0,0.023200770980860333,1.0
2024-10-24 22:00:00,3532.124,3551.553,3516.786,3531.55,176698.0,0.019411872973623373,1.0
2024-10-24 23:00:00,3530.663,3536.004,3530.477,3534.081,5078.0,0.017650981966740337,1.0
2024-10-25 09:00:00,3530.788,3533.595,3517.615,3519.815,101292.0,0.01695827763675081,1.0
2024-10-25 10:00:00,3519.173,3542.161,3512.022,3539.659,104737.0,0.010549886302607073,1.0
2024-10-25 11:00:00,3539.659,3541.687,3525.894,3541.687,51412.0,0.01028097626921867,1.0
2024-10-25 13:00:00,3542.682,3551.759,3541.469,3547.038,85693.0,0.008695142256722398,1.0
2024-10-25 14:00:00,3547.131,3549.165,3533.679,3545.899,87836.0,0.01577935524954327,1.0
2024-10-25 15:00:00,3545.109,3547.063,3544.281,3546.54,4405.0,0.017649314543188587,1.0
2024-10-25 21:00:00,3553.549,3600.186,3541.945,3594.197,243327.0,0.004388741073458101,1.0
2024-10-25 22:00:00,3595.353,3619.731,3591.147,3608.891,132752.0,-0.0013779856471142953,0.0
2024-10-25 23:00:00,3608.393,3615.728,3606.682,3613.433,6638.0,-0.005545695741418262,-1.0
2024-10-28 09:00:00,3618.967,3632.706,3605.105,3613.14,211676.0,-0.010896893007190378,-1.0
2024-10-28 10:00:00,3613.533,3640.313,3612.066,3637.912,132203.0,-0.015437151860737602,-1.0
2024-10-28 11:00:00,3637.179,3647.098,3632.089,3644.792,69338.0,-0.012993608414417044,-1.0
2024-10-28 13:00:00,3644.251,3653.736,3638.694,3638.886,66120.0,-0.011553810699208527,-1.0
2024-10-28 14:00:00,3639.524,3641.966,3617.187,3623.824,129717.0,-0.0076052258608585695,-1.0
2024-10-28 15:00:00,3624.438,3625.189,3621.993,3623.467,5576.0,-0.005829775736884109,-1.0
2024-10-28 21:00:00,3624.112,3634.061,3617.415,3626.334,107240.0,-0.006683885157848072,-1.0
2024-10-28 22:00:00,3625.795,3629.37,3607.715,3612.623,104829.0,-0.004020347542491948,-1.0
2024-10-28 23:00:00,3612.379,3615.651,3611.639,3614.072,2112.0,-0.0028303254611419665,0.0
2024-10-29 09:00:00,3615.577,3615.577,3591.426,3600.104,115815.0,-0.0006935910740355956,0.0
2024-10-29 10:00:00,3601.028,3611.13,3594.843,3596.461,72747.0,0.0016416137975637708,0.0
2024-10-29 11:00:00,3596.7,3597.44,3576.957,3579.505,76148.0,0.004897045820581336,1.0
2024-10-29 13:00:00,3576.296,3580.184,3570.7,3577.002,66272.0,0.005408160241453668,1.0
2024-10-29 14:00:00,3577.34,3586.232,3566.739,3578.099,135123.0,0.0033758149229520264,1.0
2024-10-29 15:00:00,3577.205,3578.382,3575.487,3577.88,3474.0,-0.0011719230382238115,0.0
2024-10-29 21:00:00,3604.647,3631.292,3597.958,3601.851,237999.0,-0.011940249610547482,-1.0
2024-10-29 22:00:00,3601.846,3613.478,3600.065,3609.134,65986.0,-0.007843155726553735,-1.0
2024-10-29 23:00:00,3609.481,3610.215,3608.054,3609.971,1363.0,-0.011643306829888704,-1.0
2024-10-30 09:00:00,3609.971,3611.26,3592.617,3603.918,81659.0,-0.004343883517882538,-1.0
2024-10-30 10:00:00,3603.572,3606.506,3585.572,3593.394,64605.0,-0.004004292320853118,-1.0
2024-10-30 11:00:00,3593.375,3599.16,3573.38,3573.768,53068.0,-0.0006757573519041985,0.0
2024-10-30 13:00:00,3568.064,3587.841,3565.193,3581.753,62725.0,-0.0038936241555462834,-1.0
2024-10-30 14:00:00,3580.868,3602.608,3576.325,3597.433,85355.0,-0.005254024188914662,-1.0
2024-10-30 15:00:00,3596.574,3598.816,3596.109,3596.843,3750.0,-0.014494099408842647,-1.0
2024-10-30 21:00:00,3600.807,3609.656,3584.097,3596.264,122296.0,-0.015250548902972711,-1.0
2024-10-30 22:00:00,3596.37,3611.021,3594.871,3602.343,84343.0,-0.01568756778574381,-1.0
2024-10-30 23:00:00,3602.695,3603.321,3601.365,3602.096,1293.0,-0.014682562596888013,-1.0
2024-10-31 09:00:00,3601.305,3609.753,3594.197,3598.099,83709.0,-0.005344766778234902,-1.0
2024-10-31 10:00:00,3598.972,3615.167,3594.014,3603.843,90874.0,-0.007848843581698775,-1.0
2024-10-31 11:00:00,3604.198,3615.156,3596.251,3597.607,46333.0,-0.0016666634237703269,0.0
2024-10-31 13:00:00,3594.687,3603.385,3590.692,3602.365,54088.0,-0.002003961286543589,0.0
2024-10-31 14:00:00,3601.596,3608.537,3586.888,3597.034,93521.0,-0.000314703725347067,0.0
2024-10-31 15:00:00,3596.137,3598.719,3595.68,3596.347,2163.0,0.0008430777119114751,0.0
2024-10-31 21:00:00,3600.343,3606.736,3587.049,3590.178,83330.0,0.0028015324031287567,0.0
2024-10-31 22:00:00,3589.802,3591.426,3572.953,3573.687,120101.0,0.008234073101533495,1.0
2024-10-31 23:00:00,3573.302,3573.549,3555.349,3558.844,28380.0,0.01635362494113252,1.0
2024-11-01 09:00:00,3557.494,3583.771,3555.41,3580.827,123425.0,0.011398484204905683,1.0
2024-11-01 10:00:00,3580.827,3581.808,3556.544,3567.939,106069.0,0.014554901302965113,1.0
2024-11-01 11:00:00,3567.939,3588.725,3562.276,3588.263,45977.0,0.0045788171045434214,1.0
2024-11-01 13:00:00,3579.746,3583.564,3570.284,3579.005,48454.0,0.006561600221290533,1.0
2024-11-01 14:00:00,3579.632,3585.52,3560.416,3571.353,96635.0,0.007614481122420539,1.0
2024-11-01 15:00:00,3571.6,3572.961,3566.554,3567.807,3569.0,0.00920705632339422,1.0
2024-11-01 21:00:00,3574.03,3606.228,3574.03,3578.532,160679.0,0.00604577519496815,1.0
2024-11-01 22:00:00,3578.314,3581.626,3524.67,3544.71,258938.0,0.01134817798917263,1.0
2024-11-01 23:00:00,3544.731,3544.731,3538.584,3541.419,3430.0,0.006632934425438006,1.0
2024-11-04 09:00:00,3549.151,3566.858,3544.255,3545.831,114638.0,0.004353845403235418,1.0
2024-11-04 10:00:00,3546.09,3550.372,3537.128,3549.208,58597.0,0.009270518943944619,1.0
2024-11-04 11:00:00,3548.952,3579.925,3546.753,3578.868,60555.0,-0.0008223270598412001,0.0
2024-11-04 13:00:00,3577.016,3577.016,3561.043,3575.557,55273.0,-0.0010289305973865423,0.0
2024-11-04 14:00:00,3576.114,3594.934,3571.569,3591.611,101422.0,-0.010573806573150562,-1.0
2024-11-04 15:00:00,3592.092,3597.368,3591.983,3595.146,7101.0,-0.010261613853790716,-1.0
2024-11-04 21:00:00,3600.033,3604.731,3581.31,3595.902,130292.0,-0.010265018345883803,-1.0
2024-11-04 22:00:00,3595.902,3608.942,3593.611,3599.379,89524.0,-0.004547728927684383,-1.0
2024-11-04 23:00:00,3599.848,3600.717,3598.286,3600.236,2098.0,-0.0040005710736740014,-1.0
2024-11-05 09:00:00,3599.779,3603.982,3588.114,3603.113,82523.0,-0.005710617457737246,-1.0
2024-11-05 10:00:00,3602.765,3625.769,3602.541,3617.044,139360.0,-0.006193178739324111,-1.0
2024-11-05 11:00:00,3616.67,3625.205,3612.831,3621.643,45602.0,-0.005912509874661862,-1.0
2024-11-05 13:00:00,3623.983,3627.275,3616.552,3619.87,46838.0,-0.004875589454869895,-1.0
2024-11-05 14:00:00,3619.145,3625.816,3600.185,3604.693,104186.0,0.002167174846789976,0.0
2024-11-05 15:00:00,3604.336,3604.34,3601.28,3602.489,5284.0,0.003108961609598202,1.0
2024-11-05 21:00:00,3610.0,3614.999,3596.329,3598.547,107634.0,0.004519046159463853,1.0
2024-11-05 22:00:00,3597.819,3601.993,3587.594,3600.656,89683.0,0.004776351864771271,1.0
2024-11-05 23:00:00,3600.519,3601.383,3598.575,3600.167,1519.0,-0.006078884673960892,-1.0
2024-11-06 09:00:00,3595.983,3596.845,3572.868,3584.936,145544.0,-0.008495270208450005,-1.0
2024-11-06 10:00:00,3584.937,3597.573,3557.903,3564.909,156334.0,-0.001612383373600854,0.0
2024-11-06 11:00:00,3565.027,3565.027,3534.897,3561.269,154837.0,-0.0014980615056036436,0.0
2024-11-06 13:00:00,3553.284,3583.839,3546.99,3582.111,101460.0,-0.007622600193014632,-1.0
2024-11-06 14:00:00,3582.468,3601.568,3556.873,3575.925,212249.0,-0.006627655781371329,-1.0
2024-11-06 15:00:00,3575.804,3576.414,3571.643,3571.878,3462.0,-0.011151836652875625,-1.0
2024-11-06 21:00:00,3566.729,3569.508,3544.717,3553.634,159670.0,-0.006993404498043372,-1.0
2024-11-06 22:00:00,3552.774,3562.06,3547.985,3558.254,76508.0,-0.01292544039857743,-1.0
2024-11-06 23:00:00,3558.859,3560.324,3555.878,3558.99,2303.0,-0.011705287174170102,-1.0
2024-11-07 09:00:00,3558.859,3589.361,3558.859,3583.01,144788.0,-0.016889151858353765,-1.0
2024-11-07 10:00:00,3582.633,3596.8,3573.556,3585.833,101289.0,-0.022966769506555386,-1.0
2024-11-07 11:00:00,3586.339,3597.609,3581.326,3582.537,53062.0,-0.016975400393631553,-1.0
2024-11-07 13:00:00,3582.141,3598.076,3579.719,3594.643,46420.0,-0.020080436360439755,-1.0
2024-11-07 14:00:00,3594.153,3603.406,3584.68,3600.23,94938.0,-0.021088930429444836,-1.0
2024-11-07 15:00:00,3601.09,3604.037,3599.625,3602.221,5321.0,-0.02290503553224525,-1.0
2024-11-07 21:00:00,3609.019,3630.682,3603.457,3612.505,200725.0,-0.025822524813114475,-1.0
2024-11-07 22:00:00,3612.507,3617.097,3598.558,3613.689,95310.0,-0.02647903568901472,-1.0
2024-11-07 23:00:00,3613.565,3615.663,3613.063,3614.809,2155.0,-0.030245581440125974,-1.0
2024-11-08 09:00:00,3617.189,3638.191,3614.356,3617.854,197268.0,-0.02967173357465502,-1.0
2024-11-08 10:00:00,3618.327,3618.327,3560.249,3578.282,265654.0,-0.021253215928761393,-1.0
2024-11-08 11:00:00,3578.884,3581.102,3553.025,3554.481,129514.0,-0.007684103530163785,-1.0
2024-11-08 13:00:00,3560.109,3572.544,3554.927,3559.161,79570.0,-0.008798140910175136,-1.0
2024-11-08 14:00:00,3558.683,3562.818,3543.63,3555.934,153518.0,-0.010042087395322941,-1.0
2024-11-08 15:00:00,3555.79,3556.301,3552.618,3554.806,6255.0,-0.008756595999894272,-1.0
2024-11-08 21:00:00,3542.439,3568.607,3520.008,3552.225,189616.0,-0.008804340941241079,-1.0
2024-11-08 22:00:00,3552.225,3554.799,3523.652,3532.045,128588.0,-0.0016273858345519515,0.0
2024-11-08 23:00:00,3532.414,3532.661,3527.685,3528.782,4790.0,0.001804305281538994,0.0
2024-11-11 09:00:00,3530.764,3536.089,3509.688,3512.262,178323.0,0.00840483995783913,1.0
2024-11-11 10:00:00,3512.253,3525.293,3507.394,3517.331,88111.0,0.009713615238372423,1.0
2024-11-11 11:00:00,3517.196,3522.853,3511.413,3522.496,27768.0,0.002116113119787708,0.0
2024-11-11 13:00:00,3526.372,3532.999,3503.342,3503.478,70739.0,0.006739588488924457,1.0
2024-11-11 14:00:00,3503.478,3524.327,3499.275,3521.722,108652.0,0.002587938514169937,0.0
2024-11-11 15:00:00,3522.6,3524.571,3519.799,3522.461,5170.0,0.0020755375290173973,0.0
2024-11-11 21:00:00,3528.411,3528.621,3509.712,3524.305,100866.0,0.0011624987054185741,0.0
2024-11-11 22:00:00,3524.553,3529.111,3517.928,3519.712,50010.0,0.00014887581711227715,0.0
2024-11-11 23:00:00,3519.735,3521.329,3518.613,3519.221,1870.0,-0.0019319616471940744,0.0
2024-11-12 09:00:00,3517.474,3529.08,3512.834,3518.002,78370.0,-0.004735074056239849,-1.0
2024-11-12 10:00:00,3518.127,3518.369,3495.841,3505.477,91554.0,-0.0003463152090285978,0.0
2024-11-12 11:00:00,3506.194,3513.335,3499.562,3510.506,37231.0,-0.002951426375570894,0.0
2024-11-12 13:00:00,3503.462,3504.205,3496.607,3502.232,44610.0,-0.0006567240548313709,0.0
2024-11-12 14:00:00,3502.608,3539.163,3497.675,3527.168,174135.0,-0.00807389951371754,-1.0
2024-11-12 15:00:00,3527.014,3530.156,3526.406,3527.847,4448.0,-0.013585906645044438,-1.0
2024-11-12 21:00:00,3529.207,3531.675,3519.38,3520.225,87168.0,-0.011222578102251947,-1.0
2024-11-12 22:00:00,3521.092,3525.738,3510.891,3523.678,45971.0,-0.01643453232673356,-1.0
2024-11-12 23:00:00,3523.441,3523.68,3520.343,3520.95,2160.0,-0.01356253283914844,-1.0
2024-11-13 09:00:00,3518.966,3527.283,3509.13,3526.297,86614.0,-0.016010846505555214,-1.0
2024-11-13 10:00:00,3525.311,3536.7,3519.805,3535.149,90038.0,-0.017458104311869203,-1.0
2024-11-13 11:00:00,3535.072,3544.719,3533.804,3541.782,69575.0,-0.028882918259791262,-1.0
2024-11-13 13:00:00,3540.557,3553.285,3535.627,3551.497,81133.0,-0.031949344177962094,-1.0
2024-11-13 14:00:00,3550.79,3559.784,3526.248,3529.95,153259.0,-0.02295613252312346,-1.0
2024-11-13 15:00:00,3529.61,3530.695,3526.244,3527.09,5894.0,-0.024405955050764323,-1.0
2024-11-13 21:00:00,3534.096,3538.781,3519.869,3530.836,66989.0,-0.025635571858902504,-1.0
2024-11-13 22:00:00,3531.219,3538.761,3529.022,3529.772,33609.0,-0.014653071076545385,-1.0
2024-11-13 23:00:00,3530.36,3530.377,3528.385,3528.402,1936.0,-0.011765666157087578,-1.0
2024-11-14 09:00:00,3530.598,3532.57,3518.115,3520.236,69273.0,-0.007007200653592519,-1.0
2024-11-14 10:00:00,3519.849,3522.418,3503.23,3512.422,114919.0,-0.009196218449833172,-1.0
2024-11-14 11:00:00,3512.899,3519.591,3501.199,3501.344,42459.0,-0.0046139425317821385,-1.0
2024-11-14 13:00:00,3497.765,3512.876,3493.269,3504.263,84710.0,-0.005501584784018778,-1.0
2024-11-14 14:00:00,3504.867,3506.309,3492.632,3500.145,100797.0,-0.0042918221959375785,-1.0
2024-11-14 15:00:00,3499.542,3501.141,3498.409,3499.932,3762.0,-0.0028097688755095336,0.0
2024-11-14 21:00:00,3502.116,3510.547,3491.271,3498.69,86004.0,-0.0021007862942986973,0.0
2024-11-14 22:00:00,3498.454,3498.6,3477.647,3479.918,144153.0,0.0013304911207676889,0.0
2024-11-14 23:00:00,3479.313,3482.826,3479.167,3480.719,2428.0,-0.0005079410317236264,0.0
2024-11-15 09:00:00,3482.256,3487.765,3460.445,3465.768,170114.0,0.006914773291230153,1.0
2024-11-15 10:00:00,3465.476,3476.964,3464.634,3473.197,90914.0,0.0036574372257029975,1.0
2024-11-15 11:00:00,3473.711,3477.906,3468.159,3469.838,38947.0,0.01237291193421704,1.0
2024-11-15 13:00:00,3475.637,3482.463,3471.906,3473.432,44706.0,0.010971281430009333,1.0
2024-11-15 14:00:00,3473.576,3474.181,3438.26,3439.485,184658.0,0.018461484786239813,1.0
2024-11-15 15:00:00,3439.241,3440.229,3437.646,3438.029,6223.0,0.018098160312202197,1.0
2024-11-15 21:00:00,3455.575,3463.642,3443.696,3448.916,111106.0,0.014666347339279828,1.0
2024-11-15 22:00:00,3448.764,3455.086,3432.841,3441.008,85527.0,0.016036579978889978,1.0
2024-11-15 23:00:00,3440.772,3441.616,3438.273,3440.321,3306.0,0.019878377628134096,1.0
2024-11-18 09:00:00,3441.76,3482.178,3438.981,3478.05,216698.0,0.008407297192392284,1.0
2024-11-18 10:00:00,3477.446,3490.105,3474.315,3486.888,94892.0,0.0034727241024087737,1.0
2024-11-18 11:00:00,3487.046,3501.204,3487.046,3495.569,75537.0,0.0028973823717970255,0.0
2024-11-18 13:00:00,3492.233,3492.835,3477.534,3480.121,59383.0,0.007324745317763373,1.0
2024-11-18 14:00:00,3479.367,3485.647,3469.97,3485.189,115037.0,0.007222850755009336,1.0
2024-11-18 15:00:00,3484.589,3486.491,3483.146,3484.984,3992.0,0.006189411486537719,1.0
2024-11-18 21:00:00,3485.753,3491.822,3481.8,3485.123,94909.0,0.004902552937155958,1.0
2024-11-18 22:00:00,3485.123,3496.492,3484.131,3490.098,58728.0,0.0039122110611220645,1.0
2024-11-18 23:00:00,3490.348,3492.174,3489.596,3491.34,1256.0,0.006935732412196948,1.0
2024-11-19 09:00:00,3491.957,3491.957,3474.442,3484.548,84060.0,0.009527778064759124,1.0
2024-11-19 10:00:00,3483.955,3486.63,3463.024,3478.951,98849.0,0.011157673678071352,1.0
2024-11-19 11:00:00,3478.951,3495.122,3478.199,3489.733,87960.0,0.007358729163520486,1.0
2024-11-19 13:00:00,3488.328,3488.328,3476.408,3485.9,64389.0,0.008245503313348041,1.0
2024-11-19 14:00:00,3486.651,3520.787,3485.306,3512.77,239865.0,0.0015580297030548418,0.0
2024-11-19 15:00:00,3513.12,3513.37,3510.625,3511.54,4201.0,0.0017325731730237538,0.0
2024-11-19 21:00:00,3498.957,3513.192,3498.957,3502.983,89887.0,0.00419699439020965,1.0
2024-11-19 22:00:00,3503.147,3506.388,3497.104,3500.251,40535.0,0.0022732655458136803,0.0
2024-11-19 23:00:00,3501.08,3501.649,3498.67,3499.499,1651.0,-0.005325333712054202,-1.0
2024-11-20 09:00:00,3502.391,3510.122,3493.437,3496.19,87052.0,-0.007244743563707973,-1.0
2024-11-20 10:00:00,3496.784,3511.183,3496.195,3508.709,54514.0,-0.011427849958488936,-1.0
2024-11-20 11:00:00,3508.884,3514.667,3504.896,3507.291,45530.0,-0.01135149606918847,-1.0
2024-11-20 13:00:00,3508.958,3512.767,3492.612,3498.997,58505.0,-0.00924207708666219,-1.0
2024-11-20 14:00:00,3498.064,3509.854,3497.66,3505.697,85907.0,-0.0050880038976557265,-1.0
2024-11-20 15:00:00,3506.097,3506.261,3503.867,3505.612,3352.0,0.0007830301813206627,0.0
2024-11-20 21:00:00,3508.768,3521.087,3498.644,3510.362,114955.0,-0.0007569019947230948,0.0
2024-11-20 22:00:00,3510.364,3514.175,3505.728,3506.554,34370.0,-0.0037449872438867506,-1.0
2024-11-20 23:00:00,3506.297,3506.541,3500.633,3502.209,5418.0,-0.0025766594740633374,0.0
2024-11-21 09:00:00,3502.209,3506.001,3495.062,3503.752,79377.0,-0.007923791409894285,-1.0
2024-11-21 10:00:00,3503.752,3517.899,3503.01,3515.555,83000.0,-0.0114098627386002,-1.0
2024-11-21 11:00:00,3515.386,3524.959,3510.594,3517.748,51253.0,-0.010482843000692547,-1.0
2024-11-21 13:00:00,3520.264,3523.975,3513.545,3517.768,49547.0,-0.010607294170621784,-1.0
2024-11-21 14:00:00,3517.585,3525.202,3500.788,3515.413,137560.0,-0.00743895525219934,-1.0
2024-11-21 15:00:00,3515.327,3515.567,3512.823,3514.643,5430.0,-0.00595935348198954,-1.0
2024-11-21 21:00:00,3520.555,3522.047,3513.504,3518.243,64804.0,-0.006535080152223634,-1.0
2024-11-21 22:00:00,3518.243,3528.558,3509.274,3517.624,91052.0,-0.00487090149487268,-1.0
2024-11-21 23:00:00,3517.375,3518.438,3516.033,3517.685,1618.0,-0.004657892903997875,-1.0
2024-11-22 09:00:00,3515.949,3518.435,3505.048,3508.208,76560.0,-0.0022387498118698404,0.0
2024-11-22 10:00:00,3507.803,3510.855,3477.127,3480.863,144660.0,0.0013324281938129638,0.0
2024-11-22 11:00:00,3480.11,3489.656,3468.967,3470.861,92264.0,0.005899400753876376,1.0
2024-11-22 13:00:00,3466.746,3475.225,3460.038,3468.612,95093.0,0.005978183780716862,1.0
2024-11-22 14:00:00,3468.612,3474.073,3460.769,3467.478,96874.0,0.0050890012856605665,1.0
2024-11-22 15:00:00,3466.899,3468.648,3465.663,3466.659,3984.0,0.00444491367625143,1.0
2024-11-22 21:00:00,3467.443,3491.067,3463.436,3487.86,126230.0,-0.0019238157494853682,0.0
2024-11-22 22:00:00,3488.676,3524.987,3488.096,3508.357,209118.0,-0.009264165533895197,-1.0
2024-11-22 23:00:00,3508.178,3508.936,3506.189,3507.705,3229.0,-0.005367612156666531,-1.0
2024-11-25 09:00:00,3509.811,3509.811,3490.965,3493.422,102904.0,-0.0018483309488518363,0.0
2024-11-25 10:00:00,3493.6,3501.39,3490.436,3493.185,64121.0,-0.0022987617317719346,0.0
2024-11-25 11:00:00,3493.185,3494.416,3473.585,3475.989,81538.0,0.0031513333327580087,1.0
2024-11-25 13:00:00,3474.461,3480.834,3472.238,3475.443,52825.0,0.00375952072872431,1.0
2024-11-25 14:00:00,3475.206,3488.615,3470.514,3480.872,100395.0,0.001863038916685281,0.0
2024-11-25 15:00:00,3480.87,3482.207,3479.638,3480.454,3192.0,0.0029869666428574346,0.0
2024-11-25 21:00:00,3488.616,3496.184,3480.516,3489.262,82497.0,0.0006700557309825797,0.0
2024-11-25 22:00:00,3488.703,3498.676,3483.171,3493.698,59056.0,-0.006387787381737061,-1.0
2024-11-25 23:00:00,3493.941,3496.682,3493.698,3495.251,2102.0,-0.0062599223918397015,-1.0
2024-11-26 09:00:00,3488.409,3509.006,3484.346,3500.49,116493.0,-0.009461818202594391,-1.0
2024-11-26 10:00:00,3501.049,3510.453,3500.113,3501.3,66658.0,-0.005042127209893467,-1.0
2024-11-26 11:00:00,3501.859,3508.505,3498.048,3500.354,43610.0,-0.0035722101250330414,-1.0
2024-11-26 13:00:00,3498.6,3498.6,3480.843,3485.501,77843.0,0.0007462341855588788,0.0
2024-11-26 14:00:00,3485.818,3492.732,3476.525,3491.337,125424.0,5.757106804643087e-05,0.0
2024-11-26 15:00:00,3491.287,3491.287,3488.546,3489.348,4021.0,0.0005568375524597176,0.0
2024-11-26 21:00:00,3491.853,3499.726,3480.869,3485.124,96311.0,0.001851584046937908,0.0
2024-11-26 22:00:00,3485.124,3486.582,3477.058,3482.068,66969.0,0.003986998530758104,1.0
2024-11-26 23:00:00,3482.068,3482.531,3480.117,3481.15,1476.0,0.009273946827916092,1.0
2024-11-27 09:00:00,3481.257,3483.576,3463.272,3475.855,112562.0,0.012829936806915075,1.0
2024-11-27 10:00:00,3475.603,3490.866,3470.876,3488.877,116314.0,0.00933194262795736,1.0
2024-11-27 11:00:00,3489.341,3492.404,3479.693,3486.965,50541.0,0.005001770880980969,1.0
2024-11-27 13:00:00,3485.95,3487.144,3478.01,3485.155,60107.0,0.005580813478883957,1.0
2024-11-27 14:00:00,3485.938,3492.762,3484.203,3486.943,84517.0,0.0015864899426230076,0.0
2024-11-27 15:00:00,3486.451,3489.783,3485.949,3488.509,3569.0,0.002349427792790534,0.0
2024-11-27 21:00:00,3495.797,3496.787,3483.374,3487.357,76361.0,0.002519099707887622,0.0
2024-11-27 22:00:00,3487.103,3494.585,3483.12,3490.85,46135.0,0.012778549636907967,1.0
2024-11-27 23:00:00,3490.606,3491.842,3490.357,3491.6,1202.0,0.01302697903539928,1.0
2024-11-28 09:00:00,3491.077,3491.831,3469.392,3471.381,117048.0,0.020239207393253654,1.0
2024-11-28 10:00:00,3470.635,3484.099,3468.639,3473.371,87222.0,0.020328666301411488,1.0
2024-11-28 11:00:00,3473.862,3474.869,3466.624,3467.369,48664.0,0.020367315967812955,1.0
2024-11-28 13:00:00,3471.591,3498.094,3470.342,3483.646,153919.0,0.015925843211394043,1.0
2024-11-28 14:00:00,3484.392,3492.091,3481.9,3487.85,116542.0,0.017989879151913097,1.0
2024-11-28 15:00:00,3488.11,3489.849,3487.115,3488.102,3305.0,0.01799517330628526,1.0
2024-11-28 21:00:00,3491.412,3496.531,3487.353,3491.538,79908.0,0.01740951981619563,1.0
2024-11-28 22:00:00,3491.538,3494.501,3484.828,3491.291,48510.0,0.016408543429923143,1.0
2024-11-28 23:00:00,3491.577,3492.779,3490.79,3491.577,1177.0,0.016054636629809275,1.0
2024-11-29 09:00:00,3491.038,3502.431,3488.007,3495.951,140627.0,0.016321453018077255,1.0
2024-11-29 10:00:00,3495.992,3517.443,3492.211,3513.434,137048.0,0.010885361728724629,1.0
2024-11-29 11:00:00,3514.161,3531.385,3514.159,3520.45,114457.0,0.011612719964777248,1.0
2024-11-29 13:00:00,3519.909,3524.684,3515.707,3521.435,57440.0,0.011729309216271232,1.0
2024-11-29 14:00:00,3520.71,3525.667,3500.29,3504.406,140160.0,0.012869228051772586,1.0
2024-11-29 15:00:00,3504.605,3505.351,3502.118,3504.605,5331.0,0.015192011653239149,1.0
2024-11-29 21:00:00,3504.702,3508.967,3486.125,3492.475,151944.0,0.018609438864988278,1.0
2024-11-29 22:00:00,3492.041,3500.133,3489.658,3496.705,58630.0,0.016182377409589895,1.0
2024-11-29 23:00:00,3497.19,3497.75,3494.588,3496.142,1954.0,0.009362605981107225,1.0
2024-12-02 09:00:00,3497.346,3540.533,3497.346,3535.458,284914.0,-0.0025238597092654557,0.0
2024-12-02 10:00:00,3535.329,3538.819,3528.685,3537.085,74068.0,-0.0005787251366591488,0.0
2024-12-02 11:00:00,3537.072,3542.328,3531.397,3541.639,38511.0,1.7506019105814605e-05,0.0
2024-12-02 13:00:00,3540.947,3548.489,3540.51,3543.98,70199.0,-0.0001591431102883907,0.0
2024-12-02 14:00:00,3543.42,3544.848,3530.763,3537.99,108306.0,0.0017591909530553112,0.0
2024-12-02 15:00:00,3537.877,3539.865,3537.009,3539.126,3941.0,0.0009725565012378782,0.0
2024-12-02 21:00:00,3542.522,3556.779,3541.192,3550.596,85628.0,-0.002193997852754851,0.0
2024-12-02 22:00:00,3550.333,3553.257,3544.307,3550.871,40859.0,-0.006149195507243163,-1.0
2024-12-02 23:00:00,3551.594,3552.587,3550.134,3552.324,2767.0,-0.013073131842703553,-1.0
2024-12-03 09:00:00,3552.245,3564.565,3548.249,3548.578,116821.0,-0.013569379058315767,-1.0
2024-12-03 10:00:00,3548.906,3551.352,3542.929,3547.633,58227.0,-0.016362741016333983,-1.0
2024-12-03 11:00:00,3547.633,3554.332,3543.98,3553.01,39397.0,-0.018267891168333442,-1.0
2024-12-03 13:00:00,3551.127,3553.267,3547.618,3551.679,42193.0,-0.01878801547099281,-1.0
2024-12-03 14:00:00,3551.68,3563.122,3551.041,3561.332,108258.0,-0.02272015077504702,-1.0
2024-12-03 15:00:00,3561.326,3563.068,3560.333,3562.739,4508.0,-0.02290400728203781,-1.0
2024-12-03 21:00:00,3544.895,3561.62,3544.895,3549.505,126781.0,-0.019670348400692535,-1.0
2024-12-03 22:00:00,3550.221,3559.562,3547.15,3557.847,42363.0,-0.022478201001898103,-1.0
2024-12-03 23:00:00,3558.196,3559.653,3556.939,3557.468,2366.0,-0.01952905830776263,-1.0
2024-12-04 09:00:00,3560.309,3561.185,3548.268,3553.29,58307.0,-0.018419267777186797,-1.0
2024-12-04 10:00:00,3552.907,3553.937,3521.329,3528.875,191601.0,-0.013076972122843663,-1.0
2024-12-04 11:00:00,3528.529,3535.597,3525.509,3526.535,42123.0,-0.0154894251723008,-1.0
2024-12-04 13:00:00,3526.841,3536.112,3525.192,3535.038,36742.0,-0.018236013304524634,-1.0
2024-12-04 14:00:00,3535.396,3548.545,3529.843,3541.701,111690.0,-0.020365920217432276,-1.0
2024-12-04 15:00:00,3541.583,3543.687,3540.702,3543.416,4426.0,-0.022929568529351407,-1.0
2024-12-04 21:00:00,3541.694,3551.619,3539.276,3544.214,87684.0,-0.023057298458840185,-1.0
2024-12-04 22:00:00,3543.674,3550.264,3538.497,3542.568,35523.0,-0.014630064969818625,-1.0
2024-12-04 23:00:00,3542.641,3543.893,3541.554,3542.806,2027.0,-0.015843373868058286,-1.0
2024-12-05 09:00:00,3542.075,3544.203,3523.535,3529.036,96212.0,-0.017310959706843425,-1.0
2024-12-05 10:00:00,3529.133,3529.489,3504.883,3505.884,146191.0,-0.009560784098960556,-1.0
2024-12-05 11:00:00,3505.881,3506.49,3486.819,3500.426,132725.0,-0.006413505099093601,-1.0
2024-12-05 13:00:00,3501.548,3504.13,3488.506,3489.584,65487.0,-0.0034006918876289365,-1.0
2024-12-05 14:00:00,3489.228,3490.799,3474.374,3488.104,161049.0,0.016537064261845404,1.0
2024-12-05 15:00:00,3488.376,3488.646,3484.314,3484.95,3421.0,0.020899582490423188,1.0
2024-12-05 21:00:00,3488.293,3493.949,3466.476,3480.418,204536.0,0.023161011119928604,1.0
2024-12-05 22:00:00,3480.418,3482.77,3474.975,3481.138,47570.0,0.02293962491576037,1.0
2024-12-05 23:00:00,3481.471,3482.923,3479.149,3479.685,2498.0,0.02144734365323301,1.0
2024-12-06 09:00:00,3480.672,3489.656,3472.896,3477.873,104728.0,0.019679844548665223,1.0
2024-12-06 10:00:00,3477.986,3494.304,3473.293,3487.994,111541.0,0.016809375245484898,1.0
2024-12-06 11:00:00,3488.039,3496.289,3486.729,3487.841,56607.0,0.014027588986997954,1.0
2024-12-06 13:00:00,3488.313,3488.843,3476.692,3482.728,49631.0,0.015695167696127808,1.0
2024-12-06 14:00:00,3482.997,3488.089,3467.553,3471.911,105435.0,0.02113619847974208,1.0
2024-12-06 15:00:00,3471.579,3472.525,3468.826,3470.573,4024.0,0.02094034616185863,1.0
2024-12-06 21:00:00,3464.323,3478.955,3453.186,3469.571,144101.0,0.021459713607244277,1.0
2024-12-06 22:00:00,3468.845,3469.571,3454.489,3462.167,88948.0,0.027364364572823967,1.0
2024-12-06 23:00:00,3462.187,3464.779,3461.196,3462.494,3132.0,0.02612509942255498,1.0
2024-12-09 09:00:00,3468.37,3502.419,3468.37,3490.74,220110.0,0.017112703896595086,1.0
2024-12-09 10:00:00,3490.782,3495.713,3479.557,3486.676,63553.0,0.016576533064729854,1.0
2024-12-09 11:00:00,3487.244,3489.387,3466.189,3467.945,55768.0,0.023789304616999404,1.0
2024-12-09 13:00:00,3468.837,3473.091,3463.319,3472.365,52135.0,0.02241671022487567,1.0
2024-12-09 14:00:00,3471.982,3485.498,3470.649,3477.976,77327.0,0.0198020342866081,1.0
2024-12-09 15:00:00,3478.109,3480.401,3476.648,3477.717,3276.0,0.01988747215486482,1.0
2024-12-09 21:00:00,3514.327,3556.653,3514.327,3545.787,416730.0,0.00044757341600045044,0.0
2024-12-09 22:00:00,3546.254,3560.167,3545.803,3557.784,104379.0,-0.0027207947418955987,0.0
2024-12-09 23:00:00,3557.323,3561.028,3557.323,3561.028,5224.0,-0.005097404457364444,-1.0
2024-12-10 09:00:00,3560.275,3595.306,3554.294,3560.994,336896.0,-0.0009438375914141757,0.0
2024-12-10 10:00:00,3560.999,3568.675,3552.866,3554.315,86601.0,-0.0002883818682362399,0.0
2024-12-10 11:00:00,3554.306,3556.226,3541.309,3546.317,70762.0,0.001827529800635354,0.0
2024-12-10 13:00:00,3544.302,3552.058,3540.328,3546.625,44687.0,0.001613082860465937,0.0
2024-12-10 14:00:00,3546.63,3549.579,3527.801,3536.767,125054.0,-0.003646267905123445,-1.0
2024-12-10 15:00:00,3537.046,3538.495,3535.049,3537.39,4462.0,-0.006303517565210445,-1.0
2024-12-10 21:00:00,3534.69,3546.749,3534.398,3545.294,87515.0,-0.008443869535220406,-1.0
2024-12-10 22:00:00,3545.537,3546.504,3540.578,3543.248,28313.0,-0.015957957218913302,-1.0
2024-12-10 23:00:00,3543.262,3545.238,3542.525,3544.027,1275.0,-0.01651144305616177,-1.0
2024-12-11 09:00:00,3544.975,3560.889,3543.059,3556.907,110871.0,-0.019467475534221203,-1.0
2024-12-11 10:00:00,3557.137,3561.879,3548.034,3552.952,63101.0,-0.01872752573071632,-1.0
2024-12-11 11:00:00,3552.708,3553.995,3542.554,3550.476,29626.0,-0.0187287563695685,-1.0
2024-12-11 13:00:00,3549.674,3549.687,3537.567,3544.473,46492.0,-0.016939330614170335,-1.0
2024-12-11 14:00:00,3544.445,3551.169,3536.505,3550.445,72464.0,-0.01918548238319427,-1.0
2024-12-11 15:00:00,3550.007,3550.973,3547.985,3550.204,4191.0,-0.018778075851415908,-1.0
2024-12-11 21:00:00,3549.676,3555.606,3546.361,3546.847,63432.0,-0.017579557280029363,-1.0
2024-12-11 22:00:00,3547.073,3551.828,3544.909,3546.88,34450.0,-0.02083577679538074,-1.0
2024-12-11 23:00:00,3547.372,3547.867,3546.146,3547.374,1419.0,-0.021877027908531712,-1.0
2024-12-12 09:00:00,3547.374,3552.582,3535.939,3548.104,77703.0,-0.0202231952614692,-1.0
2024-12-12 10:00:00,3548.097,3551.352,3538.37,3542.876,52676.0,-0.018032807244735737,-1.0
2024-12-12 11:00:00,3543.368,3559.567,3542.388,3557.633,58929.0,-0.01997676545051154,-1.0
2024-12-12 13:00:00,3558.598,3558.598,3549.163,3553.29,51982.0,-0.01862611832977318,-1.0
2024-12-12 14:00:00,3553.332,3558.814,3549.379,3552.798,59642.0,-0.01820424352862165,-1.0
2024-12-12 15:00:00,3553.107,3553.826,3552.098,3552.346,2003.0,-0.019181690071856702,-1.0
2024-12-12 21:00:00,3539.347,3539.347,3500.59,3523.871,240463.0,-0.011219763720068146,-1.0
2024-12-12 22:00:00,3523.585,3524.088,3508.634,3515.092,60377.0,-0.00691247910438766,-1.0
2024-12-12 23:00:00,3515.61,3516.38,3513.613,3515.358,1703.0,-0.008242403760868839,-1.0
2024-12-13 09:00:00,3514.396,3520.091,3486.145,3486.705,186309.0,7.485577357418172e-05,0.0
2024-12-13 10:00:00,3486.174,3495.881,3475.518,3485.51,161974.0,0.002543673666120592,0.0
2024-12-13 11:00:00,3485.51,3489.401,3480.732,3487.663,45115.0,0.0004624873446774614,0.0
2024-12-13 13:00:00,3487.145,3489.118,3480.457,3486.414,56930.0,0.0009175617124069644,0.0
2024-12-13 14:00:00,3486.407,3490.11,3477.114,3483.98,99323.0,-0.000797076906296834,0.0
2024-12-13 15:00:00,3484.182,3485.673,3482.912,3484.432,4746.0,-0.00040781395647836486,0.0
2024-12-13 21:00:00,3488.092,3491.565,3481.604,3482.328,80418.0,0.000596727246830274,0.0
2024-12-13 22:00:00,3481.792,3485.837,3478.939,3483.538,53319.0,-0.0005881951050914267,0.0
2024-12-13 23:00:00,3484.065,3485.294,3483.53,3484.495,1816.0,-0.003105184538935975,-1.0
2024-12-16 09:00:00,3485.754,3501.549,3467.95,3472.978,168678.0,0.0007506526099502993,0.0
2024-12-16 10:00:00,3473.25,3474.077,3464.72,3469.768,61757.0,0.0009069770659017936,0.0
2024-12-16 11:00:00,3470.212,3477.797,3468.69,3476.35,32915.0,-0.008056726163936259,-1.0
2024-12-16 13:00:00,3476.567,3480.162,3473.02,3478.988,28491.0,-0.008781576711388465,-1.0
2024-12-16 14:00:00,3478.521,3494.846,3474.478,3486.563,97997.0,-0.0144566439786116,-1.0
2024-12-16 15:00:00,3486.834,3489.275,3486.359,3487.106,4480.0,-0.01148201402538386,-1.0
2024-12-16 21:00:00,3492.906,3496.731,3486.747,3488.122,69892.0,-0.011845055878206098,-1.0
2024-12-16 22:00:00,3487.861,3491.293,3483.032,3484.206,39609.0,-0.02153661408079775,-1.0
2024-12-16 23:00:00,3484.028,3485.58,3483.042,3484.334,1790.0,-0.02065789330184759,-1.0
2024-12-17 09:00:00,3484.282,3492.346,3476.212,3490.794,94799.0,-0.021640348871918513,-1.0
2024-12-17 10:00:00,3491.351,3494.523,3481.599,3486.383,68643.0,-0.023562815674583053,-1.0
2024-12-17 11:00:00,3486.393,3493.339,3485.704,3486.966,39836.0,-0.01985422284014234,-1.0
2024-12-17 13:00:00,3489.92,3500.927,3489.746,3494.376,57637.0,-0.022148446532370865,-1.0
2024-12-17 14:00:00,3494.096,3494.654,3482.19,3489.276,78060.0,-0.020657580541063512,-1.0
2024-12-17 15:00:00,3488.429,3490.17,3487.909,3489.613,1781.0,-0.02139778823611662,-1.0
2024-12-17 21:00:00,3485.959,3492.904,3478.807,3481.203,78506.0,-0.01946597196428932,-1.0
2024-12-17 22:00:00,3481.939,3488.465,3477.943,3483.011,44082.0,-0.01977197315770751,-1.0
2024-12-17 23:00:00,3483.001,3484.406,3482.415,3484.406,996.0,-0.02178678374448895,-1.0
2024-12-18 09:00:00,3484.499,3488.755,3474.232,3481.489,69336.0,-0.017626940656713243,-1.0
2024-12-18 10:00:00,3481.65,3488.459,3471.356,3473.675,62414.0,-0.017106954450258005,-1.0
2024-12-18 11:00:00,3474.085,3477.307,3462.817,3475.585,84112.0,-0.019129729239825838,-1.0
2024-12-18 13:00:00,3478.971,3484.602,3471.505,3472.915,43388.0,-0.019015725982351992,-1.0
2024-12-18 14:00:00,3472.49,3473.066,3442.608,3448.342,176429.0,-0.01787177721931298,-1.0
2024-12-18 15:00:00,3448.882,3449.618,3446.74,3448.437,5169.0,-0.011390667714097647,-1.0
2024-12-18 21:00:00,3449.79,3452.256,3431.727,3436.159,149025.0,-0.007788929441274435,-1.0
2024-12-18 22:00:00,3435.908,3449.023,3431.475,3447.067,87299.0,-0.008627624586351175,-1.0
2024-12-18 23:00:00,3445.83,3447.801,3445.218,3446.805,1885.0,-0.0061488828059608714,-1.0
2024-12-19 09:00:00,3435.563,3439.757,3407.923,3409.168,204132.0,0.004397260563281125,1.0
2024-12-19 10:00:00,3410.021,3413.461,3399.142,3412.355,104331.0,0.0010637814647069573,0.0
2024-12-19 11:00:00,3413.209,3419.458,3405.69,3415.252,45473.0,-6.793056559222304e-05,0.0
2024-12-19 13:00:00,3420.644,3425.941,3404.093,3404.234,64621.0,0.002519215776588807,0.0
2024-12-19 14:00:00,3404.082,3431.34,3401.864,3417.735,135441.0,-0.0023890090952048545,0.0
2024-12-19 15:00:00,3417.364,3419.103,3416.378,3416.981,2697.0,-0.002731651127120779,0.0
2024-12-19 21:00:00,3415.126,3421.529,3407.252,3417.196,68534.0,-0.0028596545237674206,0.0
2024-12-19 22:00:00,3417.721,3423.814,3412.957,3414.943,41029.0,-0.0018744090311317916,0.0
2024-12-19 23:00:00,3414.326,3415.583,3412.696,3413.438,2914.0,0.00012655861919852915,0.0
2024-12-20 09:00:00,3413.052,3418.124,3406.286,3414.145,87483.0,-0.0018309122781839096,0.0
2024-12-20 10:00:00,3414.145,3414.995,3403.633,3408.492,54091.0,0.002100635706347515,0.0
2024-12-20 11:00:00,3408.492,3420.863,3405.279,3420.121,39795.0,0.0011476202157759117,0.0
2024-12-20 13:00:00,3417.453,3419.852,3412.627,3414.251,37607.0,0.003397231193605773,1.0
2024-12-20 14:00:00,3413.622,3414.712,3407.236,3409.098,65854.0,0.002429968278999344,0.0
2024-12-20 15:00:00,3409.212,3410.094,3406.246,3406.875,6213.0,0.003925885158686479,1.0
2024-12-20 21:00:00,3406.376,3411.23,3382.75,3386.714,167447.0,0.00961669630207923,1.0
2024-12-20 22:00:00,3386.681,3415.572,3383.065,3409.157,125255.0,0.0023809405081666036,0.0
2024-12-20 23:00:00,3409.136,3409.395,3407.105,3409.395,4020.0,0.0013647582635628293,0.0
2024-12-23 09:00:00,3412.677,3425.581,3410.957,3417.327,116366.0,0.0012793624958922114,0.0
2024-12-23 10:00:00,3417.947,3425.954,3413.468,3425.611,55052.0,-0.002026499798138203,0.0
2024-12-23 11:00:00,3424.988,3432.509,3417.905,3424.159,55178.0,-0.001965446113921701,0.0
2024-12-23 13:00:00,3425.786,3426.139,3414.884,3415.985,31415.0,0.0010895832388022057,0.0
2024-12-23 14:00:00,3415.985,3419.378,3407.846,3415.02,69627.0,0.00013440624066618427,0.0
2024-12-23 15:00:00,3414.999,3415.652,3412.705,3412.81,3208.0,0.0004890398234885238,0.0
2024-12-23 21:00:00,3410.697,3413.374,3404.77,3409.57,95546.0,0.0010508656516803082,0.0
2024-12-23 22:00:00,3409.569,3413.18,3405.039,3407.647,41610.0,0.007674210386228339,1.0
2024-12-23 23:00:00,3408.548,3408.642,3406.534,3407.424,1234.0,0.009533888356717531,1.0
2024-12-24 09:00:00,3408.22,3414.402,3398.773,3408.542,76659.0,0.00836339995223766,1.0
2024-12-24 10:00:00,3408.544,3419.182,3408.439,3413.87,78739.0,0.002970821970373881,0.0
2024-12-24 11:00:00,3414.102,3415.402,3406.815,3407.894,31939.0,0.004613112966541801,1.0
2024-12-24 13:00:00,3410.449,3417.872,3406.792,3415.652,43091.0,0.0023260566357463123,0.0
2024-12-24 14:00:00,3416.0,3427.341,3412.615,3424.046,89913.0,-5.461375226848534e-05,0.0
2024-12-24 15:00:00,3424.787,3426.038,3423.941,3425.85,5053.0,0.0004270473021294548,0.0
2024-12-24 21:00:00,3421.438,3426.218,3415.725,3417.382,65105.0,0.0028902241540453926,0.0
2024-12-24 22:00:00,3417.311,3426.041,3414.406,3420.25,42525.0,-0.0024413420071631923,0.0
2024-12-24 23:00:00,3419.435,3420.207,3417.678,3419.283,1421.0,-0.0030687720203329,-1.0
2024-12-25 09:00:00,3417.944,3422.382,3411.292,3417.274,56014.0,-0.0033675965111371847,-1.0
2024-12-25 10:00:00,3418.175,3422.741,3411.473,3414.048,36790.0,-0.005830322245029873,-1.0
2024-12-25 11:00:00,3414.048,3422.388,3410.481,3421.699,35740.0,-0.007082446468844841,-1.0
2024-12-25 13:00:00,3421.699,3424.121,3416.867,3418.669,31024.0,-0.006532366836333053,-1.0
2024-12-25 14:00:00,3418.669,3421.263,3408.235,3417.429,89539.0,-0.003234595363941749,-1.0
2024-12-25 15:00:00,3417.508,3419.79,3417.189,3419.707,3782.0,-0.003983967047469212,-1.0
2024-12-25 21:00:00,3422.12,3422.12,3411.588,3415.479,145838.0,-0.0024397749188326528,0.0
2024-12-25 22:00:00,3415.479,3419.154,3411.602,3414.479,32004.0,0.0028209281708864112,0.0
2024-12-25 23:00:00,3415.174,3415.534,3412.827,3413.153,1850.0,0.003483289498009648,1.0
2024-12-26 09:00:00,3415.023,3439.046,3413.51,3433.798,159837.0,-0.0034332246684283005,-1.0
2024-12-26 10:00:00,3432.885,3443.4,3432.813,3439.91,68836.0,-0.0024977397664472743,0.0
2024-12-26 11:00:00,3440.198,3445.177,3435.441,3437.049,35023.0,-0.0024567586903765292,0.0
2024-12-26 13:00:00,3436.197,3436.197,3421.103,3424.012,66340.0,0.001829724895823926,0.0
2024-12-26 14:00:00,3424.008,3432.616,3423.226,3423.615,73731.0,0.0023329141857364455,0.0
2024-12-26 15:00:00,3423.372,3425.148,3423.15,3423.597,4878.0,0.0025204485224166,0.0
2024-12-26 21:00:00,3419.134,3433.823,3419.134,3423.859,105334.0,0.002172110475343727,0.0
2024-12-26 22:00:00,3424.539,3429.728,3421.626,3427.313,31361.0,-0.0009333842575802295,0.0
2024-12-26 23:00:00,3426.556,3428.124,3426.317,3427.259,1040.0,-0.003908954648598175,-1.0
2024-12-27 09:00:00,3428.394,3428.394,3411.9,3411.9,99418.0,0.0002813681526422335,0.0
2024-12-27 10:00:00,3411.767,3415.49,3405.893,3408.79,61110.0,0.0009498971775908252,0.0
2024-12-27 11:00:00,3408.725,3416.424,3404.402,3405.766,51348.0,0.0013253993374765394,0.0
2024-12-27 13:00:00,3406.512,3406.6,3393.171,3394.143,73882.0,0.005982953576204594,1.0
2024-12-27 14:00:00,3394.143,3400.126,3387.617,3397.465,87764.0,0.006565777719564378,1.0
2024-12-27 15:00:00,3398.086,3399.094,3395.216,3396.337,3234.0,0.011165558659226109,1.0
2024-12-27 21:00:00,3391.212,3406.586,3390.518,3406.375,97099.0,0.005714579281494226,1.0
2024-12-27 22:00:00,3406.465,3413.501,3403.261,3406.083,55546.0,0.004749150270266441,1.0
2024-12-27 23:00:00,3406.093,3408.997,3406.076,3407.146,2695.0,0.004309178415013559,1.0
2024-12-30 09:00:00,3406.228,3428.739,3404.617,3424.111,156278.0,-0.0008784761942588342,0.0
2024-12-30 10:00:00,3424.313,3430.828,3419.369,3425.042,59170.0,-0.005473217554704466,-1.0
2024-12-30 11:00:00,3424.943,3428.154,3420.399,3422.009,31237.0,-0.003940083149985922,-1.0
2024-12-30 13:00:00,3422.176,3432.431,3421.216,3431.318,47704.0,-0.0070978556927687895,-1.0
2024-12-30 14:00:00,3431.318,3437.003,3426.431,3428.605,93493.0,-0.010221649913011216,-1.0
2024-12-30 15:00:00,3427.927,3431.351,3427.861,3430.277,1884.0,-0.016117648807953414,-1.0
2024-12-30 21:00:00,3432.247,3437.917,3428.458,3431.602,74341.0,-0.01656660650040416,-1.0
2024-12-30 22:00:00,3432.362,3441.139,3430.577,3432.226,51595.0,-0.018878418845379084,-1.0
2024-12-30 23:00:00,3432.418,3433.365,3431.093,3431.296,823.0,-0.016376319618010223,-1.0
2024-12-31 09:00:00,3432.556,3436.26,3423.336,3424.114,69615.0,-0.014539527597504013,-1.0
2024-12-31 10:00:00,3424.137,3427.103,3413.084,3413.862,68806.0,-0.011438950959353345,-1.0
2024-12-31 11:00:00,3413.236,3419.464,3410.714,3412.86,52790.0,-0.008745744038724107,-1.0
2024-12-31 13:00:00,3412.735,3416.244,3409.994,3412.028,41639.0,-0.007936628890501464,-1.0
2024-12-31 14:00:00,3412.196,3422.777,3406.217,3410.28,129432.0,-0.012404553291811915,-1.0
2024-12-31 15:00:00,3411.055,3414.45,3410.277,3414.45,4097.0,-0.014114718329452757,-1.0
2025-01-02 09:00:00,3412.253,3424.298,3382.372,3419.772,172648.0,-0.018360873181019075,-1.0
2025-01-02 10:00:00,3419.005,3437.249,3417.893,3434.259,120139.0,-0.021675127007019592,-1.0
2025-01-02 11:00:00,3434.309,3436.406,3425.841,3425.841,37241.0,-0.02035208289001152,-1.0
2025-01-02 13:00:00,3421.252,3427.301,3415.631,3422.259,69972.0,-0.019612776239320253,-1.0
2025-01-02 14:00:00,3423.12,3424.034,3413.37,3421.828,71806.0,-0.015614753283917263,-1.0
2025-01-02 15:00:00,3421.674,3421.894,3420.035,3421.103,3549.0,-0.017395266965069444,-1.0
2025-01-02 21:00:00,3418.287,3422.229,3403.737,3406.296,103686.0,-0.013084593940162485,-1.0
2025-01-02 22:00:00,3404.818,3408.68,3400.78,3408.526,45748.0,-0.017267287971398714,-1.0
2025-01-02 23:00:00,3408.518,3408.715,3406.657,3406.963,1531.0,-0.020441372565537116,-1.0
2025-01-03 09:00:00,3406.697,3412.5,3389.085,3393.559,115112.0,-0.01565907650345856,-1.0
2025-01-03 10:00:00,3392.77,3404.118,3374.187,3374.989,111015.0,-0.009323289646277334,-1.0
2025-01-03 11:00:00,3374.989,3380.533,3372.799,3374.752,69335.0,-0.009520995913181134,-1.0
2025-01-03 13:00:00,3373.702,3376.472,3364.001,3367.431,61238.0,-0.007896821048449128,-1.0
2025-01-03 14:00:00,3367.488,3385.731,3362.576,3375.104,97832.0,-0.0074951764449332605,-1.0
2025-01-03 15:00:00,3374.518,3375.329,3372.512,3374.329,3290.0,-0.0075535017480513255,-1.0
2025-01-03 21:00:00,3373.058,3377.47,3361.345,3374.811,101705.0,-0.007963112600972395,-1.0
2025-01-03 22:00:00,3374.811,3394.408,3373.989,3383.012,94596.0,-0.014811061858485935,-1.0
2025-01-03 23:00:00,3383.055,3386.69,3382.971,3384.948,6409.0,-0.016617685116580818,-1.0
2025-01-06 09:00:00,3384.86,3387.969,3365.339,3367.977,115589.0,-0.014094514303393342,-1.0
2025-01-06 10:00:00,3367.954,3376.635,3362.152,3366.256,62076.0,-0.01052920514660797,-1.0
2025-01-06 11:00:00,3366.449,3369.101,3355.274,3356.982,52886.0,-0.01158034210490256,-1.0
2025-01-06 13:00:00,3353.668,3359.821,3352.203,3359.821,54056.0,-0.012104811536090785,-1.0
2025-01-06 14:00:00,3359.898,3363.04,3351.095,3356.118,76837.0,-0.0143245857267235,-1.0
2025-01-06 15:00:00,3356.03,3356.084,3352.377,3355.139,3577.0,-0.013416433715562939,-1.0
2025-01-06 21:00:00,3372.279,3378.968,3365.549,3368.397,90742.0,-0.01729309223348673,-1.0
2025-01-06 22:00:00,3369.268,3369.268,3357.58,3361.592,41234.0,-0.019767419722560107,-1.0
2025-01-06 23:00:00,3361.568,3362.597,3359.733,3361.726,1321.0,-0.01779026607165487,-1.0
2025-01-07 09:00:00,3358.048,3361.747,3342.909,3349.67,86120.0,-0.01327474049682503,-1.0
2025-01-07 10:00:00,3349.653,3352.511,3333.535,3337.32,70245.0,-0.010257931513909477,-1.0
2025-01-07 11:00:00,3336.512,3342.329,3334.462,3340.419,28646.0,-0.0088614631877018,-1.0
2025-01-07 13:00:00,3341.43,3354.652,3338.756,3343.523,59435.0,-0.009555788908884512,-1.0
2025-01-07 14:00:00,3343.453,3347.145,3335.745,3342.621,69278.0,-0.015214707261158226,-1.0
2025-01-07 15:00:00,3343.521,3343.752,3340.745,3340.839,3383.0,-0.013146098929041438,-1.0
2025-01-07 21:00:00,3338.769,3350.686,3338.769,3349.807,61185.0,-0.016143019582919128,-1.0
2025-01-07 22:00:00,3348.89,3351.764,3345.348,3348.841,25142.0,-0.009720377885961048,-1.0
2025-01-07 23:00:00,3347.921,3348.928,3347.732,3347.937,916.0,-0.009556332750586313,-1.0
2025-01-08 09:00:00,3347.187,3347.953,3330.066,3332.906,83634.0,-0.005956063567349368,-1.0
2025-01-08 10:00:00,3332.07,3334.799,3327.809,3328.698,45613.0,-0.003806893866610917,-1.0
2025-01-08 11:00:00,3328.793,3329.604,3319.697,3320.507,60677.0,-0.002811919986917657,0.0
2025-01-08 13:00:00,3321.757,3333.604,3321.603,3330.812,40652.0,-0.005858931695934767,-1.0
2025-01-08 14:00:00,3330.732,3334.712,3309.026,3318.107,123217.0,0.001558117324124892,0.0
2025-01-08 15:00:00,3318.089,3320.168,3317.089,3319.151,4328.0,0.007877918178473995,1.0
2025-01-08 21:00:00,3314.761,3317.234,3302.565,3308.043,84511.0,0.011935153200850162,1.0
2025-01-08 22:00:00,3308.118,3314.04,3307.309,3310.125,42656.0,0.014627846380423722,1.0
2025-01-08 23:00:00,3310.073,3310.956,3308.326,3310.147,1005.0,0.01581621601699268,1.0
2025-01-09 09:00:00,3311.061,3311.91,3294.071,3295.142,77142.0,0.017399857123001083,1.0
2025-01-09 10:00:00,3295.094,3306.947,3290.37,3301.92,78479.0,0.016885933032902027,1.0
2025-01-09 11:00:00,3301.035,3315.926,3300.962,3305.204,59317.0,0.014843259296551723,1.0
2025-01-09 13:00:00,3305.572,3306.66,3301.212,3303.086,31609.0,0.01635561411358964,1.0
2025-01-09 14:00:00,3303.107,3324.369,3297.371,3310.818,120818.0,0.011939043462974948,1.0
2025-01-09 15:00:00,3310.749,3311.777,3309.711,3311.573,2577.0,0.012288118063530598,1.0
2025-01-09 21:00:00,3307.484,3308.88,3290.723,3291.764,96193.0,0.017880990253250132,1.0
2025-01-09 22:00:00,3290.863,3300.385,3287.091,3296.92,57870.0,0.024955109617461172,1.0
2025-01-09 23:00:00,3297.552,3297.697,3294.879,3295.731,1053.0,0.027385730206743165,1.0
2025-01-10 09:00:00,3297.275,3323.435,3296.963,3316.289,125955.0,0.02192058653512999,1.0
2025-01-10 10:00:00,3316.289,3319.934,3311.092,3315.943,42021.0,0.027621705198189364,1.0
2025-01-10 11:00:00,3315.057,3320.045,3312.075,3313.055,22870.0,0.028583588259174713,1.0
2025-01-10 13:00:00,3314.62,3319.021,3307.243,3316.026,30803.0,0.028133977236607953,1.0
2025-01-10 14:00:00,3315.222,3321.962,3310.223,3311.17,61062.0,0.02785933672991717,1.0
2025-01-10 15:00:00,3311.981,3313.012,3311.098,3311.297,2029.0,0.027914741565012197,1.0
2025-01-10 21:00:00,3316.735,3333.613,3312.62,3323.277,99140.0,0.024341335374691915,1.0
2025-01-10 22:00:00,3322.377,3353.09,3322.377,3345.299,156152.0,0.018811173530378027,1.0
2025-01-10 23:00:00,3346.212,3348.409,3345.339,3347.525,4286.0,0.02269587232358232,1.0
2025-01-13 09:00:00,3347.735,3363.102,3335.595,3358.545,137729.0,0.01857143495174251,1.0
2025-01-13 10:00:00,3359.269,3364.486,3353.473,3362.501,63218.0,0.01673278312779674,1.0
2025-01-13 11:00:00,3361.561,3363.402,3351.51,3352.477,30680.0,0.02007083120928205,1.0
2025-01-13 13:00:00,3352.746,3358.521,3351.548,3357.676,23536.0,0.017933832805785876,1.0
2025-01-13 14:00:00,3358.499,3358.652,3345.933,3354.264,56574.0,0.023568508620669046,1.0
2025-01-13 15:00:00,3354.218,3357.948,3353.217,3357.11,4314.0,0.023026353023880564,1.0
2025-01-13 21:00:00,3356.846,3359.019,3348.388,3350.346,52825.0,0.025152029074012067,1.0
2025-01-13 22:00:00,3351.136,3356.017,3350.346,3352.266,16466.0,0.023458758940967057,1.0
2025-01-13 23:00:00,3352.46,3353.251,3350.324,3350.624,1364.0,0.02302974013198742,1.0
2025-01-14 09:00:00,3352.221,3383.114,3350.624,3379.195,123124.0,0.014660000384706938,1.0
2025-01-14 10:00:00,3379.21,3386.96,3376.294,3385.987,80842.0,0.013889598512929832,1.0
2025-01-14 11:00:00,3385.898,3394.889,3384.864,3388.984,72844.0,0.01729751453532979,1.0
2025-01-14 13:00:00,3389.034,3411.096,3387.21,3407.535,106416.0,0.012201195292198033,1.0
2025-01-14 14:00:00,3407.657,3416.419,3402.405,3407.754,123226.0,0.011691865081810571,1.0
2025-01-14 15:00:00,3407.677,3410.473,3406.705,3409.319,5265.0,0.010092631402341672,1.0
2025-01-14 21:00:00,3400.567,3408.735,3395.76,3403.417,80663.0,0.011367399293122207,1.0
2025-01-14 22:00:00,3402.597,3407.259,3399.668,3403.731,24445.0,0.015543531495291474,1.0
2025-01-14 23:00:00,3403.472,3405.205,3403.316,3404.17,1147.0,0.016761795092489488,1.0
2025-01-15 09:00:00,3405.096,3410.28,3391.563,3408.228,84789.0,0.019628968484502823,1.0
2025-01-15 10:00:00,3407.44,3425.361,3404.32,3423.5,92077.0,0.014555279684533351,1.0
2025-01-15 11:00:00,3423.409,3428.036,3419.31,3420.918,58875.0,0.018992855134206652,1.0
2025-01-15 13:00:00,3418.421,3421.527,3410.728,3418.765,50078.0,0.019778779764037642,1.0
2025-01-15 14:00:00,3419.6,3421.71,3411.816,3419.764,72107.0,0.017078371489962465,1.0
2025-01-15 15:00:00,3419.764,3420.741,3417.859,3417.892,3063.0,0.024257056688742756,1.0
2025-01-15 21:00:00,3416.806,3437.244,3412.53,3433.319,112276.0,0.019866490704767044,1.0
2025-01-15 22:00:00,3433.402,3439.275,3429.315,3434.412,43462.0,0.012969905765528518,1.0
2025-01-15 23:00:00,3433.374,3434.614,3432.581,3434.614,1373.0,0.011125849949950764,1.0
2025-01-16 09:00:00,3435.557,3440.257,3428.316,3430.906,74636.0,0.012579767559938936,1.0
2025-01-16 10:00:00,3430.19,3430.983,3422.224,3427.788,74129.0,0.013985403998146866,1.0
2025-01-16 11:00:00,3427.829,3433.962,3425.828,3428.734,38096.0,0.01304154827991903,1.0
2025-01-16 13:00:00,3425.921,3434.913,3420.386,3433.017,44477.0,0.012203260280971587,1.0
2025-01-16 14:00:00,3433.88,3451.6,3432.224,3447.605,132173.0,0.012175698782198036,1.0
2025-01-16 15:00:00,3447.733,3451.398,3446.811,3449.111,4935.0,0.009998808388596389,1.0
2025-01-16 21:00:00,3448.529,3454.733,3444.152,3447.597,73689.0,0.01047889297966089,1.0
2025-01-16 22:00:00,3446.9,3449.489,3442.803,3443.728,31405.0,0.012072091640222417,1.0
2025-01-16 23:00:00,3443.728,3444.705,3441.92,3442.105,2433.0,0.007983777368790251,1.0
2025-01-17 09:00:00,3442.88,3458.632,3438.306,3456.637,86371.0,0.0050676423355995506,1.0
2025-01-17 10:00:00,3456.637,3462.153,3451.857,3461.23,57830.0,0.0037787145032257834,1.0
2025-01-17 11:00:00,3461.89,3477.012,3460.233,3475.128,79067.0,-0.0008779532725125321,0.0
2025-01-17 13:00:00,3474.584,3480.444,3470.14,3473.33,87891.0,-0.0006875246521349599,0.0
2025-01-17 14:00:00,3473.461,3490.845,3472.539,3485.891,122278.0,-0.01238707693384569,-1.0
2025-01-17 15:00:00,3484.955,3486.683,3484.69,3486.384,4701.0,-0.015621342915754543,-1.0
2025-01-17 21:00:00,3479.727,3489.086,3474.181,3478.168,92725.0,-0.013825381637689723,-1.0
2025-01-17 22:00:00,3478.999,3502.572,3477.205,3500.8,97477.0,-0.01893624314442424,-1.0
2025-01-17 23:00:00,3500.597,3501.874,3499.637,3501.527,3427.0,-0.018274312892632222,-1.0
2025-01-20 09:00:00,3501.651,3501.651,3475.848,3478.956,150064.0,-0.010512636549585657,-1.0
2025-01-20 10:00:00,3479.028,3482.886,3467.797,3472.827,81991.0,-0.00594558842119119,-1.0
2025-01-20 11:00:00,3472.106,3475.136,3461.924,3474.066,58526.0,-0.005467944477738662,-1.0
2025-01-20 13:00:00,3473.144,3476.796,3471.866,3475.727,30879.0,-0.006401826150327615,-1.0
2025-01-20 14:00:00,3475.764,3478.719,3467.927,3473.45,64642.0,6.6216585815653725e-06,0.0
2025-01-20 15:00:00,3473.451,3475.368,3473.153,3474.911,2383.0,-0.0015672343838446258,0.0
2025-01-20 21:00:00,3471.83,3497.536,3469.229,3489.582,114116.0,-0.005745387269879309,-1.0
2025-01-20 22:00:00,3489.748,3491.432,3479.489,3483.598,40037.0,-0.004630844316709351,-1.0
2025-01-20 23:00:00,3484.498,3484.614,3482.717,3483.724,1563.0,-0.00837925162842988,-1.0
2025-01-21 09:00:00,3482.18,3495.428,3477.74,3485.301,86851.0,-0.0065954131364837874,-1.0
2025-01-21 10:00:00,3485.301,3491.221,3458.548,3469.586,117096.0,-0.003716293528968522,-1.0
2025-01-21 11:00:00,3470.282,3478.947,3468.578,3474.154,41428.0,-0.004677397720423447,-1.0
2025-01-21 13:00:00,3473.119,3476.159,3466.256,3474.309,36002.0,-0.004047423530837456,-1.0
2025-01-21 14:00:00,3475.103,3479.988,3467.038,3472.077,67316.0,-0.004420984903272699,-1.0
2025-01-21 15:00:00,3472.787,3473.107,3470.011,3470.942,4917.0,-0.005900415506799024,-1.0
2025-01-21 21:00:00,3464.117,3469.507,3437.774,3442.711,142410.0,0.0022110482117145705,0.0
2025-01-21 22:00:00,3442.748,3445.148,3428.567,3431.922,64828.0,0.0051259906256611015,1.0
2025-01-21 23:00:00,3431.932,3432.975,3430.081,3430.081,1957.0,0.005482669359703179,1.0
2025-01-22 09:00:00,3430.081,3439.496,3429.879,3434.508,65004.0,0.0012196797911084515,0.0
2025-01-22 10:00:00,3435.314,3443.17,3433.345,3437.539,41633.0,0.004060753928900831,1.0
2025-01-22 11:00:00,3438.362,3449.086,3437.299,3442.383,38768.0,0.009646515219253736,1.0
2025-01-22 13:00:00,3441.243,3452.247,3438.215,3452.179,29104.0,0.006986601795561495,1.0
2025-01-22 14:00:00,3452.297,3463.999,3444.35,3455.07,82228.0,0.003343202887351032,1.0
2025-01-22 15:00:00,3454.279,3455.455,3451.638,3453.476,3445.0,0.004136991251712711,1.0
2025-01-22 21:00:00,3458.406,3480.175,3453.575,3473.473,120210.0,-0.0017599100381663624,0.0
2025-01-22 22:00:00,3474.312,3479.326,3468.444,3469.465,39423.0,0.003588161287114892,1.0
2025-01-22 23:00:00,3469.303,3471.395,3469.229,3469.533,1229.0,0.0010433680844078703,0.0
2025-01-23 09:00:00,3469.721,3483.227,3466.572,3467.466,69354.0,0.0023884877313865957,0.0
2025-01-23 10:00:00,3467.308,3469.301,3450.555,3454.533,95284.0,0.005164808094176579,1.0
2025-01-23 11:00:00,3454.464,3464.227,3451.362,3462.314,29512.0,0.00704037819793358,1.0
2025-01-23 13:00:00,3460.479,3462.23,3454.626,3456.692,26481.0,0.009153259821818048,1.0
2025-01-23 14:00:00,3457.564,3462.484,3448.824,3457.904,69180.0,-0.01140517492677648,-1.0
2025-01-23 15:00:00,3457.92,3460.715,3457.583,3460.247,3666.0,-0.013883690961945697,-1.0
2025-01-23 21:00:00,3460.857,3466.475,3447.907,3456.727,88393.0,-0.01006154087378024,-1.0
2025-01-23 22:00:00,3457.531,3458.624,3443.857,3450.462,40204.0,-0.0108142040109411,-1.0
2025-01-23 23:00:00,3450.368,3451.566,3449.401,3450.323,1174.0,-0.008527897243243598,-1.0
2025-01-24 09:00:00,3452.715,3455.344,3441.393,3449.514,50119.0,-0.008551349552429718,-1.0
2025-01-24 10:00:00,3449.586,3457.58,3447.61,3448.887,52757.0,-0.007414565916482655,-1.0
2025-01-24 11:00:00,3449.634,3449.648,3437.786,3438.697,46483.0,-0.003027891087816188,-1.0
2025-01-24 13:00:00,3443.006,3454.463,3443.006,3451.498,35664.0,-0.006762860647753555,-1.0
2025-01-24 14:00:00,3451.591,3486.537,3451.591,3475.59,159828.0,-0.013939503796477811,-1.0
2025-01-24 15:00:00,3474.776,3476.775,3474.478,3476.298,2836.0,-0.008090790835538193,-1.0
2025-01-24 21:00:00,3472.903,3476.395,3456.991,3466.621,60674.0,-0.00708961262278173,-1.0
2025-01-24 22:00:00,3466.621,3472.659,3464.948,3467.763,24302.0,-0.005646579653799908,-1.0
2025-01-24 23:00:00,3467.725,3468.724,3466.507,3467.36,1198.0,-0.0032266623598357544,-1.0
2025-01-27 09:00:00,3471.785,3494.553,3471.368,3481.914,95631.0,-0.007430683239161003,-1.0
2025-01-27 10:00:00,3481.914,3485.779,3473.117,3473.153,33505.0,-0.002551572015399156,0.0
2025-01-27 11:00:00,3472.988,3481.832,3471.88,3475.748,20382.0,-0.005634182915447289,-1.0
2025-01-27 13:00:00,3475.786,3475.875,3465.877,3472.375,25316.0,-0.004793549083840306,-1.0
2025-01-27 14:00:00,3472.464,3487.586,3470.552,3486.69,57873.0,-0.01063931694529769,-1.0
2025-01-27 15:00:00,3487.557,3489.554,3486.372,3488.332,5195.0,-0.007618540895763369,-1.0
2025-02-05 09:00:00,3492.244,3503.309,3416.213,3418.466,250189.0,0.013501377518454183,1.0
2025-02-05 10:00:00,3418.376,3420.158,3405.924,3412.206,132395.0,0.013364960966600437,1.0
2025-02-05 11:00:00,3412.242,3423.133,3411.217,3421.947,38460.0,0.009233924429571806,1.0
2025-02-05 13:00:00,3420.555,3423.112,3411.236,3413.148,23692.0,0.01175806030093042,1.0
2025-02-05 14:00:00,3413.107,3421.746,3409.259,3420.899,56357.0,0.015430739112730386,1.0
2025-02-05 15:00:00,3420.844,3421.887,3418.15,3420.016,3528.0,0.014895251952037654,1.0
2025-02-05 21:00:00,3425.184,3442.904,3421.166,3423.315,100401.0,0.012816232219354571,1.0
2025-02-05 22:00:00,3424.12,3432.116,3420.58,3428.285,36494.0,0.004922286215994295,1.0
2025-02-05 23:00:00,3429.207,3429.297,3427.303,3428.156,788.0,-0.0017630469558561131,0.0
2025-02-06 09:00:00,3428.968,3430.089,3418.129,3427.142,51670.0,-0.0018306799076314572,0.0
2025-02-06 10:00:00,3427.248,3450.217,3419.344,3448.172,98199.0,-0.008215947464337604,-1.0
2025-02-06 11:00:00,3448.229,3453.825,3441.099,3442.044,43339.0,-0.0002693167199488676,0.0
2025-02-06 13:00:00,3443.968,3448.349,3439.343,3448.182,26550.0,-0.0022646716443620847,0.0
2025-02-06 14:00:00,3448.12,3460.321,3446.336,3456.172,76786.0,-0.004748606261493874,-1.0
2025-02-06 15:00:00,3457.003,3457.039,3454.13,3456.041,3394.0,-0.004791320473339349,-1.0
2025-02-06 21:00:00,3455.288,3464.409,3447.289,3464.291,78674.0,-0.007061762421228453,-1.0
2025-02-06 22:00:00,3464.365,3468.149,3455.186,3456.165,35524.0,-0.007389693489749466,-1.0
2025-02-06 23:00:00,3456.066,3456.643,3455.191,3455.73,1095.0,-0.01512444548619252,-1.0
2025-02-07 09:00:00,3455.73,3455.73,3442.515,3449.594,65986.0,-0.012626993205577234,-1.0
2025-02-07 10:00:00,3449.631,3468.528,3448.768,3461.756,72283.0,-0.01849003800383384,-1.0
2025-02-07 11:00:00,3462.556,3471.382,3460.857,3464.62,44248.0,-0.021044732178420667,-1.0
2025-02-07 13:00:00,3464.651,3473.494,3457.712,3457.81,50703.0,-0.01910833735803872,-1.0
2025-02-07 14:00:00,3457.727,3459.47,3446.619,3453.545,62733.0,-0.01744410453606371,-1.0
2025-02-07 15:00:00,3453.428,3454.445,3452.368,3453.28,2395.0,-0.01740982486216006,-1.0
2025-02-07 21:00:00,3457.246,3477.343,3453.65,3473.686,91366.0,-0.023158685039465388,-1.0
2025-02-07 22:00:00,3473.584,3474.63,3469.804,3470.958,26625.0,-0.01900628011056321,-1.0
2025-02-07 23:00:00,3470.198,3471.04,3467.189,3467.189,2679.0,-0.01580415720054483,-1.0
2025-02-10 09:00:00,3461.573,3467.078,3439.184,3445.16,147841.0,-0.011322260794854249,-1.0
2025-02-10 10:00:00,3445.197,3448.182,3414.917,3422.112,141023.0,-0.0022489036010510215,0.0
2025-02-10 11:00:00,3422.149,3426.863,3416.884,3420.868,55087.0,-0.0005495681213072556,0.0
2025-02-10 13:00:00,3422.107,3424.855,3416.11,3419.842,32639.0,-2.3977715929531232e-05,0.0
2025-02-10 14:00:00,3419.922,3445.122,3416.144,3441.117,109686.0,-0.009203116313685446,-1.0
2025-02-10 15:00:00,3440.512,3442.298,3440.273,3440.373,2817.0,-0.008587440954803408,-1.0
2025-02-10 21:00:00,3441.421,3450.307,3436.645,3439.76,83579.0,-0.008667755889945826,-1.0
2025-02-10 22:00:00,3440.497,3441.347,3435.743,3439.482,19253.0,-0.010870241507296714,-1.0
2025-02-10 23:00:00,3440.418,3441.506,3439.487,3439.827,1037.0,-0.010698212439172138,-1.0
2025-02-11 09:00:00,3435.859,3437.028,3416.998,3430.625,111629.0,-0.009969028967024906,-1.0
2025-02-11 10:00:00,3430.727,3438.492,3401.691,3403.464,131681.0,-0.0026996025226064097,0.0
2025-02-11 11:00:00,3404.291,3407.034,3394.877,3406.036,90048.0,-0.004504356383784581,-1.0
2025-02-11 13:00:00,3409.451,3410.789,3394.991,3397.748,47680.0,-0.0017523371362444119,0.0
2025-02-11 14:00:00,3397.866,3398.846,3386.833,3391.708,88661.0,-0.002182086429610183,0.0
2025-02-11 15:00:00,3391.753,3392.924,3389.932,3391.737,3683.0,-0.0019226136932197825,0.0
2025-02-11 21:00:00,3400.353,3400.353,3388.632,3393.301,69082.0,-0.002338430926109987,0.0
2025-02-11 22:00:00,3392.568,3397.179,3391.611,3393.159,22924.0,0.0036237618101597423,1.0
2025-02-11 23:00:00,3393.798,3395.012,3393.004,3393.24,1068.0,0.0032974384364207383,1.0
2025-02-12 09:00:00,3392.219,3405.837,3380.918,3404.988,107244.0,-0.0010936896106534606,0.0
2025-02-12 10:00:00,3405.079,3420.47,3403.303,3412.393,110809.0,-0.004594722823543504,-1.0
2025-02-12 11:00:00,3412.541,3416.396,3402.457,3406.153,31836.0,-0.006931867123995862,-1.0
2025-02-12 13:00:00,3406.592,3414.501,3406.403,3414.416,23290.0,-0.009390185613000979,-1.0
2025-02-12 14:00:00,3414.405,3421.258,3408.709,3418.988,62179.0,-0.012422974283618342,-1.0
2025-02-12 15:00:00,3418.34,3421.08,3416.468,3419.76,2908.0,-0.011141132711067548,-1.0
2025-02-12 21:00:00,3413.8,3421.225,3409.345,3409.448,56165.0,-0.0081652513838017,-1.0
2025-02-12 22:00:00,3409.343,3415.765,3406.407,3410.829,28240.0,-0.006030205559997353,-1.0
2025-02-12 23:00:00,3409.962,3411.772,3408.878,3409.945,2571.0,-0.004461948799760742,-1.0
2025-02-13 09:00:00,3410.735,3416.081,3399.307,3402.094,63074.0,-0.0016451632435788685,0.0
2025-02-13 10:00:00,3402.094,3407.987,3391.124,3403.027,71158.0,-0.0025162891743145447,0.0
2025-02-13 11:00:00,3403.922,3409.047,3396.127,3396.425,31949.0,0.004039247149576273,1.0
2025-02-13 13:00:00,3398.366,3405.933,3392.313,3394.276,33256.0,0.004889407932648967,1.0
2025-02-13 14:00:00,3394.276,3400.742,3381.919,3390.694,99428.0,0.0077594734293333295,1.0
2025-02-13 15:00:00,3390.851,3392.17,3389.081,3391.794,3678.0,0.005716443864220564,1.0
2025-02-13 21:00:00,3393.39,3395.895,3380.537,3384.307,74133.0,0.00788521845092663,1.0
2025-02-13 22:00:00,3384.258,3386.91,3377.284,3385.216,41441.0,0.0070184590879873,1.0
2025-02-13 23:00:00,3385.93,3386.262,3384.347,3385.366,1090.0,0.008840698465099515,1.0
2025-02-14 09:00:00,3387.073,3408.286,3386.384,3405.455,98937.0,0.005657981092100771,1.0
2025-02-14 10:00:00,3405.686,3410.534,3400.689,3404.429,40536.0,0.011303804544021837,1.0
2025-02-14 11:00:00,3403.443,3411.398,3399.534,3401.264,29676.0,0.01060164691714602,1.0
2025-02-14 13:00:00,3401.222,3403.396,3390.821,3396.714,42004.0,0.011372461738020895,1.0
2025-02-14 14:00:00,3396.714,3400.372,3376.677,3382.542,120126.0,0.013979131670796788,1.0
2025-02-14 15:00:00,3382.797,3383.588,3380.489,3382.354,6666.0,0.015050464853767645,1.0
2025-02-14 21:00:00,3385.868,3386.942,3370.688,3376.514,101768.0,0.016392942543700294,1.0
2025-02-14 22:00:00,3377.257,3389.03,3376.467,3381.66,36192.0,0.018526404192024063,1.0
2025-02-14 23:00:00,3380.706,3382.505,3379.767,3381.609,1816.0,0.019407920903924764,1.0
2025-02-17 09:00:00,3381.527,3400.322,3376.656,3390.261,116936.0,0.014861687639978225,1.0
2025-02-17 10:00:00,3389.274,3398.418,3389.274,3394.73,50730.0,0.011979745075455225,1.0
2025-02-17 11:00:00,3394.773,3401.598,3387.732,3396.497,34028.0,0.011729437711854284,1.0
2025-02-17 13:00:00,3396.342,3396.414,3387.181,3394.464,28920.0,0.012037835723106823,1.0
2025-02-17 14:00:00,3394.507,3415.225,3394.507,3410.144,119710.0,0.010370529807538989,1.0
2025-02-17 15:00:00,3410.235,3411.969,3409.953,3410.872,6148.0,0.00927328847285976,1.0
2025-02-17 21:00:00,3406.875,3420.968,3404.536,3417.004,89437.0,0.007528232334524677,1.0
2025-02-17 22:00:00,3417.051,3420.075,3410.149,3411.183,27074.0,0.006779173090391222,1.0
2025-02-17 23:00:00,3411.812,3412.751,3409.943,3410.993,1219.0,0.004595729161566714,1.0
2025-02-18 09:00:00,3410.167,3411.816,3400.033,3408.975,72255.0,0.007518682301865022,1.0
2025-02-18 10:00:00,3409.022,3418.133,3404.12,3415.295,39441.0,0.009829311962802543,1.0
2025-02-18 11:00:00,3415.341,3429.463,3414.402,3424.723,67776.0,0.013525765441467856,1.0
2025-02-18 13:00:00,3426.128,3446.836,3424.405,3442.912,136178.0,0.00879517106449436,1.0
2025-02-18 14:00:00,3442.87,3444.087,3430.38,3437.323,97686.0,0.013348178218922127,1.0
2025-02-18 15:00:00,3436.518,3437.395,3434.374,3435.343,3695.0,0.013058666922051258,1.0
2025-02-18 21:00:00,3435.21,3441.231,3428.839,3429.827,71622.0,0.014944777098086816,1.0
2025-02-18 22:00:00,3430.666,3436.063,3427.046,3433.26,27783.0,0.01361912584540635,1.0
2025-02-18 23:00:00,3433.47,3435.173,3431.444,3431.865,1468.0,0.014894525279986377,1.0
2025-02-19 09:00:00,3436.91,3449.866,3428.735,3444.31,86251.0,0.010407309446594529,1.0
2025-02-19 10:00:00,3444.26,3447.239,3437.436,3447.239,43658.0,0.0074738072991168076,1.0
2025-02-19 11:00:00,3446.291,3448.477,3440.496,3440.646,34344.0,0.009114858081883424,1.0
2025-02-19 13:00:00,3440.546,3442.494,3432.502,3435.398,30871.0,0.011404501021424616,1.0
2025-02-19 14:00:00,3435.497,3444.465,3434.361,3436.336,50134.0,0.0017111248725386894,0.0
2025-02-19 15:00:00,3435.53,3436.518,3433.624,3435.326,2581.0,-0.0011765986692383536,0.0
2025-02-19 21:00:00,3435.875,3446.549,3431.088,3445.509,47616.0,-0.004518345475225928,-1.0
2025-02-19 22:00:00,3444.613,3446.407,3440.846,3442.502,27475.0,-0.0033632514955692036,-1.0
2025-02-19 23:00:00,3443.449,3443.603,3441.801,3442.728,946.0,-0.0027861626012859854,0.0
2025-02-20 09:00:00,3442.728,3444.542,3428.031,3434.308,78772.0,-0.0009728306255583059,0.0
2025-02-20 10:00:00,3434.411,3434.411,3420.525,3426.669,55647.0,0.00036274294365751063,0.0
2025-02-20 11:00:00,3426.648,3435.82,3423.571,3434.606,28770.0,0.0007348732285449589,0.0
2025-02-20 13:00:00,3434.049,3449.637,3433.772,3448.865,87401.0,-0.0034321436182628167,-1.0
2025-02-20 14:00:00,3449.771,3476.966,3448.773,3471.045,218024.0,-0.013752630691909748,-1.0
2025-02-20 15:00:00,3471.156,3474.841,3470.992,3473.193,6105.0,-0.015750348454577727,-1.0
2025-02-20 21:00:00,3470.988,3486.066,3468.949,3483.205,100707.0,-0.01865666821217819,-1.0
2025-02-20 22:00:00,3484.086,3487.762,3480.041,3480.204,52556.0,-0.024633900771334157,-1.0
2025-02-20 23:00:00,3480.327,3482.847,3480.0,3481.085,1584.0,-0.023992806840396078,-1.0
2025-02-21 09:00:00,3480.316,3485.939,3475.294,3480.018,61437.0,-0.02373981973656465,-1.0
2025-02-21 10:00:00,3480.018,3484.911,3475.04,3482.981,49968.0,-0.027371093899162837,-1.0
2025-02-21 11:00:00,3482.212,3486.976,3477.046,3480.156,39066.0,-0.02840274976179229,-1.0
2025-02-21 13:00:00,3479.337,3481.812,3471.081,3473.003,36793.0,-0.026252208823315148,-1.0
2025-02-21 14:00:00,3472.245,3478.978,3469.966,3472.007,63687.0,-0.02438647157105388,-1.0
2025-02-21 15:00:00,3472.892,3474.971,3472.015,3474.577,3310.0,-0.02510780448958248,-1.0
2025-02-21 21:00:00,3452.578,3458.753,3432.654,3442.216,292775.0,-0.015742765706742417,-1.0
2025-02-21 22:00:00,3441.441,3443.093,3423.573,3431.284,105051.0,-0.013578298969132223,-1.0
2025-02-21 23:00:00,3431.396,3432.548,3429.881,3429.941,2454.0,-0.0026254095915934574,0.0
2025-02-24 09:00:00,3424.212,3437.814,3413.768,3430.924,177701.0,-0.00045497947491700464,0.0
2025-02-24 10:00:00,3430.863,3440.926,3425.925,3433.136,58137.0,0.0024505291954644414,0.0
2025-02-24 11:00:00,3432.208,3435.544,3426.657,3430.967,29360.0,0.0023063468695560204,0.0
2025-02-24 13:00:00,3430.734,3432.699,3424.996,3427.912,32743.0,0.0029525262025396496,0.0
2025-02-24 14:00:00,3428.108,3437.896,3425.15,3437.13,59162.0,-0.0005094366520906116,0.0
2025-02-24 15:00:00,3437.733,3438.007,3435.979,3437.028,2303.0,0.002027623865735179,0.0
2025-02-24 21:00:00,3435.765,3439.822,3422.312,3423.309,77544.0,0.005598676602082871,1.0
2025-02-24 22:00:00,3423.895,3425.107,3418.253,3418.489,46050.0,0.004552596190890216,1.0
2025-02-24 23:00:00,3418.279,3419.445,3417.136,3418.22,3159.0,7.225983114027135e-05,0.0
2025-02-25 09:00:00,3415.987,3418.73,3391.571,3394.473,190900.0,0.005809738359975172,1.0
2025-02-25 10:00:00,3395.302,3404.331,3390.519,3397.564,86193.0,0.006987064849992534,1.0
2025-02-25 11:00:00,3398.335,3402.34,3394.689,3397.403,40462.0,0.00952727715846498,1.0
2025-02-25 13:00:00,3398.326,3399.198,3386.381,3387.648,67878.0,0.012083014528073753,1.0
2025-02-25 14:00:00,3387.515,3391.297,3373.462,3381.31,181343.0,0.012320077129869756,1.0
2025-02-25 15:00:00,3382.241,3382.291,3377.789,3381.829,5862.0,0.012879125467313644,1.0
2025-02-25 21:00:00,3385.346,3392.0,3379.331,3387.337,98873.0,0.010575859443568819,1.0
2025-02-25 22:00:00,3387.339,3396.211,3384.725,3387.338,62917.0,0.007559623515574758,1.0
2025-02-25 23:00:00,3388.1,3389.235,3386.187,3388.026,1600.0,0.005891040977843821,1.0
2025-02-26 09:00:00,3386.784,3392.853,3379.837,3384.693,72816.0,0.007993339425466308,1.0
2025-02-26 10:00:00,3384.647,3422.639,3371.618,3420.936,253479.0,0.0017322744418486434,0.0
2025-02-26 11:00:00,3421.17,3448.667,3420.181,3429.363,293883.0,0.0005382923884114933,0.0
2025-02-26 13:00:00,3430.455,3445.988,3430.267,3441.549,116179.0,-0.0027490528247599514,0.0
2025-02-26 14:00:00,3441.389,3442.394,3435.144,3438.88,95787.0,-0.0021835597636439812,0.0
2025-02-26 15:00:00,3438.218,3438.336,3436.397,3438.033,5497.0,-0.002707071165401783,0.0
2025-02-26 21:00:00,3438.957,3447.234,3433.38,3435.379,143633.0,-0.0011099212052003875,0.0
2025-02-26 22:00:00,3435.492,3444.235,3431.618,3443.997,59795.0,2.8164949040375868e-05,0.0
2025-02-26 23:00:00,3444.336,3444.408,3441.538,3442.475,2229.0,-0.0015971067328012687,0.0
2025-02-27 09:00:00,3442.691,3444.397,3428.344,3434.052,77810.0,-8.0662727297095e-05,0.0
2025-02-27 10:00:00,3434.805,3434.805,3412.392,3418.467,108751.0,0.003944458144542546,1.0
2025-02-27 11:00:00,3418.395,3419.219,3400.461,3414.194,106236.0,0.0008306499279186362,0.0
2025-02-27 13:00:00,3415.213,3422.409,3399.464,3421.303,91787.0,-0.0006123398015316972,0.0
2025-02-27 14:00:00,3420.554,3435.558,3417.748,3429.771,157361.0,-0.0008236701517390731,0.0
2025-02-27 15:00:00,3429.678,3431.381,3427.644,3428.581,3260.0,-0.0038479475911463693,-1.0
2025-02-27 21:00:00,3429.29,3435.924,3421.924,3422.968,116457.0,-0.0021682937146943896,0.0
2025-02-27 22:00:00,3422.968,3427.276,3416.677,3425.384,49467.0,-0.009812330529949306,-1.0
2025-02-27 23:00:00,3425.309,3426.555,3421.689,3423.161,2671.0,-0.007422087363112676,-1.0
2025-02-28 09:00:00,3420.738,3423.056,3411.274,3412.945,84976.0,-0.005338497983413226,-1.0
2025-02-28 10:00:00,3412.266,3417.134,3406.997,3407.985,60273.0,-0.0015434340233305658,0.0
2025-02-28 11:00:00,3407.928,3416.683,3404.88,3411.748,43714.0,-0.0013670411765465136,0.0
2025-02-28 13:00:00,3408.113,3429.669,3405.771,3426.862,100566.0,-0.005755703030936221,-1.0
2025-02-28 14:00:00,3426.806,3432.484,3412.776,3431.209,134486.0,-0.008205562529125958,-1.0
2025-02-28 15:00:00,3431.206,3432.568,3430.302,3432.088,5935.0,-0.01224968590548971,-1.0
2025-02-28 21:00:00,3429.711,3441.831,3421.182,3431.371,139738.0,-0.011754193877607545,-1.0
2025-02-28 22:00:00,3431.916,3436.215,3425.363,3428.726,53246.0,-0.01437618520698356,-1.0
2025-02-28 23:00:00,3428.705,3431.566,3428.705,3431.566,2267.0,-0.012784833513328856,-1.0
2025-03-03 09:00:00,3427.723,3448.338,3425.048,3444.094,145893.0,-0.014307391145537793,-1.0
2025-03-03 10:00:00,3443.276,3449.202,3435.259,3436.977,62524.0,-0.012946842530514474,-1.0
2025-03-03 11:00:00,3437.074,3438.066,3425.559,3433.775,61324.0,-0.014277580796645177,-1.0
2025-03-03 13:00:00,3438.568,3449.705,3426.429,3431.951,108821.0,-0.013800896341468754,-1.0
2025-03-03 14:00:00,3432.01,3433.975,3412.48,3417.03,139124.0,-0.008180495927750114,-1.0
2025-03-03 15:00:00,3417.144,3419.208,3415.043,3419.208,4363.0,-0.008856729394643409,-1.0
2025-03-03 21:00:00,3420.428,3429.109,3415.391,3426.946,107752.0,-0.010583183977804153,-1.0
2025-03-03 22:00:00,3427.167,3428.754,3414.447,3415.388,60557.0,-0.0007952244371649413,0.0
2025-03-03 23:00:00,3414.668,3416.589,3414.5,3415.546,1940.0,-0.002684783047863978,0.0
2025-03-04 09:00:00,3412.851,3413.962,3383.002,3391.773,263908.0,0.0058577033309717185,1.0
2025-03-04 10:00:00,3391.773,3404.132,3387.133,3397.754,74163.0,-0.0024657464901813673,0.0
2025-03-04 11:00:00,3397.65,3405.371,3392.857,3394.725,44790.0,0.0027763662741459713,0.0
2025-03-04 13:00:00,3396.962,3404.747,3395.546,3402.725,46819.0,0.0005824743404183327,0.0
2025-03-04 14:00:00,3402.069,3415.559,3401.022,3407.084,115175.0,-0.0030204714647480697,-1.0
2025-03-04 15:00:00,3407.022,3408.839,3405.925,3407.138,6309.0,-0.0017554322718949943,0.0
2025-03-04 21:00:00,3407.659,3415.328,3397.209,3403.054,114865.0,-0.0002853319400750043,0.0
2025-03-04 22:00:00,3402.241,3409.662,3389.054,3390.046,62127.0,-0.001183169785896701,0.0
2025-03-04 23:00:00,3390.75,3391.563,3389.63,3391.038,3221.0,0.0013571065850632939,0.0
2025-03-05 09:00:00,3389.784,3398.629,3378.336,3379.434,157717.0,0.004428848144393305,1.0
2025-03-05 10:00:00,3378.619,3403.817,3378.554,3387.694,125259.0,0.0008767025593221391,0.0
2025-03-05 11:00:00,3387.406,3396.093,3383.099,3394.818,61198.0,-0.005342259879616645,-1.0
2025-03-05 13:00:00,3396.296,3397.573,3388.592,3392.479,40914.0,-0.005777191251589091,-1.0
2025-03-05 14:00:00,3392.543,3400.128,3382.654,3384.749,105754.0,-0.005490805965228022,-1.0
2025-03-05 15:00:00,3384.806,3385.739,3383.755,3384.587,5393.0,-0.0035156431198252215,-1.0
2025-03-05 21:00:00,3388.237,3393.699,3382.851,3389.077,85379.0,-0.004289368462268712,-1.0
2025-03-05 22:00:00,3388.085,3393.519,3386.936,3388.925,34349.0,-0.002575152887715224,0.0
2025-03-05 23:00:00,3389.802,3390.79,3388.922,3390.678,1312.0,-0.008927712982477172,-1.0
2025-03-06 09:00:00,3389.329,3414.592,3389.329,3412.672,146319.0,-0.015188978020741529,-1.0
2025-03-06 10:00:00,3412.738,3417.64,3399.838,3406.376,85930.0,-0.013880734246601184,-1.0
2025-03-06 11:00:00,3406.489,3414.551,3403.626,3411.641,39843.0,-0.0155022172614293,-1.0
2025-03-06 13:00:00,3413.095,3424.889,3385.113,3389.376,182444.0,-0.009255095923261432,-1.0
2025-03-06 14:00:00,3389.779,3410.974,3388.384,3404.15,132729.0,-0.016048058986824938,-1.0
2025-03-06 15:00:00,3404.202,3406.067,3402.166,3404.707,4426.0,-0.017670242990072218,-1.0
2025-03-06 21:00:00,3405.13,3409.707,3394.802,3396.793,100566.0,-0.014963231495119139,-1.0
2025-03-06 22:00:00,3396.915,3409.525,3396.671,3401.157,53764.0,-0.015955746823801437,-1.0
2025-03-06 23:00:00,3401.776,3402.768,3400.714,3402.083,1834.0,-0.014698641979046325,-1.0
2025-03-07 09:00:00,3403.114,3403.235,3377.287,3386.035,198594.0,-0.00934042323838943,-1.0
2025-03-07 10:00:00,3386.035,3403.648,3385.35,3395.64,101273.0,-0.010628924149792116,-1.0
2025-03-07 11:00:00,3395.947,3400.362,3393.723,3394.401,29360.0,-0.011347215605934546,-1.0
2025-03-07 13:00:00,3396.078,3397.193,3386.012,3390.664,48586.0,-0.010359032920985462,-1.0
2025-03-07 14:00:00,3390.164,3391.848,3372.394,3376.682,199464.0,-0.00209762127437515,0.0
2025-03-07 15:00:00,3376.56,3377.606,3371.951,3372.88,6892.0,-0.0024554683238064067,0.0
2025-03-07 21:00:00,3375.93,3375.93,3355.749,3366.164,218123.0,-0.0005436455264807009,0.0
2025-03-07 22:00:00,3366.176,3373.799,3364.378,3372.688,58409.0,-0.003916757197819673,-1.0
2025-03-07 23:00:00,3372.765,3376.249,3372.623,3374.54,5820.0,-0.0043010306589935585,-1.0
2025-03-10 09:00:00,3375.115,3399.435,3372.577,3380.198,235430.0,-0.0034459519826944116,-1.0
2025-03-10 10:00:00,3380.688,3381.681,3359.538,3360.407,109755.0,0.004286980713943266,1.0
2025-03-10 11:00:00,3360.407,3367.119,3356.678,3360.837,65236.0,0.0034298003741330043,1.0
2025-03-10 13:00:00,3361.642,3363.988,3354.549,3359.093,53072.0,0.00397458480607715,1.0
2025-03-10 14:00:00,3359.093,3364.28,3354.3,3358.753,85066.0,0.008935459082582052,1.0
2025-03-10 15:00:00,3358.57,3359.503,3356.891,3358.007,5358.0,0.007565797212453681,1.0
2025-03-10 21:00:00,3364.699,3364.699,3348.528,3349.52,113195.0,0.010381188946475894,1.0
2025-03-10 22:00:00,3348.833,3353.996,3339.961,3344.545,97276.0,0.014873174078985375,1.0
2025-03-10 23:00:00,3344.091,3346.777,3344.019,3345.966,2396.0,0.017780515402726727,1.0
2025-03-11 09:00:00,3343.19,3349.755,3331.388,3346.889,160269.0,0.014341377918419104,1.0
2025-03-11 10:00:00,3347.759,3357.319,3345.882,3352.077,99252.0,0.01466463926693799,1.0
2025-03-11 11:00:00,3351.967,3362.748,3350.397,3354.408,71098.0,0.019676497313385898,1.0
2025-03-11 13:00:00,3354.698,3364.683,3354.004,3359.548,59466.0,0.01823489350353096,1.0
2025-03-11 14:00:00,3359.781,3370.465,3355.112,3355.884,91229.0,0.018754223924307246,1.0
2025-03-11 15:00:00,3355.123,3357.49,3354.781,3355.54,2062.0,0.0192770761188959,1.0
2025-03-11 21:00:00,3360.897,3374.001,3357.398,3369.599,125490.0,0.014653078897518665,1.0
2025-03-11 22:00:00,3368.844,3370.721,3360.794,3364.598,64080.0,0.022876729998650657,1.0
2025-03-11 23:00:00,3364.781,3365.327,3363.141,3364.334,1091.0,0.023206376061354214,1.0
2025-03-12 09:00:00,3364.771,3365.097,3353.593,3359.478,83063.0,0.02441242359676114,1.0
2025-03-12 10:00:00,3359.169,3361.952,3351.273,3360.026,58057.0,0.025897716267671823,1.0
2025-03-12 11:00:00,3360.026,3372.011,3357.231,3368.55,63571.0,0.02462038562586274,1.0
2025-03-12 13:00:00,3369.524,3379.833,3366.908,3374.813,91081.0,0.02279533710460397,1.0
2025-03-12 14:00:00,3375.114,3377.37,3358.15,3372.364,130858.0,0.016846342802852805,1.0
2025-03-12 15:00:00,3372.425,3374.301,3372.15,3372.444,5065.0,0.016195672930373387,1.0
2025-03-12 21:00:00,3377.251,3394.322,3377.251,3388.765,142084.0,0.010753770178811458,1.0
2025-03-12 22:00:00,3387.908,3389.406,3380.887,3383.413,37270.0,0.0044907316960713815,1.0
2025-03-12 23:00:00,3383.585,3385.463,3383.403,3384.292,1856.0,0.00336909462895047,1.0
2025-03-13 09:00:00,3387.679,3396.104,3382.439,3394.289,100333.0,-8.720530278956107e-05,0.0
2025-03-13 10:00:00,3393.371,3406.527,3391.703,3405.459,159650.0,-0.005067158347817389,-1.0
2025-03-13 11:00:00,3405.431,3407.417,3392.688,3394.888,72406.0,0.0005776331943793846,0.0
2025-03-13 13:00:00,3393.577,3403.465,3389.412,3401.234,97265.0,-0.001470054691914758,0.0
2025-03-13 14:00:00,3401.234,3424.468,3398.296,3420.411,287937.0,-0.009243333622772229,-1.0
2025-03-13 15:00:00,3419.68,3422.476,3419.68,3420.809,8621.0,-0.009394853673502488,-1.0
2025-03-13 21:00:00,3421.362,3427.734,3416.342,3418.821,155139.0,-0.008711775199696067,-1.0
2025-03-13 22:00:00,3418.779,3423.866,3411.318,3420.225,67915.0,-0.011591635053249342,-1.0
2025-03-13 23:00:00,3419.742,3420.927,3417.396,3418.974,1821.0,-0.00918696661630077,-1.0
2025-03-14 09:00:00,3419.124,3444.291,3417.399,3441.569,210034.0,-0.01760999125689468,-1.0
2025-03-14 10:00:00,3441.419,3443.401,3434.539,3442.408,97890.0,-0.017180125075238053,-1.0
2025-03-14 11:00:00,3442.225,3447.631,3439.067,3441.491,76108.0,-0.0168874479113849,-1.0
2025-03-14 13:00:00,3440.856,3450.162,3439.714,3447.043,81894.0,-0.01912595810380095,-1.0
2025-03-14 14:00:00,3447.199,3455.911,3440.352,3451.485,143230.0,-0.02382105093894376,-1.0
2025-03-14 15:00:00,3451.334,3452.403,3450.567,3451.743,5515.0,-0.0236118390042364,-1.0
2025-03-14 21:00:00,3450.107,3451.854,3427.624,3429.176,171443.0,-0.01699562810424427,-1.0
2025-03-14 22:00:00,3428.726,3434.866,3422.909,3427.063,98881.0,-0.01853336224049582,-1.0
2025-03-14 23:00:00,3427.524,3427.883,3425.207,3425.207,3140.0,-0.016043117977979148,-1.0
2025-03-17 09:00:00,3422.074,3428.823,3397.388,3398.607,265767.0,-0.009285274819948229,-1.0
2025-03-17 10:00:00,3398.787,3402.478,3388.843,3395.694,138486.0,-0.008276069634071877,-1.0
2025-03-17 11:00:00,3395.06,3398.496,3392.535,3393.993,32983.0,-0.00943814557071859,-1.0
2025-03-17 13:00:00,3394.264,3394.898,3385.864,3388.203,58310.0,-0.008234453484634802,-1.0
2025-03-17 14:00:00,3388.381,3398.735,3386.529,3396.849,110232.0,-0.010806485657737534,-1.0
2025-03-17 15:00:00,3397.764,3397.764,3395.239,3396.234,6136.0,-0.012308339178042542,-1.0
2025-03-17 21:00:00,3397.648,3397.648,3386.006,3388.795,105423.0,-0.00960459396334102,-1.0
2025-03-17 22:00:00,3389.61,3390.529,3379.109,3388.671,69086.0,-0.012653338137576561,-1.0
2025-03-17 23:00:00,3388.253,3390.05,3387.698,3389.037,1699.0,-0.009451062351930576,-1.0
2025-03-18 09:00:00,3388.908,3395.682,3376.985,3380.579,135417.0,-0.0016692406833267405,0.0
2025-03-18 10:00:00,3379.659,3395.896,3379.043,3387.564,78772.0,-0.005668379992230337,-1.0
2025-03-18 11:00:00,3387.564,3389.193,3379.365,3380.963,40279.0,-0.0040917336273719315,-1.0
2025-03-18 13:00:00,3382.265,3385.186,3379.47,3383.267,42310.0,-0.004263630390388854,-1.0
2025-03-18 14:00:00,3384.001,3390.455,3376.373,3383.373,108610.0,-0.00631204422332395,-1.0
2025-03-18 15:00:00,3383.361,3383.361,3379.885,3381.115,6357.0,-0.004097760649962975,-1.0
2025-03-18 21:00:00,3384.029,3385.598,3367.269,3369.267,147819.0,-0.0007966124382542974,0.0
2025-03-18 22:00:00,3369.663,3373.967,3367.951,3370.241,56652.0,-0.0015298609209252244,0.0
2025-03-18 23:00:00,3370.06,3371.579,3368.77,3370.895,1718.0,-0.0010062609485017556,0.0
2025-03-19 09:00:00,3370.056,3371.382,3354.14,3363.548,179747.0,0.0006279083872149529,0.0
2025-03-19 10:00:00,3364.178,3372.962,3361.263,3370.256,75453.0,-0.0009933963473397738,0.0
2025-03-19 11:00:00,3370.048,3373.458,3365.472,3367.05,55474.0,-0.001076610088950268,0.0
2025-03-19 13:00:00,3368.571,3370.776,3360.87,3367.591,55879.0,-0.0011180098770901432,0.0
2025-03-19 14:00:00,3367.776,3370.56,3355.268,3361.96,121813.0,-0.0006665754500350942,0.0
2025-03-19 15:00:00,3361.355,3361.355,3358.807,3360.303,5061.0,0.00844090547786912,1.0
2025-03-19 21:00:00,3364.372,3368.685,3354.449,3360.141,120383.0,0.008845759746391582,1.0
2025-03-19 22:00:00,3360.735,3360.958,3353.428,3354.432,62196.0,0.012460827943449274,1.0
2025-03-19 23:00:00,3354.756,3356.47,3353.94,3356.247,2262.0,0.015952937909516306,1.0
2025-03-20 09:00:00,3356.447,3360.641,3344.429,3345.793,146004.0,0.018278476881265503,1.0
2025-03-20 10:00:00,3345.793,3361.07,3344.652,3357.007,103042.0,0.015305300227256038,1.0
2025-03-20 11:00:00,3357.332,3380.412,3356.292,3374.936,144526.0,0.00987100199826007,1.0
2025-03-20 13:00:00,3376.659,3378.16,3366.504,3368.362,88643.0,0.01138535584951971,1.0
2025-03-20 14:00:00,3368.435,3370.526,3354.874,3367.129,148680.0,0.012146549775788183,1.0
2025-03-20 15:00:00,3366.614,3369.919,3366.512,3368.842,3302.0,0.009508014920260419,1.0
2025-03-20 21:00:00,3367.803,3374.724,3357.699,3362.017,137538.0,0.011703391148825307,1.0
2025-03-20 22:00:00,3362.017,3368.077,3358.833,3367.26,72595.0,0.007790904177283584,1.0
2025-03-20 23:00:00,3366.737,3368.279,3365.603,3366.583,1621.0,0.0036874183704960666,1.0
2025-03-21 09:00:00,3366.747,3375.972,3362.764,3365.085,105624.0,0.008707655230105669,1.0
2025-03-21 10:00:00,3365.085,3377.744,3364.743,3367.503,69501.0,0.01076108915121971,1.0
2025-03-21 11:00:00,3367.998,3367.998,3358.013,3365.66,72460.0,0.010460058354082091,1.0
2025-03-21 13:00:00,3365.37,3368.903,3361.34,3366.908,42549.0,0.009776328904739949,1.0
2025-03-21 14:00:00,3366.667,3370.569,3360.435,3363.425,93359.0,0.009931245679627103,1.0
2025-03-21 15:00:00,3364.221,3364.402,3362.327,3363.826,4387.0,0.010640264983979526,1.0
2025-03-21 21:00:00,3365.503,3370.93,3356.268,3359.719,105911.0,0.012303409898268215,1.0
2025-03-21 22:00:00,3359.798,3389.006,3353.349,3388.667,215546.0,0.0033797950639587702,1.0
2025-03-21 23:00:00,3387.57,3391.023,3387.145,3389.864,12651.0,0.003252342866852502,1.0
2025-03-24 09:00:00,3388.45,3406.393,3386.146,3396.231,318398.0,-0.0012831871565862788,0.0
2025-03-24 10:00:00,3395.972,3412.424,3395.414,3409.789,155177.0,-0.002598107976769348,0.0
2025-03-24 11:00:00,3409.789,3415.683,3404.695,3406.949,89505.0,-0.0026272773675215045,0.0
2025-03-24 13:00:00,3407.647,3411.12,3405.692,3408.387,40169.0,-0.0029013724087083195,0.0
2025-03-24 14:00:00,3409.5,3412.583,3402.97,3408.25,105142.0,-0.0018689943519401132,0.0
2025-03-24 15:00:00,3408.528,3409.067,3405.895,3406.712,4546.0,-0.0021434157040572067,0.0
2025-03-24 21:00:00,3408.219,3413.597,3403.87,3408.028,96121.0,-0.002628206106287824,0.0
2025-03-24 22:00:00,3408.108,3409.106,3397.905,3400.873,63695.0,-0.00179159880418935,0.0
2025-03-24 23:00:00,3400.365,3402.352,3400.069,3401.364,1671.0,-0.0024795934807330814,0.0
2025-03-25 09:00:00,3401.66,3404.202,3390.764,3393.494,122278.0,-0.002378963982255551,0.0
2025-03-25 10:00:00,3393.575,3393.871,3376.7,3378.997,159199.0,0.0009023387709429687,0.0
2025-03-25 11:00:00,3379.293,3399.941,3378.997,3394.387,120249.0,0.00031139643181516693,0.0
2025-03-25 13:00:00,3397.259,3407.056,3396.586,3403.741,112092.0,-0.002922666560117196,0.0
2025-03-25 14:00:00,3403.741,3406.958,3398.831,3400.865,109181.0,-0.005695903836229795,-1.0
2025-03-25 15:00:00,3400.445,3401.647,3399.232,3399.824,4439.0,-0.0045099393380363464,-1.0
2025-03-25 21:00:00,3401.065,3406.369,3395.322,3396.828,105731.0,-0.004130029545211002,-1.0
2025-03-25 22:00:00,3397.148,3401.447,3393.009,3399.618,55205.0,-0.005421491473453794,-1.0
2025-03-25 23:00:00,3400.131,3401.695,3399.638,3401.055,1365.0,-0.006419184635355759,-1.0
2025-03-26 09:00:00,3401.692,3408.79,3395.725,3400.12,94560.0,-0.005716857052104073,-1.0
2025-03-26 10:00:00,3400.94,3401.311,3392.979,3400.889,68656.0,-0.0035702429570621916,-1.0
2025-03-26 11:00:00,3400.487,3401.521,3390.774,3391.873,44447.0,-0.0020758442311962057,0.0
2025-03-26 13:00:00,3391.041,3402.337,3389.289,3400.93,71330.0,-0.004300588368475608,-1.0
2025-03-26 14:00:00,3400.612,3405.915,3395.916,3397.998,133103.0,-0.004649208151388032,-1.0
2025-03-26 15:00:00,3398.55,3398.92,3397.418,3398.498,2794.0,-0.007491544794200272,-1.0
2025-03-26 21:00:00,3399.672,3403.061,3393.236,3401.88,79274.0,-0.009014133361553012,-1.0
2025-03-26 22:00:00,3401.88,3405.395,3398.937,3399.41,71706.0,-0.010515354134982141,-1.0
2025-03-26 23:00:00,3399.833,3400.014,3398.598,3399.071,2071.0,-0.012795260822736488,-1.0
2025-03-27 09:00:00,3399.009,3399.338,3386.926,3394.78,167716.0,-0.011924778630721408,-1.0
2025-03-27 10:00:00,3394.433,3396.339,3390.033,3392.93,57336.0,-0.010322346762237856,-1.0
2025-03-27 11:00:00,3392.511,3397.646,3384.247,3385.421,79436.0,-0.007019806399263156,-1.0
2025-03-27 13:00:00,3385.184,3388.103,3378.071,3382.046,142036.0,-0.006719009735526869,-1.0
2025-03-27 14:00:00,3381.711,3400.716,3380.718,3395.444,173845.0,-0.013515463662484222,-1.0
2025-03-27 15:00:00,3395.021,3395.44,3393.454,3393.793,3582.0,-0.011528399050855488,-1.0
2025-03-27 21:00:00,3393.421,3395.361,3379.144,3381.494,133420.0,-0.007516795830482065,-1.0
2025-03-27 22:00:00,3380.964,3386.728,3378.325,3384.491,55807.0,-0.009624194598242354,-1.0
2025-03-27 23:00:00,3384.117,3384.934,3382.441,3382.799,1682.0,-0.0035183881749994736,-1.0
2025-03-28 09:00:00,3382.285,3391.642,3379.489,3381.187,90519.0,-0.004257084863984091,-1.0
2025-03-28 10:00:00,3381.289,3387.614,3375.401,3379.223,82957.0,-0.0034129147440106504,-1.0
2025-03-28 11:00:00,3379.502,3383.113,3376.598,3380.682,53747.0,-0.0016443427687075395,0.0
2025-03-28 13:00:00,3380.643,3388.856,3377.474,3388.747,64479.0,-0.004198897114479132,-1.0
2025-03-28 14:00:00,3388.716,3393.585,3382.577,3384.832,111084.0,-0.003458960444713381,-1.0
2025-03-28 15:00:00,3384.939,3386.935,3384.659,3386.304,3890.0,-0.002389921282909125,0.0
2025-03-28 21:00:00,3386.429,3389.253,3378.879,3382.2,93582.0,-0.0011720182129974401,0.0
2025-03-28 22:00:00,3381.666,3382.475,3370.629,3373.038,99011.0,0.00044588883967506605,0.0
2025-03-28 23:00:00,3372.836,3372.937,3371.139,3371.215,3414.0,0.0022279801199270787,0.0
2025-03-31 09:00:00,3369.164,3373.435,3355.464,3363.664,240954.0,0.0034251340205204,1.0
2025-03-31 10:00:00,3363.664,3368.378,3354.235,3355.579,86173.0,0.006749952839733362,1.0
2025-03-31 11:00:00,3355.954,3359.643,3351.815,3354.298,63366.0,0.0037963234035856023,1.0
2025-03-31 13:00:00,3355.607,3359.188,3353.378,3357.907,34597.0,0.0027076390144216748,0.0
2025-03-31 14:00:00,3358.282,3362.567,3354.516,3361.656,120010.0,0.001874968765394164,0.0
2025-03-31 15:00:00,3361.179,3361.657,3358.845,3359.322,4801.0,0.0008504692315889846,0.0
2025-03-31 21:00:00,3358.986,3363.554,3344.003,3349.553,160267.0,0.00361869180753375,1.0
2025-03-31 22:00:00,3349.181,3360.452,3349.181,3354.668,57502.0,0.00448807452779233,1.0
2025-03-31 23:00:00,3354.432,3356.225,3354.258,3356.076,1411.0,-0.0023944630574516362,0.0
2025-04-01 09:00:00,3358.472,3358.472,3342.594,3351.918,110636.0,-0.002781989296874289,0.0
2025-04-01 10:00:00,3351.506,3376.619,3350.44,3370.897,168193.0,-0.007543689409673475,-1.0
2025-04-01 11:00:00,3370.41,3374.189,3364.996,3366.793,67620.0,-0.005250397039556674,-1.0
2025-04-01 13:00:00,3366.821,3369.499,3362.413,3367.69,40586.0,-0.00542092651045668,-1.0
2025-04-01 14:00:00,3367.591,3382.73,3366.707,3375.123,153810.0,-0.03614534936948961,-1.0
2025-04-01 15:00:00,3374.804,3376.423,3372.915,3374.518,5922.0,-0.030530878780317676,-1.0
2025-04-01 21:00:00,3377.067,3382.11,3368.919,3373.124,138899.0,-0.02998644579920563,-1.0
2025-04-01 22:00:00,3373.302,3380.052,3371.523,3378.211,47309.0,-0.03537523263052535,-1.0
2025-04-01 23:00:00,3377.953,3379.458,3377.153,3378.236,1006.0,-0.037043593165190306,-1.0
2025-04-02 09:00:00,3378.7,3382.698,3372.85,3374.542,98862.0,-0.035863237144477665,-1.0
2025-04-02 10:00:00,3374.542,3380.033,3371.64,3378.726,57303.0,-0.0333104844843885,-1.0
2025-04-02 11:00:00,3378.651,3380.507,3375.077,3375.185,31698.0,-0.029195436694581176,-1.0
2025-04-02 13:00:00,3374.713,3380.627,3373.733,3378.229,38959.0,-0.02969159284346912,-1.0
2025-04-02 14:00:00,3378.239,3379.652,3356.654,3367.032,161799.0,-0.0345734759871603,-1.0
2025-04-02 15:00:00,3367.252,3368.156,3365.817,3366.999,4687.0,-0.04104901724057536,-1.0
2025-04-02 21:00:00,3369.788,3372.394,3361.764,3367.959,152997.0,-0.04208335077713229,-1.0
2025-04-02 22:00:00,3367.44,3369.04,3361.66,3362.179,57314.0,-0.04357590717210482,-1.0
2025-04-02 23:00:00,3361.838,3363.51,3361.66,3361.674,2408.0,-0.04883549088936044,-1.0
2025-04-03 09:00:00,3352.615,3381.137,3332.355,3369.724,445913.0,-0.05137126957578721,-1.0
2025-04-03 10:00:00,3370.162,3370.162,3346.228,3348.04,135713.0,-0.0409514223247034,-1.0
2025-04-03 11:00:00,3347.758,3348.556,3340.493,3342.593,104255.0,-0.04245835493582372,-1.0
2025-04-03 13:00:00,3344.073,3347.434,3340.686,3345.468,60613.0,-0.04324686411587259,-1.0
2025-04-03 14:00:00,3345.101,3352.701,3342.895,3349.116,112520.0,-0.05321911811952768,-1.0
2025-04-03 15:00:00,3349.496,3351.182,3348.786,3349.434,6326.0,-0.04729545350050188,-1.0
2025-04-07 09:00:00,3278.085,3285.198,3237.605,3253.128,716574.0,-0.017899695308638337,-1.0
2025-04-07 10:00:00,3253.638,3288.168,3251.5,3271.491,233324.0,-0.020045600003179034,-1.0
2025-04-07 11:00:00,3271.269,3275.316,3267.397,3271.976,66725.0,-0.02151757836854555,-1.0
2025-04-07 13:00:00,3271.805,3271.821,3255.885,3258.706,114959.0,-0.01735566203272104,-1.0
2025-04-07 14:00:00,3259.1,3262.555,3239.761,3253.094,264971.0,-0.012280309145693322,-1.0
2025-04-07 15:00:00,3253.968,3255.844,3252.865,3253.52,6877.0,-0.01304771447539896,-1.0
2025-04-07 21:00:00,3253.407,3276.431,3253.407,3266.179,196919.0,-0.01704836140334011,-1.0
2025-04-07 22:00:00,3266.819,3283.069,3263.409,3276.645,106757.0,-0.004377953669073031,-1.0
2025-04-07 23:00:00,3276.207,3278.726,3275.901,3277.924,2787.0,-0.004143171104638219,-1.0
2025-04-08 09:00:00,3271.106,3271.649,3244.448,3250.622,222704.0,0.0007404736693470212,0.0
2025-04-08 10:00:00,3250.078,3251.544,3228.122,3228.787,148630.0,0.006724506757491278,1.0
2025-04-08 11:00:00,3228.016,3236.313,3222.776,3226.224,103490.0,0.006597805979993967,1.0
2025-04-08 13:00:00,3225.11,3226.944,3205.497,3215.669,154654.0,0.010161804588718595,1.0
2025-04-08 14:00:00,3215.908,3216.974,3195.151,3197.505,240665.0,0.013631878605350027,1.0
2025-04-08 15:00:00,3197.553,3198.695,3195.875,3196.617,6287.0,0.01450815033518246,1.0
2025-04-08 21:00:00,3207.906,3214.617,3194.958,3210.933,185157.0,0.010529961229337439,1.0
2025-04-08 22:00:00,3211.126,3220.106,3199.986,3200.672,97393.0,0.008189530198658278,1.0
2025-04-08 23:00:00,3200.793,3201.839,3199.983,3200.787,3462.0,0.003206398926264189,1.0
2025-04-09 09:00:00,3187.273,3187.273,3139.537,3170.879,500044.0,0.014462866605758254,1.0
2025-04-09 10:00:00,3171.622,3191.021,3163.109,3191.021,191111.0,0.014326449120829945,1.0
2025-04-09 11:00:00,3190.218,3198.232,3181.632,3194.898,104993.0,0.012983826087718597,1.0
2025-04-09 13:00:00,3196.097,3211.097,3190.017,3205.912,133353.0,0.009221712885444237,1.0
2025-04-09 14:00:00,3205.847,3225.695,3199.851,3201.571,195107.0,0.008353711349834156,1.0
2025-04-09 15:00:00,3201.452,3202.295,3200.402,3202.149,4556.0,0.009671317605770391,1.0
2025-04-09 21:00:00,3194.719,3223.414,3178.605,3213.145,246968.0,0.006280139862969174,1.0
2025-04-09 22:00:00,3212.247,3220.768,3207.087,3211.069,68685.0,0.01211870563977299,1.0
2025-04-09 23:00:00,3210.476,3213.069,3209.477,3210.496,3048.0,0.009393875588071159,1.0
2025-04-10 09:00:00,3247.321,3273.513,3238.395,3262.3,348818.0,-0.0072599086534041,-1.0
2025-04-10 10:00:00,3262.959,3272.864,3255.119,3264.343,127399.0,-0.006232800903581519,-1.0
2025-04-10 11:00:00,3264.33,3267.019,3249.539,3253.029,66245.0,-0.0049676778165825925,-1.0
2025-04-10 13:00:00,3253.561,3259.335,3243.758,3250.499,92496.0,-0.004676205099586193,-1.0
2025-04-10 14:00:00,3250.869,3258.808,3244.924,3247.51,87680.0,-0.0020769758984576937,0.0
2025-04-10 15:00:00,3247.085,3248.642,3245.882,3248.346,4802.0,-0.0005448926930813349,0.0
2025-04-10 21:00:00,3252.785,3254.535,3233.561,3241.093,134857.0,0.0019070727066455792,0.0
2025-04-10 22:00:00,3240.465,3249.836,3239.167,3242.994,71281.0,-0.0033157631497314384,-1.0
2025-04-10 23:00:00,3242.999,3245.327,3242.674,3244.744,2000.0,-0.005751763467318226,-1.0
2025-04-11 09:00:00,3240.325,3240.325,3221.463,3226.884,177886.0,0.0014078597185396562,0.0
2025-04-11 10:00:00,3226.87,3227.291,3199.648,3211.05,202843.0,0.005666370813285283,1.0
2025-04-11 11:00:00,3210.489,3219.864,3208.35,3216.739,56609.0,0.003406244647141058,1.0
2025-04-11 13:00:00,3221.095,3246.932,3220.872,3236.737,152355.0,-0.0023353766462953884,0.0
2025-04-11 14:00:00,3236.841,3241.754,3230.14,3236.38,89189.0,-0.0028686371810479937,0.0
2025-04-11 15:00:00,3235.645,3237.694,3234.745,3235.476,3411.0,-0.002871602200109093,0.0
2025-04-11 21:00:00,3234.547,3238.218,3224.707,3228.316,90995.0,-0.0008128076681464257,0.0
2025-04-11 22:00:00,3227.901,3236.935,3225.63,3233.118,63655.0,-0.006839527663388664,-1.0
2025-04-11 23:00:00,3233.84,3234.235,3232.439,3233.324,2156.0,-0.010536834539316184,-1.0
2025-04-14 09:00:00,3243.264,3257.012,3241.188,3249.983,172707.0,-0.017111474121556967,-1.0
2025-04-14 10:00:00,3249.087,3249.726,3232.004,3240.655,88175.0,-0.013768512846939937,-1.0
2025-04-14 11:00:00,3241.173,3243.908,3236.5,3238.616,44478.0,-0.012117521805610836,-1.0
2025-04-14 13:00:00,3237.737,3247.724,3236.93,3243.997,61877.0,-0.014051184387655069,-1.0
2025-04-14 14:00:00,3243.445,3249.584,3235.319,3236.869,75196.0,-0.011960941267626323,-1.0
2025-04-14 15:00:00,3237.218,3238.09,3235.133,3235.299,6283.0,-0.012853526057406143,-1.0
2025-04-14 21:00:00,3241.812,3243.72,3235.967,3240.765,74976.0,-0.014770895143584829,-1.0
2025-04-14 22:00:00,3240.443,3247.531,3240.302,3246.576,48398.0,-0.014405330415798069,-1.0
2025-04-14 23:00:00,3246.02,3247.628,3245.879,3247.274,2162.0,-0.013720739303181633,-1.0
2025-04-15 09:00:00,3245.323,3251.655,3232.233,3232.241,85051.0,-0.0066904045830740964,-1.0
2025-04-15 10:00:00,3232.891,3237.809,3225.337,3226.081,81796.0,-0.006947748677110157,-1.0
2025-04-15 11:00:00,3226.049,3232.822,3225.258,3231.427,33802.0,-0.014082323382208637,-1.0
2025-04-15 13:00:00,3231.882,3231.882,3219.109,3229.245,69144.0,-0.01340808764897051,-1.0
2025-04-15 14:00:00,3228.981,3236.799,3224.54,3227.696,111331.0,-0.01449300057998027,-1.0
2025-04-15 15:00:00,3227.996,3230.383,3226.944,3229.178,4957.0,-0.015593751722574605,-1.0
2025-04-15 21:00:00,3225.482,3232.565,3224.153,3227.096,85084.0,-0.01535219280740335,-1.0
2025-04-15 22:00:00,3227.105,3229.789,3222.452,3226.185,38956.0,-0.011263458233176257,-1.0
2025-04-15 23:00:00,3226.738,3227.573,3224.235,3225.692,1366.0,-0.013003101350035887,-1.0
2025-04-16 09:00:00,3224.502,3226.581,3208.149,3211.005,113962.0,-0.010611942366953732,-1.0
2025-04-16 10:00:00,3210.899,3211.031,3194.796,3199.255,123905.0,-0.006677179530859553,-1.0
2025-04-16 11:00:00,3200.038,3201.253,3191.484,3194.371,51064.0,-0.0056937656897085845,-1.0
2025-04-16 13:00:00,3195.809,3203.601,3193.822,3196.036,53910.0,-0.006289353436569585,-1.0
2025-04-16 14:00:00,3195.659,3199.575,3190.128,3199.372,86367.0,-0.006779455468135639,-1.0
2025-04-16 15:00:00,3198.948,3200.584,3197.437,3198.415,4476.0,-0.005850710430009782,-1.0
2025-04-16 21:00:00,3204.512,3206.73,3182.481,3198.153,181503.0,-0.00473523311736486,-1.0
2025-04-16 22:00:00,3198.72,3206.514,3192.171,3193.714,62801.0,0.0030052784939415228,1.0
2025-04-16 23:00:00,3192.989,3193.824,3192.024,3192.896,1924.0,0.0023840425745153067,0.0
2025-04-17 09:00:00,3192.104,3201.725,3186.118,3199.808,85634.0,0.0010025601536092427,0.0
2025-04-17 10:00:00,3199.744,3204.827,3188.05,3202.719,81003.0,0.0011084331781838267,0.0
2025-04-17 11:00:00,3202.719,3212.677,3198.639,3210.616,77945.0,-0.0019435522653596013,0.0
2025-04-17 13:00:00,3210.476,3213.657,3202.81,3203.667,76183.0,0.00028092807398524594,0.0
2025-04-17 14:00:00,3204.424,3204.424,3185.027,3185.921,149500.0,0.005191905260676636,1.0
2025-04-17 15:00:00,3186.572,3187.106,3185.072,3185.947,3161.0,0.00415010042539934,1.0
2025-04-17 21:00:00,3186.989,3193.807,3180.807,3180.917,126459.0,0.005203216556735033,1.0
2025-04-17 22:00:00,3181.123,3187.628,3177.452,3178.823,75646.0,0.0030442085010710363,1.0
2025-04-17 23:00:00,3177.394,3179.14,3177.304,3177.553,2130.0,0.0029393687532513683,0.0
2025-04-18 09:00:00,3178.149,3196.302,3175.54,3189.847,174868.0,-0.0012743557919862784,0.0
2025-04-18 10:00:00,3189.955,3193.653,3179.748,3183.748,64895.0,-0.0005034946233181978,0.0
2025-04-18 11:00:00,3182.973,3186.223,3176.616,3176.93,40184.0,-0.003431929567223638,-1.0
2025-04-18 13:00:00,3176.803,3183.85,3169.07,3177.893,101428.0,-0.003734549904606586,-1.0
2025-04-18 14:00:00,3177.187,3193.397,3172.475,3176.183,139866.0,-0.00028461836109569137,0.0
2025-04-18 15:00:00,3175.489,3176.401,3174.081,3175.935,4408.0,-0.0019474579926856013,0.0
2025-04-18 21:00:00,3176.626,3180.075,3165.936,3177.682,103826.0,-0.002148106701677376,0.0
2025-04-18 22:00:00,3177.789,3183.716,3175.052,3179.702,53095.0,0.004464569321275991,1.0
2025-04-18 23:00:00,3179.085,3183.423,3178.894,3183.009,3092.0,0.004955373987318333,1.0
2025-04-21 09:00:00,3184.844,3206.315,3184.844,3203.312,218110.0,0.0016623419760548686,0.0
2025-04-21 10:00:00,3203.227,3205.215,3195.496,3200.508,59376.0,0.007516619236696251,1.0
2025-04-21 11:00:00,3201.205,3205.061,3196.755,3203.016,28253.0,0.008601268304622808,1.0
2025-04-21 13:00:00,3203.996,3206.338,3202.12,3206.269,34527.0,0.007077073071535876,1.0
2025-04-21 14:00:00,3206.269,3211.032,3200.47,3204.376,89174.0,0.00757120887186771,1.0
2025-04-21 15:00:00,3204.957,3205.82,3203.553,3204.567,3520.0,0.005990824969488815,1.0
2025-04-21 21:00:00,3204.2,3210.444,3200.806,3202.462,96422.0,0.007042081998162706,1.0
2025-04-21 22:00:00,3202.624,3205.047,3198.285,3199.169,35023.0,0.005477047320726081,1.0
2025-04-21 23:00:00,3198.638,3199.354,3196.752,3197.468,2184.0,0.004795044078627319,1.0
2025-04-22 09:00:00,3196.765,3201.611,3184.902,3188.5,128686.0,0.004864356280382694,1.0
2025-04-22 10:00:00,3188.809,3192.63,3183.813,3186.893,66699.0,0.003438458711980629,1.0
2025-04-22 11:00:00,3186.829,3189.279,3182.546,3185.782,36529.0,0.004118298113304642,1.0
2025-04-22 13:00:00,3185.874,3191.402,3181.939,3182.145,45091.0,0.00547209508051959,1.0
2025-04-22 14:00:00,3182.625,3182.625,3158.427,3166.027,235146.0,0.010584874986852661,1.0
2025-04-22 15:00:00,3166.142,3167.761,3164.958,3166.025,5304.0,0.012501164709691086,1.0
2025-04-22 21:00:00,3170.223,3176.337,3162.819,3175.279,120373.0,0.009087390430888126,1.0
2025-04-22 22:00:00,3174.635,3184.183,3167.974,3169.75,73877.0,0.014597050240555179,1.0
2025-04-22 23:00:00,3169.228,3170.944,3169.086,3170.856,2070.0,0.01519305827826925,1.0
2025-04-23 09:00:00,3183.651,3210.669,3183.651,3193.898,275782.0,0.008721317963191066,1.0
2025-04-23 10:00:00,3193.63,3199.635,3190.021,3198.782,49892.0,0.0016303080359961043,0.0
2025-04-23 11:00:00,3197.866,3216.247,3197.125,3208.637,120619.0,-0.003045218265575129,-1.0
2025-04-23 13:00:00,3207.161,3226.421,3207.119,3224.565,130446.0,-0.007442554267009736,-1.0
2025-04-23 14:00:00,3224.517,3238.231,3219.017,3230.566,189655.0,0.00719719083281388,1.0
2025-04-23 15:00:00,3230.332,3230.635,3227.549,3228.96,7184.0,0.014325665229671491,1.0
2025-04-23 21:00:00,3228.762,3234.799,3223.179,3228.637,117595.0,0.014734700742139752,1.0
2025-04-23 22:00:00,3228.771,3229.553,3217.312,3223.765,61199.0,0.008090540098301314,1.0
2025-04-23 23:00:00,3224.467,3225.846,3223.616,3225.014,1757.0,0.00218975793593451,0.0
2025-04-24 09:00:00,3224.651,3225.684,3210.191,3216.691,90884.0,0.007890406632157182,1.0
2025-04-24 10:00:00,3216.706,3221.322,3212.724,3212.8,42591.0,0.00838801045816721,1.0
2025-04-24 11:00:00,3212.8,3219.405,3200.39,3204.01,93845.0,0.008960958299131334,1.0
2025-04-24 13:00:00,3201.551,3204.665,3193.304,3197.851,102494.0,0.010846033789566724,1.0
2025-04-24 14:00:00,3198.781,3202.509,3189.727,3198.902,159769.0,0.007711083365479754,1.0
2025-04-24 15:00:00,3199.549,3200.531,3197.617,3199.558,2785.0,0.00989449167666281,1.0
2025-04-24 21:00:00,3203.207,3207.878,3191.145,3199.539,119927.0,0.009737027740558872,1.0
2025-04-24 22:00:00,3199.683,3206.549,3192.817,3205.604,62722.0,0.0029888283144144227,0.0
2025-04-24 23:00:00,3204.862,3204.99,3203.064,3204.134,1415.0,0.002238358320844267,0.0
2025-04-25 09:00:00,3206.077,3218.103,3205.936,3216.019,131948.0,-0.002448679563149347,0.0
2025-04-25 10:00:00,3215.948,3223.642,3208.167,3219.031,84254.0,-0.001397004253764516,0.0
2025-04-25 11:00:00,3219.031,3225.662,3217.233,3221.753,63863.0,-0.0043861214686539635,-1.0
2025-04-25 13:00:00,3220.007,3221.091,3201.271,3203.997,94409.0,0.0011395141755751628,0.0
2025-04-25 14:00:00,3203.925,3205.12,3193.261,3198.866,178304.0,0.0023580231244447625,0.0
2025-04-25 15:00:00,3198.936,3201.295,3198.066,3200.566,5656.0,0.0005717738674973058,0.0
2025-04-25 21:00:00,3205.536,3263.008,3202.472,3253.817,666814.0,-0.015883191955786094,-1.0
2025-04-25 22:00:00,3253.663,3275.298,3251.246,3275.217,243730.0,-0.024678670146130767,-1.0
2025-04-25 23:00:00,3275.437,3277.223,3273.732,3276.21,13436.0,-0.024281410532291863,-1.0
2025-04-28 09:00:00,3265.302,3266.218,3247.572,3249.847,336114.0,-0.0175571342281652,-1.0
2025-04-28 10:00:00,3250.523,3252.585,3227.395,3232.076,156141.0,-0.00912076324937898,-1.0
2025-04-28 11:00:00,3232.168,3243.082,3229.192,3242.072,64571.0,-0.011205796786746231,-1.0
2025-04-28 13:00:00,3242.113,3244.851,3238.748,3239.749,54596.0,-0.011454899746863069,-1.0
2025-04-28 14:00:00,3239.578,3239.721,3229.936,3232.721,94575.0,-0.009500974566007998,-1.0
2025-04-28 15:00:00,3233.379,3233.607,3230.596,3232.535,5469.0,-0.008394650019257323,-1.0
2025-04-28 21:00:00,3230.253,3234.448,3215.626,3223.569,173707.0,-0.006367166330238345,-1.0
2025-04-28 22:00:00,3224.356,3233.16,3222.672,3231.216,62786.0,-0.011753160420101863,-1.0
2025-04-28 23:00:00,3231.266,3232.329,3229.611,3230.693,1702.0,-0.01051043847248876,-1.0
2025-04-29 09:00:00,3226.934,3232.414,3204.589,3215.185,175050.0,-0.006244741748919572,-1.0
2025-04-29 10:00:00,3215.186,3218.247,3206.524,3211.306,74612.0,0.006119628587247694,1.0
2025-04-29 11:00:00,3210.388,3213.224,3204.157,3208.144,44065.0,0.007078859303073689,1.0
2025-04-29 13:00:00,3207.331,3215.321,3205.525,3214.534,54529.0,0.005379628897998938,1.0
2025-04-29 14:00:00,3213.829,3217.66,3200.691,3207.622,128993.0,0.005983248649622683,1.0
2025-04-29 15:00:00,3206.864,3208.68,3206.468,3207.648,3640.0,0.003734823771186869,1.0
2025-04-29 21:00:00,3207.182,3210.639,3201.292,3206.409,105232.0,0.0007363377535429436,0.0
2025-04-29 22:00:00,3207.228,3207.309,3200.577,3202.396,56062.0,0.0019007643027283286,0.0
2025-04-29 23:00:00,3202.261,3203.158,3200.534,3202.136,1555.0,0.005124079676815695,1.0
2025-04-30 09:00:00,3202.239,3203.508,3188.7,3194.389,123085.0,0.006780639427446017,1.0
2025-04-30 10:00:00,3193.685,3198.628,3192.433,3196.659,45706.0,0.0034320207441581986,1.0
2025-04-30 11:00:00,3197.604,3199.692,3191.889,3192.789,30602.0,0.00485625576885903,1.0
2025-04-30 13:00:00,3193.658,3207.498,3193.658,3202.597,71219.0,0.0026331755134973247,0.0
2025-04-30 14:00:00,3202.604,3209.467,3199.746,3205.742,100394.0,0.0022169594433987423,0.0
2025-04-30 15:00:00,3205.635,3205.661,3201.368,3202.638,5105.0,-0.000513326826197584,0.0
2025-05-06 09:00:00,3223.891,3231.769,3192.979,3202.007,244475.0,-0.0006124283925676115,0.0
2025-05-06 10:00:00,3202.193,3208.932,3189.117,3205.399,119581.0,-0.004549823594504096,-1.0
2025-05-06 11:00:00,3205.232,3205.25,3196.366,3203.044,28641.0,-0.004027731120771316,-1.0
2025-05-06 13:00:00,3203.07,3205.039,3192.247,3193.239,46874.0,-0.001302439310054808,0.0
2025-05-06 14:00:00,3193.258,3199.919,3192.191,3196.737,51650.0,-0.008230580119665818,-1.0
2025-05-06 15:00:00,3196.78,3196.864,3194.226,3195.107,2360.0,-0.010106703781751257,-1.0
2025-05-06 21:00:00,3203.561,3241.808,3203.561,3230.958,248635.0,-0.02085232924723876,-1.0
2025-05-06 22:00:00,3231.831,3233.68,3224.218,3230.854,47067.0,-0.015658089161565317,-1.0
2025-05-06 23:00:00,3230.885,3232.733,3230.063,3231.827,2071.0,-0.01711044557768724,-1.0
2025-05-07 09:00:00,3242.971,3263.371,3221.117,3226.814,321208.0,-0.016253803287081273,-1.0
2025-05-07 10:00:00,3226.709,3228.666,3210.9,3219.628,93081.0,-0.014342961360753505,-1.0
2025-05-07 11:00:00,3218.782,3219.578,3202.837,3208.77,84348.0,-0.015051873459300534,-1.0
2025-05-07 13:00:00,3209.671,3210.471,3203.872,3208.483,47343.0,-0.01613971462526063,-1.0
2025-05-07 14:00:00,3208.445,3218.661,3205.874,3218.544,86073.0,-0.017066101939261943,-1.0
2025-05-07 15:00:00,3218.57,3218.57,3215.877,3216.049,3519.0,-0.016308831115446256,-1.0
2025-05-07 21:00:00,3223.375,3223.704,3201.278,3207.63,123596.0,-0.01349064574156001,-1.0
2025-05-07 22:00:00,3207.825,3208.318,3203.108,3208.294,33671.0,-0.009916485209896617,-1.0
2025-05-07 23:00:00,3207.348,3211.947,3207.285,3211.03,6673.0,-0.005712497236089448,-1.0
2025-05-08 09:00:00,3210.208,3215.827,3203.168,3212.849,80004.0,-0.004579424678844288,-1.0
2025-05-08 10:00:00,3212.981,3218.796,3193.964,3200.994,134762.0,0.0031933830553883425,1.0
2025-05-08 11:00:00,3201.184,3207.678,3198.953,3200.046,65359.0,0.005643981367767885,1.0
2025-05-08 13:00:00,3201.609,3201.609,3180.839,3190.815,174185.0,0.008998014613821166,1.0
2025-05-08 14:00:00,3191.609,3195.829,3183.612,3190.143,128062.0,0.012584075384708454,1.0
2025-05-08 15:00:00,3189.441,3190.42,3187.475,3189.08,3932.0,0.010913805862505892,1.0
2025-05-08 21:00:00,3185.326,3188.65,3167.276,3170.426,193420.0,0.017208728416938355,1.0
2025-05-08 22:00:00,3170.407,3170.428,3161.473,3162.815,83127.0,0.018446225909514183,1.0
2025-05-08 23:00:00,3162.944,3163.803,3161.826,3163.585,2288.0,0.018154720040713224,1.0
2025-05-09 09:00:00,3166.536,3187.023,3165.665,3180.265,154609.0,0.011596517900237907,1.0
2025-05-09 10:00:00,3180.335,3183.39,3173.757,3176.529,41918.0,0.009557287215070261,1.0
2025-05-09 11:00:00,3175.54,3178.328,3172.395,3174.366,32502.0,0.013058985636816983,1.0
2025-05-09 13:00:00,3175.552,3181.508,3169.601,3173.449,43008.0,0.013129563449735513,1.0
2025-05-09 14:00:00,3173.449,3174.447,3157.526,3160.472,137040.0,0.01702150817979081,1.0
2025-05-09 15:00:00,3160.414,3160.48,3155.907,3156.699,5947.0,0.026460869408201415,1.0
2025-05-09 21:00:00,3160.317,3166.747,3151.986,3163.616,119836.0,0.023761101220881365,1.0
2025-05-09 22:00:00,3163.007,3164.677,3155.125,3163.599,47805.0,0.028338926646518662,1.0
2025-05-09 23:00:00,3163.691,3164.751,3162.721,3164.357,2460.0,0.02824712887957965,1.0
2025-05-12 09:00:00,3182.217,3202.478,3167.769,3176.479,298946.0,0.024350231813275145,1.0
2025-05-12 10:00:00,3175.51,3195.023,3175.51,3192.687,124750.0,0.021301493068377832,1.0
2025-05-12 11:00:00,3192.758,3201.195,3191.898,3198.136,96054.0,0.020886228728234205,1.0
2025-05-12 13:00:00,3198.193,3216.157,3198.084,3211.216,114206.0,0.01755472070393281,1.0
2025-05-12 14:00:00,3211.327,3220.285,3211.327,3218.107,146101.0,0.01176716622536166,1.0
2025-05-12 15:00:00,3218.089,3219.797,3217.026,3219.526,6366.0,0.01159332150136395,1.0
2025-05-12 21:00:00,3242.276,3255.012,3228.703,3230.288,271341.0,0.008282233658422997,1.0
2025-05-12 22:00:00,3229.611,3230.393,3218.73,3223.885,98452.0,0.010358620112069748,1.0
2025-05-12 23:00:00,3223.979,3225.15,3223.011,3224.985,3255.0,0.008759420586452276,1.0
2025-05-13 09:00:00,3222.264,3225.969,3211.46,3221.157,117111.0,0.01057259860354526,1.0
2025-05-13 10:00:00,3220.987,3224.93,3217.109,3221.019,43157.0,0.0118338327094625,1.0
2025-05-13 11:00:00,3220.237,3226.87,3215.046,3217.145,45510.0,0.013101367827685692,1.0
2025-05-13 13:00:00,3217.363,3220.983,3202.054,3206.888,82678.0,0.016594592639343844,1.0
2025-05-13 14:00:00,3206.812,3218.333,3204.899,3215.82,92964.0,0.0097965682158827,1.0
2025-05-13 15:00:00,3215.858,3216.848,3214.923,3215.115,3049.0,0.010929935632162482,1.0
2025-05-13 21:00:00,3219.444,3221.55,3207.277,3214.268,93698.0,0.011296506700748023,1.0
2025-05-13 22:00:00,3214.084,3247.041,3212.455,3240.228,241754.0,-0.00015369288827824686,0.0
2025-05-13 23:00:00,3240.245,3241.14,3238.416,3238.787,3020.0,-9.015721009128305e-05,0.0
2025-05-14 09:00:00,3242.862,3263.024,3240.326,3253.252,246110.0,-0.006321367050569723,-1.0
2025-05-14 10:00:00,3253.356,3258.168,3242.954,3253.741,91414.0,-0.0084072456904222,-1.0
2025-05-14 11:00:00,3253.741,3257.722,3251.999,3253.827,40138.0,-0.009086223699047323,-1.0
2025-05-14 13:00:00,3258.318,3268.478,3255.782,3260.696,97087.0,-0.010632085910492766,-1.0
2025-05-14 14:00:00,3261.454,3269.577,3255.65,3264.933,96283.0,-0.010768061702950766,-1.0
2025-05-14 15:00:00,3265.019,3267.678,3264.031,3267.588,5053.0,-0.013163532244579296,-1.0
2025-05-14 21:00:00,3267.209,3269.56,3254.725,3255.975,99009.0,-0.00845614600849205,-1.0
2025-05-14 22:00:00,3256.8,3261.547,3255.744,3256.851,33239.0,-0.013015639954053878,-1.0
2025-05-14 23:00:00,3257.538,3258.61,3256.712,3257.042,1041.0,-0.015889877993590474,-1.0
2025-05-15 09:00:00,3255.482,3269.176,3249.914,3257.28,103604.0,-0.016977048334806948,-1.0
2025-05-15 10:00:00,3258.146,3263.027,3251.405,3253.234,43880.0,-0.01574894397390416,-1.0
2025-05-15 11:00:00,3254.14,3256.973,3249.228,3255.213,47737.0,-0.014544363149201066,-1.0
2025-05-15 13:00:00,3254.305,3260.015,3246.384,3259.136,62668.0,-0.015929681977063834,-1.0
2025-05-15 14:00:00,3258.255,3261.384,3252.607,3259.294,78155.0,-0.01692697866470471,-1.0
2025-05-15 15:00:00,3259.322,3261.385,3259.17,3260.105,2945.0,-0.01800310112711094,-1.0
2025-05-15 21:00:00,3256.58,3258.172,3242.474,3247.324,107066.0,-0.013861875193236069,-1.0
2025-05-15 22:00:00,3248.125,3253.406,3244.238,3250.256,48430.0,-0.011387718382798132,-1.0
2025-05-15 23:00:00,3249.688,3250.578,3248.643,3250.578,1217.0,-0.012758961636976611,-1.0
2025-05-16 09:00:00,3249.441,3256.452,3235.789,3239.73,106893.0,-0.009227620820253534,-1.0
2025-05-16 10:00:00,3239.521,3248.397,3231.561,3238.495,83655.0,-0.010049729889964266,-1.0
2025-05-16 11:00:00,3237.526,3242.473,3231.503,3232.687,44952.0,-0.009202561213009424,-1.0
2025-05-16 13:00:00,3233.403,3235.028,3225.378,3226.386,54890.0,-0.00766368314268662,-1.0
2025-05-16 14:00:00,3226.416,3234.498,3221.522,3224.262,79995.0,-0.005962294627421766,-1.0
2025-05-16 15:00:00,3224.259,3226.136,3224.056,3226.028,2946.0,-0.006168266363466122,-1.0
2025-05-16 21:00:00,3223.731,3236.151,3217.497,3229.776,104325.0,-0.007295862004052247,-1.0
2025-05-16 22:00:00,3229.776,3232.537,3216.587,3224.575,70247.0,-0.005018025631284756,-1.0
2025-05-16 23:00:00,3225.454,3228.625,3224.648,3228.442,2646.0,-0.005081398395882658,-1.0
2025-05-19 09:00:00,3228.253,3232.368,3212.331,3214.461,131965.0,-0.0035402513827355988,-1.0
2025-05-19 10:00:00,3215.056,3218.179,3203.381,3205.288,90683.0,0.0006532954293030926,0.0
2025-05-19 11:00:00,3205.403,3207.178,3200.087,3201.981,49769.0,0.002830747590319821,0.0
2025-05-19 13:00:00,3203.696,3207.082,3200.114,3201.999,35709.0,0.0029003756715727464,0.0
2025-05-19 14:00:00,3201.082,3208.108,3200.901,3207.868,72151.0,0.0023938017399718716,0.0
2025-05-19 15:00:00,3207.995,3209.068,3206.414,3207.219,2975.0,0.004114156220700914,1.0
2025-05-19 21:00:00,3207.891,3210.051,3201.089,3204.124,78356.0,0.005560022021619655,1.0
2025-05-19 22:00:00,3204.064,3206.831,3200.326,3201.413,39359.0,0.004043527030095824,1.0
2025-05-19 23:00:00,3201.066,3202.31,3200.295,3202.31,1681.0,0.005047606259231684,1.0
2025-05-20 09:00:00,3204.623,3216.922,3200.938,3213.243,105688.0,0.0003255278234482349,0.0
2025-05-20 10:00:00,3214.13,3221.944,3206.112,3209.104,66903.0,-0.0012115531313413091,0.0
2025-05-20 11:00:00,3209.964,3213.685,3206.22,3209.835,22284.0,8.224721831499865e-05,0.0
2025-05-20 13:00:00,3211.842,3214.828,3205.014,3205.949,40194.0,0.00124518512303213,0.0
2025-05-20 14:00:00,3206.134,3206.905,3191.422,3202.938,133245.0,0.0006981090486296882,0.0
2025-05-20 15:00:00,3202.791,3202.803,3200.864,3201.66,3329.0,0.003455082675862007,1.0
2025-05-20 21:00:00,3202.297,3205.25,3197.311,3205.038,68522.0,0.0022870243660137344,0.0
2025-05-20 22:00:00,3205.134,3212.174,3204.16,3206.129,52698.0,0.00012257772535042386,0.0
2025-05-20 23:00:00,3205.347,3207.042,3205.256,3206.212,1142.0,0.00042199330549572687,0.0
2025-05-21 09:00:00,3206.862,3213.076,3196.474,3208.394,66794.0,-0.0029669049374857885,0.0
2025-05-21 10:00:00,3208.177,3218.08,3205.349,3212.037,65361.0,-0.0032776708362947855,-1.0
2025-05-21 11:00:00,3212.037,3212.44,3202.311,3203.081,39811.0,-0.0030826569793271697,-1.0
2025-05-21 13:00:00,3203.419,3209.158,3202.432,3207.382,26099.0,-0.005375100315459847,-1.0
2025-05-21 14:00:00,3208.152,3215.259,3205.429,3211.045,76145.0,-0.00944427748598977,-1.0
2025-05-21 15:00:00,3211.153,3212.117,3210.227,3211.286,3669.0,-0.01099372650084735,-1.0
2025-05-21 21:00:00,3209.68,3218.204,3206.413,3215.547,71555.0,-0.012600966491859779,-1.0
2025-05-21 22:00:00,3215.482,3225.023,3215.451,3220.414,74641.0,-0.020422529525707014,-1.0
2025-05-21 23:00:00,3220.639,3224.302,3219.776,3221.939,4009.0,-0.027813996478517993,-1.0
2025-05-22 09:00:00,3219.637,3220.649,3208.419,3214.358,72370.0,-0.023111613578823582,-1.0
2025-05-22 10:00:00,3213.482,3226.417,3213.482,3218.474,74070.0,-0.025103201082252124,-1.0
2025-05-22 11:00:00,3218.443,3223.375,3213.336,3214.289,37603.0,-0.02422246412814783,-1.0
2025-05-22 13:00:00,3214.415,3217.155,3203.157,3205.216,82222.0,-0.021002328704212137,-1.0
2025-05-22 14:00:00,3205.216,3213.954,3202.231,3210.099,96336.0,-0.022946332807804466,-1.0
2025-05-22 15:00:00,3209.898,3211.884,3209.131,3209.941,2285.0,-0.023923181142581722,-1.0
2025-05-22 21:00:00,3213.852,3214.859,3205.034,3205.174,76538.0,-0.022571941492099883,-1.0
2025-05-22 22:00:00,3205.174,3215.785,3203.94,3212.722,58104.0,-0.031105399097712153,-1.0
2025-05-22 23:00:00,3212.626,3213.58,3211.51,3212.368,2060.0,-0.03290345315356144,-1.0
2025-05-23 09:00:00,3212.368,3212.411,3204.599,3206.522,59318.0,-0.03060543479820183,-1.0
2025-05-23 10:00:00,3206.586,3218.595,3205.608,3207.565,68837.0,-0.03096772785586578,-1.0
2025-05-23 11:00:00,3207.532,3209.473,3196.299,3198.875,71174.0,-0.027095775858700304,-1.0
2025-05-23 13:00:00,3197.841,3202.373,3195.62,3201.509,44189.0,-0.027875292557353402,-1.0
2025-05-23 14:00:00,3201.574,3202.337,3190.398,3193.207,120666.0,-0.026594580307509042,-1.0
2025-05-23 15:00:00,3192.539,3193.335,3189.76,3190.142,4778.0,-0.02691228164765074,-1.0
2025-05-23 21:00:00,3183.709,3188.82,3174.063,3180.719,142872.0,-0.023777957122273253,-1.0
2025-05-23 22:00:00,3179.956,3184.071,3174.325,3175.982,52934.0,-0.022571286613085387,-1.0
2025-05-23 23:00:00,3175.154,3176.464,3174.136,3175.028,5473.0,-0.02469206570776689,-1.0
2025-05-26 09:00:00,3173.536,3173.722,3153.687,3154.645,216588.0,-0.020222560700173895,-1.0
2025-05-26 10:00:00,3153.68,3154.443,3127.306,3132.324,219197.0,-0.012731441575009451,-1.0
2025-05-26 11:00:00,3131.537,3146.254,3130.481,3140.069,98547.0,-0.011580637240774018,-1.0
2025-05-26 13:00:00,3141.834,3143.912,3132.54,3137.68,57033.0,-0.011428188980393068,-1.0
2025-05-26 14:00:00,3136.96,3141.89,3134.801,3136.431,100014.0,-0.014821623686285488,-1.0
2025-05-26 15:00:00,3135.583,3139.096,3134.335,3137.899,7606.0,-0.01784219313623545,-1.0
2025-05-26 21:00:00,3139.706,3150.889,3131.776,3136.439,165844.0,-0.017792789848614956,-1.0
2025-05-26 22:00:00,3136.562,3136.562,3131.742,3133.149,38442.0,-0.009418000867497783,-1.0
2025-05-26 23:00:00,3133.912,3134.13,3132.056,3132.827,1213.0,-0.007378958365718945,-1.0
2025-05-27 09:00:00,3130.915,3132.815,3108.478,3112.789,189985.0,-0.006294997829920452,-1.0
2025-05-27 10:00:00,3113.656,3115.549,3099.787,3106.67,134943.0,0.0027115850734065667,0.0
2025-05-27 11:00:00,3106.67,3109.429,3101.104,3108.385,45651.0,0.001126308356268528,0.0
2025-05-27 13:00:00,3109.096,3109.991,3099.351,3108.234,76764.0,0.0012283502464744325,0.0
2025-05-27 14:00:00,3108.234,3120.341,3104.929,3112.199,134274.0,-0.0050697272250265,-1.0
2025-05-27 15:00:00,3111.365,3113.291,3111.356,3112.266,3592.0,-0.004191801086411083,-1.0
2025-05-27 21:00:00,3111.669,3113.094,3105.267,3108.285,87129.0,-0.0025203609064161853,0.0
2025-05-27 22:00:00,3108.476,3111.152,3103.298,3104.288,36466.0,-0.008733081466668083,-1.0
2025-05-27 23:00:00,3105.169,3105.277,3103.34,3105.088,1288.0,-0.005753138075313817,-1.0
2025-05-28 09:00:00,3108.155,3116.721,3094.446,3104.296,135330.0,-0.006211070078368799,-1.0
2025-05-28 10:00:00,3104.462,3106.005,3093.306,3096.63,67649.0,-0.0041086600594840055,-1.0
2025-05-28 11:00:00,3097.382,3103.675,3089.713,3090.85,48452.0,-0.0033094456217544737,-1.0
2025-05-28 13:00:00,3091.925,3093.891,3085.918,3092.445,54428.0,-0.004419157010068139,-1.0
2025-05-28 14:00:00,3092.453,3104.615,3088.702,3103.705,103739.0,-0.01726130543978892,-1.0
2025-05-28 15:00:00,3104.38,3104.416,3101.663,3101.822,2986.0,-0.015533773375777202,-1.0
2025-05-28 21:00:00,3102.035,3109.48,3089.136,3089.944,132816.0,-0.007120841024950665,-1.0
2025-05-28 22:00:00,3089.167,3091.938,3078.921,3081.912,99779.0,-0.008832503978049992,-1.0
2025-05-28 23:00:00,3080.855,3081.722,3079.788,3080.633,2402.0,-0.008385614255251967,-1.0
2025-05-29 09:00:00,3093.15,3107.666,3086.061,3103.641,217721.0,-0.016269600768903325,-1.0
2025-05-29 10:00:00,3103.692,3112.802,3099.904,3109.71,104372.0,-0.009324663714622856,-1.0
2025-05-29 11:00:00,3109.576,3109.582,3092.192,3093.194,66772.0,-0.003146585697502379,-1.0
2025-05-29 13:00:00,3094.064,3117.903,3091.176,3115.094,101956.0,-0.010100497769890714,-1.0
2025-05-29 14:00:00,3115.225,3127.976,3109.206,3111.886,190608.0,-0.011098092924997914,-1.0
2025-05-29 15:00:00,3111.85,3112.929,3110.986,3112.052,3107.0,-0.013296050323066631,-1.0
2025-05-29 21:00:00,3109.414,3109.562,3094.479,3096.421,126679.0,-0.006081537362005902,-1.0
2025-05-29 22:00:00,3096.335,3101.039,3094.437,3099.22,40783.0,-0.006635863217196522,-1.0
2025-05-29 23:00:00,3099.989,3100.451,3098.37,3100.451,1652.0,-0.0014710763047053959,0.0
2025-05-30 09:00:00,3096.605,3099.329,3071.229,3077.178,214634.0,0.006684046226770181,1.0
2025-05-30 10:00:00,3077.114,3089.168,3068.434,3087.224,103585.0,0.001148928616776763,0.0
2025-05-30 11:00:00,3086.318,3093.622,3078.793,3085.015,74402.0,0.0016320828261776068,0.0
2025-05-30 13:00:00,3084.738,3091.762,3081.005,3083.907,36299.0,0.0017847490212901703,0.0
2025-05-30 14:00:00,3084.095,3088.981,3077.582,3080.621,91605.0,0.001798338711577946,0.0
2025-05-30 15:00:00,3081.39,3082.342,3078.694,3078.779,4364.0,-0.0023541800174679793,0.0
2025-06-03 09:00:00,3051.723,3057.664,3027.694,3050.131,348189.0,0.0029952811862834637,0.0
2025-06-03 10:00:00,3050.091,3056.22,3037.019,3053.639,126884.0,0.003258734906123488,1.0
2025-06-03 11:00:00,3053.009,3070.666,3053.001,3067.941,113231.0,0.0032885247793228087,1.0
2025-06-03 13:00:00,3066.202,3066.309,3053.732,3054.691,59620.0,0.007466876355088027,1.0
2025-06-03 14:00:00,3054.686,3058.686,3048.999,3054.8,67304.0,0.010122757627340504,1.0
2025-06-03 15:00:00,3054.612,3055.702,3052.96,3053.146,3378.0,0.018018463578223877,1.0
2025-06-03 21:00:00,3055.908,3081.709,3054.753,3080.713,180843.0,0.008319178060403519,1.0
2025-06-03 22:00:00,3080.051,3086.401,3078.039,3083.461,102446.0,0.004540676856298881,1.0
2025-06-03 23:00:00,3083.547,3084.524,3082.736,3083.63,2040.0,0.006717083437377291,1.0
2025-06-04 09:00:00,3084.395,3086.073,3070.55,3077.35,114765.0,0.0052522462508327004,1.0
2025-06-04 10:00:00,3077.35,3081.752,3063.073,3070.674,78937.0,0.008633609429069959,1.0
2025-06-04 11:00:00,3070.674,3080.486,3067.11,3077.59,35368.0,0.004765092166272948,1.0
2025-06-04 13:00:00,3075.874,3082.456,3071.801,3078.654,50475.0,0.004338259512111533,1.0
2025-06-04 14:00:00,3078.85,3112.355,3078.85,3095.89,337550.0,-0.000452858467193616,0.0
2025-06-04 15:00:00,3095.937,3098.64,3095.125,3097.746,3481.0,-0.005529181540384575,-1.0
2025-06-04 21:00:00,3095.092,3098.628,3087.336,3090.771,153132.0,-0.00447137623589718,-1.0
2025-06-04 22:00:00,3090.002,3094.707,3087.613,3090.05,39104.0,-0.0012873578097442001,0.0
2025-06-04 23:00:00,3089.197,3090.173,3089.05,3089.411,1096.0,0.0016563027709811788,0.0
2025-06-05 09:00:00,3089.679,3092.37,3084.335,3086.161,77081.0,0.002657022754159559,0.0
2025-06-05 10:00:00,3085.162,3085.972,3070.604,3071.531,109809.0,0.009766464997423124,1.0
2025-06-05 11:00:00,3071.618,3076.276,3057.453,3059.267,90540.0,0.011838783604046428,1.0
2025-06-05 13:00:00,3060.251,3066.461,3050.358,3063.59,142508.0,0.01053306741437326,1.0
2025-06-05 14:00:00,3063.638,3079.165,3058.654,3078.03,122992.0,-0.0010185085915342664,0.0
2025-06-05 15:00:00,3078.182,3079.123,3077.09,3077.5,3613.0,0.0002121852152720691,0.0
2025-06-05 21:00:00,3081.583,3099.123,3078.642,3085.723,211850.0,-0.002508650322793065,0.0
2025-06-05 22:00:00,3085.805,3111.864,3085.047,3108.159,125389.0,-0.006242602132001692,-1.0
2025-06-05 23:00:00,3108.937,3109.982,3106.342,3106.342,5312.0,-0.0025087385741815035,0.0
2025-06-06 09:00:00,3106.279,3121.04,3095.793,3097.462,181804.0,-0.0005640101476627779,0.0
2025-06-06 10:00:00,3097.594,3108.127,3092.883,3104.343,72234.0,-0.005108649398600581,-1.0
2025-06-06 11:00:00,3104.393,3107.559,3091.902,3093.513,40004.0,-0.0007968287186768395,0.0
2025-06-06 13:00:00,3092.089,3097.993,3086.887,3097.185,48756.0,-0.002454809770808029,0.0
2025-06-06 14:00:00,3097.861,3098.043,3089.129,3092.255,63347.0,0.0007479978203609023,0.0
2025-06-06 15:00:00,3092.106,3092.307,3090.998,3092.01,2081.0,0.004203091193107279,1.0
2025-06-06 21:00:00,3088.049,3097.306,3076.386,3094.488,118341.0,0.0034147813790197305,1.0
2025-06-06 22:00:00,3095.436,3096.451,3076.612,3080.618,83045.0,0.010721874636842413,1.0
2025-06-06 23:00:00,3080.415,3080.603,3075.9,3076.951,5796.0,0.00850322283325271,1.0
2025-06-09 09:00:00,3077.188,3092.976,3077.188,3086.072,132934.0,0.007551346825349534,1.0
2025-06-09 10:00:00,3085.316,3100.969,3084.272,3094.528,99504.0,0.004538656622270044,1.0
2025-06-09 11:00:00,3096.225,3100.316,3093.502,3094.361,32294.0,0.004500121349771465,1.0
2025-06-09 13:00:00,3094.443,3102.652,3090.75,3101.529,45825.0,0.002062208671916395,0.0
2025-06-09 14:00:00,3101.529,3102.44,3087.606,3095.485,76289.0,0.0002594100762884923,0.0
2025-06-09 15:00:00,3095.725,3096.614,3094.814,3095.859,2133.0,-0.0011722110083178547,0.0
2025-06-09 21:00:00,3097.791,3100.568,3073.155,3074.895,146578.0,0.005646371664723537,1.0
2025-06-09 22:00:00,3074.895,3080.494,3073.792,3078.153,43948.0,0.00412942436584544,1.0
2025-06-09 23:00:00,3078.999,3078.999,3077.148,3077.982,1617.0,0.005028619400633294,1.0
2025-06-10 09:00:00,3077.401,3093.574,3069.029,3088.756,122887.0,-0.0015478723473139183,0.0
2025-06-10 10:00:00,3089.251,3098.689,3088.443,3098.549,81708.0,-0.004312018302760381,-1.0
2025-06-10 11:00:00,3097.859,3098.772,3093.711,3095.715,30394.0,-0.004730732641732195,-1.0
2025-06-10 13:00:00,3089.214,3096.464,3077.217,3088.484,95165.0,-0.0028211251863372896,0.0
2025-06-10 14:00:00,3088.325,3095.32,3087.572,3091.048,67069.0,-0.009673741721254276,-1.0
2025-06-10 15:00:00,3090.47,3091.333,3089.239,3089.582,2735.0,-0.007202592454254233,-1.0
2025-06-10 21:00:00,3091.723,3099.803,3088.229,3094.568,86438.0,-0.008745000917737259,-1.0
2025-06-10 22:00:00,3094.463,3105.267,3092.715,3105.006,79354.0,-0.014011567127406472,-1.0
2025-06-10 23:00:00,3104.435,3105.273,3103.201,3105.055,2639.0,-0.007260418897571821,-1.0
2025-06-11 09:00:00,3101.721,3115.115,3095.448,3113.648,158486.0,-0.009141688463178864,-1.0
2025-06-11 10:00:00,3113.704,3116.202,3100.933,3103.115,92351.0,-0.006555670672856098,-1.0
2025-06-11 11:00:00,3103.76,3110.233,3098.328,3109.376,44690.0,-0.008105806438333665,-1.0
2025-06-11 13:00:00,3108.207,3113.184,3106.255,3108.573,51662.0,-0.00836911341634894,-1.0
2025-06-11 14:00:00,3109.325,3125.088,3107.292,3108.286,168587.0,-0.010836840625347923,-1.0
2025-06-11 15:00:00,3108.302,3109.159,3106.075,3107.925,3684.0,-0.005109196650498439,-1.0
2025-06-11 21:00:00,3104.316,3111.036,3094.215,3096.288,131800.0,-0.0001285410142726188,0.0
2025-06-11 22:00:00,3096.219,3096.967,3088.195,3092.23,58824.0,0.0019164163079718943,0.0
2025-06-11 23:00:00,3092.806,3093.111,3091.007,3092.257,1729.0,0.0018517218976301494,0.0
2025-06-12 09:00:00,3094.498,3098.69,3090.677,3090.864,62597.0,0.002412917553150214,0.0
2025-06-12 10:00:00,3091.612,3101.425,3090.806,3093.46,49718.0,0.002810445261939692,0.0
2025-06-12 11:00:00,3093.519,3094.29,3083.111,3083.975,66266.0,0.006501025462268656,1.0
2025-06-12 13:00:00,3083.01,3088.008,3077.397,3085.188,85035.0,0.006039178163534949,1.0
2025-06-12 14:00:00,3085.855,3086.021,3076.989,3081.07,102683.0,0.00412778677537344,1.0
2025-06-12 15:00:00,3081.035,3081.997,3078.157,3079.771,6642.0,0.0036762473573521085,1.0
2025-06-12 21:00:00,3077.872,3077.872,3057.487,3061.146,206340.0,0.009687548388740603,1.0
2025-06-12 22:00:00,3060.4,3067.409,3055.588,3067.329,87657.0,0.007353629167265735,1.0
2025-06-12 23:00:00,3067.259,3068.37,3066.405,3067.506,2807.0,0.005751577992023497,1.0
2025-06-13 09:00:00,3062.2,3067.438,3050.69,3061.5,191839.0,0.0086960640209048,1.0
2025-06-13 10:00:00,3060.529,3086.172,3055.787,3082.511,163405.0,0.0021213225192060025,0.0
2025-06-13 11:00:00,3083.461,3096.375,3076.654,3085.184,128553.0,0.0024893166825705813,0.0
2025-06-13 13:00:00,3082.64,3085.373,3077.593,3082.772,41677.0,0.0034177032878202015,1.0
2025-06-13 14:00:00,3082.634,3092.459,3079.493,3084.172,96576.0,0.004866460106634784,1.0
2025-06-13 15:00:00,3083.332,3084.572,3081.672,3082.557,2969.0,0.00570111112300602,1.0
2025-06-13 21:00:00,3076.548,3080.505,3063.904,3074.602,166602.0,0.008782925399775439,1.0
2025-06-13 22:00:00,3074.521,3100.912,3074.521,3092.046,170958.0,0.00013874308467600008,0.0
2025-06-13 23:00:00,3091.172,3096.189,3091.112,3095.89,2997.0,-6.007965399277572e-05,0.0
2025-06-16 09:00:00,3094.958,3100.048,3087.191,3098.156,141266.0,0.0017229603673927952,0.0
2025-06-16 10:00:00,3098.216,3105.972,3095.25,3097.983,76975.0,0.002013890973578626,0.0
2025-06-16 11:00:00,3098.092,3100.99,3094.929,3098.322,24403.0,0.0017041482454050111,0.0
2025-06-16 13:00:00,3097.49,3103.147,3094.397,3102.154,34796.0,0.00022274845155972385,0.0
2025-06-16 14:00:00,3102.133,3105.128,3097.164,3104.024,72450.0,0.0016916750643681247,0.0
2025-06-16 15:00:00,3103.948,3104.835,3102.955,3103.82,3201.0,0.00023777152025562982,0.0
2025-06-16 21:00:00,3096.324,3103.936,3092.858,3093.788,98201.0,0.0031760417973047995,1.0
2025-06-16 22:00:00,3092.94,3095.611,3086.806,3091.093,73457.0,0.0036961036112469546,1.0
2025-06-16 23:00:00,3091.056,3091.969,3089.981,3090.801,1446.0,0.0015656135739570234,0.0
2025-06-17 09:00:00,3092.933,3099.797,3088.565,3089.885,71708.0,0.0021796927717373533,0.0
2025-06-17 10:00:00,3089.629,3094.388,3084.523,3085.149,48602.0,0.004978041579191208,1.0
2025-06-17 11:00:00,3085.84,3090.674,3083.976,3088.123,29348.0,0.005254648211874936,1.0
2025-06-17 13:00:00,3088.822,3091.495,3085.16,3089.05,36649.0,0.004681374532623229,1.0
2025-06-17 14:00:00,3089.852,3097.619,3087.93,3092.864,63748.0,0.004746086475189367,1.0
2025-06-17 15:00:00,3093.939,3094.113,3092.797,3093.308,1347.0,0.005721383063050904,1.0
2025-06-17 21:00:00,3093.125,3100.175,3086.326,3099.181,92028.0,0.004178523293734641,1.0
2025-06-17 22:00:00,3099.439,3102.975,3093.365,3100.131,70382.0,0.008195137560315983,1.0
2025-06-17 23:00:00,3099.285,3101.919,3099.203,3101.606,3369.0,0.007991666252902466,1.0
2025-06-18 09:00:00,3100.712,3112.924,3091.417,3092.475,147335.0,0.0065931009951576405,1.0
2025-06-18 10:00:00,3092.3,3098.07,3087.3,3095.704,94872.0,0.005402325286913641,1.0
2025-06-18 11:00:00,3095.814,3105.156,3094.099,3103.494,47982.0,0.003933953150867968,1.0
2025-06-18 13:00:00,3103.506,3105.355,3099.309,3104.222,45991.0,0.003744255404413599,1.0
2025-06-18 14:00:00,3104.109,3106.353,3099.47,3103.602,56661.0,0.004317886120707583,1.0
2025-06-18 15:00:00,3104.328,3104.539,3102.487,3102.845,2668.0,0.006094084622338566,1.0
2025-06-18 21:00:00,3103.511,3120.2,3100.458,3109.275,146129.0,0.0042952135144044895,1.0
2025-06-18 22:00:00,3109.342,3110.223,3101.443,3104.558,54018.0,0.0014072856748046396,0.0
2025-06-18 23:00:00,3103.741,3104.705,3102.717,3103.614,1102.0,0.0032813358877746206,1.0
2025-06-19 09:00:00,3106.044,3108.501,3100.466,3102.518,75804.0,0.002929878247281771,0.0
2025-06-19 10:00:00,3102.337,3103.437,3092.737,3095.64,65789.0,0.0065492111485832795,1.0
2025-06-19 11:00:00,3095.643,3099.56,3093.667,3096.62,31821.0,0.005707513353269042,1.0
2025-06-19 13:00:00,3096.378,3101.485,3095.535,3100.507,30286.0,0.004136097741433923,1.0
2025-06-19 14:00:00,3101.418,3106.435,3097.595,3104.35,73575.0,0.004317167845120571,1.0
2025-06-19 15:00:00,3104.333,3105.333,3102.676,3103.511,2510.0,0.006889294093044896,1.0
2025-06-19 21:00:00,3104.254,3114.162,3104.254,3107.543,90294.0,0.005198962653131412,1.0
2025-06-19 22:00:00,3107.382,3113.366,3105.312,3111.006,44638.0,-0.0031864290843540677,-1.0
2025-06-19 23:00:00,3110.404,3112.246,3110.035,3112.131,2225.0,-0.00018251159735877323,0.0
2025-06-20 09:00:00,3112.545,3129.689,3106.307,3125.537,199323.0,-0.006555033583029038,-1.0
2025-06-20 10:00:00,3125.537,3131.556,3122.573,3126.393,127500.0,-0.006206193527173406,-1.0
2025-06-20 11:00:00,3126.303,3127.183,3110.56,3112.864,64255.0,-0.004019128365389547,-1.0
2025-06-20 13:00:00,3112.534,3118.276,3111.725,3112.428,42616.0,-0.003879607817433791,-1.0
2025-06-20 14:00:00,3112.428,3116.073,3107.328,3115.703,101524.0,-0.008271969439962711,-1.0
2025-06-20 15:00:00,3115.891,3117.764,3114.744,3115.845,4210.0,-0.008956478900587064,-1.0
2025-06-20 21:00:00,3113.074,3119.967,3107.612,3117.003,103171.0,-0.009660561763976512,-1.0
2025-06-20 22:00:00,3116.239,3121.934,3115.399,3121.754,43752.0,-0.011397759080311943,-1.0
2025-06-20 23:00:00,3121.629,3124.475,3120.75,3122.63,7218.0,-0.00814954061159994,-1.0
2025-06-23 09:00:00,3124.627,3130.729,3107.74,3108.927,149719.0,-0.00412007100842194,-1.0
2025-06-23 10:00:00,3109.651,3114.637,3108.927,3113.798,44406.0,-0.0063893033523690305,-1.0
2025-06-23 11:00:00,3114.45,3116.706,3110.801,3111.608,28167.0,-0.004435648706392365,-1.0
2025-06-23 13:00:00,3111.88,3117.831,3110.543,3115.914,32255.0,-0.005470305021255424,-1.0
2025-06-23 14:00:00,3115.035,3118.822,3112.91,3114.294,39114.0,-0.0086417659989712,-1.0
2025-06-23 15:00:00,3114.285,3115.092,3113.031,3113.331,2755.0,-0.006976129425364682,-1.0
2025-06-23 21:00:00,3111.454,3118.78,3109.047,3117.752,76233.0,-0.008563862680546694,-1.0
2025-06-23 22:00:00,3117.873,3125.845,3114.038,3124.892,49595.0,-0.009845780270166082,-1.0
2025-06-23 23:00:00,3124.123,3124.923,3122.826,3123.699,2068.0,-0.010795214263602224,-1.0
2025-06-24 09:00:00,3116.072,3116.072,3094.316,3101.093,253849.0,-0.006413222692773135,-1.0
2025-06-24 10:00:00,3100.825,3113.552,3096.164,3111.563,102486.0,-0.005334939385768473,-1.0
2025-06-24 11:00:00,3110.764,3113.798,3102.98,3105.049,35684.0,-0.0006995058693115714,0.0
2025-06-24 13:00:00,3103.826,3111.865,3102.186,3106.99,28059.0,-0.0011033186460207094,0.0
2025-06-24 14:00:00,3106.144,3108.068,3097.095,3100.353,97037.0,0.0036079762530267195,1.0
2025-06-24 15:00:00,3100.919,3101.152,3099.352,3100.353,2035.0,0.0065060333452351465,1.0
2025-06-24 21:00:00,3100.334,3100.334,3083.041,3089.93,202951.0,0.010206380079807719,1.0
2025-06-24 22:00:00,3089.854,3094.483,3086.099,3087.938,58103.0,0.011413441591119927,1.0
2025-06-24 23:00:00,3087.271,3087.996,3086.086,3086.891,1810.0,0.011837800557259689,1.0
2025-06-25 09:00:00,3087.65,3092.03,3085.089,3086.173,71648.0,0.010224961465219236,1.0
2025-06-25 10:00:00,3086.283,3098.018,3085.292,3097.182,83306.0,0.007922685847974066,1.0
2025-06-25 11:00:00,3097.747,3100.256,3093.293,3096.118,34331.0,0.008820077270956725,1.0
2025-06-25 13:00:00,3095.47,3097.033,3086.181,3093.903,47625.0,0.009388464990660672,1.0
2025-06-25 14:00:00,3093.983,3105.932,3091.291,3097.806,128041.0,0.01593805422289196,1.0
2025-06-25 15:00:00,3097.188,3099.708,3097.074,3098.869,3571.0,0.014747638573944242,1.0
2025-06-25 21:00:00,3100.046,3102.665,3086.583,3087.381,146691.0,0.019095796728683674,1.0
2025-06-25 22:00:00,3087.3,3093.672,3083.321,3091.612,91351.0,0.010683423405006836,1.0
2025-06-25 23:00:00,3090.971,3091.967,3090.093,3091.052,2744.0,0.010531042505916976,1.0
2025-06-26 09:00:00,3088.17,3097.144,3087.822,3094.125,65268.0,0.010831171979154015,1.0
2025-06-26 10:00:00,3094.684,3094.959,3087.103,3089.978,44216.0,0.013561908855014486,1.0
2025-06-26 11:00:00,3089.898,3090.054,3081.088,3081.205,64786.0,0.013451230930755958,1.0
2025-06-26 13:00:00,3081.967,3098.789,3081.647,3094.963,93098.0,0.009359077959898031,1.0
2025-06-26 14:00:00,3093.968,3104.789,3090.988,3102.877,138467.0,0.005286706498517342,1.0
2025-06-26 15:00:00,3102.045,3103.798,3101.809,3103.562,3724.0,0.00428636515075255,1.0
2025-06-26 21:00:00,3102.597,3116.516,3099.159,3111.539,164528.0,0.001736439748947319,0.0
2025-06-26 22:00:00,3110.743,3126.159,3109.828,3120.524,177220.0,-0.0007662174686046563,0.0
2025-06-26 23:00:00,3121.286,3123.243,3120.553,3121.467,1842.0,-0.0019116011798298999,0.0
2025-06-27 09:00:00,3125.788,3135.795,3118.689,3123.182,200241.0,0.00019403288056867065,0.0
2025-06-27 10:00:00,3123.263,3130.349,3122.157,3123.433,46619.0,0.0012639938170595833,0.0
2025-06-27 11:00:00,3124.233,3125.35,3117.371,3117.729,32944.0,0.006311645431658858,1.0
2025-06-27 13:00:00,3117.229,3124.188,3114.29,3121.72,39711.0,0.0048438040567379825,1.0
2025-06-27 14:00:00,3121.602,3128.139,3121.517,3123.426,64230.0,0.00978380790836735,1.0
2025-06-27 15:00:00,3123.521,3124.396,3122.513,3122.95,3245.0,0.005289229734705977,1.0
2025-06-27 21:00:00,3123.63,3148.042,3121.645,3147.179,222038.0,-0.0019309356093187662,0.0
2025-06-27 22:00:00,3147.378,3151.185,3138.102,3144.57,107057.0,0.0016342456997299054,0.0
2025-06-27 23:00:00,3145.463,3147.23,3144.664,3146.337,2557.0,0.004667650032402807,1.0
2025-06-30 09:00:00,3142.906,3145.574,3123.841,3124.641,152943.0,0.010796760331826881,1.0
2025-06-30 10:00:00,3124.641,3126.702,3120.804,3123.604,67555.0,0.018914689570124873,1.0
2025-06-30 11:00:00,3124.238,3128.555,3122.405,3127.638,23410.0,0.02085727312431935,1.0
2025-06-30 13:00:00,3128.37,3135.896,3127.494,3131.884,43975.0,0.019523392309549133,1.0
2025-06-30 14:00:00,3131.361,3137.325,3122.408,3122.651,80472.0,0.02184329917112104,1.0
2025-06-30 15:00:00,3123.082,3124.284,3122.287,3123.929,4582.0,0.02115541038224612,1.0
2025-06-30 21:00:00,3121.781,3124.936,3114.596,3119.281,104576.0,0.02285302286007572,1.0
2025-06-30 22:00:00,3118.567,3119.366,3113.836,3116.865,38479.0,0.020227055069757617,1.0
2025-06-30 23:00:00,3117.019,3117.852,3116.143,3116.942,1408.0,0.01950790229654573,1.0
2025-07-01 09:00:00,3118.287,3120.122,3108.523,3118.133,117137.0,0.021580862650823547,1.0
2025-07-01 10:00:00,3117.938,3121.6,3113.198,3115.5,67898.0,0.0265138822018937,1.0
2025-07-01 11:00:00,3115.507,3126.673,3113.989,3123.788,47183.0,0.02735428908747971,1.0
2025-07-01 13:00:00,3123.124,3130.387,3122.045,3127.381,77456.0,0.02613496724575609,1.0
2025-07-01 14:00:00,3126.747,3138.347,3125.671,3137.407,150508.0,0.025951048110748737,1.0
2025-07-01 15:00:00,3137.964,3139.239,3136.45,3136.841,5252.0,0.02693155311346671,1.0
2025-07-01 21:00:00,3137.545,3156.736,3137.545,3153.985,245447.0,0.0208850073795532,1.0
2025-07-01 22:00:00,3154.62,3154.62,3137.556,3139.468,84630.0,0.024023178449342396,1.0
2025-07-01 23:00:00,3139.558,3141.47,3139.439,3141.102,3250.0,0.023085528582007245,1.0
2025-07-02 09:00:00,3140.887,3151.856,3137.488,3149.709,88065.0,0.020037406630263332,1.0
2025-07-02 10:00:00,3149.794,3161.023,3145.042,3161.023,113693.0,0.015271321973930491,1.0
2025-07-02 11:00:00,3160.302,3161.683,3152.25,3158.377,79277.0,0.014162337175074419,1.0
2025-07-02 13:00:00,3168.05,3188.882,3165.914,3182.686,232505.0,0.006419734777480339,1.0
2025-07-02 14:00:00,3182.517,3197.912,3177.695,3192.872,194622.0,0.002711665234309536,0.0
2025-07-02 15:00:00,3192.667,3194.659,3191.955,3193.029,4546.0,0.00621009079466556,1.0
2025-07-02 21:00:00,3202.205,3206.444,3188.149,3190.86,147740.0,0.006320866474868803,1.0
2025-07-02 22:00:00,3190.934,3198.716,3189.221,3190.017,58089.0,0.0006266424285513999,0.0
2025-07-02 23:00:00,3190.049,3191.57,3189.847,3190.566,1731.0,-0.00022597871349472277,0.0
2025-07-03 09:00:00,3191.941,3195.032,3177.084,3179.91,150386.0,0.002847564868188185,0.0
2025-07-03 10:00:00,3180.068,3182.146,3176.951,3177.747,57933.0,0.0020187258457013612,0.0
2025-07-03 11:00:00,3177.864,3187.783,3177.749,3185.425,64737.0,0.002496998045786582,0.0
2025-07-03 13:00:00,3185.282,3201.578,3183.315,3198.104,110392.0,-0.0018479699221788455,0.0
2025-07-03 14:00:00,3197.469,3217.698,3197.391,3209.237,228409.0,-0.0059578024309204615,-1.0
2025-07-03 15:00:00,3208.325,3210.878,3208.157,3209.115,4256.0,-0.007115357349300301,-1.0
2025-07-03 21:00:00,3209.245,3219.673,3201.46,3218.826,137320.0,-0.010426782932659267,-1.0
2025-07-03 22:00:00,3218.112,3221.473,3211.722,3221.321,79073.0,-0.010000245241005148,-1.0
2025-07-03 23:00:00,3221.413,3221.491,3219.292,3219.856,1451.0,-0.009010030262223037,-1.0
2025-07-04 09:00:00,3219.726,3226.613,3213.167,3214.888,130735.0,-0.005825397338880878,-1.0
2025-07-04 10:00:00,3215.793,3224.921,3211.98,3213.616,83734.0,-0.006267705911347164,-1.0
2025-07-04 11:00:00,3212.886,3214.782,3206.154,3212.821,76863.0,-0.0065808210292450245,-1.0
2025-07-04 13:00:00,3216.791,3223.801,3208.299,3209.296,96093.0,-0.005065908535703722,-1.0
2025-07-04 14:00:00,3209.288,3210.802,3200.261,3203.107,136815.0,9.053709414014694e-05,0.0
2025-07-04 15:00:00,3203.022,3204.039,3202.234,3203.118,2897.0,-0.002794776839317119,0.0
2025-07-04 21:00:00,3203.709,3205.904,3195.507,3201.53,108450.0,-0.0023148307215612716,0.0
2025-07-04 22:00:00,3201.603,3214.914,3201.512,3212.858,72096.0,-0.007119517887189614,-1.0
2025-07-04 23:00:00,3212.143,3212.853,3210.318,3211.029,2424.0,-0.0076704383548077916,-1.0
2025-07-07 09:00:00,3208.352,3208.352,3187.996,3192.016,180569.0,-0.0010090801549866928,0.0
2025-07-07 10:00:00,3192.645,3196.151,3189.662,3189.845,42850.0,0.002122987167088178,0.0
2025-07-07 11:00:00,3189.561,3193.057,3186.849,3188.965,39022.0,0.0009253786103014682,0.0
2025-07-07 13:00:00,3188.961,3190.743,3183.185,3184.162,49232.0,0.0026644372993586316,0.0
2025-07-07 14:00:00,3184.68,3194.255,3180.675,3193.379,100603.0,0.009295482935160592,1.0
2025-07-07 15:00:00,3193.33,3193.449,3191.337,3192.194,2737.0,0.008845640333889506,1.0
2025-07-07 21:00:00,3189.046,3190.967,3178.443,3190.117,90327.0,0.009776757404195473,1.0
2025-07-07 22:00:00,3189.973,3192.693,3185.093,3186.281,39945.0,0.011626720932648526,1.0
2025-07-07 23:00:00,3186.163,3186.379,3184.364,3185.264,1184.0,0.017608587545647626,1.0
2025-07-08 09:00:00,3185.781,3192.83,3180.486,3189.107,76890.0,0.016108898196266243,1.0
2025-07-08 10:00:00,3189.015,3193.414,3185.032,3190.845,41101.0,0.019079272105038122,1.0
2025-07-08 11:00:00,3190.941,3196.16,3189.312,3196.16,31815.0,0.02010819233079703,1.0
2025-07-08 13:00:00,3196.99,3200.282,3192.468,3193.474,52905.0,0.02203399808484421,1.0
2025-07-08 14:00:00,3194.181,3199.258,3186.997,3191.678,71626.0,0.023615790815990915,1.0
2025-07-08 15:00:00,3192.334,3193.232,3191.408,3193.038,1844.0,0.027559960138275837,1.0
2025-07-08 21:00:00,3195.099,3208.631,3193.021,3203.397,115606.0,0.023979232046480677,1.0
2025-07-08 22:00:00,3203.397,3203.613,3193.273,3194.166,36729.0,0.027136974095898533,1.0
2025-07-08 23:00:00,3194.263,3194.335,3193.269,3194.119,2882.0,0.02592639785806349,1.0
2025-07-09 09:00:00,3194.556,3195.659,3184.474,3189.984,84354.0,0.02721706441160837,1.0
2025-07-09 10:00:00,3190.059,3195.177,3185.692,3186.399,38681.0,0.028734003494226553,1.0
2025-07-09 11:00:00,3185.812,3190.381,3183.687,3188.795,23335.0,0.02712654780253975,1.0
2025-07-09 13:00:00,3189.462,3198.572,3188.539,3196.617,47217.0,0.024464926514499524,1.0
2025-07-09 14:00:00,3196.176,3199.605,3191.725,3191.916,65918.0,0.021366477062679537,1.0
2025-07-09 15:00:00,3191.725,3193.666,3191.725,3192.646,2488.0,0.024448999356646427,1.0
2025-07-09 21:00:00,3197.334,3228.794,3194.377,3223.063,287052.0,0.01460939485203981,1.0
2025-07-09 22:00:00,3223.867,3226.592,3218.323,3220.431,65947.0,0.014171705588475619,1.0
2025-07-09 23:00:00,3221.039,3222.131,3220.142,3221.306,2453.0,0.01521370524874067,1.0
2025-07-10 09:00:00,3222.687,3232.489,3218.016,3223.327,121989.0,0.013931568221281908,1.0
2025-07-10 10:00:00,3223.447,3250.148,3223.327,3241.352,193641.0,0.00967559216030844,1.0
2025-07-10 11:00:00,3240.72,3242.646,3233.774,3240.48,57468.0,0.011794240359452935,1.0
2025-07-10 13:00:00,3244.213,3252.741,3244.213,3251.724,108149.0,0.008066490267931724,1.0
2025-07-10 14:00:00,3251.626,3270.101,3250.144,3260.429,222444.0,0.0030029790558235474,1.0
2025-07-10 15:00:00,3261.122,3263.959,3260.417,3263.839,3960.0,0.002018788304202487,0.0
2025-07-10 21:00:00,3257.415,3276.91,3256.579,3267.052,173600.0,0.0010700778561221675,0.0
2025-07-10 22:00:00,3266.345,3281.963,3266.345,3281.038,92526.0,-0.0006104775379011631,0.0
2025-07-10 23:00:00,3280.262,3281.206,3279.337,3280.212,2781.0,-0.003736648728801694,-1.0
2025-07-11 09:00:00,3279.975,3286.916,3270.454,3280.846,145903.0,-0.007061288460354407,-1.0
2025-07-11 10:00:00,3281.526,3289.619,3276.714,3276.931,89533.0,-0.006216792480525176,-1.0
2025-07-11 11:00:00,3277.704,3281.575,3273.938,3276.806,41894.0,-0.00436858330947882,-1.0
2025-07-11 13:00:00,3275.812,3281.671,3273.889,3277.957,35213.0,-0.0049518648353227245,-1.0
2025-07-11 14:00:00,3277.885,3279.386,3268.087,3275.296,126406.0,-0.008484424003204523,-1.0
2025-07-11 15:00:00,3275.368,3276.435,3274.25,3274.822,4622.0,-0.007495063853852232,-1.0
2025-07-11 21:00:00,3272.31,3280.17,3259.29,3260.116,151207.0,-0.0028029677471598925,0.0
2025-07-11 22:00:00,3259.34,3272.486,3258.218,3270.703,63006.0,-0.002601887117234357,0.0
2025-07-11 23:00:00,3270.635,3271.146,3268.901,3270.15,1816.0,-0.004586028163845787,-1.0
2025-07-14 09:00:00,3270.588,3277.584,3262.018,3266.07,109823.0,-0.001434445679363867,0.0
2025-07-14 10:00:00,3266.138,3270.6,3262.912,3270.314,54420.0,-0.005373184348658772,-1.0
2025-07-14 11:00:00,3269.675,3273.37,3267.307,3268.233,27692.0,-0.004112007925995578,-1.0
2025-07-14 13:00:00,3267.863,3274.484,3267.863,3272.714,21049.0,-0.0052616880057346285,-1.0
2025-07-14 14:00:00,3272.614,3282.452,3270.981,3278.699,97386.0,0.003614848450559158,1.0
2025-07-14 15:00:00,3278.192,3279.674,3277.754,3277.954,1767.0,0.0027291414095499547,0.0
2025-07-14 21:00:00,3274.197,3280.192,3265.75,3270.22,130489.0,0.004896918250148347,1.0
2025-07-14 22:00:00,3270.34,3272.026,3266.517,3270.428,32480.0,0.003321583597009408,1.0
2025-07-14 23:00:00,3270.445,3271.319,3269.62,3270.548,624.0,0.004704104633229728,1.0
2025-07-15 09:00:00,3269.261,3281.918,3267.734,3279.035,71659.0,-0.0006956314891423693,0.0
2025-07-15 10:00:00,3279.155,3279.965,3263.779,3267.955,89713.0,0.005899102037818834,1.0
2025-07-15 11:00:00,3268.367,3269.344,3254.692,3257.679,89635.0,0.010912063466044314,1.0
2025-07-15 13:00:00,3255.097,3258.6,3247.745,3256.559,92023.0,0.011632830849986077,1.0
2025-07-15 14:00:00,3256.782,3263.433,3254.857,3262.491,73440.0,0.020343351138746402,1.0
2025-07-15 15:00:00,3263.17,3263.303,3261.592,3261.725,1940.0,0.02267941043466269,1.0
2025-07-15 21:00:00,3257.464,3262.562,3246.41,3247.507,105859.0,0.02715652345014185,1.0
2025-07-15 22:00:00,3247.226,3254.074,3246.42,3250.277,37765.0,0.025711347063650254,1.0
2025-07-15 23:00:00,3250.384,3251.273,3249.577,3250.978,1109.0,0.02356736957309454,1.0
2025-07-16 09:00:00,3251.084,3263.202,3251.045,3262.193,64992.0,0.014219575604508903,1.0
2025-07-16 10:00:00,3262.901,3262.901,3251.934,3255.153,39870.0,0.016226272620672645,1.0
2025-07-16 11:00:00,3255.14,3261.573,3253.218,3261.385,23903.0,0.014612196965399652,1.0
2025-07-16 13:00:00,3262.31,3270.327,3252.621,3252.742,74048.0,0.01850531028898073,1.0
2025-07-16 14:00:00,3252.446,3258.459,3243.603,3254.794,104195.0,0.03262633518434654,1.0
2025-07-16 15:00:00,3254.794,3255.615,3253.625,3255.494,2496.0,0.03724995346328386,1.0
2025-07-16 21:00:00,3258.619,3291.478,3257.066,3290.551,281679.0,0.027658893601709842,1.0
2025-07-16 22:00:00,3289.896,3290.593,3277.547,3286.9,114844.0,0.03490888070826607,1.0
2025-07-16 23:00:00,3286.79,3287.826,3284.841,3286.234,2787.0,0.03373527265556868,1.0
2025-07-17 09:00:00,3288.888,3291.731,3276.664,3281.291,97467.0,0.038277616950157696,1.0
2025-07-17 10:00:00,3280.595,3288.807,3277.542,3285.933,60458.0,0.03318966028826522,1.0
2025-07-17 11:00:00,3285.933,3287.99,3275.596,3276.754,51751.0,0.036410423242025494,1.0
2025-07-17 13:00:00,3275.771,3291.72,3273.671,3287.233,76572.0,0.03342993940496455,1.0
2025-07-17 14:00:00,3287.233,3295.354,3282.176,3293.227,115573.0,0.02943981693336057,1.0
2025-07-17 15:00:00,3293.411,3295.342,3293.155,3294.442,5544.0,0.03105412084960064,1.0
2025-07-17 21:00:00,3297.805,3330.602,3296.408,3328.861,274975.0,0.020375738127846123,1.0
2025-07-17 22:00:00,3328.158,3336.885,3326.065,3335.699,140072.0,0.02005846450773889,1.0
2025-07-17 23:00:00,3335.755,3336.75,3334.652,3335.698,2698.0,0.022852188657366483,1.0
2025-07-18 09:00:00,3335.759,3343.804,3328.389,3333.846,154441.0,0.020988671942255267,1.0
2025-07-18 10:00:00,3333.834,3334.763,3320.111,3327.595,123950.0,0.036123686927045026,1.0
2025-07-18 11:00:00,3327.01,3330.58,3307.384,3308.58,121030.0,0.05088527404505866,1.0
2025-07-18 13:00:00,3310.436,3316.529,3307.261,3307.972,48830.0,0.05186107983985349,1.0
2025-07-18 14:00:00,3308.081,3316.208,3307.269,3309.041,76877.0,0.04229835774171418,1.0
2025-07-18 15:00:00,3309.12,3314.341,3308.417,3312.935,6677.0,0.04738426802819863,1.0
2025-07-18 21:00:00,3323.528,3361.685,3320.314,3360.986,359918.0,0.03182101918901188,1.0
2025-07-18 22:00:00,3361.164,3377.637,3357.295,3376.761,175243.0,0.02122270424231985,1.0
2025-07-18 23:00:00,3376.762,3382.514,3376.64,3381.564,8174.0,0.010839658808764288,1.0
2025-07-21 09:00:00,3389.598,3417.72,3382.689,3401.642,414205.0,0.007694519293917461,1.0
2025-07-21 10:00:00,3401.765,3405.152,3395.315,3397.096,85498.0,0.005915052150424966,1.0
2025-07-21 11:00:00,3396.914,3406.956,3395.98,3406.891,47743.0,0.010059024488896175,1.0
2025-07-21 13:00:00,3406.092,3423.664,3394.878,3394.992,223685.0,0.013101650902270171,1.0
2025-07-21 14:00:00,3395.8,3400.554,3379.176,3396.062,243982.0,0.009902940523465211,1.0
2025-07-21 15:00:00,3397.003,3398.169,3395.944,3397.125,3702.0,0.0075964234462965125,1.0
2025-07-21 21:00:00,3397.063,3399.102,3386.091,3390.179,167752.0,0.009695063299017526,1.0
2025-07-21 22:00:00,3389.489,3399.17,3388.549,3396.748,80308.0,0.008940610254278546,1.0
2025-07-21 23:00:00,3397.693,3397.814,3395.874,3396.689,2544.0,0.013769880021397288,1.0
2025-07-22 09:00:00,3396.187,3404.547,3389.397,3402.608,169189.0,0.012811937196409356,1.0
2025-07-22 10:00:00,3402.492,3418.665,3399.565,3411.926,135542.0,0.013505861498754702,1.0
2025-07-22 11:00:00,3412.804,3416.845,3401.883,3403.819,60751.0,0.016733557219111853,1.0
2025-07-22 13:00:00,3415.554,3501.579,3413.699,3447.8,632674.0,0.0034323336620453136,1.0
2025-07-22 14:00:00,3447.803,3487.169,3436.074,3476.938,342330.0,3.1061813584170865e-05,0.0
2025-07-22 15:00:00,3476.248,3480.405,3476.248,3479.527,6340.0,-0.0009288618826639284,0.0
2025-07-22 21:00:00,3485.225,3497.138,3439.912,3449.008,484812.0,0.008349937141346143,1.0
2025-07-22 22:00:00,3449.263,3472.361,3442.983,3469.916,149231.0,0.0017380824204389815,0.0
2025-07-22 23:00:00,3469.722,3470.582,3466.979,3467.936,4892.0,0.0038129308037979813,1.0
2025-07-23 09:00:00,3471.729,3474.543,3430.938,3448.425,243250.0,0.011372438142050252,1.0
2025-07-23 10:00:00,3447.985,3447.985,3415.027,3418.219,156484.0,0.01893822484750103,1.0
2025-07-23 11:00:00,3417.467,3427.955,3404.662,3427.816,115116.0,0.023249497639313246,1.0
2025-07-23 13:00:00,3427.875,3429.199,3417.051,3417.19,51259.0,0.02694992084139303,1.0
2025-07-23 14:00:00,3417.19,3441.901,3406.145,3441.161,131270.0,0.010478149670997606,1.0
2025-07-23 15:00:00,3441.09,3441.91,3438.51,3439.472,6275.0,-0.011483448622346772,-1.0
2025-07-23 21:00:00,3439.742,3445.951,3408.969,3429.693,273789.0,-0.005751535195715801,-1.0
2025-07-23 22:00:00,3430.568,3446.832,3421.292,3422.931,126014.0,-0.0011872865681487154,0.0
2025-07-23 23:00:00,3423.503,3424.342,3422.179,3423.047,1833.0,0.002694675241093727,0.0
2025-07-24 09:00:00,3422.929,3434.424,3414.358,3427.117,114094.0,-0.004912875749500232,-1.0
2025-07-24 10:00:00,3427.117,3445.642,3421.898,3443.461,86046.0,-0.012523737019237332,-1.0
2025-07-24 11:00:00,3442.775,3448.138,3438.187,3446.202,54734.0,-0.012573261811118553,-1.0
2025-07-24 13:00:00,3450.181,3462.909,3440.29,3458.007,132591.0,-0.016672031028277284,-1.0
2025-07-24 14:00:00,3457.408,3488.194,3449.81,3460.777,293662.0,-0.01376685062342943,-1.0
2025-07-24 15:00:00,3460.521,3461.634,3459.399,3459.634,3520.0,-0.012199845417174152,-1.0
2025-07-24 21:00:00,3464.153,3490.489,3457.801,3477.046,332277.0,-0.017008978310899432,-1.0
2025-07-24 22:00:00,3476.699,3485.712,3456.392,3476.295,174321.0,-0.015064026499477228,-1.0
2025-07-24 23:00:00,3475.643,3478.357,3475.368,3477.807,2331.0,-0.00659869854767663,-1.0
2025-07-25 09:00:00,3477.216,3481.075,3455.97,3475.947,141637.0,0.0011360932718479507,0.0
2025-07-25 10:00:00,3475.947,3496.286,3473.866,3481.159,152495.0,0.0038286099543284216,1.0
2025-07-25 11:00:00,3481.169,3488.863,3464.389,3487.642,78865.0,0.0038779783016720444,1.0
2025-07-25 13:00:00,3480.647,3487.422,3467.986,3482.954,83458.0,0.006044868809636772,1.0
2025-07-25 14:00:00,3482.358,3509.025,3481.055,3507.511,262257.0,0.006706750171275268,1.0
2025-07-25 15:00:00,3507.292,3509.945,3507.068,3509.283,8955.0,0.010720993433701429,1.0
2025-07-25 21:00:00,3506.513,3506.513,3448.633,3477.218,504224.0,0.020472975809972312,1.0
2025-07-25 22:00:00,3477.158,3477.815,3397.356,3399.975,401871.0,0.03496231589938164,1.0
2025-07-25 23:00:00,3400.028,3412.603,3399.125,3409.967,13466.0,0.03535752692034842,1.0
2025-07-28 09:00:00,3406.882,3426.377,3388.667,3418.867,252534.0,0.030214395587778047,1.0
2025-07-28 10:00:00,3418.335,3438.821,3417.227,3432.271,94354.0,0.01974057409802421,1.0
2025-07-28 11:00:00,3431.283,3432.929,3405.976,3410.28,79105.0,0.021290040700470348,1.0
2025-07-28 13:00:00,3412.822,3417.077,3392.538,3400.336,112297.0,0.025144279859402204,1.0
2025-07-28 14:00:00,3401.163,3403.635,3388.93,3402.872,140178.0,0.01612079443481858,1.0
2025-07-28 15:00:00,3402.056,3402.883,3400.355,3400.355,5773.0,0.014782868259343458,1.0
2025-07-28 21:00:00,3401.116,3424.409,3401.116,3413.133,208322.0,0.01097496054211784,1.0
2025-07-28 22:00:00,3413.671,3425.192,3412.162,3417.427,82786.0,0.003451427053160191,1.0
2025-07-28 23:00:00,3417.275,3419.069,3417.067,3417.905,1173.0,0.003323965996714325,1.0
2025-07-29 09:00:00,3418.129,3431.843,3409.829,3423.928,120269.0,-0.00034755403735126864,0.0
2025-07-29 10:00:00,3423.416,3458.852,3413.363,3454.858,185594.0,-0.012599360089474008,-1.0
2025-07-29 11:00:00,3455.032,3488.287,3454.999,3479.896,281815.0,-0.025252766174621428,-1.0
2025-07-29 13:00:00,3478.423,3500.589,3476.198,3494.487,203579.0,-0.0294400866278799,-1.0
2025-07-29 14:00:00,3494.319,3506.062,3487.271,3501.167,243900.0,-0.02468691153549659,-1.0
2025-07-29 15:00:00,3501.312,3504.216,3501.275,3504.008,6201.0,-0.02343316567770384,-1.0
2025-07-29 21:00:00,3510.002,3547.59,3510.002,3531.035,499961.0,-0.030847612668806732,-1.0
2025-07-29 22:00:00,3531.357,3549.699,3530.153,3546.906,128397.0,-0.03371417229551619,-1.0
2025-07-29 23:00:00,3547.711,3550.154,3546.114,3548.407,4317.0,-0.03825942176306162,-1.0
2025-07-30 09:00:00,3551.043,3551.043,3507.579,3518.846,397575.0,-0.0343672328939658,-1.0
2025-07-30 10:00:00,3519.168,3535.006,3514.228,3530.535,131581.0,-0.03389231377114231,-1.0
2025-07-30 11:00:00,3530.514,3531.546,3511.852,3522.166,93276.0,-0.0345815614596246,-1.0
2025-07-30 13:00:00,3521.862,3528.276,3491.524,3500.026,146624.0,-0.028218076094291777,-1.0
2025-07-30 14:00:00,3500.851,3503.819,3462.851,3482.885,365403.0,-0.024533684000476706,-1.0
2025-07-30 15:00:00,3483.026,3487.196,3482.845,3485.835,4718.0,-0.03020596212959022,-1.0
2025-07-30 21:00:00,3468.944,3474.057,3446.331,3457.729,336697.0,-0.02292950083711004,-1.0
2025-07-30 22:00:00,3457.395,3460.251,3444.281,3450.622,93678.0,-0.019408095120242032,-1.0
2025-07-30 23:00:00,3450.32,3451.499,3449.616,3450.592,1701.0,-0.017678125956357635,-1.0
2025-07-31 09:00:00,3448.002,3448.016,3423.724,3429.222,241438.0,-0.013730228022566134,-1.0
2025-07-31 10:00:00,3429.918,3440.745,3414.603,3429.266,154077.0,-0.006877565053279634,-1.0
2025-07-31 11:00:00,3429.25,3434.531,3417.222,3422.738,67828.0,-0.002914041331822566,0.0
2025-07-31 13:00:00,3422.751,3423.206,3407.799,3411.329,121845.0,0.0014196813030932657,0.0
2025-07-31 14:00:00,3411.898,3412.105,3368.93,3392.019,431590.0,0.013375809510501002,1.0
2025-07-31 15:00:00,3393.184,3393.217,3389.21,3391.609,7204.0,0.01045668884591359,1.0
2025-07-31 21:00:00,3401.893,3416.336,3393.427,3414.734,268441.0,0.0021216879557821753,0.0
2025-07-31 22:00:00,3414.431,3424.964,3410.868,3421.898,123237.0,-0.00042841721173464235,0.0
2025-07-31 23:00:00,3421.885,3423.11,3421.008,3422.111,3279.0,0.0007337576133561907,0.0
2025-08-01 09:00:00,3423.597,3427.534,3413.128,3427.325,156348.0,0.0016730248809203618,0.0
2025-08-01 10:00:00,3426.714,3434.176,3399.671,3412.647,162768.0,0.007909109849333958,1.0
2025-08-01 11:00:00,3412.632,3417.276,3395.089,3397.913,60651.0,0.018953693046290413,1.0
2025-08-01 13:00:00,3396.544,3412.704,3389.733,3410.877,112586.0,0.014086699696295184,1.0
2025-08-01 14:00:00,3410.12,3411.22,3389.242,3400.364,143912.0,0.013797640487900682,1.0
2025-08-01 15:00:00,3400.883,3401.901,3399.8,3401.262,3190.0,0.011032669638504659,1.0
2025-08-01 21:00:00,3409.111,3418.539,3394.15,3397.437,183447.0,0.012262184699819396,1.0
2025-08-01 22:00:00,3397.6,3400.334,3380.535,3380.542,120364.0,0.021663981692876432,1.0
2025-08-01 23:00:00,3380.54,3381.399,3377.027,3378.445,4370.0,0.024149867764607664,1.0
2025-08-04 09:00:00,3376.02,3388.262,3364.4,3383.652,252257.0,0.024332289490763197,1.0
2025-08-04 10:00:00,3384.286,3392.759,3374.461,3389.592,98578.0,0.02080191362264242,1.0
2025-08-04 11:00:00,3389.571,3393.209,3379.572,3382.138,54208.0,0.020782416329552553,1.0
2025-08-04 13:00:00,3387.643,3408.845,3384.636,3405.681,111426.0,0.013776393032700396,1.0
2025-08-04 14:00:00,3406.221,3419.742,3402.175,3412.764,151851.0,0.010519625734448628,1.0
2025-08-04 15:00:00,3413.397,3416.828,3411.552,3416.172,6252.0,0.009806297809360888,1.0
2025-08-04 21:00:00,3417.798,3445.15,3414.632,3437.39,257622.0,0.003559095709244492,1.0
2025-08-04 22:00:00,3438.022,3441.982,3425.661,3427.074,102641.0,0.005171758765640808,1.0
2025-08-04 23:00:00,3427.194,3427.424,3421.737,3421.979,5440.0,0.008190582116371916,1.0
2025-08-05 09:00:00,3423.889,3426.072,3414.793,3420.432,135288.0,0.012057248908909747,1.0
2025-08-05 10:00:00,3420.285,3431.827,3415.008,3424.622,87757.0,0.004224699835485581,1.0
2025-08-05 11:00:00,3425.26,3436.838,3424.631,3433.059,79037.0,0.002424077185973111,0.0
2025-08-05 13:00:00,3435.294,3445.358,3433.887,3439.638,93201.0,0.00022705877769694052,0.0
2025-08-05 14:00:00,3440.494,3471.699,3439.616,3462.316,283356.0,-0.014493477776147408,-1.0
2025-08-05 15:00:00,3462.103,3462.48,3456.889,3458.925,13382.0,-0.011158669239720493,-1.0
2025-08-05 21:00:00,3456.945,3465.444,3441.069,3447.281,222158.0,-0.008180940283081006,-1.0
2025-08-05 22:00:00,3447.29,3451.504,3435.001,3438.787,97740.0,-0.007156593298741584,-1.0
2025-08-05 23:00:00,3438.584,3439.471,3436.976,3439.097,2625.0,-0.003817281106057827,-1.0
2025-08-06 09:00:00,3438.629,3454.516,3432.905,3453.778,112825.0,-0.009517114302077289,-1.0
2025-08-06 10:00:00,3453.548,3466.126,3450.553,3460.034,99166.0,-0.011382836122419668,-1.0
2025-08-06 11:00:00,3460.552,3468.128,3459.946,3465.984,55829.0,-0.010654405790678747,-1.0
2025-08-06 13:00:00,3463.25,3468.727,3454.573,3460.102,78288.0,-0.009294234678630761,-1.0
2025-08-06 14:00:00,3460.707,3463.011,3450.435,3452.427,133887.0,-0.008733855922225219,-1.0
2025-08-06 15:00:00,3452.648,3453.677,3451.083,3452.599,4046.0,-0.009868218116265563,-1.0
2025-08-06 21:00:00,3453.079,3470.917,3442.861,3448.665,220726.0,-0.008701628021277804,-1.0
2025-08-06 22:00:00,3449.23,3458.696,3447.27,3449.672,74137.0,-0.0020842561263795674,0.0
2025-08-06 23:00:00,3449.768,3450.609,3448.407,3449.624,1424.0,0.0002571294726614179,0.0
2025-08-07 09:00:00,3449.144,3458.406,3441.635,3444.798,114315.0,-0.00032512791751501566,0.0
2025-08-07 10:00:00,3444.555,3452.073,3432.457,3450.007,126246.0,0.0012376786481882447,0.0
2025-08-07 11:00:00,3449.255,3464.207,3439.67,3461.673,109718.0,0.0003122767517325094,0.0
2025-08-07 13:00:00,3460.77,3464.923,3427.999,3439.09,190209.0,0.006987313504444415,1.0
2025-08-07 14:00:00,3439.538,3445.25,3430.671,3441.381,142039.0,0.0037124631071073777,1.0
2025-08-07 15:00:00,3440.677,3441.921,3439.809,3440.419,5857.0,0.006664013889006001,1.0
2025-08-07 21:00:00,3444.177,3444.177,3410.132,3412.135,233731.0,0.015007905607486173,1.0
2025-08-07 22:00:00,3412.014,3421.088,3409.724,3420.328,75782.0,0.014303891322703547,1.0
2025-08-07 23:00:00,3420.098,3420.619,3418.296,3419.079,3209.0,0.016346799825332967,1.0
2025-08-08 09:00:00,3417.967,3422.808,3410.422,3414.177,100273.0,0.019581292944097453,1.0
2025-08-08 10:00:00,3413.756,3430.776,3413.756,3425.969,74718.0,0.017447326581180356,1.0
2025-08-08 11:00:00,3424.985,3426.931,3411.606,3420.908,58166.0,0.01816272171014253,1.0
2025-08-08 13:00:00,3417.453,3424.48,3415.703,3420.649,32851.0,0.017792822356225466,1.0
2025-08-08 14:00:00,3420.893,3435.372,3420.893,3429.056,118003.0,0.012513648071072579,1.0
2025-08-08 15:00:00,3429.194,3429.456,3426.811,3427.943,3138.0,0.014326375905316883,1.0
2025-08-08 21:00:00,3426.239,3427.512,3402.516,3422.274,193233.0,0.01566268510353067,1.0
2025-08-08 22:00:00,3422.422,3422.7,3408.456,3418.528,70762.0,0.016113075569367894,1.0
2025-08-08 23:00:00,3417.717,3419.459,3416.65,3418.656,2824.0,0.013472253423567697,1.0
2025-08-11 09:00:00,3430.592,3451.144,3426.794,3442.482,235595.0,0.00988559998280309,1.0
2025-08-11 10:00:00,3442.291,3454.442,3441.583,3450.511,108742.0,0.004559034879181727,1.0
2025-08-11 11:00:00,3450.511,3452.451,3441.165,3443.678,47516.0,0.0016093258428923716,0.0
2025-08-11 13:00:00,3443.844,3454.425,3443.844,3454.277,42109.0,-0.0014573237757134433,0.0
2025-08-11 14:00:00,3454.321,3464.146,3451.617,3462.754,133208.0,-0.006288347367442241,-1.0
2025-08-11 15:00:00,3462.251,3463.285,3461.72,3463.12,5061.0,-0.006523019704774796,-1.0
2025-08-11 21:00:00,3462.083,3466.977,3452.008,3454.157,128569.0,-0.004247925036412714,-1.0
2025-08-11 22:00:00,3453.939,3464.578,3453.413,3463.346,47569.0,-0.006710562560021432,-1.0
2025-08-11 23:00:00,3463.382,3464.98,3463.004,3463.344,2518.0,-0.008018262118923208,-1.0
2025-08-12 09:00:00,3466.683,3475.423,3457.234,3469.252,167275.0,-0.016063116775604614,-1.0
2025-08-12 10:00:00,3469.273,3482.473,3465.523,3474.97,121720.0,-0.01429623852867784,-1.0
2025-08-12 11:00:00,3474.794,3484.472,3472.591,3481.031,62616.0,-0.014910525071451531,-1.0
2025-08-12 13:00:00,3483.404,3492.173,3480.737,3485.743,88543.0,-0.01614748993256246,-1.0
2025-08-12 14:00:00,3486.308,3488.991,3473.658,3483.041,113034.0,-0.016032254572943685,-1.0
2025-08-12 15:00:00,3482.512,3483.771,3480.678,3481.512,4432.0,-0.015027378908933879,-1.0
2025-08-12 21:00:00,3477.293,3495.275,3467.998,3471.966,166193.0,-0.012360432101005587,-1.0
2025-08-12 22:00:00,3472.522,3478.375,3462.417,3477.053,125534.0,-0.015809077399740544,-1.0
2025-08-12 23:00:00,3476.223,3476.915,3475.311,3475.876,2697.0,-0.017456894319590324,-1.0
2025-08-13 09:00:00,3475.311,3478.321,3467.261,3473.611,93839.0,-0.016851052118386212,-1.0
2025-08-13 10:00:00,3474.289,3476.913,3463.1,3464.713,59887.0,-0.010014105064402265,-1.0
2025-08-13 11:00:00,3464.983,3479.568,3464.417,3476.513,48223.0,-0.011548928480923296,-1.0
2025-08-13 13:00:00,3475.238,3475.47,3463.254,3466.242,59510.0,-0.008677120639586106,-1.0
2025-08-13 14:00:00,3466.354,3469.682,3448.589,3449.22,151253.0,-0.0020595960825925325,0.0
2025-08-13 15:00:00,3449.359,3450.723,3447.354,3449.243,7603.0,-0.0004508235575167758,0.0
2025-08-13 21:00:00,3442.655,3444.753,3424.431,3440.979,191038.0,0.0020186115637440298,0.0
2025-08-13 22:00:00,3441.273,3441.55,3435.702,3440.53,41826.0,-0.0010940174914911725,0.0
2025-08-13 23:00:00,3440.241,3440.859,3438.183,3439.484,1777.0,-0.0047501311243197345,-1.0
2025-08-14 09:00:00,3440.596,3452.103,3437.81,3440.105,90716.0,-0.007886387188763165,-1.0
2025-08-14 10:00:00,3440.105,3451.497,3430.39,3435.574,101929.0,-0.007125446868558214,-1.0
2025-08-14 11:00:00,3435.852,3438.247,3412.524,3413.525,142520.0,0.0012948491661845373,0.0
2025-08-14 13:00:00,3409.684,3426.873,3405.484,3425.291,135387.0,-0.002515406720188149,0.0
2025-08-14 14:00:00,3425.014,3438.736,3423.005,3429.127,149790.0,-0.0001469761837341998,0.0
2025-08-14 15:00:00,3429.333,3430.663,3428.214,3429.457,3903.0,-0.001955120008794374,0.0
2025-08-14 21:00:00,3432.903,3437.169,3423.503,3427.2,119810.0,-0.0015050186741362927,0.0
2025-08-14 22:00:00,3426.368,3430.907,3424.656,3429.194,43150.0,-0.0014300736557920015,0.0
2025-08-14 23:00:00,3429.469,3430.66,3428.108,3429.051,1543.0,-0.004482872958144934,-1.0
2025-08-15 09:00:00,3424.441,3424.836,3412.249,3422.084,136490.0,-0.0008711066122280362,0.0
2025-08-15 10:00:00,3422.899,3424.615,3409.262,3415.198,79311.0,-0.002247014667963608,0.0
2025-08-15 11:00:00,3413.919,3418.84,3408.896,3415.077,48035.0,-0.001094850862806324,0.0
2025-08-15 13:00:00,3419.355,3438.91,3419.118,3430.017,119928.0,-0.005629709706978113,-1.0
2025-08-15 14:00:00,3430.178,3436.968,3415.521,3436.363,116888.0,-0.014346854508676742,-1.0
2025-08-15 15:00:00,3436.519,3437.116,3434.823,3436.165,3740.0,-0.018936517891311958,-1.0
2025-08-15 21:00:00,3439.183,3450.327,3434.151,3442.116,150017.0,-0.020440624313648906,-1.0
2025-08-15 22:00:00,3442.072,3448.656,3439.856,3447.688,52568.0,-0.023312144254352494,-1.0
2025-08-15 23:00:00,3447.519,3448.868,3446.833,3447.925,2226.0,-0.020809037319547277,-1.0
2025-08-18 09:00:00,3445.256,3445.256,3420.526,3436.766,180842.0,-0.01366109883535867,-1.0
2025-08-18 10:00:00,3436.817,3437.117,3419.021,3423.146,97995.0,-0.006741751593417275,-1.0
2025-08-18 11:00:00,3423.03,3425.303,3411.591,3412.975,89094.0,-0.005839773218379871,-1.0
2025-08-18 13:00:00,3412.786,3417.11,3406.536,3411.094,86676.0,-0.004687938825491173,-1.0
2025-08-18 14:00:00,3411.736,3418.443,3402.235,3417.945,150024.0,-0.004211009831931184,-1.0
2025-08-18 15:00:00,3417.484,3419.484,3416.618,3416.675,5050.0,-0.0033163821551655133,-1.0
2025-08-18 21:00:00,3421.865,3434.743,3419.243,3428.623,146460.0,-0.006851146947331402,-1.0
2025-08-18 22:00:00,3428.533,3432.488,3421.875,3422.752,44806.0,-0.01222992492590761,-1.0
2025-08-18 23:00:00,3423.244,3423.518,3421.481,3422.042,1941.0,-0.01379030415173157,-1.0
2025-08-19 09:00:00,3422.35,3431.51,3414.084,3424.29,127389.0,-0.011195021449701992,-1.0
2025-08-19 10:00:00,3424.028,3424.336,3411.065,3413.679,89573.0,-0.009744911574872762,-1.0
2025-08-19 11:00:00,3413.048,3420.117,3410.524,3419.103,62031.0,-0.014371020703383305,-1.0
2025-08-19 13:00:00,3418.728,3420.11,3404.977,3407.524,77830.0,-0.011310852102582378,-1.0
2025-08-19 14:00:00,3407.464,3416.037,3406.517,3411.338,86569.0,-0.018511211729825696,-1.0
2025-08-19 15:00:00,3411.799,3412.233,3409.37,3410.707,3906.0,-0.015824871500248982,-1.0
2025-08-19 21:00:00,3409.221,3415.219,3384.38,3387.062,247688.0,-0.009112322124602393,-1.0
2025-08-19 22:00:00,3387.228,3387.928,3365.121,3371.096,202230.0,-0.005875537214009862,-1.0
2025-08-19 23:00:00,3371.601,3373.827,3370.997,3371.757,2879.0,-0.005641865650460617,-1.0
2025-08-20 09:00:00,3370.12,3378.007,3363.836,3367.315,165081.0,-0.004776505910495404,-1.0
2025-08-20 10:00:00,3367.15,3381.337,3358.903,3376.177,128308.0,-0.005471573320948503,-1.0
2025-08-20 11:00:00,3375.537,3391.876,3374.198,3389.816,84909.0,-0.009947147573791497,-1.0
2025-08-20 13:00:00,3388.542,3401.743,3388.1,3400.068,114398.0,-0.012555631240316386,-1.0
2025-08-20 14:00:00,3400.079,3401.718,3386.067,3393.044,119482.0,-0.004862890077464366,-1.0
2025-08-20 15:00:00,3393.904,3395.753,3392.592,3395.103,4434.0,-0.0008102846953391999,0.0
2025-08-20 21:00:00,3399.94,3407.125,3392.362,3403.552,157414.0,-0.003141717828903513,-1.0
2025-08-20 22:00:00,3403.552,3409.661,3396.357,3405.344,67991.0,-0.008584154787299013,-1.0
2025-08-20 23:00:00,3405.684,3406.67,3404.414,3405.133,1506.0,-0.0019388376313054035,0.0
2025-08-21 09:00:00,3408.154,3408.295,3380.228,3380.892,177888.0,0.002035557480096987,0.0
2025-08-21 10:00:00,3380.746,3385.01,3366.626,3374.851,196388.0,0.0027334540102659077,0.0
2025-08-21 11:00:00,3374.483,3391.857,3372.962,3385.955,118607.0,-0.0003984104927560187,0.0
2025-08-21 13:00:00,3387.481,3389.049,3373.995,3380.413,85231.0,0.0011942327756992437,0.0
2025-08-21 14:00:00,3380.757,3387.08,3368.271,3369.967,133835.0,0.0035923200434899707,1.0
2025-08-21 15:00:00,3370.054,3370.221,3367.243,3368.982,8266.0,0.003697556116357962,1.0
2025-08-21 21:00:00,3366.198,3368.564,3348.178,3348.19,264596.0,0.010052894250326327,1.0
2025-08-21 22:00:00,3348.825,3360.715,3346.872,3356.733,95602.0,0.007365197053206185,1.0
2025-08-21 23:00:00,3356.564,3357.218,3355.279,3356.198,1974.0,0.005585486911082151,1.0
2025-08-22 09:00:00,3358.549,3358.549,3345.597,3351.289,143903.0,0.007486671546381016,1.0
2025-08-22 10:00:00,3351.464,3357.454,3348.32,3352.734,77573.0,0.004666042698287497,1.0
2025-08-22 11:00:00,3352.964,3356.869,3345.377,3351.231,65923.0,0.004084469259206437,1.0
2025-08-22 13:00:00,3350.502,3366.313,3349.988,3357.704,81625.0,0.0015853094852910992,0.0
2025-08-22 14:00:00,3357.801,3358.713,3344.573,3356.097,122983.0,-0.001704360750002236,0.0
2025-08-22 15:00:00,3356.326,3358.081,3355.719,3357.378,8455.0,-0.0015476362804546784,0.0
2025-08-22 21:00:00,3361.199,3389.939,3359.334,3376.544,260868.0,-0.006699157481732769,-1.0
2025-08-22 22:00:00,3375.982,3393.829,3375.614,3392.352,142826.0,-0.013916303496806887,-1.0
2025-08-22 23:00:00,3392.376,3393.357,3391.274,3392.859,4183.0,-0.013052413908152344,-1.0
2025-08-25 09:00:00,3393.236,3401.788,3374.008,3376.112,207072.0,-0.004928746439691536,-1.0
2025-08-25 10:00:00,3376.558,3403.151,3376.114,3398.531,122883.0,-0.01573827044684897,-1.0
2025-08-25 11:00:00,3398.637,3400.502,3382.271,3387.774,64420.0,-0.012513231402094658,-1.0
2025-08-25 13:00:00,3386.984,3388.886,3380.768,3384.076,44632.0,-0.011515107816727476,-1.0
2025-08-25 14:00:00,3383.535,3393.23,3382.2,3384.606,81570.0,-0.012815080987270083,-1.0
2025-08-25 15:00:00,3385.074,3386.019,3383.753,3384.45,4061.0,-0.013028704811712331,-1.0
2025-08-25 21:00:00,3387.336,3395.713,3381.388,3382.073,109024.0,-0.012486720422651957,-1.0
2025-08-25 22:00:00,3382.579,3383.839,3378.28,3381.439,36026.0,-0.01109852935392299,-1.0
2025-08-25 23:00:00,3381.371,3382.867,3380.95,3381.849,2213.0,-0.006405076039764064,-1.0
2025-08-26 09:00:00,3381.9,3383.884,3367.682,3381.456,97774.0,-0.008318605949626405,-1.0
2025-08-26 10:00:00,3381.011,3384.319,3372.399,3374.944,77351.0,-0.0012420946836451234,0.0
2025-08-26 11:00:00,3374.778,3382.76,3371.837,3376.379,56728.0,0.0011906246307064408,0.0
2025-08-26 13:00:00,3375.36,3375.36,3361.79,3368.378,88985.0,0.0030581484619600086,1.0
2025-08-26 14:00:00,3368.473,3374.685,3362.5,3364.919,110145.0,0.0019177281830558106,0.0
2025-08-26 15:00:00,3365.327,3365.795,3362.527,3363.027,4497.0,-0.0004698148424023736,0.0
2025-08-26 21:00:00,3368.024,3368.024,3346.273,3350.377,179185.0,0.0036718255885830565,1.0
2025-08-26 22:00:00,3350.781,3361.055,3349.37,3352.182,65167.0,0.001034848346539672,0.0
2025-08-26 23:00:00,3351.849,3354.044,3351.836,3353.924,1507.0,0.001153872300028233,0.0
2025-08-27 09:00:00,3355.257,3362.515,3345.143,3345.143,107979.0,0.0030031601040672465,1.0
2025-08-27 10:00:00,3345.996,3355.34,3341.644,3348.574,117301.0,0.003580330015104947,1.0
2025-08-27 11:00:00,3348.574,3367.023,3347.78,3359.472,111974.0,-0.00221076407244952,0.0
2025-08-27 13:00:00,3354.228,3358.89,3344.617,3345.044,63635.0,0.0014612662793075128,0.0
2025-08-27 14:00:00,3345.076,3354.296,3340.412,3345.382,138833.0,-0.005247233350331917,-1.0
2025-08-27 15:00:00,3345.358,3345.76,3343.754,3345.108,3906.0,-0.0062404562124750524,-1.0
2025-08-27 21:00:00,3345.853,3347.584,3334.713,3341.232,145451.0,-0.00557069967006177,-1.0
2025-08-27 22:00:00,3341.068,3346.443,3335.221,3340.355,72500.0,-0.009272966496075988,-1.0
2025-08-27 23:00:00,3340.107,3341.114,3339.173,3339.842,1696.0,-0.01202122735147348,-1.0
2025-08-28 09:00:00,3342.452,3349.796,3335.486,3343.91,136164.0,-0.014245299664165533,-1.0
2025-08-28 10:00:00,3344.087,3366.697,3343.282,3360.188,165158.0,-0.016917803408618863,-1.0
2025-08-28 11:00:00,3360.555,3362.067,3351.802,3353.327,65523.0,-0.012223084715567639,-1.0
2025-08-28 13:00:00,3353.73,3373.761,3349.168,3370.752,136326.0,-0.01806392164122431,-1.0
2025-08-28 14:00:00,3371.544,3385.357,3368.95,3380.399,233733.0,-0.020750213214475503,-1.0
2025-08-28 15:00:00,3380.609,3381.321,3378.176,3378.679,3756.0,-0.023476630955471107,-1.0
2025-08-28 21:00:00,3380.719,3388.729,3370.849,3371.372,209172.0,-0.02139633359949592,-1.0
2025-08-28 22:00:00,3370.716,3372.843,3355.893,3361.447,138256.0,-0.016632123011310278,-1.0
2025-08-28 23:00:00,3361.752,3363.673,3359.425,3362.679,4024.0,-0.015533448182238008,-1.0
2025-08-29 09:00:00,3363.145,3363.221,3353.284,3355.651,132615.0,-0.011826617249529136,-1.0
2025-08-29 10:00:00,3355.803,3364.725,3353.979,3357.794,94344.0,-0.014399930430514756,-1.0
2025-08-29 11:00:00,3357.852,3363.321,3353.804,3355.189,55546.0,-0.015059658338174032,-1.0
2025-08-29 13:00:00,3355.644,3361.24,3350.095,3360.563,70083.0,-0.017104276872654974,-1.0
2025-08-29 14:00:00,3360.608,3362.599,3341.438,3352.045,253026.0,-0.008203350492013099,-1.0
2025-08-29 15:00:00,3351.603,3352.542,3349.815,3349.932,4479.0,-0.008386140375386679,-1.0
2025-08-29 21:00:00,3353.075,3353.075,3326.849,3327.828,225752.0,-0.0017437800270927114,0.0
2025-08-29 22:00:00,3328.441,3333.398,3322.698,3324.233,103572.0,-0.00654647252463957,-1.0
2025-08-29 23:00:00,3323.643,3325.109,3322.603,3322.619,3562.0,-0.006065396002370493,-1.0
2025-09-01 09:00:00,3319.369,3320.58,3307.217,3309.38,198962.0,-0.003707340952081729,-1.0
2025-09-01 10:00:00,3309.395,3315.934,3296.597,3299.693,128282.0,0.0024241649147359453,0.0
2025-09-01 11:00:00,3300.041,3302.497,3295.43,3296.275,52447.0,0.0021302834259884066,0.0
2025-09-01 13:00:00,3299.192,3303.853,3292.24,3303.341,60845.0,-1.816342908586956e-05,0.0
2025-09-01 14:00:00,3303.342,3314.611,3300.828,3312.339,124437.0,-0.005164628378918936,-1.0
2025-09-01 15:00:00,3312.339,3312.339,3309.833,3309.863,3056.0,-0.005027398414979675,-1.0
2025-09-01 21:00:00,3309.127,3313.962,3301.231,3310.255,144224.0,-0.005517399716940273,-1.0
2025-09-01 22:00:00,3310.255,3310.651,3298.178,3299.359,48860.0,0.0025808043319929335,0.0
2025-09-01 23:00:00,3299.359,3300.815,3298.979,3299.237,993.0,0.006125658750796029,1.0
2025-09-02 09:00:00,3300.35,3307.119,3292.263,3305.539,90611.0,0.008317251740185166,1.0
2025-09-02 10:00:00,3305.445,3311.301,3300.489,3310.445,56584.0,0.003257568091298798,1.0
2025-09-02 11:00:00,3311.203,3323.296,3309.855,3315.965,96409.0,0.00047557799916457825,0.0
2025-09-02 13:00:00,3316.082,3318.831,3309.257,3309.442,37724.0,0.002827667020603526,0.0
2025-09-02 14:00:00,3309.714,3314.557,3303.819,3304.661,71736.0,0.005024721143863173,1.0
2025-09-02 15:00:00,3305.614,3305.737,3302.512,3303.083,3219.0,0.004372884362881574,1.0
2025-09-02 21:00:00,3304.444,3329.247,3304.444,3324.547,115598.0,-0.0023049756854091733,0.0
2025-09-02 22:00:00,3324.67,3329.144,3316.651,3321.839,53616.0,-0.004846110844023433,-1.0
2025-09-02 23:00:00,3322.509,3322.818,3320.922,3322.025,1393.0,-0.002247123366019264,0.0
2025-09-03 09:00:00,3322.025,3326.446,3299.464,3302.471,109636.0,0.007370844437392516,1.0
2025-09-03 10:00:00,3302.577,3306.878,3296.859,3302.466,57143.0,0.012759858844875353,1.0
2025-09-03 11:00:00,3302.466,3304.805,3295.523,3297.111,32068.0,0.015312496303582161,1.0
2025-09-03 13:00:00,3298.059,3308.61,3295.585,3307.692,55060.0,0.012114489499022253,1.0
2025-09-03 14:00:00,3307.938,3309.827,3299.456,3303.297,72320.0,0.011060162013890927,1.0
2025-09-03 15:00:00,3302.752,3304.744,3302.61,3303.281,2175.0,0.011777986795552649,1.0
2025-09-03 21:00:00,3307.194,3307.416,3291.988,3295.232,108064.0,0.014312801041019332,1.0
2025-09-03 22:00:00,3295.354,3297.59,3288.532,3293.223,59827.0,0.013515938641264186,1.0
2025-09-03 23:00:00,3292.726,3293.644,3291.311,3291.991,1453.0,0.01654864791550161,1.0
2025-09-04 09:00:00,3290.917,3309.029,3288.722,3307.874,104133.0,0.012729928649035719,1.0
2025-09-04 10:00:00,3308.233,3321.117,3302.113,3319.447,84074.0,0.009915808265653876,1.0
2025-09-04 11:00:00,3319.745,3336.623,3314.449,3333.032,131154.0,0.008293949773059417,1.0
2025-09-04 13:00:00,3328.844,3333.211,3311.104,3321.229,111757.0,0.01208889841682103,1.0
2025-09-04 14:00:00,3321.429,3329.627,3315.983,3317.542,100080.0,0.01095570154047786,1.0
2025-09-04 15:00:00,3317.857,3319.396,3317.062,3318.8,2502.0,0.011546643365071685,1.0
2025-09-04 21:00:00,3320.319,3325.224,3313.165,3321.266,92709.0,0.01114574984358375,1.0
2025-09-04 22:00:00,3321.493,3322.062,3311.634,3317.527,52955.0,0.01645743953251924,1.0
2025-09-04 23:00:00,3317.728,3319.276,3316.884,3316.884,1461.0,0.019051615914213463,1.0
2025-09-05 09:00:00,3318.906,3319.012,3304.806,3305.741,110111.0,0.016618966821659684,1.0
2025-09-05 10:00:00,3305.051,3315.601,3303.09,3314.56,77714.0,0.01473347895346593,1.0
2025-09-05 11:00:00,3314.34,3328.24,3310.554,3326.813,55564.0,0.009191379256964541,1.0
2025-09-05 13:00:00,3327.807,3346.909,3327.117,3344.605,148569.0,0.003854864774764144,1.0
2025-09-05 14:00:00,3343.999,3353.201,3342.144,3347.598,201108.0,-0.004669318120037071,-1.0
2025-09-05 15:00:00,3347.194,3348.399,3346.38,3347.763,3116.0,-0.002980199016477529,0.0
2025-09-05 21:00:00,3349.997,3355.951,3338.854,3339.832,121648.0,-0.0005931436072232877,0.0
2025-09-05 22:00:00,3340.412,3343.953,3334.63,3342.187,91362.0,0.0031009635307659425,1.0
2025-09-05 23:00:00,3342.825,3343.039,3340.995,3342.396,2156.0,0.005133742381213851,1.0
2025-09-08 09:00:00,3336.791,3348.331,3330.474,3337.734,180065.0,0.006835475804842463,1.0
2025-09-08 10:00:00,3337.519,3350.097,3334.595,3346.469,73752.0,0.0022650740227983367,0.0
2025-09-08 11:00:00,3346.387,3351.54,3343.646,3349.983,37269.0,7.044811869190868e-05,0.0
2025-09-08 13:00:00,3350.393,3358.485,3345.062,3352.362,69752.0,-0.0001575008904170395,0.0
2025-09-08 14:00:00,3352.557,3361.532,3346.297,3360.676,100497.0,-0.003464183991554028,-1.0
2025-09-08 15:00:00,3359.976,3362.815,3359.957,3361.379,7232.0,-0.0004141157542781773,0.0
2025-09-08 21:00:00,3361.989,3363.616,3351.285,3353.888,87391.0,0.002126785390567683,0.0
2025-09-08 22:00:00,3353.888,3358.463,3351.371,3357.121,31669.0,-0.0008617502913955228,0.0
2025-09-08 23:00:00,3357.105,3358.41,3356.249,3358.284,1453.0,-0.002756467291033177,0.0
2025-09-09 09:00:00,3358.284,3373.16,3346.89,3372.125,143330.0,-0.008710531193238698,-1.0
2025-09-09 10:00:00,3372.923,3381.605,3369.304,3380.076,146855.0,-0.00884122132165076,-1.0
2025-09-09 11:00:00,3379.817,3380.467,3356.108,3360.679,91841.0,-0.004011391745537203,-1.0
2025-09-09 13:00:00,3359.927,3366.288,3355.79,3363.395,71896.0,-0.005613673089244605,-1.0
2025-09-09 14:00:00,3363.273,3368.034,3353.454,3357.391,83229.0,-0.00558618284257035,-1.0
2025-09-09 15:00:00,3357.752,3359.083,3357.044,3357.498,2218.0,-0.006335968033339153,-1.0
2025-09-09 21:00:00,3354.502,3354.502,3325.111,3331.967,192807.0,0.001448093573555746,0.0
2025-09-09 22:00:00,3332.284,3346.105,3329.584,3337.786,70849.0,0.0008841189938480243,0.0
2025-09-09 23:00:00,3337.27,3339.345,3337.02,3337.851,1950.0,0.00330931488553558,1.0
2025-09-10 09:00:00,3336.466,3354.663,3334.008,3352.551,80445.0,0.006196177179705884,1.0
2025-09-10 10:00:00,3351.696,3363.032,3349.276,3359.555,82129.0,0.0004182101498562161,0.0
2025-09-10 11:00:00,3358.837,3363.946,3358.642,3360.549,37674.0,0.003741055404935359,1.0
2025-09-10 13:00:00,3361.336,3363.373,3353.564,3354.049,44700.0,0.005425979167269193,1.0
2025-09-10 14:00:00,3354.102,3358.891,3347.011,3350.219,70541.0,0.005854841131281203,1.0
2025-09-10 15:00:00,3350.339,3352.644,3350.19,3351.834,3513.0,0.0019386401593873824,0.0
2025-09-10 21:00:00,3356.952,3356.952,3344.463,3349.034,88114.0,0.0028330557408493997,0.0
2025-09-10 22:00:00,3349.756,3360.897,3346.997,3359.987,40728.0,0.0017925664593345563,0.0
2025-09-10 23:00:00,3359.979,3361.931,3359.837,3361.021,3934.0,0.00047396312013517534,0.0
2025-09-11 09:00:00,3358.827,3362.706,3351.948,3354.228,89398.0,0.006736274337939997,1.0
2025-09-11 10:00:00,3354.482,3362.437,3345.026,3349.027,89527.0,0.00813519867113639,1.0
2025-09-11 11:00:00,3348.86,3356.364,3341.377,3342.752,46521.0,0.009905610706388054,1.0
2025-09-11 13:00:00,3341.926,3355.36,3340.325,3350.192,79335.0,0.008180426674053293,1.0
2025-09-11 14:00:00,3350.355,3364.153,3341.733,3347.198,177196.0,0.021168153183648016,1.0
2025-09-11 15:00:00,3346.99,3347.098,3342.922,3344.514,4698.0,0.022299204009909937,1.0
2025-09-11 21:00:00,3343.712,3345.144,3324.413,3338.636,194543.0,0.024596571773622563,1.0
2025-09-11 22:00:00,3338.151,3340.002,3330.418,3336.225,74253.0,0.022047973383090242,1.0
2025-09-11 23:00:00,3336.98,3337.19,3335.151,3336.792,1468.0,0.020511317457006614,1.0
2025-09-12 09:00:00,3335.218,3344.029,3333.895,3340.737,80044.0,0.019271496080056544,1.0
2025-09-12 10:00:00,3340.492,3355.1,3338.708,3348.897,95951.0,0.018057885924828432,1.0
2025-09-12 11:00:00,3349.483,3376.269,3346.959,3373.324,191204.0,0.01066840896397732,1.0
2025-09-12 13:00:00,3371.853,3372.591,3359.287,3360.96,90432.0,0.014202787298867028,1.0
2025-09-12 14:00:00,3360.172,3373.488,3349.586,3373.121,164464.0,0.005440955127313863,1.0
2025-09-12 15:00:00,3373.212,3374.598,3371.441,3372.248,8567.0,0.0060105306608528725,1.0
2025-09-12 21:00:00,3365.592,3378.477,3364.418,3369.834,109476.0,0.0069231896882755595,1.0
2025-09-12 22:00:00,3369.241,3371.929,3357.146,3358.332,59886.0,0.007753849232297451,1.0
2025-09-12 23:00:00,3357.795,3359.206,3356.82,3358.522,2310.0,0.008929523165249547,1.0
2025-09-15 09:00:00,3361.354,3369.696,3348.801,3366.01,146496.0,0.0072792415946476546,1.0
2025-09-15 10:00:00,3365.394,3366.883,3354.133,3362.614,66638.0,0.009132181094826847,1.0
2025-09-15 11:00:00,3362.895,3385.001,3362.279,3376.823,131600.0,0.005513466355802463,1.0
2025-09-15 13:00:00,3376.713,3382.7,3372.307,3376.272,66325.0,0.006177523611841692,1.0
2025-09-15 14:00:00,3376.663,3378.711,3363.329,3375.864,105881.0,0.006653704059168257,1.0
2025-09-15 15:00:00,3376.772,3379.1,3375.82,3377.598,4716.0,0.005905972232337853,1.0
2025-09-15 21:00:00,3388.893,3423.131,3386.811,3418.052,326599.0,-0.00613887676372395,-1.0
2025-09-15 22:00:00,3418.022,3421.924,3413.865,3419.094,81366.0,-0.007881327626558415,-1.0
2025-09-15 23:00:00,3419.88,3422.061,3419.094,3420.755,3797.0,-0.01477510081838656,-1.0
2025-09-16 09:00:00,3421.017,3421.285,3406.467,3409.782,131852.0,-0.013445727615431193,-1.0
2025-09-16 10:00:00,3409.625,3421.014,3404.605,3405.234,102968.0,-0.013229340479978756,-1.0
2025-09-16 11:00:00,3405.459,3407.61,3401.672,3405.118,64532.0,-0.012438335470312575,-1.0
2025-09-16 13:00:00,3404.865,3410.411,3401.692,3409.371,36894.0,-0.013677596248692225,-1.0
2025-09-16 14:00:00,3409.419,3412.611,3406.489,3409.312,77960.0,-0.013771400212124916,-1.0
2025-09-16 15:00:00,3408.947,3409.538,3407.104,3408.695,3934.0,-0.014932107448745147,-1.0
2025-09-16 21:00:00,3411.077,3415.578,3391.474,3391.474,152497.0,-0.01014721032801673,-1.0
2025-09-16 22:00:00,3391.499,3396.016,3386.474,3392.517,70876.0,-0.008793765808690016,-1.0
2025-09-16 23:00:00,3391.873,3393.927,3391.587,3393.164,1540.0,-0.007147016766652069,-1.0
2025-09-17 09:00:00,3391.806,3395.276,3378.975,3384.372,149647.0,-0.0042982863585917935,-1.0
2025-09-17 10:00:00,3384.513,3390.08,3376.968,3388.512,92469.0,-0.004379503451662601,-1.0
2025-09-17 11:00:00,3388.58,3393.366,3385.392,3390.512,43761.0,-0.0039350988877196414,-1.0
2025-09-17 13:00:00,3389.515,3396.623,3387.752,3393.322,44136.0,-0.0028452943752464988,0.0
2025-09-17 14:00:00,3392.677,3395.884,3384.974,3395.441,88858.0,-0.000125167835341485,0.0
2025-09-17 15:00:00,3394.678,3397.937,3393.037,3397.129,7981.0,-0.0016190141734388067,0.0
2025-09-17 21:00:00,3400.479,3406.542,3385.037,3398.326,133715.0,-0.00200687044150566,0.0
2025-09-17 22:00:00,3398.075,3400.229,3391.653,3397.546,45814.0,0.00021515529149575074,0.0
2025-09-17 23:00:00,3397.486,3397.969,3396.703,3397.069,1238.0,-0.002365274299697726,0.0
2025-09-18 09:00:00,3394.723,3394.723,3385.223,3392.147,102561.0,-0.0015473975626645296,0.0
2025-09-18 10:00:00,3391.316,3392.747,3365.504,3370.213,172457.0,0.00495458298926503,1.0
2025-09-18 11:00:00,3369.891,3373.43,3359.636,3363.935,77691.0,0.00703194324503898,1.0
2025-09-18 13:00:00,3363.494,3377.601,3359.983,3360.185,90623.0,0.008255200234510908,1.0
2025-09-18 14:00:00,3359.969,3364.571,3353.449,3362.764,173537.0,0.001832123812435264,0.0
2025-09-18 15:00:00,3362.881,3364.989,3361.818,3362.739,5496.0,0.001310241443061727,0.0
2025-09-18 21:00:00,3370.681,3373.169,3357.725,3362.361,116110.0,0.0014579041334348228,0.0
2025-09-18 22:00:00,3362.616,3367.341,3354.175,3357.796,69105.0,0.003573474981803615,1.0
2025-09-18 23:00:00,3357.971,3358.824,3356.423,3357.06,1091.0,-0.0009439807450566475,0.0
2025-09-19 09:00:00,3357.221,3370.486,3357.084,3362.684,89883.0,-0.003559656512476419,-1.0
2025-09-19 10:00:00,3363.413,3374.365,3361.871,3368.913,78296.0,-0.0069847455247434255,-1.0
2025-09-19 11:00:00,3369.213,3375.231,3368.554,3369.825,48665.0,-0.006098833025453749,-1.0
2025-09-19 13:00:00,3369.711,3376.399,3365.919,3373.672,47421.0,-0.0071121318255005644,-1.0
2025-09-19 14:00:00,3374.516,3386.689,3371.983,3377.17,139341.0,-0.0072904236387271275,-1.0
2025-09-19 15:00:00,3376.542,3383.667,3375.883,3383.667,9511.0,-0.009840507354890426,-1.0
2025-09-19 21:00:00,3380.899,3402.634,3379.614,3395.016,172494.0,-0.013477108797130885,-1.0
2025-09-19 22:00:00,3394.714,3398.374,3390.489,3391.629,53436.0,-0.011014471217223338,-1.0
2025-09-19 23:00:00,3392.325,3393.395,3391.506,3391.506,2836.0,-0.009815108686229661,-1.0
2025-09-22 09:00:00,3391.511,3405.229,3381.635,3398.277,198204.0,-0.01172241109244486,-1.0
2025-09-22 10:00:00,3398.38,3401.536,3385.067,3389.034,79923.0,-0.007228313436808334,-1.0
2025-09-22 11:00:00,3389.369,3391.298,3382.077,3386.898,43811.0,-0.006207745258345569,-1.0
2025-09-22 13:00:00,3387.784,3394.486,3385.913,3386.911,39900.0,-0.005851054249727852,-1.0
2025-09-22 14:00:00,3387.647,3396.417,3381.434,3387.59,101606.0,-0.0058191811878061375,-1.0
2025-09-22 15:00:00,3387.622,3388.737,3386.707,3387.924,4028.0,-0.007810682884267767,-1.0
2025-09-22 21:00:00,3385.804,3385.804,3363.235,3368.925,171035.0,-0.0018302574263304072,0.0
2025-09-22 22:00:00,3368.292,3371.174,3360.329,3367.145,61476.0,-0.0032062771279525596,-1.0
2025-09-22 23:00:00,3367.191,3367.48,3366.49,3367.263,1087.0,3.5637251976370676e-06,0.0
2025-09-23 09:00:00,3366.974,3378.257,3364.776,3369.795,94618.0,0.0002614402359787044,0.0
2025-09-23 10:00:00,3368.831,3369.606,3350.15,3353.891,182444.0,0.004123866875816814,1.0
2025-09-23 11:00:00,3354.607,3357.712,3349.159,3350.714,61124.0,0.005459731866103722,1.0
2025-09-23 13:00:00,3351.644,3355.012,3342.569,3345.382,82547.0,0.00697498820762467,1.0
2025-09-23 14:00:00,3344.53,3351.225,3336.899,3349.273,151343.0,0.0008348080314742398,0.0
2025-09-23 15:00:00,3350.129,3351.82,3348.392,3349.678,7762.0,0.0012517621096715002,0.0
2025-09-23 21:00:00,3352.305,3353.846,3341.797,3352.549,110949.0,0.00043936718001734096,0.0
2025-09-23 22:00:00,3352.343,3353.868,3348.522,3350.37,43121.0,-0.003488868393640061,-1.0
2025-09-23 23:00:00,3350.415,3350.585,3348.587,3349.261,1537.0,-0.0009234873006313474,0.0
2025-09-24 09:00:00,3349.165,3357.113,3343.37,3354.272,80272.0,-0.004350273323093685,-1.0
2025-09-24 10:00:00,3354.214,3359.423,3349.569,3358.218,56191.0,-0.004822200345540391,-1.0
2025-09-24 11:00:00,3357.677,3362.462,3354.15,3358.441,43818.0,-0.009077128346158135,-1.0
2025-09-24 13:00:00,3358.574,3370.686,3358.574,3364.537,73274.0,-0.011508864369748276,-1.0
2025-09-24 14:00:00,3364.611,3382.033,3363.858,3365.873,176401.0,-0.013400980963928295,-1.0
2025-09-24 15:00:00,3366.451,3368.431,3365.007,3367.094,3241.0,-0.016695702585077785,-1.0
2025-09-24 21:00:00,3364.448,3369.844,3358.452,3367.877,87999.0,-0.017159177725314778,-1.0
2025-09-24 22:00:00,3367.964,3369.683,3360.375,3361.462,41823.0,-0.014921781058360947,-1.0
2025-09-24 23:00:00,3361.421,3363.17,3361.145,3362.759,1351.0,-0.01661968639441599,-1.0
2025-09-25 09:00:00,3362.172,3362.172,3353.373,3356.349,71105.0,-0.014186844097559576,-1.0
2025-09-25 10:00:00,3356.349,3371.297,3353.546,3367.275,77277.0,-0.015793185884728837,-1.0
2025-09-25 11:00:00,3367.362,3372.338,3366.061,3370.676,38680.0,-0.02069555187149397,-1.0
2025-09-25 13:00:00,3368.377,3371.172,3362.803,3367.722,52504.0,-0.02018842410388982,-1.0
2025-09-25 14:00:00,3367.04,3371.395,3365.999,3369.008,67716.0,-0.01984738534310396,-1.0
2025-09-25 15:00:00,3369.008,3369.939,3367.959,3368.716,2691.0,-0.021329194862374824,-1.0
2025-09-25 21:00:00,3363.764,3369.812,3348.312,3352.069,216639.0,-0.016225501324704274,-1.0
2025-09-25 22:00:00,3352.837,3354.947,3350.307,3353.871,26320.0,-0.020178474365889425,-1.0
2025-09-25 23:00:00,3353.874,3355.068,3352.989,3354.022,1028.0,-0.024049037245432517,-1.0
2025-09-26 09:00:00,3351.508,3353.297,3331.227,3338.681,285940.0,-0.02116194988380149,-1.0
2025-09-26 10:00:00,3339.563,3351.472,3338.025,3346.168,88306.0,-0.023543049840892626,-1.0
2025-09-26 11:00:00,3345.888,3350.379,3338.258,3339.68,52005.0,-0.023314509174531643,-1.0
2025-09-26 13:00:00,3339.982,3348.692,3338.141,3342.024,35451.0,-0.02420299794376094,-1.0
2025-09-26 14:00:00,3342.063,3347.943,3325.095,3327.956,198271.0,-0.01524930017103599,-1.0
2025-09-26 15:00:00,3327.662,3328.349,3324.562,3325.815,6138.0,-0.014401282091758016,-1.0
2025-09-26 21:00:00,3320.742,3327.926,3314.483,3320.767,155654.0,-0.015512380121821231,-1.0
2025-09-26 22:00:00,3320.721,3324.329,3310.129,3310.878,54985.0,-0.009178532099340454,-1.0
2025-09-26 23:00:00,3310.924,3311.433,3308.647,3310.087,5183.0,-0.006444845709493462,-1.0
2025-09-29 09:00:00,3312.736,3323.476,3300.292,3311.303,221884.0,-0.006494422286332634,-1.0
2025-09-29 10:00:00,3310.749,3314.49,3304.636,3306.871,64479.0,-0.0012353067295337605,0.0
2025-09-29 11:00:00,3306.815,3311.635,3304.595,3308.733,33140.0,-0.002948258442128787,0.0
2025-09-29 13:00:00,3309.658,3315.863,3309.658,3314.095,44100.0,-0.00456565065274226,-1.0
2025-09-29 14:00:00,3313.901,3320.797,3299.44,3300.918,135206.0,-0.0029443324553957567,0.0
2025-09-29 15:00:00,3301.488,3302.001,3298.678,3299.733,5780.0,-0.0034696746676170674,-1.0
2025-09-29 21:00:00,3293.421,3309.591,3292.077,3302.142,103815.0,-0.003879300163348501,-1.0
2025-09-29 22:00:00,3303.056,3308.996,3295.857,3296.864,45455.0,-0.0016382234753996039,0.0
2025-09-29 23:00:00,3297.63,3297.722,3295.402,3297.68,1318.0,-0.002993013269935194,0.0
2025-09-30 09:00:00,3299.491,3299.653,3282.219,3286.195,124164.0,0.0009978105377191544,0.0
2025-09-30 10:00:00,3285.505,3288.108,3272.679,3273.361,102869.0,0.0033283832733389264,1.0
2025-09-30 11:00:00,3273.268,3275.841,3267.088,3268.028,49605.0,0.005295548263356385,1.0
2025-09-30 13:00:00,3269.968,3273.87,3263.59,3267.389,72256.0,0.005702106483188827,1.0
2025-09-30 14:00:00,3267.48,3271.637,3258.68,3261.817,173134.0,0.00017076371850406965,0.0
2025-09-30 15:00:00,3261.642,3264.695,3259.977,3261.137,6413.0,0.0004351243140045539,0.0
2025-10-09 09:00:00,3265.454,3282.492,3261.831,3277.207,201442.0,-0.006651090394961327,-1.0
2025-10-09 10:00:00,3278.003,3286.176,3276.269,3277.919,76723.0,-0.004189853379537421,-1.0
2025-10-09 11:00:00,3278.017,3284.17,3267.498,3269.254,43974.0,-0.001064768904465596,0.0
2025-10-09 13:00:00,3271.044,3282.206,3270.248,3280.489,51177.0,-0.004437448197509653,-1.0
2025-10-09 14:00:00,3281.374,3289.551,3281.373,3288.754,82633.0,-0.008563425540493455,-1.0
2025-10-09 15:00:00,3288.644,3290.59,3287.848,3289.798,2592.0,-0.011289750920877095,-1.0
2025-10-09 21:00:00,3295.909,3314.338,3292.216,3302.786,154752.0,-0.015194747706935885,-1.0
2025-10-09 22:00:00,3303.685,3303.685,3295.178,3298.978,43727.0,-0.017840373594488965,-1.0
2025-10-09 23:00:00,3299.833,3299.915,3297.837,3298.964,1284.0,-0.020684069301756515,-1.0
2025-10-10 09:00:00,3298.43,3298.503,3284.137,3291.199,93077.0,-0.018108901953361043,-1.0
2025-10-10 10:00:00,3291.261,3297.09,3286.343,3288.284,62396.0,-0.016839178124517316,-1.0
2025-10-10 11:00:00,3288.284,3290.129,3281.368,3289.332,44897.0,-0.013864517172483659,-1.0
2025-10-10 13:00:00,3288.35,3292.223,3285.649,3291.463,34836.0,-0.014511783969620903,-1.0
2025-10-10 14:00:00,3290.665,3292.506,3280.861,3287.81,92615.0,-0.014361535490189472,-1.0
2025-10-10 15:00:00,3288.636,3289.691,3287.725,3289.474,2729.0,-0.01569673449311349,-1.0
2025-10-10 21:00:00,3285.239,3298.783,3280.553,3284.256,125099.0,-0.013167061276587358,-1.0
2025-10-10 22:00:00,3284.317,3288.155,3283.137,3285.334,42541.0,-0.01285318326842868,-1.0
2025-10-10 23:00:00,3285.286,3286.414,3284.431,3286.02,2012.0,-0.016897340856111675,-1.0
2025-10-13 09:00:00,3271.325,3271.325,3249.654,3262.374,258642.0,-0.014120698607823631,-1.0
2025-10-13 10:00:00,3262.406,3276.193,3258.599,3262.556,87440.0,-0.013520687460996862,-1.0
2025-10-13 11:00:00,3262.555,3266.515,3254.553,3255.41,50006.0,-0.012585204321421819,-1.0
2025-10-13 13:00:00,3258.97,3267.126,3256.526,3264.185,43011.0,-0.014773672448099651,-1.0
2025-10-13 14:00:00,3264.341,3274.508,3261.586,3265.773,78335.0,-0.020010882568996715,-1.0
2025-10-13 15:00:00,3265.796,3266.866,3264.595,3265.932,2687.0,-0.020670363008170354,-1.0
2025-10-13 21:00:00,3271.54,3274.262,3257.893,3260.591,97379.0,-0.019301102162154037,-1.0
2025-10-13 22:00:00,3259.92,3260.717,3247.199,3252.657,110855.0,-0.01263582357438868,-1.0
2025-10-13 23:00:00,3252.48,3253.565,3251.579,3252.601,1521.0,-0.010949698410595163,-1.0
2025-10-14 09:00:00,3252.385,3253.301,3234.143,3240.123,156781.0,-0.012006642957690262,-1.0
2025-10-14 10:00:00,3239.151,3239.948,3229.001,3230.728,87090.0,-0.004032527653210127,-1.0
2025-10-14 11:00:00,3230.791,3233.512,3226.776,3231.599,47707.0,-0.0030888733410302364,-1.0
2025-10-14 13:00:00,3232.02,3239.998,3226.942,3232.912,58674.0,-0.0034823094473341097,-1.0
2025-10-14 14:00:00,3232.094,3245.517,3222.745,3243.727,126390.0,-0.005900928160723784,-1.0
2025-10-14 15:00:00,3243.978,3245.725,3243.698,3243.698,3924.0,-0.005797087151763231,-1.0
2025-10-14 21:00:00,3250.612,3250.612,3234.736,3240.592,81633.0,-0.0049160770624626735,-1.0
2025-10-14 22:00:00,3239.736,3244.555,3235.995,3237.84,35062.0,-0.0019392558001630705,0.0
2025-10-14 23:00:00,3237.776,3241.204,3233.41,3241.012,2072.0,-0.0043338315316327975,-1.0
2025-10-15 09:00:00,3237.814,3251.631,3237.368,3243.107,92043.0,-0.008299756992291626,-1.0
2025-10-15 10:00:00,3244.165,3248.994,3228.644,3230.495,78540.0,-0.005068882632537739,-1.0
2025-10-15 11:00:00,3230.435,3230.572,3214.235,3216.307,140836.0,-0.0012719556932842217,0.0
2025-10-15 13:00:00,3219.881,3222.846,3209.291,3218.444,95814.0,-0.0033885939913821553,-1.0
2025-10-15 14:00:00,3218.511,3224.707,3210.707,3214.44,111088.0,0.006136061024626423,1.0
2025-10-15 15:00:00,3213.671,3216.835,3213.42,3215.961,4056.0,0.004406769858216572,1.0
2025-10-15 21:00:00,3223.007,3223.007,3198.551,3200.422,185052.0,0.009651227244407118,1.0
2025-10-15 22:00:00,3200.422,3205.855,3197.516,3198.424,73204.0,0.010868165071297604,1.0
2025-10-15 23:00:00,3198.459,3198.655,3197.445,3197.658,2265.0,0.007912978811367533,1.0
2025-10-16 09:00:00,3196.133,3218.413,3196.133,3211.557,125052.0,0.0038327203907637937,1.0
2025-10-16 10:00:00,3210.773,3218.644,3209.809,3216.986,60565.0,0.0011883794334200772,0.0
2025-10-16 11:00:00,3217.843,3218.823,3198.34,3201.22,79739.0,0.005953667664203084,1.0
2025-10-16 13:00:00,3199.502,3229.807,3199.434,3217.7,154494.0,0.00020698014109462267,0.0
2025-10-16 14:00:00,3217.554,3228.25,3212.851,3221.617,128678.0,-0.0017851283998067441,0.0
2025-10-16 15:00:00,3221.637,3222.617,3220.695,3221.654,3376.0,-0.000952926664378038,0.0
2025-10-16 21:00:00,3222.736,3238.859,3222.736,3224.586,141640.0,-0.002080267048234914,0.0
2025-10-16 22:00:00,3224.677,3231.619,3221.791,3224.894,59785.0,-0.0013339973344859335,0.0
2025-10-16 23:00:00,3224.767,3225.877,3223.852,3224.661,1311.0,0.0007824078251946913,0.0
2025-10-17 09:00:00,3224.661,3234.977,3216.592,3231.561,110001.0,0.001695465442242871,0.0
2025-10-17 10:00:00,3230.639,3231.491,3219.855,3226.966,56899.0,0.003468273294481568,1.0
2025-10-17 11:00:00,3226.968,3228.828,3214.062,3216.19,59657.0,0.0010689666966193234,0.0
2025-10-17 13:00:00,3216.148,3217.333,3209.169,3214.12,60481.0,0.002525107961121547,0.0
2025-10-17 14:00:00,3215.117,3217.712,3204.274,3212.216,96150.0,0.006014539495476072,1.0
2025-10-17 15:00:00,3211.407,3213.107,3206.536,3207.538,7264.0,0.006252459051147589,1.0
2025-10-17 21:00:00,3210.517,3248.903,3210.517,3234.164,245434.0,-0.0019801098521905493,0.0
2025-10-17 22:00:00,3234.846,3234.923,3224.954,3230.133,60745.0,0.002295880695934244,0.0
2025-10-17 23:00:00,3230.986,3231.455,3230.197,3231.31,2540.0,0.003411928908089936,1.0
2025-10-20 09:00:00,3231.494,3246.724,3231.098,3233.185,139778.0,0.002470010222118399,0.0
2025-10-20 10:00:00,3232.41,3237.947,3221.979,3222.961,67909.0,0.006305692188022232,1.0
2025-10-20 11:00:00,3223.736,3227.802,3222.831,3223.866,27510.0,0.007875327324398758,1.0
2025-10-20 13:00:00,3224.705,3229.811,3216.995,3220.809,39468.0,0.008922602985771534,1.0
2025-10-20 14:00:00,3220.035,3226.775,3214.379,3220.279,71167.0,0.006503784299434912,1.0
2025-10-20 15:00:00,3221.042,3222.054,3217.721,3218.366,3586.0,0.008216591897876114,1.0
2025-10-20 21:00:00,3219.841,3224.522,3208.113,3215.866,131109.0,0.008717403026121145,1.0
2025-10-20 22:00:00,3216.638,3218.743,3211.721,3218.584,44893.0,0.006821322668602212,1.0
2025-10-20 23:00:00,3218.571,3219.502,3217.667,3217.878,2722.0,0.011766449815685935,1.0
2025-10-21 09:00:00,3217.106,3226.488,3214.926,3220.592,67575.0,0.011975127554188798,1.0
2025-10-21 10:00:00,3219.675,3228.088,3215.707,3227.184,52506.0,0.009569643379491163,1.0
2025-10-21 11:00:00,3227.282,3238.153,3227.202,3237.04,80245.0,0.006720337098089583,1.0
2025-10-21 13:00:00,3235.843,3239.797,3232.932,3238.158,61514.0,0.006529020511043711,1.0
2025-10-21 14:00:00,3237.241,3240.095,3218.565,3219.628,103179.0,0.012852416490352193,1.0
2025-10-21 15:00:00,3220.348,3223.912,3219.576,3222.236,4853.0,0.012855048481861673,1.0
2025-10-21 21:00:00,3230.931,3240.545,3222.099,3231.536,128981.0,0.009498269553549755,1.0
2025-10-21 22:00:00,3232.305,3232.305,3224.829,3227.593,33887.0,0.00856489650336961,1.0
2025-10-21 23:00:00,3226.74,3228.878,3226.717,3227.76,1331.0,0.005635177336604905,1.0
2025-10-22 09:00:00,3228.928,3238.402,3225.659,3237.549,74539.0,0.005312660904900534,1.0
2025-10-22 10:00:00,3237.561,3248.019,3236.554,3242.335,106537.0,0.0032516689361216902,1.0
2025-10-22 11:00:00,3242.467,3243.236,3238.265,3241.171,30979.0,0.0036517665991705594,1.0
2025-10-22 13:00:00,3242.035,3245.098,3237.263,3243.284,45380.0,0.0029744542876910976,0.0
2025-10-22 14:00:00,3243.284,3251.842,3239.434,3249.255,96359.0,0.00949940832590855,1.0
2025-10-22 15:00:00,3249.818,3250.061,3247.765,3249.547,6096.0,0.007532126785672007,1.0
2025-10-22 21:00:00,3252.107,3257.073,3241.033,3241.223,113794.0,0.010107604444371759,1.0
2025-10-22 22:00:00,3241.138,3245.968,3239.147,3244.81,49243.0,0.009129039912968663,1.0
2025-10-22 23:00:00,3245.429,3245.566,3242.912,3243.9,1611.0,0.009637165140725582,1.0
2025-10-23 09:00:00,3243.135,3248.807,3239.087,3240.539,58818.0,0.011276827712920493,1.0
2025-10-23 10:00:00,3240.624,3257.001,3238.984,3255.741,87671.0,0.0068242529120098455,1.0
2025-10-23 11:00:00,3255.107,3262.833,3254.796,3259.159,63561.0,0.01247254276333253,1.0
2025-10-23 13:00:00,3259.174,3265.718,3249.264,3258.067,100170.0,0.013317712619169548,1.0
2025-10-23 14:00:00,3257.294,3262.069,3253.647,3258.794,90664.0,0.016513777796325898,1.0
2025-10-23 15:00:00,3259.058,3260.839,3258.071,3259.3,3470.0,0.015355444420581036,1.0
2025-10-23 21:00:00,3263.579,3263.613,3251.114,3261.008,150735.0,0.014608673146462728,1.0
2025-10-23 22:00:00,3260.782,3265.47,3257.55,3263.658,60115.0,0.010938952549562491,1.0
2025-10-23 23:00:00,3263.021,3263.783,3261.468,3262.23,1359.0,0.009531210245752092,1.0
2025-10-24 09:00:00,3262.238,3265.331,3254.476,3255.237,71591.0,0.014366695881129338,1.0
2025-10-24 10:00:00,3255.149,3259.493,3241.118,3245.949,104078.0,0.017878284594120285,1.0
2025-10-24 11:00:00,3245.807,3255.793,3244.867,3254.749,35872.0,0.016944163743502293,1.0
2025-10-24 13:00:00,3254.496,3255.655,3249.935,3252.878,34984.0,0.01675009022779209,1.0
2025-10-24 14:00:00,3252.193,3255.922,3248.178,3253.007,66582.0,0.023021776467127143,1.0
2025-10-24 15:00:00,3252.998,3254.607,3251.935,3252.931,5409.0,0.023118227838217216,1.0
2025-10-24 21:00:00,3260.782,3283.43,3258.702,3280.121,263843.0,0.014910120693718219,1.0
2025-10-24 22:00:00,3279.362,3283.186,3270.472,3274.023,66494.0,0.01618009403110476,1.0
2025-10-24 23:00:00,3273.145,3274.136,3272.003,3273.984,2898.0,0.016143634177809136,1.0
2025-10-27 09:00:00,3282.97,3295.699,3273.267,3274.432,152941.0,0.016415671481344065,1.0
2025-10-27 10:00:00,3274.867,3276.84,3270.358,3275.162,38402.0,0.018483360517739293,1.0
2025-10-27 11:00:00,3275.075,3279.984,3273.181,3277.082,20547.0,0.02139799980592492,1.0
2025-10-27 13:00:00,3276.41,3283.232,3275.102,3277.959,28978.0,0.021074699225951374,1.0
2025-10-27 14:00:00,3277.959,3302.593,3277.959,3299.809,156771.0,0.014212640792239759,1.0
2025-10-27 15:00:00,3299.959,3301.775,3298.827,3301.457,6150.0,0.014434838921118751,1.0
2025-10-27 21:00:00,3302.597,3318.508,3298.56,3312.609,180672.0,0.01162105156388819,1.0
2025-10-27 22:00:00,3312.514,3312.971,3307.489,3309.348,43645.0,0.00883739032582856,1.0
2025-10-27 23:00:00,3308.592,3310.292,3308.342,3308.647,1684.0,0.011760094080752603,1.0
2025-10-28 09:00:00,3309.345,3314.409,3297.423,3299.359,87048.0,0.012201460950445242,1.0
2025-10-28 10:00:00,3299.359,3303.087,3292.326,3293.323,56232.0,0.009257215280736229,1.0
2025-10-28 11:00:00,3294.217,3304.179,3293.469,3302.004,37847.0,0.0051517199858025515,1.0
2025-10-28 13:00:00,3301.673,3305.068,3294.613,3303.981,37358.0,0.0046631624092268375,1.0
2025-10-28 14:00:00,3303.232,3320.746,3303.011,3309.898,159199.0,0.001185837146643107,0.0
2025-10-28 15:00:00,3310.647,3310.793,3307.218,3307.364,3557.0,0.004067892134037916,1.0
2025-10-28 21:00:00,3307.505,3332.622,3304.324,3327.897,228297.0,-0.0026827753382991973,0.0
2025-10-28 22:00:00,3328.637,3332.11,3326.606,3328.133,64561.0,-0.00035244985702187216,0.0
2025-10-28 23:00:00,3327.999,3330.081,3327.985,3329.028,2659.0,0.0005755433718190918,0.0
2025-10-29 09:00:00,3329.616,3330.804,3324.998,3326.997,65721.0,-0.003957623045647446,-1.0
2025-10-29 10:00:00,3327.737,3328.975,3318.514,3326.838,58210.0,-0.005553321201693729,-1.0
2025-10-29 11:00:00,3326.829,3331.971,3324.105,3328.184,42962.0,-0.005204640128069877,-1.0
2025-10-29 13:00:00,3326.385,3336.591,3324.798,3335.698,59000.0,-0.007708431638595502,-1.0
2025-10-29 14:00:00,3334.707,3351.924,3333.863,3347.205,182999.0,-0.016842709066220846,-1.0
2025-10-29 15:00:00,3346.949,3348.686,3345.504,3347.041,6038.0,-0.014780219304155597,-1.0
2025-10-29 21:00:00,3349.854,3354.735,3340.971,3346.708,130424.0,-0.015128896814421831,-1.0
2025-10-29 22:00:00,3347.446,3351.429,3345.597,3349.113,46254.0,-0.011014856769538643,-1.0
2025-10-29 23:00:00,3349.602,3351.843,3348.864,3351.105,2634.0,-0.01682698691924011,-1.0
2025-10-30 09:00:00,3349.536,3350.444,3336.494,3338.594,122892.0,-0.012708643219271372,-1.0
2025-10-30 10:00:00,3338.447,3347.557,3336.599,3347.557,88622.0,-0.015306386119788127,-1.0
2025-10-30 11:00:00,3347.557,3350.431,3338.73,3339.616,56372.0,-0.013531196401023307,-1.0
2025-10-30 13:00:00,3327.981,3331.672,3315.632,3323.81,192143.0,-0.008283867008042008,-1.0
2025-10-30 14:00:00,3323.81,3325.688,3309.09,3319.015,138554.0,-0.007044861201290161,-1.0
2025-10-30 15:00:00,3319.023,3320.77,3317.804,3319.388,3376.0,-0.006247838456968584,-1.0
2025-10-30 21:00:00,3318.406,3324.068,3308.603,3313.823,125702.0,-0.004757646983559495,-1.0
2025-10-30 22:00:00,3313.823,3322.103,3313.088,3320.818,48740.0,-0.009905691910848603,-1.0
2025-10-30 23:00:00,3320.817,3320.817,3318.825,3318.969,2438.0,-0.010036851805485348,-1.0
2025-10-31 09:00:00,3321.757,3328.835,3318.092,3326.96,79325.0,-0.014180212566427049,-1.0
2025-10-31 10:00:00,3326.817,3331.824,3320.692,3330.944,59624.0,-0.01755958671175492,-1.0
2025-10-31 11:00:00,3331.061,3331.061,3313.83,3313.83,59901.0,-0.013795517573321472,-1.0
2025-10-31 13:00:00,3313.971,3317.914,3303.871,3308.363,72496.0,-0.01276824822427277,-1.0
2025-10-31 14:00:00,3309.07,3312.705,3306.233,3310.862,73320.0,-0.017867552317191157,-1.0
2025-10-31 15:00:00,3311.743,3311.858,3308.762,3309.985,3764.0,-0.01843271193071877,-1.0
2025-10-31 21:00:00,3308.719,3312.882,3288.867,3290.829,142198.0,-0.012839317995556728,-1.0
2025-10-31 22:00:00,3290.006,3297.826,3286.704,3297.571,63325.0,-0.014788460961113522,-1.0
2025-10-31 23:00:00,3296.694,3297.544,3294.706,3296.076,2380.0,-0.015244490721694476,-1.0
2025-11-03 09:00:00,3300.944,3320.291,3300.944,3312.223,164770.0,-0.01775363554929728,-1.0
2025-11-03 10:00:00,3312.067,3312.067,3294.716,3294.716,87359.0,-0.01149507271643445,-1.0
2025-11-03 11:00:00,3294.745,3300.301,3291.589,3296.165,41205.0,-0.013570619189269884,-1.0
2025-11-03 13:00:00,3297.568,3300.436,3293.595,3296.318,32577.0,-0.012799129210227913,-1.0
2025-11-03 14:00:00,3297.052,3299.561,3291.847,3294.427,74644.0,-0.010831322108518414,-1.0
2025-11-03 15:00:00,3294.576,3296.565,3293.698,3296.276,3798.0,-0.01095630341634007,-1.0
2025-11-03 21:00:00,3293.913,3298.734,3290.073,3295.633,83411.0,-0.010716909316055508,-1.0
2025-11-03 22:00:00,3295.635,3300.884,3295.03,3298.649,31703.0,-0.013307266095907667,-1.0
2025-11-03 23:00:00,3298.018,3298.891,3297.332,3298.057,958.0,-0.009278190158629736,-1.0
2025-11-04 09:00:00,3296.458,3298.022,3284.189,3287.923,81990.0,-0.005994970076853925,-1.0
2025-11-04 10:00:00,3288.041,3290.642,3282.79,3285.657,48119.0,-0.010404007478565229,-1.0
2025-11-04 11:00:00,3284.932,3286.531,3276.918,3279.783,49759.0,-0.006718432286526229,-1.0
2025-11-04 13:00:00,3279.211,3281.776,3272.186,3272.454,52426.0,-0.004447121334631545,-1.0
2025-11-04 14:00:00,3272.186,3274.894,3262.481,3268.114,122788.0,-0.0026238374793534796,0.0
2025-11-04 15:00:00,3267.385,3268.231,3264.55,3266.121,5672.0,-0.003686330053295626,-1.0
2025-11-04 21:00:00,3265.72,3265.72,3248.284,3251.705,154383.0,0.0008666222796964089,0.0
2025-11-04 22:00:00,3250.862,3254.688,3246.711,3248.973,51506.0,0.001569419013331339,0.0
2025-11-04 23:00:00,3249.295,3249.696,3247.708,3248.577,1502.0,0.001169435109587976,0.0
2025-11-05 09:00:00,3245.807,3252.515,3235.722,3248.805,143130.0,0.0003983002981097123,0.0
2025-11-05 10:00:00,3248.529,3255.52,3243.274,3245.829,57839.0,-0.0025925580183059436,0.0
2025-11-05 11:00:00,3245.111,3257.649,3243.967,3253.419,43977.0,-0.0015147142129556272,0.0
2025-11-05 13:00:00,3256.101,3263.373,3255.974,3256.843,52916.0,-0.0031266474926792583,-1.0
2025-11-05 14:00:00,3257.559,3260.669,3247.601,3251.434,78021.0,-0.004172312893326532,-1.0
2025-11-05 15:00:00,3252.166,3255.273,3251.297,3254.128,4632.0,-0.004863975848522238,-1.0
2025-11-05 21:00:00,3255.254,3261.993,3243.077,3258.744,135210.0,-0.006150836027623011,-1.0
2025-11-05 22:00:00,3258.617,3261.728,3254.897,3260.161,34270.0,-0.007311602095724717,-1.0
2025-11-05 23:00:00,3259.867,3261.592,3259.451,3260.314,1479.0,-0.005224036703213157,-1.0
2025-11-06 09:00:00,3259.298,3259.298,3251.893,3254.753,57417.0,-0.003688144691778565,-1.0
2025-11-06 10:00:00,3254.775,3272.436,3251.773,3267.457,92881.0,-0.005252402709507671,-1.0
2025-11-06 11:00:00,3266.616,3272.734,3266.482,3268.212,33924.0,-0.004209335257321148,-1.0
2025-11-06 13:00:00,3268.239,3271.874,3247.652,3251.473,123558.0,0.0010078509032675478,0.0
2025-11-06 14:00:00,3252.337,3263.992,3252.337,3257.748,93748.0,-0.001911750080116714,0.0
2025-11-06 15:00:00,3256.907,3258.895,3256.907,3257.901,2055.0,-0.0012231802009943435,0.0
2025-11-06 21:00:00,3261.197,3269.444,3257.089,3259.539,111513.0,-0.0018919853390311854,0.0
2025-11-06 22:00:00,3260.241,3261.219,3253.239,3254.081,52117.0,-0.0008331077191994422,0.0
2025-11-06 23:00:00,3253.949,3255.229,3253.09,3254.523,2889.0,-0.0016165195329699519,0.0
2025-11-07 09:00:00,3253.305,3259.182,3244.55,3254.072,99556.0,-0.0010835654527620454,0.0
2025-11-07 10:00:00,3254.207,3257.035,3249.087,3252.376,35135.0,-0.0013974399023975312,0.0
2025-11-07 11:00:00,3252.93,3254.215,3246.412,3250.099,26444.0,-0.001451955771193447,0.0
2025-11-07 13:00:00,3251.227,3251.933,3237.262,3237.414,57488.0,0.0022011395515061554,0.0
2025-11-07 14:00:00,3237.413,3252.892,3235.426,3248.491,94511.0,0.0048142352864761285,1.0
2025-11-07 15:00:00,3248.36,3248.495,3245.8,3246.66,2442.0,0.004854835430873628,1.0
2025-11-07 21:00:00,3248.184,3248.692,3234.471,3237.868,120064.0,0.007699819757939496,1.0
2025-11-07 22:00:00,3237.88,3242.146,3236.324,3238.3,35756.0,0.007450205354661318,1.0
2025-11-07 23:00:00,3238.301,3239.858,3237.58,3238.7,1802.0,0.004649396362738134,1.0
2025-11-10 09:00:00,3239.959,3248.11,3233.172,3236.324,101120.0,0.005743862481012389,1.0
2025-11-10 10:00:00,3235.331,3247.254,3234.47,3243.282,46550.0,0.004156900325041107,1.0
2025-11-10 11:00:00,3242.44,3246.436,3240.159,3242.749,27203.0,0.004979725535340583,1.0
2025-11-10 13:00:00,3245.443,3254.41,3244.741,3250.295,54877.0,0.002338864626133893,0.0
2025-11-10 14:00:00,3250.585,3258.717,3250.155,3254.455,76426.0,-0.00044923036268745126,0.0
2025-11-10 15:00:00,3253.739,3255.732,3253.448,3254.75,3283.0,-0.001147246332283562,0.0
2025-11-10 21:00:00,3256.78,3257.486,3249.832,3251.52,67912.0,0.0005188342682806497,0.0
2025-11-10 22:00:00,3251.52,3254.214,3246.851,3253.916,32136.0,0.0017686381578380186,0.0
2025-11-10 23:00:00,3254.058,3254.211,3251.232,3253.372,1547.0,0.004083762938883122,1.0
2025-11-11 09:00:00,3252.677,3258.032,3250.23,3251.37,46676.0,0.003944798654105815,1.0
2025-11-11 10:00:00,3252.219,3265.009,3248.555,3249.262,96949.0,0.0032068820550634628,1.0
2025-11-11 11:00:00,3248.576,3253.219,3243.59,3250.546,44227.0,0.001983974384611099,0.0
2025-11-11 13:00:00,3250.931,3251.075,3244.862,3247.831,27701.0,0.0026762476249533942,0.0
2025-11-11 14:00:00,3248.527,3251.346,3239.711,3245.38,86839.0,0.004263599331973448,1.0
2025-11-11 15:00:00,3245.235,3245.533,3243.249,3244.54,2167.0,0.002682660716157045,0.0
2025-11-11 21:00:00,3246.767,3271.632,3245.161,3264.13,179842.0,-0.0031297773066636114,-1.0
2025-11-11 22:00:00,3264.973,3267.797,3261.3,3262.422,30798.0,-0.0016521467792946077,0.0
2025-11-11 23:00:00,3261.424,3262.956,3261.275,3262.799,1827.0,-0.004817029795583515,-1.0
2025-11-12 09:00:00,3264.083,3265.242,3256.461,3262.426,56678.0,-0.0034293498151376006,-1.0
2025-11-12 10:00:00,3262.425,3263.421,3252.766,3253.758,42425.0,0.0011617336015770688,0.0
2025-11-12 11:00:00,3253.452,3259.726,3252.766,3254.913,24333.0,0.0011662370084852718,0.0
2025-11-12 13:00:00,3254.449,3263.714,3252.77,3256.764,29385.0,0.00064941764278891,0.0
2025-11-12 14:00:00,3256.069,3264.251,3256.069,3258.897,61416.0,-0.002489799462824395,0.0
2025-11-12 15:00:00,3258.584,3259.047,3257.061,3257.897,2954.0,-0.00040179293574957764,0.0
2025-11-12 21:00:00,3261.243,3261.501,3245.879,3252.993,95950.0,0.0007405487807690043,0.0
2025-11-12 22:00:00,3253.671,3257.509,3248.867,3251.016,31698.0,0.009343540603921896,1.0
2025-11-12 23:00:00,3251.016,3253.521,3251.016,3253.207,1236.0,0.010400506331137255,1.0
2025-11-13 09:00:00,3253.207,3262.34,3248.034,3259.671,56539.0,0.00850177824694584,1.0
2025-11-13 10:00:00,3260.666,3270.48,3258.991,3266.658,66720.0,0.011332377004265592,1.0
2025-11-13 11:00:00,3266.658,3269.501,3262.521,3264.196,28402.0,0.01231390516991019,1.0
2025-11-13 13:00:00,3264.359,3264.829,3255.71,3259.682,45379.0,0.013511440686545535,1.0
2025-11-13 14:00:00,3259.839,3261.831,3250.195,3256.995,74877.0,0.009937687960835122,1.0
2025-11-13 15:00:00,3256.838,3257.987,3255.845,3256.523,2013.0,0.008548995354861517,1.0
2025-11-13 21:00:00,3257.877,3262.341,3252.577,3259.217,84716.0,0.008067275054100454,1.0
2025-11-13 22:00:00,3259.732,3260.563,3252.933,3253.244,28964.0,0.008588350581757795,1.0
2025-11-13 23:00:00,3253.401,3255.066,3252.919,3253.914,1856.0,0.008993784101239268,1.0
2025-11-14 09:00:00,3253.558,3258.697,3246.085,3257.032,83740.0,0.00685777726469982,1.0
2025-11-14 10:00:00,3257.703,3257.703,3245.764,3247.082,50854.0,0.010862676088869925,1.0
2025-11-14 11:00:00,3247.082,3253.712,3246.087,3251.238,24498.0,0.011257250315110849,1.0
2025-11-14 13:00:00,3252.414,3257.697,3249.93,3257.538,29600.0,0.0094120160685769,1.0
2025-11-14 14:00:00,3257.377,3265.352,3253.576,3258.709,89946.0,0.007542250627472406,1.0
2025-11-14 15:00:00,3258.879,3260.383,3258.559,3258.879,2487.0,0.007320615463169995,1.0
2025-11-14 21:00:00,3257.756,3257.756,3247.964,3250.783,88266.0,0.00991730300053865,1.0
2025-11-14 22:00:00,3250.783,3257.575,3248.135,3256.588,33107.0,0.007723113884838929,1.0
2025-11-14 23:00:00,3256.252,3256.904,3254.593,3255.402,1595.0,0.013241989775763538,1.0
2025-11-17 09:00:00,3260.396,3285.878,3259.598,3281.392,243465.0,0.0036094437970227424,1.0
2025-11-17 10:00:00,3282.06,3287.202,3279.255,3287.042,60862.0,0.0017778902733825888,0.0
2025-11-17 11:00:00,3286.878,3291.184,3285.226,3287.384,43962.0,-0.002831126512752933,0.0
2025-11-17 13:00:00,3287.049,3306.664,3286.382,3303.677,131298.0,-0.007719883027305744,-1.0
2025-11-17 14:00:00,3303.008,3308.169,3300.207,3304.391,113439.0,-0.008180932583341348,-1.0
2025-11-17 15:00:00,3303.56,3305.219,3301.9,3303.725,7495.0,-0.008414441274621822,-1.0
2025-11-17 21:00:00,3302.607,3305.321,3287.378,3289.362,124729.0,-0.004326674899266171,-1.0
2025-11-17 22:00:00,3288.528,3289.201,3279.712,3284.363,64327.0,-0.003959062990296658,-1.0
2025-11-17 23:00:00,3284.836,3286.191,3284.022,3285.51,1686.0,-0.008024324990640732,-1.0
2025-11-18 09:00:00,3285.576,3286.347,3275.711,3281.184,74529.0,0.00034408311146217507,0.0
2025-11-18 10:00:00,3281.196,3288.351,3279.201,3283.179,38936.0,-0.0036757057717535994,-1.0
2025-11-18 11:00:00,3282.364,3284.012,3276.224,3279.368,33579.0,-0.0030042374018408005,-1.0
2025-11-18 13:00:00,3278.198,3284.169,3277.204,3282.354,22805.0,-0.004154640236854318,-1.0
2025-11-18 14:00:00,3282.335,3288.198,3280.027,3287.838,58663.0,-0.0012260336427769262,0.0
2025-11-18 15:00:00,3287.204,3289.829,3286.842,3288.198,5650.0,-0.0013399436408634605,0.0
2025-11-18 21:00:00,3287.504,3288.583,3279.306,3283.287,55681.0,0.00017269279231453338,0.0
2025-11-18 22:00:00,3283.287,3286.273,3280.299,3282.736,28762.0,-0.0030389285035408446,-1.0
2025-11-18 23:00:00,3282.382,3283.922,3281.743,3283.022,1518.0,-0.004336248736682202,-1.0
2025-11-19 09:00:00,3282.382,3285.726,3279.946,3281.739,42928.0,-0.002439864961838849,0.0
2025-11-19 10:00:00,3281.1,3299.698,3280.745,3298.51,86438.0,-0.006549017586728649,-1.0
2025-11-19 11:00:00,3299.15,3299.344,3290.731,3293.236,30708.0,-0.006944233574514455,-1.0
2025-11-19 13:00:00,3293.358,3298.7,3291.888,3292.886,36526.0,-0.006424151944525257,-1.0
2025-11-19 14:00:00,3292.363,3295.707,3275.73,3278.077,137742.0,-0.003836395545315141,-1.0
2025-11-19 15:00:00,3279.164,3279.549,3277.531,3278.173,2680.0,-0.0025328132468908394,0.0
2025-11-19 21:00:00,3278.429,3278.957,3271.577,3277.358,99823.0,-0.002246321579760307,0.0
2025-11-19 22:00:00,3276.926,3279.545,3275.562,3275.926,25739.0,0.0018736686970340355,0.0
2025-11-19 23:00:00,3275.926,3276.721,3274.734,3275.13,856.0,0.004906064797427814,1.0
2025-11-20 09:00:00,3275.728,3276.548,3268.739,3271.36,82593.0,0.005908551794972037,1.0
2025-11-20 10:00:00,3270.133,3274.554,3255.968,3259.146,103163.0,0.011831320229287042,1.0
2025-11-20 11:00:00,3259.147,3287.331,3258.946,3282.313,96532.0,0.0028869885352189486,0.0
2025-11-20 13:00:00,3281.986,3284.534,3270.913,3271.111,48816.0,0.007053261109146133,1.0
2025-11-20 14:00:00,3271.57,3273.553,3266.739,3269.516,56597.0,0.006913255662306,1.0
2025-11-20 15:00:00,3269.507,3270.704,3268.708,3268.717,2205.0,0.007779198994590196,1.0
2025-11-20 21:00:00,3275.935,3290.555,3272.416,3283.807,114270.0,0.0031518295685466183,1.0
2025-11-20 22:00:00,3283.807,3285.958,3279.598,3283.792,36695.0,0.006902386022013626,1.0
2025-11-20 23:00:00,3283.578,3285.776,3282.628,3283.854,1481.0,0.007980561864199912,1.0
2025-11-21 09:00:00,3281.859,3281.859,3266.653,3272.76,94429.0,0.011439274496143818,1.0
2025-11-21 10:00:00,3272.352,3273.965,3261.606,3268.786,102675.0,0.01197264060724684,1.0
2025-11-21 11:00:00,3268.342,3274.953,3265.968,3273.732,40338.0,0.009566757449907311,1.0
2025-11-21 13:00:00,3274.116,3277.734,3268.357,3276.908,44534.0,0.00888184837657939,1.0
2025-11-21 14:00:00,3276.12,3277.949,3268.759,3270.367,61221.0,0.009336261037369781,1.0
2025-11-21 15:00:00,3270.359,3271.732,3269.577,3271.732,2408.0,0.007441012894699277,1.0
2025-11-21 21:00:00,3271.505,3272.056,3262.723,3265.501,90535.0,0.009150510136116894,1.0
2025-11-21 22:00:00,3265.495,3273.465,3264.899,3269.87,44012.0,0.007581035331679919,1.0
2025-11-21 23:00:00,3269.643,3271.405,3268.632,3269.996,1335.0,0.008763619282714626,1.0
2025-11-24 09:00:00,3270.298,3286.228,3270.298,3282.064,157524.0,0.00582590711210997,1.0
2025-11-24 10:00:00,3282.237,3294.179,3280.262,3291.198,122425.0,0.00398547884387393,1.0
2025-11-24 11:00:00,3290.426,3296.571,3288.363,3290.689,69419.0,0.0030239867699439304,1.0
2025-11-24 13:00:00,3290.878,3298.703,3290.527,3297.706,92595.0,0.000979468757979037,0.0
2025-11-24 14:00:00,3297.109,3312.871,3290.968,3291.789,218047.0,0.00016191803302092016,0.0
2025-11-24 15:00:00,3292.197,3295.004,3290.98,3294.183,6591.0,-0.0028862998807290944,0.0
2025-11-24 21:00:00,3294.506,3298.372,3289.275,3292.119,128329.0,-0.0022626764099353846,0.0
2025-11-24 22:00:00,3292.846,3296.438,3292.286,3294.145,30379.0,-0.0025263004512552168,0.0
2025-11-24 23:00:00,3294.061,3294.888,3292.899,3294.157,1754.0,-0.0010202913825905478,0.0
2025-11-25 09:00:00,3298.78,3307.45,3293.623,3306.458,121834.0,-0.0043820305595897585,-1.0
2025-11-25 10:00:00,3306.623,3314.339,3303.644,3310.061,120691.0,-0.005675121999262342,-1.0
2025-11-25 11:00:00,3310.057,3313.34,3307.647,3310.198,44579.0,-0.006821646318437652,-1.0
2025-11-25 13:00:00,3310.016,3313.445,3305.809,3307.922,55266.0,-0.006340234140950106,-1.0
2025-11-25 14:00:00,3307.362,3309.616,3300.195,3305.051,118563.0,-0.00720109916609448,-1.0
2025-11-25 15:00:00,3305.216,3306.352,3304.655,3306.013,3473.0,-0.0072791607292530475,-1.0
2025-11-25 21:00:00,3304.237,3306.646,3295.876,3300.9,117423.0,-0.005930503801993402,-1.0
2025-11-25 22:00:00,3300.08,3302.365,3295.553,3296.077,46269.0,-0.004477140552238331,-1.0
2025-11-25 23:00:00,3296.077,3296.374,3294.39,3295.382,3242.0,-0.002612443716692002,0.0
2025-11-26 09:00:00,3297.809,3298.065,3290.845,3294.659,107228.0,-0.0007952264559093644,0.0
2025-11-26 10:00:00,3294.13,3300.631,3293.834,3298.653,56496.0,-0.0017570808448175124,0.0
2025-11-26 11:00:00,3299.116,3303.812,3298.652,3301.185,37331.0,-0.002140443507407129,0.0
2025-11-26 13:00:00,3302.306,3305.14,3296.646,3304.315,45623.0,-0.0029748979743153808,0.0
2025-11-26 14:00:00,3304.312,3306.781,3297.954,3300.64,80023.0,-0.002033545009452709,0.0
2025-11-26 15:00:00,3301.173,3301.641,3299.477,3300.936,2228.0,0.004925875569838301,1.0
2025-11-26 21:00:00,3295.104,3298.477,3288.526,3292.322,141669.0,0.007127492389869488,1.0
2025-11-26 22:00:00,3292.491,3293.501,3281.874,3284.675,85855.0,0.010800459710625756,1.0
2025-11-26 23:00:00,3284.67,3284.994,3283.187,3284.67,1670.0,0.010932605101882336,1.0
2025-11-27 09:00:00,3283.165,3287.322,3277.693,3285.823,106388.0,0.010875814065456457,1.0
2025-11-27 10:00:00,3285.817,3292.952,3284.151,3290.796,72672.0,0.007829108823518725,1.0
2025-11-27 11:00:00,3291.284,3292.296,3288.127,3291.969,37891.0,0.009899546441658455,1.0
2025-11-27 13:00:00,3291.601,3297.882,3289.122,3291.276,58174.0,0.009871551337536031,1.0
2025-11-27 14:00:00,3291.761,3296.267,3285.315,3287.617,103258.0,0.011934176030845341,1.0
2025-11-27 15:00:00,3286.951,3288.61,3286.449,3286.949,2781.0,0.011526494630734982,1.0
2025-11-27 21:00:00,3287.474,3287.863,3278.222,3281.251,133894.0,0.013455233994595242,1.0
2025-11-27 22:00:00,3281.535,3282.76,3277.539,3281.948,55408.0,0.012883202293272214,1.0
2025-11-27 23:00:00,3281.96,3282.947,3280.973,3281.324,1089.0,0.015293826516369532,1.0
2025-11-28 09:00:00,3281.325,3283.603,3277.343,3281.32,107013.0,0.014357027050089498,1.0
2025-11-28 10:00:00,3280.968,3289.146,3280.968,3286.773,61753.0,0.012533265911579522,1.0
2025-11-28 11:00:00,3287.125,3292.95,3286.773,3292.039,59985.0,0.009787854882642565,1.0
2025-11-28 13:00:00,3292.567,3295.774,3289.124,3292.857,47321.0,0.009516659848878948,1.0
2025-11-28 14:00:00,3293.317,3296.474,3291.474,3294.119,94310.0,0.0055923905602681704,1.0
2025-11-28 15:00:00,3294.243,3296.296,3293.596,3294.485,6401.0,0.0066474729737728624,1.0
2025-11-28 21:00:00,3290.87,3294.9,3284.359,3293.928,95636.0,0.006621577642255736,1.0
2025-11-28 22:00:00,3293.93,3317.216,3289.902,3317.196,142884.0,0.002517789120691048,0.0
2025-11-28 23:00:00,3317.203,3317.216,3314.633,3315.788,6556.0,0.0027429377270198818,0.0
2025-12-01 09:00:00,3308.603,3321.56,3304.448,3320.151,235197.0,0.0008240589057546874,0.0
2025-12-01 10:00:00,3320.335,3326.777,3314.009,3320.58,117001.0,0.0011404634130182867,0.0
2025-12-01 11:00:00,3320.97,3325.502,3319.16,3321.559,53215.0,0.0001893689077929687,0.0
2025-12-01 13:00:00,3320.399,3320.796,3312.585,3316.56,47204.0,0.001787695684685363,0.0
2025-12-01 14:00:00,3317.161,3327.128,3316.744,3324.558,82863.0,-0.004434574460725287,-1.0
2025-12-01 15:00:00,3323.553,3325.742,3322.939,3323.766,4133.0,-0.0030630916857564703,-1.0
2025-12-01 21:00:00,3320.574,3328.608,3318.437,3326.852,157343.0,-0.004297756557851018,-1.0
2025-12-01 22:00:00,3327.101,3327.825,3322.673,3324.836,40218.0,-0.0020497251593761616,0.0
2025-12-01 23:00:00,3325.385,3326.815,3324.836,3325.401,1450.0,-0.002940397263367574,0.0
2025-12-02 09:00:00,3323.554,3329.847,3320.671,3324.23,100003.0,-0.0005835937946532143,0.0
2025-12-02 10:00:00,3324.23,3334.708,3322.247,3331.508,77760.0,-0.004269838163378239,-1.0
2025-12-02 11:00:00,3331.517,3335.436,3327.526,3328.43,55265.0,-4.957292176790968e-05,0.0
2025-12-02 13:00:00,3328.44,3330.521,3325.53,3327.967,37868.0,0.00026833198766695377,0.0
2025-12-02 14:00:00,3327.542,3330.335,3322.277,3324.261,72122.0,-5.9862928933699585e-05,0.0
2025-12-02 15:00:00,3324.882,3325.251,3323.264,3324.194,2236.0,0.001969800799833051,0.0
2025-12-02 21:00:00,3324.156,3329.695,3311.564,3312.541,164751.0,0.005223482516895604,1.0
2025-12-02 22:00:00,3312.541,3317.363,3311.564,3316.385,71949.0,0.0014072551890084884,0.0
2025-12-02 23:00:00,3316.554,3316.886,3314.572,3315.739,2190.0,0.0013064960782497898,0.0
2025-12-03 09:00:00,3315.585,3326.868,3313.434,3325.548,88798.0,-0.0022119662684164437,0.0
2025-12-03 10:00:00,3325.871,3327.876,3317.05,3324.883,77943.0,-0.0018087854519992642,0.0
2025-12-03 11:00:00,3325.353,3326.017,3319.549,3322.887,22985.0,-0.0010773763898683229,0.0
2025-12-03 13:00:00,3323.369,3325.335,3321.029,3324.367,39931.0,-0.0020803960573547286,0.0
2025-12-03 14:00:00,3323.897,3325.687,3319.188,3322.188,142508.0,-0.00453797316708146,-1.0
2025-12-03 15:00:00,3322.324,3323.666,3321.845,3322.489,3173.0,-0.0052493778007994185,-1.0
2025-12-03 21:00:00,3321.768,3325.713,3302.966,3309.815,234353.0,-0.002018239690133689,0.0
2025-12-03 22:00:00,3309.98,3314.6,3307.287,3313.585,37822.0,-0.006845757691443013,-1.0
2025-12-03 23:00:00,3314.067,3314.067,3311.855,3312.554,1892.0,-0.007598970462066437,-1.0
2025-12-04 09:00:00,3311.81,3321.968,3311.666,3318.021,76002.0,-0.00989716460504632,-1.0
2025-12-04 10:00:00,3317.906,3318.895,3311.913,3315.623,41216.0,-0.008771503877250243,-1.0
2025-12-04 11:00:00,3316.307,3323.643,3311.685,3322.29,51122.0,-0.0092418181435095,-1.0
2025-12-04 13:00:00,3321.781,3332.999,3316.485,3317.283,105266.0,-0.008057196205448878,-1.0
2025-12-04 14:00:00,3317.536,3328.873,3317.027,3328.265,94291.0,-0.011776406025361475,-1.0
2025-12-04 15:00:00,3327.887,3329.369,3327.283,3328.86,4179.0,-0.014891284103266556,-1.0
2025-12-04 21:00:00,3331.124,3336.794,3321.014,3324.062,114336.0,-0.014287639640897173,-1.0
2025-12-04 22:00:00,3324.483,3330.998,3321.287,3330.742,34303.0,-0.020700492562918508,-1.0
2025-12-04 23:00:00,3330.742,3331.546,3329.287,3329.844,2877.0,-0.021851474123112124,-1.0
2025-12-05 09:00:00,3330.392,3331.041,3318.838,3321.052,77846.0,-0.021725344860604498,-1.0
2025-12-05 10:00:00,3321.528,3323.244,3317.304,3320.071,49601.0,-0.02085919246907669,-1.0
2025-12-05 11:00:00,3320.245,3322.377,3317.115,3318.192,31192.0,-0.018636052404441994,-1.0
2025-12-05 13:00:00,3318.312,3319.035,3314.141,3318.869,36782.0,-0.01962807209323418,-1.0
2025-12-05 14:00:00,3319.436,3322.329,3316.125,3319.307,89159.0,-0.020511811652251383,-1.0
2025-12-05 15:00:00,3319.171,3319.738,3316.957,3317.451,4651.0,-0.018625444656153237,-1.0
2025-12-05 21:00:00,3316.14,3320.744,3299.127,3307.112,164643.0,-0.015420100679989094,-1.0
2025-12-05 22:00:00,3306.927,3310.284,3302.213,3305.048,90370.0,-0.011674868262125025,-1.0
2025-12-05 23:00:00,3305.35,3305.578,3302.907,3303.135,4510.0,-0.005701855964106913,-1.0
2025-12-08 09:00:00,3307.482,3312.227,3286.728,3290.901,191380.0,-0.001920750578640899,0.0
2025-12-08 10:00:00,3290.87,3296.837,3286.187,3287.382,74757.0,0.002702454415093839,0.0
2025-12-08 11:00:00,3287.49,3287.892,3281.001,3285.182,103031.0,-0.0010309931078399054,0.0
2025-12-08 13:00:00,3285.615,3292.052,3285.615,3286.54,57344.0,-0.001483931429405987,0.0
2025-12-08 14:00:00,3286.769,3292.562,3285.327,3291.586,80478.0,-0.005285901689945178,-1.0
2025-12-08 15:00:00,3291.979,3292.553,3289.427,3290.555,3668.0,-0.005041702691491159,-1.0
2025-12-08 21:00:00,3291.721,3295.454,3283.862,3289.07,106399.0,-0.004048256802074767,-1.0
2025-12-08 22:00:00,3288.484,3289.07,3270.385,3279.289,117808.0,-0.0031775180534561217,-1.0
2025-12-08 23:00:00,3278.875,3279.661,3275.11,3276.569,5271.0,-0.0005841476251529451,0.0
2025-12-09 09:00:00,3277.364,3277.482,3258.249,3261.794,205110.0,0.0005729975590120474,0.0
2025-12-09 10:00:00,3262.563,3263.176,3254.15,3257.082,111401.0,-0.003880160217028592,-1.0
2025-12-09 11:00:00,3257.291,3258.481,3248.526,3248.901,102934.0,-0.0019658955443701475,0.0
2025-12-09 13:00:00,3251.686,3254.157,3245.974,3250.817,59973.0,-0.00333239305688388,-1.0
2025-12-09 14:00:00,3250.791,3257.515,3246.152,3256.354,105000.0,-0.0036660633334089747,-1.0
2025-12-09 15:00:00,3256.308,3257.103,3252.988,3253.726,5494.0,-0.004932498925846853,-1.0
2025-12-09 21:00:00,3258.635,3262.774,3249.621,3251.222,135609.0,-0.003966508592769175,-1.0
2025-12-09 22:00:00,3251.251,3257.949,3249.802,3255.662,44460.0,-0.007297440581976818,-1.0
2025-12-09 23:00:00,3254.99,3256.815,3254.634,3256.116,2069.0,-0.003763686551707651,-1.0
2025-12-10 09:00:00,3256.612,3268.377,3253.332,3266.462,100585.0,-0.008801265711953728,-1.0
2025-12-10 10:00:00,3267.065,3284.833,3263.066,3284.301,152493.0,-0.015192578268556974,-1.0
2025-12-10 11:00:00,3284.043,3292.704,3282.692,3284.58,119285.0,-0.015363303679618091,-1.0
2025-12-10 13:00:00,3283.37,3305.178,3282.4,3296.266,146142.0,-0.018902904073882447,-1.0
2025-12-10 14:00:00,3296.254,3301.425,3278.973,3281.795,165223.0,-0.01810838276004439,-1.0
2025-12-10 15:00:00,3281.95,3283.005,3280.627,3281.663,4603.0,-0.01601444145849226,-1.0
2025-12-10 21:00:00,3273.289,3281.961,3268.581,3274.187,139793.0,-0.012895109534061434,-1.0
2025-12-10 22:00:00,3273.892,3277.006,3272.193,3273.965,32710.0,-0.010498279608975689,-1.0
2025-12-10 23:00:00,3273.37,3275.755,3273.22,3275.755,1667.0,-0.011187649870030004,-1.0
2025-12-11 09:00:00,3278.252,3281.385,3260.988,3268.869,130978.0,-0.007050450782824281,-1.0
2025-12-11 10:00:00,3268.245,3283.481,3261.732,3274.655,97034.0,-0.009683462838069975,-1.0
2025-12-11 11:00:00,3274.655,3277.001,3262.559,3263.663,39190.0,-0.008806362666733663,-1.0
2025-12-11 13:00:00,3263.927,3263.939,3242.881,3244.444,186650.0,-0.0031669524886236565,-1.0
2025-12-11 14:00:00,3244.918,3246.349,3238.714,3242.514,172463.0,-0.0030143277715995497,-1.0
2025-12-11 15:00:00,3243.266,3244.845,3239.984,3239.984,8547.0,-0.0034617454901011533,-1.0
2025-12-11 21:00:00,3250.094,3252.787,3237.78,3244.416,161176.0,-0.0040013364500729775,-1.0
2025-12-11 22:00:00,3244.381,3249.192,3236.291,3237.677,84014.0,-0.0019575763734307632,0.0
2025-12-11 23:00:00,3238.145,3239.679,3237.159,3238.326,1741.0,0.006517256137893473,1.0
2025-12-12 09:00:00,3239.574,3242.895,3230.906,3231.904,99044.0,0.0076911319148093415,1.0
2025-12-12 10:00:00,3231.904,3246.948,3228.589,3243.861,109980.0,0.0010173062285961643,0.0
2025-12-12 11:00:00,3244.335,3244.977,3235.102,3237.713,34524.0,0.0024878672075010467,0.0
2025-12-12 13:00:00,3240.407,3242.852,3232.199,3234.404,52556.0,0.0038486224973750542,1.0
2025-12-12 14:00:00,3233.64,3237.152,3227.773,3234.118,85436.0,0.003246325582430898,1.0
2025-12-12 15:00:00,3234.586,3234.948,3232.754,3233.957,3430.0,0.002338930294991648,0.0
2025-12-12 21:00:00,3203.441,3225.519,3196.076,3222.367,348634.0,0.0064049191169099195,1.0
2025-12-12 22:00:00,3222.489,3238.878,3222.029,3229.109,117819.0,0.0033764732005021345,1.0
2025-12-12 23:00:00,3229.903,3232.614,3228.808,3231.966,4216.0,0.005432606654896739,1.0
2025-12-15 09:00:00,3232.747,3242.263,3225.416,3239.594,140613.0,0.0027559008937539345,0.0
2025-12-15 10:00:00,3239.423,3247.121,3233.8,3239.107,78411.0,0.003381178824904588,1.0
2025-12-15 11:00:00,3238.33,3246.806,3238.33,3245.822,41151.0,-0.00014018020704768382,0.0
2025-12-15 13:00:00,3245.809,3247.819,3240.764,3242.945,37779.0,0.0011467971242188969,0.0
2025-12-15 14:00:00,3242.909,3243.564,3229.294,3234.922,111593.0,0.016858829981062855,1.0
2025-12-15 15:00:00,3235.956,3236.09,3232.977,3234.169,2698.0,0.01591042397598899,1.0
2025-12-15 21:00:00,3235.434,3239.176,3227.081,3232.74,73976.0,0.016036551037200673,1.0
2025-12-15 22:00:00,3232.12,3235.027,3228.768,3228.768,30575.0,0.014209754308764243,1.0
2025-12-15 23:00:00,3228.938,3232.532,3228.662,3231.434,1328.0,0.013463372607950481,1.0
2025-12-16 09:00:00,3231.766,3237.117,3227.889,3231.339,66593.0,0.013598078072279031,1.0
2025-12-16 10:00:00,3231.3,3261.983,3230.341,3259.431,161561.0,0.00474469316883841,1.0
2025-12-16 11:00:00,3259.456,3264.646,3255.047,3256.761,87658.0,0.0064186472387749655,1.0
2025-12-16 13:00:00,3257.676,3261.373,3245.324,3247.161,52130.0,0.009591763389619342,1.0
2025-12-16 14:00:00,3246.215,3250.985,3241.139,3245.768,77082.0,0.007258990784307489,1.0
2025-12-16 15:00:00,3245.771,3247.586,3244.656,3246.852,2943.0,0.007411178581592294,1.0
2025-12-16 21:00:00,3245.266,3249.034,3238.234,3244.617,76114.0,0.007846842940168295,1.0
2025-12-16 22:00:00,3244.617,3246.469,3240.495,3241.521,25755.0,0.00944494883728965,1.0
2025-12-16 23:00:00,3242.327,3243.107,3241.282,3243.006,1125.0,0.008276580431858699,1.0
2025-12-17 09:00:00,3244.35,3246.335,3233.479,3240.012,78364.0,0.008366944319959284,1.0
2025-12-17 10:00:00,3239.17,3251.275,3238.608,3249.524,54145.0,0.004403721898961185,1.0
2025-12-17 11:00:00,3249.625,3251.144,3246.347,3248.522,21727.0,0.0062231377838906105,1.0
2025-12-17 13:00:00,3248.347,3253.996,3247.453,3250.059,29865.0,0.00616665728222162,1.0
2025-12-17 14:00:00,3249.726,3252.562,3240.403,3245.367,71569.0,0.0066088057221263,1.0
2025-12-17 15:00:00,3244.722,3247.538,3244.722,3246.664,2850.0,0.006834399863983415,1.0
2025-12-17 21:00:00,3248.858,3293.954,3242.374,3289.459,348112.0,-0.006674653795654446,-1.0
2025-12-17 22:00:00,3290.331,3291.271,3283.163,3285.626,68965.0,-0.0018036136797068155,0.0
2025-12-17 23:00:00,3285.501,3286.358,3283.511,3284.582,2692.0,-0.0023975653523035808,0.0
2025-12-18 09:00:00,3285.929,3286.049,3272.443,3274.648,83649.0,0.001035531147164543,0.0
2025-12-18 10:00:00,3274.928,3279.654,3271.779,3274.94,33980.0,0.001321245580071626,0.0
2025-12-18 11:00:00,3275.614,3278.92,3273.618,3275.279,22124.0,0.001237451832347682,0.0
2025-12-18 13:00:00,3275.354,3278.057,3270.704,3274.896,38718.0,0.0011212569803743463,0.0
2025-12-18 14:00:00,3275.067,3287.003,3274.222,3277.665,109959.0,0.003198008338252985,1.0
2025-12-18 15:00:00,3278.3,3278.535,3276.488,3278.307,2389.0,0.0020876629308969694,0.0
2025-12-18 21:00:00,3276.71,3280.128,3265.652,3269.329,97476.0,0.004901005680370401,1.0
2025-12-18 22:00:00,3269.27,3272.958,3267.162,3270.915,30907.0,0.0028083884784533223,0.0
2025-12-18 23:00:00,3270.33,3271.096,3269.901,3270.077,756.0,0.0023822069021616197,0.0
2025-12-19 09:00:00,3273.299,3277.537,3267.875,3272.137,49886.0,0.0023217243043307024,0.0
2025-12-19 10:00:00,3272.271,3275.085,3267.391,3269.847,35436.0,0.0022355786065831047,0.0
2025-12-19 11:00:00,3269.081,3269.847,3262.918,3267.121,35896.0,0.004940129245289621,1.0
2025-12-19 13:00:00,3267.968,3267.968,3258.157,3263.834,41319.0,0.005474543129338194,1.0
2025-12-19 14:00:00,3263.832,3271.769,3262.807,3268.738,64430.0,0.0005032523255152239,0.0
2025-12-19 15:00:00,3269.645,3271.29,3268.519,3270.101,3148.0,0.0005216964246669067,0.0
2025-12-19 21:00:00,3270.949,3278.773,3256.842,3266.815,108900.0,0.0013187156297494631,0.0
2025-12-19 22:00:00,3266.084,3271.698,3264.289,3268.853,30940.0,0.004002933138932842,1.0
2025-12-19 23:00:00,3269.79,3270.104,3267.326,3267.503,1840.0,0.005139092450718459,1.0
2025-12-22 09:00:00,3269.461,3288.561,3268.105,3279.7,132771.0,0.003514955636186312,1.0
2025-12-22 10:00:00,3279.652,3282.863,3272.962,3276.707,56101.0,0.004114801842215424,1.0
2025-12-22 11:00:00,3276.658,3281.023,3273.964,3278.039,22884.0,0.0025207143661194757,0.0
2025-12-22 13:00:00,3277.991,3280.12,3274.4,3279.267,33046.0,0.002240439708020179,0.0
2025-12-22 14:00:00,3279.138,3282.068,3275.176,3279.332,46331.0,0.0012725152561558967,0.0
2025-12-22 15:00:00,3278.626,3280.153,3278.456,3278.568,2304.0,0.00201154894453914,0.0
2025-12-22 21:00:00,3272.314,3295.734,3272.314,3288.147,141609.0,-0.0011465424143141964,0.0
2025-12-22 22:00:00,3288.147,3290.28,3281.8,3285.151,40896.0,0.0015469608550719085,0.0
2025-12-22 23:00:00,3285.332,3286.19,3285.135,3285.352,1762.0,0.001105513199194504,0.0
2025-12-23 09:00:00,3285.091,3288.129,3275.647,3280.101,73314.0,0.002679490662025273,0.0
2025-12-23 10:00:00,3280.086,3281.098,3273.31,3277.867,40494.0,0.0022728194890152095,0.0
2025-12-23 11:00:00,3277.867,3280.925,3276.236,3279.734,19762.0,0.0008515934523958712,0.0
2025-12-23 13:00:00,3277.805,3279.08,3272.17,3277.157,28754.0,0.0014579710401423527,0.0
2025-12-23 14:00:00,3277.157,3284.132,3276.25,3283.261,46866.0,-0.0020397403678842825,0.0
2025-12-23 15:00:00,3283.248,3284.053,3280.994,3281.702,3129.0,-0.0031227698310206248,-1.0
2025-12-23 21:00:00,3281.194,3282.935,3266.005,3270.383,117625.0,3.608140086356641e-05,0.0
2025-12-23 22:00:00,3270.383,3273.603,3267.703,3271.807,28265.0,-0.004359059076528572,-1.0
2025-12-23 23:00:00,3272.31,3272.54,3270.664,3271.123,1247.0,-0.0025578371709043617,0.0
2025-12-24 09:00:00,3270.259,3282.296,3268.505,3281.938,65158.0,-0.005904438170373772,-1.0
2025-12-24 10:00:00,3281.602,3290.86,3281.602,3284.295,98535.0,-0.0045641454254262285,-1.0
2025-12-24 11:00:00,3284.061,3292.467,3282.611,3291.228,57354.0,-0.0016449787131126176,0.0
2025-12-24 13:00:00,3289.15,3291.104,3284.394,3290.19,44710.0,-0.0016503606174718896,0.0
2025-12-24 14:00:00,3290.19,3291.071,3284.162,3286.302,60450.0,0.002026289732349507,0.0
2025-12-24 15:00:00,3287.204,3287.515,3285.52,3286.614,3176.0,0.001772645038328207,0.0
2025-12-24 21:00:00,3289.653,3292.488,3281.477,3283.505,82190.0,0.003158210509805799,1.0
2025-12-24 22:00:00,3284.219,3289.343,3283.4,3285.163,29088.0,0.0013917117659002357,0.0
2025-12-24 23:00:00,3284.535,3286.329,3283.61,3284.377,1620.0,0.005498150790850135,1.0
2025-12-25 09:00:00,3283.663,3291.157,3282.297,3290.233,80207.0,0.003764778968541047,1.0
2025-12-25 10:00:00,3290.306,3291.798,3287.336,3288.984,32400.0,0.00394620344763011,1.0
2025-12-25 11:00:00,3289.288,3290.382,3286.473,3288.89,18833.0,-0.0005944254748562364,0.0
2025-12-25 13:00:00,3288.806,3290.339,3285.264,3285.317,33533.0,0.000820012193648272,0.0
2025-12-25 14:00:00,3285.454,3288.378,3281.603,3282.527,70211.0,0.0020267921634764294,0.0
2025-12-25 15:00:00,3281.884,3283.719,3281.65,3281.935,3226.0,0.0023836547646433784,0.0
2025-12-25 21:00:00,3282.645,3282.645,3272.716,3276.564,94273.0,0.0040591302352098665,1.0
2025-12-25 22:00:00,3276.584,3277.422,3267.057,3271.454,62302.0,0.005558079068206367,1.0
2025-12-25 23:00:00,3271.423,3272.273,3270.347,3270.501,1938.0,0.007253934488936008,1.0
2025-12-26 09:00:00,3271.222,3271.34,3256.569,3257.545,121773.0,0.010330478934289487,1.0
2025-12-26 10:00:00,3257.739,3264.437,3254.616,3262.756,68336.0,0.006202118699651562,1.0
2025-12-26 11:00:00,3262.836,3270.762,3260.585,3262.56,55261.0,0.006250000000000024,1.0
2025-12-26 13:00:00,3263.022,3270.4,3262.869,3269.305,32203.0,0.003927440235768809,1.0
2025-12-26 14:00:00,3269.534,3289.362,3268.6,3285.814,166186.0,-0.0014005661915129286,0.0
2025-12-26 15:00:00,3285.026,3286.907,3284.511,3284.76,3519.0,-0.0019815755184549293,0.0
2025-12-26 21:00:00,3285.706,3300.81,3281.776,3292.961,168285.0,-0.004031933569817435,-1.0
2025-12-26 22:00:00,3293.019,3294.767,3285.657,3292.44,56621.0,,
2025-12-26 23:00:00,3291.881,3294.608,3291.546,3293.875,1466.0,,
2025-12-29 09:00:00,3293.52,3300.449,3286.908,3289.735,99044.0,,
2025-12-29 10:00:00,3289.471,3309.011,3288.633,3302.435,113772.0,,
2025-12-29 11:00:00,3302.619,3306.302,3300.981,3302.62,39598.0,,
2025-12-29 13:00:00,3301.144,3304.776,3299.167,3301.963,30417.0,,
2025-12-29 14:00:00,3302.614,3302.636,3283.193,3286.935,132186.0,,
2025-12-29 15:00:00,3286.951,3288.96,3285.861,3288.011,3213.0,,
2025-12-29 21:00:00,3285.583,3290.656,3279.136,3289.18,104658.0,,
2025-12-29 22:00:00,3289.286,3293.754,3284.714,3289.758,39427.0,,
2025-12-29 23:00:00,3289.864,3290.612,3288.951,3289.864,532.0,,
2025-12-30 09:00:00,3290.755,3298.276,3288.789,3289.637,68280.0,,
2025-12-30 10:00:00,3290.611,3294.534,3287.557,3294.225,46794.0,,
2025-12-30 11:00:00,3294.322,3296.142,3289.344,3291.197,39259.0,,
2025-12-30 13:00:00,3291.34,3292.216,3279.212,3282.992,62370.0,,
2025-12-30 14:00:00,3282.222,3289.058,3281.247,3282.951,51042.0,,
2025-12-30 15:00:00,3282.224,3283.061,3280.221,3282.145,2440.0,,
2025-12-30 21:00:00,3285.709,3292.055,3280.187,3281.212,72341.0,,
2025-12-30 22:00:00,3281.075,3281.228,3276.182,3278.251,42310.0,,
2025-12-30 23:00:00,3278.883,3279.974,3277.996,3279.684,1553.0,,
